rep,safetta_pooled_auroc,ccd_pooled_auroc,delta_safetta_minus_ccd_pooled_auroc,safetta_pooled_auprc,ccd_pooled_auprc,delta_safetta_minus_ccd_pooled_auprc,safetta_macro2_auroc,ccd_macro2_auroc,delta_safetta_minus_ccd_macro2_auroc,safetta_macro2_auprc,ccd_macro2_auprc,delta_safetta_minus_ccd_macro2_auprc
0,0.6654228375277056,0.6393723245687436,0.02605051295896199,0.6082146717363179,0.4947651780065192,0.11344949372979873,0.6674899180452629,0.6447467328385892,0.022743185206673733,0.6127277736222327,0.5021566478972542,0.11057112572497851
1,0.6622564469186503,0.6525227956147007,0.009733651303949542,0.5986428251082572,0.5042167314353907,0.09442609367286647,0.6630341790816288,0.658683603523613,0.004350575558015768,0.6006928977348678,0.5118248932416398,0.08886800449322796
2,0.6621832705471945,0.6374722130235049,0.024711057523689628,0.6032950357516966,0.5084856703492882,0.09480936540240847,0.6645771478034362,0.6444285726437298,0.020148575159706472,0.608060240369452,0.5175656049271522,0.09049463544229985
3,0.656584294025093,0.6316964315153497,0.024887862509743286,0.6051271545407753,0.506973495006207,0.09815365953456823,0.657653781577406,0.6375033672170467,0.020150414360359248,0.6078298349071176,0.5145294491081935,0.09330038579892408
4,0.686607914724807,0.6376551657739179,0.04895274895088908,0.6243767327622207,0.5005122100912792,0.1238645226709415,0.688201714434178,0.6415371691634709,0.04666454527070707,0.626169371738917,0.5059549612720144,0.12021441046690251
5,0.6536843896592325,0.6528320159595788,0.0008523736996536302,0.6028139125892837,0.529589318340506,0.0732245942487777,0.6546310080467279,0.6549576058922598,-0.0003265978455319063,0.6069288659501328,0.5347588730987544,0.07216999285137848
6,0.6735323979352119,0.6637333560622153,0.009799041872996628,0.6195979297249041,0.5216565638670899,0.09794136585781421,0.676132832537323,0.6695552914244105,0.006577541112912533,0.6245994954601581,0.5294630107645133,0.09513648469564484
7,0.654843047851032,0.6509655832801517,0.003877464570880229,0.6041728845948646,0.5269856778828965,0.0771872067119681,0.6571053694135005,0.6577261842252444,-0.0006208148117439194,0.6077369019060058,0.5344276321516264,0.07330926975437946
8,0.667518401221741,0.6477270149024861,0.019791386319254922,0.608695043950358,0.5174895650380142,0.09120547891234376,0.6693312226167745,0.6520244499375092,0.01730677267926528,0.613086302855469,0.5245072077096015,0.08857909514586748
9,0.6681371728333054,0.6320359502752639,0.03610122255804149,0.6086099091435702,0.4958828115308641,0.11272709761270605,0.670895900412602,0.6372235827010513,0.03367231771155077,0.6141064999696857,0.5029095135911139,0.11119698637857178
10,0.669279325537185,0.6422849972562001,0.026994328280984914,0.6200166560923409,0.5154759840459275,0.10454067204641337,0.6722786171146355,0.6471048738895326,0.025173743225102907,0.6246309333419364,0.5212754562519103,0.10335547709002613
11,0.6713279769633463,0.636780569027589,0.03454740793575739,0.6188103461011297,0.5063283459617155,0.11248200013941423,0.6748692143516911,0.6413334200398596,0.03353579431183151,0.6223119977588102,0.5119388264729783,0.1103731712858319
12,0.6738364762103054,0.6465640649193256,0.027272411290979792,0.611921342179312,0.5141169242611963,0.09780441791811578,0.6776357640555998,0.6515893889593923,0.02604637509620744,0.6165462137062581,0.5214074560030011,0.09513875770325697
13,0.6600124026661818,0.6356147913147667,0.02439761135141505,0.6104310950783872,0.5100248078373761,0.10040628724101108,0.6627752466342844,0.6412996310625183,0.021475615571766138,0.6159324531934361,0.5179114030905899,0.09802105010284623
14,0.6772937079870065,0.6539571819530331,0.023336526033973404,0.6275072736257806,0.5164739733654022,0.11103330026037839,0.6794753390028143,0.6584484387234101,0.021026900279404237,0.6307108293404191,0.5230472762263729,0.10766355311404618
15,0.6672329440906202,0.6519323176921099,0.015300626398510264,0.6132197040585133,0.5206483029067988,0.09257140115171458,0.6684165633750927,0.655933719823255,0.012482843551837708,0.6154602733877157,0.5254598098605789,0.09000046352713675
16,0.6704710426927485,0.6377805100895448,0.03269053260320365,0.6238316677703377,0.5131741050768254,0.11065756269351235,0.6734879103827945,0.6425152547550379,0.03097265562775664,0.6282458067899095,0.5207862556458611,0.10745955114404837
17,0.6755907298170318,0.6499988876640971,0.02559184215293475,0.6202981391191957,0.5159302917126121,0.10436784740658367,0.6769275629610416,0.6537484427108768,0.023179120250164775,0.6235279201031684,0.5213474033477399,0.1021805167554285
18,0.6666265309366988,0.6447430240394978,0.021883506897200977,0.6293236199632071,0.5214103235737609,0.10791329638944613,0.6685404085893293,0.6500389138592133,0.018501494730115975,0.6338080793408363,0.5284648341692805,0.1053432451715558
19,0.679942652377626,0.6437632545414115,0.03617939783621449,0.6219680454830454,0.5020881277245787,0.11987991775846674,0.6829769225911407,0.6491652342656338,0.03381168832550696,0.6261062540478761,0.5082820091075075,0.11782424494036858
20,0.6622444999366313,0.6504116815577673,0.011832818378863963,0.613106513291182,0.525602604590349,0.08750390870083302,0.6647094354485883,0.6559183274419216,0.008791108006666715,0.6182689798240875,0.5346662043569256,0.08360277546716188
21,0.6631266789209503,0.651693340556109,0.011433338364841394,0.5956756716505831,0.5145695799511888,0.08110609169939431,0.663003346233604,0.6575827002610977,0.005420645972506355,0.598267710635781,0.5225298374398265,0.07573787319595449
22,0.6539120667032181,0.6464440879974319,0.0074679787057861935,0.5959807787114402,0.5247838373471873,0.07119694136425292,0.6552555754899027,0.6497125093396852,0.0055430661502174905,0.5978893369986434,0.5301268080355366,0.06776252896310686
23,0.6588282546486973,0.6364931326954957,0.022335121953201642,0.5916058789757719,0.5054077386509268,0.08619814032484507,0.6613578959101591,0.6432091727946552,0.018148723115503973,0.5947331412347936,0.5136534015479284,0.08107973968686522
24,0.6782586786509116,0.6483729558740449,0.02988572277686674,0.6247306398653332,0.5250718546371829,0.0996587852281503,0.6809412014002871,0.6529361198234082,0.028005081576878976,0.6271092967871235,0.5307667749670204,0.09634252182010306
25,0.6605188340797529,0.6390631517644491,0.021455682315303815,0.6156705757837966,0.5104140244832108,0.10525655130058575,0.6621432516746095,0.6430562819129624,0.019086969761647143,0.6194846703080408,0.5162764208054667,0.10320824950257412
26,0.6380443173678702,0.6448773128943504,-0.006832995526480201,0.5859806649896266,0.5277877900325753,0.05819287495705139,0.638681791933151,0.6488335645593379,-0.010151772626186939,0.5894414520582585,0.5361970812444614,0.05324437081379707
27,0.6698303060070788,0.6385088901361597,0.03132141587091908,0.6097201780217452,0.5024084971054428,0.10731168091630239,0.6728201900830623,0.6440958252145932,0.028724364868469077,0.6131451454707185,0.5094504492065908,0.10369469626412775
28,0.6669364836624403,0.6443045128586312,0.022631970803809076,0.6061492896237795,0.5193143446038566,0.08683494501992284,0.6688414934940509,0.649199525352965,0.019641968141085875,0.6106836418789524,0.5252033840466936,0.08548025783225877
29,0.6703404836318254,0.6488988731031312,0.0214416105286942,0.6226961067705918,0.5279002284048562,0.09479587836573566,0.6747266636534102,0.653774317892514,0.020952345760896218,0.6276301447959901,0.5347421277880907,0.09288801700789939
30,0.6546130100603081,0.6542355620703525,0.0003774479899556482,0.6085627469469601,0.5306796394053064,0.07788310754165373,0.6555840671223374,0.6583188621613525,-0.002734795039015081,0.6121378846302123,0.5374047206187194,0.07473316401149299
31,0.6547185845452719,0.6451328999396823,0.009585684605589617,0.6027440360084629,0.5216839920296836,0.0810600439787793,0.6562441994547166,0.6498721531917799,0.006372046262936637,0.6072350683413107,0.5287354087293453,0.07849965961196537
32,0.6502096425543681,0.6468169000989676,0.0033927424554004437,0.6026541474685457,0.5258259931382308,0.07682815433031498,0.6515477886882921,0.6508905861075003,0.0006572025807918269,0.6063985856927679,0.5325524452729973,0.07384614041977067
33,0.6793154289320193,0.6528676550180793,0.026447773913940043,0.6208064807702398,0.5098659996809718,0.11094048108926802,0.6815744530218015,0.6591160191120413,0.02245843390976021,0.6231726427712382,0.5168886912801748,0.1062839514910634
34,0.6684624423251861,0.6343025074376127,0.03415993488757341,0.6146596869945273,0.5081444696047956,0.10651521738973169,0.6714375345977375,0.6391587035091575,0.032278831088579985,0.6192127701526275,0.5165651525714899,0.1026476175811376
35,0.6701466155526783,0.6487846163182991,0.021361999234379203,0.6148120991100475,0.5245585648623629,0.09025353424768467,0.6723124938535201,0.6544524620544917,0.017860031799028397,0.6189520037370833,0.5312955518781985,0.08765645185888471
36,0.6622605262849165,0.6418617553780156,0.020398770906900898,0.6142460248728226,0.5099931911485657,0.10425283372425698,0.663487310071615,0.6467847174948993,0.01670259257671569,0.61632595962659,0.5167235170528147,0.09960244257377526
37,0.6662644647236479,0.6483907466655554,0.017873718058092458,0.6044941007201003,0.5059980543077032,0.09849604641239718,0.6684727900569183,0.6523418482561658,0.016130941800752474,0.6078219604404846,0.5118510292603226,0.09597093118016209
38,0.6751021433633339,0.6523973159762381,0.022704827387095783,0.6129121884024002,0.5189864778846314,0.09392571051776888,0.6773399678190348,0.6572348356726605,0.020105132146374327,0.6172188973587767,0.5264264215252876,0.09079247583348904
39,0.6544824246467519,0.6429353068603325,0.01154711778641937,0.6101344401064727,0.5240802670659648,0.08605417304050789,0.6561617100502564,0.6470234211164447,0.009138288933811634,0.6144504770704149,0.5309512203451929,0.08349925672522196
40,0.6592267027731544,0.6440201186633914,0.015206584109763055,0.6149554656665169,0.5337471786157053,0.08120828705081162,0.663382105691924,0.6501686622555312,0.013213443436392858,0.6187451533214117,0.5417249324942184,0.07702022082719329
41,0.6690559402545602,0.6584986339201665,0.010557306334393668,0.6155357871250567,0.5315586156227123,0.0839771715023444,0.6701620544719871,0.6624569613336865,0.007705093138300589,0.6190467074103871,0.5380730973792637,0.08097361003112347
42,0.6720135200897108,0.6446849132631353,0.027328606826575563,0.6212278362032154,0.5099963835099495,0.11123145269326595,0.6743817420249474,0.6497433439500155,0.024638398074931844,0.6240190061139607,0.5172899081201916,0.10672909799376906
43,0.6739138009455319,0.6505582214064216,0.02335557953911027,0.6033103579634564,0.5049855971622935,0.09832476080116292,0.6754697771558329,0.6544178201973054,0.021051956958527462,0.6056974772991041,0.5112429804451507,0.09445449685395335
44,0.6819226929046842,0.6459243592145282,0.03599833369015604,0.6230709747187666,0.5039905308589576,0.11908044385980898,0.6836007814513787,0.6514212179080647,0.03217956354331397,0.6252736406516395,0.511184187113384,0.1140894535382555
45,0.656298982973161,0.6383074645844045,0.017991518388756567,0.6082159986646118,0.5220032303599484,0.0862127683046634,0.6586957672915728,0.6443143792066148,0.014381388084957925,0.6121896280359473,0.529371458422249,0.08281816961369837
46,0.6705297002785945,0.6465562810357441,0.023973419242850347,0.625414591209432,0.5165688737171128,0.1088457174923192,0.6737558621279014,0.6525994692562238,0.021156392871677587,0.6302965188490806,0.5243002164440064,0.10599630240507418
47,0.6769684765337517,0.6509040794015954,0.026064397132156247,0.6024382833024422,0.503844860443468,0.09859342285897421,0.6791009268576973,0.6543347087766807,0.024766218081016644,0.6068911013518283,0.5102677433411574,0.0966233580106709
48,0.6738086373790022,0.6425179230682265,0.03129071431077568,0.6166563135335503,0.5175606353141575,0.0990956782193928,0.67600603246594,0.6472609024313092,0.02874513003463086,0.6190551245426066,0.5238783676847892,0.09517675685781735
49,0.6729330464516143,0.6358037501762849,0.03712929627532946,0.6189610873261625,0.5072277441059125,0.11173334322024997,0.6757366977910643,0.6415012365778938,0.03423546121317045,0.6232491441868258,0.5139905044611603,0.10925863972566541
50,0.6860061417034591,0.6525617913564438,0.03344435034701532,0.6235164038135321,0.49501511682621235,0.12850128698731977,0.6878593510928361,0.6574011703379208,0.030458180754915354,0.6262205577118862,0.5022140749600137,0.12400648275187254
51,0.6842051265284675,0.6471556155619298,0.037049510966537746,0.6247334548001335,0.5235692121732538,0.10116424262687973,0.6878706780714383,0.6520002862369638,0.03587039183447449,0.6301516492361792,0.5298456399050584,0.10030600933112077
52,0.6568615448873696,0.645413146321045,0.011448398566324625,0.6202743257894706,0.5271377056621153,0.09313662012735535,0.659765709372347,0.6513411655993199,0.008424543773027149,0.6237318329085313,0.5351626137162201,0.0885692191923112
53,0.6838500093872141,0.6630224534088085,0.020827555978405576,0.6370832445690144,0.5389958612230588,0.09808738334595568,0.685838456496521,0.6688689592884162,0.01696949720810481,0.6405198716932805,0.5466245105447971,0.0938953611484834
54,0.68354335669978,0.6375959101656822,0.04594744653409777,0.6271985432307229,0.5005600280153307,0.12663851521539216,0.686022838688716,0.640762339198063,0.04526049949065303,0.6319521198155436,0.5048710802783599,0.12708103953718364
55,0.666530035294267,0.6443820035382184,0.022148031756048625,0.6089482896101869,0.5116224690632973,0.09732582054688954,0.6689667233037835,0.6494514214689389,0.019515301834844623,0.6138680275899445,0.5181674412730877,0.09570058631685685
56,0.6757714628343452,0.6452709994682829,0.03050046336606227,0.6172376012428124,0.5062130305220671,0.11102457072074523,0.6783283638444357,0.6487351429021577,0.02959322094227801,0.6202005637040047,0.5120524716862213,0.10814809201778341
57,0.6610416540764328,0.6514561975819848,0.009585456494447975,0.617236982049707,0.5296612854445385,0.08757569660516851,0.6633376629650771,0.6560906763277112,0.007246986637365893,0.6209794369387125,0.5370531097732556,0.0839263271654569
58,0.6889341663604068,0.6540690187431092,0.03486514761729764,0.6324315597005665,0.5191978008427185,0.11323375885784803,0.6916154248920089,0.6588426568856444,0.03277276800636453,0.6355588964289127,0.5253988326330876,0.1101600637958251
59,0.6701927130329453,0.6372615711954729,0.032931141837472366,0.6118408152993,0.512865945201685,0.09897487009761496,0.6730931111611564,0.6425796332519637,0.030513477909192788,0.6164157661213747,0.5206308543913774,0.09578491172999737
60,0.6638415506033531,0.6427983353186316,0.021043215284721528,0.6022939651212573,0.5132091966966278,0.08908476842462953,0.665652395258272,0.6474660495061846,0.01818634575208744,0.6066355995795282,0.5200418785939287,0.08659372098559948
61,0.6772340178528186,0.6527973609935118,0.024436656859306738,0.6199165813895284,0.5281566284111757,0.09175995297835271,0.6791466404435793,0.6579805462053427,0.021166094238236566,0.6232199055697709,0.5346327495768439,0.08858715599292699
62,0.6590023254314741,0.6361615828069128,0.02284074262456126,0.5869755367121863,0.5011487657757586,0.08582677093642765,0.6617424083217236,0.6413807922067384,0.020361616114985215,0.5921004338079046,0.5084334907613839,0.08366694304652067
63,0.6657953056423858,0.6526340885589341,0.013161217083451637,0.607421683561964,0.5117800472535562,0.09564163630840783,0.6666854681576129,0.6568868698060863,0.009798598351526522,0.611024454571448,0.5184592734527179,0.09256518111873013
64,0.6744352195651827,0.6410730118495186,0.033362207715664116,0.615842003117505,0.5140790392605601,0.10176296385694494,0.6775061916293403,0.6448564340547863,0.03264975757455402,0.6198849035296528,0.5194740129099353,0.10041089061971742
65,0.6643549545222338,0.6270229965119338,0.03733195801029998,0.605328901677846,0.5015854739098373,0.10374342776800871,0.6675162062942271,0.6329077476636832,0.03460845863054396,0.6091823055599274,0.5090813941815574,0.10010091137836996
66,0.6812248543122119,0.6485657709206272,0.03265908339158474,0.60966377812702,0.499590693231023,0.11007308489599699,0.6841127489034289,0.6545110453405718,0.029601703562857073,0.6145080365821947,0.5076586072221085,0.10684942936008612
67,0.6504982207701862,0.6376494498410167,0.012848770929169473,0.6019807565671086,0.5136913371152649,0.08828941945184365,0.6512086144495493,0.6432113871041998,0.007997227345349467,0.6038256191405652,0.5206863999104996,0.08313921923006562
68,0.6655759476994383,0.6500305514029798,0.015545396296458458,0.612891534017971,0.5155649091040182,0.09732662491395283,0.6676923403848045,0.6546925588772416,0.012999781507562869,0.61655990674754,0.5217114083285905,0.09484849841894949
69,0.674479114259988,0.6454753447067186,0.029003769553269332,0.6207881669449691,0.520979232634454,0.09980893431051507,0.6785488600422134,0.6503760900219712,0.02817277002024221,0.6258878112802397,0.5290778537912199,0.09680995748901988
70,0.6623197217789459,0.6448425960922503,0.017477125686695683,0.5922221631794626,0.5056385034808576,0.08658365969860504,0.6641704229966511,0.649928722579699,0.014241700416952052,0.598012779672876,0.5135966626083459,0.08441611706453012
71,0.6719539211080563,0.6333463505539652,0.03860757055409114,0.6129861240354323,0.49333026927866896,0.11965585475676332,0.675006349949801,0.6403845518920754,0.034621798057725583,0.6177474921356726,0.5017187711455615,0.11602872099011108
72,0.6694688504500458,0.6474491168030545,0.02201973364699128,0.6030866944794804,0.5073221612509764,0.09576453322850398,0.6718325866253617,0.6528229443560867,0.01900964226927504,0.608747690298478,0.5155814014923644,0.09316628880611355
73,0.6626269239869681,0.6233668998404387,0.039260024146529404,0.6101543051675474,0.5101337285739675,0.10002057659357988,0.6646443641189763,0.6266882671248243,0.03795609699415203,0.6134881862062846,0.5157491314846304,0.09773905472165423
74,0.6644472939168882,0.6438984661327543,0.020548827784133916,0.6118633561479655,0.5211117444666379,0.09075161168132762,0.6661668093760237,0.6500541152777766,0.016112694098247116,0.6137589122671927,0.5283214030029388,0.08543750926425386
75,0.6774529223316144,0.6339194112361307,0.043533511095483646,0.6197977423774537,0.4984793634295162,0.12131837894793746,0.6799230915679253,0.6380601632046007,0.041862928363324614,0.6224569817599912,0.504261333213186,0.1181956485468052
76,0.6669790346580512,0.6618690062937465,0.005110028364304742,0.609187250577537,0.5231759042871784,0.08601134629035856,0.6698511420569654,0.6678663665374909,0.001984775519474513,0.6139109427124183,0.5311718658528237,0.08273907685959458
77,0.6439601731750014,0.6311908044514636,0.012769368723537844,0.5930289174350037,0.5080684958463904,0.08496042158861339,0.645094371717775,0.6357844137336028,0.009309957984172113,0.5958743297843273,0.5146217560944508,0.08125257368987648
78,0.6589025661685441,0.6415697562168168,0.017332809951727368,0.5949028952845541,0.5003442916520802,0.09455860363247393,0.6610520432792656,0.6454636476907373,0.015588395588528314,0.6004027666837136,0.505715107631517,0.09468765905219667
79,0.6795503903327218,0.6501255925969374,0.029424797735784436,0.612358704483704,0.5088672184400538,0.10349148604365022,0.6824005582417118,0.6552876083057244,0.02711294993598734,0.6167713812707232,0.5153208833861516,0.10145049788457161
80,0.6719485571510551,0.6393186145220948,0.03262994262896024,0.5905242080171763,0.4840235122166191,0.10650069580055721,0.6735764464081591,0.6433959310597805,0.03018051534837851,0.5936851467271864,0.48930867060732514,0.10437647611986128
81,0.6594780802108513,0.6503750551947701,0.009103025016081179,0.6023828813305835,0.5175785040100707,0.08480437732051282,0.6609353697112326,0.6547240626930054,0.006211307018227141,0.6058339321000379,0.524444131607526,0.08138980049251188
82,0.6790905702571748,0.6518027535474855,0.027287816709689272,0.631137885001011,0.5214625485205471,0.1096753364804639,0.6817180166047503,0.6558069298633573,0.025911086741392975,0.6348334057028933,0.5275982118459047,0.10723519385698854
83,0.6594139195320118,0.648182854143913,0.011231065388098815,0.6065434725923792,0.5270866111637528,0.0794568614286264,0.6612248819451453,0.6520889922564991,0.009135889688646204,0.6106056424853359,0.533778980864293,0.0768266616210429
84,0.7056475425982468,0.6515828326602975,0.05406470993794932,0.6541870382352097,0.5018892850050009,0.1522977532302089,0.7097048398744044,0.6551257037163472,0.054579136158057207,0.6584709461009028,0.5072345183808268,0.15123642772007606
85,0.6652611898097269,0.6559358455713067,0.009325344238420241,0.6120542447577411,0.530404886976579,0.08164935778116211,0.6666698721528446,0.6611862668683622,0.005483605284482329,0.6164204550235233,0.5372699808461434,0.07915047417737986
86,0.6818224852222021,0.6359470539152631,0.04587543130693905,0.6278172978244764,0.49211527327044857,0.1357020245540278,0.6840018561217085,0.6405654577787484,0.04343639834296009,0.6321692123090901,0.4981639517520736,0.13400526055701645
87,0.6845535995468549,0.6479126730732226,0.03664092647363226,0.6210223991363677,0.4993435677154632,0.12167883142090452,0.6861376265877732,0.6509819959509479,0.035155630636825363,0.624479006898739,0.5036154262479255,0.12086358065081348
88,0.6636711528217341,0.6653236925390906,-0.0016525397173565715,0.6186058211452443,0.5368560553353906,0.08174976580985371,0.6658922574647325,0.6714396074907802,-0.0055473500260477815,0.6219817754606666,0.5439960942168744,0.07798568124379213
89,0.6668726980241818,0.6220393678378513,0.04483333018633051,0.6170150996309953,0.500197889928631,0.11681720970236431,0.6691518364767246,0.6258857080140056,0.043266128462719045,0.6218792985435027,0.5079876377102688,0.11389166083323388
90,0.6818168342551761,0.6565933367056506,0.025223497549525575,0.6358953992727753,0.5177122844598856,0.11818311481288968,0.6854732306079974,0.6623295831145589,0.023143647493438446,0.6401929946066304,0.5251359377586864,0.11505705684794398
91,0.6720196047907592,0.6444351678067876,0.027584436983971616,0.6096172698734856,0.5047523548256558,0.1048649150478298,0.6747240958169676,0.650107888073401,0.024616207743566543,0.6139796248096334,0.5115342703154333,0.10244535449420011
92,0.6899470788275233,0.655035648968604,0.03491142985891926,0.637837111393463,0.5124051860627545,0.12543192533070846,0.6929634727521341,0.6598669238229841,0.03309654892915004,0.6420349499668301,0.5175497618916906,0.12448518807513953
93,0.6871655012712061,0.6344678974872608,0.05269760378394528,0.6225900674244524,0.4871846189726844,0.13540544845176805,0.6890242015082071,0.6393945650131553,0.04962963649505181,0.6282390962693194,0.4943522497166945,0.1338868465526249
94,0.6657777970008225,0.6596827677810589,0.00609502921976357,0.6104742719500843,0.5266709965195737,0.08380327543051058,0.6668423752988772,0.6647646616499256,0.0020777136489515957,0.6139840168852848,0.5337974231402367,0.08018659374504811
95,0.6842214132780711,0.6475570047203525,0.036664408557718575,0.6265353445331319,0.5117309862974522,0.1148043582356797,0.6866660470212115,0.653344327020766,0.03332172000044553,0.6302915076335971,0.5189985550635352,0.11129295257006189
96,0.6754682839241273,0.6563902530613721,0.01907803086275517,0.6140851375548613,0.5213403559157984,0.09274478163906286,0.6782810756329936,0.66176233935676,0.01651873627623357,0.6186670714722431,0.529246523036541,0.08942054843570213
97,0.6663117328777097,0.6270839725613483,0.03922776031636144,0.611031804400598,0.5094498310014356,0.10158197339916242,0.6695038036703542,0.6318591394218238,0.03764466424853041,0.6155515970848429,0.5155797146517445,0.0999718824330984
98,0.6623435010119851,0.6415789528351405,0.02076454817684459,0.6168510444125586,0.5327053909097205,0.08414565350283809,0.6657568186022981,0.6478167212040179,0.017940097398280175,0.6220316031305203,0.5408305351769815,0.08120106795353876
99,0.6727842015841619,0.6516127129766871,0.021171488607474753,0.6053646026764834,0.5117865930368479,0.09357800963963547,0.6753528104287787,0.6570384788560993,0.018314331572679365,0.6091949107171791,0.5200106456772359,0.08918426503994326
100,0.6730404625210157,0.6459476527227676,0.02709280979824813,0.6079690781165132,0.4985415978394072,0.10942748027710603,0.6746687068250505,0.6515343418703237,0.02313436495472687,0.6103103313985117,0.5052228058145289,0.10508752558398271
101,0.6749506290156697,0.6540880152668771,0.020862613748792613,0.615504829198581,0.5219528707571359,0.09355195844144504,0.6769505284004391,0.6581865235233748,0.01876400487706431,0.6190318983325075,0.5282952683275957,0.09073663000491183
102,0.6741635692157286,0.6358137672833,0.03834980193242865,0.5939632323330856,0.48248919805847623,0.11147403427460933,0.677855318174259,0.643307099278353,0.03454821889590609,0.5998714758365505,0.4934409760980296,0.10643049973852092
103,0.6670470661580241,0.6238619601429907,0.04318510601503345,0.5926508523431884,0.4795145490899024,0.113136303253286,0.6701811370147102,0.6298337815916188,0.04034735542309131,0.5979945623629787,0.4865956671742214,0.11139889518875723
104,0.6745952238550923,0.6597873250403903,0.014807898814702014,0.6317620459096894,0.5352096446989542,0.09655240121073527,0.6769147873457986,0.6638760053460693,0.013038781999729299,0.6346844935133806,0.5405851885053091,0.09409930500807151
105,0.6761404136668233,0.6502708743878389,0.025869539278984388,0.6205676862324534,0.50950807393629,0.11105961229616335,0.6787080913942979,0.6551365613251968,0.023571530069101065,0.6253053966059494,0.5163943401493345,0.10891105645661492
106,0.6882101295395123,0.6582678976881795,0.029942231851332823,0.6364434305540907,0.5201865727574995,0.11625685779659123,0.6919196768526721,0.663481262713423,0.02843841413924908,0.6410154514897274,0.5258394391652712,0.11517601232445618
107,0.6784821134610561,0.6380423578013295,0.040439755659726684,0.6174213513100018,0.500497961182061,0.11692339012794073,0.6803944313755957,0.6420776757485701,0.038316755627025634,0.62003471193282,0.506552057726736,0.11348265420608405
108,0.6954379084155748,0.6499176000931183,0.04552030832245657,0.6424657664536769,0.5084510002357763,0.13401476621790065,0.7000164591993827,0.6543393648225933,0.04567709437678946,0.6468533875072346,0.5157660657386234,0.13108732176861126
109,0.6729373921045614,0.6407239122868321,0.03221347981772926,0.6093149065278621,0.5076739956075185,0.10164091092034366,0.6769631587115619,0.6475275687913816,0.02943558992018025,0.6165212908106379,0.5163973236820181,0.10012396712861982
110,0.6716178395204944,0.6507590376092316,0.02085880191126277,0.6182188007106546,0.5217546663113155,0.0964641343993391,0.6745375788150624,0.6566099097028057,0.017927669112256628,0.6223181291511274,0.5304371150325307,0.09188101411859673
111,0.6806190662399814,0.640103130952804,0.04051593528717734,0.6358163489312235,0.5254131458896024,0.1104032030416211,0.6840504331250293,0.6437612247740071,0.04028920835102223,0.6381842604081936,0.5317080771926015,0.10647618321559216
112,0.6603195479627513,0.6393706430820237,0.020948904880727537,0.608685204058055,0.5028578687714129,0.10582733528664212,0.6617239576412743,0.6445455970104673,0.01717836063080702,0.6133369799511932,0.5099125460042611,0.10342443394693213
113,0.6791570361205724,0.6222812343854243,0.05687580173514817,0.6181881589168552,0.4830811925932088,0.13510696632364638,0.6821858985977287,0.625904368774741,0.05628152982298773,0.6222931328185066,0.48838412612329046,0.13390900669521616
114,0.662266731550143,0.632147088825349,0.03011964272479406,0.610386398238079,0.5074337300043035,0.10295266823377558,0.6659527924760992,0.6375262881021713,0.028426504373927908,0.614927037151053,0.5154931383114737,0.09943389883957932
115,0.6738158759507568,0.642405133096585,0.03141074285417178,0.6038113054252865,0.49882742964625226,0.10498387577903423,0.676366845247085,0.6460862269378421,0.03028061830924289,0.6076628166467308,0.5052078457275728,0.102454970919158
116,0.6710189019948428,0.6457517893761444,0.025267112618698406,0.6151216454016191,0.5159382582154056,0.09918338718621345,0.6728859279681101,0.6503733075040574,0.02251262046405267,0.6197366315069779,0.5226840300730824,0.09705260143389549
117,0.6538102711845534,0.6426213255445765,0.011188945639976855,0.5989619381480786,0.5063270220274781,0.09263491612060049,0.6555615777540115,0.6478261422014195,0.007735435552591929,0.6009369147340644,0.512846968883018,0.08808994585104646
118,0.6654305261603968,0.6534594756980555,0.01197105046234126,0.6120914873317795,0.524379436949359,0.08771205038242058,0.6673764790144086,0.6573397160467526,0.010036762967655988,0.6166176274319917,0.5300223245271289,0.08659530290486273
119,0.6708554519577653,0.6273772242148571,0.043478227742908215,0.6043970623715573,0.48802463728781414,0.11637242508374318,0.6742422472939277,0.630443233273908,0.04379901402001962,0.6091075295708477,0.49312398916855676,0.11598354040229092
120,0.6660289404164945,0.6439219578404449,0.022106982576049594,0.5866213382038935,0.4971224733056421,0.08949886489825143,0.6670303569521085,0.6501900158422911,0.01684034110981747,0.5919425643571558,0.5061452335929487,0.08579733076420704
121,0.6772470257524605,0.6640497009043205,0.013197324848140068,0.6386970702506816,0.5402478254170875,0.09844924483359407,0.6816988308309996,0.670428809094251,0.011270021736748626,0.6441424635042692,0.5479034992922536,0.09623896421201561
122,0.6762870658513929,0.6389543738221823,0.037332692029210524,0.6071584969353709,0.5010899887389337,0.1060685081964372,0.6769816748040696,0.6426540463583643,0.03432762844570525,0.6099307089118542,0.5075257201821932,0.10240498872966097
123,0.6845862903582556,0.6337967706286061,0.05078951972964951,0.6188146693094305,0.48615415729464984,0.13266051201478068,0.6868067344534661,0.6381350941659862,0.048671640287479834,0.6225242366479957,0.49277888993966956,0.12974534670832616
124,0.6684841949754181,0.6490529993541789,0.019431195621239183,0.6143277515188472,0.5241276375194681,0.0902001139993791,0.6706426546698045,0.6538635086324494,0.016779146037355197,0.6174159005934774,0.5314005943908807,0.08601530620259668
125,0.6734315737614492,0.6448830152898182,0.02854855847163107,0.6088806367060784,0.5119753690847672,0.09690526762131124,0.6759400528248118,0.6481947177719005,0.027745335052911324,0.6128394698244635,0.5174917776387017,0.09534769218576178
126,0.680788642927272,0.6400271476235936,0.04076149530367845,0.6368859021000832,0.5224441578189105,0.11444174428117271,0.6842163579903269,0.6450250783740655,0.03919127961626134,0.6403648035758551,0.5297524116549502,0.11061239192090488
127,0.6756488995802751,0.6360611298601994,0.039587769720075716,0.6116418951710322,0.5006191493727735,0.11102274579825866,0.6787425423768443,0.6418891149617421,0.036853427415102225,0.613660523901033,0.507292760664075,0.10636776323695796
128,0.6714604260988493,0.638344745291769,0.03311568080708027,0.6089974128515988,0.49607191604518597,0.11292549680641284,0.6743985934841,0.6426835706662591,0.03171502281784089,0.612971654271054,0.503370649318985,0.10960100495206904
129,0.6707747608803302,0.6540826544545355,0.01669210642579466,0.6195529174535608,0.5203581431085351,0.09919477434502566,0.672552254209383,0.659581501991233,0.012970752218150028,0.6232873768333435,0.5273819303035533,0.09590544652979016
130,0.666354003549941,0.6415503541637564,0.024803649386184623,0.6013318508081167,0.5214896896919989,0.07984216111611775,0.6681771756286327,0.6470447177604353,0.021132457868197396,0.6048312415051534,0.5296097717831579,0.0752214697219955
131,0.674035322513362,0.6379085167211254,0.036126805792236594,0.6146664842573227,0.5049815475061928,0.10968493675112989,0.675767135722674,0.6422790495130084,0.03348808620966559,0.6182160218481674,0.5110957259345752,0.10712029591359218
132,0.654223643431927,0.6434198389827875,0.01080380444913942,0.6080189161949383,0.5276833645893335,0.0803355516056048,0.6551713883330951,0.6460691199418247,0.009102268391270374,0.6103303923728479,0.5314200645504182,0.07891032782242968
133,0.680568689568704,0.6447360740343188,0.035832615534385215,0.6290251498597075,0.5216169335783307,0.10740821628137676,0.6849387977759408,0.6506613604028082,0.0342774373731326,0.6351508010244693,0.528743042885294,0.10640775813917536
134,0.6664392541742705,0.6598463910365596,0.006592863137710903,0.6109743643399224,0.5246650858275643,0.08630927851235803,0.6673153377100117,0.6645341994925573,0.002781138217454404,0.6153408605671025,0.5317708712374634,0.0835699893296391
135,0.6720422994040371,0.6488766925613731,0.023165606842664,0.6234550120734097,0.5311769019981288,0.09227811007528086,0.6755336812416941,0.6529566383330356,0.022577042908658473,0.6278862007513261,0.538387689367551,0.08949851138377507
136,0.6689618189231176,0.634026903313119,0.03493491560999862,0.6088479249577918,0.49896594518329707,0.10988197977449476,0.6724471305758246,0.6380693591864943,0.03437777138933029,0.6127254620068603,0.5047582372316728,0.1079672247751875
137,0.665036301335433,0.6354147880215466,0.029621513313886405,0.6215159355827505,0.5083900309636611,0.11312590461908945,0.6678067216081719,0.642126996695098,0.02567972491307391,0.6244022520692917,0.5159283587322228,0.10847389333706892
138,0.6744301340342682,0.6506910598370028,0.023739074197265397,0.6195842927156905,0.5141065048188452,0.10547778789684525,0.6766821908989409,0.6543358002764803,0.022346390622460577,0.6238081179252573,0.5198867309932852,0.10392138693197206
139,0.6643979354270093,0.6223845852091143,0.042013350217894985,0.6108569101599011,0.5075792196401563,0.10327769051974478,0.666235449015607,0.6262585545621644,0.03997689445344266,0.6143790601741344,0.5138206870837864,0.10055837309034799
140,0.665715105768364,0.6493115986708898,0.01640350709747418,0.5964971556778784,0.5114225214742996,0.08507463420357886,0.6661873278957878,0.6534165038418986,0.012770824053889185,0.5982027619850094,0.5174167695075871,0.08078599247742235
141,0.6701965518748362,0.6562763629318741,0.013920188942962097,0.6156183693344901,0.5335891539299497,0.08202921540454045,0.6726435418854755,0.6613329123775968,0.011310629507878645,0.6197254192363442,0.5418633137374884,0.07786210549885575
142,0.6813154172678517,0.643838894076549,0.03747652319130268,0.615228723103989,0.498987512367576,0.11624121073641303,0.6833827998929509,0.6485559200771808,0.03482687981577015,0.6188529107986129,0.5054428894511782,0.11341002134743472
143,0.6763355461141486,0.6520465531427515,0.024288992971397083,0.6328517044311563,0.5244134854790069,0.10843821895214945,0.678689261940228,0.6572998811588199,0.021389380781408174,0.6364427789927418,0.5329820794537443,0.1034606995389975
144,0.6721019961628871,0.640084145353174,0.03201785080971309,0.6125312197469897,0.5085958302738176,0.10393538947317205,0.6732496965232594,0.6449945560294412,0.028255140493818165,0.6156965850906286,0.5158641297628105,0.09983245532781815
145,0.6633259360185997,0.6511722514531753,0.012153684565424427,0.6164204043591109,0.5293981055410429,0.087022298818068,0.6649896353881348,0.6563904699529475,0.00859916543518735,0.6187212619380479,0.5371957355785223,0.08152552635952559
146,0.6686169113638819,0.6423589272901438,0.02625798407373814,0.6223360662123292,0.5266106427872755,0.09572542342505364,0.6706491233106924,0.6463162162507978,0.02433290705989455,0.6256486547719043,0.5332226534376865,0.09242600133421786
147,0.6510802285005137,0.6459273349189499,0.005152893581563789,0.5833297272900139,0.5119461613478682,0.07138356594214568,0.6525059901840615,0.6509286225486097,0.0015773676354517985,0.5880980614569364,0.5188363782418932,0.06926168321504322
148,0.6624675933156333,0.6365854384663439,0.025882154849289463,0.6046006226971862,0.5118794662313644,0.0927211564658218,0.6646365450068081,0.6409511338233762,0.023685411183431926,0.6078761175951289,0.5175355845709195,0.09034053302420941
149,0.6543874711140525,0.6381851612169227,0.016202309897129785,0.602725278092167,0.5083356734487638,0.09438960464340318,0.6556353025120307,0.6430574981007586,0.012577804411272098,0.6050804734579003,0.5148904556852805,0.09019001777261981
150,0.6470525596794856,0.6470524372261177,1.224533678900741e-07,0.592202455212536,0.521423930889928,0.070778524322608,0.6487326701565621,0.6513622088783037,-0.0026295387217415422,0.5962960464952614,0.5282402132251389,0.06805583327012243
151,0.6596673679909328,0.6391857229758633,0.02048164501506955,0.6217207936933682,0.5227205076165365,0.09900028607683165,0.6623072374916052,0.6449861417526921,0.01732109573891316,0.6252344739050403,0.5305977446746571,0.09463672923038313
152,0.669321219619925,0.6460179472950025,0.023303272324922464,0.6125538050547574,0.5123200275525116,0.10023377750224582,0.6711271053892478,0.6508035594435178,0.020323545945730048,0.6161987521330595,0.5190913903372073,0.09710736179585222
153,0.6789748271432625,0.6504954787563482,0.02847934838691435,0.6277041854572992,0.5242736728098603,0.10343051264743897,0.6815491649869037,0.6565127604391712,0.025036404547732483,0.6309724305707448,0.5316632482217978,0.09930918234894703
154,0.6631187291507005,0.6533739780108203,0.009744751139880159,0.617425832668857,0.5389790276400613,0.07844680502879564,0.6650442190394942,0.6583348967121655,0.006709322327328682,0.6216294786145691,0.547269776973606,0.07435970164096306
155,0.6650724238122612,0.6515628116237874,0.013509612188473796,0.6093912409963425,0.5235356748202545,0.08585556617608792,0.6678330618468978,0.6563391136323533,0.011493948214544525,0.6147799913200418,0.5310464066795724,0.08373358464046943
156,0.6499407152081593,0.6419987646415103,0.007941950566649036,0.59728078565275,0.5305539389298526,0.06672684672289741,0.6513178844976772,0.6479632951444956,0.0033545893531816695,0.5990490412800711,0.539201559882073,0.059847481397998115
157,0.6727615556115216,0.6414061982824047,0.03135535732911687,0.61957349251539,0.5153948611780701,0.10417863133731986,0.6755153114309397,0.6469028102747634,0.028612501156176307,0.6236419479545123,0.522790119790921,0.10085182816359128
158,0.6698596927320508,0.6593813677175091,0.010478325014541712,0.6142971238811765,0.5276919915623343,0.08660513231884226,0.6720215548221302,0.6658108066554149,0.006210748166715296,0.6172326709151199,0.5359590740237463,0.08127359689137359
159,0.6559674789405329,0.6349166750927442,0.02105080384778868,0.5991555612287861,0.507614370314819,0.09154119091396706,0.6565037264549192,0.6385963987904627,0.017907327664456463,0.6024892615022927,0.5132434855701186,0.08924577593217409
160,0.6764711896811006,0.652773747195579,0.023697442485521636,0.6214888253962337,0.5212841054653661,0.10020471993086766,0.6791491737112886,0.658386099847033,0.020763073864255577,0.6247135809826565,0.5290271956529936,0.09568638532966289
161,0.6719660966043604,0.6525588514736426,0.019407245130717787,0.6027407475437228,0.5123043674332781,0.09043638011044464,0.6738365538268052,0.6583979377697469,0.015438616057058319,0.6048497106266644,0.5197204775030945,0.0851292331235699
162,0.6628061687122899,0.638581634102033,0.024224534610256976,0.6158681039360562,0.5093116480441982,0.10655645589185803,0.6648208245151441,0.6458251741513796,0.018995650363764494,0.6200759083489805,0.5182263927966506,0.1018495155523299
163,0.6738056459894302,0.6363880107910306,0.03741763519839958,0.6214361330642411,0.5122394254738825,0.1091967075903586,0.6763357276289832,0.6427277541294841,0.033607973499499066,0.6252270999976984,0.5204514035237056,0.10477569647399287
164,0.6441501148469646,0.6437618115445076,0.00038830330245698264,0.5895030125958617,0.5181555526038657,0.07134745999199599,0.6456663960874126,0.6485793217738987,-0.0029129256864860453,0.5945388480720659,0.5256273303293922,0.06891151774267368
165,0.6770231945611704,0.642383847186386,0.03463934737478447,0.6148663050352576,0.5092200616934143,0.10564624334184336,0.6798429852905896,0.6471494979391392,0.03269348735145039,0.6194238327273931,0.5156140543812899,0.10380977834610317
166,0.6737052460417383,0.646519066997451,0.02718617904428733,0.6217878742155101,0.5136739073440717,0.10811396687143837,0.6759231730235158,0.6513330919769568,0.02459008104655902,0.6255028044576187,0.5197576915513458,0.10574511290627298
167,0.6629777804284305,0.6534129442209629,0.00956483620746762,0.6252305988305782,0.5325924220758955,0.09263817675468267,0.6659514673005202,0.6579101229424972,0.008041344358023061,0.6290194638398683,0.5390150566846617,0.09000440715520663
168,0.6727943932531626,0.6387051723801344,0.034089220873028236,0.6079572865643401,0.5062016680040302,0.1017556185603099,0.6748294880993853,0.6444515226223955,0.030377965476989788,0.6120445510246884,0.5141538828437802,0.09789066818090819
169,0.6759554358549917,0.6390515265285763,0.03690390932641541,0.6116161457096165,0.5036800003036689,0.10793614540594765,0.678838433093944,0.6451756004358093,0.033662832658134634,0.6165619894796426,0.5115574761875441,0.10500451329209848
170,0.6862407637485024,0.6462986555667865,0.03994210818171595,0.6373592590653083,0.5141446041401962,0.12321465492511208,0.6891681065507878,0.6510977443284698,0.038070362222317966,0.6416828079021297,0.5199150268050735,0.12176778109705622
171,0.6487619353156396,0.6458070752060276,0.0029548601096119897,0.6141624108093975,0.5419477052080399,0.07221470560135757,0.6505929317861556,0.6517427664323154,-0.0011498346461598086,0.616667993121812,0.5496908150653859,0.06697717805642611
172,0.6882621071714167,0.6463135544784516,0.041948552692965047,0.6263603281413239,0.5016001879719143,0.12476014016940962,0.691452281645826,0.6503374553519463,0.041114826293879636,0.6287185476038313,0.5072158554580316,0.12150269214579967
173,0.6965127674094213,0.6502461559205682,0.04626661148885303,0.6391056433544844,0.5072118591225327,0.13189378423195164,0.6988015725770598,0.6546390017327361,0.04416257084432362,0.6424831131832874,0.513540467876332,0.12894264530695543
174,0.6745834312874117,0.6532444988695495,0.021338932417862222,0.6179827695137149,0.5207206848610091,0.0972620846527058,0.6769021505448442,0.6574756896918349,0.019426460853009253,0.622997932408047,0.5276363162020326,0.09536161620601447
175,0.6606682394034483,0.6492092720011879,0.011458967402260378,0.6003559781325203,0.5130997065376373,0.08725627159488303,0.6621628320250903,0.6538041966084294,0.008358635416660931,0.6044882275374956,0.5201590535177893,0.0843291740197063
176,0.6795806203171723,0.631880670600196,0.04769994971697622,0.6117917196103273,0.49293225556055137,0.11885946404977593,0.6823053644692452,0.636241650677594,0.046063713791651195,0.6163447996281874,0.49970299948516783,0.11664180014301961
177,0.6624385094386737,0.6341613770776595,0.028277132361014146,0.6191955829690732,0.5191224041477477,0.10007317882132549,0.6650716296080353,0.6401197258791953,0.02495190372884004,0.6233403070026171,0.5257752496489433,0.09756505735367382
178,0.6579943558793659,0.6374108753774931,0.020583480501872864,0.6032191526223277,0.506226714706478,0.09699243791584977,0.6596155813242494,0.641935789413206,0.017679791911043408,0.6057714850555886,0.51274672081384,0.09302476424174866
179,0.6667403377616238,0.6612899626421138,0.005450375119509965,0.6190147948125748,0.5398694541482553,0.07914534066431955,0.6692840377907887,0.6654976394073542,0.0037863983834345305,0.6233984807270825,0.5457515181968451,0.0776469625302374
180,0.6879669805847562,0.6370621558212622,0.050904824763494005,0.6108510344082838,0.4839596466186202,0.12689138778966363,0.6916951815913548,0.6426228662460216,0.049072315345333184,0.6162900116889779,0.491989420193764,0.12430059149521389
181,0.665787178690536,0.6417964817203624,0.02399069697017364,0.6048565755512002,0.5022504956653551,0.10260607988584514,0.668154634641752,0.647250226935012,0.020904407706739958,0.6096515177692697,0.5089881645678136,0.10066335320145614
182,0.6784545256815028,0.635691856104386,0.04276266957711672,0.6273503962924596,0.5112923697644389,0.11605802652802066,0.6819616200254333,0.641008011262213,0.040953608763220295,0.6304817369667939,0.5185937903664306,0.11188794660036327
183,0.6718755069940675,0.6329918501015289,0.03888365689253859,0.621290337588128,0.5081554340407772,0.11313490354735078,0.676046184582862,0.6381434230739903,0.03790276150887173,0.6247946332550774,0.5141604109303909,0.11063422232468656
184,0.6607842265133701,0.6464054626087167,0.014378763904653424,0.6099534002376087,0.5148284317620355,0.09512496847557317,0.662549864893476,0.6522072562767531,0.01034260861672287,0.6140578657094884,0.5238251053739122,0.09023276033557615
185,0.6699609524790529,0.6307208872330992,0.03924006524595369,0.605167803830601,0.48845526538772377,0.11671253844287721,0.6710796397664773,0.6341895708097403,0.03689006895673708,0.607651733624796,0.49569388450091895,0.11195784912387702
186,0.6663858849368961,0.6539247768085285,0.012461108128367648,0.6143249068301802,0.5238770409933051,0.09044786583687503,0.6684820014433865,0.6581395726956625,0.010342428747724064,0.617249712364639,0.530480445255975,0.08676926710866395
187,0.6686899934506639,0.6344216378913925,0.034268355559271435,0.6084366347255373,0.5044623107571455,0.10397432396839179,0.6714506681921514,0.6393268671258892,0.032123801066262225,0.6112546975942617,0.511507255344208,0.09974744225005361
188,0.6678427920964216,0.6499735973161993,0.01786919478022231,0.6296643853034656,0.5390821369486534,0.09058224835481221,0.6704355634588903,0.6557474778694674,0.014688085589422917,0.6346025520835642,0.5469585560846647,0.0876439959988995
189,0.6560043714338641,0.6444925781793898,0.011511793254474378,0.5993568358372967,0.5123474278142988,0.08700940802299795,0.6581449748678514,0.6500267143867963,0.008118260481055128,0.6032108971941235,0.5191141643212336,0.08409673287288988
190,0.6701742277557444,0.6649095833643979,0.005264644391346551,0.631478493488839,0.5554546825203952,0.0760238109684438,0.6727565919844801,0.671383260905837,0.0013733310786431252,0.6367564340814842,0.5637086561817527,0.07304777789973149
191,0.6836085217091435,0.6485295276702852,0.03507899403885839,0.6397261497376145,0.5318943277229914,0.10783182201462316,0.6868842360154053,0.6550511763484348,0.031833059666970476,0.6436144936654691,0.5396574727176772,0.10395702094779191
192,0.664532764448943,0.6308697687032752,0.03366299574566789,0.614374386891387,0.508715921117592,0.10565846577379501,0.6659015008331192,0.6351634375223912,0.030738063310727926,0.6177561824430167,0.5163220415233623,0.10143414091965441
193,0.6713967249793517,0.6551426827162229,0.016254042263128765,0.6031889107972012,0.5037327582443116,0.09945615255288953,0.6727229095141617,0.6593389000997542,0.013384009414407538,0.60585378604159,0.5091191974704854,0.09673458857110462
194,0.6589684932630961,0.6341763276624155,0.02479216560068065,0.5892425313771187,0.4852782342509373,0.10396429712618138,0.6597309568434675,0.6402247605529787,0.019506196290488775,0.5931925669887066,0.49381855532650937,0.09937401166219723
195,0.6649461680103383,0.65154772726478,0.013398440745558293,0.6017060647555275,0.5123512133643354,0.08935485139119204,0.6674626755151418,0.6572579886079388,0.010204686907202998,0.6057383760850087,0.519558185999981,0.08618019008502764
196,0.6781173268624493,0.641791322422213,0.03632600444023626,0.6172263833575988,0.5094566101586155,0.10776977319898329,0.6807169555884199,0.6456896180971119,0.03502733749130804,0.6219848559234323,0.5163223182641844,0.10566253765924793
197,0.6734215525715617,0.6515603383554688,0.021861214216092884,0.6120832157390926,0.5171298508002871,0.09495336493880557,0.6759902036833034,0.656740172623379,0.0192500310599244,0.6158528541922264,0.5241648108418612,0.09168804335036518
198,0.6582535536169174,0.6530577180462097,0.005195835570707685,0.6101883659802237,0.5236819952391287,0.08650637074109502,0.6613769131238255,0.6600857230052839,0.0012911901185416186,0.6144199841212212,0.5319262310306946,0.08249375309052664
199,0.6691826582715603,0.6544705783007614,0.01471207997079893,0.6221079576795372,0.52717375907601,0.09493419860352714,0.6720221550157617,0.6614777414444611,0.010544413571300537,0.6257372984077911,0.5364844657672592,0.08925283264053196
200,0.6614077988024311,0.6523621988659736,0.009045599936457482,0.6106820396743348,0.5170775949242188,0.09360444475011598,0.6619756753973741,0.6555091139560802,0.006466561441293872,0.612701948010183,0.5229032592565739,0.08979868875360908
201,0.670735997575278,0.6531706142202462,0.01756538335503177,0.6112636110431569,0.5148704838546458,0.09639312718851101,0.6729671949995896,0.6594768843157007,0.01349031068388884,0.6138582696046808,0.5244045431411379,0.08945372646354288
202,0.6574816983030201,0.6411142001405572,0.016367498162462857,0.6176951909264494,0.5290035601299283,0.08869163079652109,0.6594139501214705,0.6464427234438197,0.012971226677650827,0.6201290206979875,0.5368170792363446,0.08331194146164289
203,0.6690008990652078,0.6336940145420854,0.03530688452312236,0.6010181513263106,0.49576294080843286,0.10525521051787778,0.6706921843087676,0.6391766775943846,0.03151550671438308,0.6045764754256269,0.5034079255203129,0.10116854990531399
204,0.6631950964181215,0.6374012545021635,0.025793841915958016,0.5935404449749189,0.49876613401802716,0.0947743109568917,0.6641387701681408,0.6416429380877045,0.022495832080436373,0.5973377501969839,0.5049006832366366,0.09243706696034726
205,0.6778499705755752,0.6481273212628796,0.029722649312695526,0.6379365373937727,0.5267444659437958,0.11119207144997689,0.6802526381444536,0.6530935422996178,0.02715909584483578,0.6407452623154579,0.5326701775156275,0.10807508479983041
206,0.6644894760404365,0.6442572908765489,0.020232185163887584,0.6194244573394452,0.5183329167345183,0.10109154060492687,0.6668782717471291,0.6480876235255066,0.018790648221622464,0.6231943140382958,0.5241644394313463,0.09902987460694956
207,0.6590956403769009,0.6335738344645301,0.025521805912370854,0.5980479821746798,0.5090162072353029,0.08903177493937686,0.6612649525036061,0.6398052205386444,0.021459731964961648,0.6007038470457724,0.5182120558142674,0.08249179123150496
208,0.6724655346113462,0.6633006028162385,0.00916493179510769,0.6360456131744939,0.5427568320664623,0.09328878110803163,0.6746636452845699,0.6684582456203676,0.006205399664202305,0.6389079097172623,0.5498694621945013,0.08903844752276102
209,0.6590904132354114,0.6419092398787252,0.01718117335668623,0.6071135660433832,0.5167687429241979,0.09034482311918524,0.6624903497191688,0.6483650883944372,0.014125261324731575,0.6117271272534749,0.5242568881929914,0.08747023906048346
210,0.6688990372674771,0.6427317473983054,0.026167289869171717,0.6087805562429245,0.5084574936619483,0.10032306258097623,0.6713995051252682,0.6480063463396124,0.023393158785655843,0.613267347841324,0.5154041071737601,0.09786324066756391
211,0.6647029260174988,0.6529069853715722,0.011795940645926595,0.6170845871293786,0.5297391583447892,0.0873454287845894,0.6677621870008839,0.6591099911118647,0.00865219588901911,0.6212688729543648,0.5385449226848593,0.08272395026950552
212,0.6775160565417115,0.6454056068719005,0.032110449669811025,0.6105237752513225,0.49807602133600254,0.11244775391531997,0.6785200974815859,0.6494729384728587,0.02904715900872723,0.614484419057883,0.5042459891904633,0.11023842986741972
213,0.6791626739002827,0.646740735088483,0.03242193881179978,0.6236134527426838,0.5135363826276186,0.11007707011506518,0.6823325452470881,0.6523814271101628,0.029951118136925303,0.6275931961152235,0.5212091911983523,0.10638400491687117
214,0.6599049267524915,0.6411578715777788,0.018747055174712646,0.598861423653184,0.5148642975888984,0.08399712606428555,0.6621109025672305,0.6453067311948766,0.016804171372353904,0.6038515444813211,0.5209987007396024,0.08285284374171864
215,0.6612262701171937,0.6236662561956756,0.03756001392151809,0.5914426914582611,0.4893218363260013,0.10212085513225982,0.6639471452054728,0.626880989597391,0.0370661556080818,0.5974385242386671,0.49451652177908784,0.10292200245957922
216,0.6750787612291287,0.6515862709192273,0.023492490309901415,0.6251591846990503,0.5302240426162191,0.09493514208283116,0.678139409230244,0.6557250025208554,0.022414406709388546,0.6292248200249626,0.5378901733244214,0.09133464670054126
217,0.6836705320440957,0.6466091823150224,0.03706134972907327,0.6389438421215381,0.5172403355232229,0.12170350659831519,0.6862530264008848,0.6503765952411374,0.03587643115974737,0.6429266824631461,0.5226372000860684,0.1202894823770777
218,0.6905747369162003,0.6574896272050744,0.03308510971112588,0.6378869792536005,0.5201831829387855,0.11770379631481498,0.6934512488116655,0.6630061176847211,0.03044513112694447,0.6415454337542622,0.5268264098722684,0.11471902388199384
219,0.6641645279816537,0.6358748540678438,0.028289673913809876,0.6163217140149873,0.5164833069403268,0.0998384070746604,0.6657644815380153,0.6405431365527796,0.02522134498523565,0.6191536911870036,0.5228214222414047,0.09633226894559888
220,0.6430957715004407,0.6430380123833009,5.775911713978843e-05,0.5785533840218995,0.522681198427884,0.05587218559401552,0.6448886695499381,0.6472277767848882,-0.002339107234950122,0.5822346286301274,0.5288112537242214,0.053423374905905985
221,0.6844568351240465,0.6362221432772223,0.048234691846824274,0.6319806973885775,0.5105537481598968,0.12142694922868069,0.6879828428472743,0.6411478201289624,0.04683502271831186,0.6366050393024432,0.5172119478460165,0.11939309145642663
222,0.6644112067491069,0.6438355055467766,0.02057570120233032,0.6214999916344224,0.5330020341729524,0.08849795746146993,0.667549699125168,0.6481540168952857,0.019395682229882305,0.6241841377992754,0.5388752873293328,0.08530885046994263
223,0.6807432950195318,0.6478568080225161,0.032886486997015685,0.6341287086698154,0.5145656000066313,0.11956310866318409,0.6836602374450913,0.6519169432996753,0.03174329414541599,0.6383692562320196,0.5197506409251577,0.11861861530686191
224,0.6522552600811062,0.6393942108430364,0.012861049238069855,0.5887135089125115,0.5096099276817783,0.07910358123073324,0.6535216565506132,0.6437057015272346,0.00981595502337862,0.592432580400322,0.5151264752771098,0.07730610512321223
225,0.6760892984063642,0.6497910425120406,0.026298255894323663,0.6044148337901822,0.5088306114208891,0.09558422236929309,0.6793154661206742,0.6541335687832899,0.025181897337384296,0.6083142338990926,0.5148942252951363,0.09342000860395627
226,0.6509122000857708,0.6471142160668769,0.003797984018893863,0.599898316067374,0.5270511294072008,0.0728471866601732,0.6523703900753092,0.6521876163591372,0.0001827737161719245,0.6044919327184235,0.5345811568843578,0.06991077583406569
227,0.6746381807745419,0.6465833945628214,0.028054786211720417,0.6206482271813172,0.5143097368649407,0.10633849031637643,0.6770464054011186,0.6497869098622228,0.02725949553889584,0.625308145819511,0.5195607155193276,0.10574743030018341
228,0.67064490519925,0.6406244184354686,0.03002048676378144,0.6140292499879259,0.5077851487730141,0.10624410121491179,0.6738694492027074,0.645766753127632,0.02810269607507543,0.618468414636658,0.5143380770908885,0.1041303375457695
229,0.6762043734256283,0.6488692319609445,0.027335141464683854,0.6220928581462963,0.5132742001334061,0.10881865801289026,0.6812098666091033,0.6554306717518312,0.025779194857272092,0.6288347438083737,0.5219294358630032,0.10690530794537045
230,0.6674667891441409,0.646847782125816,0.020619007018324975,0.6007638997767032,0.5060600532700583,0.09470384650664487,0.669477676681693,0.6519212145220119,0.017556462159681097,0.6053411815711006,0.5140069382335904,0.09133424333751017
231,0.6489588781841897,0.6453244372897093,0.003634440894480395,0.5797835923918081,0.5139510764574744,0.0658325159343337,0.649670820665486,0.6505654854089029,-0.0008946647434169286,0.584220485297577,0.5225991649151946,0.06162132038238233
232,0.6623379631767714,0.6371425142116601,0.025195448965111278,0.6042195481031443,0.5108204607287037,0.09339908737444058,0.6638654611399759,0.6426595357335764,0.02120592540639954,0.6070630158896839,0.5191437372872683,0.08791927860241566
233,0.6546703701911671,0.6317064762383409,0.022963893952826275,0.6069084970276758,0.5076034969720078,0.099305000055668,0.6558107416768459,0.6364763104439906,0.019334431232855387,0.6094434649957955,0.5148408060752613,0.09460265892053421
234,0.6711834525067303,0.6501295453526327,0.021053907154097606,0.6209258784678174,0.5208382109584188,0.10008766750939868,0.6737602299200032,0.6533104546726676,0.0204497752473356,0.624925348191309,0.527654745452844,0.097270602738465
235,0.6697728000440358,0.6467766219730572,0.022996178070978646,0.6162363690300575,0.5024345296463437,0.1138018393837138,0.6710306858556723,0.653380765095121,0.017649920760551274,0.6187280060376528,0.5095614959290005,0.1091665101086523
236,0.6602602239318277,0.6372686743622291,0.02299154956959859,0.6065478809027272,0.5208498806050308,0.08569800029769636,0.6622546316650013,0.6423545986013066,0.0199000330636947,0.6091247223386903,0.5290017206081866,0.08012300173050368
237,0.662819645763918,0.6468233712055471,0.015996274558370938,0.6126323344641013,0.5159492914685122,0.09668304299558905,0.6657743738400075,0.6522584360420165,0.013515937797990984,0.6181769464114719,0.5245640144727008,0.09361293193877107
238,0.6716485882012558,0.6492336581255871,0.02241493007566875,0.618495367982961,0.5207629928310527,0.09773237515190836,0.6739560457028276,0.6546810113471562,0.01927503435567146,0.6229075305379198,0.530550547075703,0.09235698346221677
239,0.6685021657427334,0.6568391380468088,0.011663027695924533,0.5989819677973505,0.5132275441945585,0.08575442360279195,0.671315778017671,0.6622349400379177,0.009080837979753231,0.6035773890031134,0.5197697488705961,0.08380764013251729
240,0.6758508608350351,0.6370513457042968,0.038799515130738316,0.6151577624320734,0.4945430500268523,0.12061471240522115,0.6780294556313504,0.6422975747039866,0.03573188092736379,0.6188119711773505,0.5018077557350751,0.11700421544227546
241,0.6664303940468352,0.6399156316823772,0.026514762364458044,0.6065575612836035,0.5024135641407222,0.10414399714288125,0.6689842530103669,0.6441772520566131,0.024807000953753766,0.612232880849721,0.5093662929673181,0.102866587882403
242,0.6552913314675566,0.6454553235509181,0.009836007916638523,0.5958137712638548,0.5154120156389634,0.08040175562489138,0.656895603961452,0.6509152880883877,0.005980315873064246,0.6017000405567065,0.5244744003406266,0.0772256402160798
243,0.6727273392183555,0.6598497895512898,0.012877549667065669,0.6165425095704217,0.535422271742596,0.08112023782782563,0.6760667973884626,0.6654145523357806,0.01065224505268203,0.6207250488349891,0.5437775566058942,0.07694749222909492
244,0.6779312188865034,0.6378332541442298,0.04009796474227367,0.6261503367180816,0.5012529210277896,0.124897415690292,0.6803399335403472,0.642066676577171,0.03827325696317618,0.6293853114235559,0.5075583742334598,0.12182693719009607
245,0.6830302638677166,0.6515360790222668,0.031494184845449746,0.6217675888536884,0.5180335686528694,0.10373402020081901,0.6873166015657842,0.6572113796305616,0.03010522193522258,0.6262474516289388,0.5264179068006417,0.09982954482829709
246,0.6586630330760475,0.6410203552876015,0.01764267778844597,0.6044415971576784,0.5142849350268791,0.09015666213079931,0.6595093262991377,0.645067342788694,0.014441983510443679,0.607451152138387,0.5200426371378872,0.08740851500049973
247,0.6680200048930003,0.6482779637116801,0.01974204118132017,0.6076617573317556,0.5060207551851681,0.10164100214658756,0.6695440215566317,0.653181317922437,0.016362703634194675,0.611330033661574,0.5135341617455307,0.09779587191604333
248,0.6658790272349239,0.6351436403037115,0.03073538693121236,0.6174684993409092,0.5160926448260861,0.10137585451482312,0.6680354420589738,0.6402672013792658,0.027768240679707956,0.6206014809718448,0.5260928730172388,0.09450860795460592
249,0.6728415521919002,0.6587202116809703,0.014121340510929947,0.622322184993305,0.5399703256031337,0.08235185939017131,0.6758484639976281,0.6647192923537775,0.011129171643850633,0.6259298426509114,0.5477318399560807,0.07819800269483079
250,0.6597394221443647,0.644680597984084,0.015058824160280704,0.610310766814651,0.5260139144954057,0.08429685231924533,0.6627907540484583,0.6497704913726958,0.013020262675762506,0.615518817977286,0.5332582420004122,0.08226057597687386
251,0.6620567031252821,0.6291859339926696,0.03287076913261244,0.5785283639722366,0.48510567684482464,0.09342268712741197,0.6632825897335388,0.6328561654808624,0.030426424252676387,0.5828632574416723,0.4906926079673688,0.09217064947430353
252,0.678384244272201,0.6532506047718792,0.02513363950032177,0.6270373894202668,0.522529383973358,0.10450800544690875,0.6807126707026632,0.6567516206451751,0.023961050057488054,0.6319143237854794,0.5284451663164043,0.10346915746907515
253,0.6617221789154208,0.6513491197917188,0.010373059123702011,0.6027163463992118,0.514807771473059,0.08790857492615278,0.6636514335272952,0.65578846815847,0.007862965368825137,0.6071990993089049,0.5200814505064241,0.08711764880248085
254,0.6602347208410619,0.6384925889486804,0.0217421318923815,0.5932677774408202,0.5070577180547139,0.08621005938610626,0.6617222725271346,0.6422867412128462,0.019435531314288323,0.5964280615620764,0.5127898945937954,0.08363816696828097
255,0.6604654133192862,0.6386630958003295,0.02180231751895667,0.5991850824754245,0.5071688302825597,0.0920162521928648,0.664084341136547,0.6436888047873381,0.020395536349208876,0.604317514637606,0.5145088063172067,0.08980870832039922
256,0.660950817927562,0.6502630733136889,0.010687744613873118,0.6030270480212203,0.5260973578928997,0.07692969012832063,0.6621108006919535,0.6555308281895963,0.006579972502357201,0.6073150786190294,0.5343817182075334,0.072933360411496
257,0.6621002422452829,0.6334682965512851,0.02863194569399774,0.5989062211334423,0.49759796204069695,0.10130825909274532,0.6645936487007147,0.6383380063761668,0.026255642324547912,0.6028102662214057,0.5050344650889285,0.09777580113247719
258,0.6682282448217556,0.6441329183313358,0.02409532649041979,0.6113968759420649,0.5078034455820033,0.10359343036006163,0.6701997916608844,0.6500115495423706,0.020188242118513777,0.6147969226338305,0.5155317504495457,0.09926517218428477
259,0.6753680712866676,0.6449495920791023,0.030418479207565352,0.6139775754293033,0.5110600636600071,0.1029175117692962,0.6777140998774918,0.6500565974628303,0.027657502414661472,0.6167652214651744,0.5174783669835977,0.0992868544815767
260,0.6800500527316267,0.6551915555859047,0.02485849714572197,0.6214604376713956,0.5290050639966173,0.0924553736747783,0.684059867865116,0.6592647083701688,0.02479515949494715,0.6261600520874947,0.5359556419057165,0.09020441018177816
261,0.669016791798345,0.6427425823550463,0.026274209443298613,0.6000077492412508,0.4994744246399113,0.10053332460133946,0.6717127983124362,0.6467676245941242,0.024945173718312064,0.6043917003621174,0.5055742751139961,0.09881742524812132
262,0.6540862555090198,0.6592403174212117,-0.005154061912191921,0.6036694483665322,0.5328441720403652,0.07082527632616709,0.6565896263848364,0.663085699755972,-0.006496073371135558,0.6076794607693059,0.5397550878991235,0.06792437287018238
263,0.6761040857168084,0.6436578117069259,0.032446274009882425,0.6020187883527666,0.4888263786416499,0.11319240971111666,0.6782866085611492,0.6488465768102955,0.029440031750853746,0.6076265751591979,0.4971387420667615,0.11048783309243643
264,0.6704467971125415,0.6588306965276044,0.011616100584937117,0.5978587082970023,0.5093754788433733,0.08848322945362896,0.6713180406853987,0.6637393259172184,0.0075787147681802836,0.6013712222940664,0.5171109810742855,0.08426024121978082
265,0.6874641058377826,0.648680786548472,0.03878331928931056,0.6314465873313433,0.5162334155849253,0.11521317174641799,0.6917859182369421,0.6532981378109346,0.038487780426007534,0.636594492636182,0.5221114890328276,0.1144830036033544
266,0.6508688473328781,0.642448870051586,0.008419977281292068,0.6036389797191293,0.5204744238217214,0.0831645558974079,0.652508043572213,0.647841727834681,0.004666315737532067,0.608673520921199,0.5282517606522161,0.08042176026898284
267,0.6535535343621448,0.6303173099717615,0.02323622439038331,0.5980807716341778,0.5000862939149108,0.09799447771926706,0.6549559844986212,0.6338414583534187,0.021114526145202595,0.5997979240176116,0.5048589484267102,0.09493897559090136
268,0.6707074498177301,0.656449167215483,0.014258282602247152,0.6017712692160679,0.5188084496527688,0.0829628195632991,0.673072312843946,0.6616729636141774,0.011399349229768596,0.6046817138164982,0.5258941376231543,0.07878757619334387
269,0.6868439708619928,0.6545623284375592,0.03228164242443354,0.6215017438394437,0.5051723601880155,0.1163293836514282,0.6889008679940869,0.6593707444619126,0.029530123532174324,0.6258091952126842,0.512237418210719,0.11357177700196519
270,0.6517020072254542,0.6250200194581282,0.026681987767326,0.5981658533382673,0.49480348354439313,0.1033623697938742,0.6528333505504925,0.6297730349563094,0.02306031559418309,0.6017706213778629,0.501226446054684,0.10054417532317883
271,0.6646202390205016,0.6430134348243739,0.021606804196127705,0.6179357661171496,0.5270720654595181,0.0908637006576315,0.6668205639998017,0.6467401083543194,0.02008045564548233,0.6222070970826643,0.5331966909746896,0.08901040610797473
272,0.6648417313096144,0.66611323903068,-0.0012715077210655457,0.6204251704357883,0.5421449164497523,0.078280253986036,0.6672479960164397,0.6731906641365435,-0.0059426681201038,0.6236737636811438,0.5498921365153118,0.07378162716583203
273,0.6667830544566439,0.6333241024098402,0.033458952046803714,0.6140048022616943,0.508698696559684,0.10530610570201027,0.6691546539854953,0.6373315101245782,0.031823143860917114,0.6164092398595945,0.5144396200058291,0.1019696198537654
274,0.6742702167845256,0.6445194155157482,0.029750801268777383,0.6126584596687166,0.5039655618084334,0.10869289786028313,0.6759010455825278,0.6493236679152212,0.026577377667306612,0.6171881878611447,0.5109159046876907,0.10627228317345405
275,0.6731529569790529,0.6492490571161885,0.023903899862864342,0.6161076012975492,0.5224983143167152,0.09360928698083393,0.6751830045336952,0.653859194937231,0.021323809596464183,0.6183846270619422,0.5290266209220981,0.08935800613984413
276,0.6796508265941213,0.6471529946340797,0.032497831960041634,0.6198715229208843,0.5118135046448133,0.10805801827607098,0.6830044645363318,0.6523974645693251,0.030606999967006665,0.6232389670185438,0.5175297829866583,0.10570918403188545
277,0.663729850555175,0.6550983191188207,0.008631531436354312,0.6028792864681428,0.5178023652715654,0.08507692119657739,0.6659260603852043,0.6618415226322168,0.004084537752987449,0.6075102846868972,0.5261546292520163,0.08135565543488088
278,0.680758557161998,0.6545903701741813,0.026168186987816644,0.644071083997397,0.529342862942122,0.11472822105527503,0.6849227205398956,0.6590013018730203,0.02592141866687525,0.650089903851091,0.53577655061208,0.11431335323901104
279,0.6720850957030378,0.637701984224707,0.03438311147833073,0.6145414748234366,0.5000326976539122,0.11450877716952435,0.67452566128789,0.6414056631023137,0.033119998185576316,0.6190050765740684,0.5061951998389775,0.11280987673509091
280,0.6645889711357676,0.6483915581615902,0.016197412974177428,0.6033053853033229,0.5063881959624488,0.09691718934087412,0.6659752656223707,0.6520502698925863,0.01392499572978445,0.6072242045281531,0.5126082407667927,0.09461596376136039
281,0.6734557241700099,0.6246905827858208,0.04876514138418908,0.6279192437502172,0.5043050741368418,0.12361416961337546,0.6767713779123836,0.6301055085671992,0.04666586934518446,0.631381939381676,0.5108259977369161,0.12055594164475991
282,0.6595960296303767,0.6539102235272328,0.005685806103143842,0.6224796801569946,0.5452164890278346,0.07726319112916002,0.6627364250037954,0.6586336932340542,0.004102731769741186,0.6261454230128503,0.5525969815918476,0.0735484414210027
283,0.6785383864838544,0.6322511446035944,0.04628724188026001,0.6143421724893733,0.492107512357571,0.12223466013180229,0.6820795636242537,0.6357713001603362,0.046308263463917476,0.6189033312539276,0.4978141768879097,0.12108915436601791
284,0.672502448961765,0.6482390336818034,0.024263415279961675,0.6145768512300902,0.5209300498700447,0.09364680136004555,0.6752869783352096,0.6525439193352875,0.022743058999922017,0.6180938987625653,0.5274565121958515,0.09063738656671372
285,0.667211380216604,0.6550569204274682,0.012154459789135763,0.6085998731178359,0.521165549824425,0.08743432329341094,0.6681786878119451,0.6605232524223039,0.007655435389641196,0.6115179557761694,0.5290089732009904,0.08250898257517902
286,0.6723976084001256,0.6276904751866886,0.044707133213437,0.611066023778989,0.49385870689642536,0.11720731688256364,0.6754305401425321,0.6308892783251265,0.044541261817405586,0.6138274633986671,0.49942896759269784,0.11439849580596928
287,0.6852492825140769,0.6444246598859505,0.04082462262812636,0.6163036069928727,0.5099583392378629,0.10634526775500974,0.6874979748176564,0.6504895088255859,0.03700846599207053,0.6191108551878152,0.5164796829082746,0.10263117227954055
288,0.6461604781810868,0.6273288647752187,0.01883161340586814,0.604378054563126,0.5219937363834675,0.08238431817965852,0.6478213203396026,0.6313115553875803,0.016509764952022277,0.6077172804788932,0.5283906017556207,0.07932667872327248
289,0.6677973717714332,0.6422516016211087,0.025545770150324443,0.6322118743761036,0.527224622216647,0.10498725215945659,0.6714944969022403,0.6466444515376011,0.024850045364639195,0.6365467756662581,0.5338646258070734,0.10268214985918467
290,0.6787193572371852,0.6405638231366501,0.03815553410053518,0.6168211336984059,0.4953057525365346,0.12151538116187127,0.6794927220847602,0.6435035750597422,0.03598914702501799,0.6194805614034223,0.5000242413561838,0.1194563200472385
291,0.6715006726185588,0.6510488156829621,0.0204518569355967,0.6112989870938987,0.5157256286209349,0.09557335847296389,0.6736299995132735,0.656063460408062,0.017566539105211554,0.6151283881431742,0.5237361219528859,0.09139226619028828
292,0.6681121351031925,0.6248182042651119,0.04329393083808053,0.6215257830552439,0.49983338260678584,0.12169240044845803,0.6689077361163971,0.6282537381984947,0.04065399791790236,0.623882819764908,0.5066824632810427,0.11720035648386529
293,0.687630539819554,0.6333177970176933,0.054312742801860714,0.6208034951016246,0.4885218093592276,0.13228168574239696,0.691325101594771,0.6374727825040778,0.05385231909069321,0.6240735296967427,0.4942225404659897,0.129850989230753
294,0.6837160917100844,0.6521911662439103,0.031524925466174136,0.6242593515323853,0.5203627165921532,0.10389663494023216,0.6860690683154007,0.6580056794904372,0.02806338882496351,0.6274354935930855,0.5288812514917707,0.0985542421013148
295,0.6702403907604506,0.6535909526471919,0.016649438113258697,0.6124924331184025,0.5204560102452886,0.09203642287311387,0.6729491660723496,0.6591345958327037,0.01381457023964583,0.6159840229765761,0.5278680496988489,0.08811597327772713
296,0.6757939195900406,0.6330256461005335,0.04276827348950718,0.6240663222386885,0.5079570174119394,0.11610930482674908,0.6785452584713936,0.6367995601109759,0.04174569836041764,0.6274081176133441,0.513146568631637,0.11426154898170715
297,0.6747255976783687,0.6469264914352104,0.02779910624315829,0.6137205757519173,0.5040228971061704,0.10969767864574687,0.6759501770659994,0.6501429563128376,0.025807220753161775,0.6161286513834708,0.5084162031627906,0.10771244822068027
298,0.6654120226422838,0.6397394987161744,0.025672523926109414,0.6036802728617803,0.5002825181444812,0.10339775471729906,0.6661472820798493,0.6448827915824944,0.021264490497354904,0.6063963523985226,0.5070267496154277,0.09936960278309492
299,0.6634017438519778,0.6475992290861862,0.015802514765791642,0.6113636734584117,0.5286697577234128,0.08269391573499885,0.6664130986220119,0.6529048888499585,0.01350820977205347,0.6155705982052625,0.5352378774097314,0.08033272079553111
300,0.6656619050166228,0.6411600238274409,0.02450188118918195,0.6183990356632318,0.5211307924966031,0.09726824316662874,0.6680138098978794,0.6462425778333225,0.02177123206455689,0.6228898737126963,0.5286363068977319,0.09425356681496444
301,0.6792810889966772,0.6431636560008174,0.03611743299585979,0.6310243746574353,0.5168938006167823,0.11413057404065308,0.682691183883239,0.6495014850704652,0.03318969881277378,0.6358168546133041,0.5237002988486134,0.1121165557646907
302,0.6519661495428072,0.6435316207003804,0.008434528842426792,0.5925511089257169,0.5217924009698982,0.07075870795581873,0.6543668021619806,0.6473659846794606,0.0070008174825200165,0.596252794440868,0.5276424971385025,0.06861029730236545
303,0.6705497869503689,0.6410301329757166,0.029519653974652282,0.6224161472188163,0.5129519387637903,0.10946420845502602,0.672416081173403,0.6449755989897272,0.027440482183675785,0.6252298771326694,0.5180790765365557,0.1071508005961137
304,0.6785356943637194,0.6531521959611011,0.025383498402618332,0.6203062681932521,0.5188627797602912,0.10144348843296092,0.6819220799447048,0.6567689510379386,0.02515312890676613,0.6251562057122952,0.5231400298531239,0.10201617585917133
305,0.6441846778658618,0.6399259761836332,0.004258701682228527,0.5931696179693351,0.5181249614972422,0.07504465647209291,0.6441076175502284,0.6434273918975403,0.0006802256526881045,0.5954588015064683,0.5246626691133955,0.07079613239307281
306,0.6677947464008599,0.6437301292192062,0.024064617181653647,0.6085800992908144,0.5113056923160885,0.09727440697472589,0.6713987276283906,0.6478487943562898,0.023549933272100754,0.6148246697363647,0.5171001719394857,0.09772449779687908
307,0.6690004446162616,0.6592207982391,0.009779646377161666,0.6218463284046534,0.5278428924267232,0.09400343597793015,0.6703461876361847,0.6629841309041351,0.007362056732049593,0.6242745787615924,0.5329463761524331,0.0913282026091593
308,0.6701673804223994,0.6455071951545093,0.024660185267890156,0.6081005719128552,0.5038921889005508,0.1042083830123044,0.6712916184455191,0.6503976040149799,0.020894014430539176,0.6101130648184147,0.5103536409373952,0.09975942388101944
309,0.675425919445462,0.661025519625434,0.014400399820028054,0.6171336409500665,0.5279681585260578,0.08916548242400868,0.6785701518891254,0.6668324925884584,0.011737659300666947,0.6207071278647945,0.5344286513696995,0.08627847649509501
310,0.6495812506538737,0.6319208314941297,0.017660419159744034,0.6016739070741889,0.5198824670258245,0.08179144004836436,0.6514356128116905,0.6371493673475068,0.014286245464183667,0.6060871091149385,0.5274730487069779,0.0786140604079606
311,0.6610065398791689,0.6506120456092709,0.010394494269898025,0.5825800791984015,0.48619563149716705,0.09638444770123444,0.6612562800757483,0.6549926842133953,0.006263595862353033,0.586110121763755,0.49351329281226936,0.09259682895148563
312,0.6795055266327497,0.6561987529839787,0.023306773648770984,0.6298604760412061,0.525763690960835,0.10409678508037112,0.6829946047050218,0.6621237613036804,0.020870843401341377,0.6336615810341066,0.5325778731655629,0.1010837078685437
313,0.6771424343815349,0.6445579531676228,0.03258448121391211,0.6029417664091653,0.49422290191052287,0.10871886449864243,0.6782831155472718,0.6496660609965372,0.0286170545507346,0.6075417821978368,0.5019649925120271,0.10557678968580975
314,0.668236672469203,0.641709204263506,0.02652746820569707,0.6208364768985901,0.5216359429171668,0.09920053398142337,0.6710931283829256,0.6473549233945688,0.02373820498835677,0.6259646730867852,0.5294249261199816,0.09653974696680356
315,0.6800147869791069,0.6420481010010383,0.037966685978068626,0.624283984611073,0.5073685782723595,0.11691540633871356,0.6821160185380039,0.6456027592343121,0.03651325930369176,0.6269070175409219,0.5121124323577223,0.11479458518319963
316,0.6690128420349575,0.6458143783691261,0.023198463665831337,0.6171095901195807,0.5215185321981642,0.09559105792141642,0.6712992769872012,0.6508621809416826,0.020437096045518577,0.6216309710508353,0.529547125645458,0.09208384540537728
317,0.6679450054561558,0.6310303672025739,0.03691463825358188,0.6062439917076535,0.5081816874977564,0.09806230420989714,0.6712585415055498,0.6354250224696523,0.03583351903589749,0.6094208290092512,0.5142073505443977,0.09521347846485351
318,0.6519361013072307,0.6459947070852408,0.005941394221989915,0.6028228794607817,0.5157847077140525,0.08703817174672923,0.6530990229591237,0.6520667403089084,0.001032282650215266,0.6066495512194692,0.5238908497249998,0.0827587014944694
319,0.6788832875610145,0.6414061951322528,0.03747709242876163,0.6245520847069637,0.5072944767691795,0.11725760793778417,0.6808493492452159,0.6453125842946501,0.03553676495056579,0.6284461460114159,0.5146294593671287,0.11381668664428723
320,0.6820930873053993,0.650815554287429,0.031277533017970316,0.6180620748683251,0.5060740222668583,0.11198805260146683,0.6846740512963646,0.6565757391554515,0.028098312140913073,0.6224060230568548,0.5117007643971814,0.1107052586596734
321,0.6816447503739909,0.6555154611648846,0.026129289209106288,0.6374827289137726,0.5313816339464751,0.10610109496729747,0.6859729006716766,0.6620347228702799,0.02393817780139673,0.6417949164130448,0.5397447935312588,0.10205012288178594
322,0.6751274167115306,0.6465983201776611,0.02852909653386959,0.5952658333920395,0.4977902972251724,0.09747553616686716,0.677713927704793,0.651315230520695,0.02639869718409804,0.5991207687570578,0.5047134845644102,0.09440728419264754
323,0.6804975886196455,0.6588982259405493,0.021599362679096235,0.6178105759561836,0.5148453452870123,0.10296523066917129,0.6839853200964128,0.6643875021485908,0.019597817947822005,0.6223206683874647,0.5214610217339464,0.10085964665351832
324,0.657439221226024,0.649518511506579,0.00792070971944503,0.6054578705241129,0.5049908066274558,0.10046706389665716,0.6577796726282095,0.6534937164042323,0.004285956223977205,0.6090334917396727,0.5121825313473185,0.09685096039235419
325,0.690696870861983,0.6315395551085361,0.05915731575344685,0.6381467219618847,0.5038073457743545,0.13433937618753022,0.6942331139105928,0.6368344931741883,0.05739862073640456,0.642867012274329,0.5098472577411937,0.1330197545331353
326,0.675108182342937,0.6375130803747376,0.037595101968199374,0.610996822420607,0.5018605768360871,0.10913624558451995,0.6770748246702406,0.6419813423758414,0.035093482294399236,0.6139775815945088,0.5076103026638027,0.10636727893070608
327,0.6818127643422089,0.6467218615985076,0.0350909027437013,0.6141332757236417,0.4997119515802617,0.11442132414338002,0.6833034750997091,0.6510566373040186,0.032246837795690486,0.6180010439738993,0.5068982300052269,0.11110281396867239
328,0.6729508113317814,0.6409926852900188,0.031958126041762513,0.6253816516202295,0.5069249788427695,0.11845667277745997,0.6738908465326718,0.6449276509779538,0.028963195554718046,0.627719861922895,0.5123866114532095,0.11533325046968546
329,0.6808484658112459,0.6387459434196243,0.0421025223916216,0.6177536822353076,0.5092004764040214,0.10855320583128614,0.683630247619733,0.6427596281699165,0.040870619449816514,0.6233658528648403,0.51413393489563,0.10923191796921028
330,0.6760901311971887,0.6428110247201028,0.033279106477085985,0.613545638164729,0.5073514385886372,0.10619419957609177,0.6782054347373991,0.6498900870445994,0.028315347692799753,0.6190150855310059,0.5157969714700265,0.10321811406097947
331,0.67053779174386,0.6381065185858599,0.032431273158000096,0.6041510246711493,0.5031435608770621,0.1010074637940872,0.6737780086220554,0.6436681538518619,0.030109854770193456,0.6084948817047056,0.511991880549589,0.09650300115511656
332,0.6679428511606336,0.6271464638833971,0.040796387277236446,0.6138448998895247,0.5049078634324302,0.10893703645709452,0.6699622078176091,0.6298657444260396,0.04009646339156947,0.6180608094112099,0.5103327841976558,0.10772802521355407
333,0.6629218873608567,0.6441441053790739,0.018777781981782815,0.5888990693550771,0.5011299379256526,0.08776913142942444,0.6645166812711363,0.6496355821012039,0.01488109916993241,0.5928507815300379,0.5083187689817089,0.08453201254832898
334,0.662125675370578,0.6428954469902217,0.019230228380356262,0.6137237325544108,0.5244310263087137,0.08929270624569707,0.6640128301276607,0.6470673138283451,0.01694551629931551,0.6174703835007349,0.5305591735735341,0.0869112099272008
335,0.6714622863738618,0.651577339238111,0.01988494713575084,0.6094471807872742,0.5170695024462673,0.09237767834100696,0.6734498936227249,0.6550605241925744,0.01838936943015046,0.6125634930954724,0.5227644905780016,0.08979900251747086
336,0.6672146674998635,0.6429741971885674,0.02424047031129606,0.6196860137878725,0.5248567852174224,0.09482922857045006,0.669522134804048,0.6477292469789606,0.02179288782508737,0.6242377742805157,0.5315863536816955,0.09265142059882026
337,0.6717220328045954,0.6490991064475133,0.022622926357082074,0.6120359839196902,0.5156123440470934,0.09642363987259672,0.6750073634181699,0.6553563979752541,0.01965096544291578,0.6162854174323038,0.5234474722594993,0.09283794517280453
338,0.6709670838907749,0.6527762228642633,0.018190861026511573,0.6199175091411375,0.529615928161074,0.09030158098006358,0.6736142035047035,0.6563030812493683,0.017311122255335154,0.622687210189006,0.5355804787685311,0.08710673142047487
339,0.6664429922024981,0.6487447074770376,0.017698284725460534,0.6180601942067192,0.5165248213474929,0.10153537285922631,0.6693194276383199,0.6550251664718421,0.014294261166477806,0.6220574653614186,0.5249340125266031,0.0971234528348155
340,0.6853471208551994,0.6508347871025945,0.034512333752604984,0.6281356009191519,0.5214310229894392,0.10670457792971266,0.6906237832289468,0.6564252313253134,0.03419855190363341,0.6344003890943426,0.5288511554064196,0.10554923368792302
341,0.6828746581645468,0.651369653578896,0.031505004585650864,0.6416242207893278,0.5331871410245319,0.10843707976479589,0.6857988937683073,0.6567600474437285,0.02903884632457876,0.645241733712606,0.5399308203208952,0.10531091339171073
342,0.6664732568981466,0.6462217652326777,0.020251491665468913,0.6209269913315638,0.5113692351413849,0.10955775619017893,0.668772322493765,0.6518646890562798,0.016907633437485137,0.6256575955655346,0.520202191268831,0.10545540429670353
343,0.6613261954406009,0.6327442121358776,0.02858198330472328,0.6119153973085395,0.5139348557390412,0.09798054156949831,0.6629084325990482,0.6372436055318085,0.025664827067239715,0.6142632320037374,0.5203154054226227,0.09394782658111478
344,0.6495142008349075,0.6239858757951253,0.025528325039782196,0.5892545722295506,0.4966467792341021,0.09260779299544847,0.6514821228925406,0.6290068589851705,0.02247526390737009,0.5917997557276798,0.5033150779429393,0.08848467778474056
345,0.6746505354568779,0.6288579685137887,0.0457925669430892,0.622245952485551,0.5026090605133551,0.11963689197219596,0.6773674315527914,0.6341244953778582,0.043242936174933244,0.6267184877722989,0.5098789723962066,0.11683951537609227
346,0.6784544819208417,0.6472867277826402,0.031167754138201498,0.6236665223465436,0.5110201047698195,0.11264641757672411,0.6817319836057072,0.6514851921256228,0.030246791480084356,0.6288661975860153,0.5164456249341183,0.11242057265189698
347,0.6721712987449223,0.645909368449023,0.026261930295899294,0.6207037035765486,0.5211149027087368,0.09958880086781174,0.6743394413073733,0.6500781614217312,0.024261279885642084,0.6237029320168881,0.5268991049419567,0.0968038270749314
348,0.6962727824560929,0.6405677956635549,0.05570498679253799,0.6435756853625564,0.496605640941431,0.14697004442112538,0.7004061304289501,0.6455348948451379,0.05487123558381213,0.6475808363118882,0.5030735427916608,0.1445072935202274
349,0.6656334375099435,0.6456832738722112,0.019950163637732277,0.6241991937412397,0.5259937380193864,0.09820545572185324,0.6682592155540314,0.651041372227117,0.01721784332691445,0.630131693534016,0.5327945810990938,0.09733711243492216
350,0.6537803152135848,0.6301165771242959,0.0236637380892889,0.6120341197564292,0.5280198181995351,0.08401430155689404,0.6562111487721838,0.6346549693433559,0.021556179428827926,0.6139199245226805,0.533472459884535,0.08044746463814556
351,0.6814471847685071,0.6349447367611865,0.04650244800732062,0.6314997014736206,0.5045005350484026,0.1269991664252179,0.6857572726462116,0.6399605410360002,0.04579673161021136,0.6369298885838924,0.5113682388760616,0.1255616497078308
352,0.6549812794806747,0.6408830078479857,0.014098271632689063,0.5924160893432278,0.5010884534983493,0.09132763584487846,0.6559147273449804,0.6445750631601113,0.011339664184869092,0.595102309040241,0.5063781877505613,0.08872412128967966
353,0.6668935773052118,0.6313327873672337,0.035560789937978066,0.6257969863992073,0.5271444740532527,0.09865251234595462,0.6700770753949543,0.6363039175890015,0.0337731578059528,0.6286457081517447,0.5334427182496013,0.09520298990214338
354,0.6643460264758168,0.657916469838653,0.006429556637163714,0.6051558483775206,0.5261607442293179,0.07899510414820266,0.666614544627254,0.6625882206916345,0.004026323935619525,0.6085908333309401,0.5322714006817967,0.07631943264914343
355,0.6607962988035432,0.6473139973341696,0.01348230146937357,0.6154946312371832,0.5248688363603805,0.09062579487680267,0.6643684793641882,0.6551307059064879,0.009237773457700271,0.6202622470610591,0.5338984020008577,0.08636384506020145
356,0.6676876635655613,0.6409255912633669,0.026762072302194406,0.6081053555035036,0.5020555146257454,0.10604984087775826,0.6684945476674485,0.6442439176127985,0.024250630054650002,0.610872291768519,0.5093974833649025,0.10147480840361645
357,0.6680673924926325,0.6391137203701246,0.02895367212250788,0.6297542229103748,0.5228077434858835,0.1069464794244912,0.6711930486585969,0.6443925976768272,0.02680045098176964,0.6333147287293641,0.5278874871271194,0.1054272416022447
358,0.6549092869467461,0.6368812932926868,0.01802799365405927,0.5965846255895777,0.5083834694607106,0.08820115612886714,0.656971037743485,0.6426548496141318,0.014316188129353202,0.6011889094749977,0.5157362114527637,0.08545269802223399
359,0.667836991390569,0.6418735875685551,0.025963403822013897,0.6109555497460089,0.511494173169674,0.0994613765763348,0.6701416520314614,0.6464381330313876,0.023703519000073725,0.6136617108604709,0.5178688330089114,0.09579287785155954
360,0.6592676191807798,0.6585867435677871,0.0006808756129926818,0.6035170468981252,0.5284564916181197,0.07506055528000555,0.6622551696206039,0.6639056625386552,-0.001650492918051305,0.608735677035226,0.5357927728157419,0.07294290421948413
361,0.6590691254298596,0.6628260672554367,-0.003756941825577065,0.6044559609283989,0.5356321966817678,0.06882376424663117,0.6602245887452292,0.6683631259546823,-0.008138537209453123,0.6078407640463517,0.5432443925988304,0.06459637144752128
362,0.6597318973207723,0.6457019013095335,0.014029996011238777,0.6012206753279488,0.5217007117409309,0.07951996358701785,0.6613393859629277,0.6504603214482679,0.010879064514659809,0.6042904279166696,0.5286132883685917,0.07567713954807798
363,0.6734167435064488,0.65216241878518,0.021254324721268758,0.6214584184592613,0.5311994799174542,0.09025893854180711,0.6762434225029387,0.6579657611563463,0.018277661346592367,0.623481986289375,0.5374993047362182,0.0859826815531568
364,0.6892638672734704,0.6581632838536754,0.031100583419795047,0.630849412781276,0.5211305945944907,0.1097188181867853,0.6918279016211448,0.6624399700712078,0.02938793154993702,0.6360615313815599,0.5266261150504516,0.1094354163311082
365,0.6595493656651619,0.6456627048806908,0.013886660784471094,0.6184987167377075,0.5258916134403016,0.09260710329740596,0.6613959375935997,0.6506210608478289,0.010774876745770823,0.621311619469006,0.5332229593167316,0.08808866015227446
366,0.659443030454353,0.6431864565517963,0.016256573902556748,0.6004996831312721,0.5057537308385439,0.0947459522927282,0.6606201888827176,0.6491300370178226,0.011490151864894993,0.604523303166868,0.5139940812102166,0.09052922195665136
367,0.6824161442722945,0.6639134620966617,0.01850268217563278,0.6348434938987989,0.5382049050765256,0.09663858882227327,0.6856479166310895,0.6694287506156604,0.016219166015429054,0.6401878326153981,0.5452989908805743,0.09488884173482381
368,0.6904072847680508,0.6581325348840231,0.032274749884027676,0.6345604211377506,0.5216651922402095,0.11289522889754111,0.6946134503562641,0.6626749611733835,0.03193848918288056,0.6387985897646529,0.5280635058892169,0.11073508387543596
369,0.6658214839357837,0.6410371355198711,0.024784348415912594,0.5918305915243627,0.49961831875967927,0.09221227276468341,0.6680849393161626,0.6464608210231024,0.021624118293060213,0.5959683353652028,0.506773187942053,0.08919514742314982
370,0.6661946019827207,0.6711498141123052,-0.004955212129584496,0.618183940639109,0.5480814997007815,0.07010244093832751,0.667635051022955,0.6772686316882393,-0.009633580665284303,0.6218861542663865,0.5555646837047437,0.06632147056164284
371,0.6591906076266589,0.6388481250682381,0.02034248255842086,0.6167049587779028,0.5261775587713988,0.09052740000650394,0.6609764798877646,0.6420961852612403,0.018880294626524297,0.6199469769480396,0.5328380144878682,0.08710896246017141
372,0.6628718070665636,0.6275894866996955,0.03528232036686807,0.6029217646906555,0.4934094129073471,0.10951235178330843,0.6641102144631136,0.6313153431504596,0.03279487131265402,0.6061455158879373,0.49939829807819097,0.10674721780974633
373,0.6815297121319271,0.6515306096368634,0.029999102495063767,0.6252760164510804,0.5070580787488479,0.11821793770223255,0.6843038247865588,0.6566048111996726,0.0276990135868862,0.6299156582343881,0.5134987413610363,0.11641691687335176
374,0.6639653175191593,0.6527305298921755,0.011234787626983822,0.6040479983679357,0.5121172601572548,0.09193073821068087,0.6650705634732604,0.656590608112388,0.008479955360872427,0.6084449557115441,0.51782946195515,0.0906154937563941
375,0.663856190691893,0.6299740215197838,0.03388216917210918,0.6076036970094638,0.5035049867366701,0.10409871027279372,0.6664716406594982,0.6343265679163317,0.03214507274316647,0.6106261870984824,0.5090645532508189,0.10156163384766348
376,0.6543300853534656,0.6456187867468046,0.008711298606660978,0.5996021418408775,0.5200703568842246,0.0795317849566528,0.6569613183846414,0.6498653868695778,0.007095931515063603,0.6029045187624777,0.526440105662888,0.07646441309958973
377,0.661539090318751,0.6392857680169179,0.02225332230183308,0.6137816412362826,0.5104923902474338,0.10328925098884889,0.6637545554484114,0.6437959376024966,0.019958617845914794,0.6179075346072463,0.5169193765941427,0.10098815801310368
378,0.6615156787261457,0.6305136914274652,0.031001987298680533,0.5987116379767041,0.4945815683150821,0.10413006966162203,0.6641616089405361,0.6333975256555369,0.030764083284999244,0.6024876626861245,0.4997726051005662,0.10271505758555832
379,0.6543158971312549,0.6380874138812045,0.01622848325005044,0.6086546233587012,0.5311302914080045,0.07752433195069675,0.6569250888171418,0.6425308165266546,0.014394272290487287,0.6127498853613588,0.5370193444852562,0.07573054087610254
380,0.6694402171426084,0.6380515650070928,0.03138865213551556,0.5999726415972468,0.5023670883407299,0.09760555325651699,0.6715671099637377,0.6431213302620025,0.02844577970173523,0.6043598832915404,0.5097182455874903,0.0946416377040501
381,0.6811355977253246,0.6341156420824149,0.04701995564290973,0.6152638090703078,0.48723263755685525,0.1280311715134525,0.6839165262337115,0.639570172331615,0.044346353902096514,0.6203724947605203,0.49649138219075617,0.12388111256976408
382,0.6676772190000995,0.65482378221482,0.012853436785279504,0.6028044639673736,0.5105664403272128,0.09223802364016087,0.6688370831579815,0.659580882712866,0.009256200445115548,0.6066265631440482,0.5187738820010755,0.08785268114297262
383,0.6685054538200926,0.6336781347445789,0.03482731907551373,0.6322288695636146,0.5168054531520552,0.1154234164115594,0.6706911403812614,0.6383046365115206,0.032386503869740846,0.6362951407302401,0.5228998977684808,0.11339524296175929
384,0.6485377601344028,0.6394560403827693,0.009081719751633521,0.6028781248179236,0.5313294286567871,0.07154869616113646,0.6510443665482141,0.642703514153649,0.008340852394565057,0.6056008278453711,0.5369383530865464,0.0686624747588247
385,0.6668517345346614,0.6589726631393298,0.007879071395331616,0.622109835138319,0.5306298704719636,0.09147996466635533,0.6681609292876254,0.664370981435239,0.0037899478523863994,0.6253749455495774,0.5381930797507816,0.08718186579879583
386,0.6645720118283185,0.6414914710707058,0.023080540757612678,0.6202683906868758,0.5225287861815988,0.09773960450527697,0.6667881040490589,0.6459092637970946,0.020878840251964292,0.6236390412524346,0.5282036672001319,0.09543537405230273
387,0.6619750385990313,0.6246995042576651,0.03727553434136621,0.5956839594557266,0.4861369372126475,0.1095470222430791,0.6645038631163049,0.6310255210692345,0.03347834204707045,0.600372035839296,0.4932115004429144,0.1071605353963816
388,0.6361779187642504,0.6517790649729297,-0.01560114620867925,0.5742981124339022,0.5189515424830717,0.055346569950830427,0.6365623879690098,0.6568114607828252,-0.020249072813815383,0.5783780586885585,0.5260090830551954,0.05236897563336307
389,0.6646721286594461,0.6514642050969413,0.013207923562504886,0.6107259799630077,0.5268024800515971,0.08392349991141057,0.6660681768256602,0.6571108986564744,0.00895727816918579,0.6133935606625271,0.535107270295692,0.0782862903668351
390,0.691062287607003,0.6539089599048948,0.03715332770210811,0.6468913316081275,0.5227337591980088,0.12415757241011871,0.6937075390726147,0.6574300595244565,0.03627747954815819,0.6499074383209127,0.5283905119887946,0.12151692633211808
391,0.6613576893345391,0.6436516445334318,0.017706044801107268,0.6046892618287283,0.5185682082983116,0.08612105353041666,0.6625708875341056,0.6484064416912234,0.014164445842882234,0.606425338127045,0.5240417224469399,0.0823836156801051
392,0.6627261116944942,0.6408146030327971,0.02191150866169711,0.6040565958278199,0.5066233304250682,0.09743326540275166,0.6636501820519607,0.6451302283435086,0.018519953708452053,0.6067008458349942,0.5128667691008275,0.09383407673416666
393,0.6707262622996347,0.6464362254286482,0.02429003687098652,0.631091356893674,0.522382789353336,0.10870856754033797,0.6744895299831851,0.6528524008835209,0.0216371290996642,0.6371094450057881,0.5303662289529323,0.10674321605285586
394,0.6716047845863563,0.6305399497738343,0.04106483481252199,0.629421719084762,0.5079626755197273,0.12145904356503467,0.6736787511556106,0.6339559005683983,0.039722850587212255,0.6335345044109266,0.5123787850115554,0.1211557193993712
395,0.6738538105281213,0.6487712854709118,0.025082525057209537,0.6271534286471454,0.5279868825441764,0.09916654610296904,0.676873315558342,0.6536883111219721,0.023185004436369838,0.6305421668085511,0.5348620920665041,0.09568007474204698
396,0.6742230700422027,0.6617092666870554,0.01251380335514729,0.6210314409164598,0.5328936757236458,0.08813776519281402,0.6762215868841751,0.665969464656631,0.010252122227544125,0.6257494515220392,0.5403302518615544,0.08541919966048483
397,0.6679267708866401,0.6465877522600445,0.021339018626595596,0.604280138376257,0.508572273742713,0.09570786463354408,0.6695094956812963,0.6510551285023652,0.018454367178931008,0.607151709348233,0.5163593277234122,0.09079238162482084
398,0.6750891169707987,0.651916104771507,0.023173012199291687,0.6293003997292201,0.5267491602214565,0.10255123950776368,0.6792672136064477,0.657618720193381,0.02164849341306674,0.6332803345016558,0.5337965380454606,0.0994837964561952
399,0.6709159167941376,0.6527932483218948,0.018122668472242864,0.5983689662961973,0.5034295488347296,0.09493941746146772,0.6720733007741462,0.6575086894055944,0.014564611368551805,0.602426085916079,0.510888554251999,0.09153753166408007
400,0.6879254973664176,0.6406682308228279,0.04725726654358975,0.6334368647661492,0.500963417420174,0.13247344734597521,0.6915911557238605,0.6448253478033144,0.04676580792054619,0.637431326573372,0.507053345055742,0.13037798151763003
401,0.689504473850717,0.6464837159371426,0.0430207579135744,0.6397796546272538,0.5172776433734786,0.12250201125377524,0.6939956939875909,0.6512296518921348,0.04276604209545609,0.6449874959779303,0.5228581834287058,0.12212931254922443
402,0.6768936344375962,0.6574600105932203,0.019433623844375858,0.6453572338613678,0.5536027798583878,0.09175445400297999,0.6805519839512124,0.6626533082160042,0.017898675735208203,0.650452686161548,0.5604726502620261,0.08998003589952197
403,0.6581351654665337,0.6501833189812876,0.007951846485246161,0.589302426012807,0.5056377500790966,0.08366467593371041,0.6611981446685502,0.6553615626251874,0.005836582043362792,0.5941420240737227,0.5129353952960258,0.08120662877769691
404,0.6554229591072528,0.6477822954605954,0.007640663646657386,0.6083271640596032,0.5360185531260164,0.07230861093358676,0.6581523289691094,0.6542973120367555,0.003855016932353905,0.6123372382766167,0.5440306907082706,0.06830654756834609
405,0.670080266809192,0.6281176808721516,0.041962585937040386,0.6000585642606284,0.4900782260682698,0.10998033819235864,0.6743851230476894,0.6355372620045049,0.038847861043184495,0.607199084347442,0.5001349499924517,0.10706413435499029
406,0.689469198224589,0.6397750600550627,0.04969413816952628,0.6238749458050487,0.49566194269748814,0.1282130031075605,0.6922351265097628,0.6442359598690319,0.047999166640730895,0.6270836632193547,0.5007748673420749,0.12630879587727983
407,0.6593892282713222,0.6575156622623504,0.0018735660089718165,0.6155496715780807,0.5381140146261697,0.07743565695191101,0.6602530123214534,0.6633445082360032,-0.0030914959145498244,0.6185485640045222,0.5461185215329646,0.0724300424715576
408,0.6770455821600908,0.6531650262412345,0.023880555918856294,0.6129130189991416,0.5119946176827903,0.10091840131635132,0.6794860758029262,0.6593076720489983,0.020178403753927876,0.6185512033579679,0.51985166256094,0.09869954079702792
409,0.6777821470973865,0.6317344467791617,0.046047700318224805,0.6176158272689887,0.49996933428800344,0.11764649298098523,0.6797140559747613,0.6373752248438769,0.042338831130884436,0.6212625043505222,0.5071827594158812,0.11407974493464101
410,0.6611159686236663,0.6542543570657869,0.0068616115578793435,0.5947430095735322,0.5127833944109481,0.0819596151625841,0.6630561034789573,0.6585882329832715,0.004467870495685755,0.5993539462554069,0.5218325588026046,0.07752138745280235
411,0.6528769668904454,0.6568826222653212,-0.0040056553748758494,0.6088793632261607,0.5395135979474808,0.06936576527867988,0.6541577527997287,0.6616992108909074,-0.007541458091178788,0.6123656191424516,0.5460844411806567,0.06628117796179489
412,0.686552028408606,0.6456362226562469,0.04091580575235909,0.6384992571112748,0.510257169843515,0.12824208726775976,0.6889202466018861,0.6500003621294426,0.038919884472443544,0.6418203934750736,0.5165885880265928,0.12523180544848078
413,0.6616637034621902,0.6456017754584622,0.016061928003727965,0.6014429497835074,0.5136017901633532,0.08784115962015426,0.6640435226378332,0.6514137009747216,0.012629821663111551,0.6056784403817282,0.5219020073646079,0.08377643301712034
414,0.6679021160349281,0.634060388236927,0.0338417277980011,0.6138698572260405,0.5060010094576302,0.10786884776841033,0.669946672042216,0.6376381931019508,0.03230847894026523,0.6175356216841389,0.5113019862171015,0.10623363546703735
415,0.6817351213405238,0.661595844568567,0.020139276771956816,0.6538218698099755,0.5574174244974928,0.09640444531248271,0.6851679933769632,0.6666099121760657,0.018558081200897525,0.6568667022198331,0.5628547788820145,0.0940119233378186
416,0.671861479104742,0.6424749266746718,0.029386552430070267,0.6078461124138662,0.5057624776569245,0.10208363475694171,0.6737496558586984,0.645686893030808,0.028062762827890442,0.6139003605503632,0.5119388246302352,0.10196153592012802
417,0.6707104827182029,0.6682414162157219,0.002469066502481021,0.6156966985240561,0.5318828568045924,0.08381384171946371,0.6713055675027886,0.6716139316129836,-0.0003083641101949697,0.6186442034271129,0.5372315562624919,0.08141264716462104
418,0.6577136928732656,0.6394003666480841,0.01831332622518156,0.6074921595900507,0.5176549928911164,0.08983716669893427,0.6610493621595185,0.6453570646227129,0.015692297536805566,0.6130957889847408,0.5254541160209496,0.08764167296379122
419,0.6723504340995332,0.6432519655420184,0.029098468557514856,0.618221600483583,0.506557875137174,0.111663725346409,0.6754089406658801,0.6485414845865063,0.026867456079373797,0.6232856171013341,0.514004376807274,0.10928124029406017
420,0.6549556973607719,0.6404798128623073,0.014475884498464597,0.6001580607293235,0.5160112760528374,0.08414678467648617,0.6561254663354221,0.6444639593596534,0.011661506975768732,0.6029531413143876,0.5228502064605064,0.0801029348538812
421,0.674456944704889,0.6550212879035934,0.019435656801295664,0.6182837537617929,0.5283569487736752,0.08992680498811767,0.6772369021476163,0.660307703372225,0.01692919877539134,0.6221305022086778,0.5353546691717967,0.08677583303688108
422,0.6762255285596335,0.6517545528716157,0.024470975688017815,0.6143762900674831,0.5200742955419451,0.094301994525538,0.6784319475247018,0.6574030797515334,0.02102886777316837,0.617959108611049,0.5274617348604567,0.0904973737505923
423,0.6795586422208082,0.6439668012249443,0.03559184099586388,0.5962295794601082,0.49183649616404446,0.10439308329606378,0.6801449006691866,0.6483792840368,0.03176561663238664,0.5989499638146278,0.4989331026760173,0.10001686113861052
424,0.6664846295340899,0.6311102761015672,0.03537435343252271,0.600308987267394,0.49106124907276816,0.10924773819462585,0.668581832436937,0.6377587669239777,0.030823065512959325,0.604609192265568,0.4984803792039991,0.10612881306156885
425,0.6788119751355246,0.6609909901529156,0.01782098498260898,0.6216713426032718,0.5307328178026094,0.09093852480066245,0.6799402807116453,0.6663775198459263,0.013562760865718948,0.6241131727454131,0.538375275133709,0.08573789761170414
426,0.6677596657216223,0.636466872540242,0.03129279318138023,0.6141465576283986,0.5143919145504758,0.09975464307792281,0.6712125810166802,0.6411192508535806,0.030093330163099674,0.6191963574547474,0.5214631775201666,0.09773317993458086
427,0.671479582714921,0.6432517233349266,0.02822785937999439,0.6187675208474482,0.517301962347529,0.10146555849991923,0.6734329755355821,0.6479570268207375,0.0254759487148446,0.6219405485387133,0.5235563387383991,0.09838420980031415
428,0.6707111848274294,0.657018275195091,0.01369290963233838,0.6196062917544555,0.5239814550707703,0.09562483668368515,0.6724998520408185,0.6616050614063724,0.010894790634446094,0.6248354946627497,0.5305703704784844,0.09426512418426525
429,0.6583448454437357,0.6459229977345452,0.012421847709190525,0.6114175373089371,0.5189358347874509,0.09248170252148624,0.660514645666826,0.6509740849518822,0.009540560714943802,0.6154922007284667,0.5254891316991427,0.09000306902932398
430,0.6712100341034223,0.6390231293805414,0.03218690472288088,0.6225686003284496,0.519686894253291,0.10288170607515867,0.6739795700044401,0.6453368271393636,0.02864274286507651,0.625680993457621,0.5274604691125405,0.09822052434508044
431,0.6717044539866937,0.6460739817521792,0.025630472234514423,0.6017295133529295,0.49982776627404163,0.10190174707888783,0.6737116419975502,0.6505738627330555,0.023137779264494673,0.6059645529481379,0.5067112843401379,0.09925326860799999
432,0.6861292457957229,0.6371019838822428,0.04902726191348006,0.6139395006456618,0.4835352890550691,0.13040421159059273,0.6875021082784123,0.6408107615493346,0.04669134672907771,0.6168289096157572,0.48994292471872186,0.12688598489703534
433,0.6572190715679462,0.6401246127934231,0.01709445877452309,0.5984882356450114,0.5107778559640905,0.08771037968092088,0.6586862140247893,0.6429841991357128,0.01570201488907652,0.6012543169708686,0.5152563793886662,0.08599793758220242
434,0.6686903014372456,0.6632263641392336,0.005463937298011978,0.600722318135759,0.521125592661988,0.07959672547377106,0.6709548690998035,0.6686478754659302,0.002306993633873322,0.6039232659661646,0.5285449638689115,0.07537830209725316
435,0.6749658040976634,0.656656475703768,0.01830932839389543,0.6177540134805772,0.5258064963278458,0.09194751715273142,0.6781200013123987,0.6605051939979815,0.017614807314417225,0.6224238538386193,0.5312852723465988,0.09113858149202048
436,0.671061508006081,0.647070854148209,0.023990653857872024,0.6174314252959381,0.5195272186300159,0.09790420666592214,0.6735852032605185,0.6518167359566687,0.021768467303849848,0.6219502046994861,0.5272664792200672,0.09468372547941895
437,0.6726310889058309,0.6487263333482247,0.023904755557606183,0.6241978309276192,0.5172661416592734,0.10693168926834573,0.6756702123056884,0.6558107048713884,0.019859507434299983,0.62870121380312,0.5258743793505031,0.10282683445261698
438,0.672100907856195,0.63350772898255,0.038593178873644995,0.6170664031668922,0.49869774708483805,0.11836865608205416,0.6762353652179791,0.638447039612736,0.037788325605243145,0.620862427007312,0.505184238306681,0.11567818870063096
439,0.6831886649654902,0.6462625684871863,0.036926096478303916,0.6166648761223614,0.5056928152219875,0.11097206090037393,0.6853936958358298,0.6516707198119184,0.03372297602391139,0.6210684457678503,0.5132163636677893,0.10785208210006092
440,0.6707169739605305,0.6503572155289519,0.020359758431578667,0.6244961432116531,0.52165637142968,0.10283977178197312,0.6738039576411378,0.6560194810524383,0.017784476588699416,0.629588294024356,0.5301288010450309,0.0994594929793251
441,0.6558771389523506,0.6483729910245838,0.007504147927766769,0.6106348533006132,0.5285538726703918,0.0820809806302214,0.6579917105066109,0.6538700888673117,0.004121621639299189,0.614553186645167,0.536505345635159,0.07804784101000806
442,0.6657415125575854,0.6323243717339254,0.033417140823659985,0.6206307557766682,0.5184834537705008,0.1021473020061674,0.6690399911530387,0.6368075310800752,0.03223246007296354,0.6247954541220421,0.5237970347334344,0.10099841938860765
443,0.6424760381172141,0.645651961906133,-0.003175923788918955,0.6058630337992751,0.5424561626681241,0.06340687113115095,0.6426504967986311,0.6503284926181747,-0.007677995819543648,0.6095590609699965,0.5500436109054787,0.05951545006451775
444,0.67726704828452,0.6331551048920011,0.04411194339251889,0.6152288656990147,0.497810103168452,0.11741876253056271,0.6790173050469834,0.6374247918736369,0.04159251317334656,0.6181268189025215,0.5044560291885462,0.11367078971397537
445,0.6448121356091737,0.6405734911460892,0.004238644463084529,0.6019106480738471,0.5242716901508898,0.07763895792295727,0.6463243839035423,0.644321510289702,0.002002873613840328,0.6055204102669371,0.5301193966884586,0.0754010135784785
446,0.6625829917069407,0.6376113494991086,0.0249716422078321,0.6101375323955912,0.5161771572433668,0.09396037515222444,0.6646558459097849,0.64194537571556,0.022710470194224897,0.6151589363326355,0.5247584391018493,0.09040049723078625
447,0.6671572231237748,0.6462346297051679,0.020922593418606916,0.6180242941405704,0.5175416156186128,0.10048267852195758,0.6694698253350729,0.65211941139529,0.017350413939782983,0.6215788577725228,0.5233047504387013,0.09827410733382147
448,0.6740194545470085,0.6369747594743749,0.03704469507263364,0.62110428402812,0.5154983852449408,0.10560589878317916,0.6775180411801139,0.6416281420999546,0.03588989908015938,0.6245490717760671,0.5227744861885715,0.10177458558749564
449,0.6657786659749734,0.65475082335094,0.011027842624033335,0.6039993082997903,0.5147328689290469,0.08926643937074341,0.6667837480376342,0.6596073547164251,0.007176393321209118,0.6076305710659631,0.520837463411189,0.0867931076547741
450,0.6496274994152693,0.6445665196533656,0.005060979761903672,0.5759651441581451,0.5087293971378468,0.06723574702029833,0.6507656043624651,0.6476260621968744,0.0031395421655907585,0.5788355220037653,0.5155476823317501,0.06328783967201523
451,0.6801716412237551,0.6300785973088681,0.050093043914887,0.6214135922911512,0.5073978611921794,0.11401573109897178,0.6833422236714379,0.6352229877929965,0.04811923587844147,0.6249293798540652,0.5144186238730543,0.1105107559810109
452,0.6807167425457885,0.6736056397350869,0.007111102810701597,0.6266771077429263,0.5303752433604744,0.09630186438245192,0.6831628331396653,0.6793147723480067,0.0038480607916585585,0.6311455375701329,0.5382962752596447,0.09284926231048818
453,0.6827183682594051,0.6601380812805313,0.02258028697887382,0.6111164002099685,0.5132983030938947,0.09781809711607381,0.6848074626129911,0.6653449672205247,0.01946249539246636,0.6136217100134249,0.5206127546855437,0.09300895532788123
454,0.6676586279166046,0.6372564961573459,0.030402131759258655,0.6067577832710018,0.5056191605957944,0.10113862267520746,0.6696918845527502,0.6412227947152374,0.02846908983751284,0.6098848641197087,0.511947450638915,0.09793741348079366
455,0.6629194217802042,0.654599519683685,0.008319902096519227,0.6197247105228987,0.5325277345129648,0.08719697600993392,0.6651424794207063,0.6606915499534922,0.004450929467214038,0.6238497902040503,0.5411800797223851,0.08266971048166516
456,0.6718194692927578,0.6553365577797415,0.016482911513016285,0.620365081114841,0.5320181538590639,0.08834692725577709,0.6736816169907046,0.6602040425963669,0.013477574394337721,0.6240416868562259,0.5379277725364339,0.08611391431979198
457,0.6532477573101451,0.6573180961007541,-0.004070338790609029,0.6019635769778585,0.5432786386923723,0.058684938285486266,0.6546189219228211,0.6629514343502765,-0.008332512427455363,0.6061275722844751,0.5523442986180243,0.05378327366645086
458,0.670272126408922,0.6436287814935512,0.026643344915370792,0.6219015596065565,0.5193811656440821,0.10252039396247437,0.6709713805102081,0.6479387974018399,0.0230325831083682,0.6243401796628163,0.5256861789970096,0.09865400066580665
459,0.6518557142781382,0.6387399163468097,0.013115797931328443,0.6031517298139835,0.517395039386933,0.08575669042705047,0.6541634972046039,0.6426759632266401,0.01148753397796376,0.6085846849804176,0.5237927881024591,0.08479189687795852
460,0.6738319877931902,0.6539349580193059,0.0198970297738843,0.6017133758901531,0.5081553183619969,0.09355805752815616,0.676700396656015,0.6583764529102588,0.018323943745756188,0.6053179498361032,0.5153252182317938,0.08999273160430943
461,0.6693611582873925,0.6709652287797596,-0.0016040704923671045,0.6052352160185184,0.5275193404752138,0.07771587554330461,0.6713032675766644,0.677580673921669,-0.006277406345004621,0.6086616888980386,0.5357178007920773,0.07294388810596131
462,0.665662136275141,0.653259810936827,0.01240232533831409,0.6067089131158551,0.5282050662596474,0.0785038468562077,0.6679632198694209,0.6567391847778135,0.01122403509160741,0.6095466231473874,0.5339785986748626,0.07556802447252475
463,0.6632170382371609,0.6467347421225382,0.016482296114622708,0.6109402986102257,0.5200625800247175,0.0908777185855082,0.6640416553935822,0.6495438488348599,0.014497806558722237,0.6137192369789206,0.5253705647238583,0.08834867225506227
464,0.6647281774595993,0.6310501818457771,0.03367799561382223,0.594132782992977,0.49154372157745,0.10258906141552698,0.665811216209762,0.6361106603686724,0.02970055584108966,0.596822835325,0.4986230006367821,0.09819983468821791
465,0.6551078636003299,0.6405104396475221,0.014597423952807831,0.5999007825371542,0.5157268699264241,0.08417391261073004,0.6572725628836276,0.646537370704194,0.010735192179433528,0.602823669018731,0.5244596314853791,0.07836403753335186
466,0.6614359600122267,0.6452632707017345,0.016172689310492205,0.6021580616660273,0.5191644533484667,0.08299360831756053,0.6641700776499739,0.6511284843219345,0.013041593328039447,0.6056265497623277,0.5259824488097218,0.07964410095260588
467,0.6640073766732727,0.6332267495793147,0.030780627093958013,0.6076815703111775,0.4961451157671011,0.11153645454407646,0.6648225184754852,0.6381782904416439,0.026644228033841366,0.6113479572003124,0.5028044327477282,0.1085435244525842
468,0.6719118851893736,0.6445047968829338,0.027407088306439786,0.6239075118454673,0.5087199850811563,0.11518752676431099,0.6752832845829383,0.6502354357276077,0.025047848855330623,0.6285997547278247,0.515675047109697,0.11292470761812767
469,0.6679572054014965,0.643358736362636,0.024598469038860538,0.6080290614151697,0.5050257538498583,0.1030033075653114,0.6692572347075283,0.647484045764823,0.0217731889427053,0.6122792536079467,0.5118715701030109,0.10040768350493579
470,0.6801533971960714,0.64963474622665,0.030518650969421413,0.611023966627036,0.5032399751268213,0.10778399150021467,0.6834943307518637,0.6543156997168803,0.029178631034983415,0.6160136875806312,0.510329524058087,0.10568416352254428
471,0.6679022150845801,0.6439780139589212,0.02392420112565896,0.6078894571291918,0.5215807229883185,0.08630873414087337,0.6705783144249786,0.6494361805185485,0.02114213390643016,0.6126151078014392,0.5293488003767809,0.08326630742465835
472,0.6620451997523298,0.6384071481268925,0.023638051625437306,0.6054650322303732,0.5085842148585096,0.0968808173718636,0.6631734145379247,0.6424769516144383,0.02069646292348637,0.6079274026607566,0.51539208157968,0.09253532108107665
473,0.665740552397464,0.6423853056276728,0.02335524676979117,0.6187704999327699,0.528642024349919,0.09012847558285086,0.6678794780760522,0.6465371430404704,0.021342335035581805,0.6219938209623599,0.5353655682116655,0.08662825275069441
474,0.6814035507483729,0.6368828361420564,0.04452071460631646,0.6186291020913817,0.5029294140933849,0.11569968799799679,0.685524274705025,0.6432599322544782,0.04226434245054678,0.6232507805285585,0.51037059590768,0.11288018462087857
475,0.6713467301435309,0.6472929226347958,0.024053807508735092,0.6377747619055241,0.5289876330266368,0.10878712887888731,0.6740611854272444,0.6515989787325884,0.02246220669465593,0.6406886137790515,0.5355463312231983,0.10514228255585323
476,0.6551404454864023,0.6415889834227669,0.013551462063635333,0.5806980157496681,0.5023865105238822,0.0783115052257859,0.6572656425769706,0.6471327464589696,0.010132896118001056,0.5862020083954339,0.5098257428540989,0.07637626554133503
477,0.6549326205531267,0.6509271931006411,0.004005427452485666,0.5945028546799819,0.5078558900955439,0.08664696458443799,0.6556349620949038,0.6556259241420539,9.037952849899611e-06,0.5985470576868883,0.51515532501838,0.0833917326685083
478,0.6740013769489005,0.6370178455014592,0.036983531447441265,0.6232862671419241,0.5087942269320057,0.11449204020991843,0.676180872696057,0.6412110813689268,0.034969791327130184,0.6264596191467411,0.5145101128865077,0.11194950626023337
479,0.661251476533353,0.6485303132784692,0.012721163254883816,0.6162226533957013,0.5341823855968371,0.0820402677988642,0.6632055585482853,0.6540045961781917,0.009200962370093602,0.6194450132188584,0.5420730478715392,0.07737196534731916
480,0.6703174984160549,0.6325859071633193,0.03773159125273562,0.6275686390288254,0.5077941400234168,0.1197744990054086,0.6745182735251875,0.6369295996130344,0.03758867391215304,0.6326358386469093,0.513280898658503,0.1193549399884063
481,0.6684999274890928,0.6386488952461047,0.02985103224298813,0.6182095677717391,0.5119592688696255,0.10625029890211357,0.671551653217948,0.6437862050758695,0.027765448142078486,0.6234968073638885,0.5191972165423151,0.10429959082157336
482,0.6680526662289366,0.6419717754152431,0.02608089081369347,0.6260608765825766,0.5217529548585796,0.10430792172399694,0.6703063370429265,0.6468294182934449,0.023476918749481657,0.6290282728831671,0.5295861760774822,0.09944209680568494
483,0.6497643314898749,0.6470513360798688,0.002712995410006136,0.6062013548551893,0.5351598465585088,0.07104150829668054,0.6527385615235379,0.6541784741764358,-0.00143991265289789,0.6123885246116927,0.5459117456579671,0.06647677895372561
484,0.6655033760530682,0.6480614743626578,0.017441901690410377,0.6143247739052029,0.515642574060684,0.09868219984451887,0.6680852082448567,0.6521412446526882,0.015943963592168542,0.6180859757102609,0.5209709003749508,0.09711507533531016
485,0.6637487451790819,0.6334069730756388,0.030341772103443132,0.626500213055561,0.5204464944706044,0.1060537185849566,0.6661792336538271,0.6374606467490069,0.02871858690482021,0.6303618540502993,0.5266204845915017,0.10374136945879764
486,0.6932556436254959,0.6601727200064262,0.033082923619069615,0.6351556905813402,0.5069425855658829,0.12821310501545735,0.6956866606490102,0.6624260688543956,0.0332605917946146,0.6385836687931197,0.5108959475179354,0.12768772127518424
487,0.6740498760964673,0.647451461600034,0.026598414496433298,0.6218671200409478,0.520187406131406,0.10167971390954178,0.6770079706841967,0.6527747389654761,0.024233231718720605,0.6265988492543091,0.5264507786028035,0.10014807065150555
488,0.6846489873465109,0.6384207638030973,0.046228223543413605,0.6227819803550121,0.5081343262176841,0.11464765413732803,0.6878233460224363,0.6430999206023298,0.044723425420106544,0.6281933437739882,0.5156973753205745,0.1124959684534137
489,0.6950622795541646,0.649046679932617,0.046015599621547554,0.6201743371827118,0.4993850971862666,0.12078923999644514,0.6972424191481719,0.6540068125927225,0.043235606555449335,0.6229234136062075,0.5054833377886097,0.11744007581759786
490,0.6708200136935849,0.6248678963918697,0.04595211730171522,0.6176755834694868,0.498084902849029,0.1195906806204578,0.6745505294443721,0.630140584403335,0.044409945041037124,0.6225990959230152,0.5057222638452804,0.1168768320777348
491,0.683298254814958,0.6674411789931102,0.01585707582184781,0.6210600735937414,0.5236467990510966,0.09741327454264481,0.6858672429752501,0.6717314889649049,0.01413575401034528,0.624173945156561,0.5305000143458792,0.09367393081068176
492,0.6543662758722191,0.6464692699618888,0.007897005910330268,0.6164277120180226,0.5363067432844149,0.08012096873360774,0.6555571592123675,0.6501240077796262,0.005433151432741257,0.6192232685283212,0.5417878450862066,0.07743542344211463
493,0.6683131112478938,0.6481953129371608,0.020117798310733015,0.623609389399447,0.5354216636442831,0.08818772575516387,0.6705614432806615,0.6531124141622136,0.017449029118447923,0.6267763039848823,0.543352377845238,0.08342392613964422
494,0.6723061902798398,0.640580895316851,0.031725294962988815,0.6239810432430308,0.5044052723400576,0.11957577090297322,0.6753611050638821,0.6456696522364018,0.029691452827480314,0.6286376644054235,0.5122735256227613,0.11636413878266216
495,0.6732292980944234,0.6306801785836109,0.04254911951081253,0.6231783122224559,0.49903015423259306,0.12414815798986284,0.6756030668532476,0.633594371500247,0.04200869535300056,0.6264292045215976,0.5040939877640926,0.12233521675750492
496,0.6668824297900385,0.6441252247977792,0.022757204992259306,0.6085643842294067,0.5277072223879548,0.08085716184145197,0.6704360215567352,0.6496275997325287,0.020808421824206502,0.6132849631328381,0.5368084579747668,0.07647650515807125
497,0.6667442551226164,0.6292482316331813,0.03749602348943504,0.5919447936806377,0.49389478336477666,0.09805001031586102,0.6685116672244924,0.6325626918441112,0.03594897538038122,0.5954571887160144,0.5003058196925698,0.09515136902344457
498,0.6734124068947736,0.6504515755520636,0.022960831342709986,0.624143119326239,0.5241192035898424,0.10002391573639657,0.6762733435380106,0.6563868104956592,0.01988653304235144,0.6272605967470339,0.5322371671299022,0.09502342961713173
499,0.6687625557633345,0.6327030509364473,0.036059504826887245,0.6065300993322025,0.4987438162217318,0.10778628311047067,0.6701957154224967,0.6367047231309426,0.033490992291554056,0.6085753912606249,0.5046729634463725,0.10390242781425241
500,0.6702429928078046,0.6377385664514703,0.032504426356334326,0.6170820536468055,0.49937437231585563,0.11770768133094983,0.6714056097407908,0.640742317210041,0.03066329253074973,0.6207141432564662,0.5059355726829009,0.11477857057356533
501,0.6643494090041633,0.6452762688046421,0.01907314019952122,0.6096286891673708,0.5050246864470489,0.10460400272032189,0.6668604328040286,0.6499536792104146,0.016906753593614043,0.6143321882655803,0.5117731417190101,0.10255904654657022
502,0.671334119169033,0.6318584208662673,0.03947569830276565,0.6285891983577909,0.5135247254605081,0.11506447289728283,0.6744905222421115,0.6364570916488468,0.038033430593264694,0.6319748370166327,0.519151850467192,0.11282298654944067
503,0.6577866314560765,0.6444110381646088,0.013375593291467758,0.6173717622221435,0.5334275196613639,0.08394424256077959,0.6600810960311787,0.648853271525177,0.011227824506001682,0.6210599448892562,0.5395264611428432,0.081533483746413
504,0.656224138912346,0.6364990801825321,0.019725058729813894,0.6097591024499291,0.5120543032218274,0.09770479922810171,0.6580351805468256,0.6401454451285608,0.017889735418264885,0.6144016838112637,0.5199559321148779,0.0944457516963858
505,0.662394480435664,0.6422806400057359,0.02011384042992803,0.5996140203956103,0.5164471926225072,0.08316682777310314,0.6646354024990331,0.6479833479657018,0.016652054533331295,0.6034418517602494,0.5250847622618486,0.07835708949840081
506,0.6638210633436138,0.656355329789791,0.00746573355382274,0.6079172673761271,0.526556323194979,0.08136094418114803,0.6668967859904145,0.6624361151652204,0.00446067082519408,0.6104729921464747,0.5333891921268725,0.07708380001960213
507,0.6653526962370453,0.6447678761220682,0.020584820114977087,0.6162168772386429,0.5193907643616731,0.09682611287696985,0.6672075950053725,0.6494761575132215,0.017731437492151003,0.6188694823834416,0.5260545343639922,0.09281494801944945
508,0.6885406597629387,0.6545982157005673,0.033942444062371346,0.6196605892419715,0.5082248793536696,0.11143570988830198,0.6904279712026671,0.6589928983695277,0.0314350728331394,0.6228797406828457,0.5149621761533663,0.10791756452947943
509,0.6681053551995909,0.6314323832767665,0.03667297192282437,0.6082226072107064,0.49566817529162344,0.11255443191908299,0.669817734460228,0.6352197622418263,0.03459797221840166,0.6116405425999994,0.5029972455601681,0.10864329703983133
510,0.6621794041616638,0.6343101294858541,0.027869274675809685,0.6126166276201265,0.5115706376119198,0.10104599000820669,0.664960126352468,0.639405368174115,0.025554758178353065,0.614997703448221,0.5182429935818494,0.09675470986637158
511,0.6810531119722606,0.6416035206580842,0.03944959131417636,0.6321020359802462,0.5079776704080512,0.12412436557219497,0.6841541635692295,0.6456745905353625,0.038479573033867065,0.6370034575023577,0.5143354053043129,0.12266805219804477
512,0.6741555014506275,0.6499331886117323,0.0242223128388952,0.6130030062652165,0.5123780244241047,0.1006249818411118,0.676973816223826,0.655087770882969,0.02188604534085703,0.617585679066061,0.5190066600556097,0.0985790190104513
513,0.6692914507145725,0.6359134555812879,0.033377995133284655,0.6211182633105653,0.5039894781273674,0.11712878518319791,0.671295671839601,0.6413323971735909,0.02996327466601012,0.6242901806683994,0.5098308290968457,0.11445935157155362
514,0.6770783780472865,0.6417777777777778,0.035300600269508764,0.625940933855164,0.5084507598293478,0.11749017402581619,0.6796525993671054,0.6453851665523679,0.03426743281473754,0.6294192880765532,0.5134042101188062,0.11601507795774701
515,0.6712157189527047,0.6449728144401857,0.026242904512518983,0.6373682066536671,0.5225844445472343,0.11478376210643282,0.6742893372147678,0.6502616320309696,0.024027705183798154,0.6416324672875793,0.5301104064480032,0.11152206083957605
516,0.6620664069618385,0.6484538968291871,0.013612510132651412,0.6063492631352098,0.5184710650396518,0.08787819809555797,0.663663219998215,0.654512156634794,0.009151063363420975,0.6096062624044254,0.5265484796299641,0.0830577827744613
517,0.6586959412162665,0.6343451696602103,0.02435077155605625,0.5931573725350667,0.5047199891623023,0.08843738337276441,0.6608097567672415,0.6399632793876536,0.02084647737958789,0.5963443411795857,0.5123046373665051,0.08403970381308057
518,0.6745227954631842,0.653546479669196,0.020976315793988176,0.6196082936795964,0.5208799107843409,0.09872838289525543,0.6771493331038724,0.6580437068212492,0.019105626282623134,0.6246271253004649,0.5278222696660356,0.09680485563442931
519,0.6625014146400706,0.6550247893616146,0.0074766252784560505,0.628826616275904,0.5358932100032288,0.09293340627267521,0.6642941196450243,0.6596429785701725,0.004651141074851761,0.6320145340003516,0.541069182088934,0.09094535191141762
520,0.6685792843026762,0.6600672253468582,0.00851205895581797,0.6219425498386799,0.5320421757892553,0.08990037404942464,0.6702826909712317,0.6633968283159708,0.0068858626552609214,0.6253261042891802,0.5381597939191871,0.08716631036999312
521,0.673367569227053,0.6350489511837056,0.03831861804334735,0.6169991528403331,0.5135886211784411,0.10341053166189207,0.6766413211344602,0.6389631311475862,0.037678189986874,0.6202727675171698,0.5197898461587827,0.1004829213583871
522,0.6697762547387,0.6283119523608269,0.04146430237787302,0.6180558462034622,0.4959174335292406,0.1221384126742216,0.6714955853554408,0.6322843264930316,0.03921125886240928,0.6205886627642833,0.5020707311885322,0.11851793157575108
523,0.6682973132559902,0.6399393736684963,0.028357939587493886,0.608253202513727,0.5020037562949948,0.10624944621873222,0.6700627412646389,0.6456511483531711,0.024411592911467883,0.6118716613931195,0.5098961442486851,0.10197551714443442
524,0.6678403692140628,0.6539511625201188,0.013889206693944,0.6260924848209742,0.5377597935104665,0.0883326913105077,0.6703306699546594,0.6590420185436903,0.01128865141096913,0.6292557127643692,0.5449375577473627,0.08431815501700646
525,0.6955300437024705,0.6286969441323339,0.06683309957013661,0.6317004097140548,0.47766848328939365,0.15403192642466118,0.6989551337757048,0.6343435558519939,0.06461157792371097,0.6356422504988547,0.48510951838990307,0.15053273210895163
526,0.6695793497485869,0.6410434679946014,0.02853588175398547,0.6260318388532884,0.5212489763895489,0.10478286246373947,0.671294952743333,0.6459662045939993,0.025328748149333613,0.6288823733915913,0.5280544905206876,0.1008278828709036
527,0.6612951141917068,0.6546986204803722,0.006596493711334639,0.604557072248088,0.5275972923970788,0.07695977985100921,0.6631703412289269,0.6588190143280894,0.004351326900837504,0.608786492237712,0.5342556571093162,0.07453083512839576
528,0.670392412404315,0.6376846263525063,0.032707786051808685,0.6299921216608914,0.5193356779513116,0.11065644370957972,0.6727739809711051,0.6418619716072216,0.030912009363883497,0.6346236769661525,0.5252559640261673,0.10936771293998526
529,0.6723079025456817,0.6467257535530221,0.025582148992659648,0.6187096231393461,0.5141091691895008,0.1046004539498453,0.6738673152075749,0.6512077377247134,0.022659577482861515,0.620414504693455,0.5197342008256083,0.10068030386784677
530,0.6714961737878261,0.6341476886231896,0.03734848516463651,0.6051649404452607,0.4918403852615208,0.1133245551837399,0.6737430095201885,0.6384001169668284,0.035342892553360095,0.6080857001914632,0.4977560033294295,0.11032969686203375
531,0.6506483419351323,0.6370079104139856,0.01364043152114669,0.5937136975292941,0.5090242255293861,0.08468947199990806,0.6529317469702509,0.6416016139333461,0.011330133036904777,0.5973444990298383,0.5163775084403324,0.08096699058950596
532,0.6629257752046804,0.6263193527064316,0.03660642249824886,0.5984817174674198,0.48765578190078235,0.1108259355666375,0.6643607101904293,0.6290094684703809,0.03535124172004844,0.6021032998156969,0.4928364787109709,0.10926682110472596
533,0.657606055375745,0.6534006489716544,0.004205406404090617,0.6062395787045483,0.5208500086590914,0.08538957004545689,0.6576960714334585,0.6574410873775048,0.0002549840559536998,0.6088321842695942,0.526149720679556,0.08268246359003817
534,0.6733867755317895,0.6445830925523484,0.028803682979441136,0.6255294215691081,0.5202403395943449,0.10528908197476317,0.6761694715296291,0.6491065708762902,0.02706290065333894,0.6296652257847403,0.526589854484378,0.10307537130036226
535,0.6583960468487327,0.6412564461369004,0.017139600711832292,0.5963354888526518,0.5195636031763751,0.07677188567627669,0.6610849508612036,0.6470872955517951,0.013997655309408441,0.6004432131958842,0.5282226523705198,0.07222056082536443
536,0.6714769687958491,0.6485281405257259,0.022948828270123123,0.5986020449881002,0.5090443911838785,0.08955765380422176,0.6732163950437764,0.6529574315608885,0.020258963482887915,0.6027793260604202,0.5150148676956319,0.0877644583647883
537,0.6738599091340665,0.6644847742672071,0.00937513486685937,0.6077098847815838,0.5326962431083976,0.07501364167318625,0.6754034793559512,0.669566855753599,0.005836623602352264,0.6118484925298295,0.5404617504608535,0.071386742068976
538,0.6666867061263337,0.6417736005907371,0.02491310553559667,0.6002967028641452,0.5009642839840142,0.099332418880131,0.6685847520451882,0.6462528419408589,0.022331910104329333,0.6053083780807588,0.5072421441306219,0.09806623395013692
539,0.6592823111669623,0.6486761908283318,0.01060612033863051,0.6062577955414423,0.5196112000693449,0.08664659547209741,0.6603589124256368,0.6524141521815209,0.007944760244115945,0.6095856260575196,0.5267288575186349,0.0828567685388848
540,0.6714417744243293,0.645519302806866,0.025922471617463305,0.6114404168483477,0.517116253722718,0.09432416312562975,0.6737163637245247,0.6497022840634501,0.024014079661074605,0.6149229949100863,0.5238721313590364,0.09105086355104985
541,0.6618420093707316,0.6516106728621011,0.010231336508630506,0.6173982790178295,0.5251229657017529,0.09227531331607663,0.6641720577167987,0.6572037134390747,0.00696834427772397,0.6221989334204745,0.5335803106357979,0.08861862278467658
542,0.6897718930567396,0.6434337603801585,0.046338132676581045,0.6211656088676352,0.4915009075090156,0.12966470135861957,0.692131860507667,0.6478689036704899,0.04426295683717707,0.6229244271556754,0.4983229945581278,0.12460143259754763
543,0.661188831323388,0.6458782306431883,0.015310600680199737,0.6087492561443547,0.5290999912358597,0.079649264908495,0.663296043358762,0.649641642178532,0.01365440118022998,0.6111947508218016,0.5351633022991178,0.07603144852268384
544,0.6668503904129609,0.6416009261929662,0.025249464219994744,0.6152784370412416,0.5227364478349059,0.09254198920633572,0.6699085068563566,0.6472101599647251,0.022698346891631527,0.6207816382900797,0.5311000985242161,0.08968153976586357
545,0.6669361373073026,0.6488648243101869,0.01807131299711573,0.6146867132326506,0.523251093325366,0.09143561990728455,0.6684009711624772,0.6523841217275702,0.016016849434907,0.6187881150130956,0.5306085340184159,0.08817958099467971
546,0.6643581098099947,0.6496566210687492,0.014701488741245439,0.6018994336631328,0.5171176594752764,0.08478177418785637,0.6664146446063899,0.6531476192801677,0.013267025326222148,0.6049627675321113,0.524392805214394,0.08056996231771729
547,0.6587365365019541,0.656820378265155,0.001916158236799026,0.6133440134528123,0.5256656085768747,0.08767840487593759,0.6593079975896896,0.6639080121692582,-0.004600014579568601,0.6160723347102216,0.5353919956824712,0.0806803390277504
548,0.6653061238555233,0.6583588733561441,0.006947250499379276,0.6013428626749303,0.525934485726996,0.07540837694793434,0.6673377880019513,0.6643675013402459,0.0029702866617054013,0.6060379961688072,0.5348302366089124,0.07120775955989478
549,0.6796083559637628,0.6348198295286981,0.0447885264350647,0.6410710688156466,0.520989582955032,0.12008148586061462,0.6841386059156087,0.6400716867340168,0.04406691918159189,0.6462202898589136,0.5280413020116885,0.11817898784722503
550,0.6725137410439888,0.6469417573571281,0.025571983686860644,0.6193132356118727,0.5219999627260881,0.09731327288578462,0.6751928481157352,0.6524454384585814,0.022747409657153828,0.6240574792522735,0.5290228467824757,0.09503463246979782
551,0.6740190252173988,0.649992725867914,0.024026299349484748,0.6271620261677398,0.510219726723658,0.11694229944408174,0.6755391834163753,0.6548489091259362,0.020690274290439126,0.6294581501207661,0.51668560890067,0.11277254122009617
552,0.6783807454673321,0.6254217978314123,0.052958947635919795,0.6174067231427651,0.5062497119195176,0.1111570112232475,0.6816333911733152,0.6291770251498565,0.05245636602345871,0.6214791327377163,0.512255825478164,0.10922330725955232
553,0.6664471751545711,0.6388396806870806,0.027607494467490445,0.6014571701000885,0.5030428686492022,0.09841430145088625,0.666643642581138,0.6436457312180153,0.02299791136312268,0.6040415359941268,0.5114337551615142,0.09260778083261256
554,0.6687929371469066,0.6391342197988228,0.029658717348083785,0.5919349033861837,0.4978807597340259,0.0940541436521578,0.6699826711977764,0.6423757865088755,0.027606884688900934,0.5944800808735451,0.5044752958568767,0.09000478501666842
555,0.670530553853987,0.6590901807024111,0.011440373151575867,0.6109137620257441,0.5301978541129887,0.0807159079127554,0.6716213564573845,0.6645139424368045,0.007107414020580016,0.6146544869802003,0.5378471080634994,0.07680737891670086
556,0.6796900794536398,0.6564310041211706,0.02325907533246918,0.6292750346838675,0.5235274061090751,0.10574762857479236,0.6829208503189197,0.6620013893675627,0.020919460951356994,0.6342656896459192,0.5308000326421627,0.10346565700375654
557,0.6693491683500967,0.6371144704407399,0.032234697909356846,0.6140140913751823,0.5058111342951155,0.10820295708006678,0.6726970060239823,0.6438540336794815,0.02884297234450084,0.6187588416658208,0.5136941755463453,0.10506466611947551
558,0.6796476452754109,0.6428080536603032,0.036839591615107636,0.6172681484773268,0.4873760414100602,0.12989210706726662,0.6822577501198653,0.6475797245235735,0.03467802559629185,0.6233340929819253,0.49448711381132776,0.12884697917059756
559,0.6756483815553311,0.6352595731237048,0.04038880843162629,0.610824409113938,0.4946146229962,0.11620978611773797,0.6770009815119438,0.6377860700730829,0.03921491143886091,0.6138436979128112,0.4997263505222997,0.11411734739051155
560,0.6901926685874027,0.6278716535114007,0.06232101507600196,0.6329746537080967,0.4878400038979733,0.14513464981012342,0.6929395390202171,0.6324348272964155,0.06050471172380156,0.6357877608223536,0.49308196063773424,0.1427058001846193
561,0.669125839974996,0.641008409517112,0.028117430457883952,0.6054424154145744,0.5143172356936188,0.09112517972095568,0.6711568221321691,0.6451110046595172,0.02604581747265189,0.6084751774802353,0.5212161241897072,0.08725905329052808
562,0.6802185470963288,0.6414242917238466,0.038794255372482156,0.6355238108653078,0.5119979585458879,0.12352585231941993,0.6829524192670489,0.6451364345629467,0.03781598470410219,0.6396030486825781,0.5174118918967525,0.1221911567858256
563,0.6707841107110153,0.658528164878039,0.01225594583297629,0.6105754505634382,0.5154397520397038,0.09513569852373438,0.6725729163150644,0.6632024994204878,0.009370416894576628,0.6146032975678684,0.5233870244645301,0.09121627310333824
564,0.675720560853922,0.6518179584261957,0.02390260242772624,0.6135603552290899,0.5173573869881178,0.09620296824097208,0.6770139518423504,0.6568075098653019,0.02020644197704846,0.615991614533077,0.5236786281808458,0.09231298635223129
565,0.674741883119504,0.6445072668141506,0.0302346163053534,0.6107172315789988,0.5127493967573612,0.09796783482163762,0.6771351911180785,0.6489126165279044,0.028222574590174077,0.6140829084479243,0.5183122507008612,0.09577065774706317
566,0.6560538172391962,0.6310809936409211,0.02497282359827513,0.5785679849346775,0.47462094069373295,0.10394704424094459,0.6575111206852897,0.6359969464885044,0.021514174196785363,0.5813565084817846,0.4812395652936831,0.10011694318810144
567,0.6747158383158944,0.6362612204938964,0.038454617821997994,0.6235533580009263,0.504484769220207,0.11906858878071924,0.6771421616002367,0.640268194366844,0.036873967233392646,0.6261954794948862,0.5093954940421388,0.11679998545274739
568,0.665606743508139,0.6462231490746081,0.019383594433530882,0.6075140035489581,0.5076946727208114,0.09981933082814676,0.6662684198066947,0.64992608813186,0.016342331674834676,0.6099930277600263,0.5128980193906717,0.09709500836935459
569,0.6803510851478971,0.6442598794181893,0.03609120572970781,0.6242996719256888,0.49591399819025817,0.12838567373543064,0.6830934859715,0.6513934842001272,0.03170000177137278,0.6289541227461488,0.5043621026354669,0.12459202011068193
570,0.671176277058259,0.6340663325354674,0.037109944522791594,0.6192838113281262,0.5119419873983531,0.1073418239297731,0.6748981333302684,0.6388183008626325,0.03607983246763591,0.6224760734107284,0.5181006256747661,0.1043754477359623
571,0.662548843681362,0.644732673581784,0.017816170099578033,0.5942144152895632,0.4975778774770053,0.09663653781255788,0.6627091621364095,0.6489097728963368,0.013799389240072735,0.5969113489823027,0.5051131606987891,0.0917981882835136
572,0.6643255510051688,0.6404534975750718,0.023872053430097018,0.6304915544412536,0.5210266673419828,0.10946488709927082,0.6668523876178041,0.6451468066080042,0.021705581009799912,0.6348615009903641,0.5289693863457829,0.10589211464458115
573,0.6828895353283699,0.6459060651476518,0.036983470180718125,0.6194478633475079,0.5058141942910115,0.11363366905649641,0.6849091619538483,0.6509645959094308,0.033944566044417535,0.6238682189274478,0.5131328260296387,0.11073539289780909
574,0.6764334205391116,0.6435617547914296,0.032871665747681966,0.6154543886122003,0.5066792780923061,0.10877511051989419,0.6796329445562598,0.6491345537907578,0.03049839076550198,0.6188112858828085,0.5125790586977689,0.10623222718503966
575,0.6728052717625203,0.6481125264861572,0.024692745276363004,0.6098160633625977,0.5092868232543825,0.10052924010821529,0.6762929868564403,0.6528877198664063,0.02340526699003409,0.6161891844093517,0.517030794746953,0.09915838966239865
576,0.6806651688474525,0.6327238334065184,0.04794133544093415,0.6376478119243143,0.5124447167325604,0.12520309519175388,0.6852208505100292,0.6369862177351977,0.04823463277483153,0.641516855688141,0.5180006525990732,0.12351620308906774
577,0.6637423819103401,0.6437218920106761,0.020020489899663985,0.6073699361165958,0.5172386903721272,0.09013124574446862,0.6657720324445944,0.6487910082687285,0.01698102417586589,0.6107031255698682,0.5233993806178223,0.08730374495204585
578,0.6696831793975808,0.6379921995472436,0.0316909798503372,0.6089656553410107,0.5154990629177849,0.09346659242322575,0.6730194274850472,0.6415881804566184,0.03143124702842881,0.6146373978976539,0.5210618350041153,0.09357556289353863
579,0.6675624369358193,0.6418879247141666,0.025674512221652734,0.6211149593197822,0.5123068506322183,0.10880810868756396,0.6705467186696615,0.6478065295078284,0.02274018916183318,0.6260657420972973,0.5212947295617969,0.10477101253550036
580,0.6738210842617823,0.6404034632550744,0.033417621006707976,0.6036127869731882,0.490115328535328,0.11349745843786019,0.6748895142411879,0.6443386143358429,0.030550899905344986,0.6076826872057336,0.4964902488764493,0.11119243832928427
581,0.6412908728417887,0.6487434587785543,-0.007452585936765677,0.5876521727721904,0.5337943598539591,0.05385781291823133,0.6417369576126906,0.6534767753181668,-0.011739817705476274,0.5907744332708994,0.5419582317919552,0.048816201478944166
582,0.6791639496885848,0.6457232789898542,0.03344067069873069,0.6067481813417711,0.5078489823406721,0.098899199001099,0.6816581318693469,0.6490876009460619,0.03257053092328499,0.6106516935768826,0.5123015541933335,0.0983501393835492
583,0.6883518920689731,0.6530721376985087,0.03527975437046438,0.6297592966121436,0.5189331250285394,0.1108261715836042,0.6915118752560965,0.6573453073530096,0.03416656790308692,0.6347704973392168,0.5256832229868669,0.10908727435234988
584,0.6822352181552854,0.6385391543175376,0.04369606383774782,0.6366312658536123,0.5118018536627755,0.12482941219083676,0.6847434252682749,0.6438628712126266,0.04088055405564828,0.6405865748200245,0.5192486266802872,0.1213379481397373
585,0.6590070566192303,0.6454112965103069,0.013595760108923383,0.6211016100728944,0.5439942270141597,0.07710738305873477,0.6614634238827546,0.6491809385533077,0.012282485329446868,0.6230623687764889,0.5488620940345795,0.07420027474190938
586,0.6707910756965086,0.6660288887087463,0.004762186987762318,0.6225252050306813,0.5376170821483031,0.08490812288237826,0.6726801259452377,0.6699468697435661,0.002733256201671641,0.6253656554736485,0.5440489693983137,0.08131668607533482
587,0.6835184838881124,0.6475358998838605,0.035982584004251916,0.6239100224861711,0.5078097132432486,0.11610030924292247,0.6857191070667454,0.6520106138706425,0.03370849319610292,0.6279853879525448,0.5141328958293203,0.11385249212322446
588,0.6722541181030263,0.6427140879973853,0.02954003010564099,0.6148079317448483,0.5008477239602972,0.11396020778455107,0.6740971856972728,0.6484948749957624,0.025602310701510422,0.6182612651330461,0.508711459534166,0.10954980559888017
589,0.6983628390521154,0.6332503788404131,0.06511246021170225,0.6359059415031854,0.4963370260844276,0.13956891541875777,0.7030846984599586,0.638706617876566,0.06437808058339256,0.6413268562639214,0.5031489861182539,0.13817787014566751
590,0.6447850136861314,0.6348791599153663,0.009905853770765138,0.583580193901885,0.5068201904232297,0.0767600034786553,0.6459253846967073,0.6387680110535178,0.00715737364318958,0.589533960185503,0.5142804155099814,0.07525354467552159
591,0.6745123266836446,0.6383684976891152,0.03614382899452939,0.6063526754360204,0.4995827647076374,0.10676991072838304,0.6765829715848716,0.6432760211990758,0.033306950385795786,0.60953303127706,0.5054141059025856,0.10411892537447442
592,0.6819942727337456,0.6437005679474013,0.03829370478634431,0.6206761175127377,0.5086665714018351,0.11200954611090252,0.6862241697175826,0.6484018841173889,0.03782228560019374,0.6239614330000708,0.5138176912129634,0.1101437417871074
593,0.6664311815806682,0.6519647831422344,0.01446639843843378,0.6123941658583597,0.5292829290623724,0.08311123679598731,0.6692701659430489,0.6566302706894173,0.012639895253631628,0.6158748746286837,0.5363315342272089,0.07954334040147482
594,0.6767108989422386,0.6363864072846657,0.0403244916575729,0.6303117153506557,0.5181598228211133,0.11215189252954239,0.6801993199980969,0.6429828628277199,0.037216457170377026,0.6334795573126155,0.5279283498351488,0.10555120747746671
595,0.6621250205731661,0.627993042617861,0.03413197795530509,0.6167647062244357,0.50438897173041,0.11237573449402571,0.6649808470297139,0.6329815137494296,0.03199933328028437,0.6221348253797734,0.5112576018693429,0.1108772235104305
596,0.6621387852578002,0.6480042677033102,0.014134517554490023,0.6157919242545965,0.5192596692807461,0.09653225497385043,0.6651863233202748,0.6530772471449029,0.012109076175371936,0.6200218216141136,0.5261138964003288,0.09390792521378477
597,0.6742647276329419,0.6381117083499267,0.036153019283015175,0.612803292763426,0.505800057201892,0.10700323556153402,0.6764859436903019,0.6425827571170124,0.0339031865732895,0.6173463391355132,0.512903461741608,0.10444287739390523
598,0.6777897303719504,0.6420773297330583,0.03571240063889214,0.626549292479363,0.5196068630769619,0.10694242940240106,0.6799724691983264,0.6458194588204313,0.03415301037789509,0.6319414295044733,0.525662146699764,0.10627928280470933
599,0.6731361918352146,0.6408185856595379,0.032317606175676694,0.6046418991541156,0.4920332409584969,0.11260865819561872,0.6741824684415578,0.6451564835976367,0.02902598484392116,0.6069539873672571,0.4981505485169566,0.10880343885030053
600,0.6716029246178569,0.6498759157837284,0.02172700883412848,0.6197911762179273,0.5153173169241991,0.10447385929372821,0.6740535642989367,0.6540443462437475,0.020009218055189182,0.6228719884566822,0.5214656076286192,0.10140638082806308
601,0.6616871368068551,0.6384296759578449,0.023257460849010148,0.6069843638259762,0.5033640085615507,0.10362035526442548,0.6634108818364457,0.6419794709343378,0.021431410902107872,0.611008016449474,0.5100214874532443,0.10098652899622973
602,0.6584329187604717,0.6379704445663292,0.020462474194142488,0.6164560434963716,0.5234793680580218,0.09297667543834987,0.6592427574267444,0.6427079465194849,0.0165348109072595,0.6189469887837465,0.5296325685336737,0.08931442025007286
603,0.6560917628218443,0.6400176366252738,0.01607412619657056,0.6004500336898975,0.5028163441061907,0.09763368958370677,0.6578808180662371,0.6454439139188568,0.012436904147380301,0.6037754383262077,0.5099149530393816,0.09386048528682611
604,0.6498469910371318,0.6418302718408353,0.00801671919629654,0.5881980381325786,0.5106937786189524,0.07750425951362627,0.6511139301030908,0.6475103473964039,0.0036035827066869253,0.5922298554618983,0.5200784789058687,0.07215137655602966
605,0.6583864211708238,0.6257958509460523,0.03259057022477152,0.5965038046211033,0.49096648204697935,0.10553732257412396,0.6595427490324013,0.6290201298537075,0.03052261917869381,0.5978233317066035,0.495116924727153,0.10270640697945049
606,0.6591907046954684,0.6565027720819265,0.0026879326135418324,0.6156164435996054,0.5367987888058269,0.07881765479377856,0.6606942924163197,0.6613225692010518,-0.0006282767847320958,0.6179003876812332,0.5428391975642328,0.07506119011700041
607,0.6680886494972664,0.641254500958416,0.026834148538850466,0.6028455586886949,0.5025870516187967,0.10025850706989825,0.6710517493380881,0.648653214697323,0.022398534640765133,0.6068880256496546,0.5124075287999241,0.09448049684973048
608,0.6711008214660956,0.6429097890034079,0.028191032462687726,0.6039265435415555,0.4947994040403826,0.10912713950117292,0.672681088577699,0.6479729710335538,0.02470811754414526,0.6079828112332957,0.5020332555247055,0.10594955570859022
609,0.6728638167016538,0.6418007536687359,0.031063063032917948,0.6069489782184521,0.5050048510860055,0.1019441271324466,0.674003695094124,0.6453921924005017,0.028611502693622226,0.6092409434685507,0.5116682863428388,0.09757265712571195
610,0.6668378123613502,0.6386016894423151,0.0282361229190351,0.6204632393256919,0.5244447127562768,0.09601852656941512,0.6678082805709972,0.6410638684038188,0.026744412167178377,0.6235957844428868,0.5285407475039805,0.09505503693890627
611,0.6521291399379221,0.6426624604567993,0.009466679481122786,0.6234347185590221,0.5436363460395679,0.07979837251945421,0.6544996948149164,0.6462668893270311,0.008232805487885297,0.6276342353501785,0.5506649422720475,0.07696929307813094
612,0.6785162716221123,0.6602786242302532,0.01823764739185907,0.6233538459053797,0.528647886493768,0.09470595941161164,0.6811791899340248,0.6643806643933252,0.016798525540699605,0.6278386289121267,0.5360194938629987,0.09181913504912798
613,0.6570219797465355,0.641873164441723,0.01514881530481249,0.5920813348183076,0.5070663891424683,0.08501494567583934,0.6596422613727281,0.6477702575413894,0.011872003831338684,0.5962462630115355,0.5142743278239997,0.08197193518753576
614,0.6836546905716866,0.6539821792503893,0.029672511321297335,0.6215596568393547,0.5009971026602222,0.12056255417913242,0.6853475631887813,0.6581328005237854,0.027214762664995895,0.6252492797302232,0.5071546010525162,0.11809467867770695
615,0.6695958643381771,0.6516249701301294,0.01797089420804765,0.5958313612245445,0.5028970983040443,0.09293426292050022,0.6709238178309266,0.6566752784634755,0.014248539367451074,0.5992734452709046,0.5088613810272462,0.09041206424365844
616,0.6737547187462813,0.6430964458113347,0.030658272934946607,0.6209228535041282,0.504418987374929,0.11650386612919927,0.6763010814076356,0.6478854909174392,0.028415590490196374,0.6248873265490257,0.5106018202420909,0.11428550630693479
617,0.6742839111244958,0.6463338387632026,0.02795007236129321,0.6237216574576657,0.5170150839678374,0.10670657348982837,0.6787995822468388,0.6495984016630691,0.029201180583769637,0.6280842541064611,0.5218754064012148,0.1062088477052463
618,0.672352125444077,0.6376675976969253,0.034684527747151694,0.614550832225475,0.5002910553813427,0.11425977684413235,0.6762414942318367,0.6428488883967434,0.03339260583509329,0.618786309531305,0.5069421864100038,0.11184412312130121
619,0.6702188781983702,0.6327962673196884,0.03742261087868182,0.5920636335008087,0.4929577321154958,0.09910590138531289,0.6735724220829465,0.6371841647501817,0.03638825733276485,0.5960353203389137,0.49926055102197464,0.09677476931693907
620,0.6787992164305927,0.657314293791168,0.021484922639424697,0.6231024268630452,0.5273400582382961,0.09576236862474907,0.6801536426339029,0.660974532204571,0.019179110429331847,0.6255192721430991,0.5329002735374038,0.09261899860569534
621,0.6758793710045381,0.6516540610229236,0.02422530998161454,0.6330016308417348,0.5189729918503401,0.1140286389913947,0.6779322150751826,0.6561754080567482,0.02175680701843441,0.6358057792985886,0.5257580559680894,0.11004772333049917
622,0.6812873285779404,0.6155572680967115,0.06573006048122887,0.6253668787652324,0.48883213406624987,0.13653474469898258,0.6854451783390899,0.6191020131659418,0.06634316517314809,0.6297920134443005,0.4945825253845969,0.13520948805970356
623,0.684473261941025,0.6488576953447684,0.03561556659625653,0.610749596548332,0.4984442856707171,0.11230531087761497,0.6860246647424637,0.6546298716848625,0.03139479305760118,0.6148553043709074,0.5066207605436375,0.10823454382726994
624,0.6661044073825424,0.6336068807933759,0.03249752658916649,0.6060427643156101,0.496497188786008,0.10954557552960209,0.6687370865211574,0.6374863265869097,0.03125075993424764,0.6106035024866434,0.50160929128841,0.10899421119823338
625,0.6649282721974334,0.6362672531679624,0.028661019029471047,0.5910989714210759,0.49450936151749797,0.09658960990357796,0.6661377065162574,0.639671299220065,0.026466407296192318,0.5961271468981543,0.5007248094222194,0.09540233747593485
626,0.6776103864142182,0.6359764853271892,0.041633901087029024,0.6262878448533193,0.5183661051557997,0.10792173969751961,0.6811161213994371,0.6411348415990641,0.039981279800373026,0.6303156611490828,0.5260283898755695,0.10428727127351323
627,0.6726627597754358,0.6469010637250073,0.02576169605042844,0.6080784042882789,0.5060588550640817,0.1020195492241972,0.6749439436784508,0.6516783583440339,0.023265585334416916,0.6107510985135232,0.5125027618496494,0.09824833666387378
628,0.6837311482362065,0.6556411635185312,0.02808998471767532,0.6302591065788831,0.5234889764754416,0.1067701301034415,0.6875475881506671,0.6611082377894233,0.026439350361243785,0.6369868596567895,0.5307709748270477,0.10621588482974176
629,0.6686611484522132,0.6423072380243452,0.026353910427868055,0.6095090988970684,0.5030444448145898,0.10646465408247863,0.6696884534150047,0.6468767969427514,0.02281165647225336,0.6116858950526796,0.5083609942356289,0.1033249008170507
630,0.7013608255104475,0.654531897741141,0.04682892776930658,0.6377341669455581,0.5129590550275557,0.12477511191800239,0.7038805497270356,0.6587578244371526,0.04512272528988304,0.6410110330788399,0.5188866409394726,0.12212439213936732
631,0.6613020998957627,0.6481057726222895,0.013196327273473196,0.5961175654321437,0.5065266279956302,0.08959093743651347,0.6632884926168925,0.6527117124396924,0.010576780177200096,0.6004245982360361,0.5128828083134727,0.08754178992256345
632,0.6943383631289248,0.6400371369137782,0.05430122621514666,0.6227694823587854,0.4984782936941492,0.12429118866463618,0.6974546285517913,0.6438357818094017,0.05361884674238959,0.6262558702091069,0.5038064857599655,0.12244938444914144
633,0.6756841807828479,0.6565042169051497,0.01917996387769816,0.6320185199784734,0.5375971633633854,0.09442135661508799,0.6780854954940005,0.6614543874994095,0.016631107994591,0.636791147366383,0.5459837096038823,0.09080743776250066
634,0.6357862086762343,0.657038883799655,-0.021252675123420772,0.5724003743337074,0.5318649508783173,0.040535423455390074,0.6358594548304359,0.6623094935511635,-0.026450038720727598,0.5767666710775315,0.5389671743703228,0.037799496707208724
635,0.6800125214985936,0.6475558466354049,0.032456674863188706,0.6432077599037131,0.523428887518746,0.1197788723849671,0.6834515466126789,0.6520154881232012,0.031436058489477725,0.6476493344429235,0.5283706740780912,0.11927866036483226
636,0.6621181587466638,0.6426705624603335,0.019447596286330304,0.5995748222274121,0.5171002751452285,0.0824745470821836,0.6647603642372196,0.6471534011117501,0.0176069631254695,0.6049749604419092,0.5238140519283077,0.08116090851360158
637,0.6849710142655077,0.6376891140944101,0.04728190017109757,0.6375236039124854,0.49982163502755317,0.13770196888493225,0.6889138240817225,0.6424361600397334,0.046477664041989164,0.6431766535802125,0.5062803836311578,0.13689626994905468
638,0.6770577373835893,0.6311653957179713,0.045892341665618064,0.6097897867632461,0.48901801436910575,0.12077177239414039,0.6804697778405389,0.6346618857338728,0.045807892106666026,0.613082960673577,0.49462432651908855,0.11845863415448848
639,0.6655983382139138,0.6479246816660662,0.017673656547847583,0.6112885590952273,0.5138804525818341,0.09740810651339316,0.6678545778092372,0.6552415351221474,0.012613042687089737,0.6156045054361394,0.5242958034626997,0.09130870197343977
640,0.6728253971071867,0.6351773889065794,0.03764800820060732,0.6157823159814328,0.5064091712906241,0.10937314469080872,0.6765165806464832,0.6407478250134417,0.035768755633041494,0.6207274777584962,0.513301552135596,0.10742592562290021
641,0.6550919082423148,0.6355924469237477,0.019499461318567057,0.5994598520988539,0.5104038494893091,0.08905600260954483,0.6567043610655039,0.6405947376211676,0.016109623444336307,0.6036689591670061,0.5185235858186228,0.08514537334838335
642,0.6635906385739028,0.6530490697990893,0.010541568774813492,0.6225980353949332,0.5339195585063541,0.0886784768885791,0.6666227283690971,0.6578795603862555,0.008743167982841582,0.6265129131450428,0.5401666160531262,0.08634629709191655
643,0.669630411001719,0.6593612527348024,0.010269158266916656,0.6198299598436657,0.5344773736915561,0.08535258615210961,0.6712732661701046,0.6626789114739026,0.008594354696202067,0.6229467361733514,0.5402777647716948,0.08266897140165663
644,0.665490451647111,0.6499456851374679,0.015544766509643093,0.6034522747747305,0.5148859756345124,0.08856629914021807,0.6670939632207117,0.6539212151413267,0.013172748079384955,0.6062764577284543,0.5199950115720458,0.08628144615640854
645,0.6761104469722801,0.6354538533061105,0.04065659366616958,0.6140732520740018,0.49895576436155414,0.11511748771244762,0.6784099472142322,0.6389979925063349,0.03941195470789727,0.6181338281158155,0.5041524603218344,0.11398136779398116
646,0.6708136217234208,0.6475909296151163,0.02322269210830452,0.6173404035914805,0.5145563800190359,0.10278402357244454,0.6717012376616369,0.6512340109668866,0.020467226694750318,0.6203092745470874,0.5207015846753753,0.09960768987171209
647,0.6554175636699382,0.6273292065309408,0.028088357138997377,0.6071825326359624,0.5034919971693719,0.10369053546659057,0.6573116471764711,0.6314502215090736,0.025861425667397464,0.610054624789262,0.5095244567094283,0.10053016807983373
648,0.6718600705639232,0.6397944390406543,0.03206563152326891,0.6158499176364725,0.5044775795105876,0.11137233812588487,0.6744748500952302,0.645606921975943,0.02886792811928718,0.6188613137346961,0.5120631639528421,0.10679814978185398
649,0.6761783821847567,0.6474423499267935,0.028736032257963173,0.6089755178719167,0.5072440160997491,0.10173150177216761,0.6778973534191541,0.6513235269870725,0.026573826432081615,0.6121610889762705,0.5124216653016629,0.09973942367460764
650,0.6771050028552782,0.6492866560064384,0.02781834684883977,0.6223881163121824,0.5136530185807822,0.10873509773140022,0.6798144231426719,0.6543619655568857,0.02545245758578618,0.6281805702804599,0.521130371971223,0.1070501983092369
651,0.6756240472401027,0.6388071931483574,0.03681685409174529,0.6272046773571558,0.509241190078632,0.1179634872785238,0.6786783916255247,0.6447350735395145,0.033943318086010144,0.6302390576903665,0.5153526426394048,0.11488641505096164
652,0.6661984600825333,0.6375115085013808,0.02868695158115242,0.5963289221543375,0.49697305057226215,0.09935587158207537,0.6672700813210402,0.6421583637335815,0.02511171758745867,0.5997341359761996,0.5036362905837422,0.09609784539245747
653,0.667808061726792,0.6513935514168595,0.016414510309932462,0.5980863619422166,0.5089178997002755,0.0891684622419412,0.670337863878703,0.655837316211336,0.01450054766736697,0.6024780878556608,0.5149470460478778,0.08753104180778304
654,0.6840915732530201,0.642388088195053,0.04170348505796706,0.6268454381340756,0.5056497505077999,0.12119568762627564,0.6856007411186149,0.6459456672832709,0.03965507383534406,0.6293736847389833,0.5104297475004718,0.11894393723851149
655,0.661978350597435,0.6379460761350205,0.024032274462414516,0.5943092383781944,0.5046705713937538,0.08963866698444056,0.6632451292989336,0.6411986944263386,0.022046434872595055,0.5983977377075987,0.5128558414615529,0.0855418962460458
656,0.6769050689680762,0.6572051138527132,0.019699955115363044,0.6169637685218061,0.5135313240098262,0.10343244451197997,0.6798367805514149,0.6620154646719472,0.01782131587946778,0.6209353255700819,0.5189584410159103,0.10197688455417164
657,0.6495902866514685,0.6291165620755782,0.02047372457589025,0.5976392929822723,0.49895497325085153,0.09868431973142072,0.6509588453530869,0.6338350567508848,0.017123788602202095,0.601622230430094,0.5056316257887226,0.09599060464137144
658,0.6627695167295257,0.6441848364295965,0.018584680299929213,0.6212743796945454,0.5243562120129703,0.09691816768157502,0.6654802636865103,0.6490905424715128,0.016389721214997488,0.6252948798910514,0.5313554119929234,0.09393946789812802
659,0.6673054618350736,0.656063744951612,0.011241716883461539,0.6177260811639697,0.5332278128730613,0.08449826829090834,0.669684782583029,0.6608938866654637,0.008790895917565322,0.6208646282506199,0.5397295945815406,0.08113503366907937
660,0.6726634602447731,0.6245802492402137,0.04808321100455937,0.6384228396633567,0.5167103567573901,0.12171248290596659,0.6766101135629161,0.6297053229934519,0.04690479056946417,0.6420883606420387,0.5233440035593988,0.11874435708263986
661,0.6668427813818784,0.6372952617237027,0.029547519658175703,0.5982255191895938,0.49628008482340485,0.10194543436618891,0.6690947602257338,0.6425389174179171,0.026555842807816643,0.6006114146479934,0.5029769782228943,0.09763443642509906
662,0.6646926542351379,0.6336777238738024,0.031014930361335513,0.6215142791747603,0.521466652710771,0.10004762646398935,0.6669115147152793,0.6366754857836747,0.030236028931604597,0.6247317593700844,0.5270910003967956,0.09764075897328883
663,0.6645881543500591,0.6424535341202009,0.022134620229858237,0.6206087408751141,0.5241865954281462,0.09642214544696792,0.667871566593493,0.6483311810067616,0.019540385586731435,0.6255542092014983,0.5315619109940989,0.0939922982073994
664,0.6684105051020158,0.6497730693982025,0.018637435703813376,0.6132397827230155,0.5111028385073838,0.10213694421563169,0.6700062901470354,0.6552012281355515,0.014805062011483905,0.6173644614180216,0.5188301012242288,0.0985343601937928
665,0.6620243005330642,0.6491926027490561,0.012831697784008056,0.6200280688142707,0.5463112476894461,0.0737168211248247,0.664173959490453,0.6536261315833711,0.010547827907081864,0.6235354386348999,0.553306156985043,0.07022928164985687
666,0.676306873786083,0.6276032639532971,0.04870360983278588,0.6117087829891517,0.48585799713286293,0.12585078585628873,0.679504830562611,0.6315276997211341,0.04797713084147692,0.6145214392738174,0.490752033921603,0.12376940535221442
667,0.6546266962988653,0.6418955714486505,0.01273112485021477,0.5945000009035838,0.5014037075263302,0.09309629337725356,0.6559329482866868,0.6473020500027624,0.008630898283924382,0.5982383269832912,0.5085423521648034,0.08969597481848779
668,0.6665237551802574,0.6257223148350108,0.040801440345246576,0.6079656594697694,0.4984354336486756,0.10953022582109384,0.6706456653495545,0.6304664508912377,0.04017921445831685,0.612307416873817,0.5057294664765148,0.10657795039730211
669,0.6852427911767347,0.6515674455360531,0.03367534564068164,0.6419170882140744,0.5196081333037951,0.12230895491027938,0.6874304996618067,0.6566793907873116,0.03075110887449506,0.6438248565495024,0.5261768666170139,0.11764798993248848
670,0.6662841102788855,0.6420056877033474,0.024278422575538028,0.6231794656366364,0.5261023320064089,0.09707713363022752,0.668423157396373,0.6475504025775853,0.020872754818787698,0.6264514076062524,0.5346036093346174,0.09184779827163503
671,0.6690256189711061,0.6403491306557542,0.028676488315351967,0.6207270640369595,0.5142515038866862,0.10647556015027337,0.6733671153759178,0.6464504972537413,0.026916618122176494,0.6263037046904204,0.5215853939827835,0.10471831070763693
672,0.6720061797549427,0.6409562378246793,0.031049941930263447,0.612290572788996,0.5116919030646175,0.10059866972437848,0.6732961320772177,0.6452956297236293,0.02800050235358842,0.6151942373360212,0.5186288741246075,0.09656536321141374
673,0.697112753685951,0.6427622487746304,0.05435050491132065,0.6256769483699762,0.4934647421864009,0.13221220618357532,0.7012814493993189,0.6473090945713316,0.053972354827987346,0.6305827350870181,0.5000643529737163,0.1305183821133018
674,0.6639124326879715,0.6473920936139927,0.016520339073978763,0.6003290809595954,0.5069741101446934,0.09335497081490196,0.6642856581440091,0.652031498429448,0.01225415971456112,0.6016644560902454,0.5145853199461238,0.08707913614412166
675,0.6789644117636598,0.646706514622385,0.032257897141274805,0.6336674859614346,0.5182715624104491,0.11539592355098549,0.6813328695498557,0.6513996348135138,0.029933234736341907,0.6364474152013867,0.5236970881930075,0.11275032700837917
676,0.6526510582585843,0.6765490841157713,-0.023898025857187033,0.6107279389440116,0.5484775548807794,0.062250384063232134,0.6539872335680352,0.6821166761775612,-0.02812944260952599,0.614296357512981,0.5558342174582985,0.05846214005468242
677,0.6672229248322368,0.6540164821536624,0.013206442678574404,0.612585354653564,0.5298618214585475,0.08272353319501646,0.6705740189625196,0.6622749269569236,0.008299092005595976,0.6157750400396875,0.5404233106842903,0.07535172935539725
678,0.6682612575942344,0.6341124821832255,0.034148775411008914,0.6237899568443056,0.5258852775869292,0.09790467925737645,0.6703743410434337,0.6372570360498007,0.03311730499363308,0.6279914454444522,0.5319299228440293,0.09606152260042289
679,0.6543143550094258,0.6365665307996543,0.0177478242097715,0.6037675689333705,0.5104900342473345,0.09327753468603595,0.6551023253148975,0.6426892853901588,0.012413039924738745,0.6076140684978528,0.5192544883322598,0.08835958016559298
680,0.6674031896189215,0.6537754636127755,0.013627726006146035,0.5988796989600962,0.5077891293253944,0.09109056963470175,0.6691130085113938,0.6577555347581878,0.011357473753205949,0.6043132794039657,0.5138871251075461,0.09042615429641965
681,0.6749502535915385,0.6639080731648865,0.011042180426651949,0.6278296584037149,0.5375485670311103,0.09028109137260454,0.6775730529438233,0.6692662691659085,0.008306783777914828,0.6323600814690472,0.5455708745686267,0.08678920690042047
682,0.6651864031677108,0.6447878158301554,0.020398587337555396,0.6201607943083128,0.5278603036484417,0.09230049065987112,0.6686402617694313,0.6492655570019206,0.019374704767510686,0.6256958805544511,0.5339695958629505,0.09172628469150068
683,0.6587837697065275,0.6568075713459693,0.001976198360558179,0.6012517755191507,0.5194876914332145,0.08176408408593616,0.6606377304933069,0.660350508206952,0.00028722228635491565,0.6035420718070195,0.52624958329199,0.07729248851502946
684,0.6669078366594328,0.6456862028610633,0.0212216337983695,0.5844538051002373,0.49731045385570327,0.08714335124453398,0.6674017089271238,0.6502207047959342,0.017181004131189614,0.5871874652241139,0.504677718909556,0.08250974631455787
685,0.6564269726256465,0.6483305373667406,0.00809643525890591,0.600146311249162,0.520194361164983,0.07995195008417899,0.6575781920196189,0.6526615448112014,0.004916647208417446,0.6039192774284945,0.5279337700813193,0.07598550734717524
686,0.6876059699802871,0.668970799916387,0.01863517006390014,0.6314291613780697,0.5281843903840242,0.1032447709940455,0.6903120145529382,0.6726680515928964,0.01764396296004178,0.6334098841091256,0.5325857545250607,0.10082412958406484
687,0.6604947958090799,0.6648830459692834,-0.0043882501602034996,0.6066138744269454,0.5333422418479857,0.07327163257895963,0.6627164809133805,0.6701835588686388,-0.00746707795525825,0.6101157508911568,0.5392455742654014,0.07087017662575534
688,0.666917457360092,0.6458340562049321,0.021083401155159942,0.6036570547131938,0.515657811108297,0.08799924360489675,0.6708849560608541,0.6507770964069598,0.020107859653894278,0.6085218606847443,0.5218594374639813,0.08666242322076301
689,0.6815099855536467,0.6718235592690927,0.009686426284554073,0.6417250621439807,0.5480294678657728,0.09369559427820795,0.6828890897002089,0.6769832435326497,0.005905846167559181,0.6444014529130341,0.5548622396423595,0.0895392132706746
690,0.6658160329221474,0.6311556384804454,0.03466039444170199,0.5964790795689487,0.4929847031984197,0.10349437637052905,0.6683601523016296,0.6354318079904415,0.032928344311188074,0.6006605544334125,0.49835845523940203,0.10230209919401045
691,0.6600483698681938,0.6443752607080342,0.015673109160159626,0.6024038023719843,0.526655132565754,0.0757486698062303,0.6630561749515823,0.6489990076073823,0.014057167344200039,0.6076810307660944,0.5334248380574986,0.07425619270859574
692,0.6832851404914385,0.6445924144429099,0.03869272604852858,0.6202398581815565,0.4957969032398841,0.12444295494167235,0.6856922082507477,0.6473431249324224,0.03834908331832532,0.6225863027956862,0.4992842384084824,0.12330206438720376
693,0.6804501430997839,0.6403850782541923,0.04006506484559158,0.6232679637073641,0.5125703792957262,0.1106975844116379,0.6845993283919174,0.6451406214579232,0.039458706933994225,0.6270158502064918,0.5194967194443298,0.10751913076216191
694,0.6528336308356839,0.6450031957128041,0.007830435122879842,0.5910698467331799,0.5083990144637429,0.08267083226943694,0.6538825082613079,0.6465157145637188,0.00736679369758908,0.5938450471897816,0.5132440941892082,0.08060095300057335
695,0.6601963765374068,0.6311814432607652,0.02901493327664162,0.6109536060695973,0.5090236586471937,0.10192994742240358,0.6630644855893864,0.6360265462862529,0.027037939303133474,0.6157631085890645,0.5149372273361039,0.10082588125296055
696,0.6672136884446109,0.6321127341797229,0.03510095426488802,0.6195997981968021,0.5156261313142694,0.10397366688253273,0.670950036727886,0.6388563807531866,0.032093655974699375,0.6236082991080536,0.5244507282836256,0.099157570824428
697,0.6675193188793637,0.6414274907686865,0.026091828110677118,0.5907572471458453,0.4933619166532851,0.09739533049256022,0.6680528100886138,0.6465751097855461,0.021477700303067726,0.594224265974798,0.5008718369382402,0.09335242903655783
698,0.6732152929664522,0.6380681781029303,0.035147114863521955,0.6131424214323118,0.49557873413915116,0.11756368729316063,0.674176678100871,0.6434125917080029,0.030764086392868095,0.6150543404373598,0.5034068619174654,0.11164747851989443
699,0.6766166247024551,0.6705484646745635,0.006068160027891567,0.6270558796700861,0.5363796733495603,0.09067620632052587,0.6782074679579819,0.6749306359331744,0.003276832024807552,0.6297029076962255,0.5425305993947576,0.08717230830146794
700,0.664466305619316,0.6538482776511483,0.010618027968167687,0.6097367617056614,0.5235756688310735,0.08616109287458784,0.6669557402252169,0.6599772540110896,0.006978486214127222,0.6151086826201599,0.5307335375232,0.08437514509695998
701,0.654304121771481,0.6461360897177114,0.008168032053769592,0.6010273696119631,0.5208360532682865,0.0801913163436766,0.6553626765309734,0.6501633347482224,0.005199341782750944,0.6037762497028675,0.5269102995845695,0.076865950118298
702,0.6752645954956887,0.639075388816105,0.036189206679583696,0.6383608810145399,0.5175819577953369,0.12077892321920303,0.6799540228154112,0.6432912134690352,0.036662809346376,0.6428966320057838,0.523679323475152,0.11921730853063184
703,0.6717334494773519,0.6362496187191309,0.035483830758221035,0.6118797477448252,0.5018526236647531,0.11002712408007209,0.6739897884869286,0.64206054398917,0.03192924449775858,0.614505358581003,0.5086075171792679,0.10589784140173508
704,0.6714162783046502,0.6536220422376562,0.01779423606699404,0.6133485509117131,0.5298800657157454,0.08346848519596772,0.6748839126702588,0.6591470939964075,0.01573681867385135,0.616516715629188,0.5363466003940288,0.08017011523515916
705,0.6782286860695244,0.6325297508490766,0.04569893522044777,0.6259743789187924,0.5057285970169723,0.12024578190182011,0.6805873345560103,0.6358681421522834,0.044719192403726904,0.6294750311642265,0.5104200164358678,0.11905501472835878
706,0.671637200498989,0.6507841187719237,0.020853081727065348,0.6096630618335792,0.513302202450183,0.09636085938339622,0.6737954730688431,0.6560018315114509,0.01779364155739227,0.6127522539431072,0.5199594514742703,0.09279280246883692
707,0.6684387127168263,0.6411971975164386,0.027241515200387756,0.5985245078378618,0.5057778732775262,0.0927466345603356,0.6689006809569752,0.6456998298257887,0.02320085113118653,0.6008096418676756,0.5130050855866126,0.08780455628106298
708,0.6651007819986937,0.6225581526447075,0.04254262935398623,0.5945454946551676,0.4799441854405384,0.11460130921462919,0.6662601431372097,0.6257569310090871,0.04050321212812258,0.5965942127491514,0.485870921535715,0.11072329121343638
709,0.6677376761169119,0.6487252185911119,0.019012457525800053,0.606173399780861,0.5087879509813019,0.09738544879955913,0.6700960056885572,0.653728566271063,0.01636743941749419,0.6117511132725464,0.517343166694077,0.0944079465784694
710,0.6749362179332641,0.637213462376718,0.03772275555654603,0.629902419536458,0.517482883374607,0.11241953616185096,0.6765377467504503,0.6410224289142594,0.035515317836190885,0.633313078266579,0.52359183135876,0.10972124690781904
711,0.6799140004329982,0.6328352971215031,0.04707870331149511,0.6138012364649792,0.49774442069457625,0.11605681577040294,0.6832422155554728,0.6385127789106011,0.04472943664487172,0.6187035154226287,0.5067322092611268,0.11197130616150186
712,0.6623311450679739,0.6496703045657417,0.012660840502232151,0.628482490457275,0.5473447976781248,0.08113769277915017,0.6649740456514383,0.6547232785856534,0.010250767065784872,0.6323963310262275,0.5556676874343274,0.07672864359190013
713,0.6642072136375422,0.6584193583202074,0.0057878553173348335,0.6033798002695564,0.5251847042006854,0.07819509606887098,0.6668664188903218,0.6630468264784118,0.003819592411909989,0.6076683813982708,0.5313155511291128,0.07635283026915807
714,0.6818645799558699,0.6497572737109517,0.0321073062449182,0.6214420013662635,0.5057624299266341,0.11567957143962937,0.6849381384821132,0.6542433895400488,0.030694748942064365,0.6268757778504574,0.5119183835161395,0.11495739433431795
715,0.6779236990177877,0.6325312423274958,0.045392456690291905,0.6156666756320315,0.5012178096437158,0.11444886598831572,0.6808919291225787,0.6391785073246468,0.041713421797931916,0.6209901305834953,0.5087201625223866,0.11226996806110867
716,0.6752999447905986,0.6419119925740321,0.03338795221656654,0.6323449119583121,0.5207879819151495,0.11155693004316258,0.6789824781970766,0.6459868612686687,0.03299561692840791,0.6374314205226426,0.5277385921078244,0.1096928284148182
717,0.6757252349542475,0.6422216637468114,0.03350357120743608,0.6253114036533812,0.5238750647999,0.10143633885348124,0.6788219546189954,0.6465607157120523,0.0322612389069431,0.6306331058253194,0.529902029700708,0.10073107612461141
718,0.6582510022684571,0.6495597009532547,0.00869130131520246,0.6014558801836002,0.5124343099230373,0.0890215702605629,0.6585978346839417,0.6540441892185427,0.004553645465399048,0.6035546571824932,0.5185199254986119,0.08503473168388131
719,0.6532241112340333,0.6288549788954165,0.024369132338616817,0.5900822990724585,0.48389838463815515,0.1061839144343033,0.6561029819310582,0.6358162592825033,0.02028672264855491,0.595221848770359,0.4927787157054543,0.10244313306490471
720,0.6586339719963401,0.6482686662631261,0.010365305733214036,0.5879142293231483,0.508078539944513,0.07983568937863528,0.6589028248048491,0.6517343798180053,0.007168444986843769,0.5908879227139923,0.5137549091494784,0.07713301356451385
721,0.6563330150842974,0.6390106732557701,0.01732234182852732,0.5841880104576394,0.509267821276905,0.0749201891807344,0.657612151678776,0.6430418334375804,0.01457031824119559,0.587384127218412,0.5149647491329068,0.07241937808550525
722,0.6903409028616319,0.6343134012659514,0.056027501595680484,0.6364820587770142,0.5048575169665694,0.1316245418104448,0.6942172485180391,0.6407677117982911,0.05344953671974806,0.6396945693005317,0.5128112291937797,0.12688334010675195
723,0.6674241261092475,0.6378811671829874,0.029542958926260132,0.6136384292533028,0.5175235445245149,0.09611488472878793,0.6701119279233156,0.6431450791389154,0.026966848784400255,0.6173988491381672,0.524294390357324,0.09310445878084328
724,0.6902214209511229,0.6686409896413322,0.021580431309790704,0.6296922999472729,0.534922252909104,0.09477004703816894,0.6940651049687541,0.6749176072704098,0.01914749769834423,0.635233500934383,0.5428197934697622,0.09241370746462085
725,0.6688576139263999,0.6480598811047321,0.020797732821667747,0.6142927588176545,0.5181653027702655,0.09612745604738904,0.6711957153428825,0.6540882538241306,0.017107461518751865,0.6179822137215799,0.5251440963438452,0.09283811737773473
726,0.6760275215475772,0.6499544198102839,0.02607310173729327,0.6266174958123972,0.5105883587748377,0.11602913703755957,0.6776052406473314,0.6542801879000851,0.023325052747246278,0.6302349616178748,0.5178207335876988,0.11241422803017609
727,0.683660947636303,0.6612200216731474,0.02244092596315561,0.6309662057713055,0.5170134701622529,0.11395273560905261,0.68574075775081,0.6664701324054083,0.019270625345401693,0.6337468965645364,0.5250290137830441,0.1087178827814923
728,0.6669844869766561,0.631918217548647,0.03506626942800917,0.6130906638180234,0.49858576418985207,0.11450489962817129,0.6688742301986674,0.6369372812862464,0.03193694891242105,0.6175117406502527,0.5052009282875578,0.11231081236269491
729,0.679709976192478,0.6418366033850164,0.037873372807461614,0.6300097329878555,0.5047066063606414,0.1253031266272141,0.6820298805361273,0.646841077254726,0.03518880328140139,0.6332104880241307,0.5113416345342658,0.12186885348986487
730,0.6953471307774628,0.6476124280352717,0.04773470274219105,0.6414286278097113,0.5133196896939589,0.1281089381157524,0.6982289848730855,0.6507536970074979,0.047475287865587634,0.6451897501914104,0.5186642972787309,0.12652545291267958
731,0.682164222228069,0.6376424542027096,0.044521768025359454,0.6265575789057979,0.502446045846248,0.12411153305954992,0.684953043010844,0.6411768468611488,0.04377619614969519,0.6291127413346713,0.5075900539840459,0.12152268735062544
732,0.6514570200699694,0.6428927064492858,0.008564313620683661,0.6051658846509564,0.5188433724372254,0.086322512213731,0.6528280399296358,0.6485397931614958,0.004288246768139992,0.6092652924447017,0.5276198094134134,0.08164548303128838
733,0.6843522704905075,0.6554678792867452,0.028884391203762294,0.6062705974334206,0.5063591458100878,0.09991145162333281,0.6861018252875093,0.6605753658261962,0.025526459461313045,0.6097054576041274,0.5140409946058568,0.09566446299827058
734,0.6662805546890531,0.6525694461359796,0.013711108553073559,0.6057124512324594,0.5132516707924559,0.0924607804400035,0.6688658669929282,0.6586240655049487,0.010241801487979485,0.6105694513091566,0.5199527747202339,0.0906166765889227
735,0.6565036505988582,0.6384071982156103,0.018096452383247863,0.5819234198407223,0.4954067901333395,0.08651662970738278,0.6591170595461056,0.6439017385780497,0.01521532096805589,0.5869527023693096,0.5021322189033788,0.08482048346593085
736,0.6715267118043426,0.6499442877584533,0.021582424045889392,0.6310804835754927,0.514919886382471,0.11616059719302174,0.6734691707532877,0.6549729592540183,0.018496211499269388,0.634661388782723,0.5223970851759943,0.11226430360672879
737,0.6470527365041557,0.6265514283902658,0.02050130811388995,0.5900310379267442,0.5022841193267158,0.08774691860002837,0.6484343627723177,0.6313989936662247,0.017035369106093046,0.5956290482881728,0.5102109553005028,0.08541809298767
738,0.6818098570207789,0.6522848805841959,0.029524976436583028,0.6201909352053865,0.5091385684795922,0.11105236672579433,0.6841546735640209,0.6575539309603811,0.02660074260363987,0.6240041794237856,0.5163060327248229,0.10769814669896272
739,0.672780633294503,0.6312575497983328,0.04152308349617018,0.6048189636117215,0.5047846705576027,0.10003429305411882,0.6742692202928198,0.6339795361855083,0.040289684107311485,0.6069538280160025,0.5099318449604107,0.09702198305559184
740,0.6704955974392046,0.6353536667071586,0.03514193073204597,0.5956274693050401,0.49351049764485677,0.1021169716601833,0.6726599213497152,0.6405708842516487,0.03208903709806654,0.6001548749053943,0.500956325686935,0.09919854921845928
741,0.6585315253298951,0.6510166073590062,0.007514917970888879,0.6075449224095091,0.5303285714951337,0.0772163509143754,0.6602974098618627,0.6552685513408074,0.005028858521055279,0.6097812835743965,0.5367677335109886,0.07301355006340793
742,0.687672862885087,0.6429946675579895,0.04467819532709749,0.6228071495621288,0.502445157892567,0.12036199166956174,0.6902049276428703,0.6490100390573641,0.04119488858550624,0.6260836668106704,0.5112029085899998,0.11488075822067056
743,0.6868211421870511,0.6366663408591579,0.050154801327893295,0.61554588308398,0.4887478600489689,0.12679802303501103,0.6888097272705822,0.6413821836428368,0.04742754362774537,0.6183855804254245,0.49610739153927397,0.1222781888861505
744,0.6814937567916423,0.6210953482029982,0.06039840858864409,0.6107332133011538,0.47775900380655256,0.13297420949460126,0.6842070387438675,0.6238462860075874,0.060360752736280054,0.6149592005545831,0.4843528632653371,0.13060633728924598
745,0.687261263384641,0.6349096765758302,0.0523515868088108,0.6310886124134301,0.4966785453620731,0.13441006705135694,0.6901342235384965,0.6392881547909097,0.05084606874758679,0.6339179075873,0.5031911488787368,0.1307267587085632
746,0.6893263115233452,0.6515290256946062,0.03779728582873898,0.624342577131254,0.5045166196509346,0.11982595748031932,0.6940140141473349,0.6557685639872965,0.03824545016003833,0.629534929173036,0.511802791013389,0.117732138159647
747,0.6661193608238156,0.638029555974607,0.028089804849208644,0.6151285943104918,0.5105140784776814,0.10461451583281045,0.6682455384319523,0.6417989000184081,0.02644663841354422,0.6182650994996073,0.5155921296885977,0.1026729698110096
748,0.662303640491293,0.6278009503255018,0.03450269016579122,0.6018739399366649,0.49276682789531334,0.1091071120413516,0.6639370126944757,0.6318994399246578,0.03203757276981789,0.605091535899694,0.4990319298688942,0.10605960603079978
749,0.6646442898187586,0.6505269472338423,0.01411734258491626,0.6123469750172459,0.5237505333432385,0.08859644167400738,0.6663026239762083,0.6550705738471133,0.011232050129095006,0.6149581525338721,0.5301430546367278,0.08481509789714425
750,0.6768512976890061,0.6431874252518746,0.03366387243713154,0.618338516829906,0.5175517566989856,0.10078676013092047,0.6790394794796553,0.6485637246343313,0.030475754845323944,0.6202469713403029,0.5251553976434089,0.09509157369689403
751,0.6638876570951321,0.6420626938832326,0.02182496321189953,0.5869009299571529,0.4885154592248862,0.09838547073226672,0.6648903926896694,0.6467437148999724,0.01814667778969703,0.5906966358877949,0.496647779111674,0.09404885677612085
752,0.6613125411259575,0.6399240333671762,0.021388507758781317,0.5934785445545223,0.5067113582626276,0.08676718629189473,0.6636112212781491,0.6445597301354251,0.019051491142723975,0.5970541765290016,0.51387436359829,0.08317981293071164
753,0.6692150890906331,0.6468965192842676,0.022318569806365485,0.6273467236431212,0.5366206373420749,0.09072608630104628,0.6715864258311811,0.6507722562939292,0.020814169537251903,0.630207105672798,0.543023334771275,0.08718377090152307
754,0.6756300948707008,0.6230946900826893,0.05253540478801155,0.6150982819709092,0.482402868314892,0.13269541365601722,0.6783971949219032,0.6269514328144121,0.05144576210749108,0.6189770489537073,0.4878554242129278,0.13112162474077949
755,0.6795185471571014,0.6611010530657891,0.018417494091312214,0.6256755254849655,0.528253676649328,0.09742184883563754,0.6827247942274604,0.6671596437161563,0.015565150511304027,0.6298221166053037,0.5359779608925378,0.09384415571276594
756,0.6642109862452432,0.6417931624970428,0.02241782374820045,0.5993078116512072,0.5030895135364688,0.09621829811473837,0.6675913168394578,0.648029722956778,0.019561593882679862,0.6045353411297908,0.5110037594045024,0.09353158172528842
757,0.665025678858213,0.6310925035737103,0.03393317528450268,0.607564630562949,0.5079455976232413,0.09961903293970764,0.6672564308038436,0.6349469045042667,0.03230952629957684,0.6119712009993359,0.5153730540458279,0.09659814695350799
758,0.6463609971214049,0.6351737860325634,0.011187211088841575,0.5742347636486853,0.5034331641137739,0.07080159953491139,0.6478127030330156,0.6392565518009878,0.008556151232027798,0.5765736631594613,0.5111260336104058,0.06544762954905559
759,0.6814127761476606,0.6548811900370188,0.02653158611064177,0.6424254492463989,0.527430109160572,0.1149953400858269,0.6858744246915113,0.6582313055709861,0.027643119120525195,0.6467062680975437,0.5323111034940131,0.11439516460353061
760,0.6752580978190734,0.6727118992871026,0.0025461985319708003,0.6385438396865183,0.5397403301401646,0.09880350954635364,0.6777644269859723,0.67819917410917,-0.0004347471231976874,0.6434489603274011,0.5479139269796189,0.09553503334778213
761,0.6696745833913623,0.655704355595212,0.013970227796150314,0.6051341440806618,0.5137698996034684,0.09136424447719338,0.6715684775060798,0.6604848320423204,0.011083645463759395,0.6102809212149043,0.5212556758219704,0.08902524539293388
762,0.658593598641556,0.6357065256428893,0.022887072998666658,0.6121656014426656,0.5091274226721215,0.10303817877054411,0.6615860919879601,0.6402437627159683,0.021342329271991867,0.6154168286950294,0.5161450781096559,0.09927175058537352
763,0.6757028242497394,0.6546903266148365,0.02101249763490287,0.622116889636488,0.5249638628413011,0.09715302679518689,0.6787197855862708,0.6599503323765704,0.01876945320970036,0.6261012442465781,0.5310440476686504,0.09505719657792766
764,0.67903056619363,0.6352751002549589,0.04375546593867108,0.6193079742470382,0.49801756942413855,0.12129040482289966,0.6818667218668537,0.6412315235528112,0.0406351983140425,0.6223026231112377,0.5056650499545664,0.11663757315667134
765,0.6587821657615559,0.6456359700585435,0.013146195703012453,0.6032370443036625,0.507723833864887,0.09551321043877559,0.6598076307942845,0.6499735238348809,0.009834106959403566,0.6053251771093487,0.5140611653144347,0.09126401179491406
766,0.6677065232261314,0.6444484709475672,0.023258052278564256,0.6226101477406283,0.5249127339827636,0.09769741375786467,0.6700215860921226,0.6482096313623623,0.021811954729760274,0.6272794268886953,0.5319498230163509,0.09532960387234446
767,0.6923295558205768,0.662663747986181,0.029665807834395763,0.6382567457285053,0.5134825667984714,0.12477417893003395,0.6954458289673305,0.6687167756267226,0.026729053340607933,0.6415661501573908,0.5197515228728948,0.12181462728449599
768,0.6680386941352262,0.6387571826006835,0.029281511534542726,0.6196359058318736,0.507735067572696,0.11190083825917752,0.6704232494303864,0.6430475637085555,0.02737568572183091,0.625268102622356,0.5141820625645437,0.11108604005781231
769,0.6550185520852698,0.647433329653901,0.007585222431368832,0.6219645173913743,0.5443730773224471,0.07759144006892715,0.6580499802705446,0.6517048031677372,0.006345177102807464,0.625168623519043,0.551635201898926,0.073533421620117
770,0.6699721589842096,0.6579349994516812,0.012037159532528374,0.6031614906407885,0.5150775748793487,0.08808391576143981,0.6714044496051281,0.6633715564022464,0.008032893202881697,0.6071748637938447,0.5240265604272444,0.08314830336660028
771,0.6619628370282238,0.657176921321436,0.004785915706787769,0.6260539409579856,0.5469122790727705,0.0791416618852151,0.6639259144416887,0.662169328959069,0.0017565854826196992,0.6299015637505431,0.5537307935250807,0.07617077022546237
772,0.674124279049625,0.6465142418456329,0.027610037203992133,0.6041398088495902,0.504524504985082,0.09961530386450823,0.6759873904361844,0.6497232893469996,0.026264101089184755,0.6066933694727809,0.5106511862401948,0.09604218323258606
773,0.6775054509424967,0.637528992552255,0.039976458390241665,0.6135499689902845,0.5003536717096353,0.11319629728064917,0.6805739800429667,0.6424404239591817,0.03813355608378499,0.6167500948379503,0.5082402604895803,0.10850983434837003
774,0.675709776556264,0.6687978635033417,0.006911913052922269,0.616569414829591,0.5409252852602554,0.07564412956933564,0.6779219120014108,0.675731840059715,0.002190071941695848,0.6210158748905754,0.5494329597363115,0.07158291515426396
775,0.6847815460994535,0.635495549676128,0.04928599642332554,0.6157006501015804,0.5032757666888499,0.11242488341273049,0.6875361852865457,0.6400375936405538,0.047498591645991906,0.6208753211376241,0.5105048358177489,0.11037048531987526
776,0.6719381231151045,0.6335374477431327,0.03840067537197178,0.6182672628782117,0.5049013462978005,0.11336591658041117,0.6743404835903942,0.6350297944274346,0.039310689162959656,0.6217538040831677,0.5083362892471011,0.11341751483606666
777,0.6770872210886044,0.623430208895937,0.053657012192667386,0.6178478713311719,0.496511332193467,0.12133653913770492,0.6801255926662497,0.6264800967248891,0.05364549594136059,0.6218756337048326,0.5015931862444761,0.12028244746035643
778,0.668258161876043,0.6591287709033292,0.009129390972713813,0.6190451684868226,0.5352913436658207,0.08375382482100191,0.6693972479791905,0.6632527253534837,0.006144522625706861,0.6215111196107831,0.5405726672741449,0.08093845233663821
779,0.669702128858578,0.6513006855107131,0.018401443347864976,0.6129623737084341,0.5143349560150161,0.09862741769341798,0.6722365234492584,0.6569268915746576,0.015309631874600882,0.6171363712991909,0.5222399971420153,0.09489637415717556
780,0.6579530292449425,0.6411231988561985,0.01682983038874397,0.598453724221803,0.5144773730809052,0.08397635114089774,0.6595210368771882,0.6461720713010326,0.013348965576155614,0.6019323809481896,0.5222519927824756,0.07968038816571399
781,0.6710667758899905,0.6564406125179848,0.01462616337200573,0.6164384038212739,0.5226339204711781,0.09380448335009584,0.6731001380010933,0.6628331304170048,0.010267007584088494,0.6199781450850066,0.5312981502842353,0.08867999480077127
782,0.6749581739028581,0.6568549410432609,0.01810323285959714,0.6296208392349991,0.530072964434764,0.09954787480023508,0.6763632339674656,0.661835582778691,0.014527651188774526,0.6328397772744255,0.5361336512408237,0.09670612603360185
783,0.6736831968754164,0.6337090584784242,0.039974138396992265,0.617095333896749,0.5006047980066544,0.11649053589009462,0.6766164365751095,0.6372740568650783,0.03934237971003118,0.6202781094049838,0.5055252415995797,0.11475286780540417
784,0.6659560479438686,0.6560976272687182,0.009858420675150414,0.6199318135954675,0.5294188791364265,0.09051293445904096,0.6675272095691265,0.6598173683926389,0.007709841176487542,0.6220875282803333,0.5353176926839629,0.08676983559637041
785,0.6563739968758174,0.6356962707846867,0.02067772609113072,0.5965254679603851,0.5065695874184006,0.08995588054198445,0.6579084757560268,0.6411893262667769,0.016719149489249907,0.5994370012567704,0.5139262168041481,0.08551078445262228
786,0.6755161807368598,0.6632120900019424,0.01230409073491745,0.6245544681675191,0.5266226042469695,0.09793186392054964,0.6765395703180002,0.6669539546456036,0.009585615672396575,0.6281039846572453,0.5325809527819856,0.09552303187525968
787,0.6605066277205636,0.6434957734920781,0.017010854228485472,0.6187316801826779,0.5267372433984132,0.09199443678426467,0.661551832395437,0.6462806998436839,0.015271132551753164,0.6204727316591702,0.5327574429310047,0.08771528872816547
788,0.681696519207017,0.6358904116020988,0.04580610760491821,0.6167376641997655,0.4978527728752307,0.11888489132453478,0.684397871000888,0.640457441258414,0.04394042974247403,0.6196832175212476,0.5048788955964018,0.1148043219248458
789,0.6743579321524776,0.6363995078600732,0.03795842429240448,0.599186077333584,0.5061762372185197,0.0930098401150643,0.6758723711421073,0.6398663117932315,0.036006059348875796,0.6023062125126072,0.5116964911674557,0.09060972134515144
790,0.6659575165937319,0.6582684072360138,0.00768910935771816,0.6071261555617453,0.5255335650512766,0.08159259051046874,0.6678713092714315,0.6645395845178204,0.0033317247536110983,0.6097812591142705,0.5352361110373969,0.07454514807687362
791,0.6539646071001257,0.653066495064249,0.0008981120358767525,0.5858422614617296,0.5139109735710211,0.07193128789070846,0.6551059844556039,0.658022527337933,-0.0029165428823291206,0.5885420728829195,0.5209170500432108,0.06762502283970873
792,0.6713636235184519,0.6616608539992419,0.009702769519210008,0.6171796310366761,0.5407824094484186,0.07639722158825746,0.6736106740188392,0.6666447111757313,0.006965962843107909,0.6204462209947572,0.5470753928116323,0.0733708281831249
793,0.6813803623264667,0.6414469312102726,0.039933431116194074,0.612642824601629,0.5086349477502563,0.1040078768513727,0.6843605646443842,0.6444757685895949,0.03988479605478934,0.6171995755890409,0.5134736881479814,0.10372588744105948
794,0.6756353892656799,0.658743349483409,0.01689203978227094,0.6091911817172028,0.514528078335247,0.09466310338195572,0.6766311477411422,0.6631609925559356,0.013470155185206556,0.6123035170030554,0.5211794230026205,0.09112409400043486
795,0.6689288797881154,0.6483325457663901,0.020596334021725338,0.634795494967677,0.5375381834160667,0.09725731155161021,0.6708174045245785,0.6518677413646361,0.018949663159942398,0.6393368748505879,0.542856786606011,0.09648008824457688
796,0.6510803191234753,0.6412595647659081,0.00982075435756724,0.5972874186464143,0.5182526984887772,0.07903472015763713,0.6529611190402063,0.647552946416883,0.005408172623323271,0.5999609872920579,0.5256837475554237,0.07427723973663425
797,0.6803174176091518,0.6531494000557309,0.02716801755342091,0.6241866575660507,0.5259047274876165,0.09828193007843422,0.6820743099572448,0.6585745733633708,0.023499736593874054,0.6271739235350051,0.5331334021780577,0.0940405213569474
798,0.6836153932665905,0.6396060068614016,0.04400938640518892,0.6175614658847046,0.48638582684492376,0.13117563903978086,0.6860398419436861,0.6442015351750991,0.04183830676858691,0.6221410768910782,0.49362087777104324,0.12852019912003498
799,0.6884188447773266,0.6454738457240772,0.042944999053249444,0.6260082198435086,0.511370105497279,0.11463811434622961,0.6915134757619879,0.6493289383275166,0.04218453743447126,0.6293286319177496,0.516503188136942,0.11282544378080761
800,0.6722860316843245,0.6386019555084368,0.033684076175887756,0.6249229080757182,0.5225248948303434,0.10239801324537479,0.674621131220016,0.642868188955802,0.03175294226421399,0.6280603146300281,0.5285183168009342,0.0995419978290939
801,0.6716063040789593,0.638333822341145,0.033272481737814275,0.626854463020471,0.5090136941374368,0.11784076888303419,0.6739544547673109,0.6434491737552026,0.030505281012108254,0.6310684179086334,0.5170477393077982,0.1140206786008352
802,0.6695686300607597,0.6325493522786273,0.03701927778213243,0.6310290436655167,0.5140873702187393,0.11694167344677742,0.672354981322406,0.6360132645006985,0.036341716821707504,0.6343415681373428,0.5192796914276837,0.11506187670965906
803,0.6765995553706665,0.6585669803238939,0.01803257504677258,0.6341855379024672,0.5340594936432671,0.10012604425920013,0.6786518319693355,0.6615771339634617,0.0170746980058738,0.6379397713280786,0.5387081624251014,0.09923160890297711
804,0.686499692482561,0.6437121198850897,0.042787572597471346,0.6430546231368681,0.5113094426924342,0.13174518044443395,0.6886092327897222,0.6481286502110948,0.04048058257862741,0.6449469857379377,0.5172083939425265,0.12773859179541125
805,0.6438331489877882,0.6481439018064086,-0.004310752818620367,0.5780378017203367,0.5211154986082529,0.056922303112083794,0.64368782384604,0.6533937487478481,-0.009705924901808105,0.5809715960356427,0.530455542356529,0.050516053679113715
806,0.6712617776625066,0.6394992751463255,0.03176250251618107,0.6226125464603474,0.5251526675254317,0.0974598789349157,0.6743980059259719,0.6451540139081933,0.02924399201777861,0.6279882004316564,0.5340721332867994,0.09391606714485701
807,0.6656465769897557,0.6422373428996065,0.023409234090149167,0.6029913020873267,0.5181206545603103,0.08487064752701634,0.6680247628767666,0.6492393992936912,0.018785363583075365,0.6064190109965124,0.5270145102476395,0.07940450074887295
808,0.6812876013866357,0.65293959046552,0.02834801092111572,0.6141275353661023,0.5122941002828594,0.10183343508324294,0.6841620363319343,0.6582769110549203,0.02588512527701403,0.6186846859279842,0.518958803159999,0.09972588276798522
809,0.6646809249007051,0.6490560100090061,0.015624914891698927,0.6178518080357492,0.5199923955580967,0.09785941247765251,0.6662735907302142,0.6532635433280318,0.013010047402182368,0.6194931851168555,0.5272712384788858,0.09222194663796968
810,0.654553817025685,0.6461770948689554,0.008376722156729688,0.5857119373419032,0.508799433904997,0.07691250343690614,0.655197933788274,0.6500379255850012,0.005160008203272781,0.5873618730315022,0.5145558831528436,0.0728059898786586
811,0.6758056554744442,0.6410892235638147,0.03471643191062945,0.624704419640089,0.5081546967906854,0.11654972284940368,0.6787331808949326,0.6434658881785515,0.03526729271638107,0.6295088896368002,0.5127136173146576,0.1167952723221426
812,0.6575335602974801,0.6486106117049828,0.008922948592497315,0.5853783937810606,0.5098909136571359,0.0754874801239247,0.6580300302877009,0.6535111769717707,0.00451885331593016,0.5884422357544128,0.5179453570457742,0.07049687870863863
813,0.6869503901820198,0.6447217468214753,0.04222864336054444,0.6182857141757641,0.5061981469956122,0.11208756718015189,0.6897547417546427,0.6482287975671144,0.04152594418752831,0.6226011612798845,0.5115577288967721,0.11104343238311243
814,0.6937749168244135,0.6468435502272191,0.046931366597194435,0.6207764999452989,0.48701000480452533,0.1337664951407736,0.6970447773299504,0.6519843067002226,0.045060470629727845,0.6255032101757212,0.4933407705969596,0.13216243957876161
815,0.6557866888414281,0.6340295328711012,0.021757155970326902,0.6072414386881322,0.5247329576933842,0.08250848099474795,0.6576962826664916,0.6378513588737895,0.019844923792702085,0.6108094672451785,0.5313656508991473,0.07944381634603115
816,0.6668240893665855,0.6533421111878113,0.013481978178774279,0.6099747528192253,0.5224520581326184,0.0875226946866069,0.669278017000957,0.6606472042145836,0.008630812786373454,0.6134418358442174,0.5326070172922258,0.0808348185519916
817,0.6801795890451034,0.6449863153901716,0.035193273654931856,0.6254251545544229,0.5154762548439233,0.10994889971049959,0.6832192819497771,0.6498460679592333,0.033373213990543826,0.6300326923712322,0.5219214878342333,0.10811120453699885
818,0.6617169502156399,0.6516856860847876,0.010031264130852313,0.6134076769942793,0.532447021662344,0.0809606553319353,0.6638850598211317,0.6575303811553082,0.00635467866582351,0.6166764046715525,0.5400868974140182,0.07658950725753433
819,0.668665112914892,0.6304783368390865,0.03818677607580545,0.6219782063251811,0.5018611767585958,0.12011702956658532,0.6706691739472452,0.6361257286129883,0.034543445334256906,0.6257352378044775,0.510347558257125,0.11538767954735252
820,0.6725955603172551,0.6380216639178211,0.03457389639943398,0.5962907880109432,0.48657507841674946,0.10971570959419369,0.6750443904606822,0.6417184583130536,0.03332593214762858,0.5989339999794079,0.4921505525192803,0.10678344746012758
821,0.6701389324099897,0.6400106588615925,0.0301282735483972,0.6207694961359943,0.5032465625697218,0.11752293356627252,0.6735742285623287,0.6444324275141933,0.029141801048135463,0.6259282314967122,0.5085726485893317,0.11735558290738046
822,0.6656279828994609,0.6266588612195546,0.03896912167990629,0.6093502541681447,0.5005791008095432,0.10877115335860155,0.6672471029740505,0.631036509246963,0.03621059372708757,0.6128725583362375,0.5079987579552727,0.10487380038096483
823,0.6750526225964274,0.6436295025914054,0.03142312000502201,0.6143243225189934,0.5084342131727255,0.10589010934626786,0.6780415653795513,0.6494475407215416,0.028594024658009642,0.6190770037835909,0.516307113802744,0.1027698899808469
824,0.6705540818369711,0.6469193993709739,0.023634682465997203,0.6226132354916312,0.5247366936180091,0.09787654187362205,0.6726114740108842,0.6518699422448974,0.02074153176598681,0.6262612840440541,0.532399900295238,0.09386138374881614
825,0.6866905959349688,0.6658767946951227,0.020813801239846108,0.6208101345684793,0.5216768230910662,0.09913331147741311,0.6884358132416095,0.6697851723490513,0.01865064089255819,0.6250155884266643,0.5273013052485669,0.09771428317809738
826,0.6687072095938132,0.6442325235613144,0.024474686032498805,0.6110119053783989,0.5187330891604252,0.09227881621797374,0.6717401536387255,0.6488368471981737,0.02290330644055183,0.617132890995367,0.5246446316239421,0.0924882593714248
827,0.6640340845037724,0.6463588373604282,0.01767524714334423,0.6034164460049445,0.5084183735568217,0.09499807244812275,0.6656230637986927,0.6506543861426066,0.014968677656086116,0.6064978130733695,0.5144867502981605,0.09201106277520898
828,0.6836699571371302,0.635861679269167,0.047808277867963156,0.6175460141857825,0.4913308658107217,0.12621514837506076,0.6866635868596339,0.6415774892033604,0.04508609765627347,0.6237682178586523,0.4995222750133035,0.12424594284534884
829,0.6684909400555713,0.6381862301079853,0.03030470994758605,0.6110808362340363,0.49741969863103486,0.11366113760300145,0.6723327375803454,0.6439639597102209,0.028368777870124484,0.6160934009600245,0.5049165781888378,0.11117682277118668
830,0.676192677766499,0.650289139160162,0.025903538606337095,0.6286288179317605,0.5316256537570823,0.09700316417467825,0.6796577391255318,0.6544143112409508,0.025243427884581005,0.6330061816478962,0.5377160477156977,0.09529013393219854
831,0.673105281568209,0.6495220819918638,0.02358319957634525,0.6214166479219285,0.5226178421855708,0.09879880573635769,0.6752920149380595,0.6540634577574186,0.021228557180640872,0.6241057419099048,0.529516230940936,0.09458951096896873
832,0.6734054633459241,0.6554409471051217,0.01796451624080242,0.6082316583586365,0.5203052262740491,0.08792643208458739,0.6763015068482245,0.66019900902753,0.016102497820694506,0.6140306693044888,0.5269432215882704,0.08708744771621835
833,0.6751869433003099,0.6327581323167222,0.04242881098358775,0.6132486474692136,0.49797135580275753,0.11527729166645606,0.6780559659937202,0.6364429606266427,0.04161300536707746,0.617100737718083,0.5036339047695435,0.11346683294853954
834,0.6823198820221934,0.6531359099374703,0.02918397208472312,0.6210038285090712,0.5090816935224196,0.1119221349866516,0.6840546028536134,0.6567954132664622,0.027259189587151234,0.6224940527482278,0.5144501532998642,0.10804389944836357
835,0.6495554592686914,0.6380553688769415,0.011500090391749929,0.5857226356095752,0.5139233294642568,0.07179930614531838,0.6504374667935711,0.6429589622944566,0.007478504499114469,0.5889109859507893,0.5213861146787064,0.06752487127208284
836,0.6618072191502009,0.6319144219722663,0.029892797177934582,0.6021876190244494,0.502181426486872,0.10000619253757737,0.6641095182350867,0.6364421170489794,0.027667401186107332,0.6053900364695999,0.5091540516424831,0.09623598482711682
837,0.6702391943883179,0.6398139242233126,0.03042527016500529,0.6126836214527447,0.4927401876482833,0.11994343380446137,0.6725152368699596,0.6434007124865955,0.02911452438336415,0.6169698964015677,0.49826529604342196,0.11870460035814578
838,0.6510029021603452,0.6438096695017061,0.007193232658639026,0.6015347892176197,0.5208239607418585,0.08071082847576116,0.6518929228369303,0.6497319932996888,0.0021609295372415627,0.6057780142215203,0.529949112580892,0.07582890164062839
839,0.6595667301141934,0.6479925373043448,0.011574192809848616,0.6198572521143788,0.5255804314858684,0.0942768206285104,0.6616319238912258,0.6526651865445225,0.00896673734670328,0.6233284654721776,0.5317877184222679,0.09154074704990967
840,0.670074999283981,0.6440614620811165,0.02601353720286448,0.6132276719165635,0.5038780363334228,0.1093496355831407,0.6712771644988151,0.6474999596131163,0.02377720488569879,0.6160366633737011,0.5093733712512049,0.10666329212249626
841,0.6788716588243945,0.6374900854973851,0.041381573327009424,0.6013448433459543,0.48319499275153566,0.11814985059441863,0.6805316532602326,0.6433997385255454,0.03713191473468713,0.6069912430765888,0.4918753266306199,0.11511591644596891
842,0.6785704383632017,0.6355071242511302,0.04306331411207154,0.6036514991279658,0.4889645713505954,0.11468692777737038,0.6826777183226124,0.6408451992534026,0.04183251906920982,0.6095478203252044,0.4970409752675862,0.11250684505761815
843,0.6804670521378124,0.6524778718242741,0.027989180313538364,0.6262189164054277,0.5211740837772217,0.10504483262820596,0.6832587656902287,0.6558117228504913,0.027447042839737423,0.6294763174243646,0.5249684586091091,0.10450785881525548
844,0.6885710562836348,0.6681289276642574,0.020442128619377442,0.6337971986047861,0.5290706519057591,0.10472654669902703,0.6917676951564347,0.6740842931781437,0.01768340197829099,0.6386921406713741,0.537157764665312,0.10153437600606219
845,0.6576335456446281,0.6388576495651085,0.018775896079519572,0.5927887850146001,0.49625360112000233,0.09653518389459775,0.6588054022241063,0.6446799469715749,0.014125455252531394,0.5953579042643684,0.5039899510603607,0.0913679532040077
846,0.6627136454560953,0.642915866795064,0.019797778661031384,0.6064958397068321,0.5215699030308836,0.0849259366759485,0.6659239145243623,0.6492586140162097,0.016665300508152625,0.6096370871879608,0.5295012447889201,0.0801358423990407
847,0.6631750160708627,0.6437072453886762,0.019467770682186525,0.6127524738190409,0.5137624782614549,0.09898999555758592,0.6668703023400784,0.6489311632073764,0.017939139132701953,0.6175011380407758,0.52166316332577,0.09583797471500577
848,0.6848232282491191,0.6572490128647646,0.02757421538435456,0.6490448552910086,0.5314511220594305,0.11759373323157818,0.6862518274465055,0.6623249424731361,0.023926884973369367,0.6505282072945024,0.5375869920991662,0.11294121519533629
849,0.6871674861735602,0.6562634853356669,0.030904000837893242,0.6261177179550388,0.5203626605511092,0.10575505740392954,0.6898354031746112,0.6618608513228197,0.02797455185179154,0.6300634024310245,0.528252484072275,0.10181091835874956
850,0.6634664758284399,0.6436672229884364,0.0197992528400035,0.6036347574092649,0.502262522374542,0.10137223503472281,0.6648980648352592,0.6481539342877036,0.016744130547555525,0.6076086424270446,0.5095035240431323,0.09810511838391234
851,0.6582972520437309,0.6482764453856004,0.010020806658130543,0.6054290944605214,0.5093246044060583,0.09610449005446309,0.6592520670150428,0.6518451524330044,0.007406914582038349,0.607912396113132,0.5146483800679792,0.09326401604515278
852,0.646356559057986,0.644967903490701,0.0013886555672849576,0.5941546385232308,0.5271359400843301,0.06701869843890074,0.6471467453543338,0.6511493730570191,-0.004002627702685335,0.5977982964266189,0.5373982571038003,0.060400039322818566
853,0.6681845065062373,0.6336522678853356,0.03453223862090171,0.5994215933394321,0.494178210820866,0.10524338251856613,0.6697100201451156,0.6373272560662954,0.032382764078820236,0.6020256225005342,0.49904759493631173,0.10297802756422242
854,0.668012943007162,0.6375591179902955,0.030453825016866443,0.6093306180215932,0.5029545893089478,0.1063760287126454,0.6702605856293391,0.6428505456737281,0.027410039955610976,0.6129918735691748,0.5105422482235419,0.10244962534563296
855,0.666294294423086,0.6602502640332029,0.006044030389883104,0.635860808206439,0.5507001231429998,0.08516068506343921,0.6683087779085742,0.6653049304271554,0.0030038474814187976,0.6384909779286855,0.5573397016681738,0.08115127626051166
856,0.6620352411289521,0.6500828331852324,0.011952407943719656,0.6076265613409584,0.5111116079493795,0.0965149533915789,0.6644466077581043,0.6543937323015634,0.010052875456540877,0.6128499518453006,0.5168934835513648,0.09595646829393578
857,0.661217776998261,0.6511314594528146,0.010086317545446422,0.609904874656323,0.5207349398611547,0.08916993479516833,0.6619997788564256,0.6543029845784455,0.00769679427798009,0.6126557490631843,0.5261377429752341,0.08651800608795024
858,0.6583847898971551,0.6359212754441986,0.022463514452956468,0.5936919028235355,0.4940049206367729,0.09968698218676253,0.6602637735198983,0.6403043028621815,0.01995947065771675,0.5966146401154935,0.5010145215878712,0.09560011852762229
859,0.681415733868732,0.6503506490295899,0.031065084839142054,0.6222356743629109,0.5097386049579092,0.1124970694050017,0.6846224852865441,0.6554118776864719,0.029210607600072214,0.6259181153713378,0.5166058373002671,0.10931227807107069
860,0.6622266624022743,0.6473429512221326,0.014883711180141757,0.6023876641002117,0.5037928819704212,0.09859478212979056,0.6635837621275648,0.6515989405054647,0.011984821622100017,0.6060269568439194,0.509917824529655,0.09610913231426443
861,0.6473013109994339,0.6559923952310682,-0.008691084231634338,0.5993670281067807,0.5319108213308342,0.06745620677594644,0.650342591370348,0.6611604425195432,-0.010817851149195201,0.6041976801163913,0.5396220312812214,0.06457564883516986
862,0.6800416571341652,0.6487745769596631,0.03126708017450208,0.6156039804112803,0.5074087087642106,0.10819527164706966,0.6823699269655925,0.6523679822677608,0.030001944697831684,0.6206732876051753,0.5133707646038099,0.10730252300136534
863,0.667491041358427,0.6478756369111274,0.01961540444729959,0.6216792237858808,0.525496197703411,0.09618302608246976,0.6694435345848073,0.6525113406619647,0.01693219392284262,0.6251309871319024,0.5318899827259802,0.0932410044059222
864,0.6633679673901952,0.6643142059597866,-0.0009462385695914177,0.6021837929837633,0.5302588099002863,0.07192498308347706,0.664167099782851,0.6680949163370625,-0.003927816554211483,0.6050239344991692,0.5376686060509352,0.067355328448234
865,0.6784152989289695,0.632989913004304,0.045425385924665496,0.6173902518035497,0.4962128413694112,0.12117741043413849,0.6817607664461465,0.6369380373287223,0.04482272911742413,0.6217976219489685,0.5016349145168449,0.12016270743212354
866,0.6849776515015511,0.6332439334534488,0.05173371804810234,0.6198247589364043,0.4971030974128606,0.12272166152354375,0.6876856160895444,0.6379798526276941,0.049705763461850294,0.6228272929810532,0.5024590175727004,0.12036827540835282
867,0.683131569626706,0.6474419406063525,0.03568962902035344,0.6205266248348037,0.5091852689213372,0.1113413559134665,0.6860159971909696,0.6514762851917713,0.034539711999198364,0.6244727921649948,0.514209044181609,0.1102637479833859
868,0.6651931486231297,0.6360374626681902,0.02915568595493956,0.6115382130689382,0.5036788809577722,0.10785933211116594,0.6675264539754506,0.6427573041132304,0.02476914986222023,0.615582086415184,0.5119867016132994,0.10359538480188457
869,0.6760489017933657,0.6541464001596538,0.02190250163371199,0.6224813271809382,0.5266227431953913,0.09585858398554692,0.6786501249110911,0.6592874306161529,0.0193626942949382,0.6264018603564834,0.5338282996059716,0.09257356075051182
870,0.6684059187923265,0.6434332791007623,0.024972639691564158,0.6082856334936959,0.5128113230446418,0.09547431044905408,0.671000476448194,0.646794324636964,0.024206151811230092,0.6129017373336555,0.5179480454207726,0.09495369191288294
871,0.6720238953843672,0.6378870882482846,0.03413680713608269,0.6137012956521817,0.49287570853337287,0.12082558711880881,0.6734872106834286,0.6422684111281638,0.031218799555264853,0.6174456195441648,0.49953929078102016,0.11790632876314461
872,0.6626592990053366,0.6443447378705851,0.018314561134751495,0.6194321678759163,0.5263807261550757,0.09305144172084057,0.6658771046216243,0.6512015862420191,0.014675518379605235,0.6234233097606274,0.5354289355214574,0.08799437423917
873,0.6492093305016933,0.6437571286340291,0.005452201867664153,0.5757849936704478,0.49240989706787286,0.08337509660257492,0.6495083623841178,0.6483983843429488,0.0011099780411689686,0.5800777860203946,0.50032953501329,0.07974825100710459
874,0.6675676901063587,0.6376483592778732,0.029919330828485524,0.6084765638899099,0.5059827505292376,0.10249381336067231,0.6686786945666137,0.6426120336740593,0.026066660892554383,0.6115022333659066,0.5141048116260786,0.09739742173982802
875,0.674597550971699,0.6281722826291981,0.046425268342500936,0.6120245444846601,0.48824127475501244,0.1237832697296477,0.6775610523149731,0.6331262152262969,0.04443483708867624,0.6170178055394737,0.4957378274071902,0.12127997813228353
876,0.6658260127376292,0.6467447671146799,0.019081245622949328,0.605238402514129,0.5183545010798968,0.08688390143423219,0.6686567030077505,0.652646894688227,0.016009808319523477,0.6090009736532346,0.5250408188805881,0.08396015477264651
877,0.6637057909567324,0.636908241820943,0.026797549135789467,0.6095776454304364,0.5111391484679947,0.09843849696244167,0.6668332219148971,0.6423949277059071,0.02443829420899002,0.6138946345705953,0.5183198536582936,0.09557478091230176
878,0.6747329259817151,0.6348694712085947,0.039863454773120366,0.6277472488195136,0.5063481884123069,0.12139906040720672,0.6779831685691241,0.6402942562171412,0.037688912351982906,0.632405113278359,0.5132905886491115,0.11911452462924754
879,0.6665903936708579,0.660122756448745,0.006467637222112965,0.6010971449313253,0.5240640743657732,0.07703307056555209,0.6688833531939041,0.6649197005640173,0.003963652629886849,0.6057721787826469,0.5311480936879343,0.07462408509471263
880,0.6728208278490726,0.6277486792158588,0.04507214863321385,0.6105803565092367,0.49145627618796917,0.11912408032126753,0.6758503351045416,0.6324015415532152,0.04344879355132647,0.6143249867660501,0.497087909288892,0.11723707747715806
881,0.6716288016847872,0.6517517389932798,0.019877062691507463,0.6164629617472152,0.5181401012261977,0.09832286052101746,0.6734939027201836,0.6574364258258247,0.01605747689435888,0.6207005753620972,0.5258087576958422,0.09489181766625499
882,0.6726533574019635,0.6403903801947324,0.03226297720723115,0.6105651897924084,0.5103761642114613,0.10018902558094711,0.6755574047188418,0.6445281784105219,0.031029226308319946,0.6142659708295164,0.5155895116185504,0.09867645921096602
883,0.6822233947273825,0.643530058307084,0.038693336420298485,0.6274017922003541,0.5085338460186337,0.11886794618172036,0.6842277290170973,0.64853691886932,0.03569081014777731,0.6297720290126493,0.514396709161052,0.11537531985159732
884,0.6724106962803627,0.6353006710135587,0.03711002526680396,0.5955488640693347,0.4891907984784966,0.1063580655908381,0.6748880907037087,0.6403380654547182,0.034550025248990535,0.5996061920314086,0.49618691738206616,0.10341927464934247
885,0.6822054927030322,0.6572842889351767,0.02492120376785556,0.6276694477350667,0.5205608957075168,0.10710855202754987,0.6840410202810872,0.662650155713737,0.021390864567350176,0.6325733268718301,0.5283649797027047,0.10420834716912541
886,0.6687766225191978,0.6362178826001809,0.03255873991901692,0.6130712214732805,0.5008429511556379,0.1122282703176426,0.6721531477324267,0.6418626219365905,0.030290525795836243,0.6182125042770013,0.5090886539573745,0.10912385031962679
887,0.6739557058109118,0.6459938554901594,0.02796185032075238,0.6268052792080325,0.5194979655637464,0.10730731364428614,0.6763654509961562,0.6517001364791972,0.02466531451695897,0.631523384971167,0.5278791994564882,0.1036441855146788
888,0.6664617056703219,0.6425714131435245,0.02389029252679742,0.5908626699062033,0.49876614079182396,0.09209652911437932,0.6679127605655751,0.6477880137413501,0.020124746824225048,0.5936141957879013,0.5054145720442491,0.0881996237436522
889,0.6733848068229717,0.6652273679963607,0.008157438826611019,0.6324321110380209,0.5455357629266978,0.08689634811132307,0.6764315490873855,0.6713174720305627,0.005114077056822763,0.6349400871975087,0.5529194156442709,0.08202067155323778
890,0.672630749848227,0.6562698852500848,0.016360864598142233,0.6040023719997234,0.5093983780283168,0.09460399397140662,0.6748843448237984,0.6621710783595224,0.012713266464276063,0.6070587488660669,0.5171527451636934,0.08990600370237356
891,0.6628236072393265,0.6319439402262467,0.03087966701307987,0.6147935757575458,0.5028780792124139,0.11191549654513189,0.6652520026977184,0.6367001668735215,0.02855183582419696,0.6180075569445909,0.5083811624284614,0.10962639451612943
892,0.663771076805767,0.6417227299131327,0.02204834689263424,0.6056417709909943,0.5142825777313659,0.09135919325962838,0.6649823157662438,0.6476765797022582,0.017305736063985555,0.6086678361675992,0.5235267462179112,0.08514108994968805
893,0.6392938289053194,0.6547722223194783,-0.015478393414158909,0.5804306021316927,0.5280268766971699,0.052403725434522874,0.6388503556803569,0.6608796090938251,-0.022029253413468286,0.584234315506899,0.5376816573749406,0.04655265813195841
894,0.669104381443299,0.630774272994038,0.03833010844926099,0.6249009483763673,0.5104232425008536,0.11447770587551376,0.6724918308446243,0.635061639514722,0.03743019132990222,0.6291354397238682,0.5171566145267421,0.1119788251971261
895,0.6583789984652861,0.646233241806305,0.0121457566589811,0.6105170585152616,0.5302661264287507,0.0802509320865109,0.6594514999300936,0.6520420086938008,0.007409491236292753,0.6132099845824563,0.5384380609683233,0.0747719236141331
896,0.6888768223104214,0.6434922568970657,0.04538456541335567,0.6359790754973532,0.5103236096806113,0.12565546581674192,0.6929159354088785,0.6472242685201571,0.045691666888721394,0.6396776373735055,0.5159144362842154,0.12376320108929006
897,0.6741416465866249,0.6528845149812194,0.021257131605405544,0.6043437240018902,0.5042247612312869,0.10011896277060328,0.6763265882622609,0.656017777047892,0.020308811214368894,0.6078364611013776,0.5101514247049179,0.09768503639645965
898,0.6580359240545499,0.6496177860091688,0.008418138045381163,0.6030016842905221,0.5079087259600259,0.09509295833049625,0.6599658739285693,0.6551016387279214,0.004864235200647937,0.607342912547147,0.517209467913512,0.09013344463363504
899,0.6703361270263377,0.6479055174169428,0.022430609609394914,0.6252951836229053,0.5251900232771735,0.1001051603457318,0.6723388835552432,0.6535223335183958,0.018816550036847346,0.6287853011253026,0.532071625951051,0.09671367517425167
900,0.65665744356963,0.6332734774873071,0.02338396608232285,0.6170626968709042,0.5196605226638973,0.09740217420700692,0.658650709508282,0.6367035126385532,0.02194719686972879,0.6204080425076925,0.5249619921881705,0.09544605031952202
901,0.6927807986469581,0.6405959442554299,0.0521848543915282,0.6291791721138623,0.49195567041909916,0.13722350169476316,0.6959381805600175,0.6444767161928727,0.05146146436714483,0.6334411904918857,0.49737622452008057,0.13606496597180517
902,0.6722998607835107,0.6547230550633945,0.017576805720116218,0.6083341733810567,0.5304341897866289,0.07789998359442774,0.6761206267796307,0.6606432237178902,0.015477403061740502,0.6128824582681209,0.5376536600202643,0.07522879824785667
903,0.6675324839438777,0.6440822129539296,0.023450270989948008,0.5927241066311825,0.5025936644727843,0.09013044215839816,0.6687369090689895,0.6478040650715031,0.020932843997486406,0.5951459168899499,0.5073464218675772,0.08779949502237272
904,0.6810766548977375,0.6498019536867257,0.031274701211011835,0.6119658277046441,0.5085362402826928,0.1034295874219513,0.6836512877996646,0.6534312650750318,0.030220022724632756,0.6148519379223647,0.5133564274882908,0.1014955104340739
905,0.6740143452704628,0.6347420896943152,0.03927225557614755,0.6014675243051165,0.49297252271626874,0.10849500158884778,0.6763598799871466,0.6378285092700885,0.038531370717058144,0.6055845477554563,0.5003703745974162,0.10521417315804016
906,0.6936074818427759,0.6686569542778693,0.024950527564906566,0.6609642766090482,0.5514247249586832,0.109539551650365,0.6973391078078359,0.6745093850838376,0.022829722723998302,0.6640708502621613,0.5585284330516189,0.10554241721054236
907,0.6692760965125925,0.6449996752604559,0.024276421252136582,0.5960423862438196,0.5026802843112997,0.09336210193251981,0.6705322083506978,0.6490386235757839,0.02149358477491392,0.5999344257213824,0.5101704867812948,0.0897639389400876
908,0.6556106369951081,0.6369357318662673,0.018674905128840846,0.599126297299692,0.5157415116765804,0.08338478562311158,0.6583267720734196,0.6444131685567719,0.013913603516647721,0.604260929536495,0.5254470730507801,0.07881385648571493
909,0.659781319756616,0.6444298975699864,0.01535142218662966,0.5872689660908323,0.50406759751226,0.0832013685785723,0.6612969042757666,0.649548905249787,0.01174799902597956,0.5908963084932568,0.5115938018607605,0.07930250663249627
910,0.6571618560533011,0.6423864782468723,0.014775377806428791,0.6153579441141143,0.5218896068479051,0.09346833726620918,0.6588733004547406,0.6459941438811001,0.012879156573640471,0.6194149910700315,0.5286500472953773,0.09076494377465416
911,0.6763199038584946,0.6538804687287307,0.022439435129763874,0.6356646832404307,0.5353702433803014,0.10029443986012931,0.677953671006706,0.6584286070036877,0.019525064003018344,0.6383568886223409,0.5427622039265886,0.09559468469575227
912,0.6608958792118022,0.648063516078287,0.012832363133515101,0.6028838211428729,0.5156919937484907,0.08719182739438214,0.6621717523648323,0.6525308877195619,0.009640864645270364,0.6062054181602009,0.5222781369339403,0.08392728122626059
913,0.6822802761209033,0.6371891720637783,0.04509110405712491,0.6181874675308436,0.5026375529323612,0.1155499145984824,0.6855841735008394,0.6416452622629671,0.0439389112378723,0.6227570010488996,0.5090291748528959,0.11372782619600375
914,0.6710622767338831,0.6479644966248159,0.023097780109067156,0.6301966067886535,0.5264044317507838,0.10379217503786975,0.6736072826719545,0.6530318893219242,0.020575393350030224,0.6348306356916305,0.5332368644236496,0.10159377126798086
915,0.6687488793902998,0.6327433484666369,0.036005530923662876,0.6073250158445979,0.49166756809236345,0.11565744775223441,0.670291037263107,0.637441358830332,0.032849678432774976,0.6106685827278429,0.4979860366264771,0.11268254610136574
916,0.6640144544977041,0.6467017312015011,0.017312723296203036,0.620158607316061,0.5178479663711256,0.10231064094493536,0.6663624794460705,0.6529864371512737,0.01337604229479683,0.6249700361960624,0.526923843183855,0.0980461930122074
917,0.6825836902194287,0.6587352673523338,0.023848422867094876,0.6041945626324964,0.5100556034139854,0.09413895921851101,0.6844982995346258,0.6638046245936022,0.020693674941023588,0.6087342329246165,0.5168828555301247,0.09185137739449178
918,0.6605977524966268,0.6394822831604224,0.02111546933620434,0.6059905916521247,0.5064528383143635,0.09953775333776116,0.6634755573648605,0.6452228743618638,0.01825268300299676,0.6115551492321734,0.5134763912999507,0.09807875793222265
919,0.6815521286591839,0.6510804751794854,0.03047165347969849,0.6152981647614285,0.5131040243545241,0.10219414040690444,0.6840075996773043,0.6551136108220965,0.028893988855207775,0.617595603297087,0.5187892754956994,0.09880632780138754
920,0.6663871707042114,0.6555130665312214,0.010874104172989951,0.5943720275689583,0.5068387356278654,0.08753329194109294,0.6695822592915363,0.6612467339466417,0.008335525344894568,0.5999429043761203,0.5137486007827297,0.08619430359339064
921,0.6616418101598374,0.633668256680022,0.02797355347981534,0.6000019709331221,0.5015332675725723,0.0984687033605498,0.6639261268864773,0.6382817587790692,0.02564436810740811,0.6039883592828112,0.50843625507041,0.09555210421240123
922,0.653426505826053,0.6408874053737256,0.012539100452327423,0.5859526204090526,0.5126843237315002,0.07326829667755241,0.6554355468664324,0.6448428157487305,0.01059273111770187,0.5912450911832213,0.5195759266120494,0.0716691645711719
923,0.6588547617084595,0.6575555585000922,0.0012992032083672944,0.5938759607663864,0.5205066253165531,0.07336933544983326,0.6599466763984747,0.6611624140304752,-0.0012157376320004465,0.5976939928074171,0.5261612747479094,0.07153271805950767
924,0.6712586760398037,0.6445575784376033,0.026701097602200408,0.6035632179163589,0.5045996385208575,0.09896357939550138,0.6744427954497461,0.6492079448922687,0.025234850557477317,0.6083329190242415,0.5119001552548186,0.09643276376942289
925,0.6647532349408596,0.639275500546121,0.02547773439473855,0.6088710764526255,0.5199568122968352,0.08891426415579029,0.6679364777160314,0.6448497715800227,0.023086706136008717,0.6132967170481027,0.528603319819498,0.0846933972286047
926,0.6723993412780218,0.6453565649362503,0.027042776341771546,0.6102518541214819,0.5167797380886948,0.09347211603278704,0.674694645936723,0.6505499304183116,0.024144715518411464,0.6135573384607547,0.5240158275761821,0.08954151088457252
927,0.6751182859418194,0.6377440853838906,0.03737420055792884,0.6169827637150367,0.4982346010399597,0.11874816267507698,0.6773337151901812,0.6415466086022792,0.03578710658790196,0.6221256725910713,0.5057751632808563,0.11635050931021507
928,0.6754802131377422,0.6501504852072515,0.02532972793049071,0.6209909193482082,0.5119702491736823,0.10902067017452588,0.6791566420255111,0.6565909736250198,0.022565668400491234,0.6261088826759617,0.5193177089963326,0.10679117367962909
929,0.6483025244200076,0.6423258217660999,0.005976702653907706,0.5825011940294932,0.5043646673679719,0.07813652666152127,0.6490070968934433,0.6475047966352738,0.0015023002581694422,0.5845015467433724,0.511589230904749,0.07291231583862345
930,0.6746797440990393,0.6301604552157648,0.0445192888832745,0.6269446964622758,0.5176122717472191,0.10933242471505666,0.6791967387680253,0.6356823940333174,0.043514344734707944,0.6313973548319105,0.5248832653268489,0.10651408950506158
931,0.6576235812202847,0.6424475104012097,0.015176070819075016,0.61026327272959,0.5202544147453712,0.09000885798421887,0.6594207028113915,0.6463047786070171,0.013115924204374463,0.6150970625176457,0.5273922147499,0.08770484776774579
932,0.6751505488519081,0.6354630590108157,0.03968748984109238,0.6040252785426838,0.4934701950046184,0.11055508353806542,0.677870554253182,0.6401238014795223,0.037746752773659686,0.608803552649308,0.500891219806075,0.10791233284323298
933,0.6669472770627738,0.6523577950965703,0.014589481966203466,0.6018720749948181,0.5175741329332073,0.08429794206161079,0.6692429283744232,0.6571849232937022,0.01205800508072108,0.6072492262174423,0.5254887595959228,0.08176046662151948
934,0.6852570820911201,0.6531713174424452,0.032085764648674964,0.6138592651249215,0.509987782233397,0.10387148289152448,0.6871233545407054,0.659026678385683,0.028096676155022426,0.6168589022364533,0.5182005513269975,0.09865835090945585
935,0.6722623588395246,0.6404410854770588,0.03182127336246576,0.6199579715568654,0.5022443507341708,0.11771362082269454,0.6749134758614445,0.6466713517779876,0.028242124083456832,0.6252058325337413,0.510921584160237,0.11428424837350426
936,0.6591155409257787,0.6349583287402355,0.02415721218554323,0.6081637427053016,0.5162274547679786,0.091936287937323,0.661740694170963,0.6401146409523355,0.02162605321862754,0.6123859766568956,0.5235619994398133,0.08882397721708235
937,0.6787136518177898,0.647093839977131,0.03161981184065876,0.6205440963436297,0.511436376056574,0.10910772028705573,0.680926207194869,0.6520193533899294,0.028906853804939514,0.6241564431208142,0.5197985931917795,0.10435784992903474
938,0.6454635148894051,0.6209907502399914,0.024472764649413725,0.5912376812650049,0.510224932006516,0.08101274925848889,0.6465294744067966,0.6234867764431421,0.023042697963654546,0.5936887360799756,0.51467616168306,0.07901257439691567
939,0.6380963669768269,0.6508913234404979,-0.012794956463671014,0.5817414692343579,0.5375089475989058,0.044232521635452104,0.6388784312534108,0.6555580052988169,-0.016679574045406098,0.5851602393816183,0.5442436510138635,0.0409165883677548
940,0.6727107240323917,0.6429900284724296,0.02972069555996215,0.6136504037385515,0.5158415564271444,0.09780884731140715,0.6748199379830914,0.6477324791494924,0.027087458833598976,0.6167806045433291,0.5217985411605592,0.09498206338276982
941,0.6619583158649321,0.6340320971078884,0.027926218757043708,0.6023807397239516,0.5018711686003514,0.10050957112360015,0.6644168027520441,0.6407166485248948,0.023700154227149217,0.6075391951421117,0.5102621372505602,0.0972770578915515
942,0.6792154427139467,0.6497189432881407,0.02949649942580601,0.6374906204317303,0.5241533594468721,0.11333726098485819,0.6819214731364442,0.6547547352576052,0.027166737878839053,0.6416432088952917,0.5311600311761981,0.11048317771909355
943,0.6671375738259643,0.6477658183444255,0.0193717554815388,0.6183161746472716,0.5226527152511863,0.09566345939608534,0.669012391143754,0.6534734406333289,0.015538950510425087,0.6217967013472068,0.5301752273837093,0.09162147396349751
944,0.6638366025976735,0.6328577389146537,0.03097886368301983,0.6049622998191595,0.4956176794414216,0.1093446203777379,0.6657365123007037,0.6370776598027773,0.028658852497926435,0.6095062736084764,0.5023559271393008,0.10715034646917565
945,0.6717704594251879,0.6343476707585649,0.037422788666622964,0.6000082631289477,0.4910238970645864,0.10898436606436135,0.6738418214062458,0.6383611705919616,0.0354806508142842,0.6051433380190538,0.4983726583473125,0.10677067967174136
946,0.6502094512729618,0.6219228038330529,0.02828664743990894,0.5904731856140086,0.503711700402227,0.08676148521178162,0.6510437891269066,0.6260469550800554,0.02499683404685127,0.5934085407201601,0.5117086101067748,0.08169993061338532
947,0.6615673219713212,0.6502242847244993,0.011343037246821841,0.6112390922863702,0.5156241671398557,0.09561492514651448,0.6623444192442447,0.65451325265157,0.007831166592674688,0.6137051253646528,0.5220306558776833,0.09167446948696956
948,0.662285250689856,0.6444057092700185,0.017879541419837497,0.5849322027238455,0.505738640088445,0.07919356263540045,0.6648531555542715,0.6499421565376717,0.014910999016599757,0.5893959701524465,0.5134243889552389,0.0759715811972076
949,0.6694795160814837,0.6605596197584032,0.008919896323080545,0.6242398641447795,0.5388143190083137,0.08542554513646583,0.6718298308319013,0.6671627959205504,0.004667034911350898,0.6276798402663916,0.5489099744643884,0.07876986580200318
950,0.6691683299362668,0.626006312392201,0.0431620175440659,0.6055328343569023,0.4878084553898606,0.11772437896704169,0.6722608549943441,0.6314724599406791,0.04078839505366494,0.6103256328849933,0.49449632233404167,0.11582931055095164
951,0.6685713090734632,0.6386386875149395,0.02993262155852372,0.6183756333220956,0.510393515581645,0.10798211774045052,0.6712777042777587,0.6432526638917295,0.028025040386029154,0.6216061854341819,0.5170010281308726,0.10460515730330933
952,0.6650759355000557,0.6574384539596787,0.007637481540377022,0.6181532810289387,0.545299139890042,0.07285414113889677,0.6668504048436263,0.6622952670044017,0.004555137839224677,0.6206695090440719,0.5517842754696375,0.06888523357443443
953,0.6816636657964266,0.6496095437721466,0.03205412202427993,0.6228969042139785,0.5154960299491966,0.10740087426478184,0.6832649705605135,0.6545805276456447,0.028684442914868824,0.625839298832112,0.5231953674243582,0.10264393140775374
954,0.6616253766485771,0.6495291646289518,0.012096212019625296,0.6093579343283362,0.5179044521421071,0.09145348218622906,0.6631393391244171,0.656880375459409,0.00625896366500811,0.61299202114368,0.5276574178427391,0.08533460330094089
955,0.6835279082318311,0.6406715958758971,0.04285631235593401,0.6292017936079745,0.512237346606973,0.1169644470010015,0.6876271680479107,0.644614049074105,0.043013118973805664,0.6349921486982099,0.5180207642327048,0.11697138446550503
956,0.6615604688655582,0.645198623181884,0.01636184568367416,0.6092756644136429,0.5220292623863301,0.08724640202731282,0.6630987348431342,0.6493444879407713,0.013754246902362932,0.6138825503883285,0.5289806082443127,0.08490194214401581
957,0.6580650070643947,0.6363028668052473,0.021762140259147467,0.6092399974235515,0.5153093093269032,0.09393068809664828,0.6609817739850146,0.6421999439726556,0.018781830012359002,0.6127727173875627,0.5233014627416568,0.08947125464590588
958,0.6778967261183403,0.642005621998782,0.035891104119558315,0.6093521187660393,0.5048230613245226,0.10452905744151675,0.6812597235209363,0.6469752484459854,0.034284475074950915,0.6137858148849721,0.5108666067065049,0.10291920817846723
959,0.6861038290586854,0.6485886414066989,0.03751518765198647,0.6191443083135404,0.5175823566053654,0.10156195170817495,0.6897617072083378,0.6552479628932116,0.034513744315126216,0.624106691471863,0.5262815830019036,0.0978251084699594
960,0.6700651531567023,0.6514131045011327,0.018652048655569686,0.6202174299694548,0.515184265921621,0.1050331640478338,0.6733965425525613,0.6579616459177051,0.015434896634856199,0.6253022397488182,0.5249088667196324,0.10039337302918572
961,0.6788078957056867,0.6449742167560213,0.03383367894966538,0.6288847822015107,0.5133540913189354,0.11553069088257528,0.6821706007207247,0.6506251972893713,0.03154540343135337,0.6334505148825991,0.5213135057988689,0.11213700908373014
962,0.6542975907072878,0.6385156109152293,0.01578197979205842,0.6145328746615032,0.5257451731166065,0.08878770154489668,0.6569503398201104,0.6443869654403298,0.012563374379780612,0.618283074972092,0.5334771149993915,0.08480595997270046
963,0.6571384409496269,0.6423512197078494,0.01478722124177756,0.6111279646306751,0.5144554404967532,0.09667252413392191,0.6588788893005713,0.6470216204448662,0.011857268855705039,0.6147866382206659,0.5216001029140532,0.0931865353066127
964,0.6632922324882999,0.648211327758232,0.015080904730067957,0.6166213761513493,0.525644739333636,0.09097663681771329,0.6642641175625608,0.6523332835646651,0.011930833997895629,0.6200686244418011,0.5313496631843029,0.08871896125749823
965,0.6863634193907802,0.6611831301264972,0.02518028926428295,0.6232327627804823,0.52298263274661,0.10025013003387229,0.6887588186330631,0.6654290565578227,0.0233297620752404,0.627741542016462,0.5301015531908865,0.09763998882557556
966,0.6398772546635297,0.6162516166805203,0.02362563798300943,0.5854057459762981,0.4942536487744048,0.09115209720189332,0.6408939671998992,0.6210436764139337,0.019850290785965563,0.5884832756427081,0.5004795766941214,0.08800369894858673
967,0.6514652091866446,0.6403368769973843,0.011128332189260348,0.6037127845922484,0.5156703197865029,0.08804246480574551,0.6525327047705123,0.6451630447955274,0.0073696599749848435,0.6069618769797215,0.5227657822711635,0.08419609470855793
968,0.6790439070557573,0.6634291094676812,0.015614797588076157,0.6129199451772045,0.5228703543854814,0.09004959079172314,0.6816543554797843,0.6683461061432657,0.01330824933651853,0.6165009513207818,0.5309491896014458,0.08555176171933598
969,0.6833243814800618,0.639392845827479,0.04393153565258279,0.6343449830020925,0.5085713590046879,0.12577362399740466,0.6868059567456684,0.6457064458303468,0.0410995109153216,0.6380865673343296,0.5167490928479518,0.12133747448637777
970,0.6752332005363054,0.6424711218384901,0.03276207869781533,0.6095485069289031,0.4991914177360883,0.11035708919281473,0.6767670648292241,0.6488835145176415,0.027883550311582628,0.6135084432581456,0.508056418836304,0.10545202442184154
971,0.6764910520335328,0.6505108896398327,0.025980162393700046,0.6271280217823715,0.5178239549202559,0.10930406686211558,0.67981839021145,0.6557911764857434,0.024027213725706598,0.6315718153356358,0.5242370739653477,0.10733474137028809
972,0.6845690651806836,0.6527293667190565,0.03183969846162715,0.6304331039648874,0.5142133759221037,0.11621972804278369,0.6883681909688372,0.6594911440108673,0.028877046957969887,0.6337943951440845,0.522236916577115,0.11155747856696951
973,0.6831590235396346,0.6585957810962221,0.02456324244341257,0.6351597854821206,0.5241708797875834,0.11098890569453723,0.686827769750721,0.6630486982913302,0.023779071459390844,0.6403519773188612,0.529910045082554,0.11044193223630716
974,0.6733026929226523,0.63836582301554,0.03493686990711231,0.6266850137590945,0.5067422646454445,0.11994274911365,0.676543719672663,0.6444285187913632,0.03211520088129982,0.6327913693533467,0.514797963463073,0.11799340589027363
975,0.6513299252586302,0.6414536441669675,0.00987628109166272,0.5947127898589818,0.5233784056511824,0.07133438420779936,0.6524216613945346,0.6453249456723456,0.007096715722189062,0.597571681438865,0.5293722550360301,0.06819942640283483
976,0.679757726945494,0.6476235703874802,0.03213415655801377,0.6420275912291227,0.5267724296844946,0.11525516154462812,0.6829629328593492,0.6530029849369154,0.029959947922433727,0.6452930268223118,0.5328441610237933,0.11244886579851854
977,0.6853171702962965,0.6494620866393406,0.03585508365695589,0.621852919557019,0.5056835026141571,0.11616941694286198,0.6884076204148453,0.6543327018598559,0.03407491855498934,0.6268993770717608,0.513390241369597,0.11350913570216381
978,0.6675894328303082,0.6425610228612639,0.02502840996904432,0.6083857207930119,0.5030388297508336,0.10534689104217831,0.6691482223900291,0.6461220749732866,0.02302614741674258,0.6113845237256597,0.5105269757219216,0.10085754800373803
979,0.6516154825306923,0.646603394255166,0.00501208827552635,0.6063345035909032,0.5367509807853288,0.06958352280557445,0.6530213179686358,0.6508062452163071,0.002215072752328684,0.6092527599295462,0.5425054309771002,0.06674732895244595
980,0.666320958718048,0.6505481295877689,0.01577282913027911,0.5985862436261047,0.5178910732924562,0.08069517033364848,0.6679282878230304,0.6547410197477137,0.013187268075316672,0.6027309196281485,0.5237912981901502,0.07893962143799826
981,0.6635631022488482,0.6389566094765616,0.024606492772286548,0.6265380149143042,0.5252027451675516,0.10133526974675255,0.6654190975519764,0.6437438190191654,0.021675278532810927,0.6277504419461241,0.5315905858484254,0.09615985609769861
982,0.6728281938282947,0.6423409898071376,0.03048720402115712,0.6265452875342113,0.5185257481075574,0.10801953942665399,0.674194308138066,0.6472647156573419,0.02692959248072413,0.6291133365567594,0.5264074550432045,0.10270588151355486
983,0.6669605615802896,0.6326795343849696,0.03428102719532,0.6107859444202801,0.49949472581812027,0.11129121860215985,0.6690652321699659,0.636340060090991,0.03272517207897496,0.6142204823197274,0.5054808128756052,0.10873966944412217
984,0.687531964996172,0.643880257359401,0.04365170763677095,0.6263844855823777,0.499299687558006,0.12708479802437167,0.6911880170079179,0.6493180074707485,0.04187000953716935,0.6297910263552232,0.5057028203849917,0.12408820597023151
985,0.6889712534885708,0.6504067420653126,0.03856451142325823,0.6313949152447054,0.5098543807899103,0.12154053445479507,0.6915103957472488,0.6532339406716016,0.03827645507564725,0.6354443094422484,0.5153677457015415,0.12007656374070685
986,0.6700987361422086,0.6434275794223393,0.026671156719869304,0.6003262579477165,0.5041098856869027,0.09621637226081381,0.6717038676663034,0.6473017984067664,0.02440206925953703,0.6042913532828712,0.509323725108473,0.09496762817439819
987,0.6972026149223112,0.6414300595903901,0.05577255533192105,0.6345100310879719,0.4947484983850923,0.1397615327028796,0.7018693292915932,0.6462169578154026,0.05565237147619062,0.6395976625700872,0.5001747350044983,0.13942292756558894
988,0.669441542594154,0.651204272780605,0.018237269813549006,0.6090888100540355,0.5174597764977452,0.09162903355629026,0.673051259318439,0.6571769553303035,0.015874303988135496,0.6132716920231951,0.525580691648837,0.08769100037435806
989,0.6674520679892044,0.6204708299308253,0.04698123805837917,0.5911579683574556,0.4813639388516146,0.109794029505841,0.6694386668364452,0.6244730280760081,0.04496563876043702,0.5958281688131841,0.4883633009670833,0.10746486784610082
990,0.67164689604536,0.6473320903133553,0.02431480573200473,0.6291899807819519,0.5280993923715486,0.1010905884104033,0.6732574976694963,0.6504473834479592,0.022810114221537114,0.632577817280277,0.5327998701864608,0.09977794709381616
991,0.6601420572535347,0.6437784939092049,0.016363563344329757,0.5873180911192581,0.49911066136047966,0.08820742975877849,0.6609368006936531,0.647524063524726,0.013412737168927102,0.5915650282450311,0.5053110848504334,0.08625394339459769
992,0.6751852713600183,0.6458724487574041,0.02931282260261414,0.6068100744853061,0.500720211021195,0.10608986346411109,0.6779267108548117,0.6504534181972874,0.027473292657524295,0.6103297333310321,0.5080677556087735,0.10226197772225865
993,0.6681828734853417,0.6345455115336229,0.033637361951718736,0.600102374642135,0.5039456076328317,0.09615676700930331,0.6697228601151334,0.6382921338315415,0.03143072628359189,0.6046267294966419,0.5103178649791502,0.09430886451749165
994,0.6803869626824792,0.6376049107735654,0.04278205190891382,0.6088291295526822,0.47870512224389405,0.13012400730878815,0.6815789482673302,0.641685201698591,0.03989374656873923,0.6128160492723789,0.48496758932037354,0.12784845995200533
995,0.6801683253223971,0.6415000240969866,0.03866830122541054,0.6288673035213161,0.5171731009328829,0.11169420258843321,0.6838628228250578,0.646718867516173,0.03714395530888481,0.6334642183038812,0.5239931677081059,0.10947105059577533
996,0.654515523829905,0.6331412185186454,0.02137430531125961,0.5888852204329946,0.4907612245292249,0.09812399590376975,0.656029317940998,0.6373709044175466,0.018658413523451323,0.5943288481876292,0.49727502565099496,0.09705382253663425
997,0.6799604413071247,0.6517470106025687,0.028213430704556064,0.6299225905939391,0.5155107355033153,0.11441185509062379,0.6830349977705951,0.6579769618908566,0.025058035879738427,0.6341890556981177,0.5218330733594627,0.11235598233865496
998,0.6640873089496244,0.6298698509440309,0.034217458005593504,0.6049404239499738,0.4967315104124659,0.10820891353750794,0.6646836233339037,0.6343018274058703,0.030381795928033473,0.6078828538872401,0.5030344875181045,0.10484836636913553
999,0.6667062268967068,0.6419630997072855,0.024743127189421288,0.604258923407405,0.5052010824008039,0.09905784100660109,0.6679352972098349,0.6457989412095958,0.02213635600023911,0.6072187063649052,0.5118346417761878,0.0953840645887174
1000,0.6736188676753868,0.6556005765317219,0.018018291143664933,0.6222615860021417,0.5347101609630365,0.08755142503910518,0.676667999048262,0.6611715155647034,0.015496483483558587,0.6259219175280117,0.541605982421121,0.08431593510689073
1001,0.6522982571195848,0.6346370907932359,0.017661166326348843,0.6004836524792325,0.506187766058977,0.09429588642025555,0.6530399561821486,0.6397563075942978,0.013283648587850805,0.6050577572484374,0.5141927024600454,0.09086505478839191
1002,0.6678594946748861,0.6481342019546502,0.019725292720235932,0.630420184480851,0.5259466876805967,0.1044734968002543,0.6704032891389149,0.6530477923748395,0.01735549676407544,0.6329780200655584,0.5328109351466438,0.10016708491891457
1003,0.6705063283162286,0.652549365997335,0.017956962318893543,0.5961881391232055,0.5055574527561918,0.09063068636701366,0.6718540661522944,0.6567690953047867,0.015084970847507706,0.5992477721674102,0.5119945397852929,0.08725323238211735
1004,0.6665719280254683,0.6452952299012739,0.021276698124194415,0.6218730439671325,0.5210039099255601,0.10086913404157238,0.6686853201002847,0.6484646471925781,0.02022067290770657,0.6244228772873532,0.527273114365254,0.0971497629220992
1005,0.6694092576871062,0.6460031622358479,0.02340609545125838,0.6244057551983573,0.5175277373364688,0.10687801786188844,0.6718875486990168,0.6506197452896979,0.021267803409318886,0.627799069000343,0.5237588238228086,0.10404024517753441
1006,0.6712716696551053,0.6578573954485706,0.013414274206534738,0.6362074037721328,0.5356892855736932,0.10051811819843959,0.6738774475314504,0.6618652933575386,0.012012154173911771,0.6403319335011879,0.5408778965387727,0.09945403696241517
1007,0.673257582655097,0.6391632952782088,0.034094287376888244,0.5926207473778288,0.4908633923243686,0.10175735505346017,0.6748582670658709,0.6452660844909419,0.029592182574929016,0.5966755303518152,0.49744123299890075,0.09923429735291445
1008,0.6555924991520297,0.6411469691534274,0.014445529998602269,0.5883426662649828,0.5220440782843854,0.0662985879805974,0.6570816819130905,0.6468965166847407,0.01018516522834978,0.5923872361594879,0.5307935664743374,0.061593669685150454
1009,0.6792765435874952,0.6353930456295409,0.04388349795795432,0.6162386909097612,0.4963244118663882,0.11991427904337304,0.6828445525497302,0.640609612007252,0.04223494054247823,0.6202969786079369,0.5030892553394425,0.11720772326849438
1010,0.6652091257231432,0.6378925460629277,0.0273165796602155,0.628544146049659,0.5281475286437014,0.10039661740595762,0.6683676078243392,0.6421481516618163,0.02621945616252297,0.6310360025133438,0.5340390363002427,0.09699696621310105
1011,0.6577899871193139,0.6388402052821345,0.018949781837179436,0.6001722733799135,0.4998010148510994,0.10037125852881412,0.6587535972067841,0.6426814617155117,0.0160721354912724,0.6034893497714982,0.5060285637493797,0.0974607860221185
1012,0.6930167525477103,0.6479008463948704,0.04511590615283989,0.6487821324129996,0.5256751246070034,0.12310700780599626,0.6980455450245736,0.6533951119885955,0.044650433035978154,0.6534334227543716,0.5317858890144723,0.12164753373989923
1013,0.666782856189806,0.6489398117216544,0.01784304446815166,0.6050044838804238,0.5047443928256792,0.10026009105474465,0.6684914764678798,0.6534422486880029,0.015049227779876828,0.6084648029162467,0.5112672768251273,0.09719752609111942
1014,0.6705213635237053,0.6533167304675632,0.01720463305614206,0.6272925778635434,0.5333868254015343,0.09390575246200916,0.6742461836589233,0.6573052712863868,0.016940912372536476,0.6322451553422894,0.5386505820615299,0.09359457328075949
1015,0.6731965011840588,0.664162429307014,0.009034071877044858,0.625032370292125,0.5421505222623753,0.08288184802974974,0.6754636751715898,0.6702896629657229,0.005174012205866885,0.6274709680785384,0.5507704432641176,0.0767005248144208
1016,0.6640031241770403,0.6356082503757499,0.028394873801290466,0.6070557272752297,0.5053891569380835,0.10166657033714621,0.666267521730159,0.6403297081273802,0.025937813602778803,0.6115806624279563,0.5112607882947713,0.100319874133185
1017,0.6539060445130078,0.6418666678487941,0.01203937666421373,0.5837490432686152,0.5082867748748348,0.07546226839378045,0.6558975661579062,0.6470436606863488,0.0088539054715574,0.5871130911296745,0.5158693930525573,0.07124369807711717
1018,0.6649605638241881,0.6337487941276685,0.03121176969651962,0.6065619287275463,0.49792502558239793,0.1086369031451484,0.6664898145998469,0.6403135215272132,0.026176293072633694,0.6094185257100113,0.5060814468812593,0.10333707882875198
1019,0.6578790099686467,0.6349010579883567,0.022977951980289957,0.614153618055969,0.5051043590874412,0.1090492589685278,0.6605228676243414,0.6397922975554216,0.020730570068919874,0.6185623579496267,0.5125391437907652,0.10602321415886151
1020,0.6564137734417074,0.6410468906445771,0.015366882797130277,0.6000997178517535,0.5105262207564175,0.08957349709533602,0.6583621531645719,0.6453339608940489,0.013028192270522987,0.6038901293842623,0.5172857544194746,0.08660437496478779
1021,0.6775239703939089,0.6343802109551977,0.04314375943871118,0.6277417695605676,0.49476455559206267,0.13297721396850493,0.6803710631845059,0.6386750635926506,0.041695999591855326,0.6316101905520853,0.5013609017842987,0.13024928876778663
1022,0.6462085611281085,0.6299808303738872,0.016227730754221348,0.5881477419673415,0.5019599388642004,0.08618780310314111,0.6470184959089761,0.6347763228895955,0.012242173019380576,0.5920508638774411,0.5088661371185421,0.08318472675889899
1023,0.66577600386545,0.6500804913042936,0.01569551256115642,0.6180773255570016,0.5298578558994329,0.08821946965756866,0.6691464210697626,0.6555395372511992,0.013606883818563453,0.6231186487225684,0.5370732918203114,0.08604535690225701
1024,0.6745903189405025,0.6404603544833958,0.0341299644571067,0.6351846850180457,0.5257727089425642,0.10941197607548148,0.6776793019254161,0.6467072569249921,0.030972045000424053,0.6383623909378463,0.534215231279026,0.10414715965882027
1025,0.6532507269992964,0.6397065228616056,0.013544204137690863,0.5927357239329093,0.5128064113784234,0.07992931255448588,0.6556853012527919,0.6455727762817531,0.010112524971038761,0.5971300625478704,0.5199949599443359,0.07713510260353451
1026,0.6636941284513254,0.6342070016830123,0.02948712676831311,0.5984749346520797,0.5018339729743828,0.09664096167769687,0.6651250705489131,0.6395385847614199,0.02558648578749323,0.6013392036372777,0.5099533954842739,0.09138580815300379
1027,0.6566244977063405,0.6397083881559451,0.016916109550395353,0.5791201329209272,0.4977167955514625,0.08140333736946476,0.6575506803890103,0.6440637420506619,0.013486938338348464,0.5831343296808195,0.5051454265621798,0.07798890311863971
1028,0.6708644077584163,0.6576165046684307,0.01324790308998558,0.6073567951664325,0.531357266635633,0.0759995285307995,0.674481314565252,0.6643146050573168,0.01016670950793519,0.6109574602967293,0.5390712004481883,0.07188625984854091
1029,0.6543148678276555,0.6423074296567086,0.01200743817094685,0.6195920960364278,0.5239488488990071,0.09564324713742078,0.6552736982606849,0.6448581133026864,0.010415584957998547,0.6235708315121253,0.5308468457347637,0.09272398577736163
1030,0.6532959605253666,0.6409200317344408,0.01237592879092586,0.6197332676413687,0.5326126568303275,0.08712061081104117,0.655232996215573,0.6464433728469249,0.00878962336864808,0.6219915183600535,0.541425756024022,0.08056576233603152
1031,0.6719469189071965,0.650542210986061,0.02140470792113547,0.616431717462131,0.5226854076573293,0.0937463098048017,0.6740856451180574,0.6563169427748652,0.017768702343192166,0.6198654715500099,0.5311556077024187,0.08870986384759127
1032,0.6780337282755611,0.6524499295328732,0.025583798742687902,0.6283614858023953,0.5262312277458467,0.10213025805654852,0.6813523652900214,0.6587921964193293,0.02256016887069212,0.632675849010303,0.5340006976385356,0.09867515137176741
1033,0.6616036895271774,0.6245202473724677,0.03708344215470971,0.614095821860019,0.499222100512636,0.114873721347383,0.663498425474503,0.6285616441729353,0.03493678130156774,0.6174748180269416,0.5064940560512844,0.1109807619756572
1034,0.6694148181310112,0.6359874364924005,0.0334273816386107,0.6122497013438781,0.5077661853115363,0.10448351603234185,0.6730292136980609,0.6405542017888439,0.03247501190921698,0.6159939440249282,0.5139404746264877,0.10205346939844051
1035,0.666058008819328,0.657192063335489,0.00886594548383901,0.6136636967618292,0.5297066942035213,0.08395700255830785,0.6690804320945131,0.6618484071606835,0.007232024933829573,0.6189588156057833,0.5373470860045119,0.08161172960127139
1036,0.6833059805219517,0.6493419065012971,0.0339640740206546,0.6070214748595715,0.5010054803081194,0.10601599455145205,0.6860077276073544,0.6528103723172105,0.03319735529014389,0.6110717497484115,0.5071008053085023,0.10397094443990917
1037,0.6781690869296396,0.6583560735004518,0.019813013429187842,0.6170723994033955,0.5205739672265279,0.0964984321768676,0.6806526456708577,0.6644531246663861,0.01619952100447164,0.6216722523719094,0.5283415962542366,0.09333065611767277
1038,0.6693117059043348,0.6377151892205406,0.03159651668379415,0.6094670536240498,0.5076436097579855,0.10182344386606434,0.6712991286095382,0.6424254605162779,0.028873668093260307,0.6125270453551905,0.5133058051578894,0.09922124019730116
1039,0.6748370211967286,0.637865766364769,0.03697125483195962,0.5990977808894684,0.48408525550492415,0.11501252538454426,0.6752102421124674,0.6419291290982878,0.033281113014179575,0.6024369282062041,0.49185198489919874,0.11058494330700536
1040,0.6753171060121488,0.631237042996832,0.04408006301531675,0.594275228469931,0.48005565900073943,0.11421956946919154,0.6772274947377812,0.6355611809301556,0.04166631380762564,0.5987896190680968,0.4869278114113197,0.11186180765677711
1041,0.6500455536701158,0.6466647776865697,0.003380775983546136,0.5931529368831644,0.5198055067075165,0.07334743017564793,0.6513495756234411,0.6532106873627581,-0.001861111739317023,0.5964543629059662,0.5278010969077884,0.06865326599817778
1042,0.6698106762484836,0.6447615578739235,0.02504911837456003,0.6298028592693814,0.5340808941581561,0.09572196511122533,0.6734096056817764,0.6483420902237172,0.025067515458059186,0.6331399002862557,0.5393521015029699,0.0937877987832858
1043,0.6771262238635253,0.6365995270836398,0.04052669677988552,0.6084478227927068,0.49653371480656183,0.11191410798614498,0.679549648562277,0.6421561057829511,0.03739354277932583,0.6134157288576507,0.5048425950859473,0.10857313377170341
1044,0.669546379274351,0.6614724489553105,0.008073930319040468,0.6072328002441807,0.5244858514244586,0.08274694881972211,0.6710436469497691,0.6673825850999204,0.0036610618498487124,0.610354088340012,0.5320038671072118,0.07835022123280022
1045,0.6622734891630948,0.6447283036386371,0.017545185524457718,0.6122648152704043,0.5245127903829829,0.0877520248874214,0.6646930366765442,0.6493512162988357,0.015341820377708482,0.6155531515479598,0.5308251305407995,0.08472802100716026
1046,0.676317585111945,0.624447363971729,0.051870221140216,0.6097002676299584,0.4940045982130008,0.11569566941695764,0.6794272598670741,0.6268325576832208,0.052594702183853315,0.6146349073934859,0.4988888104210249,0.11574609697246102
1047,0.6527428538792781,0.6390109323755101,0.013731921503768008,0.6076103935860082,0.5189534564973854,0.08865693708862277,0.6536469361754081,0.6432858592062136,0.010361076969194527,0.6102223774173237,0.525192037230655,0.08503034018666866
1048,0.6619822499463401,0.6546174558849485,0.007364794061391677,0.5930595329140328,0.5097543700459767,0.08330516286805612,0.6653390500100878,0.6578035987744439,0.007535451235643809,0.5973298374773743,0.5157285855353902,0.08160125194198409
1049,0.6625970159232539,0.6553004347685867,0.007296581154667248,0.603882022001992,0.5292112014094696,0.07467082059252239,0.6627190763335882,0.6589111916708759,0.003807884662712313,0.6054031603295029,0.5353627067378892,0.0700404535916137
1050,0.6666058558211579,0.6381110588049,0.0284947970162579,0.6107736509526678,0.5098392682656652,0.10093438268700261,0.6692437470552405,0.6421546832141678,0.02708906384107268,0.6152364150352831,0.5155436820700638,0.0996927329652193
1051,0.6601484477309522,0.6430764733943652,0.017071974336586915,0.6010498697683028,0.5080673853245585,0.09298248444374424,0.662107940399232,0.6490301446183024,0.013077795780929602,0.6053796860582812,0.515779562510698,0.08960012354758318
1052,0.6547934639882047,0.6451936649255869,0.009599799062617764,0.6048394026171351,0.5201718756085774,0.08466752700855773,0.6558500308736498,0.6500370330324543,0.005812997841195489,0.6090454001754129,0.5275570228433742,0.08148837733203862
1053,0.6764516518341954,0.6556348774456302,0.020816774388565218,0.627704922729085,0.5317709209601296,0.09593400176895539,0.6792118584891262,0.6603793908131605,0.01883246767596569,0.6319102946103186,0.5380744710875072,0.09383582352281139
1054,0.6551095792173744,0.6365813771122819,0.01852820210509254,0.5820027770620706,0.49047421487126885,0.09152856219080174,0.6571235165203633,0.641593901089971,0.015529615430392218,0.5859574231439575,0.4978526186572465,0.08810480448671099
1055,0.6710501382119958,0.642954532544431,0.02809560566756475,0.616675776270482,0.5082608943784874,0.10841488189199455,0.6742010961268333,0.648675024482359,0.02552607164447429,0.6218519272943309,0.5163566303822926,0.1054952969120383
1056,0.6623703752842365,0.6406336184604121,0.021736756823824366,0.6117496208453876,0.5082253815634411,0.10352423928194654,0.6644310377273128,0.6449333600538442,0.01949767767346866,0.6153496132448644,0.5149423288956143,0.10040728434925006
1057,0.6624698258907314,0.647326155603537,0.015143670287194433,0.6128652299514717,0.5234755910860633,0.0893896388654084,0.6638538449469549,0.6520403432707211,0.01181350167623374,0.6158745541645811,0.5290419939690723,0.08683256019550889
1058,0.6722952472928971,0.6534012970863438,0.018893950206553378,0.6298205944887563,0.5363352321614976,0.09348536232725868,0.6754372795629008,0.6582505364228277,0.01718674314007307,0.634305003294265,0.5428648014464198,0.09144020184784518
1059,0.6661346473559495,0.631241670632304,0.03489297672364555,0.6069482867872662,0.49557320330510857,0.11137508348215763,0.6678475998493756,0.6367025049173214,0.031145094932054196,0.6095676861173785,0.5029146053662485,0.10665308075113
1060,0.6882010866519721,0.6334762036417115,0.05472488301026057,0.6207396210658465,0.5003020438751107,0.12043757719073578,0.6925461560840261,0.6377782553487632,0.05476790073526294,0.6241839151167933,0.5058446438996352,0.11833927121715804
1061,0.674681155457382,0.6413662977984802,0.03331485765890185,0.6069786706579006,0.5021218987123182,0.1048567719455824,0.6764973574126837,0.6453439470168543,0.031153410395829417,0.6098369397701058,0.507763031449008,0.10207390832109775
1062,0.6579773483173245,0.6373064555911921,0.020670892726132317,0.5981406551592627,0.4995421659165243,0.09859848924273845,0.6607306175850173,0.6422833624448153,0.018447255140201957,0.6029707882915722,0.5065026860745023,0.09646810221706992
1063,0.6617347372660263,0.6505578276709113,0.01117690959511497,0.6078958850095213,0.524178044646433,0.08371784036308827,0.6645503557457422,0.6545119287549155,0.010038426990826688,0.6121391270038108,0.5310123726666602,0.08112675433715055
1064,0.6587509037371595,0.6555207666871778,0.0032301370499816517,0.5954052848407893,0.5241440387836211,0.0712612460571681,0.6602132714140758,0.6596241996294351,0.0005890717846407378,0.5992917313914408,0.5299311734597962,0.06936055793164453
1065,0.6847657537825049,0.6531612361389453,0.03160451764355965,0.6145252679987809,0.5068086851430849,0.10771658285569607,0.6869053913336058,0.6566818618234306,0.030223529510175262,0.6178450367496,0.5129294675637459,0.1049155691858541
1066,0.6652904290518411,0.6437224831455612,0.021567945906279862,0.6135755208899702,0.5065486504337505,0.10702687045621972,0.6661961525684508,0.6480498858775255,0.018146266690925228,0.6155962935648341,0.5114661345060154,0.10413015905881873
1067,0.685820340087903,0.6647997620740428,0.021020578013860258,0.6103363946010356,0.5150160760912735,0.09532031850976208,0.6898861013547357,0.6693722129797204,0.020513888375015332,0.6146228810121395,0.521460497016979,0.09316238399516041
1068,0.6577649763263516,0.6618814818371378,-0.004116505510786239,0.6068746115166923,0.5385466361325809,0.0683279753841114,0.6596418167423036,0.6657764906468312,-0.006134673904527599,0.6115558091089114,0.5454116774580133,0.06614413165089805
1069,0.6569275616728532,0.6529602724344042,0.003967289238448912,0.5827737425146406,0.5138248197405008,0.06894892277413989,0.6580706053692997,0.6581991280200524,-0.00012852265075269376,0.587625652200132,0.520846162301573,0.06677948989855897
1070,0.6767895800236902,0.6245151946364017,0.05227438538728846,0.6242745401919562,0.491881842967795,0.13239269722416114,0.6799495021157974,0.6291523015719055,0.05079720054389192,0.6283890564706365,0.4983521915970981,0.13003686487353838
1071,0.666165974575981,0.6342106109647085,0.03195536361127249,0.6117071610960247,0.49093946372763264,0.1207676973683921,0.6683072002260855,0.6388943720227864,0.029412828203299046,0.6150681183435388,0.49714390284301335,0.11792421550052545
1072,0.6665320587088275,0.6375374064556472,0.02899465225318032,0.6061768396556783,0.5074044838782746,0.09877235577740362,0.668868095947295,0.6415226263254274,0.02734546962186757,0.6111804036832771,0.5132825274280092,0.09789787625526791
1073,0.6593361554687189,0.646164901136444,0.013171254332274951,0.6290422514710036,0.5327759886203279,0.09626626285067563,0.661571929743409,0.6506144060271299,0.010957523716279005,0.6334571995123213,0.5402519361749758,0.09320526333734547
1074,0.6777786001777261,0.6454124627830861,0.032366137394640004,0.6242167568981628,0.513294715082148,0.11092204181601484,0.6806967425961452,0.649707042822524,0.030989699773621204,0.628374501002531,0.5184880856158448,0.1098864153866862
1075,0.6757593340128225,0.6497263873249175,0.026032946687905012,0.6245325769252481,0.5226804074513083,0.10185216947393982,0.6792305800619316,0.6549801850270471,0.024250395034884464,0.6286319606752295,0.5297073544191079,0.09892460625612165
1076,0.6807889373533886,0.6545865158271682,0.026202421526220432,0.6325730912410792,0.5261694796226912,0.10640361161838796,0.6847757029099573,0.661888590083017,0.022887112826940226,0.6393284119251958,0.5363259817994892,0.10300243012570665
1077,0.6841991852481377,0.6436190021377577,0.04058018311038003,0.6214539696606173,0.5091213378991094,0.11233263176150787,0.6871760164137612,0.6473848517453447,0.03979116466841659,0.6256851322008616,0.5146122708425138,0.11107286135834782
1078,0.6688865128902435,0.6318154982177728,0.03707101467247065,0.6027179037522777,0.5005267163206247,0.10219118743165301,0.6712036315302243,0.6363377123167018,0.034865919213522556,0.6071963469484003,0.507676994958369,0.09951935199003126
1079,0.6695300816716823,0.6449084091000165,0.02462167257166581,0.61565758011682,0.5196243874546057,0.09603319266221433,0.6727365093702081,0.650589578635316,0.022146930734892156,0.6189405547625599,0.5261024809837749,0.09283807377878506
1080,0.6595133092154761,0.638381850660634,0.02113145855484211,0.6094360065965058,0.504304123152259,0.10513188344424673,0.6609082633677563,0.6441815793975909,0.016726683970165412,0.6134730954248064,0.5115111829765246,0.10196191244828179
1081,0.676520443497729,0.6375427057239753,0.038977737773753685,0.612058485129605,0.49794551884610183,0.1141129662835032,0.6792665818984227,0.6421581545634376,0.037108427334985095,0.6167489963688386,0.5048876098488878,0.11186138651995081
1082,0.6677817202644983,0.6265985316440494,0.041183188620448896,0.610685851199759,0.5012622375610003,0.10942361363875874,0.6703645468055606,0.6329234961933845,0.03744105061217606,0.6136118292891937,0.5093673945832912,0.1042444347059025
1083,0.674020218038593,0.6552478745869688,0.018772343451624263,0.6203180861925719,0.5153966476243699,0.10492143856820202,0.6767153477799637,0.6601586236651744,0.016556724114789256,0.6245932268824628,0.5219505973919394,0.10264262949052338
1084,0.6620620644418314,0.6611016675919407,0.0009603968498906879,0.613289592960117,0.5442100122448258,0.06907958071529119,0.6624662890404978,0.6658522976193972,-0.00338600857889948,0.6161374686342319,0.5510671026635088,0.06507036597072313
1085,0.6684919747550644,0.6597430307734845,0.008748943981579882,0.592185764382909,0.5109411184971218,0.08124464588578728,0.6695626868175766,0.6657414077140381,0.0038212791035384663,0.5957582287980066,0.5193827900560573,0.0763754387419493
1086,0.6466419595359741,0.6445253587709301,0.002116600765044052,0.6024263701008908,0.5323398792914239,0.07008649080946694,0.6484453355266299,0.649781153446755,-0.0013358179201251597,0.6060218960184043,0.5407867524545382,0.06523514356386606
1087,0.6666634773123408,0.6551386234144657,0.011524853897875054,0.6180868108991839,0.5301469486554247,0.08793986224375927,0.6697353486650928,0.6627770662149073,0.006958282450185482,0.6237926460603553,0.5395659619989179,0.0842266840614374
1088,0.676929681398696,0.6484217865480121,0.028507894850683946,0.630133607526137,0.5169259877232532,0.11320761980288385,0.6806283045540404,0.6547350911913808,0.025893213362659595,0.633415334400308,0.5239351079100947,0.10948022649021327
1089,0.6863436230336224,0.6385594192528146,0.04778420378080783,0.6201842214488671,0.4924989621832926,0.1276852592655745,0.6884159631676936,0.6432332123273254,0.04518275084036816,0.6224453963073624,0.4983408275623106,0.12410456874505182
1090,0.6625553948164351,0.6323013027633928,0.030254092053042303,0.6118621861080817,0.5095341255718424,0.10232806053623933,0.6648411225968367,0.6368074597788498,0.028033662817986915,0.6148796806561814,0.5152095276967945,0.09967015295938686
1091,0.6702980784372599,0.624479309911596,0.04581876852566391,0.6216227095960926,0.4929161227308223,0.12870658686527026,0.672515223162071,0.6297633051956573,0.042751917966413755,0.6257396871858927,0.4993117879671002,0.1264278992187925
1092,0.6702483451403733,0.6594114814578322,0.010836863682541109,0.6101150495507144,0.5210055189839099,0.08910953056680448,0.6737614479538815,0.6640168992045286,0.009744548749352933,0.6160341516765198,0.5275311288935908,0.08850302278292899
1093,0.6790295264974209,0.6503911963747351,0.028638330122685796,0.6136976702591518,0.5140126046742415,0.0996850655849103,0.6820053474323577,0.6561357749886823,0.025869572443675493,0.6178260497715268,0.5218544445237269,0.09597160524779991
1094,0.661068219305553,0.645205247230384,0.01586297207516907,0.5852258274228045,0.5009216008658139,0.08430422655699055,0.6626857254725871,0.6497416341090323,0.012944091363554788,0.5893071586512584,0.5079702816958395,0.08133687695541891
1095,0.6758470172367911,0.6590227812805293,0.016824235956261813,0.608781251390706,0.5240714059140759,0.08470984547663019,0.6781360169743065,0.6645256244346468,0.013610392539659677,0.610501221280664,0.5323312967692441,0.07816992451141991
1096,0.6689161314495784,0.6302009074823153,0.038715223967263124,0.6099562045774459,0.4961004493411667,0.11385575523627922,0.6715440626468032,0.6363563942416225,0.03518766840518073,0.6146115924502388,0.5058077855651435,0.10880380688509528
1097,0.6859454319911279,0.641526981780121,0.04441845021100688,0.6368408675695806,0.5031312296416786,0.13370963792790203,0.687756313187394,0.6467049854707341,0.04105132771665998,0.6405341707410138,0.5104569097953153,0.1300772609456985
1098,0.6630096480637402,0.6472186245005361,0.015791023563204054,0.6082329939743736,0.516802882063358,0.09143011191101558,0.6636157692859246,0.6512194870287993,0.012396282257125302,0.6119850292638893,0.522939149082489,0.08904588018140036
1099,0.6739673207522245,0.637222504739342,0.036744816012882486,0.6189557923381391,0.5015987436355255,0.11735704870261365,0.6768824805269302,0.6419730248979933,0.03490945562893688,0.6230585867638796,0.5088570136906134,0.11420157307326617
1100,0.655453746975987,0.6456628912508714,0.009790855725115621,0.6003520670243565,0.5146550325766458,0.08569703444771071,0.6565499111855301,0.6521244871214722,0.004425424064057881,0.6027279752788439,0.5226178317877281,0.08011014349111578
1101,0.6776558244503809,0.6285644993552473,0.04909132509513359,0.6103217720914218,0.47838586427934304,0.13193590781207876,0.679785852238532,0.632250186571953,0.047535665666579074,0.613597399271462,0.48466041239150515,0.1289369868799568
1102,0.674310989654764,0.6468106366762918,0.027500352978472198,0.625714475251457,0.5256667606002416,0.10004771465121531,0.6773108360880595,0.6524079388995957,0.024902897188463835,0.6295121890228267,0.532295884098029,0.09721630492479771
1103,0.6869113143718415,0.6475336293284374,0.03937768504340411,0.617166926088438,0.4916921171314238,0.12547480895701424,0.6890863199541806,0.6521245367431898,0.03696178321099075,0.6207100285920902,0.498528291078652,0.12218173751343825
1104,0.6576018204641529,0.6293467891386044,0.02825503132554852,0.6137340746342677,0.5047561490174097,0.10897792561685793,0.6586111815517215,0.6324255187988848,0.026185662752836736,0.6155494662173719,0.5096543006661274,0.10589516555124456
1105,0.6780269694490153,0.6345525589555866,0.043474410493428706,0.6126915316125636,0.4934449114545707,0.11924662015799292,0.6800807954416451,0.6373771175442203,0.0427036778974248,0.6170708157918128,0.4984879107336353,0.11858290505817748
1106,0.6713443675275432,0.6464792199718731,0.024865147555670153,0.6110721714288716,0.5019530331222049,0.10911913830666675,0.6737697864193857,0.6505490096312242,0.02322077678816148,0.616421293724311,0.508765304856771,0.10765598886754002
1107,0.6797779205189793,0.6448956494800488,0.03488227103893049,0.6275557337332365,0.50999066710724,0.11756506662599653,0.6837700664377833,0.6502145563629195,0.03355551007486379,0.6337653003839381,0.5162988442935862,0.11746645609035189
1108,0.6572270695421936,0.6393454121072535,0.01788165743494008,0.6063212221469252,0.5147181983091386,0.09160302383778662,0.6587590542692585,0.6444935595565194,0.01426549471273908,0.6098425748515012,0.5219268186520302,0.087915756199471
1109,0.6646521016275628,0.6566037339236875,0.008048367703875292,0.6137101466655438,0.5272164356800023,0.08649371098554148,0.6673199908813607,0.6607397871071775,0.006580203774183224,0.6177624731876018,0.534430282761019,0.0833321904265828
1110,0.6709593324741843,0.6272536937775643,0.04370563869661992,0.600589755900004,0.4827624488817572,0.11782730701824679,0.6736241800734539,0.63147818001844,0.0421460000550139,0.6052159262476657,0.4889670969714016,0.11624882927626412
1111,0.6696859553716361,0.6575159518742786,0.012170003497357529,0.6054583541719789,0.5181429108132627,0.08731544335871622,0.6726620357646819,0.6632120617084649,0.009449974056216948,0.6101638438519437,0.5269419006353045,0.08322194321663912
1112,0.6743087504997237,0.6400745322166859,0.034234218283037854,0.6087247263156738,0.5031139488532813,0.10561077746239245,0.6772171107543676,0.6453596845825211,0.031857426171846503,0.6121375646718683,0.5108568990321003,0.10128066563976801
1113,0.6730460046190823,0.6465343241071652,0.0265116805119171,0.6117956983540114,0.5117379346825472,0.10005776367146413,0.6753726523820817,0.650846526848183,0.024526125533898657,0.6157654793182243,0.5181112691616269,0.09765421015659748
1114,0.669407130983213,0.6569635251607803,0.012443605822432757,0.6265626597922238,0.5249079879294247,0.10165467186279908,0.6718912724530757,0.6613729817811793,0.010518290671896358,0.6300858375061671,0.5311568989565252,0.09892893854964191
1115,0.664062029509184,0.6373486119421079,0.026713417567076125,0.6151567552105199,0.5062934487153767,0.1088633064951432,0.6659359605112074,0.6412414517954085,0.024694508715798924,0.6186510484254679,0.5130975183243326,0.10555353010113533
1116,0.6849007167634587,0.6346074755149896,0.05029324124846901,0.6329162755192275,0.5076357854953891,0.12528049002383834,0.6895568811684083,0.6391050654875986,0.0504518156808097,0.636842369183295,0.5133223569571007,0.12352001222619424
1117,0.6663228709041115,0.6386842388347121,0.027638632069399316,0.6152680866820364,0.5062544500814612,0.10901363660057517,0.6688405522813858,0.6434822473734574,0.025358304907928453,0.6200371167996794,0.5132834832543527,0.10675363354532674
1118,0.687183669114072,0.6285231469555029,0.058660522158569095,0.631725994364144,0.4947646229474141,0.13696137141672993,0.6909018390003931,0.6313345365856089,0.05956730241478425,0.6356004974710527,0.49844495809871003,0.1371555393723427
1119,0.6720624595838565,0.6395727080937625,0.03248975149009392,0.6250349753040785,0.5123700399577416,0.11266493534633693,0.6746020320116287,0.6438184608293964,0.030783571182232294,0.6282925996006012,0.5181995810038167,0.11009301859678455
1120,0.6537916552360769,0.6567790302761396,-0.0029873750400627452,0.6118785179243807,0.5422787342028974,0.06959978372148334,0.6564221962183563,0.6627296860196689,-0.006307489801312571,0.6170352446732912,0.5504196627334113,0.06661558193987993
1121,0.6769905183833689,0.6488195123054695,0.028171006077899352,0.6272636558927039,0.522380650459049,0.10488300543365492,0.6790769879464051,0.6534798354579987,0.02559715248840644,0.6307075782087748,0.5298664610114423,0.10084111719733246
1122,0.6628810291098073,0.6425911972593338,0.020289831850473505,0.6132379604357943,0.5115268012730518,0.10171115916274243,0.6652604031308886,0.6479055826023845,0.017354820528504122,0.6167482662413942,0.5177523499168832,0.09899591632451099
1123,0.6313622930515489,0.6473727002461432,-0.016010407194594345,0.5853703522838576,0.5266972735514289,0.05867307873242866,0.6313522197086647,0.6528627781285132,-0.021510558419848502,0.5901263559483039,0.5360309347529958,0.05409542119530808
1124,0.6816154913457921,0.6566394736532672,0.024976017692524888,0.6136972678459918,0.5117841557481125,0.10191311209787923,0.6845178782523904,0.6610252905463305,0.023492587706059886,0.6176998436757069,0.5175765804303526,0.10012326324535425
1125,0.6575583338839891,0.6564995685449859,0.001058765339003176,0.6183745501699794,0.5396670399977606,0.07870751017221889,0.6596502424048003,0.6610928413839123,-0.0014425989791120308,0.6224417277678453,0.5457687818950925,0.07667294587275286
1126,0.6662245729023251,0.6384240289708935,0.02780054393143161,0.6318527632595684,0.5238717318696295,0.10798103138993886,0.66840102906578,0.6419674935346824,0.02643353553109762,0.6346744489988314,0.5299108687583531,0.10476358024047827
1127,0.6708922816036302,0.6436599063552189,0.027232375248411378,0.612350980821325,0.5059879804354888,0.10636300038583624,0.6725729431976974,0.6488570268617457,0.023715916335951714,0.6185528191718487,0.5143590137695796,0.10419380540226908
1128,0.6843780581296346,0.6585052520402624,0.025872806089372147,0.6196901240078537,0.5024805097447617,0.11720961426309207,0.6860986556315289,0.662719341402844,0.02337931422868489,0.6223963165318782,0.509190720204062,0.11320559632781624
1129,0.6712053609657718,0.6472062542844089,0.023999106681362847,0.611904424492823,0.5180389334444784,0.09386549104834463,0.6723611036030618,0.651976780217427,0.020384323385634784,0.6155324795513557,0.5252992266124104,0.09023325293894535
1130,0.6749255886776803,0.6550675068837541,0.01985808179392612,0.620953538468731,0.5208316707835896,0.10012186768514142,0.6779460795459844,0.6613764731895284,0.01656960635645599,0.6254929898935145,0.527897254106962,0.09759573578655256
1131,0.6644835057698453,0.6428783977278033,0.021605108042041965,0.610179648928867,0.512752701012819,0.097426947916048,0.667054832859094,0.64766654083892,0.019388292020174003,0.614596011921489,0.518898168515892,0.09569784340559706
1132,0.6639271106653293,0.6496800731595029,0.014247037505826343,0.6170557569622124,0.528057326192873,0.08899843076933933,0.6657289002377151,0.6543934140069818,0.011335486230733327,0.6195171293487534,0.5340050108015384,0.08551211854721497
1133,0.6728863365037673,0.6253895710173883,0.047496765486378933,0.6119089930031646,0.49231449754258083,0.11959449546058376,0.6755287683645698,0.6292122590576502,0.04631650930691955,0.6154770238090247,0.4977451842742372,0.1177318395347875
1134,0.6654693605806653,0.6399565469064242,0.025512813674241075,0.594296048794875,0.4953458940941593,0.09895015470071566,0.6666298853377413,0.6453107076121498,0.021319177725591443,0.5968055217932411,0.5037455471466703,0.09305997464657079
1135,0.6667121050326973,0.6455636874023916,0.021148417630305727,0.6226244391667874,0.5347707795288187,0.08785365963796876,0.6697715299618011,0.6517622780430298,0.01800925191877134,0.627272047518062,0.5424616803604528,0.08481036715760915
1136,0.6724235526537596,0.639882155894522,0.03254139675923762,0.6050419252145436,0.5018861527544907,0.10315577246005292,0.6738754870071744,0.6437886614558639,0.03008682555131048,0.6083203398563624,0.5098309813352587,0.09848935852110363
1137,0.6689756742695716,0.6505358662303626,0.01843980803920897,0.6260091142553301,0.5276280557344595,0.09838105852087065,0.6702737124243425,0.6536452359672451,0.01662847645709742,0.6297398486926584,0.5334426220711432,0.09629722662151519
1138,0.6833838205077077,0.6539679628104781,0.029415857697229653,0.6399564651208599,0.53376759568182,0.10618886943903993,0.6851737919756733,0.6584871798902421,0.026686612085431216,0.6432115988459632,0.5405778505103069,0.1026337483356563
1139,0.6458369424369927,0.6329428954442256,0.012894046992767194,0.5722280833610964,0.4892053313929542,0.08302275196814224,0.6465349082071288,0.6370756726539233,0.009459235553205492,0.5762278789736861,0.4954621886005316,0.08076569037315451
1140,0.6778198939531022,0.6401448515638588,0.03767504238924335,0.6304533573189848,0.5057067342453648,0.12474662307361994,0.6816837370479485,0.6446604947942494,0.03702324225369913,0.6354696206869722,0.5109116437525766,0.12455797693439563
1141,0.6598462735728221,0.654907068477584,0.004939205095238153,0.6189756276290698,0.5409633058586439,0.07801232177042583,0.6611002247478333,0.659922458868965,0.0011777658788683087,0.6210199533460957,0.5475693485491694,0.07345060479692633
1142,0.6697473807596925,0.653466173815011,0.016281206944681492,0.6197302494552414,0.5209039384270044,0.09882631102823691,0.6729437255391986,0.6605709157019664,0.012372809837232213,0.6252544062176102,0.529575125515625,0.09567928070198517
1143,0.6746456919812432,0.6415125195139866,0.033133172467256666,0.6260591470321903,0.5174757988979048,0.1085833481342855,0.6780836133895399,0.6470876275612447,0.030995985828295214,0.630026685247191,0.5252707581759036,0.10475592707128734
1144,0.6858680076141928,0.6501154042321441,0.035752603382048664,0.6194538635044926,0.5129495146998904,0.10650434880460224,0.6896955347931379,0.6538872169662077,0.03580831782693028,0.624128936067226,0.5189800345802895,0.10514890148693645
1145,0.6641199396347643,0.6529599449561905,0.01115999467857387,0.610498406273851,0.5226171589205232,0.08788124735332781,0.6656811830931233,0.6584220116034285,0.007259171489694793,0.6154321676146584,0.5312950675341737,0.0841371000804847
1146,0.6645758282469167,0.6384251166074126,0.02615071163950411,0.5970712429024552,0.5038485526016616,0.09322269030079355,0.6663427085555431,0.644030397109997,0.02231231144554613,0.6015457202801023,0.5122275040345056,0.08931821624559677
1147,0.6804066440184149,0.6558571067203935,0.02454953729802134,0.633744711567142,0.5255079442276556,0.1082367673394864,0.6838236774169928,0.661372061314518,0.022451616102474814,0.6378533147820628,0.5334521686626185,0.10440114611944429
1148,0.6689848067637534,0.6510810031220308,0.017903803641722615,0.6194448606143816,0.5329129844542042,0.08653187616017743,0.6713496666940615,0.6560816753196852,0.015267991374376289,0.6230609923359831,0.5392437853747508,0.0838172069612323
1149,0.6571658598371779,0.6340295397025325,0.023136320134645394,0.6057637468674961,0.5024062384661379,0.10335750840135827,0.6592086614745486,0.6392954549304855,0.019913206544063144,0.6102388793078284,0.5088709661142972,0.10136791319353122
1150,0.6622909328132747,0.6324842978619084,0.029806634951366262,0.6002189601484385,0.49273080006961045,0.107488160078828,0.6647287463392564,0.6379538042421999,0.026774942097056442,0.6053405107891328,0.5014987638161673,0.10384174697296544
1151,0.668262114685857,0.6363244017118647,0.03193771297399228,0.6175682316079528,0.5067863125812812,0.11078191902667167,0.6710767846285912,0.6398596407745305,0.031217143854060714,0.6210575297413805,0.5115897172493941,0.10946781249198645
1152,0.6753001174231348,0.6478285510621246,0.027471566361010225,0.6088472957163682,0.50431038236962,0.1045369133467482,0.6775179319320048,0.6516704224401065,0.02584750949189829,0.613994548802185,0.5129881860589317,0.10100636274325325
1153,0.6767950507005891,0.6448157182962743,0.03197933240431483,0.6258882931841728,0.5220221072715547,0.10386618591261809,0.6812917948050308,0.6508251790555521,0.03046661574947862,0.629682779919504,0.5288111448406524,0.10087163507885166
1154,0.6787429827916189,0.6551656387859388,0.023577344005680123,0.6256692493382194,0.5132839264277339,0.11238532291048553,0.6815731814979863,0.6593757448591802,0.022197436638806134,0.6300794804299363,0.5193540921386507,0.11072538829128564
1155,0.6747109259601183,0.6325557865270511,0.042155139433067146,0.6131655323912342,0.5043448942922522,0.10882063809898201,0.6777244571698973,0.6373771133437078,0.04034734382618943,0.6186797016205865,0.5109779882203714,0.10770171340021506
1156,0.6772303972076275,0.6592946541680205,0.01793574303960699,0.6168022256172008,0.5228901402314188,0.093912085385782,0.6793809504063257,0.6629075056189843,0.016473444787341474,0.6200634123662053,0.5304990314630543,0.089564380903151
1157,0.6742223336735532,0.6555570220204366,0.01866531165311658,0.6280006125861393,0.5261308396565505,0.10186977292958876,0.6768204725547489,0.6617265016793739,0.015093970875375007,0.6317043249182142,0.5350273914496168,0.0966769334685974
1158,0.662241727544792,0.6429716306200525,0.019270096924739577,0.6203068264504111,0.5283665459036633,0.09194028054674785,0.6652418311215548,0.6488383813174682,0.01640344980408659,0.6249694054744239,0.5356955720721072,0.08927383340231676
1159,0.6835462940020927,0.6487213085434385,0.0348249854586542,0.6386597075956434,0.5206963610065163,0.1179633465891271,0.6867009119981959,0.6555500002894792,0.031150911708716755,0.6433168023014519,0.5288452541611381,0.1144715481403138
1160,0.6876904625959941,0.6477234937925761,0.03996696880341799,0.6344605378717911,0.5122180781225292,0.12224245974926196,0.6915497760182229,0.6515285749284,0.04002120108982288,0.6399898488183342,0.5185020174251874,0.12148783139314678
1161,0.6576808981461235,0.6228148382441608,0.034866059901962676,0.6143532189880773,0.5207327523808698,0.09362046660720746,0.6597819839034067,0.6269857042846341,0.03279627961877263,0.6176793964319309,0.5266940096726918,0.09098538675923917
1162,0.6786087194398196,0.6432315952588809,0.035377124180938746,0.6241109495770907,0.5162699342942794,0.10784101528281131,0.6819327884090177,0.648207399092561,0.033725389316456744,0.6271354567061698,0.5233899685739626,0.10374548813220719
1163,0.6677516311599258,0.6453221382282002,0.02242949293172558,0.609316126726419,0.5203365458046743,0.08897958092174474,0.6702783792702088,0.6489270541545358,0.02135132511567306,0.6137628920357447,0.5262247534650641,0.0875381385706806
1164,0.6770222200533241,0.645519058330164,0.031503161723160145,0.6271812732973205,0.5193107090477289,0.10787056424959163,0.6806187226970773,0.6487762750955084,0.03184244760156896,0.6312563092007026,0.5235748908769234,0.1076814183237792
1165,0.6742493187141916,0.6664009432337272,0.007848375480464354,0.6204507171019192,0.5419165931306362,0.07853412397128301,0.6780690546248394,0.6733451853655098,0.0047238692593295495,0.625182394293347,0.5504697473634652,0.07471264692988178
1166,0.6720708047611407,0.64169339733584,0.030377407425300706,0.5972095871035621,0.4893347165815482,0.10787487052201389,0.6739963667649665,0.6472848653194334,0.026711501445533137,0.6016482028764012,0.49807857767125374,0.10356962520514745
1167,0.6620691037357703,0.6440456393200296,0.018023464415740764,0.6153958196230078,0.5163542377748364,0.09904158184817147,0.6645546270757796,0.6486023008427901,0.015952326232989478,0.6200653426069029,0.5229040430730454,0.09716129953385755
1168,0.6726257279905115,0.6545757147294269,0.018050013261084574,0.6286513942740749,0.5215912515474196,0.10706014272665532,0.673717156852603,0.6605338225902273,0.013183334262375723,0.6314433197533709,0.5288928324360408,0.10255048731733007
1169,0.6567732361370625,0.6645669225562422,-0.007793686419179657,0.5997645832868856,0.5251836402736814,0.07458094301320428,0.6588474840908192,0.6704655227174807,-0.011618038626661553,0.6050170754016364,0.53340510107032,0.07161197433131639
1170,0.6796714533484942,0.6414947741302184,0.03817667921827583,0.6139815933348801,0.494194927597582,0.11978666573729813,0.6826406140536312,0.645927898859397,0.036712715194234136,0.6177153478988524,0.5004771709680712,0.1172381769307812
1171,0.655509201407441,0.6446826364339728,0.010826564973468122,0.6203683575269332,0.5276538445229471,0.09271451300398614,0.6577684583894134,0.6482749080572305,0.00949355033218291,0.6229088905832381,0.5339633270895201,0.08894556349371796
1172,0.6502353196983067,0.6473506543457408,0.0028846653525659294,0.5909727604897625,0.5186026899733044,0.07237007051645816,0.6521437863234711,0.6529840406114757,-0.0008402542880046049,0.5944391539169762,0.5263594409206998,0.06807971299627646
1173,0.6729046042350367,0.6487681180653228,0.024136486169713978,0.6180707345379814,0.5221078675145004,0.095962867023481,0.67760592198631,0.6553510648713858,0.022254857114924143,0.6236508262464155,0.5310548549765206,0.09259597126989494
1174,0.6672155506224351,0.6483493857868674,0.01886616483556769,0.5947418821929271,0.5005445413164881,0.09419734087643905,0.6692326052756764,0.6544487649702472,0.01478384030542923,0.5988642717053323,0.5084321070444191,0.0904321646609132
1175,0.6689219038294254,0.6288386166556794,0.040083287173745985,0.6032567641944169,0.4996194924136928,0.10363727178072407,0.6723120658364904,0.6331610955671294,0.039150970269360985,0.6067236148167462,0.5050044492972758,0.10171916551947036
1176,0.666438069026859,0.644525815173423,0.02191225385343598,0.604231751764235,0.5119106238842658,0.09232112787996927,0.6688678657554604,0.6502310283530157,0.018636837402444706,0.6077325367140044,0.5203393846141738,0.08739315209983056
1177,0.6789558712203245,0.6513575624490064,0.02759830877131808,0.6122216301166654,0.4992444630654554,0.11297716705121003,0.6793034885347128,0.6538198823784775,0.02548360615623524,0.6144894925768125,0.5046523192568947,0.10983717331991782
1178,0.6603034557313844,0.6292727804259943,0.031030675305390054,0.5935751409427799,0.49735049867244496,0.09622464227033489,0.6617085937478044,0.632118846378037,0.029589747369767494,0.5967425675956541,0.5026562434007851,0.09408632419486906
1179,0.6650674953345709,0.644960772110109,0.02010672322446183,0.6240314605440034,0.511141069905544,0.1128903906384594,0.6666402495645439,0.6487957922617307,0.017844457302813255,0.6278518742865798,0.5181732219080474,0.10967865237853247
1180,0.690383603419864,0.6444602239180939,0.04592337950177017,0.6243261972002345,0.4918525405671176,0.13247365663311694,0.6938269513369563,0.6512547014614597,0.04257224987549657,0.6278614446948375,0.5007053826522074,0.12715606204263008
1181,0.6817968050422746,0.6528321237217448,0.02896468132052976,0.6125227249083429,0.502662050031489,0.10986067487685391,0.6843141810054629,0.6593528872688935,0.024961293736569412,0.6176196631466416,0.5108987037572145,0.10672095938942716
1182,0.6668784882946438,0.6183219702779661,0.04855651801667771,0.6102939059683721,0.49059126642384165,0.11970263954453042,0.6702126114548658,0.6246412594047178,0.04557135205014795,0.6162666738465454,0.4996006081674113,0.11666606567913412
1183,0.6568046591410434,0.6389184915561221,0.01788616758492123,0.599467333136199,0.5192247575360668,0.08024257560013226,0.6583635164929242,0.6427471834672478,0.015616333025676443,0.602970334350269,0.5244907640390546,0.07847957031121444
1184,0.669649719920785,0.6320821677967698,0.03756755212401519,0.6229841649144556,0.5093115739543572,0.11367259096009841,0.672955202737743,0.6375171194362524,0.035438083301490564,0.627851906878634,0.5173907189197189,0.11046118795891513
1185,0.670782407295359,0.6321696344033028,0.038612772892056224,0.601495065893271,0.4989819615646357,0.10251310432863525,0.6731495482811078,0.6393395396797367,0.03381000860137118,0.6050938139565574,0.507318679272847,0.09777513468371035
1186,0.6854599895866148,0.6335915338741794,0.05186845571243537,0.6354972740536445,0.5070023362889579,0.12849493776468668,0.6897264282961398,0.6397992650712927,0.04992716322484714,0.6388916129991143,0.513708238662183,0.12518337433693139
1187,0.664788219619508,0.6362431833674165,0.028545036252091482,0.6084795306504263,0.5191084573336451,0.08937107331678118,0.6680141866960547,0.6404871192598256,0.027527067436229125,0.611236401218929,0.5248599261879785,0.08637647503095047
1188,0.673413461667464,0.6429797290259535,0.030433732641510503,0.6186731248155085,0.5143939273010303,0.10427919751447823,0.6756780027327233,0.6470630674000769,0.028614935332646363,0.6210595900282228,0.5207768948727949,0.10028269515542787
1189,0.6754782550150624,0.6659852276428111,0.009493027372251328,0.6190097349785167,0.5355702433640518,0.08343949161446496,0.6767477962857917,0.6723076565576682,0.0044401397281235155,0.6216934929881569,0.5442028010140283,0.07749069197412861
1190,0.652806771436596,0.6441348823295907,0.008671889107005337,0.5883169585678796,0.507829162554625,0.08048779601325462,0.6550433676398064,0.6502118155645953,0.004831552075211132,0.5913629274840817,0.5173481621428518,0.07401476534122986
1191,0.6542942834163683,0.6544982361584007,-0.00020395274203244274,0.6044067285707468,0.5294222372989461,0.07498449127180074,0.6557359542159606,0.6603424041000722,-0.004606449884111519,0.6078930352377809,0.537034005434569,0.0708590298032119
1192,0.658042770263567,0.6367090072911404,0.021333762972426507,0.5837781916012398,0.4897605815427098,0.09401761005852999,0.659342443659761,0.6411282020857545,0.01821424157400653,0.5872519746042342,0.49541674871441327,0.0918352258898209
1193,0.6748652619595519,0.6486657796027185,0.026199482356833337,0.6211784585301061,0.5219537481304284,0.09922471039967773,0.6774620734947794,0.6541567847747489,0.02330528872003046,0.6243553270259727,0.5286284636103842,0.09572686341558856
1194,0.669232489814393,0.6457814330069757,0.023451056807417325,0.6069632782045815,0.5151060177718763,0.09185726043270526,0.6705637927992123,0.65004392165006,0.020519871149152324,0.6098716802348216,0.5214279679450768,0.08844371228974479
1195,0.6776740602502771,0.6362311516531055,0.04144290859717159,0.6166745779009706,0.49918445576718407,0.11749012213378651,0.6806814154718221,0.640619347070032,0.04006206840179016,0.6198624822479408,0.5050097494917254,0.11485273275621544
1196,0.6656050011240165,0.6315150078894657,0.034089993234550864,0.6294122545336303,0.5228465708399218,0.10656568369370845,0.6687981551393036,0.6362907620512839,0.032507393088019754,0.6348543233128858,0.5309473900478144,0.10390693326507139
1197,0.6714001132352991,0.63758640934072,0.03381370389457916,0.6139219141568883,0.5035573437856433,0.11036457037124503,0.6732770680398024,0.6426708476314111,0.030606220408391227,0.6198240031322139,0.5111492746663349,0.108674728465879
1198,0.6450562991644819,0.6409945312755513,0.004061767888930645,0.5863796754783261,0.513341741954189,0.07303793352413712,0.6459256759460872,0.6432282486685985,0.002697427277488673,0.5910106592612749,0.5187671668779207,0.07224349238335426
1199,0.6476492888756594,0.6205478326635225,0.027101456212136887,0.6118101420443551,0.520184073276234,0.09162606876812118,0.6494888784721262,0.6253055795472664,0.02418329892485982,0.6159166108876621,0.5261184535217764,0.0897981573658857
1200,0.6786450940286548,0.6475812898043657,0.031063804224289115,0.6370743096988823,0.5299796639133414,0.10709464578554095,0.6810540831324349,0.6516299342757721,0.02942414885666278,0.6403764757763796,0.5353355969230716,0.10504087885330793
1201,0.6548454078877664,0.6518283935935594,0.0030170142942069766,0.6063320557555277,0.5257538474172613,0.08057820833826645,0.6570462133055972,0.6569142426741011,0.00013197063149605892,0.6108604103355578,0.5325749198834601,0.07828549045209776
1202,0.6806105239146969,0.6543380522406114,0.02627247167408553,0.637168725206347,0.5379325317147134,0.0992361934916336,0.6836798967088618,0.6595795618926144,0.024100334816247404,0.640351671631774,0.5449543257342442,0.0953973458975298
1203,0.6652870842010902,0.628889234142089,0.0363978500590012,0.5974989427231685,0.48833378192572247,0.10916516079744604,0.666934860700692,0.6347112576809393,0.03222360301975269,0.6008025145991421,0.49573445293854385,0.10506806166059829
1204,0.6866504182292985,0.6430172731782393,0.0436331450510592,0.6290148408525258,0.5051823277076415,0.1238325131448843,0.6892905010520155,0.6487896395164343,0.04050086153558119,0.6325955432744772,0.5121829824060123,0.12041256086846486
1205,0.6681728494816117,0.6561508097255889,0.012022039756022784,0.6150434627730539,0.5184695404492033,0.09657392232385054,0.6684864300407405,0.6589110652093428,0.009575364831397648,0.6189479791232452,0.5234610359961396,0.0954869431271056
1206,0.669785361138402,0.6380863398488258,0.031699021289576246,0.604226653182754,0.488273452923959,0.11595320025879502,0.6713846454178654,0.6442205893216945,0.027164056096170897,0.6084025748013477,0.49613468964206064,0.1122678851592871
1207,0.6687531287394488,0.6490735410024056,0.019679587737043258,0.6100665568512156,0.5165110693864792,0.09355548746473641,0.6710559740620168,0.6540879256501806,0.01696804841183619,0.6139724965238955,0.5241309747193609,0.08984152180453464
1208,0.6697407581184895,0.6459136042087935,0.02382715390969603,0.6088459958137475,0.5129527293288815,0.09589326648486607,0.6711354569945627,0.6517792404337328,0.019356216560829864,0.6114542359858554,0.521753639607216,0.08970059637863936
1209,0.6772611584369639,0.6414395741134011,0.03582158432356275,0.6264969217697208,0.516009033294026,0.1104878884756948,0.6801860828798454,0.6446517807451161,0.0355343021347293,0.6302963120526026,0.5200307502947304,0.11026556175787217
1210,0.6716683029423884,0.6348873106174875,0.03678099232490095,0.5981182223591441,0.4913758269669327,0.10674239539221142,0.6726550580528239,0.63936810197525,0.033286956077573926,0.6010203991102228,0.49812001993072336,0.1029003791794994
1211,0.6621587103253842,0.6460979543378634,0.01606075598752077,0.5986222859860271,0.5010846114043989,0.09753767458162821,0.6619782719452547,0.6506889523472432,0.011289319598011494,0.6011159376559372,0.5096112011368406,0.09150473651909663
1212,0.6581240766470587,0.6415827713915544,0.016541305255504346,0.607206079560406,0.5185447217476611,0.08866135781274487,0.6598170061861722,0.6456313716200903,0.014185634566081906,0.6103640574166072,0.5244246766104754,0.08593938080613173
1213,0.6677082718198536,0.6589496981964195,0.00875857362343413,0.6125393254116086,0.5275785295495122,0.08496079586209637,0.670864252756632,0.664876966333017,0.0059872864236150125,0.617911950502757,0.5354866219709348,0.08242532853182227
1214,0.6613404712992077,0.637683622333855,0.023656848965352695,0.5937501576284239,0.5109502434419951,0.08279991418642874,0.6638238656952185,0.642105681432966,0.02171818426225247,0.5995205805348389,0.5182489060313529,0.08127167450348605
1215,0.6658724474155819,0.6489479431946803,0.016924504220901637,0.611009182483644,0.5194698383592317,0.09153934412441234,0.6667958089343748,0.6540148839819382,0.012780924952436656,0.613661537170759,0.5263481610242663,0.0873133761464927
1216,0.6521562626200313,0.6372176685267529,0.014938594093278468,0.5825972901709814,0.49846261120185464,0.08413467896912674,0.6538667352312617,0.6430357460544847,0.01083098917677705,0.5870416180328594,0.5065223619285364,0.08051925610432298
1217,0.6711649990471394,0.6261831676355216,0.04498183141161782,0.6094258911266397,0.5023938153795985,0.10703207574704121,0.6732125598445066,0.6301425246828329,0.043070035161673625,0.6134037267107422,0.507665749437315,0.10573797727342715
1218,0.6551351042599076,0.6364172402342534,0.01871786402565423,0.6080152803011168,0.5103856588267647,0.09762962147435217,0.6562283870352028,0.6400023031656464,0.016226083869556374,0.6102928319578617,0.5174540730189503,0.09283875893891136
1219,0.6730134771295962,0.6618047261724505,0.011208750957145797,0.6144193493395433,0.5119697548730574,0.10244959446648594,0.675171852576911,0.6670878419731534,0.00808401060375763,0.617989578862828,0.5200642843335689,0.09792529452925913
1220,0.6505565888419298,0.6457999095918708,0.004756679250058959,0.5942868249548513,0.520571508289325,0.07371531666552633,0.6519739168319542,0.6506718814326531,0.0013020353993010714,0.5972631681478774,0.5287775207467866,0.06848564740109075
1221,0.6538840086464609,0.6283098592577505,0.025574149388710388,0.5963713094233258,0.5110258715812148,0.08534543784211102,0.6571457858986103,0.6342985063775399,0.02284727952107035,0.6008251077360258,0.5188509786859735,0.0819741290500523
1222,0.686398519771442,0.6385815552647536,0.047816964506688375,0.6423793444185322,0.5202512248042415,0.12212811961429071,0.6910816171859601,0.6432332040419415,0.04784841314401855,0.647862554400182,0.5257856605482726,0.12207689385190945
1223,0.6677075592603362,0.6353775713909475,0.03232998786938868,0.606581553276818,0.5022405241016269,0.10434102917519106,0.6693018699594888,0.6393957118041121,0.029906158155376672,0.6090091156061683,0.5077695849454763,0.10123953066069202
1224,0.6587766826485022,0.633529763092328,0.025246919556174197,0.6018538692641029,0.5004601144362075,0.10139375482789537,0.6612110326421703,0.6371263780154939,0.024084654626676416,0.6065086992204634,0.5062646944498113,0.1002440047706521
1225,0.6849540444340443,0.6512656958511668,0.0336883485828775,0.6400299170646673,0.5224081751481797,0.11762174191648755,0.6890899930808931,0.6575169732286276,0.03157301985226557,0.6448076034595723,0.529763154148254,0.1150444493113183
1226,0.6650138102162463,0.6434661693559389,0.02154764086030736,0.6110848458619818,0.5177703222441259,0.09331452361785586,0.6686845534076316,0.6475306334661706,0.021153919941460986,0.6172061365661616,0.5233899197769319,0.09381621678922969
1227,0.6846098398637878,0.6263256639040296,0.05828417595975821,0.6096514652423166,0.4862619615246527,0.12338950371766394,0.6871994769362038,0.6291164599973049,0.058083016938898835,0.6139349558210606,0.4922041798805596,0.12173077594050102
1228,0.666503329867747,0.6510925662488791,0.01541076361886784,0.6217911588853616,0.5322825341556563,0.08950862472970533,0.6699411897183601,0.6570826128372373,0.012858576881122796,0.627588975862815,0.5408856302018992,0.08670334566091586
1229,0.677451290994621,0.6149422426544151,0.06250904834020587,0.6122722807011447,0.47877576351913564,0.13349651718200906,0.6813559541331309,0.6202279702736732,0.061127983859457724,0.6155292865795188,0.4847907695657061,0.13073851701381267
1230,0.6677520451642278,0.6352154219985819,0.03253662316564587,0.6037939439073851,0.4976498304858168,0.10614411342156826,0.6704636714978048,0.6402920528181149,0.030171618679689982,0.6105054689416711,0.5046364007675251,0.10586906817414599
1231,0.6604715366416908,0.647755718988855,0.012715817652835804,0.6036507436362843,0.5158087454348258,0.08784199820145855,0.6632756149517051,0.6526732446245415,0.010602370327163602,0.6084342811500179,0.5236761336165969,0.08475814753342092
1232,0.6680213129546935,0.6328980094544934,0.0351233035002001,0.6191711500546615,0.5144656339379219,0.10470551611673962,0.6721632190056565,0.6376701879368352,0.03449303106882129,0.6244614135053954,0.5209370353413286,0.10352437816406679
1233,0.6759929973198038,0.6455696749925509,0.030423322327252866,0.6036459819530362,0.4931722326779873,0.11047374927504888,0.6774266596716738,0.6487296321973801,0.0286970274742937,0.6085558138851762,0.49908629545908,0.1094695184260962
1234,0.6905601595667048,0.6367182598683782,0.053841899698326645,0.6197582898338271,0.4905937788984845,0.1291645109353426,0.692763190605173,0.6397596165497512,0.053003574055421776,0.6233091060593009,0.49549911764301363,0.12780998841628727
1235,0.6654542275854497,0.6285846930807393,0.03686953450471042,0.6091125193463189,0.4972975092700421,0.11181501007627681,0.6684710101367479,0.6340431656959431,0.03442784444080482,0.6142279381970672,0.5065023750813543,0.10772556311571291
1236,0.652973589081115,0.6352374096956275,0.01773617938548755,0.5872133057216062,0.5083063028775758,0.0789070028440304,0.6544843941952951,0.6409967340729386,0.013487660122356582,0.5908856817389301,0.5162905305798905,0.07459515115903959
1237,0.6663935547469928,0.6381169750445181,0.028276579702474658,0.6187996508293783,0.5169382374501708,0.10186141337920751,0.6703032428670741,0.6426059989026521,0.02769724396442197,0.6243124837363007,0.523609918199609,0.10070256553669166
1238,0.6606428494702005,0.6295442867995423,0.031098562670658136,0.611541203640371,0.5171464112487565,0.09439479239161452,0.6627207222142918,0.6350851286864883,0.027635593527803537,0.6151894363775285,0.5245014004731066,0.09068803590442198
1239,0.6597691244558754,0.6408694628054437,0.018899661650431776,0.6027303082698868,0.5190957973610131,0.08363451090887375,0.6617414993478197,0.645615489881846,0.016126009465973645,0.6058618612058765,0.5260901201676873,0.07977174103818918
1240,0.6749189953951096,0.6534618423719607,0.02145715302314888,0.6269693771566368,0.5322480810820753,0.09472129607456148,0.6770420627862168,0.6595225868611319,0.01751947592508496,0.6298248383412608,0.538827997125886,0.09099684121537477
1241,0.6469956509404667,0.6525541729773849,-0.005558522036918201,0.5967534147862728,0.534072032218974,0.06268138256729872,0.6487590880588134,0.6566275301785225,-0.007868442119709051,0.6016129696725437,0.5414785195858212,0.06013445008672258
1242,0.6628062722038466,0.6567378414798482,0.00606843072399843,0.6094793349978688,0.5318873226258447,0.07759201237202407,0.6653848621038603,0.6622506483379458,0.0031342137659144953,0.6137796010782249,0.54094145004187,0.07283815103635494
1243,0.6771555346848213,0.6471008436513761,0.030054691033445158,0.6150535316126315,0.5093966700796664,0.10565686153296516,0.6793217686305852,0.6519420810052382,0.027379687625347038,0.6194109635509505,0.5165709885360199,0.10283997501493058
1244,0.6682149671995066,0.6343714848889663,0.03384348231054024,0.6131124380896416,0.5037599614210213,0.10935247666862025,0.6714188355684068,0.6396895453105438,0.031729290257862974,0.61608422236124,0.5106450690738936,0.10543915328734643
1245,0.6555516256708834,0.6363352627965642,0.01921636287431927,0.5917824461457741,0.5103935595411108,0.08138888660466337,0.6571362541889292,0.6412588227758991,0.015877431413030108,0.5942301358317837,0.5168121796350699,0.07741795619671388
1246,0.6701282373709814,0.6344591922882434,0.03566904508273794,0.6135090271458785,0.5043814199712172,0.1091276071746613,0.6733971208097422,0.6388806517090624,0.03451646910067985,0.6162623298525933,0.5104603752055493,0.105801954647044
1247,0.67450350219861,0.6383560622830614,0.036147439915548585,0.6007497696194686,0.4873597394460416,0.11339003017342697,0.676025105556433,0.6421249694852783,0.03390013607115472,0.6061108004124113,0.49468110808126886,0.11142969233114242
1248,0.681986416551956,0.6369457300184538,0.04504068653350224,0.6192367339798976,0.49635478018082735,0.1228819537990703,0.685236387794297,0.6417287292812883,0.04350765851300864,0.6238199489353512,0.5043976689909598,0.11942227994439136
1249,0.6668523302672371,0.6469489095329366,0.019903420734300514,0.601792218271292,0.50681537820991,0.09497684006138207,0.6677011087746776,0.6515935170228307,0.01610759175184684,0.6049311437471894,0.5134796599259326,0.09145148382125678
1250,0.6688030244337768,0.6383712531688396,0.030431771264937235,0.6181804625646956,0.49970316292951367,0.11847729963518194,0.6738802323033528,0.644587195715951,0.02929303658740179,0.6249049275477223,0.5074553955602543,0.11744953198746799
1251,0.6822400206570693,0.6398728742670916,0.04236714638997774,0.6143138573402712,0.4926146616636352,0.12169919567663601,0.6846040429791258,0.6442800109388239,0.04032403204030188,0.6200799770261508,0.5004850545272734,0.11959492249887738
1252,0.677144838313925,0.6425341170726144,0.034610721241310594,0.6160513475371201,0.4929843137020994,0.12306703383502071,0.6793969932447256,0.6480927499640463,0.03130424328067927,0.6197091231888786,0.49929689247782405,0.12041223071105456
1253,0.6777962528891638,0.6307432036712612,0.04705304921790254,0.6150062338555676,0.4968489847082162,0.11815724914735143,0.681035425756642,0.6345181201895488,0.046517305567093215,0.6195010075274903,0.5028346646463935,0.11666634288109679
1254,0.6493389136164636,0.6517442055376553,-0.0024052919211917656,0.5897841821849605,0.5250021750502523,0.06478200713470827,0.6517157415963913,0.6567585227861317,-0.005042781189740331,0.5958604729525607,0.5320341615076147,0.063826311444946
1255,0.6898291901968974,0.6409228468118282,0.04890634338506916,0.6375046665467864,0.5070279574031524,0.13047670914363396,0.6925032003434614,0.6451168142369277,0.04738638610653367,0.6412253643984226,0.5123333365921459,0.12889202780627673
1256,0.6511701140313373,0.6354090724496823,0.015761041581655033,0.5991019817210567,0.5137641703618783,0.0853378113591784,0.6548140594957792,0.6413584420304591,0.013455617465320091,0.6033107530010702,0.5210813523756879,0.08222940062538231
1257,0.6753560661964952,0.6590262004479214,0.01632986574857387,0.606050116515676,0.5087540965268627,0.09729601998881332,0.6768006534392037,0.6644680853170079,0.012332568122195853,0.6108507721034743,0.5163159236511421,0.09453484845233218
1258,0.6639185194474978,0.6439521575777487,0.019966361869749094,0.6077409317474725,0.5089628879798339,0.09877804376763855,0.6650537124529182,0.6467704478989411,0.018283264553977108,0.6118047773915858,0.5152728156215725,0.09653196177001333
1259,0.667622566794646,0.6360043128829309,0.03161825391171513,0.6052420285967459,0.49390598741957525,0.11133604117717066,0.670108024903946,0.6420018478951046,0.028106177008841438,0.6095953450254863,0.5017448807890234,0.10785046423646294
1260,0.6630744628526872,0.6374551073248143,0.025619355527872978,0.5979332943852689,0.5007173203888023,0.09721597399646653,0.6642888457462625,0.6399458838269371,0.02434296191932539,0.601284781185903,0.5060938820950124,0.09519089909089062
1261,0.6973632401119083,0.6428524564922029,0.054510783619705405,0.6432561443121512,0.5183053576873158,0.12495078662483539,0.7016121494261324,0.6482063662728821,0.053405783153250286,0.6470448440239283,0.5248435585187339,0.12220128550519438
1262,0.6522080468156202,0.6435950558938381,0.008612990921782027,0.5954909780253782,0.5090645089525871,0.08642646907279106,0.6541090584085579,0.6492834907837216,0.004825567624836324,0.5984404133790769,0.5161199084927167,0.08232050488636022
1263,0.6662041741882719,0.6347370207881419,0.031467153400130066,0.6118242439801715,0.5079650317356781,0.10385921224449346,0.6673587670033785,0.6388733475810342,0.028485419422344282,0.6141335063116085,0.5134259452705228,0.10070756104108569
1264,0.661371537567606,0.6510353095778639,0.010336227989742097,0.594631846998056,0.5162084689771573,0.07842337802089872,0.6642815539795257,0.6572956180474216,0.006985935932104059,0.5986311069456455,0.5241610675374143,0.07447003940823116
1265,0.6805900154851907,0.6430699416153995,0.03752007386979117,0.6260033673875369,0.5062436826651273,0.11975968472240961,0.6834172862158032,0.6477138604151036,0.03570342580069963,0.6296701856240263,0.5119729167127127,0.1176972689113136
1266,0.6649509286355372,0.6334826359585508,0.031468292676986365,0.6064241114593629,0.5053549884638369,0.10106912299552606,0.6676980070104999,0.6379667366141499,0.02973127039634993,0.6102549398544025,0.5115081961518085,0.09874674370259395
1267,0.6940388152320559,0.6638698965458537,0.030168918686202195,0.6370017725113372,0.5267824132478729,0.11021935926346427,0.6973788904217639,0.6675805215267001,0.02979836889506382,0.6413727862088272,0.5332114560879258,0.10816133012090146
1268,0.6763223586259773,0.6311387633320555,0.0451835952939218,0.6042206473072305,0.4767428996368582,0.1274777476703723,0.6777187148794745,0.6351672892514096,0.04255142562806491,0.6094132421655256,0.4837541886878126,0.125659053477713
1269,0.6811350717136243,0.650234845734245,0.03090022597937936,0.6268714664529138,0.510316101850437,0.11655536460247684,0.6830992768443006,0.655472731417016,0.0276265454272846,0.6296531945943782,0.5167085331375539,0.11294466145682425
1270,0.668142304698121,0.638278073116463,0.029864231581657963,0.6093542136943991,0.5005698589633485,0.10878435473105064,0.6690724846837586,0.6418935465326603,0.027178938151098286,0.611212090907022,0.5058529136280344,0.10535917727898758
1271,0.6444433054317491,0.641613412261574,0.002829893170175124,0.5625523885966838,0.4872386202279263,0.07531376836875747,0.645696241174777,0.647628174615488,-0.0019319334407110755,0.5676071282887086,0.4963153976307602,0.07129173065794842
1272,0.6669175376834826,0.6398861774498793,0.027031360233603308,0.6072040123154098,0.5042106503403689,0.10299336197504083,0.6683689727719464,0.6455257341659617,0.022843238605984695,0.6108166578852081,0.5116814343559453,0.09913522352926285
1273,0.6693418904485269,0.6588298799268292,0.010512010521697701,0.5979538103089969,0.5241610719793848,0.07379273832961208,0.6706507515842441,0.664740405943915,0.005910345640329107,0.6004334492070607,0.5312784579004362,0.0691549913066245
1274,0.6755947764026955,0.6486801684996605,0.026914607903035015,0.614756745923767,0.5105442105148852,0.10421253540888176,0.6791303971487351,0.6546759151086139,0.02445448204012124,0.6192499542491983,0.5180609421875851,0.10118901206161313
1275,0.6735200620704075,0.6402284088799995,0.033291653190407944,0.613884271251466,0.5095357752825445,0.1043484959689216,0.6758314381472168,0.6464820096977311,0.029349428449485737,0.6187206005174986,0.5169784341285248,0.10174216638897371
1276,0.6830919713085603,0.6419538436099319,0.041138127698628346,0.6131604792812784,0.5086499299883747,0.10451054929290371,0.6867445042382088,0.6478979406119193,0.038846563626289465,0.6187344933476213,0.5166352326050235,0.10209926074259779
1277,0.6685181210827353,0.6317616960486654,0.03675642503406995,0.6166543009304845,0.5083269229911966,0.10832737793928782,0.6719167553753647,0.6371172889205523,0.034799466454812356,0.619976939527877,0.5157264593366983,0.10425048019117877
1278,0.6698919349675372,0.6567177623827881,0.013174172584749066,0.6168747095590057,0.543300924657079,0.07357378490192668,0.6738332530702291,0.6621534206906807,0.011679832379548394,0.6227181916584448,0.5507431063790814,0.07197508527936336
1279,0.6698982757425189,0.6600434877529677,0.009854787989551195,0.6321944908704294,0.5457394493171929,0.08645504155323658,0.6725548150270619,0.6654416293867551,0.007113185640306829,0.6367884122722114,0.5554802506758336,0.08130816159637777
1280,0.6622464540949137,0.62519028372923,0.03705617036568365,0.6150169760122057,0.49716821109204734,0.11784876492015839,0.6646597017333753,0.629517117842312,0.035142583891063284,0.6183974082526016,0.5037258980534164,0.1146715101991852
1281,0.6789817422068545,0.623739527182641,0.05524221502421345,0.6255550561888163,0.4973446441247139,0.12821041206410244,0.6821993243219049,0.6277113247367817,0.05448799958512318,0.6285147746651668,0.5017060726195618,0.12680870204560502
1282,0.6801562208028733,0.6570474076654123,0.02310881313746105,0.6401193194996436,0.5268773927729329,0.11324192672671074,0.683943559788904,0.6621778474202531,0.02176571236865088,0.6446523577893519,0.5338073958702073,0.11084496191914461
1283,0.6642732941657912,0.6358913857808777,0.0283819083849135,0.6229195924571298,0.5157080275730506,0.10721156488407924,0.6677902582486045,0.6410221577496573,0.026768100498947178,0.6259464947808183,0.5219590962628842,0.10398739851793415
1284,0.6781222077556438,0.6325906486920534,0.04553155906359041,0.6043605043728514,0.49320565345799056,0.11115485091486083,0.6805257602128626,0.6376999670174786,0.04282579319538404,0.6076039890335438,0.49930777168667817,0.10829621734686568
1285,0.6580696991468695,0.6497594313510713,0.008310267795798243,0.6068289753605423,0.5188693037981709,0.08795967156237139,0.658933630172267,0.6524530593268709,0.006480570845396105,0.6109007862655311,0.5244667500757196,0.08643403618981149
1286,0.6834694429352381,0.6408654970737302,0.04260394586150795,0.6218509245639677,0.5006699624986728,0.12118096206529494,0.685963233118555,0.6447337614359729,0.041229471682582064,0.6261860754145592,0.5073379359320315,0.1188481394825277
1287,0.6739970041777678,0.6407046862383317,0.0332923179394361,0.6112166426692536,0.5101985760693132,0.10101806659994039,0.676579424905952,0.6458833400885284,0.030696084817423586,0.6140507227688005,0.5159572338553479,0.0980934889134526
1288,0.6803237780619494,0.6546741301190363,0.025649647942913134,0.6257376929150062,0.5111449699498093,0.11459272296519696,0.6820516338486095,0.6606951859935815,0.021356447855027993,0.6288810167928331,0.5180543958968451,0.11082662089598805
1289,0.6716164414457327,0.6513145592416941,0.020301882204038613,0.6336615220630821,0.534515607401298,0.09914591466178413,0.6737387358848368,0.6550937643792906,0.018644971505546226,0.6364821832224079,0.5398779444316049,0.09660423879080304
1290,0.6731893277549391,0.6566422814958803,0.016547046259058784,0.6166459082089218,0.5208827856865498,0.09576312252237207,0.674596002664536,0.6617617275932286,0.01283427507130741,0.622258939880632,0.5299357210537621,0.09232321882686989
1291,0.6672560656085222,0.6549034772556397,0.012352588352882554,0.612717191125967,0.514915979881369,0.09780121124459806,0.668456733218628,0.6600511482649954,0.008405584953632528,0.6161092486545463,0.5235515380596227,0.09255771059492357
1292,0.6885110155691103,0.658743563857826,0.029767451711284365,0.6320003695176062,0.5189556042390475,0.11304476527855867,0.6922497989634793,0.6645205716245077,0.02772922733897154,0.6375208476339992,0.527031232087919,0.11048961554608017
1293,0.6672687747259362,0.6325471908284086,0.03472158389752755,0.5913035023612296,0.4908364018206501,0.10046710054057956,0.6691185887628721,0.6372602150579783,0.03185837370489386,0.594942493130573,0.49680471259243203,0.09813778053814098
1294,0.6684577598376391,0.6622493146853036,0.00620844515233554,0.6059077242716568,0.5254212030055228,0.08048652126613409,0.6701954831509405,0.6655047817736708,0.004690701377269679,0.6107011952118873,0.5312968267905558,0.07940436842133147
1295,0.662253069525827,0.6596644135857932,0.0025886559400337683,0.6117227097752942,0.5335565080489039,0.07816620172639033,0.6648841241106502,0.6635408906842601,0.0013432334263900891,0.6156287809290436,0.5380458723906963,0.07758290853834726
1296,0.6623897686680255,0.6556374792077425,0.006752289460282945,0.6011630357475986,0.5125736800118341,0.08858935573576443,0.6638035129444466,0.6591213542307383,0.004682158713708362,0.6036524853952687,0.5188748191987657,0.08477766619650307
1297,0.6587387928947895,0.6358181154467587,0.022920677448030835,0.6092681935144464,0.5119671097801838,0.0973010837342626,0.6615986876619995,0.6406140135092093,0.02098467415279015,0.6136430226842735,0.5188642388268823,0.09477878385739125
1298,0.6608243990853391,0.6413339670414794,0.019490432043859696,0.6270606926479527,0.5237031554687979,0.10335753717915486,0.6628271368266565,0.6466089249344613,0.01621821189219519,0.631270388280585,0.5311663270545567,0.10010406122602833
1299,0.6596134711224123,0.6547262838039123,0.004887187318500019,0.6254266718741264,0.5310095420493042,0.0944171298248222,0.6618375319755518,0.6599711612558048,0.0018663707197470458,0.6305129664449629,0.5383983840642735,0.09211458238068937
1300,0.6610857711270103,0.6510600341096525,0.010025737017357761,0.6145909601957393,0.5229861903198396,0.09160476987589972,0.6629709179448524,0.6570283932120375,0.005942524732814869,0.6181388154999236,0.5309687227472402,0.08717009275268339
1301,0.6651445118456576,0.6450341963099329,0.020110315535724732,0.5928405471527793,0.5037021211254181,0.08913842602736122,0.6667405141155718,0.6510581660940233,0.015682348021548442,0.5967758016019569,0.5105110912746119,0.08626471032734495
1302,0.658145609482366,0.6452122082340739,0.01293340124829212,0.6015973567023298,0.5123116565193029,0.08928570018302695,0.6597862640092503,0.6500617548072619,0.009724509201988418,0.604124609176917,0.5203415879908141,0.08378302118610292
1303,0.6849835126596734,0.6590292218840099,0.02595429077566347,0.6180658797024416,0.5236645805317982,0.09440129917064344,0.6873211016177461,0.6658037026443324,0.02151739897341365,0.6217650461553899,0.533495435514334,0.08826961064105587
1304,0.6595696833424859,0.6519485466366972,0.007621136705788678,0.615235433356679,0.5365956525900246,0.07863978076665434,0.6614131076497107,0.6568556169314285,0.004557490718282264,0.6188867830300757,0.5440628420914685,0.07482394093860723
1305,0.6565623511435474,0.6537856033113079,0.002776747832239579,0.6116922450807298,0.5317215475826461,0.07997069749808372,0.6590283790513446,0.6598450099540905,-0.0008166309027458629,0.615741482011642,0.5400444319912685,0.07569705002037352
1306,0.6770114956688896,0.6467218605948417,0.030289635074047916,0.6108937761387511,0.5039852831622222,0.10690849297652882,0.6799237550278479,0.6513312813830989,0.028592473644748928,0.6158973639071654,0.5115501766720523,0.10434718723511316
1307,0.6664663984277106,0.6334412156639639,0.03302518276374666,0.6022001170681576,0.504273290791705,0.09792682627645255,0.6680571114102811,0.6367528308420021,0.03130428056827905,0.6047891312907994,0.5095605042051652,0.09522862708563418
1308,0.671304716346993,0.653771618525958,0.01753309782103496,0.6186398197977834,0.5251419147568724,0.09349790504091093,0.6726731671423423,0.6582810259465723,0.014392141195769925,0.6224330336009283,0.5309399982413574,0.09149303535957087
1309,0.6811158728835582,0.650799405704647,0.030316467178911233,0.6226282287749464,0.5101858046837349,0.11244242409121152,0.6855631434874733,0.6556080197618099,0.029955123725663335,0.6283841999395922,0.5161130596562924,0.11227114028329976
1310,0.6526298228513938,0.633932488706198,0.01869733414519581,0.5836616920503996,0.4986451011924101,0.08501659085798952,0.6539076896671476,0.6385492593417996,0.015358430325348005,0.587032571987689,0.5049143857058432,0.08211818628184575
1311,0.6445399216926713,0.6365079601736695,0.008031961519001762,0.6032181534105263,0.5273596268192943,0.07585852659123204,0.6465937409078701,0.640501673279221,0.0060920676286491116,0.6068197220924173,0.5331686244703833,0.07365109762203403
1312,0.6651738057428636,0.6439927845438411,0.021181021199022432,0.6067920125459048,0.5006700954127978,0.10612191713310692,0.6669991183659717,0.6470916968306348,0.019907421535336867,0.6096784594042517,0.504999943102883,0.10467851630136871
1313,0.6794280783506641,0.6517266009684206,0.02770147738224349,0.6242548885105674,0.5225277903958346,0.1017270981147328,0.6818792190857172,0.6564892376905942,0.02538998139512305,0.6268869176306431,0.5277382084751867,0.09914870915545637
1314,0.6844195914994124,0.639073287797674,0.04534630370173842,0.6241479236439775,0.5031962509057005,0.120951672738277,0.6877440520785023,0.64497016456332,0.042773887515182296,0.6277827391822021,0.5107329436623729,0.11704979551982919
1315,0.6601027776612056,0.6330444429696703,0.02705833469153529,0.6055278201568919,0.5157133249411652,0.08981449521572671,0.6627912978288565,0.6372494487289175,0.02554184909993895,0.6100651291378189,0.5226000260125526,0.08746510312526623
1316,0.6702008112052649,0.6310324748498749,0.039168336355389965,0.6137555003435888,0.5014994034633831,0.11225609688020577,0.671321877199931,0.6323422076506506,0.03897966954928034,0.6161678555132695,0.5059752095814438,0.11019264593182565
1317,0.6618097236863358,0.6448263292380456,0.016983394448290223,0.6084942552729373,0.5089108896000905,0.09958336567284687,0.6622505145042209,0.6487602325511508,0.013490281953070116,0.6102069121569277,0.5151700336794369,0.09503687847749076
1318,0.670406302180134,0.6450615076918097,0.025344794488324274,0.6182701502427064,0.5223056922824236,0.09596445796028275,0.6735682029113164,0.6498692180028838,0.023698984908432585,0.6233572745397211,0.5300661597353094,0.09329111480441177
1319,0.6631015230973585,0.6425391132424749,0.020562409854883557,0.6117628948645477,0.5171918958964096,0.09457099896813814,0.6651616702318184,0.6477352474218199,0.01742642280999851,0.6170283344841111,0.5243257545798605,0.09270257990425057
1320,0.6617150500248786,0.6369494721419069,0.024765577882971734,0.6091173721535,0.5126136360702664,0.0965037360832336,0.6643236305408016,0.6406654552617145,0.02365817527908709,0.6131584045440529,0.5175244434435858,0.09563396110046707
1321,0.6835184868378846,0.6494740321764357,0.0340444546614489,0.6170558795375425,0.5002965546478024,0.11675932488974006,0.6857629741896103,0.6534179822026343,0.032344991986976046,0.6202770496347241,0.5064865256375537,0.11379052399717038
1322,0.6838117574798229,0.633196800853988,0.05061495662583493,0.6257321154376283,0.49388975479932085,0.13184236063830745,0.6873329561008885,0.6374272938480537,0.04990566225283477,0.6304961019354236,0.5000882671813556,0.13040783475406803
1323,0.6585190933931988,0.6402531126128486,0.018265980780350244,0.590884625473867,0.5087392852316343,0.08214534024223274,0.6599499055285136,0.6442527997288952,0.01569710579961847,0.5947156428643886,0.5152284357173347,0.07948720714705393
1324,0.6564700702407216,0.6476043630065371,0.00886570723418445,0.6101694703167074,0.5361719301245158,0.07399754019219162,0.65847141487413,0.6526020366816819,0.005869378192448038,0.6138674364611691,0.5436913164722424,0.0701761199889267
1325,0.6692419662016701,0.649631469222704,0.019610496978966108,0.6215882600164624,0.520693623241336,0.10089463677512645,0.6700754198244516,0.6543359765928356,0.015739443231616024,0.6237717408064727,0.528698859450269,0.09507288135620373
1326,0.6676667343154961,0.6380012836462383,0.029665450669257742,0.6287579356313528,0.5227971305147949,0.10596080511655792,0.6698524017137706,0.6421064611140377,0.0277459405997329,0.6330031343754889,0.5304874724632711,0.10251566191221784
1327,0.6681180554010027,0.6443787151155309,0.023739340285471755,0.6160555332378964,0.5341206144164534,0.08193491882144299,0.6702016148717209,0.6489818667325531,0.021219748139167827,0.6182425901214508,0.5398473131549029,0.07839527696654791
1328,0.6830424787026146,0.6410145235098101,0.042027955192804445,0.6209904281205884,0.4942133055417273,0.12677712257886103,0.6852878175082424,0.6448776612711611,0.04041015623708133,0.6245417956742613,0.4989907969020627,0.12555099877219855
1329,0.657851411542635,0.6391339781928682,0.018717433349766832,0.5922415907671311,0.5069677282052925,0.08527386256183866,0.6592902611384065,0.642982874137054,0.01630738700135248,0.594817289475787,0.5142217394921041,0.0805955499836829
1330,0.6492385179421544,0.641582928369437,0.007655589572717392,0.5938029962761742,0.5186528597367805,0.07515013653939362,0.6506502844337156,0.6461352722853289,0.004515012148386788,0.5985595061462012,0.5250796539056124,0.07347985224058884
1331,0.6758741031697951,0.6349068288842741,0.04096727428552105,0.6316989117824795,0.5088829613829853,0.12281595039949422,0.6789128839090801,0.6396826246903591,0.03923025921872103,0.6362658868853045,0.5154027281707033,0.12086315871460118
1332,0.6798487537114831,0.6413926235155285,0.03845613019595462,0.6448848077222232,0.5132571803182037,0.13162762740401956,0.6823351968960689,0.6470854430312167,0.035249753864852185,0.6475191549728296,0.5203973602119065,0.1271217947609231
1333,0.6434811705284194,0.6373398809487544,0.006141289579664977,0.5988443087857013,0.5237527007947512,0.07509160799095005,0.6450958914305748,0.6419577338457456,0.00313815758482916,0.6021428261189967,0.5311400725034701,0.07100275361552666
1334,0.6645572787086461,0.6482797134013774,0.01627756530726876,0.6164899089856973,0.5261567510842823,0.09033315790141505,0.6671147529212804,0.6528791478645082,0.014235605056772238,0.6196704521520133,0.5328016383009421,0.08686881385107126
1335,0.6710244667744545,0.635537711532865,0.03548675524158951,0.6070997971041273,0.5086122307893933,0.09848756631473399,0.6743283542762961,0.6398572353525477,0.034471118923748434,0.6117504751608631,0.5153278896721629,0.0964225854887002
1336,0.6588820398611716,0.6404664251229975,0.018415614738174102,0.6075470386035161,0.5135717457074904,0.09397529289602569,0.6601102050195496,0.6449920707204896,0.01511813429906006,0.611791375203741,0.5198197487413787,0.09197162646236234
1337,0.6841625155544807,0.6500965938125349,0.03406592174194578,0.628815284706779,0.5215792478029903,0.1072360369037888,0.6871986599615341,0.6548876081203078,0.03231105184122629,0.632694756242103,0.5284164315727424,0.1042783246693606
1338,0.669418370449745,0.6411260191522513,0.028292351297493634,0.627906542399801,0.5161761884354664,0.11173035396433462,0.6721215458294025,0.6470327637010054,0.025088782128397158,0.6322916947360875,0.5234088536602621,0.10888284107582535
1339,0.6779262604853282,0.6512280434966324,0.02669821698869579,0.6315231312907041,0.5308518996109055,0.10067123167979863,0.6805969333704021,0.6566003474696251,0.023996585900776912,0.6338315514496482,0.5381755093171539,0.09565604213249435
1340,0.681395573360587,0.6711201322764738,0.010275441084113157,0.6280428510912077,0.5394712258224708,0.08857162526873696,0.6845171463257567,0.6774687795740937,0.007048366751662982,0.6327599924926853,0.5469113986714278,0.08584859382125754
1341,0.6527792816860656,0.658655914264802,-0.005876632578736385,0.5957325841851088,0.5216808866442695,0.07405169754083929,0.654077516235875,0.6629656156855567,-0.008888099449681719,0.6011639066672149,0.5286658581005772,0.07249804856663766
1342,0.6471573307810786,0.633188364872831,0.013968965908247588,0.5820993012746447,0.508416877109874,0.07368242416477067,0.6491190243508173,0.6376732619080371,0.011445762442780172,0.5870376862863607,0.5158356430338533,0.07120204325250734
1343,0.6647110177455868,0.6457934766484049,0.01891754109718191,0.5833687085342163,0.5035271845117666,0.0798415240224497,0.6669134424534597,0.6507168381303836,0.016196604323076125,0.5877597581609755,0.5116868450115974,0.07607291314937803
1344,0.6684848166246316,0.6485819110061897,0.01990290561844188,0.6238837210518442,0.5220680957474276,0.10181562530441657,0.6705642651100007,0.6542197397428156,0.016344525367185114,0.627817097050473,0.5293083505566979,0.09850874649377506
1345,0.677544434931703,0.6345447048861264,0.04299973004557667,0.6213131258303992,0.508764608419654,0.11254851741074523,0.679704209573972,0.6386224706339552,0.041081738940016876,0.6247006491720011,0.5148867512934939,0.10981389787850715
1346,0.6616676670265343,0.6308842771916967,0.030783389834837638,0.6087466611199506,0.49846371703369186,0.11028294408625872,0.6642922968818843,0.6351425478287421,0.02914974905314216,0.6139661001033789,0.5046110553470289,0.10935504475635005
1347,0.6629753152806712,0.6289906987346263,0.0339846165460449,0.6055959889148924,0.49736893421565576,0.10822705469923666,0.6652974181711127,0.6342266948283835,0.0310707233427292,0.6094654198735885,0.5039732369877641,0.1054921828858244
1348,0.6466575015015744,0.6442242108392436,0.002433290662330778,0.6051720499221942,0.5348697192968306,0.07030233062536362,0.6479697009016762,0.647224039462704,0.000745661438972145,0.6085889598926713,0.540644125979246,0.0679448339134252
1349,0.6798498591204214,0.6583949773367636,0.021454881783657842,0.6284720013102365,0.5207708766692691,0.10770112464096737,0.6824133236119829,0.6619123199835911,0.0205010036283918,0.6325496129246793,0.5266755280995385,0.10587408482514071
1350,0.6704607388074635,0.6598005605321987,0.010660178275264776,0.6119594518976259,0.5240409639079203,0.08791848798970558,0.6719668165418076,0.6652182195985517,0.006748596943255913,0.6157477501773161,0.5325131196181816,0.08323463055913449
1351,0.6814610579641548,0.6419633830662838,0.03949767489787104,0.5967501028418536,0.48542171413031454,0.11132838871153905,0.6839190278925238,0.6453640515644616,0.03855497632806215,0.6005386961556073,0.49158880899078067,0.10894988716482662
1352,0.6668080932923811,0.6569498571361713,0.009858236156209843,0.630753483888441,0.5340705808586201,0.09668290302982085,0.6690419951740398,0.6610228874428015,0.008019107731238373,0.6348667769690837,0.5393356324965055,0.09553114447257816
1353,0.664903173126047,0.6552564254386019,0.009646747687445112,0.613934806858359,0.5324624633405793,0.08147234351777966,0.6679959301626741,0.6604648147465264,0.0075311154161477045,0.6184111767038907,0.5394620664031451,0.07894911030074558
1354,0.6611391920375711,0.6387147420174472,0.022424450020123943,0.6043606594341413,0.5120179653568437,0.09234269407729756,0.6623114092410347,0.6426388502689504,0.01967255897208431,0.6069580406718601,0.5180975527760661,0.08886048789579404
1355,0.6712599710251819,0.6448104110300398,0.02644955999514209,0.6044220835730856,0.4984666006840694,0.10595548288901618,0.673146952866338,0.6485081578977536,0.024638794968584343,0.6079912170506016,0.5036690610295087,0.10432215602109285
1356,0.6658713229796231,0.6535581453545993,0.012313177625023819,0.6163482398880289,0.5283690539987229,0.08797918588930598,0.6684327881380976,0.6583226808642246,0.01011010727387296,0.6202231052019812,0.5350035580797803,0.08521954712220092
1357,0.6563677306439079,0.6437996227736584,0.012568107870249423,0.6112836412456862,0.5202899848621807,0.09099365638350554,0.6572185448898871,0.6494986774725089,0.007719867417378179,0.6135021595473,0.5279384248435655,0.08556373470373457
1358,0.6843332815762552,0.6605545087301163,0.02377877284613883,0.6083542544889634,0.4994831457067963,0.1088711087821671,0.6870902929249114,0.6690030602838513,0.018087232641060158,0.6121401814821883,0.5106989363819923,0.10144124510019603
1359,0.6689990490183184,0.6399288592171595,0.02907018980115894,0.611261107546536,0.5021321926153572,0.10912891493117871,0.6699148644607416,0.644869272931343,0.02504559152939856,0.6150760368337008,0.5092886070367242,0.10578742979697664
1360,0.6786528849702309,0.6546369292569791,0.02401595571325177,0.6383320483770105,0.5387736365115827,0.0995584118654278,0.6826324241619133,0.6596608631353915,0.02297156102652176,0.6426677006072764,0.5455406251634286,0.0971270754438478
1361,0.6572450721617276,0.6567974847227405,0.00044758743898709596,0.5941097721712983,0.5150950452488026,0.07901472692249578,0.658188174338476,0.6595859306419377,-0.001397756303461728,0.5970525298868393,0.520514328361243,0.07653820152559632
1362,0.6624089085760263,0.6384735005325428,0.023935408043483486,0.5998745062164986,0.510850530645818,0.08902397557068065,0.6642090447049974,0.6435844694089143,0.02062457529608308,0.6039653514169556,0.5189177686413283,0.0850475827756273
1363,0.6787138367511215,0.6319754501559137,0.04673838659520779,0.6207273621614959,0.49226210336271725,0.12846525879877868,0.6820583138900546,0.6358105233668745,0.046247790523180066,0.6244953051239234,0.4977930794096216,0.12670222571430179
1364,0.6689630418905875,0.6329902781736619,0.03597276371692559,0.6105256103815623,0.5010877148631786,0.10943789551838368,0.6709421593391325,0.6373710946390423,0.03357106470009019,0.6136264111372788,0.5079729597199487,0.10565345141733007
1365,0.6704595192620004,0.6475233754745847,0.022936143787415708,0.6108286631754933,0.5169210679528957,0.09390759522259762,0.6724133283251471,0.6509730419369373,0.021440286388209828,0.6142125949416857,0.521522388075571,0.09269020686611462
1366,0.6775799867613812,0.6331385436251697,0.044441443136211456,0.6185702755986424,0.49252939354262126,0.12604088205602115,0.6798261094829285,0.6365905143091171,0.04323559517381148,0.6219371511528288,0.4983270051064605,0.12361014604636827
1367,0.6868775931564334,0.6517084020240425,0.03516919113239092,0.6252466722518362,0.5092582365577233,0.11598843569411288,0.6899379068423469,0.6571979399062433,0.03273996693610359,0.6291414613402269,0.5176481033427441,0.11149335799748272
1368,0.6807348469684662,0.6440484400013405,0.03668640696712566,0.6179870684139304,0.503971995907033,0.11401507250689735,0.6821754292905708,0.6493692826554447,0.032806146635126154,0.6205572554529915,0.5116708017124472,0.10888645374054429
1369,0.6755479068125401,0.6220329730920849,0.05351493372045513,0.6155533286780084,0.49363787420025285,0.12191545447775554,0.6775926820966816,0.6252717913114338,0.05232089078524771,0.6189599963588737,0.49987956250894855,0.11908043384992512
1370,0.6544482694137983,0.6430051227451041,0.01144314666869417,0.5920587164875921,0.5030403388881074,0.08901837759948472,0.6557074797862993,0.6481515746677986,0.007555905118500683,0.5971197070306637,0.5117121742941972,0.08540753273646651
1371,0.6672754462508437,0.6457639007531235,0.021511545497720164,0.6084465766108075,0.5031031423437113,0.10534343426709614,0.6688798866386589,0.6527818007171111,0.016098085921547822,0.6122354129523904,0.5118016310675696,0.10043378188482077
1372,0.6633531179750518,0.6521124383300065,0.01124067964504527,0.608079039111854,0.5174005569733198,0.09067848213853424,0.6655210172407963,0.6574477817831391,0.008073235457657146,0.6119447410865971,0.5257378046560075,0.08620693643058963
1373,0.670562866326888,0.6296811252087233,0.04088174111816467,0.6217903652054415,0.5084170721808454,0.11337329302459609,0.6738281807070077,0.6362193006743455,0.03760888003266216,0.6260429390932605,0.5158461021100198,0.11019683698324068
1374,0.6614217382052198,0.649892326383421,0.011529411821798785,0.6180768981762487,0.5404147763087028,0.07766212186754584,0.663214414575121,0.6548103447633156,0.008404069811805415,0.6217110018382528,0.5479319185784538,0.07377908325979898
1375,0.6470855241166603,0.6385396720687999,0.008545852047860403,0.598109990490623,0.5207309690749974,0.07737902141562558,0.6477972306350155,0.6414835168305884,0.006313713804427135,0.6013416866504822,0.5248368751725875,0.07650481147789467
1376,0.6729764251105714,0.6320799213583767,0.04089650375219478,0.612322193363153,0.4997208987806606,0.11260129458249235,0.6759177343048732,0.6369722844668984,0.03894544983797488,0.6167540804094627,0.5062454760991054,0.11050860431035725
1377,0.666230143348049,0.6479753321708557,0.018254811177193297,0.5968892885110683,0.5117657774754942,0.08512351103557403,0.668033999652655,0.6512898356228456,0.016744164029809383,0.6005373910393966,0.5178133026182954,0.08272408842110124
1378,0.6849886106345842,0.6431083990198934,0.0418802116146908,0.6103991905229775,0.4923462835379573,0.11805290698502025,0.6871943787283211,0.6485349675843236,0.03865941114399751,0.6127407353010079,0.49835721726095344,0.11438351804005448
1379,0.6714824699528736,0.639142635932948,0.032339834019925684,0.6124688326951679,0.5145730095385916,0.0978958231565763,0.6742620959466359,0.6439653693018497,0.03029672664478622,0.6161355064357434,0.5218260022099348,0.09430950422580864
1380,0.6631441117725265,0.6430300902424921,0.020114021530034387,0.5977810871076283,0.5121539349518289,0.08562715215579941,0.6645843787177016,0.6476553162874842,0.016929062430217412,0.6018233668546142,0.5185652572215484,0.08325810963306579
1381,0.6888423987275964,0.6372863133348214,0.05155608539277501,0.6306979250098604,0.49968972988960425,0.1310081951202562,0.6930255767986016,0.642563762187439,0.0504618146111625,0.6357028927939964,0.5060765362957189,0.12962635649827747
1382,0.6849879541724092,0.6457291575505612,0.03925879662184806,0.6291356029876598,0.5099628556893313,0.1191727472983285,0.6893000505020799,0.6507719578924078,0.03852809260967205,0.6337198732722404,0.5159777722143866,0.11774210105785388
1383,0.6622986906300722,0.6460452257374094,0.016253464892662772,0.5832709897136066,0.4956245397918115,0.0876464499217951,0.6638627217539588,0.6511224162038777,0.012740305550081099,0.5867186146936445,0.502733245671682,0.08398536902196252
1384,0.6804028908481019,0.633719861229867,0.046683029618234895,0.6244903859564084,0.49524112824718514,0.12924925770922324,0.6822568687896373,0.6376262909498054,0.04463057783983193,0.6277615155896846,0.501450243547008,0.12631127204267667
1385,0.6717952786185829,0.6504563808547149,0.021338897763867992,0.622892116127548,0.5351303790027221,0.08776173712482593,0.6754280585711574,0.656263310787718,0.01916474778343935,0.6271007532169551,0.5426105177549907,0.08449023546196444
1386,0.6864406193065539,0.6624749644354596,0.023965654871094255,0.6332043062152017,0.5413194778190104,0.09188482839619139,0.689088469749705,0.6666615996644529,0.022426870085252015,0.6374492621695618,0.5474161180723884,0.09003314409717333
1387,0.669757271373826,0.6355288975436038,0.03422837383022226,0.6262554930535734,0.5200698901830573,0.10618560287051615,0.6714153974310053,0.6386060590814111,0.03280933834959421,0.6286965679083101,0.5261880511268652,0.1025085167814449
1388,0.6942394967697896,0.6476207031962018,0.04661879357358778,0.6331881604646984,0.5094344286634239,0.12375373180127447,0.6981536658547185,0.6534921301137462,0.044661535740972313,0.6390830241397082,0.5182953518054224,0.12078767233428578
1389,0.6748747735305018,0.6358906780811779,0.03898409544932391,0.6252152931613513,0.5076703331560389,0.11754496000531234,0.6797081261482024,0.6409690137605947,0.038739112387607744,0.6305242579887571,0.514684316590938,0.11583994139781906
1390,0.6812122743333424,0.6408414345245954,0.040370839808747006,0.63945835508589,0.5128661400091159,0.1265922150767741,0.6840063027378454,0.6457768760319446,0.03822942670590079,0.6430684849543447,0.5205525231978015,0.12251596175654311
1391,0.6699218872323369,0.653851458916571,0.016070428315765883,0.6250609169306659,0.5244385534933058,0.10062236343736009,0.6730230615878312,0.6587257808194926,0.014297280768338583,0.6297712205320063,0.5298893037266722,0.09988191680533409
1392,0.6811407654693588,0.6413180571589254,0.03982270831043333,0.619143177081983,0.5029452183821866,0.11619795869979632,0.6839001828797112,0.6464148917672858,0.03748529111242538,0.6232252625799015,0.509827570557019,0.11339769202288252
1393,0.6626991484595222,0.657339202352552,0.005359946106970104,0.6030514061129616,0.5166426201318955,0.08640878598106605,0.6638315220343298,0.6619363712518112,0.001895150782518673,0.6054838613505822,0.5222299661943931,0.08325389515618908
1394,0.6525922541150457,0.6586185937230679,-0.006026339608022124,0.582077513036225,0.5152190954070157,0.0668584176292093,0.65319685110236,0.6637708413947967,-0.010573990292436664,0.58628562600803,0.5226781523500854,0.06360747365794461
1395,0.6695372819268055,0.6365024248206721,0.03303485710613341,0.5983849639031487,0.49187668309089516,0.1065082808122535,0.6719166484026386,0.6411101146306677,0.030806533771970956,0.6037138715745355,0.49948984931244855,0.10422402226208693
1396,0.6784404002545844,0.6448086075121069,0.03363179274247752,0.6317904471735042,0.5146778880719884,0.11711255910151575,0.681538589373994,0.6496744312739771,0.03186415810001697,0.6357256119791109,0.5211650787165142,0.11456053326259674
1397,0.6721091239955814,0.6347376047278694,0.03737151926771198,0.6186665645243571,0.5119722075727012,0.10669435695165586,0.6740669223164467,0.6383677358713289,0.035699186445117825,0.6209651665975602,0.5172781495959368,0.10368701700162342
1398,0.6831950064429548,0.6539292556760635,0.029265750766891307,0.6249546077897792,0.5261010892539022,0.09885351853587698,0.6866081597851301,0.6598043603222361,0.026803799462894018,0.6281602273043152,0.5335452136686187,0.09461501363569647
1399,0.664892957569995,0.6444099245353019,0.02048303303469312,0.607305550085729,0.5115645504601611,0.09574099962556781,0.6668908985367291,0.6502659569889755,0.016624941547753624,0.6118369447439769,0.5206416772690581,0.0911952674749188
1400,0.664303169686921,0.642995594820754,0.02130757486616708,0.6200011401340055,0.5288056817733556,0.0911954583606499,0.665949010790488,0.6499438766636558,0.016005134126832132,0.6238935115524961,0.5386227076138544,0.08527080393864162
1401,0.6528111714715082,0.6507733910360565,0.002037780435451775,0.587392213029849,0.5224740718006589,0.06491814122919015,0.6545589740845899,0.6546983485857174,-0.00013937450112755378,0.5912810071888602,0.5306138871450012,0.06066712004385899
1402,0.6419890357860036,0.6356350016906697,0.006354034095333971,0.5792911541799313,0.5066099921652973,0.07268116201463393,0.6423196687396302,0.6395453717504875,0.002774296989142666,0.5815659781887854,0.5131663713612168,0.06839960682756863
1403,0.6823296605409002,0.6421266948286699,0.040202965712230254,0.6335130556077271,0.5177052925516439,0.1158077630560832,0.6871185032658447,0.647943909827069,0.03917459343877572,0.6377608628889265,0.5237070682579019,0.11405379463102461
1404,0.6449018952622307,0.6586608964057237,-0.013759001143492933,0.6158987526068543,0.5591690806172609,0.056729671989593444,0.6472988456876179,0.6647399439350841,-0.017441098247466202,0.6202329498093141,0.5666350395068848,0.05359791030242933
1405,0.676421742893309,0.6510414157869261,0.02538032710638294,0.6107799577801117,0.5072312169718884,0.1035487408082233,0.6781664825572827,0.6554071112772429,0.022759371280039797,0.6133533860757245,0.5131213150927679,0.10023207098295661
1406,0.6727702975843397,0.6678883535863913,0.00488194399794839,0.6049094503792836,0.5254002413274761,0.07950920905180747,0.674324565784546,0.6726953944806977,0.0016291713038483202,0.6097426793362093,0.5317627854334916,0.07797989390271765
1407,0.6679219685628742,0.6493469661508584,0.018575002412015817,0.622261394301905,0.5289746564575701,0.09328673784433483,0.6703761449471795,0.6550179476846028,0.0153581972625767,0.6258121199457447,0.5365604923737154,0.08925162757202931
1408,0.6659076708873217,0.6464815358795839,0.01942613500773782,0.6079472793881973,0.5213553172935347,0.08659196209466258,0.6685800969570876,0.6521340842010216,0.016446012756066053,0.6126308460238394,0.5300601501315697,0.08257069589226973
1409,0.6740596680781406,0.6524944598427498,0.021565208235390765,0.6275294343558644,0.5309834977608134,0.09654593659505095,0.6762862254153652,0.6576193113174029,0.018666914097962284,0.6296874983150687,0.5384488861465181,0.09123861216855056
1410,0.6804480896119967,0.6381780082426128,0.042270081369383816,0.6023540060803851,0.486975833516335,0.11537817256405014,0.6827128216315583,0.6426169087024969,0.04009591292906145,0.6051880622300594,0.49250451153701313,0.11268355069304625
1411,0.677489091840433,0.6399270547242328,0.03756203711620021,0.6122004770199326,0.4975637981693418,0.11463667885059081,0.6801564172234664,0.6452812003359725,0.034875216887493954,0.6171662754314313,0.5055302167045008,0.1116360587269305
1412,0.6678097539086065,0.6618637834657252,0.005945970442881365,0.5997064851109537,0.5122127672406007,0.08749371787035298,0.6702981220784159,0.6669159937643714,0.003382128314044497,0.6045077264085896,0.5194410975336415,0.08506662887494809
1413,0.6626577998850145,0.6410449343360203,0.02161286554899422,0.6089296069636891,0.5160828909754813,0.09284671598820782,0.664727022131285,0.6448282930102187,0.019898729121066272,0.6134301154358024,0.522327850602291,0.09110226483351136
1414,0.6582873156746853,0.6436142305461605,0.014673085128524832,0.60420569831128,0.5122917605767949,0.09191393773448508,0.659879931471677,0.6500578644878667,0.009822066983810274,0.6089520151680095,0.5206893660181495,0.08826264914985993
1415,0.6616845879272799,0.668202200898791,-0.0065176129715111,0.608893080413151,0.5444584108264315,0.0644346695867195,0.663741972447304,0.6742649736498822,-0.010523001202578208,0.6126529598064041,0.5528448739455611,0.05980808586084296
1416,0.6534529810945768,0.6325735424898677,0.02087943860470909,0.592243817793609,0.5066093534569003,0.08563446433670874,0.6540245700952563,0.6368545150334215,0.017170055061834777,0.5952641303764646,0.5140586919137833,0.08120543846268136
1417,0.673423754630665,0.6277792231584067,0.04564453147225822,0.6032427439754919,0.4925852350435519,0.11065750893194004,0.6760240761429918,0.6312544393533888,0.044769636789602996,0.6053877548276472,0.4979276764819226,0.10746007834572457
1418,0.6627102764745968,0.6394738458091025,0.0232364306654943,0.5996770013566088,0.5096961764686754,0.08998082488793346,0.6658544327096899,0.6452315284043615,0.020622904305328427,0.6058792428023891,0.5180900814915298,0.08778916131085934
1419,0.6672732485289158,0.6435633515163615,0.023709897012554326,0.611805694460091,0.5203820960613483,0.0914235983987427,0.6707051043876835,0.6491136152288095,0.02159148915887399,0.6155095424823006,0.5281961551349317,0.08731338734736893
1420,0.6827236541066655,0.6413677211540256,0.04135593295263984,0.6199200007942367,0.4990947494110976,0.1208252513831391,0.6844766835401626,0.6452480011779129,0.039228682362249634,0.623139343439843,0.5043542741586312,0.1187850692812118
1421,0.6878434892382158,0.6582201493312944,0.029623339906921453,0.6190879814633574,0.5067824767400553,0.11230550472330214,0.6905321249936156,0.6640859791406312,0.026446145852984437,0.6241855692070553,0.5143820022064376,0.10980356700061766
1422,0.670415515642345,0.6433800499762152,0.0270354656661298,0.6112777615038103,0.5198782926654344,0.09139946883837591,0.6732424278844307,0.6499649119263272,0.023277515958103456,0.6149610077505216,0.5285749322912103,0.08638607545931132
1423,0.680013035109966,0.6334024937348597,0.04661054137510634,0.6223346445618707,0.4968434900659861,0.1254911544958846,0.6835549555654468,0.637308558898317,0.04624639666712982,0.6271942004753126,0.5028944473818623,0.12429975309345032
1424,0.6476803500011333,0.6445492901666313,0.0031310598345020146,0.5902407508971506,0.5193459128358118,0.07089483806133878,0.6491715585115727,0.6496775984044816,-0.0005060398929088716,0.592764420192808,0.5265893109428501,0.06617510924995784
1425,0.6781431085098973,0.6489888775455795,0.029154230964317795,0.6243507765015878,0.524951903516882,0.09939887298470573,0.6810013677239328,0.6535147228009547,0.027486644922978143,0.6290163580497734,0.5313316742471337,0.09768468380263973
1426,0.6578079013548452,0.6289301502080274,0.028877751146817787,0.5933770123776441,0.49769264332758306,0.095684369050061,0.65991642934212,0.6353797806634962,0.024536648678623818,0.5964008389237057,0.5060416637387184,0.09035917518498726
1427,0.6765428835216565,0.6190003896677347,0.05754249385392174,0.623737123994961,0.48252937481462355,0.1412077491803374,0.6808691993287304,0.6229984840392674,0.05787071528946297,0.6289896243537065,0.4889793908439422,0.14001023350976433
1428,0.6571630757736702,0.6391285778440585,0.018034497929611648,0.6079850035478631,0.5201199752113944,0.0878650283364687,0.6589646242066816,0.6435153103100248,0.015449313896656713,0.6108329381419356,0.5271665548132038,0.08366638332873177
1429,0.6832241087012084,0.6346974150713187,0.048526693629889706,0.6343141635196741,0.5012886749049118,0.13302548861476227,0.6855806811144133,0.6379655026870534,0.04761517842735985,0.6380147362865598,0.5065891066494892,0.1314256296370706
1430,0.6618156116170695,0.633742977981966,0.028072633635103483,0.6016881802444876,0.5041274408722753,0.09756073937221221,0.663717800190388,0.6389618900607552,0.02475591012963274,0.6037293037068946,0.5108841970572414,0.09284510664965318
1431,0.6862371552199064,0.6419909626064579,0.04424619261344842,0.6241846169744876,0.4907266227048054,0.1334579942696822,0.6879302644757813,0.6474062415747371,0.04052402290104418,0.6268823208153756,0.4980617525720092,0.12882056824336646
1432,0.6572822497884875,0.6382736120468149,0.019008637741672607,0.6050331448556805,0.5097158918382139,0.09531725301746663,0.6585699051533518,0.6441871606887424,0.01438274446460941,0.609692942135265,0.5172278148290471,0.09246512730621792
1433,0.6652163402015212,0.6495912760742647,0.015625064127256505,0.605967555540226,0.5266209922568705,0.07934656328335543,0.6673437889973722,0.6546955419877085,0.012648247009663716,0.6095868590815376,0.5350849941674005,0.07450186491413713
1434,0.6589556119614671,0.6498857625117157,0.009069849449751421,0.6124783474719727,0.5351793832979619,0.07729896417401083,0.661864393982281,0.6562898444300551,0.005574549552225916,0.6165490728090991,0.5437225481683755,0.07282652464072359
1435,0.6808020717338426,0.6435430414331216,0.037259030300720974,0.6157867775641142,0.5182563852611642,0.09753039230294991,0.6836505906749905,0.6469925854865208,0.03665800518846962,0.6190705004941008,0.524515131509401,0.09455536898469985
1436,0.6790437562271466,0.6427586539353107,0.0362851022918359,0.606029357703237,0.5035487496703847,0.1024806080328523,0.6814767547402913,0.646204965033627,0.035271789706664336,0.609295177615214,0.509116367421481,0.10017881019373298
1437,0.6861210006590441,0.6394388128423454,0.04668218781669875,0.6408569005377671,0.513315333654964,0.12754156688280316,0.6901620903658687,0.6442912918497724,0.04587079851609632,0.6448435801969397,0.5199222282405769,0.12492135195636278
1438,0.6632293553623898,0.6465465142209523,0.016682841141437477,0.6071603981518934,0.5133124999499493,0.09384789820194406,0.6646157913890125,0.6515223496089787,0.013093441780033799,0.6104037404367026,0.5209207975323529,0.08948294290434977
1439,0.6703897302888246,0.640163633825195,0.030226096463629615,0.6057158719347333,0.49986426984517807,0.10585160208955524,0.6730074171911882,0.6450823124366716,0.027925104754516594,0.6106418561938467,0.5067125050589196,0.10392935113492707
1440,0.6645763638063227,0.654339792000048,0.010236571806274686,0.6010526965808116,0.5134898425875365,0.08756285399327512,0.6670481289602824,0.6596491243145142,0.007399004645768259,0.606169972770824,0.5203255110753116,0.08584446169551241
1441,0.6870614413779345,0.6484669520279258,0.03859448935000864,0.6214426997970818,0.5036071679059344,0.11783553189114737,0.6888443451608002,0.6526833010286709,0.03616104413212928,0.623710808803474,0.5094095998226532,0.11430120898082075
1442,0.6667340886295922,0.6385361951811797,0.028197893448412503,0.5958200036819042,0.49994648628489685,0.09587351739700739,0.668370931772183,0.6414238699337531,0.026947061838429875,0.5981041855675231,0.5049260610377339,0.09317812452978924
1443,0.6775234953509736,0.6292561441322334,0.04826735121874015,0.6299898416382682,0.5057070045252365,0.12428283711303167,0.6811062348106046,0.6333371891248292,0.047769045685775446,0.6342561937104259,0.5110040376834316,0.12325215602699424
1444,0.6538588734177587,0.6351949323269868,0.018663941090771963,0.5852835657651674,0.5076188964767352,0.07766466928843219,0.6558923434758228,0.640225991951556,0.015666351524266764,0.5888718580802363,0.514454948419496,0.07441690966074033
1445,0.6600719763846118,0.632126993558387,0.027944982826224818,0.5964504341814665,0.48965555016236684,0.10679488401909965,0.662321836760783,0.6377501698344419,0.024571666926341162,0.6019338773233509,0.497113145682995,0.10482073164035594
1446,0.6835385796001852,0.6605851522136182,0.022953427386566916,0.6256806742603205,0.5240546835266502,0.10162599073367029,0.6873449379579131,0.665768375393037,0.021576562564876056,0.6307906952527774,0.5314091050501412,0.09938159020263626
1447,0.6698465725919598,0.644521336339941,0.025325236252018768,0.6267953403557974,0.5201578157976519,0.10663752455814557,0.6733287467209716,0.6494467705888252,0.023881976132146487,0.6312391222270903,0.5263880316464546,0.10485109058063569
1448,0.6757448108746129,0.6498506236925164,0.025894187182096462,0.6093800386174367,0.5029579684878435,0.10642207012959326,0.6778183400689144,0.6548121974491767,0.023006142619737657,0.6124895691976888,0.509499634925419,0.10298993427226977
1449,0.6624368388905855,0.6365587309078939,0.025878107982691523,0.5911840465254639,0.4926460253517334,0.09853802117373045,0.6630007807195908,0.6402927057656698,0.02270807495392102,0.595160518315071,0.5001107984687947,0.0950497198462763
1450,0.6869858853049098,0.6511185739134852,0.03586731139142463,0.6122680080594755,0.5006547112849948,0.11161329677448062,0.6901037961551664,0.6545555332045369,0.03554826295062952,0.6173171560166185,0.5072836865590866,0.1100334694575319
1451,0.6643655230829393,0.6400708110757823,0.024294712007156938,0.5963787754430097,0.5020725351794526,0.09430624026355705,0.6664195710449407,0.6453763581177068,0.02104321292723388,0.6008640680912636,0.5090153885740007,0.09184867951726283
1452,0.6785532773915499,0.6534354899566194,0.02511778743493054,0.6266054921806532,0.5145530731507355,0.1120524190299177,0.6804477429434662,0.6581005570654921,0.02234718587797413,0.6309435132940457,0.5214654011954283,0.10947811209861746
1453,0.6941568135007244,0.6540627785602917,0.04009403494043273,0.6359624868534673,0.5124631680618308,0.12349931879163656,0.6991018176357832,0.6600861065234604,0.039015711112322715,0.6419055745560723,0.5190730392438982,0.12283253531217408
1454,0.6931397949689788,0.6454729357239823,0.04766685924499647,0.6332092787324615,0.5012644799675554,0.13194479876490606,0.6970272280287939,0.6501664635901208,0.04686076443867315,0.6364238691206232,0.5066468859550544,0.12977698316556885
1455,0.6732988256609249,0.6571530758052593,0.016145749855665636,0.6368203343104174,0.5354774725180558,0.10134286179236163,0.6763624184948308,0.6613897867675528,0.01497263172727803,0.6408139957179257,0.5409769500289671,0.09983704568895868
1456,0.6671595587511081,0.6390824633113366,0.02807709543977155,0.5948294290636632,0.49532434908952494,0.09950507997413827,0.6694450203431572,0.6442454884679696,0.025199531875187642,0.5965860472554887,0.5013585678468279,0.09522747940866083
1457,0.6565888841027259,0.6482605398387401,0.008328344263985765,0.6174444040626486,0.5326606056825649,0.08478379838008365,0.6609061491621734,0.6527603747221199,0.008145774440053488,0.6238083678195343,0.5402602104593384,0.08354815736019594
1458,0.6584844674207148,0.6501604089321671,0.00832405848854767,0.5943125011017416,0.5211958657409843,0.0731166353607573,0.6610213037602741,0.6536652822736413,0.0073560214866328355,0.5987655822332347,0.5284497685690417,0.07031581366419304
1459,0.6758465311057951,0.6417211694551017,0.03412536165069335,0.6101658519436489,0.4992325211298921,0.11093333081375684,0.6788664607335303,0.6467709390204064,0.03209552171312391,0.6153820262910481,0.5054545341716092,0.10992749211943886
1460,0.6733507793491479,0.656113928499809,0.017236850849338903,0.622759964043251,0.5265656335886097,0.09619433045464121,0.6771674891097752,0.6616154902565402,0.015551998853234994,0.6273384712055771,0.5323435650505297,0.09499490615504735
1461,0.6774853868535637,0.6413216400593584,0.03616374679420531,0.6132644757327554,0.49413612392670136,0.11912835180605408,0.6794016757465033,0.6470137505585725,0.03238792518793088,0.6169593107222365,0.5011018773540575,0.115857433368179
1462,0.6563693859311139,0.638424002762267,0.017945383168846973,0.6209230772543364,0.5303474798459141,0.09057559740842225,0.6591370308680444,0.6432665246167578,0.01587050625128661,0.6246235121343544,0.537259101873323,0.08736441026103137
1463,0.6924974782839911,0.6500764007422128,0.04242107754177826,0.662068048963742,0.5457790472415531,0.11628900172218892,0.6982488486496694,0.6561887794101017,0.04206006923956773,0.6652736029330417,0.5512101025065672,0.1140635004264745
1464,0.6791276488658604,0.6429942410728609,0.03613340779299956,0.5927598092740258,0.4789229878980068,0.11383682137601903,0.681010337708817,0.6468767828121305,0.03413355489668657,0.5973394260354503,0.48496585872367015,0.11237356731178016
1465,0.6666442021685375,0.649711337835524,0.016932864333013442,0.5886477993140595,0.5020888297959005,0.086558969518159,0.6661917989159072,0.6537608946944884,0.012430904221418793,0.5899776566132838,0.5096116771800132,0.08036597943327062
1466,0.669791792252582,0.6465254989642587,0.023266293288323303,0.6224378203986742,0.5208543240850295,0.10158349631364472,0.671886773921651,0.6531235911951072,0.01876318272654376,0.6254884545120718,0.5302400825935973,0.09524837191847446
1467,0.6823475066679745,0.6561610039283794,0.026186502739595108,0.6463210808172716,0.5279960468471396,0.11832503397013194,0.6865760928430149,0.6629695224620993,0.023606570380915626,0.6505608705911212,0.5356187460511003,0.11494212454002095
1468,0.6645653080166122,0.6379997355194438,0.0265655724971684,0.6076821802765361,0.5052367424729185,0.10244543780361759,0.6658552890836096,0.6421220835613991,0.023733205522210477,0.6113380700979807,0.5124099660040649,0.09892810409391584
1469,0.669413069503714,0.6647025549373045,0.004710514566409585,0.6241981712273994,0.5416245305117267,0.08257364071567275,0.6703741861239871,0.6698647504360452,0.0005094356879419282,0.6271110690328826,0.5484100560685436,0.07870101296433896
1470,0.6746223412498721,0.6479553039077451,0.026667037342126942,0.6368765430968161,0.5283897699551408,0.10848677314167532,0.6766859812006307,0.6512091980964857,0.02547678310414503,0.6400987694487814,0.5326318679301203,0.10746690151866112
1471,0.6590875188160257,0.6521584602688282,0.0069290585471974975,0.6001054731270106,0.5247501713811434,0.07535530174586713,0.6607577691964086,0.6559559259066583,0.004801843289750307,0.6038612158134689,0.5304740658952919,0.07338714991817696
1472,0.6814185859169648,0.6531104027456693,0.028308183171295465,0.6157985596354117,0.5015182330290867,0.11428032660632503,0.6833483138133993,0.6582137186913005,0.025134595122098813,0.6193074292977425,0.5078228537045469,0.11148457559319558
1473,0.6797469397956861,0.6484999869377216,0.031246952857964527,0.6129847582107311,0.49928237688907834,0.11370238132165272,0.6820767554739273,0.6520024858085359,0.030074269665391395,0.6176869757310479,0.5038644268729955,0.11382254885805243
1474,0.6665195569401177,0.6287607050765982,0.03775885186351946,0.6167004150380395,0.5043312508059365,0.11236916423210297,0.6684403068094414,0.6344161023534058,0.0340242044560356,0.6187397395604364,0.512013391367856,0.10672634819258042
1475,0.6849501482845277,0.6603963723347354,0.024553775949792356,0.626229305047969,0.5233376064706348,0.10289169857733427,0.6874680655334253,0.6663032355133662,0.02116483002005909,0.629549683808323,0.5302801762283759,0.09926950757994712
1476,0.6719783014727497,0.6453876937147799,0.026590607757969842,0.634554741885007,0.5246648179767026,0.10988992390830443,0.6754950543949243,0.6490668956685831,0.02642815872634119,0.6388060309644867,0.5298784632595317,0.10892756770495504
1477,0.6627330157646705,0.630337354972911,0.032395660791759484,0.5976785348654665,0.48783473716751935,0.10984379769794717,0.6640129895931163,0.6341057034417165,0.029907286151399814,0.6003597922392667,0.4926893804573921,0.10767041178187464
1478,0.6755899295279457,0.6370119091450852,0.03857802038286051,0.6024212505707471,0.4935582263860241,0.10886302418472305,0.6779660311854794,0.6411742918686165,0.03679173931686286,0.6056133578706009,0.49837680308961996,0.10723655478098093
1479,0.6601900245192928,0.6466056715040455,0.013584353015247297,0.6159412469041917,0.5212876842227939,0.0946535626813978,0.6626372424344628,0.6523217865704067,0.010315455864056022,0.6202215199047952,0.5308946175883192,0.089326902316476
1480,0.6769744016549333,0.6536254022111369,0.023348999443796425,0.6370646623271747,0.537490506025162,0.09957415630201272,0.6785925284824454,0.6570582270141723,0.021534301468273176,0.6397836398693002,0.5432457714070422,0.09653786846225798
1481,0.6715660330259923,0.6327764834759445,0.038789549550047764,0.6023910964092918,0.48792264443894584,0.11446845197034594,0.6742594917472808,0.6355411085367542,0.038718383210526675,0.6062824693537835,0.49377349989512653,0.11250896945865696
1482,0.6748082641670833,0.6517134571327408,0.023094807034342524,0.6289853571623127,0.5299927710036233,0.09899258615868944,0.6768404165398093,0.656449581729062,0.020390834810747327,0.6315096899835961,0.5369881908528752,0.09452149913072094
1483,0.6877501673960819,0.6510277007348257,0.036722466661256115,0.6454147700820918,0.518090883712054,0.12732388637003778,0.6902902672138054,0.6565850923837151,0.03370517483009028,0.6485479784083656,0.525944827630506,0.12260315077785966
1484,0.6805903679322456,0.6499763714761819,0.030613996456063663,0.6192269934460859,0.519179577343275,0.10004741610281087,0.6825498322263637,0.6559197036904094,0.026630128535954256,0.6215043942804567,0.5256381630003162,0.09586623128014049
1485,0.6679162188234762,0.6575507836969018,0.010365435126574396,0.6190367886648707,0.5184844925166172,0.10055229614825345,0.6699261226803747,0.6631523559730697,0.006773766707305007,0.6237205470096081,0.5246662380901133,0.09905430891949485
1486,0.6627776686329974,0.6426035628563448,0.020174105776652573,0.620722161608287,0.5279888373190779,0.09273332428920911,0.6643108740367418,0.6467333827133033,0.017577491323438554,0.6218522301723429,0.533382591936677,0.08846963823566589
1487,0.6774701801629822,0.6644699654038255,0.013000214759156692,0.6374985497907275,0.5342764085396248,0.10322214125110274,0.6814771754432145,0.6686600148984361,0.012817160544778439,0.6428572134750089,0.539437191115508,0.10342002235950087
1488,0.6862505640012871,0.6410811805387251,0.04516938346256205,0.6424399605687593,0.5157086658552903,0.126731294713469,0.6893276968564838,0.6467484330332414,0.0425792638232424,0.6466077985317993,0.5222908617509756,0.12431693678082367
1489,0.6660360588088164,0.6453691435141025,0.020666915294713983,0.6019147692991128,0.5134619682281077,0.08845280107100506,0.6673466983528467,0.6497211201743636,0.017625578178483092,0.6064558403829423,0.5201980902410743,0.08625775014186798
1490,0.6598978705998654,0.6535586274767347,0.006339243123130722,0.5938507610049479,0.5031119252933067,0.09073883571164121,0.6600009706327321,0.6587772986626663,0.0012236719700657872,0.5991599980042501,0.5111760604757156,0.0879839375285345
1491,0.6753453043436286,0.6209970456665672,0.05434825867706139,0.6041153187827507,0.48275283482957304,0.12136248395317767,0.6775635237354514,0.6264931465233947,0.05107037721205665,0.6083508055916348,0.4919657552527426,0.11638505033889218
1492,0.6591625627832904,0.6307413695945118,0.02842119318877867,0.5907911485438,0.49521516064769516,0.09557598789610483,0.6619845045709344,0.6356412766675101,0.02634322790342425,0.5948955493033121,0.50180926014153,0.09308628916178208
1493,0.6537535220906424,0.646677612458443,0.007075909632199395,0.6000732828369555,0.5296095199145661,0.07046376292238943,0.6555418179667923,0.6509675774182784,0.004574240548513964,0.6027258726423523,0.5354560375648417,0.06726983507751061
1494,0.6671415831079526,0.6262942488049628,0.04084733430298981,0.6009372851191845,0.48391566384565676,0.11702162127352778,0.6684179479799934,0.6304620623278316,0.03795588565216179,0.604373284195465,0.4901991141383709,0.11417417005709407
1495,0.6591129050075877,0.6416619271952648,0.017450977812322854,0.5878093537215587,0.49105405383692013,0.0967552998846386,0.6610362778664818,0.6470551404272722,0.01398113743920959,0.5919945293588164,0.4989211113577307,0.09307341800108565
1496,0.6613815417066734,0.6286258531318215,0.03275568857485189,0.5946729270904998,0.49981273947838156,0.09486018761211823,0.6639505054105959,0.6338807728268683,0.030069732583727582,0.5994089793975834,0.5075408523616365,0.09186812703594693
1497,0.6850490349557468,0.643190734365017,0.04185830059072981,0.626728111656664,0.5047839024014149,0.12194420925524907,0.6878004359757476,0.6472404095194835,0.04056002645626411,0.6306749453552929,0.5107686861796079,0.11990625917568498
1498,0.6637410395837993,0.6298408709128093,0.033900168670989994,0.6004574812602232,0.49933884784307764,0.10111863341714561,0.6658146173270764,0.6343565296267846,0.03145808770029179,0.6038989882102113,0.5059735528908317,0.09792543531937958
1499,0.6750375926318197,0.6594242776292774,0.015613315002542372,0.63857027751199,0.5475515367794663,0.0910187407325237,0.6776510200053478,0.6642657113257098,0.013385308679638053,0.6420190759167376,0.5539928703735237,0.08802620554321383
1500,0.6641292455029667,0.6246922372192875,0.03943700828367924,0.6051896036387662,0.49896399347806203,0.10622561016070414,0.6647964422965768,0.6287040933979583,0.036092348898618454,0.6079503980472576,0.5052682603095668,0.10268213773769075
1501,0.6777263888645435,0.6472077851610362,0.03051860370350734,0.6138653464366418,0.5053553828398731,0.10850996359676868,0.6801259811776448,0.6514070728327064,0.0287189083449384,0.6169520223035128,0.5105096010070528,0.10644242129645998
1502,0.6584203813109122,0.6496958881293404,0.008724493181571757,0.6038377392058227,0.5179049666227955,0.08593277258302723,0.660576285134631,0.6547540272382442,0.0058222578963867955,0.6067760604948795,0.524874052259263,0.08190200823561655
1503,0.6814873455943877,0.6568797133215194,0.02460763227286833,0.6224418932440567,0.5118036462774226,0.11063824696663416,0.684959791424629,0.6641539687527558,0.020805822671873253,0.6283605692005075,0.5206506021743932,0.10770996702611435
1504,0.6794109669257042,0.6515735652398709,0.027837401685833374,0.6289950933708248,0.5221945364681145,0.10680055690271029,0.6818096121289242,0.6555993767696197,0.026210235359304557,0.6328604673451663,0.5286208027622954,0.10423966458287093
1505,0.6790507717267971,0.6586651504363434,0.020385621290453626,0.6170316489926652,0.5205100279526738,0.0965216210399914,0.6806667657003193,0.6623282062559158,0.018338559444403435,0.6205214000386774,0.5265465181077319,0.0939748819309455
1506,0.6676011372531007,0.6372758472739586,0.030325289979142078,0.6115849185642523,0.5098033254378831,0.10178159312636925,0.6700464286270325,0.6426802697235114,0.02736615890352101,0.6140056851074575,0.5176675635394294,0.09633812156802801
1507,0.6830799517222301,0.6448113289389983,0.03826862278323184,0.6371459204226406,0.5161157320329068,0.12103018838973378,0.6862687848512384,0.6508747632425108,0.03539402160872762,0.6419385875969301,0.5233237372600585,0.11861485033687158
1508,0.651061339844593,0.6456585726914335,0.005402767153159571,0.5809249672598498,0.5006213525122201,0.0803036147476297,0.6514430034681322,0.6510200003979965,0.00042300307013576344,0.5831658263532257,0.5074469386551772,0.07571888769804846
1509,0.6734858830229402,0.6751633535499405,-0.001677470527000291,0.6257929145742491,0.5452914992361615,0.08050141533808763,0.6758372680941171,0.6805745386064546,-0.00473727051233741,0.6289144183984872,0.5518458905060191,0.0770685278924681
1510,0.6805412805134478,0.6435949752239558,0.03694630528949194,0.6308123608238094,0.5228981737476608,0.10791418707614864,0.6834014661766369,0.648390952420715,0.0350105137559219,0.6340003896823758,0.5284741474818926,0.10552624220048323
1511,0.6710016993648137,0.6472050784985295,0.0237966208662842,0.6282574419129401,0.5266334784970592,0.10162396341588087,0.6730100351692767,0.6510146959386849,0.021995339230591826,0.6324152494406003,0.5329656640485704,0.09944958539202997
1512,0.6832366089985292,0.6459209996760101,0.037315609322519094,0.6346308370645799,0.5186207192581143,0.11601011780646564,0.684956588477796,0.6497558251581312,0.03520076331966471,0.6361468436920547,0.5241505207874403,0.11199632290461436
1513,0.6620178574935307,0.6544978498639845,0.007520007629546188,0.6176506551537233,0.5378806756875436,0.0797699794661797,0.6640432662153956,0.66072042546342,0.003322840751975531,0.6217284371513249,0.5469019190103632,0.07482651814096164
1514,0.6724080155485558,0.6452290913965065,0.027178924152049255,0.626600753721791,0.5142516445841725,0.11234910913761853,0.6749438465548446,0.6518776956008847,0.02306615095395992,0.6305420562938224,0.5212488126679646,0.1092932436258578
1515,0.6688977108722924,0.6491841566851342,0.019713554187158255,0.6222715883085417,0.5265187167908492,0.09575287151769252,0.6703091453888712,0.6537304786762047,0.0165786667126665,0.6249569018664619,0.5330365220728713,0.09192037979359058
1516,0.6535155346357127,0.6554294562454799,-0.0019139216097672218,0.6231691363996282,0.5535449916118642,0.06962414478776402,0.6552149488852288,0.6603498023029958,-0.0051348534177669825,0.6253562550353975,0.5597374604638635,0.06561879457153397
1517,0.6691031385494574,0.6483743948847871,0.020728743664670257,0.6122619451610227,0.5090597225845046,0.10320222257651812,0.6707736215115827,0.6543020950365385,0.01647152647504424,0.6143928937080738,0.5171319030709239,0.09726099063714988
1518,0.6855274183036961,0.6548714606623554,0.03065595764134077,0.6114802902529068,0.4994002858960322,0.11208000435687465,0.6877195616885645,0.6603463148580956,0.027373246830468934,0.6162330818128918,0.5073300461362634,0.1089030356766284
1519,0.6731932862263708,0.6409067779210916,0.03228650830527913,0.6105480902583604,0.5025107119330519,0.10803737832530858,0.6754049539805798,0.6459507493036201,0.029454204676959694,0.6137765153442726,0.5093072083245184,0.10446930701975421
1520,0.6494730853073363,0.6354100098048237,0.014063075502512623,0.5925300393373736,0.5146932174408251,0.0778368218965485,0.6503751209016534,0.641198921687903,0.009176199213750347,0.5962499192049622,0.5223651008981396,0.07388481830682259
1521,0.6566906953940345,0.641058955986948,0.01563173940708651,0.6008753198633583,0.506775339743645,0.09409998011971332,0.6584966191416296,0.6465849304962221,0.011911688645407481,0.6059833193905617,0.5154618919067643,0.09052142748379743
1522,0.6831950996260119,0.6593786280104591,0.02381647161555278,0.6169563177499393,0.5192471283761269,0.09770918937381246,0.6847245289264348,0.6630769053654825,0.02164762356095229,0.6192324455564786,0.5253488305224564,0.0938836150340222
1523,0.6580292333609492,0.6373330403106461,0.020696193050303124,0.5917954143823925,0.49920041600121856,0.09259499838117391,0.659045463950729,0.6444497090088159,0.01459575494191312,0.5954479307163711,0.5087656437480765,0.08668228696829461
1524,0.6586402834803021,0.6219403355697682,0.03669994791053388,0.5901514870890909,0.49082343097343756,0.09932805611565337,0.6600116627488196,0.6264021415135665,0.03360952123525307,0.593863981921153,0.4995428115569238,0.09432117036422916
1525,0.6638289955272579,0.6550173887707085,0.008811606756549462,0.626634966926614,0.5408327272096773,0.08580223971693668,0.6662638673394885,0.6599566491511684,0.006307218188320141,0.6302965823404615,0.5470986816326407,0.08319790070782074
1526,0.6681836620842458,0.6564190767328852,0.011764585351360601,0.6181538509020152,0.5289476702793987,0.08920618062261654,0.6701132656887703,0.6615141608557438,0.008599104833026505,0.62248276153409,0.5352821353713058,0.08720062616278423
1527,0.6650221602480453,0.6385145307701461,0.026507629477899197,0.5886755810777166,0.5003174507950484,0.08835813028266815,0.6665707896803896,0.6424138139681048,0.02415697571228481,0.5937032701240024,0.5074767766309514,0.086226493493051
1528,0.6812415151195077,0.6441647211083067,0.03707679401120101,0.6347214531826137,0.520053685272325,0.11466776791028876,0.6844765757441822,0.6498057428946188,0.034670832849563404,0.6372032392336413,0.5260501954735769,0.11115304376006441
1529,0.6613324239620135,0.641775026899843,0.019557397062170523,0.5841871742250688,0.49506511844270124,0.08912205578236759,0.6627767272346698,0.6466358235583565,0.01614090367631338,0.5875135830252728,0.5013944261528858,0.08611915687238703
1530,0.6817977232000396,0.6711865510935453,0.010611172106494315,0.6268964250592229,0.5383947640182576,0.08850166104096535,0.6841525295255036,0.6760396963981496,0.008112833127354002,0.6311127340821424,0.5458533660711611,0.08525936801098133
1531,0.689986902725879,0.6602140051419433,0.029772897583935753,0.644030204679742,0.5322492019942424,0.11178100268549962,0.6927494588639503,0.6661305961986724,0.02661886266527791,0.647159282363173,0.5390136650510653,0.1081456173121077
1532,0.6668306850739686,0.6298356592700095,0.03699502580395908,0.6146815251286981,0.49630293783848073,0.11837858729021739,0.6695891271180299,0.6346909856235055,0.034898141494524415,0.6199109244717813,0.5048267085024032,0.11508421596937812
1533,0.6650411894317823,0.6492745736392037,0.015766615792578542,0.6144551836079772,0.5261590988586174,0.0882960847493598,0.6681701934926123,0.6547154202246831,0.01345477326792921,0.6183922532179382,0.5340573717018071,0.08433488151613111
1534,0.672117822625851,0.6458902199297869,0.026227602696064056,0.6114474505556116,0.5059917215136129,0.10545572904199862,0.6756972357446049,0.6512025200006286,0.024494715743976325,0.6178357776080136,0.5135113032331817,0.10432447437483183
1535,0.6666403168404351,0.6323021773409829,0.03433813949945219,0.6122804462923477,0.5028437037538768,0.10943674253847091,0.6690758011663005,0.6385696605344031,0.030506140631897383,0.6145803021236544,0.5098431534946555,0.10473714862899897
1536,0.6474185495751539,0.6106161019613059,0.03680244761384799,0.5926228696194484,0.4899611853273441,0.10266168429210432,0.6500448266667287,0.6147272187459565,0.03531760792077221,0.59647513101587,0.4954818253656158,0.10099330565025422
1537,0.6776970141657332,0.6445944055282755,0.03310260863745773,0.6385112246177456,0.521867606915766,0.11664361770197962,0.6812531196915659,0.649363694409042,0.03188942528252392,0.6426063138309697,0.5287769376020393,0.11382937622893041
1538,0.6740125723868412,0.642014376847979,0.031998195538862184,0.6164268452837027,0.5059378831867645,0.11048896209693826,0.6774773162133996,0.6481027918729684,0.029374524340431196,0.6203113601311128,0.5134436920228034,0.10686766810830939
1539,0.6751609380076782,0.641812786765574,0.03334815124210422,0.61712511993322,0.5202415611742928,0.09688355875892718,0.6775266566009066,0.6453034963779267,0.032223160222979885,0.6208263292271569,0.5264073619684966,0.09441896725866028
1540,0.6713835372964825,0.6354226794023289,0.0359608578941536,0.6276984719863254,0.5202222631345906,0.10747620885173481,0.6740159841128812,0.6408963297773018,0.033119654335579396,0.6312218234886827,0.5285499256786399,0.10267189781004282
1541,0.6764747755569783,0.6455508976259176,0.030923877931060773,0.6201826450695436,0.5208182058737505,0.09936443919579308,0.6792201839722991,0.6511472133843654,0.028072970587933677,0.6241959139194877,0.5281758506860967,0.09602006323339096
1542,0.6844177922456112,0.6659801098598509,0.018437682385760268,0.6276042496529619,0.5318088309020221,0.09579541875093978,0.6873630576095364,0.6710041565364222,0.016358901073114218,0.6321141337993899,0.5383530347172647,0.09376109908212515
1543,0.6664392230840596,0.6340533624265259,0.03238586065753368,0.6080581281332984,0.5004992323644462,0.10755889576885225,0.6695532680673142,0.6396995802392212,0.029853687828092945,0.6123399084727075,0.5074120608893516,0.10492784758335583
1544,0.6591191444170319,0.6465568364678997,0.012562307949132157,0.5943732403707234,0.5117004464626117,0.08267279390811166,0.6600656126246767,0.6509157354193446,0.009149877205332113,0.5979116228712036,0.5195153202902802,0.07839630258092334
1545,0.6706324361509384,0.6451057500838825,0.02552668606705588,0.6206121978829913,0.524806553011512,0.09580564487147925,0.6728784935028432,0.6491941858829007,0.023684307619942557,0.6241681821296712,0.5304235762311165,0.09374460589855471
1546,0.6672974745490337,0.6533842389245829,0.013913235624450793,0.6162599336435506,0.5281794342376172,0.08808049940593343,0.6691954399443368,0.6570721206107599,0.01212331933357691,0.619532360375425,0.5339641302324846,0.08556823014294046
1547,0.671774315729833,0.650204840734116,0.021569474995717042,0.6037434524625276,0.5163914351429053,0.08735201731962228,0.6747806759668998,0.6569968295587263,0.017783846408173543,0.6080290301054174,0.5249957380075845,0.08303329209783294
1548,0.6639841856387776,0.6366561847598973,0.02732800087888032,0.5998651846269714,0.5022679467523448,0.0975972378746266,0.666710779576174,0.6418245980203798,0.02488618155579414,0.6028483789587514,0.509320739128406,0.0935276398303454
1549,0.640964283575628,0.6347948487380027,0.006169434837625221,0.5976791385496797,0.5216015780079062,0.0760775605417735,0.6413353651012292,0.639444129599355,0.0018912355018742,0.6012552219351899,0.5295506886449368,0.07170453329025306
1550,0.6776730152059258,0.649374809069992,0.028298206135933812,0.6253368730270071,0.5089868173103606,0.11635005571664658,0.6801673628346226,0.6551003842492467,0.025066978585375987,0.6293892011053676,0.5159416168907665,0.1134475842146011
1551,0.679295575460416,0.6497446250627832,0.02955095039763278,0.6297730190708601,0.5153204122358612,0.11445260683499892,0.6827147097863691,0.6545735763435807,0.028141133442788346,0.634285553078651,0.5220407425965377,0.11224481048211332
1552,0.6400477839256024,0.6261377927124163,0.013909991213186035,0.5910059824505796,0.5155373779135205,0.07546860453705906,0.6415755958014467,0.6307982548988689,0.01077734090257787,0.5952037341813451,0.522956026917097,0.07224770726424812
1553,0.6639555127053337,0.6453267207965502,0.018628791908783526,0.5894345037985853,0.4980819659709428,0.09135253782764252,0.6653318360796387,0.6502942082157588,0.015037627863879965,0.5937202108213171,0.505286922664905,0.08843328815641205
1554,0.6574056194766462,0.6388891491084282,0.01851647036821802,0.5879922558878327,0.5047040401280113,0.08328821575982137,0.6584785286784098,0.644291476767837,0.01418705191057279,0.5907319553589014,0.5119583089114914,0.07877364644741003
1555,0.6630398536860289,0.6639847817821503,-0.0009449280961213447,0.6055562937074956,0.5278722237817939,0.07768406992570176,0.6647076425521751,0.6690037086234064,-0.004296066071231341,0.6086725348317108,0.5344265731503522,0.07424596168135855
1556,0.674776037060409,0.6585884015548026,0.016187635505606424,0.6181065820956138,0.516263791746527,0.10184279034908672,0.6776830058040761,0.6640793489349808,0.01360365686909537,0.622651187134132,0.5226052104190386,0.10004597671509341
1557,0.663966627139035,0.6430287390495054,0.020937888089529566,0.6038487099927261,0.5081553462492522,0.09569336374347392,0.6660930119059438,0.6482098701811223,0.017883141724821527,0.6101700336389371,0.5161472081766776,0.09402282546225949
1558,0.6756788781526679,0.6489070231580079,0.02677185499466006,0.6195414224851521,0.5071680351285978,0.11237338735655433,0.6778396726115739,0.6510949703152744,0.02674470229629944,0.6238723228270899,0.5131175450642997,0.11075477776279019
1559,0.6711148772871368,0.6369279602360428,0.034186917051094,0.6178868865028736,0.5071503453656001,0.11073654113727349,0.674149049358461,0.6423071130944809,0.03184193626398013,0.6209384716523516,0.514274544552031,0.10666392710032058
1560,0.6632793823889772,0.6391235602549887,0.02415582213398848,0.6142528011017819,0.5141596860616975,0.10009311504008445,0.6651367076820243,0.6451907258415158,0.019945981840508442,0.6169318120627515,0.5219266331026924,0.09500517896005911
1561,0.679062953673015,0.6565694542814994,0.02249349939151557,0.6128614886086399,0.5241736808961572,0.08868780771248264,0.6806444718759335,0.6624833561568828,0.018161115719050658,0.617201558475866,0.5319650603910325,0.08523649808483347
1562,0.6802862831861642,0.6407683714749317,0.039517911711232534,0.6250700614068379,0.5064814613263273,0.11858860008051053,0.6844450367059138,0.6464452021738716,0.037999834532042254,0.6299238257114722,0.5130798784475479,0.11684394726392433
1563,0.6531704630634567,0.64533899481303,0.007831468250426687,0.6028707788005727,0.51344895728837,0.08942182151220268,0.6543887563936206,0.6482713115018048,0.00611744489181576,0.60713584187215,0.5188200963922096,0.08831574547994037
1564,0.6830565162516845,0.6417550246765849,0.04130149157509966,0.6228375101256725,0.5025818972123691,0.12025561291330333,0.6862837202977279,0.6467254609211012,0.039558259376626714,0.627230428437062,0.5092660775971218,0.11796435083994017
1565,0.6560494494276664,0.6368493838993505,0.01920006552831588,0.5968019997949989,0.5082727375929874,0.08852926220201152,0.6582049003193665,0.6408272632074046,0.01737763711196194,0.6009189955839137,0.5148202560959798,0.0860987394879339
1566,0.6592896274648555,0.629125769062869,0.030163858401986543,0.5995431220523495,0.502622869053991,0.09692025299835849,0.6611944782429591,0.6325186313179063,0.02867584692505276,0.6027317998230249,0.509279022843105,0.09345277697991994
1567,0.6697942693993553,0.6361005905788639,0.033693678820491346,0.6263173570992188,0.5197323143629602,0.10658504273625857,0.6711477182305507,0.6399417257801316,0.031205992450419107,0.6282754766136402,0.5255571974104867,0.10271827920315357
1568,0.6609085648148149,0.6312570986999307,0.029651466114884117,0.5900265189726611,0.4934012603350887,0.09662525863757243,0.6642498027787587,0.6376940676305243,0.026555735148234394,0.5958573622523554,0.5008289104937136,0.09502845175864183
1569,0.6682265162229866,0.6746774438622691,-0.0064509276392825665,0.6162136358307533,0.5483560893525404,0.06785754647821285,0.6703571057358733,0.6787736855242757,-0.00841657978840249,0.6215779429405863,0.5532604421900313,0.06831750075055498
1570,0.6659190527379402,0.6224793563280411,0.04343969640989909,0.5900477347620505,0.48385197292324345,0.10619576183880708,0.6677888755690429,0.6257325955691924,0.04205627999985051,0.5939846239395997,0.4891625848421324,0.10482203909746735
1571,0.6709023570645285,0.6455651623287751,0.025337194735753354,0.6235888230290229,0.5290146969285421,0.09457412610048077,0.6733774150428409,0.6494954228750625,0.02388199216777842,0.6251414354964152,0.534193543471809,0.09094789202460618
1572,0.6740054028826462,0.6437741366101559,0.030231266272490287,0.6196527653929549,0.5117610214072604,0.10789174398569445,0.6759453768948716,0.6492249687803866,0.02672040811448495,0.6227402002628323,0.519570634902605,0.10316956536022726
1573,0.6544602035819189,0.6530048287228613,0.0014553748590576676,0.5897905500399272,0.5084962737836831,0.08129427625624408,0.6562179552141554,0.6590359463070007,-0.0028179910928453067,0.5941799009071411,0.517750455730405,0.07642944517673611
1574,0.6591530440335888,0.6451464838427955,0.014006560190793271,0.5981626793447036,0.5126375896089733,0.08552508973573025,0.6603379153247931,0.649340925583745,0.010996989741048124,0.6016399877544721,0.5198008803870902,0.08183910736738198
1575,0.6631432477893922,0.6429996315549602,0.02014361623443195,0.5824120449206522,0.49049350888016646,0.09191853604048578,0.6631457190202938,0.64655166781291,0.016594051207383886,0.5852843761875447,0.49809457027094234,0.08718980591660236
1576,0.6771518360334123,0.6545289799002016,0.02262285613321069,0.6289637224729763,0.5277241090092788,0.10123961346369748,0.6800024400195702,0.6606368728543335,0.01936556716523674,0.6322629073782314,0.5351230370641674,0.09713987031406401
1577,0.6642814712679985,0.6357802668038581,0.028501204464140395,0.606883842676109,0.5055093700319853,0.10137447264412369,0.6655579224044794,0.6402975789065307,0.0252603434979487,0.6100522801226651,0.5122933867450731,0.09775889337759203
1578,0.6739889518470792,0.6494012165883911,0.02458773525868807,0.6261908295407121,0.5191015045324712,0.10708932500824098,0.6764904096103169,0.656846836664582,0.019643572945734933,0.6301880796670483,0.5274393703208092,0.10274870934623903
1579,0.6664260681665487,0.6298206586883052,0.036605409478243534,0.6019496534343378,0.49680668555270324,0.10514296788163457,0.669272039025611,0.6340643824816528,0.0352076565439583,0.6056831111539389,0.502367889737434,0.10331522141650495
1580,0.6694683748759118,0.6452389751860754,0.024229399689836395,0.6044196092763091,0.5139855308402134,0.09043407843609574,0.6714078453588601,0.6492812671459443,0.02212657821291586,0.6085843852363232,0.5199182043244781,0.08866618091184508
1581,0.6812924643871171,0.6238736936832099,0.05741877070390722,0.6077437821696473,0.48147825126023175,0.12626553090941556,0.6838689273231199,0.6284450862204224,0.05542384110269749,0.6117563172459638,0.48816388725990895,0.12359242998605485
1582,0.6640799274879852,0.6503816487915215,0.013698278696463673,0.5949193614826247,0.5151642271194622,0.0797551343631625,0.6659148232661827,0.6560906852550674,0.009824138011115258,0.5983148135225762,0.5233531778694446,0.07496163565313163
1583,0.6855558090839773,0.6399033090657105,0.04565250001826682,0.6305550373344444,0.5043546922504617,0.1262003450839827,0.6892337849066477,0.6447680492937754,0.04446573561287226,0.6356167913028992,0.5107150137053571,0.12490177759754206
1584,0.6665864456402997,0.6332166785908248,0.03336976704947492,0.6084970819861125,0.5176146506898067,0.0908824312963058,0.669619658695858,0.6371458148159754,0.03247384387988261,0.6134184161663239,0.5241346103551158,0.0892838058112081
1585,0.6667770690609024,0.6390531845687962,0.027723884492106166,0.6036769447805258,0.5103728955475753,0.09330404923295055,0.6684831346341729,0.6435354805601401,0.024947654074032766,0.6075922811881893,0.517004581865106,0.0905876993230833
1586,0.6704177488991332,0.6506536006480104,0.019764148251122826,0.6137409763998595,0.5221909857794436,0.09154999062041591,0.6725571486641342,0.6563646787830286,0.016192469881105565,0.6165533878481426,0.52938478068066,0.08716860716748265
1587,0.6793219096068762,0.6524504519852005,0.026871457621675754,0.6136669963756141,0.5203136922858449,0.09335330408976916,0.6809612587056998,0.6567405748404462,0.024220683865253556,0.6178126794962687,0.5262123037382849,0.09160037575798385
1588,0.6686577502178669,0.6537752464286269,0.014882503789239943,0.6162966763721806,0.5207850996545941,0.09551157671758648,0.6702313939402033,0.6584938166181359,0.011737577322067372,0.6193616223308396,0.5271401203987158,0.09222150193212375
1589,0.6883318444936314,0.6465920200328867,0.041739824460744646,0.6143557116520626,0.5032713462948437,0.11108436535721888,0.6915778910793013,0.6510119143405715,0.04056597673872986,0.6184160221692152,0.509992741537596,0.10842328063161921
1590,0.6681123543665832,0.6467429872604056,0.02136936710617765,0.6200652190186396,0.5194345082116343,0.10063071080700536,0.6699400682590207,0.6507463867425805,0.019193681516440297,0.6239245049590254,0.525189558281413,0.0987349466776124
1591,0.6544762580780767,0.6355684699223704,0.018907788155706373,0.5860477252526052,0.5046936016376766,0.08135412361492855,0.656130501383561,0.6409550783652231,0.015175423018337852,0.589958453215058,0.5138068479052373,0.07615160530982068
1592,0.6694620651528995,0.6569196468307276,0.012542418322171955,0.6235049255112493,0.5317221308704382,0.09178279464081107,0.6722989296283227,0.6615320058341784,0.010766923794144345,0.6283768055585375,0.5383398870380512,0.09003691852048623
1593,0.6736188986373861,0.6380009574145035,0.03561794122288264,0.60471261249727,0.501963661065151,0.10274895143211904,0.6755392821288357,0.6425309740004459,0.03300830812838984,0.6086471727242455,0.5085168741756658,0.10013029854857969
1594,0.6664389130189404,0.6290123668714641,0.037426546147476314,0.6148833999438221,0.5038173487934003,0.11106605115042179,0.6683580342115731,0.634235491880619,0.03412254233095413,0.6178816674001364,0.5113989365351499,0.1064827308649865
1595,0.683705239752622,0.6471731810081875,0.03653205874443444,0.6237339144157608,0.5225128002188112,0.10122111419694957,0.6875251544712216,0.6513298328696511,0.036195321601570574,0.6275920672955384,0.5292335869815661,0.09835848031397232
1596,0.6700585229160307,0.6557210677806119,0.014337455135418842,0.6076623864952719,0.5143127779635854,0.0933496085316865,0.6715065735778011,0.6633381622827265,0.008168411295074618,0.6103857859678811,0.5233984856186829,0.08698730034919822
1597,0.6694054863111434,0.6235321643850881,0.04587332192605531,0.6101993390442619,0.48891114435984995,0.12128819468441199,0.6716022177292398,0.6285240869437463,0.043078130785493496,0.6144346186169323,0.49682678638087596,0.11760783223605631
1598,0.6733987489507468,0.6492352050376784,0.024163543913068408,0.6131955659949273,0.5055039017250204,0.10769166426990695,0.6747217494242176,0.6533314766875442,0.021390272736673377,0.6166141959941134,0.5113922845139475,0.10522191148016591
1599,0.6652901507336828,0.6520612183958512,0.013228932337831623,0.6095508939814744,0.5134260642588939,0.09612482972258052,0.6672606492864485,0.6582121569228883,0.009048492363560201,0.6137852710011618,0.5216411058281507,0.09214416517301105
1600,0.6621006828716784,0.6426096110704442,0.019491071801234217,0.6051706736074827,0.522321782203661,0.08284889140382168,0.6645907780513591,0.6479763114423658,0.01661446660899335,0.6090986091227442,0.5308494612164728,0.07824914790627135
1601,0.6707170396615375,0.6603627330902112,0.0103543065713263,0.616110528611816,0.5250825087283351,0.09102801988348097,0.6713584179638888,0.6648987513137599,0.006459666650128981,0.6183806201725339,0.5326545803737056,0.08572603979882831
1602,0.6562199000678028,0.6166438847412039,0.039576015326598935,0.6145090252776032,0.507061430254438,0.10744759502316525,0.6589545750609916,0.620551711654908,0.038402863406083676,0.6169911633652994,0.5122560040157009,0.10473515934959843
1603,0.6693544415344106,0.6306227267192897,0.03873171481512094,0.6113545488285063,0.5059306109974349,0.1054239378310714,0.671496064566407,0.6346733820411369,0.0368226825252701,0.6146791400025398,0.5120059975125774,0.1026731424899624
1604,0.6673018630609073,0.6459034962346232,0.021398366826284154,0.6110001587705087,0.5193127959989357,0.09168736277157308,0.669253227332544,0.6507942527424463,0.01845897459009771,0.615298353722558,0.527067429061943,0.088230924660615
1605,0.6603614175121908,0.6260125640903115,0.03434885342187932,0.6128263996788942,0.5066035298975823,0.1062228697813119,0.6633707638301642,0.6304585749667342,0.03291218886343006,0.6177879722530893,0.5129102483300467,0.10487772392304262
1606,0.6775732356352709,0.6361216085645719,0.04145162707069905,0.6385298198475196,0.5213539053638382,0.11717591448368136,0.6819432716038418,0.6424372822050635,0.03950598939877836,0.6428590484703594,0.5303929193456003,0.11246612912475906
1607,0.6604416060891052,0.6489692323401005,0.011472373749004672,0.6018842832237878,0.5220845060076218,0.07979977721616605,0.6627164933387732,0.6532924562793108,0.009424037059462487,0.605993028210992,0.5277698621996552,0.07822316601133683
1608,0.6621023055806481,0.6488899319261642,0.013212373654483911,0.629096411580833,0.5416796973394171,0.08741671424141584,0.6647403538489711,0.6527236759979371,0.012016677851033997,0.6337068600873412,0.5479443222532943,0.08576253783404697
1609,0.6777282219223697,0.6448867254926667,0.03284149642970302,0.6182825873345537,0.5116526613288226,0.10662992600573107,0.6812721314110713,0.6500205457883863,0.03125158562268504,0.623054868741522,0.5193923982885605,0.10366247045296151
1610,0.6635859855592007,0.6451210860245673,0.018464899534633372,0.6015724262441877,0.5182564792771978,0.08331594696698996,0.6653988806349526,0.6507070979054725,0.014691782729480019,0.60570522844476,0.5259260523253487,0.07977917611941132
1611,0.6661247189495063,0.6397635359389271,0.026361183010579214,0.6155441279079457,0.5191937596596613,0.09635036824828436,0.6684771341534236,0.6447218007042306,0.023755333449193006,0.6194736134134277,0.5270613862816226,0.09241222713180508
1612,0.6783607307815583,0.6217436365250375,0.05661709425652084,0.6230269054871895,0.503637581726401,0.11938932376078848,0.6818126605179253,0.6265687830183284,0.055243877499596916,0.6279951164135353,0.5101628835494937,0.11783223286404165
1613,0.6847127451924998,0.6321112558826023,0.0526014893098975,0.6442081013747251,0.5163993070046691,0.127808794370056,0.6888832622259566,0.6371591217728996,0.051724140453057066,0.6477879955521233,0.5219940760583507,0.1257939194937726
1614,0.6880922331619215,0.6326544960334879,0.055437737128433584,0.6372835440126702,0.49509228681178336,0.14219125720088682,0.6906187390423122,0.6373160369076796,0.05330270213463262,0.641303203820206,0.5007412252394448,0.14056197858076125
1615,0.6512933305907215,0.6288423993709,0.022450931219821446,0.601290002338065,0.5052390240937785,0.09605097824428643,0.6537394002318913,0.6342273921440187,0.019512008087872568,0.6056860371162195,0.5132890773051967,0.0923969598110228
1616,0.6595317663408523,0.6495202065602552,0.01001155978059709,0.5995947949873524,0.5123042815860714,0.08729051340128091,0.6609878480867054,0.6543481072802069,0.00663974080649854,0.6044185625670015,0.5187943533799096,0.0856242091870919
1617,0.6824807633148229,0.6466456338344797,0.035835129480343175,0.6151011836445475,0.501178506757827,0.11392267688672042,0.6853661536534096,0.6510254328582639,0.03434072079514572,0.6198572144804941,0.5076357015424848,0.1122215129380093
1618,0.6586969116042489,0.6529925671550263,0.005704344449222631,0.6119357016976743,0.5336317207915049,0.07830398090616941,0.6606001827891339,0.6590566344587192,0.0015435483304147013,0.616004262166371,0.5422414770528854,0.07376278511348566
1619,0.6614272338586902,0.6325204671589547,0.028906766699735464,0.6160982932241652,0.5070384793554148,0.10905981386875041,0.6626402476554378,0.6347680563769589,0.027872191278478953,0.6183875012484823,0.5110168212168156,0.10737068003166672
1620,0.6580742393228418,0.6451347281687454,0.012939511154096417,0.6050858501082879,0.5208854203662828,0.08420042974200503,0.6600097588212159,0.6509934706201751,0.009016288201040834,0.6095140725837855,0.5302834249596977,0.07923064762408782
1621,0.6703560379672389,0.652700318134938,0.017655719832300854,0.5980918916527618,0.4998729620840546,0.0982189295687072,0.6714322986078971,0.6561649977937786,0.015267300814118534,0.5996137673027678,0.5046413127232283,0.09497245457953951
1622,0.6728424072455472,0.628640717245112,0.04420169000043528,0.6194852215526669,0.5072580413484318,0.11222718020423517,0.6740984958771508,0.632466242132435,0.0416322537447158,0.6200917525210942,0.5121637516752249,0.10792800084586929
1623,0.6866334633885584,0.6421822525811418,0.04445121080741654,0.6348887754601868,0.5205980764492644,0.11429069901092248,0.6921888952175091,0.6485346727041859,0.04365422251332329,0.641148796995056,0.5287437178874768,0.11240507910757924
1624,0.6765805180724523,0.6447289536374115,0.03185156443504089,0.637365418689708,0.5271342912337442,0.11023112745596375,0.6797037246715929,0.6485117076447566,0.031192017026836272,0.6407431075430633,0.5332870982099844,0.10745600933307886
1625,0.6933620905068837,0.6556275867942886,0.037734503712595124,0.634618188487484,0.5133879630127081,0.12123022547477591,0.6963577651926283,0.6609191642713519,0.035438600921276375,0.6379113796848344,0.5188711355907293,0.11904024409410507
1626,0.6578008946275005,0.6517620598610322,0.006038834766468271,0.6127582454805995,0.5433657407161041,0.06939250476449543,0.6607882738665853,0.6569053897387804,0.0038828841278049087,0.6173103551265127,0.5502943183515644,0.06701603677494827
1627,0.6684379868047,0.6383737430858459,0.030064243718854078,0.594184485031313,0.49495046930091346,0.09923401573039958,0.6690265517532716,0.6436338408990281,0.02539271085424355,0.5974325339639879,0.5027233286177946,0.09470920534619331
1628,0.6637862862038287,0.6468627541121914,0.016923532091637328,0.6077146280330675,0.5021799051442718,0.10553472288879573,0.6660673524609693,0.6508720614039141,0.015195291057055194,0.611499655974888,0.5083736120157692,0.10312604395911873
1629,0.6522150436158471,0.6348858226938054,0.0173292209220417,0.6073959799730948,0.523541971385608,0.08385400858748682,0.6541622913135194,0.6390429262514539,0.01511936506206557,0.6118967428632608,0.5307934060381722,0.08110333682508863
1630,0.6913427716355425,0.6614143804324334,0.029928391203109084,0.6279197066765816,0.5237704996600558,0.10414920701652575,0.694622641392717,0.6667830406082234,0.027839600784493657,0.6313980020829957,0.5310204714049274,0.10037753067806832
1631,0.6599437424548571,0.6333442546020736,0.026599487852783543,0.6165817468996164,0.5160136653597873,0.1005680815398291,0.6633631570034133,0.6377193688600846,0.025643788143328683,0.619004016413466,0.5213969879644795,0.0976070284489865
1632,0.6694756451146114,0.6291322866880499,0.04034335842656156,0.6047117880289494,0.488608649852053,0.11610313817689644,0.671358423715245,0.6323686304309097,0.03898979328433527,0.6073182371541073,0.49357375284167065,0.11374448431243661
1633,0.6648110362435334,0.6552388250553759,0.009572211188157542,0.627184519208149,0.5295680591501434,0.09761646005800562,0.6668158559090467,0.660821621328752,0.005994234580294688,0.630282647546961,0.5368954836594189,0.09338716388754209
1634,0.6949313419831508,0.6601473515037682,0.03478399047938252,0.6354073546835994,0.5259581512299111,0.10944920345368836,0.6966814211294183,0.6630834466827947,0.0335979744466236,0.6387341991007898,0.5307805346630109,0.10795366443777887
1635,0.6673116700684103,0.6560686264186043,0.011243043649805995,0.6178023296874162,0.5317020458569115,0.08610028383050472,0.6693927606147518,0.6609622303482428,0.008430530266509084,0.6214987329752826,0.5390689700871277,0.08242976288815484
1636,0.6733437689147773,0.6402694150538638,0.03307435386091351,0.6024634087731411,0.4984228183166268,0.10404059045651426,0.6757830900605789,0.6435953379043537,0.03218775215622516,0.605475104785659,0.5035109028782495,0.10196420190740951
1637,0.6668507111388042,0.6400951743843882,0.026755536754416,0.6027578719579587,0.5073866773680931,0.09537119458986565,0.6700426773534849,0.6440949544049246,0.025947722948560292,0.6067850946976105,0.513106042862176,0.09367905183543457
1638,0.6701743443274077,0.6395466361400228,0.030627708187384917,0.6042382293079117,0.5139474818530789,0.09029074745483279,0.6727098970075489,0.6438445634033496,0.028865333604199295,0.6086872408639387,0.5210092900737426,0.08767795079019602
1639,0.6695443002149344,0.6554060731185193,0.014138227096415101,0.605938902061347,0.5203033452574917,0.08563555680385537,0.6713560863850774,0.6589938661854522,0.012362220199625185,0.6085275318960555,0.526280432975041,0.08224709892101445
1640,0.667409207562622,0.6422401178295287,0.025169089733093286,0.6119841597430096,0.5115254701231099,0.10045868961989968,0.6698457950938166,0.6483749494274977,0.02147084566631885,0.6163868786396779,0.52044945118992,0.09593742744975786
1641,0.6613710259386262,0.6574792409503318,0.0038917849882943445,0.617855759523046,0.5308788423565427,0.08697691716650335,0.6628518195019053,0.6628033216391683,4.849786273697365e-05,0.6216735339064625,0.5387107615116594,0.0829627723948031
1642,0.6687294541446034,0.642370105903427,0.02635934824117636,0.59501247055834,0.49550890934738323,0.09950356121095671,0.6719163616938846,0.6493557840745308,0.022560577619353817,0.599247971491434,0.50463611643361,0.0946118550578241
1643,0.6786771337384051,0.6524334754262678,0.026243658312137264,0.6382255135348982,0.5180006030337597,0.12022491050113848,0.6816339970762113,0.6593120403670694,0.022321956709141944,0.642783433310692,0.5263365894910238,0.11644684381966819
1644,0.6776682928994591,0.6410637694918452,0.03660452340761389,0.6029976587638907,0.49758697024191506,0.1054106885219756,0.6798507196381742,0.6470856651122787,0.03276505452589551,0.6066068648046572,0.506018287354861,0.10058857744979621
1645,0.6398258547784623,0.6528625409066651,-0.013036686128202746,0.599701814243453,0.5401558622966834,0.05954595194676959,0.6413123819647177,0.6574778524207789,-0.016165470456061204,0.6032265638384909,0.5471071710223773,0.05611939281611367
1646,0.6674928225721164,0.6420928782885528,0.025399944283563625,0.619600911739981,0.5258638045237077,0.09373710721627326,0.6699444346325356,0.6466201817948452,0.023324252837690462,0.6232080476943915,0.5325393692467675,0.09066867844762405
1647,0.6671147916563172,0.64273784732068,0.024376944335637196,0.6182285995899659,0.5175432224296218,0.10068537716034409,0.6694815966450846,0.6479306658694497,0.021550930775634858,0.6217181770318982,0.5250103460805197,0.09670783095137858
1648,0.6760075029756675,0.6472918394356051,0.028715663540062386,0.6081943418432818,0.4971990472576914,0.11099529458559043,0.676983918305456,0.6511576936776569,0.025826224627799155,0.6122459472108305,0.5031942355708332,0.10905171163999727
1649,0.6696098905977966,0.6274352731709884,0.04217461742680828,0.6179891490695618,0.5029656267398966,0.11502352232966517,0.6721639671870765,0.6330898326088774,0.03907413457819908,0.6224366386816558,0.5109432736419713,0.11149336503968443
1650,0.6792633671734082,0.6364853471108605,0.04277802006254772,0.6274834950949884,0.5017343105964377,0.12574918449855066,0.6826497801138284,0.6423564863578286,0.04029329375599977,0.6324542762653252,0.5090429231168614,0.12341135314846385
1651,0.6512013101127894,0.6221575139055742,0.0290437962072152,0.5968303965529115,0.497698256316567,0.09913214023634448,0.6535356511460793,0.6273797957391729,0.026155855406906348,0.601200922698034,0.504516402700867,0.0966845199971671
1652,0.6711440530646471,0.6451672537525942,0.02597679931205288,0.6169339449390596,0.5227294485939659,0.09420449634509376,0.6741331904968852,0.6489872038897024,0.025145986607182813,0.6213617613096036,0.5288241573072628,0.09253760400234079
1653,0.6702060477754217,0.6395496084220532,0.03065643935336848,0.6201482447385062,0.5143409685855793,0.10580727615292684,0.6727851409988924,0.6442365852865375,0.02854855571235493,0.6246652776657899,0.5217393019367402,0.10292597572904971
1654,0.6640340422588606,0.643252135957429,0.02078190630143162,0.5990198410165186,0.5101286110143921,0.08889123000212651,0.6661086841886321,0.6485084983392755,0.01760018584935663,0.6027890933287372,0.5164156835298614,0.08637340979887576
1655,0.6813455971209321,0.6456255159949856,0.03572008112594649,0.6233520677287798,0.5125205395898618,0.11083152813891806,0.6840613805418018,0.651092205866596,0.03296917467520577,0.6282397309114263,0.5206000095421105,0.10763972136931577
1656,0.6758359386775711,0.6612274939586809,0.014608444718890223,0.6267800904474049,0.5415623628178968,0.08521772762950808,0.678583514034176,0.6681878828399922,0.010395631194183852,0.6302616143737393,0.5506153704125053,0.07964624396123399
1657,0.6728659514856018,0.6486285379158139,0.024237413569787924,0.6164791605061797,0.5206940465878179,0.09578511391836175,0.6755408040282894,0.6537049276269282,0.0218358764013612,0.6198502211234955,0.527564076150714,0.09228614497278154
1658,0.6735510923052276,0.6362092754308166,0.03734181687441096,0.6246505014918147,0.5144295636572551,0.11022093783455955,0.6769107227945482,0.642601033133767,0.034309689660781184,0.6281176890337602,0.5232616211144533,0.1048560679193069
1659,0.6766713932821734,0.6451019302248135,0.03156946305735986,0.6201986844862949,0.509442731367383,0.11075595311891184,0.6797950513507591,0.6500421556492979,0.029752895701461224,0.6241143687632116,0.5168917865077705,0.10722258225544112
1660,0.652478136130358,0.6398823734642998,0.012595762666058219,0.6004941603251502,0.5197398978061997,0.08075426251895057,0.6548866041247068,0.6429585286412556,0.011928075483451206,0.604613133739766,0.5248634127522812,0.07974972098748478
1661,0.6791176466527538,0.639605143701642,0.03951250295111175,0.6123427249035289,0.49200565623542036,0.12033706866810856,0.6810428554107453,0.6435038494315957,0.03753900597914961,0.6142858855576999,0.4966041975604885,0.1176816879972114
1662,0.6920199555361388,0.6510940586066478,0.040925896929491,0.6419590876587163,0.5207280501543502,0.12123103750436615,0.6952018912871774,0.6559477179648702,0.039254173322307184,0.6465206742055852,0.5294917254404928,0.1170289487650924
1663,0.6718070685989916,0.6488759225467451,0.022931146052246554,0.632280957890409,0.5330394619725425,0.09924149591786646,0.6757193585157193,0.6552072672638225,0.02051209125189679,0.6383632670084898,0.5407162719538684,0.09764699505462138
1664,0.6630928212981196,0.6585136554696416,0.00457916582847806,0.6121862000365941,0.5281343099609077,0.08405189007568636,0.6654009303655429,0.66319700328341,0.002203927082132906,0.6161191429286319,0.5334140027343446,0.08270514019428732
1665,0.6717104913148887,0.6425124485596158,0.029198042755272935,0.622453063329877,0.5131423388644266,0.10931072446545043,0.6749373108911223,0.6473244976900615,0.027612813201060793,0.6264920551841487,0.5197169929889291,0.1067750621952196
1666,0.679683557976249,0.6341540725549861,0.045529485421262894,0.6235640203171148,0.49912790431051834,0.12443611600659643,0.681984436756686,0.6377446401302957,0.044239796626390215,0.6269097146565585,0.5042552434556986,0.12265447120085993
1667,0.6871708231414414,0.6646149071331017,0.022555916008339727,0.6264765694254149,0.5146493561288314,0.1118272132965834,0.6887452416368782,0.6700501849257597,0.018695056711118485,0.6306329813637065,0.5230548250701835,0.10757815629352296
1668,0.6732476486986793,0.6446433244943356,0.028604324204343667,0.6134099356697046,0.5005984617753327,0.11281147389437185,0.6753368496361593,0.648826888357281,0.02650996127887828,0.617923262030442,0.5073093900524283,0.11061387197801376
1669,0.6668575277232693,0.6499573297428053,0.01690019798046405,0.6182776374168535,0.5235114936815278,0.09476614373532566,0.6709343767195516,0.6563232691282657,0.014611107591285921,0.6236667796804631,0.5309563229721692,0.09271045670829392
1670,0.6667447701127873,0.6320007893893356,0.03474398072345175,0.6126546272007563,0.5040870324305892,0.10856759477016709,0.6682807256924633,0.6354113680800098,0.032869357612453576,0.6156485099389111,0.5091330992142857,0.10651541072462534
1671,0.6619843316292462,0.6445500979609754,0.017434233668270793,0.6127528423531319,0.5180985694036611,0.09465427294947082,0.663972664497426,0.6493472498583532,0.014625414639072742,0.6160984327895682,0.5253726177962059,0.0907258149933623
1672,0.6703985578215453,0.6420216824304301,0.02837687539111522,0.6402263684161325,0.5274571332644943,0.11276923515163817,0.6757197537489205,0.6482484353274451,0.02747131842147532,0.6455273574304703,0.5344920358041011,0.1110353216263692
1673,0.6675299810641817,0.6600571477124096,0.007472833351772068,0.6241415685084123,0.5377538851390611,0.08638768336935121,0.6693340576863659,0.6638728762581685,0.005461181428197404,0.6277491191349558,0.5444727019462499,0.08327641718870593
1674,0.6504086454432652,0.629116563658503,0.021292081784762162,0.5883683457448885,0.4976118605457029,0.09075648519918561,0.6509833398584122,0.6334587235538454,0.01752461630456681,0.5919935347980207,0.5056167375598984,0.0863767972381223
1675,0.6718289474687104,0.6180282312368777,0.05380071623183269,0.6092124229296998,0.485140517177313,0.1240719057523868,0.6747006112280767,0.622027853316697,0.05267275791137971,0.6134272238345064,0.49089995909035555,0.12252726474415088
1676,0.6708468886956782,0.6539490446664618,0.016897844029216458,0.6195879951856063,0.5266964090939095,0.09289158609169679,0.6738015098360584,0.6584363933905912,0.01536511644546712,0.6247435659305124,0.5340584842919249,0.09068508163858746
1677,0.6755813793948304,0.6591368369472008,0.016444542447629606,0.6155188827193063,0.5186208260427394,0.09689805667656692,0.67807082978676,0.6644049663335136,0.013665863453246385,0.6196509315943927,0.5259106088414554,0.09374032275293731
1678,0.6575497088739098,0.6470027300620909,0.010546978811818986,0.6149761477398876,0.5297325811458257,0.08524356659406196,0.659382552069222,0.6502388465791735,0.009143705490048504,0.6185949343798329,0.5351719668042928,0.08342296757554013
1679,0.6659696704192567,0.6452802597464787,0.020689410672777964,0.6168808289580516,0.5211786944403511,0.09570213451770049,0.6693053010263048,0.6499532293347141,0.0193520716915907,0.6227832849273687,0.5270147054281935,0.09576857949917517
1680,0.6771439162243875,0.6430593778003563,0.03408453842403125,0.6111943752733391,0.4960725632701226,0.11512181200321647,0.6792545212364101,0.6469693882529872,0.03228513298342284,0.6147088579682283,0.5022415246012468,0.11246733336698145
1681,0.6591016237464761,0.6535602466169107,0.005541377129565372,0.6117472529270719,0.5355769196363804,0.07617033329069145,0.6617018488156439,0.6598091212549679,0.001892727560675933,0.6157300912471249,0.5463200902528831,0.06941000099424177
1682,0.6799879838654065,0.647042988593391,0.03294499527201544,0.6021782575570616,0.48943411067909565,0.11274414687796591,0.6834966395152582,0.6540843327929494,0.029412306722308768,0.6058578329340862,0.49709093332396936,0.10876689961011687
1683,0.6530861008993696,0.638041712310877,0.015044388588492552,0.6105212123744097,0.514717420454206,0.09580379192020372,0.6556734390539307,0.6438037756695578,0.011869663384372897,0.615909135570537,0.5232278547614095,0.09268128080912741
1684,0.6807961884375997,0.6422320612382385,0.0385641271993612,0.6191693185214151,0.5120143078847891,0.10715501063662602,0.6837805612568753,0.6477223455997942,0.036058215657081005,0.6239503853421373,0.5198479285682095,0.10410245677392782
1685,0.6992054966933203,0.6400640623916707,0.05914143430164964,0.6512385819835494,0.5080595823733525,0.14317899961019698,0.7052040873507421,0.6448665481069215,0.06033753924382068,0.6574308862998435,0.512647565941746,0.1447833203580975
1686,0.6700373025736219,0.6458073195239744,0.02422998304964752,0.6004772902032612,0.5066186060216098,0.09385868418165144,0.6720453678667879,0.6519028683776933,0.020142499489094634,0.6035776842092782,0.5151312096578392,0.08844647455143895
1687,0.6686078753378282,0.6341261262685771,0.034481749069251055,0.5934597448912444,0.4872567636326275,0.10620298125861694,0.6708897109397449,0.6384525368754884,0.0324371740642565,0.5974047998080327,0.4929743816573703,0.10443041815066245
1688,0.6661389920439018,0.6343687867579924,0.03177020528590946,0.5984954139928838,0.4962988179721168,0.10219659602076697,0.6663076376973416,0.6384739240914644,0.027833713605877164,0.5996292158743388,0.5020835728698132,0.09754564300452562
1689,0.6585728312015958,0.6600800789326083,-0.0015072477310125176,0.6255807158641089,0.5500266544950686,0.0755540613690403,0.6607759284086672,0.6645386662909855,-0.00376273788231829,0.6285609512719177,0.5564514136059393,0.07210953766597838
1690,0.6852920740791574,0.6311767574706508,0.05411531660850655,0.61176872137854,0.4809382341921539,0.13083048718638607,0.6870290777674477,0.6328339161222201,0.05419516164522764,0.6135996990985781,0.4842663790718974,0.12933332002668074
1691,0.6735030219776874,0.6491374424435945,0.024365579534092907,0.6251666387029973,0.5262625280668536,0.09890411063614368,0.6770329846200851,0.653404593482966,0.02362839113711912,0.6303589456735739,0.5327606673394264,0.09759827833414747
1692,0.6646056562664225,0.6645108423554952,9.481391092736047e-05,0.6134639349689053,0.5252057866965412,0.08825814827236411,0.6662874356322908,0.6701473519471195,-0.0038599163148287374,0.6176007615173611,0.5332726717712961,0.08432808974606498
1693,0.6782455341904654,0.6526795102420345,0.025566023948430883,0.6128047509638244,0.5063098878442189,0.10649486311960543,0.6806510757823279,0.6562034951448429,0.024447580637484978,0.6162571657801712,0.5120691015435355,0.10418806423663574
1694,0.6730049623836277,0.6589991285722303,0.014005833811397417,0.6235533692200771,0.5349659972534169,0.08858737196666022,0.6751623322136047,0.6630787629933351,0.012083569220269541,0.6267377012594019,0.5411313123616266,0.08560638889777528
1695,0.6677003635345661,0.6487801576466548,0.018920205887911323,0.6108827603726315,0.5161087888306807,0.09477397154195077,0.6702310420506425,0.6529824641826995,0.017248577867943093,0.6155147621924437,0.5235431526060816,0.09197160958636208
1696,0.6622421681296369,0.6360070087641913,0.026235159365445626,0.596362178955335,0.5044059703858824,0.09195620856945264,0.665607350854758,0.6411572460648023,0.024450104789955684,0.6006392390644539,0.5113217901562448,0.08931744890820914
1697,0.6564687421472162,0.6535844208789385,0.0028843212682776453,0.5934754515337759,0.528007805776548,0.06546764575722785,0.6583742474970149,0.6595773928210305,-0.0012031453240155532,0.5966862671596372,0.535867158022362,0.060819109137275285
1698,0.6707035497654978,0.6483286249606591,0.022374924804838714,0.5921042610866315,0.5012257412864769,0.0908785198001546,0.6710743585267405,0.6524594277303062,0.01861493079643428,0.5948310296943446,0.5067134913979328,0.08811753829641189
1699,0.648545505946438,0.6373321485241669,0.011213357422271142,0.6032107632513635,0.5296693554720642,0.0735414077792993,0.6500743721284135,0.642377065545643,0.007697306582770458,0.6060243539506205,0.5362247133214761,0.06979964062914434
1700,0.6746733760908536,0.6488432146880874,0.025830161402766283,0.6293315242463917,0.527133067281061,0.1021984569653307,0.6764652863124506,0.6524787750796347,0.02398651123281592,0.6315741684683247,0.5327163756621865,0.09885779280613816
1701,0.6824261877964535,0.6481281248946597,0.034298062901793824,0.636961963072673,0.525861947845346,0.11110001522732704,0.6852597937234615,0.6518520601873549,0.0334077335361066,0.6404710749788625,0.5306887594443663,0.10978231553449613
1702,0.6470065091091902,0.6530270600291356,-0.0060205509199453555,0.5930792222504517,0.5327943976383999,0.06028482461205187,0.6484864228202513,0.6600604805835667,-0.011574057763315437,0.5968876147717479,0.5419283948634679,0.05495921990828001
1703,0.6600161245030804,0.6493015242938927,0.010714600209187797,0.6022924415782314,0.5156901632303199,0.08660227834791145,0.6632408838256003,0.6548191620670901,0.008421721758510192,0.6060445315145871,0.5216487992655294,0.08439573224905772
1704,0.6518734896532385,0.6508165422944352,0.0010569473588033507,0.592050084985265,0.5152635557310983,0.07678652925416674,0.6538537497670047,0.6548724825865206,-0.0010187328195159218,0.5953710074183253,0.5215988577178471,0.07377214970047818
1705,0.6739716606900824,0.6490546029332319,0.02491705775685049,0.6035669133858291,0.5050928342125973,0.09847407917323181,0.6771078499991232,0.6569957840314572,0.020112065967666015,0.607778637763227,0.515709958844968,0.0920686789182591
1706,0.6723085146133054,0.6387408350602695,0.03356767955303597,0.6103348303950324,0.4982045272817616,0.11213030311327082,0.673670656533627,0.6435039305043901,0.030166726029236868,0.6142822600161915,0.5048770606756817,0.10940519934050974
1707,0.6634320638198519,0.6339994780599902,0.02943258575986163,0.6082746834207373,0.506438010881194,0.10183667253954332,0.6658121037290332,0.6390169383275143,0.02679516540151894,0.6122144412699584,0.513799329073182,0.09841511219677634
1708,0.6645315788143251,0.6367678252911735,0.027763753523151635,0.6045989578976455,0.49673462366645726,0.10786433423118824,0.6677072353227373,0.642283852383962,0.02542338293877533,0.6097180452358179,0.504752231638222,0.10496581359759583
1709,0.6590341171020582,0.6489953570569397,0.0100387600451185,0.6104067265524918,0.5219023217352647,0.0885044048172271,0.6601833798869763,0.6545376231968316,0.005645756690144665,0.6135356627659634,0.5303286462617746,0.08320701650418882
1710,0.664222731026431,0.64864475398905,0.015577977037381063,0.6063326470514754,0.5135556266210011,0.09277702043047431,0.6659602404891543,0.6526558634955206,0.013304376993633626,0.6106779080342408,0.520043666863941,0.09063424117029983
1711,0.6518432483009948,0.6308953265044814,0.02094792179651339,0.583732766244601,0.5047329012423889,0.07899986500221212,0.6530749860483904,0.6359279826121178,0.017147003436272623,0.5873072149928295,0.5121855356977598,0.07512167929506963
1712,0.6552101888381734,0.6568711807866411,-0.0016609919484676938,0.6114531998543712,0.5297602610308108,0.08169293882356043,0.6562610862758703,0.6608433348584536,-0.00458224858258327,0.6148019634788133,0.5363920147626547,0.07840994871615858
1713,0.6692170057949278,0.6313155354711484,0.03790147032377944,0.6112663132184395,0.49956198105278027,0.11170433216565923,0.6714232164607075,0.6352868249449299,0.03613639151577752,0.6142411125393081,0.5055892804512376,0.1086518320880705
1714,0.6719348174943036,0.6277399989557875,0.044194818538516145,0.5999127309669197,0.4866107631477805,0.11330196781913915,0.6758844751670392,0.6319408822793757,0.043943592887663474,0.6050363380681435,0.4917039587561348,0.11333237931200868
1715,0.6497575839685121,0.6419033887341349,0.007854195234377248,0.5968860736249987,0.5197143882130906,0.07717168541190811,0.6508442926425697,0.6457424420571691,0.00510185058540058,0.6000773199506924,0.5267446534904419,0.0733326664602505
1716,0.6810966561028042,0.6478558669671678,0.03324078913563644,0.6231852262508273,0.5031298528719301,0.12005537337889716,0.6831591833315891,0.652510559113207,0.030648624218382103,0.6263450514940345,0.5105216432887714,0.11582340820526316
1717,0.6639620947329774,0.650130572649814,0.013831522083163406,0.6179468232440164,0.5300621017760347,0.08788472146798165,0.6665468691208307,0.655336787179611,0.011210081941219752,0.6225004036649688,0.5370571486219449,0.08544325504302397
1718,0.6699590465644726,0.6452594273629927,0.024699619201479894,0.6120728698465828,0.5152317478633477,0.09684112198323513,0.6726556773628185,0.6511434141665786,0.02151226319623989,0.6156280447641818,0.5218186157896373,0.09380942897454447
1719,0.6636344025653488,0.6633917749203965,0.00024262764495230904,0.6136839398706755,0.5332918524964563,0.08039208737421921,0.6669129849892812,0.6690607949958597,-0.0021478100065784878,0.6180483992273801,0.5405808348409554,0.07746756438642466
1720,0.6650155123512249,0.6597272783097792,0.0052882340414457385,0.6192587010947952,0.534793356616861,0.08446534447793419,0.6675619139137798,0.6633016160158522,0.00426029789792759,0.6231223592086486,0.5411240247112684,0.08199833449738014
1721,0.6613753825885158,0.638747898173473,0.02262748441504281,0.6061489327319944,0.5083369525102489,0.09781198022174553,0.6631779913488838,0.6433236023952682,0.019854388953615576,0.6100280206822685,0.515673433553539,0.09435458712872946
1722,0.6917931615835531,0.6453956797528702,0.04639748183068293,0.6275245189997833,0.5123805995366408,0.11514391946314251,0.6948990150616812,0.6494861295897271,0.0454128854719541,0.6307163713134256,0.5173694195531183,0.11334695176030729
1723,0.6692834506290364,0.6290512260031986,0.040232224625837754,0.6107399476148087,0.504764991495009,0.10597495611979968,0.6723130933441173,0.6352708330122101,0.03704226033190716,0.6152761191262908,0.5125450983875022,0.10273102073878859
1724,0.6768603033741427,0.6553333477919264,0.02152695558221629,0.6079635923863116,0.5145679112966282,0.09339568108968344,0.6791329676390633,0.6609280397428547,0.018204927896208534,0.6140285466621289,0.5236618240461327,0.09036672261599621
1725,0.6581851216056303,0.6411721572153712,0.01701296439025901,0.6120295944248906,0.5198246409992429,0.09220495342564772,0.6606150406181203,0.645886175500741,0.014728865117379253,0.6156530940301936,0.5260369565063325,0.0896161375238611
1726,0.6607333125796202,0.6475221513995633,0.01321116118005694,0.5916184844821237,0.5105250477307133,0.08109343675141045,0.6630571566431528,0.6520807915088629,0.0109763651342899,0.5955588570817594,0.5169615676908039,0.07859728939095545
1727,0.6567537240758725,0.6385281119091614,0.018225612166711147,0.6020981407479101,0.512865668839432,0.08923247190847816,0.6579897637777318,0.6435952084412535,0.014394555336478265,0.6058854383631007,0.5199076213759757,0.08597781698712503
1728,0.6565975743090218,0.6309454821803624,0.025652092128659376,0.6070258800861732,0.5111306327969705,0.09589524728920273,0.658282368545346,0.6353044988502141,0.022977869695131936,0.6087306216069955,0.5167525029160469,0.09197811869094863
1729,0.6753280257076217,0.6447968768352261,0.030531148872395608,0.6112678343196698,0.5118176273366725,0.09945020698299734,0.6790882194199868,0.649836662641528,0.02925155677845881,0.6151145569720228,0.5196256151612655,0.09548894181075729
1730,0.6667531442729899,0.6450713237455746,0.021681820527415296,0.6123907598248689,0.5139155280588388,0.09847523176603012,0.6683800303440295,0.6500435097105106,0.01833652063351887,0.6166648574711986,0.5214902247234163,0.09517463274778226
1731,0.6656559327063882,0.6342244109619697,0.031431521744418545,0.6090936608454097,0.5109900321904401,0.09810362865496958,0.6684150620457328,0.6388675516457015,0.02954751040003123,0.6119889947098839,0.5182364601360427,0.09375253457384114
1732,0.66409787192993,0.6331163363924792,0.030981535537450755,0.612917533535174,0.5140938849295837,0.09882364860559023,0.6666426620395374,0.637837228400684,0.02880543363885335,0.617191521324493,0.5209245667270946,0.09626695459739831
1733,0.6633529794797481,0.6408275170357229,0.0225254624440252,0.6132441724813977,0.5188887511906155,0.09435542129078223,0.6664289913038542,0.6470650403626031,0.019363950941251096,0.6178380312373158,0.5268996535597037,0.09093837767761215
1734,0.6586254928234295,0.6318263653901381,0.02679912743329138,0.6106967837733025,0.5095738019652722,0.10112298180803025,0.6633748195311736,0.6383166286779354,0.025058190853238238,0.6172534448102198,0.5172573360277517,0.09999610878246812
1735,0.6739210223540342,0.6435360216349424,0.03038500071909178,0.6134606548725441,0.5185111806713985,0.09494947420114563,0.6765429935240724,0.6484100184594063,0.028132975064666166,0.6167979837448467,0.525503086619153,0.09129489712569372
1736,0.6595820469906735,0.659774530691674,-0.00019248370100055645,0.6221178882393582,0.5392204235158358,0.08289746472352244,0.6611668353781085,0.6651112858428121,-0.003944450464703597,0.6261046699446471,0.5466874617601958,0.0794172081844513
1737,0.6910536439389189,0.6483739799557883,0.04267966398313061,0.6344472407748207,0.5128000719046032,0.12164716887021754,0.694244321006509,0.6522783473130943,0.041965973693414704,0.6387229173609856,0.518316353290889,0.12040656407009664
1738,0.6763712273135376,0.6473510892786926,0.029020138034845044,0.6202102221145955,0.5231841478152354,0.09702607429936017,0.6798160406104404,0.6532715903000008,0.026544450310439616,0.6243314505796108,0.5309303177309611,0.0934011328486497
1739,0.6825719493426201,0.6456248897168757,0.036947059625744405,0.6231927839578166,0.5104045034882265,0.11278828046959011,0.6868841435702859,0.6528028514691493,0.03408129210113664,0.626985991348461,0.519201291058041,0.10778470029041998
1740,0.6680382233813579,0.6339201627362967,0.03411806064506118,0.6327583416339073,0.5203606998280246,0.11239764180588274,0.6697259473396423,0.6373619107110736,0.03236403662856868,0.6360570630512957,0.5248652749197432,0.1111917881315525
1741,0.678049820969177,0.6422910588289067,0.035758762140270295,0.618721689766418,0.498163879423568,0.12055781034284996,0.6794425944669762,0.6472820036744928,0.032160590792483346,0.6216550108775494,0.5048963358386012,0.11675867503894821
1742,0.6800905178942985,0.6389159492291914,0.04117456866510716,0.6192671084006071,0.5014123267808664,0.11785478161974061,0.6839741114978525,0.6473026185593752,0.03667149293847727,0.6238568481453473,0.512827991090459,0.1110288570548883
1743,0.6731725610357897,0.6543015331928035,0.01887102784298622,0.6142481187467365,0.5277164318928041,0.08653168685393231,0.6762519511608016,0.6607133320495511,0.01553861911125054,0.6181728094838126,0.5343335239733197,0.08383928551049291
1744,0.6517646454353168,0.6596145278118613,-0.007849882376544493,0.5950205754631717,0.532492664233952,0.06252791122921963,0.6520589807758435,0.66452229525423,-0.012463314478386556,0.5972516203459455,0.5418112379288769,0.05544038241706861
1745,0.6890815788891016,0.6415700903466852,0.04751148854241638,0.6305625397314928,0.5020700179668487,0.1284925217646441,0.6931867035677307,0.6463348564114275,0.046851847156303195,0.6367353488741452,0.5094023067627196,0.1273330421114256
1746,0.6420841118408347,0.6322615553547976,0.009822556486037137,0.5755248000493509,0.5038406462097629,0.07168415383958804,0.6430637895315534,0.6370856050200968,0.005978184511456597,0.5800700784527937,0.5110876620870648,0.06898241636572888
1747,0.6792711728124587,0.6413940806609835,0.03787709215147528,0.6348407493788766,0.5074135741280392,0.12742717525083735,0.6800623117392162,0.646378078124948,0.0336842336142682,0.6365212024001746,0.5135885743485188,0.12293262805165583
1748,0.6890264656401547,0.6427520751935113,0.04627439044664339,0.6096269919204674,0.4967408455605014,0.11288614635996602,0.6923397562358116,0.6467259719366225,0.04561378429918905,0.6137690904529713,0.5027543648394233,0.11101472561354808
1749,0.6544085481791069,0.6594134407114924,-0.005004892532385563,0.5933535700252226,0.5267268419139064,0.0666267281113162,0.6555704136089748,0.6655540862860552,-0.009983672677080335,0.5981611363998508,0.5358254672686907,0.062335669131160065
1750,0.6728420349478275,0.6562052460675063,0.016636788880321163,0.6193955677528826,0.5174881026193955,0.10190746513348714,0.675174185026755,0.6607820142378886,0.014392170788866343,0.6225778827260978,0.523094370828536,0.09948351189756177
1751,0.6817274059925801,0.6552298013739546,0.026497604618625492,0.6149456447523973,0.5141944467825171,0.10075119796988019,0.6836737173694301,0.6591643322176823,0.02450938515174772,0.6177636378542319,0.5196802806257189,0.09808335722851302
1752,0.6621810477239973,0.655577226200538,0.006603821523459286,0.610237528863737,0.5264516488971451,0.08378587996659193,0.6632904558980549,0.6600145480452233,0.0032759078528316055,0.6133001865955248,0.5340615934612297,0.07923859313429504
1753,0.6632683019680481,0.6538808444291059,0.009387457538942212,0.6036698565641803,0.5218946431403878,0.08177521342379246,0.6652122987883242,0.6599529263112607,0.00525937247706354,0.6074249138673209,0.5287977677825701,0.07862714608475074
1754,0.6594644418543,0.6559415682409291,0.0035228736133708916,0.5994357057893558,0.5179572913272064,0.08147841446214943,0.6599792652279416,0.6603247858708943,-0.00034552064295267915,0.6024330119418,0.5245182838606164,0.0779147280811836
1755,0.6728483217802868,0.6573790257523038,0.01546929602798297,0.6037632891716155,0.5147297326179229,0.0890335565536926,0.6754873900624698,0.6635345944503956,0.011952795612074185,0.6069782927971461,0.5215885394559483,0.0853897533411978
1756,0.6674040561462635,0.6558804509908143,0.011523605155449257,0.6077505890079503,0.529492651592802,0.0782579374151483,0.6692590648068004,0.6619313055643633,0.007327759242437115,0.6109987114189008,0.5375769418198122,0.07342176959908864
1757,0.6676361030012438,0.6654769075796998,0.002159195421543969,0.6296216581142831,0.5435595877718378,0.08606207034244528,0.6696303133272118,0.6702209635048348,-0.0005906501776230533,0.6320487779379727,0.5493637447494921,0.08268503318848053
1758,0.6657561215700751,0.6458656082671461,0.019890513302929014,0.5973092346741645,0.4940925418386863,0.10321669283547824,0.6664350254770458,0.6483499293746576,0.018085096102388176,0.599041676534522,0.5007805105698659,0.09826116596465606
1759,0.665765953809442,0.6523765736496359,0.013389380159806175,0.6158600098165672,0.519229666643827,0.09663034317274022,0.6670080507985012,0.6563142291712265,0.010693821627274724,0.6199226077541182,0.5274018460406378,0.09252076171348045
1760,0.6601001511715798,0.6342664786712404,0.02583367250033941,0.6200104331903009,0.5186439730110292,0.10136646017927176,0.661954104435758,0.6386866478419204,0.023267456593837554,0.6219385943986332,0.526044724266914,0.09589387013171924
1761,0.6663296245078656,0.6369173262705403,0.029412298237325274,0.6162406449980264,0.5135070273325776,0.10273361766544886,0.6695127764898119,0.6414087789575948,0.02810399753221704,0.6199748938453645,0.5200128499824082,0.09996204386295637
1762,0.6635563056339143,0.6400205933065661,0.02353571232734819,0.6174390533806133,0.5187483328588416,0.09869072052177175,0.6659221333075793,0.6452988086529949,0.020623324654584385,0.6215744183770845,0.5264287790268349,0.09514563935024956
1763,0.6685464045245167,0.6461629207867239,0.022383483737792864,0.6107445304767746,0.5111463969906381,0.09959813348613644,0.6711249015629124,0.651276249608125,0.019848651954787355,0.6154966929319925,0.5175839987166301,0.09791269421536242
1764,0.6592613788308284,0.6452272605717008,0.014034118259127593,0.5961533350912241,0.5264666489152268,0.06968668617599738,0.6620731074754984,0.6488122211277259,0.01326088634777256,0.601513631195804,0.5328838128670532,0.06862981832875081
1765,0.671303040895032,0.6400774441280418,0.031225596766990216,0.6240649008522093,0.5086936812390155,0.11537121961319385,0.6728816121829879,0.6449723910824592,0.027909221100528736,0.6281984953016344,0.5173475253431212,0.11085096995851318
1766,0.6922528252052556,0.6552979956325514,0.03695482957270413,0.6211084845334512,0.505197486124707,0.11591099840874419,0.6943578985939016,0.659847697117486,0.03451020147641559,0.6249031682838523,0.5117945024829782,0.11310866580087409
1767,0.6692999155776622,0.6429842890107034,0.02631562656695885,0.6366000362892026,0.5244678260938666,0.11213221019533604,0.6715617701952477,0.648468984019238,0.023092786176009628,0.6389871950366075,0.532188045216418,0.10679914982018945
1768,0.6665538970499615,0.634318300536962,0.032235596512999454,0.6057156118078264,0.5000631939075793,0.10565241790024715,0.6681004104147381,0.6395991997882549,0.028501210626483253,0.6089395450269616,0.5071349624863571,0.10180458254060443
1769,0.6724574928999165,0.6367960284482221,0.03566146445169438,0.6126038379829805,0.5076014567304789,0.10500238125250161,0.6742916463203846,0.6407055634009899,0.03358608291939469,0.6155775138805999,0.5146572624158919,0.10092025146470796
1770,0.6698012368491105,0.6166046593005292,0.053196577548581314,0.6189188220826153,0.49281575758811513,0.12610306449450015,0.6722473061489884,0.6222235992282565,0.05002370692073188,0.6231326701483729,0.5010911960333123,0.12204147411506061
1771,0.6804676482401923,0.6408649725941511,0.03960267564604125,0.6228480172444861,0.5003756576051979,0.12247235963928826,0.6845504528064226,0.6474116426117235,0.03713881019469911,0.6289840567106111,0.5076965474730619,0.12128750923754916
1772,0.6753237979480993,0.6490976747964098,0.026226123151689484,0.6058711753444248,0.49975815550618363,0.10611301983824117,0.6779904345729968,0.6560562022222324,0.021934232350764415,0.6109132095667679,0.5083409319310692,0.10257227763569865
1773,0.6861385202063399,0.6301994998019702,0.05593902040436971,0.6235388733353833,0.5009043162676259,0.12263455706775739,0.688270800918128,0.6328372857439002,0.05543351517422779,0.6262685372550802,0.5051501488575696,0.12111838839751066
1774,0.6642327624837785,0.643566955086084,0.020665807397694524,0.6079839026115152,0.5085778703929796,0.09940603221853561,0.6665169316322299,0.6493977928235418,0.017119138808688095,0.6124573271881628,0.5158117019507105,0.09664562523745235
1775,0.679879079027883,0.6443740866690816,0.035504992358801446,0.6237545368720865,0.5134062738184121,0.1103482630536744,0.6822701533775534,0.6488078231736331,0.03346233020392031,0.6266278514072053,0.5194193396244084,0.10720851178279689
1776,0.6693948661670736,0.6358154823878353,0.0335793837792383,0.6318808159256546,0.5189475685279097,0.11293324739774491,0.6726446996304509,0.6419398057846928,0.03070489384575814,0.6356277045361476,0.5270929488113087,0.10853475572483884
1777,0.656263947942765,0.6304803915229837,0.02578355641978125,0.5916342972758604,0.49335799230731586,0.0982763049685445,0.6597513333780405,0.6368491966530094,0.022902136725031053,0.5965259535376553,0.5009534210846044,0.09557253245305086
1778,0.6799601761838169,0.6563271300432207,0.023633046140596137,0.6291325309779539,0.5292111687307761,0.09992136224717774,0.6822085004420821,0.6611883968553289,0.021020103586753214,0.6331833680526427,0.5362699820764341,0.09691338597620869
1779,0.6687906150315845,0.630161615489045,0.03862899954253951,0.6108886781724742,0.49127115281276046,0.1196175253597137,0.6707168429802289,0.6348102391460069,0.03590660383422206,0.6151428084380183,0.49793944624213027,0.117203362195888
1780,0.6668172387303299,0.6302293695533274,0.03658786917700252,0.6201891180022976,0.5083227788114696,0.111866339190828,0.669029711728769,0.6337550821370401,0.03527462959172889,0.6235229354641021,0.5133283806658295,0.11019455479827256
1781,0.6679002594065113,0.6444689158343094,0.02343134357220189,0.6147761647669978,0.5195796618981803,0.09519650286881753,0.671200598744623,0.650580288164947,0.02062031057967606,0.6190627706885341,0.5281578257556714,0.09090494493286272
1782,0.6626434983384404,0.649960962174505,0.012682536163935332,0.5914114944862451,0.5113059683571668,0.08010552612907829,0.6641148793639627,0.6553337339872847,0.008781145376678068,0.5928051078644179,0.5188096668274729,0.073995441036945
1783,0.6631988428132649,0.6446404430503175,0.018558399762947375,0.6219171808922744,0.524899152599027,0.09701802829324746,0.6661637025803021,0.6505684755126868,0.015595227067615292,0.6254721340739196,0.5329730914921135,0.09249904258180608
1784,0.6595271691401486,0.6336068069158209,0.025920362224327698,0.6117258167617616,0.5093747402433231,0.10235107651843856,0.6612091189446165,0.6390906973184871,0.022118421626129425,0.6157148146845149,0.5175547403324119,0.09816007435210305
1785,0.6742029046546416,0.6388475459118446,0.03535535874279705,0.609550410378866,0.5027456746189136,0.10680473575995242,0.6761413591611123,0.6450026314766095,0.031138727684502765,0.6123576432967656,0.5094222007617535,0.10293544253501208
1786,0.66552729926132,0.6485870508505528,0.016940248410767245,0.6186199688905911,0.5156756711305276,0.10294429776006353,0.6671133609581239,0.652066449719456,0.01504691123866786,0.6215877824279896,0.5210968242099627,0.1004909582180269
1787,0.6589767225334973,0.646604194257685,0.012372528275812256,0.6065245490294495,0.5160717451869661,0.09045280384248344,0.6607784678824686,0.6523514274337658,0.008427040448702794,0.608381181282051,0.5241673488677854,0.08421383241426561
1788,0.6938646556245018,0.6468443562396856,0.04702029938481622,0.6276970141169226,0.49249586357501435,0.13520115054190823,0.6968441247509147,0.6515033926554405,0.04534073209547418,0.6308418691913181,0.49828915345261904,0.1325527157386991
1789,0.6693959727609925,0.6629605325497544,0.006435440211238097,0.6161054253428058,0.5309294845935647,0.08517594074924106,0.6709969895020237,0.6695026799981336,0.0014943095038900678,0.6182806523065589,0.5382640989413809,0.08001655336517799
1790,0.6628480627413283,0.6329692718088895,0.029878790932438837,0.5980410042355488,0.4954359516319049,0.10260505260364394,0.6642661241391923,0.6371242320142514,0.027141892124940892,0.6012754586506371,0.5018561869915741,0.09941927165906306
1791,0.6942846136761154,0.6491941752963715,0.04509043837974391,0.6063482890945566,0.4878137201520789,0.11853456894247771,0.6974298014567036,0.6532541221994126,0.044175679257291045,0.6117508914577152,0.49316520096553373,0.11858569049218148
1792,0.6675269162328037,0.6512145966862133,0.016312319546590404,0.6044940254242639,0.5114265480323024,0.09306747739196153,0.6694763057581798,0.6554425624423976,0.014033743315782221,0.6078991839086576,0.5186361071563743,0.08926307675228329
1793,0.6687288369017212,0.6536358242278267,0.015093012673894513,0.6277036468674027,0.5369376531296347,0.09076599373776795,0.671635406110007,0.6577782213025971,0.013857184807409939,0.6311482668545403,0.5417462809237434,0.08940198593079685
1794,0.6942433820462603,0.6605176202631658,0.0337257617830945,0.6331169187736322,0.5104622089045598,0.12265470986907234,0.6977080198322666,0.6662997581542303,0.03140826167803634,0.6395034657241385,0.5177131910933573,0.12179027463078118
1795,0.6704015718346977,0.6412488794674948,0.02915269236720297,0.6169240755300562,0.5151280355663495,0.10179603996370679,0.6725864187482409,0.6462610519092673,0.026325366838973574,0.6202052674255647,0.5222469825169735,0.09795828490859115
1796,0.6739346150937976,0.6465598536186087,0.027374761475188913,0.6261070451858202,0.5195536462091063,0.1065533989767139,0.6772455757150674,0.6517501016669154,0.025495474048152,0.6293719817050633,0.5256289883676671,0.10374299333739612
1797,0.6697378088943176,0.655392532677783,0.014345276216534586,0.6043235432731523,0.5104509112015272,0.0938726320716251,0.6717987587970843,0.6620740205415455,0.009724738255538767,0.6091584732721235,0.5202036379531334,0.08895483531899007
1798,0.6623268543951761,0.654763803517201,0.007563050877975153,0.6036070013329742,0.5377862782311499,0.0658207231018243,0.6644091794384022,0.6601750316093078,0.00423414782909437,0.608368941133749,0.5471058203915449,0.06126312074220408
1799,0.6678754627336099,0.641815856403375,0.026059606330234852,0.6118508131549607,0.515712411230604,0.09613840192435674,0.6711208185807889,0.645059634335207,0.026061184245581903,0.6179781822576009,0.5208488421315671,0.0971293401260338
1800,0.6787223126244868,0.6514353358124096,0.027286976812077146,0.6204006772015616,0.5105379104318144,0.10986276676974716,0.6822268431842125,0.6567032017818838,0.025523641402328656,0.6258469355330464,0.5175701328911501,0.10827680264189632
1801,0.6653398712170902,0.6638777514475735,0.001462119769516601,0.6226257239895561,0.5341152402868619,0.08851048370269421,0.666862698778065,0.6696484627325572,-0.0027857639544921486,0.6263151328395726,0.5419913662975397,0.08432376654203289
1802,0.6673397372571901,0.6448137448546795,0.02252599240251063,0.6257491225962951,0.5355267062364615,0.09022241635983363,0.6701668648378318,0.6499881323513335,0.020178732486498374,0.6314171938302434,0.5436759900303063,0.0877412037999371
1803,0.6570696721513198,0.6382106356056254,0.01885903654569443,0.5949814232632012,0.5071817238173144,0.08779969944588684,0.6581797015578298,0.6438747651470534,0.014304936410776348,0.597957456019119,0.5156653383786127,0.08229211764050626
1804,0.6891051662290307,0.6430016751772225,0.04610349105180822,0.6415039423739346,0.512142352629493,0.12936158974444156,0.6922306153538287,0.6477688412122191,0.04446177414160957,0.6447684310066352,0.5176804140092608,0.12708801699737438
1805,0.664369777237448,0.6470118549966178,0.017357922240830104,0.6306738017321061,0.5255444621584966,0.10512933957360948,0.6664218754503695,0.6509643821018952,0.015457493348474238,0.6337399372447342,0.5316894971783781,0.10205044006635611
1806,0.658477023235275,0.6673311944036076,-0.008854171168332536,0.6003660665048436,0.5378454992790863,0.06252056722575727,0.6599811478601707,0.6725795246404982,-0.012598376780327492,0.6046564814130851,0.5478416395491468,0.05681484186393837
1807,0.6858759166948751,0.6528222260820478,0.03305369061282737,0.6228844823828097,0.5068647496038694,0.11601973277894029,0.6888111182828625,0.6580499177783055,0.030761200504556996,0.6278723358063619,0.5141919272520511,0.11368040855431083
1808,0.6645161679392942,0.6373447734625937,0.027171394476700583,0.595879107690114,0.4996247609710447,0.0962543467190693,0.6658280223844842,0.641277901772207,0.024550120612277238,0.6000045363762331,0.5061910104955714,0.09381352588066172
1809,0.643339980569617,0.6527621354055123,-0.009422154835895258,0.5756602489357476,0.5231914751760611,0.052468773759686504,0.643465939307878,0.6577946112637272,-0.014328671955849193,0.5796876507109154,0.5328987645458604,0.046788886165055055
1810,0.6634224340098498,0.6578156636851784,0.005606770324671384,0.599272170383528,0.5270580496170454,0.07221412076648259,0.6645465518768467,0.662095864499402,0.0024506873774446936,0.6031054943482195,0.5337321457919797,0.06937334855623978
1811,0.6761072502903401,0.6558776038414376,0.020229646448902572,0.6221792997810037,0.5207690148590164,0.10141028492198734,0.6787305426023524,0.6609907533778777,0.017739789224474722,0.6278777175143212,0.5283008696057708,0.09957684790855037
1812,0.6690046533522278,0.6403396358715105,0.02866501748071726,0.611066824133663,0.5086783510653061,0.10238847306835686,0.6706086137305225,0.6441455871071028,0.026463026623419705,0.6143277215141831,0.514848039890702,0.09947968162348109
1813,0.6777667858839171,0.6519236442520535,0.02584314163186363,0.6153644454163895,0.5060680846433971,0.10929636077299232,0.6809314074505444,0.6586123310309325,0.02231907641961184,0.6196834146898929,0.5141821246550614,0.10550129003483144
1814,0.6859725127061506,0.6399377447221768,0.04603476798397377,0.6165734979530989,0.4806219061851184,0.1359515917679805,0.6878403629764888,0.6450509616493092,0.042789401327179566,0.6214127266496712,0.48999601354840316,0.131416713101268
1815,0.6766098053431278,0.6415182344522713,0.03509157089085646,0.610200835317757,0.5050621306984624,0.10513870461929464,0.6788671169152067,0.6441423928717801,0.034724724043426636,0.6133557690271948,0.5100036652807038,0.10335210374649095
1816,0.6692346015596465,0.6530430605026862,0.0161915410569603,0.6356953693982654,0.5374047434616616,0.09829062593660387,0.6727471003237255,0.6595925941477424,0.013154506175983127,0.6397740665031928,0.5454355190485276,0.09433854745466519
1817,0.6700623204193109,0.6381559382005619,0.031906382218748974,0.6124646182898458,0.49501841563060256,0.11744620265924322,0.6719418923034577,0.6421987859201717,0.029743106383286033,0.6158150745338586,0.5003847620104442,0.1154303125234144
1818,0.6733064040144279,0.642086152020557,0.031220251993870907,0.6090878593082719,0.5069111512710684,0.10217670803720347,0.6752635919110008,0.6470250773485148,0.02823851456248605,0.6138807890364022,0.5143137609972261,0.09956702803917605
1819,0.6715432897958689,0.6490577959827265,0.022485493813142354,0.613460659266621,0.5079405284226454,0.1055201308439756,0.6742827644235647,0.6557666487719159,0.01851611565164879,0.6186157430888519,0.5160295035833959,0.10258623950545598
1820,0.6800547293910676,0.6595354611683568,0.020519268222710774,0.6191086013205789,0.519046590329143,0.10006201099143586,0.6829580699607023,0.6633807805125731,0.019577289448129198,0.6230957539839833,0.5248191799300174,0.09827657405396595
1821,0.6697950057143522,0.6391240937602756,0.030670911954076674,0.6087297553564361,0.5098143810417656,0.09891537431467057,0.6718111564854757,0.6439097095064713,0.02790144697900443,0.6127297509059649,0.5157428135680346,0.09698693733793029
1822,0.6933434183382141,0.6321877140777113,0.06115570426050276,0.6321532565644763,0.49516986908892924,0.13698338747554706,0.6966534771496536,0.6371071581723731,0.05954631897728058,0.6357734994545134,0.5022290152470478,0.13354448420746567
1823,0.6723179096307845,0.6591844101800247,0.013133499450759811,0.6173389308681143,0.5239346500213156,0.09340428084679875,0.673193350667008,0.6636929804015853,0.00950037026542272,0.6193470392463112,0.5317557237871442,0.08759131545916699
1824,0.6729712317727639,0.6362715016399408,0.036699730132823016,0.6059631381145885,0.49841616788491755,0.10754697022967091,0.6758074671512534,0.6406151371209587,0.03519233003029465,0.6109647215538507,0.5057598385611027,0.105204882992748
1825,0.6537909699333991,0.6509884466805083,0.002802523252890876,0.6137685626595873,0.5384987491880368,0.0752698134715506,0.6568803767105125,0.6575163859412692,-0.0006360092307566845,0.6179349159009404,0.5463584785329944,0.07157643736794606
1826,0.6616345215180433,0.6468961253133915,0.014738396204651782,0.5937425235015369,0.5198923081115072,0.07385021539002967,0.6629154698017469,0.6521666260357062,0.010748843766040683,0.5973208178875865,0.5264330455692805,0.07088777231830601
1827,0.6562061363240257,0.6416578874475581,0.014548248876467551,0.6069468878783355,0.5210623304916078,0.08588455738672773,0.6601467616934213,0.6466736896137533,0.01347307207966808,0.612440244915597,0.5298646216468397,0.08257562326875734
1828,0.6607743780515638,0.6528704958757985,0.00790388217576532,0.6091153300533343,0.5247415051564944,0.08437382489683987,0.6630031658303108,0.6587644615529487,0.004238704277362171,0.6121686877813557,0.5319913460510258,0.08017734173032987
1829,0.6760776484727314,0.6538103896589874,0.02226725881374403,0.627045381273122,0.5337794281625265,0.09326595311059549,0.6783443184202427,0.6590619500612872,0.01928236835895547,0.6309538208668897,0.542402384134266,0.08855143673262367
1830,0.6743134826088846,0.6388538962578382,0.0354595863510464,0.5984305193775191,0.4916857981022848,0.10674472127523432,0.6775305206429796,0.6441251184454007,0.033405402197578926,0.6026774235348247,0.4989220044236031,0.10375541911122155
1831,0.6688558961032586,0.6442570747877506,0.024598821315507946,0.6095565642241233,0.5184273145064839,0.09112924971763936,0.6721342652834943,0.6493455851293404,0.022788680154153917,0.6139367210390987,0.5261266619808759,0.08781005905822281
1832,0.6708310486192226,0.6285817502516391,0.04224929836758351,0.5971545518798218,0.48886806321439213,0.10828648866542967,0.6731355109282099,0.6320663025366556,0.04106920839155426,0.600817910132456,0.49450969649284804,0.10630821363960796
1833,0.6579910948301155,0.6463741816364938,0.01161691319362168,0.6011690105408872,0.5109176375410475,0.09025137299983976,0.6595740707451847,0.6525133471237722,0.0070607236214125235,0.6051677864118284,0.5189075052604438,0.08626028115138462
1834,0.6722001005598035,0.6492856630389312,0.0229144375208723,0.6368491503979128,0.5346487271212232,0.10220042327668954,0.6740632056676651,0.6533077232119648,0.020755482455700247,0.639866847585312,0.5403678334563806,0.09949901412893136
1835,0.6726050744871634,0.643760618550214,0.028844455936949398,0.6193186862994331,0.5031201028449643,0.11619858345446876,0.6742605896238076,0.6484882634106307,0.025772326213176933,0.6211944306311091,0.5090498104875957,0.11214462014351345
1836,0.6593816110957786,0.6451959914326226,0.014185619663156013,0.5916395180196703,0.503222743457531,0.08841677456213926,0.6606764055021119,0.6499569960398717,0.01071940946224026,0.5956130134435078,0.510372600274268,0.0852404131692398
1837,0.6453512015016301,0.6433852090104599,0.001965992491170132,0.5979424399727444,0.5308269981718717,0.0671154418008727,0.6468706618632409,0.6465793613385664,0.0002913005246745204,0.6019804296573841,0.5367424593750199,0.06523797028236422
1838,0.667532946179302,0.6360189085708583,0.031514037608443735,0.5958061172063803,0.4920739926475585,0.1037321245588218,0.6681709144765524,0.6412630692542813,0.026907845222271076,0.5983581075607823,0.4991173093323076,0.09924079822847476
1839,0.6701608851759888,0.6537757075275064,0.016385177648482463,0.6132955739465367,0.5269763362135605,0.08631923773297612,0.6723028380647385,0.6577337366480964,0.014569101416642027,0.617475948919102,0.5333269168356476,0.08414903208345437
1840,0.6670977338444215,0.6391294613957101,0.027968272448711362,0.6082496065462856,0.5047588573817383,0.10349074916454726,0.6680400806674471,0.6419269767479581,0.026113103919489067,0.611618029274901,0.5089802208101678,0.10263780846473325
1841,0.6793554993067833,0.6470134690479009,0.03234203025888238,0.6112684100891173,0.5062025740373838,0.10506583605173347,0.6822946851267393,0.6532179833562624,0.029076701770476943,0.6155337160679208,0.5132724649154337,0.10226125115248719
1842,0.6798179701081221,0.6249703513543005,0.0548476187538216,0.6287695336226695,0.49955167282929064,0.12921786079337888,0.6837372839140421,0.6297649467129793,0.05397233720106276,0.6335684119777409,0.5072084997331061,0.12635991224463483
1843,0.6637058113167219,0.6477368180962696,0.01596899322045231,0.5962806641923983,0.5065414219101922,0.08973924228220609,0.6649252807685986,0.6512531266419685,0.013672154126630032,0.5998768954308945,0.5125375944056687,0.0873393010252258
1844,0.6574660524534301,0.6356379776872411,0.021828074766189087,0.5997824058969525,0.5120532973826375,0.08772910851431504,0.65864176617648,0.6394950857146304,0.01914668046184953,0.6024321223760256,0.5179214494209314,0.08451067295509418
1845,0.6644670399183048,0.6480873157979464,0.016379724120358374,0.5964602688707683,0.5088124736730579,0.08764779519771038,0.664689112514931,0.6521441792166541,0.012544933298276884,0.5999602202663379,0.5175276661360816,0.0824325541302563
1846,0.6464176368882066,0.6365858470825855,0.00983178980562116,0.5723088074781608,0.49993519345864246,0.07237361401951836,0.647887076675038,0.639964010788685,0.007923065886352942,0.5772828395307371,0.5069927208910588,0.07029011863967827
1847,0.6545802117925665,0.6448378086337755,0.009742403158791046,0.5878059245442158,0.5155489999422935,0.07225692460192223,0.6554894349264884,0.6493394697483723,0.006149965178116057,0.5903260461319916,0.5224187043422166,0.06790734178977498
1848,0.6740360401850425,0.6507801867547597,0.023255853430282802,0.6017630193925685,0.5161469448196963,0.08561607457287224,0.6764805316736628,0.6551059259385625,0.021374605735100305,0.6044947118227562,0.5228912592674289,0.0816034525553273
1849,0.6592510253081443,0.6611302684012796,-0.0018792430931353632,0.6063092120174796,0.5274819478947721,0.07882726412270746,0.661378661562872,0.6675183614653883,-0.006139699902516393,0.6101922536791673,0.5354964003774481,0.07469585330171924
1850,0.6731468322106968,0.6548552430592528,0.01829158915144402,0.6267674814189299,0.5303224821813431,0.09644499923758676,0.6752476229187118,0.6595131909172878,0.015734432001423992,0.629730344737016,0.5375028858030633,0.09222745893395268
1851,0.6625040218154337,0.6455071578433109,0.016996863972122744,0.5926450986481708,0.5044327786642064,0.0882123199839644,0.6644641151476612,0.650774410542712,0.013689704604949227,0.5967992849490787,0.5119940726168101,0.08480521233226868
1852,0.6546644006876075,0.6585617869979684,-0.003897386310360962,0.6102696486418031,0.5356641001355975,0.0746055485062056,0.656893042528315,0.6643182367174518,-0.007425194189136786,0.6144051858094073,0.5434554210638385,0.0709497647455688
1853,0.6649121803108413,0.6423390410000269,0.022573139310814394,0.6013871626555706,0.49753227002736333,0.10385489262820724,0.6671992093892202,0.6464589571567132,0.020740252232506973,0.6055648917908633,0.5046867098129635,0.10087818197789977
1854,0.6588915443447761,0.6530617221601513,0.0058298221846248,0.6194313826003757,0.5409485035617868,0.07848287903858886,0.6620643133942548,0.6591809616086797,0.0028833517855750834,0.6246423594522799,0.5480123198175202,0.07663003963475967
1855,0.6743433429600925,0.6639850943953605,0.010358248564731998,0.6433949689236911,0.5430107651656495,0.10038420375804158,0.6775161331278787,0.6691968917328226,0.008319241395056132,0.6470356453011789,0.5492813016411657,0.09775434366001312
1856,0.6673180306614859,0.6456026687791809,0.02171536188230494,0.6091820628377611,0.5204569076144143,0.08872515522334679,0.6681917328435691,0.6509557263296608,0.01723600651390833,0.6114980700341599,0.5283806542231166,0.08311741581104326
1857,0.6738876422067818,0.6666288511248704,0.007258791081911409,0.6208965082894604,0.5384912789131134,0.08240522937634698,0.6755607743349137,0.6712845140420238,0.004276260292889855,0.6242051550159429,0.5461369429723892,0.07806821204355363
1858,0.6672573915116834,0.6443388620648546,0.022918529446828817,0.5924211061878156,0.49466723560490483,0.0977538705829108,0.668983525217929,0.6481941304534591,0.02078939476446995,0.5975793332450794,0.5032133653974367,0.09436596784764273
1859,0.6492213821981697,0.6384330774743618,0.010788304723807873,0.5947900303864128,0.5149833296555093,0.07980670073090346,0.6514630356987321,0.6425802158642212,0.008882819834510891,0.5995205005753151,0.5217993750571448,0.07772112551817034
1860,0.6671530940436645,0.642601955234705,0.02455113880895954,0.6292407938093219,0.5299696923492032,0.09927110146011864,0.6696316715531233,0.646435509062895,0.023196162490228267,0.6324056702179648,0.5355818537702176,0.09682381644774718
1861,0.6560407357524543,0.6505450801538409,0.005495655598613314,0.6081364782665376,0.5293571116181726,0.07877936664836505,0.6584535925840982,0.655994857471756,0.002458735112342181,0.6127783318229721,0.5371406959107703,0.07563763591220185
1862,0.6740297980055449,0.6542046738488038,0.019825124156741092,0.6298180441634076,0.5306097031516842,0.09920834101172338,0.6768275783774951,0.6589248806766972,0.017902697700797887,0.6342277842336062,0.5383375996606481,0.09589018457295806
1863,0.662815295542063,0.6463604054430254,0.016454890099037556,0.6223060387482526,0.5287066538616536,0.09359938488659902,0.6643607651007644,0.6500271952137923,0.014333569886972097,0.6259952099825382,0.5340874740206902,0.09190773596184798
1864,0.6520522212903388,0.6323521271718449,0.019700094118493938,0.607050429105528,0.5127722844675265,0.09427814463800144,0.6532041157418096,0.6365683509861791,0.016635764755630444,0.6106458559897362,0.5203458105388241,0.09030004545091208
1865,0.6539773557291128,0.6359228021463872,0.018054553582725563,0.5946008331047934,0.5095543024911356,0.08504653061365774,0.6566477308242713,0.6408725475500785,0.015775183274192806,0.59901087860927,0.5164934599345903,0.08251741867467977
1866,0.6746329012477472,0.6471875500401891,0.02744535120755809,0.6091718261322189,0.5077307496836859,0.10144107644853295,0.6768180920902543,0.652323133075912,0.024494959014342288,0.6140463786399757,0.5152487740455788,0.0987976045943969
1867,0.6665810019854098,0.6379878603190198,0.028593141666390043,0.6033511511613768,0.5089913945425795,0.09435975661879736,0.6683543309953581,0.642715741756434,0.025638589238924148,0.6060577537915061,0.5162453210684816,0.08981243272302442
1868,0.670646836851875,0.6254845696734206,0.045162267178454396,0.6130140260690856,0.4913585303439984,0.12165549572508721,0.6722665313726648,0.6302260466688239,0.04204048470384092,0.6166235629919303,0.49871140583192797,0.11791215716000236
1869,0.6613942181511744,0.6466559444606063,0.014738273690568127,0.6107647026218166,0.5068706308681152,0.10389407175370136,0.6641258037715334,0.6523141629637081,0.011811640807825263,0.6156087443364635,0.5145645575686578,0.10104418676780569
1870,0.6792039443959742,0.6236937377309695,0.055510206665004724,0.630979088911146,0.49838681926847356,0.1325922696426724,0.683393628173087,0.6284769520501531,0.05491667612293394,0.6367481070926876,0.5046711841620702,0.13207692293061735
1871,0.6634685499337838,0.6292638465623916,0.03420470337139214,0.6114965361298278,0.49973974977505203,0.11175678635477576,0.6652194061966676,0.6347843961950612,0.030435010001606422,0.6135110477268946,0.5066154697994175,0.10689557792747706
1872,0.6644736829255764,0.6442768930018204,0.020196789923755953,0.6134553999483838,0.5186088551722279,0.09484654477615595,0.6657385772386062,0.6473671303238017,0.018371446914804523,0.6159615568314563,0.5244895257299256,0.09147203110153068
1873,0.6677896144458749,0.6423537312484685,0.025435883197406417,0.5991442041836597,0.5066474562131842,0.09249674797047547,0.66995602726454,0.6494974736467635,0.020458553617776487,0.6029348685619833,0.5154257192312961,0.08750914933068721
1874,0.6591352666638506,0.632959344458121,0.026175922205729618,0.5876618138705748,0.49619472357462924,0.09146709029594557,0.6609230798775286,0.6378576740944981,0.023065405783030513,0.5910813539440167,0.5026385863700727,0.08844276757394398
1875,0.6590560019607579,0.6556579691140917,0.003398032846666177,0.589339099608984,0.5132879460383788,0.07605115357060521,0.6600608507433093,0.6610229206913424,-0.0009620699480330508,0.5935014469689938,0.5218515237133408,0.071649923255653
1876,0.6684444011186186,0.636152244243927,0.03229215687469156,0.6189776894887298,0.5077584932952091,0.11121919619352072,0.670610236667053,0.6400799329040494,0.030530303763003586,0.6240201021974263,0.513726827208093,0.11029327498933328
1877,0.68874940139279,0.6603069986778853,0.028442402714904613,0.6392679243773699,0.52707085255847,0.11219707181889993,0.6912471870427623,0.6656588117749906,0.02558837526777169,0.6426716045559837,0.5336217824302543,0.10904982212572945
1878,0.6602284316720328,0.6404384373423225,0.019789994329710292,0.6040769883437427,0.5166492048015036,0.08742778354223912,0.6630078659786776,0.6457245971293818,0.017283268849295763,0.6091182097080372,0.5237840188899912,0.08533419081804605
1879,0.6607850616376267,0.6263710442002399,0.03441401743738681,0.5917035323860799,0.4918144447283289,0.09988908765775095,0.6627413606103378,0.6309863797430048,0.03175498086733308,0.5963249903759877,0.49896353784711345,0.09736145252887429
1880,0.6823622400000927,0.617161120161323,0.06520111983876975,0.6369905735564917,0.5028136500444661,0.1341769235120256,0.6869912228528776,0.6233145136783664,0.06367670917451118,0.6413659494900186,0.5114388337794267,0.1299271157105919
1881,0.6766462510433457,0.6651650118554663,0.011481239187879466,0.6252490978988534,0.5274199452019472,0.09782915269690617,0.6789113401671174,0.6692276723282515,0.009683667838865873,0.6293640742172323,0.533300558526458,0.09606351569077431
1882,0.6653333504009151,0.6550075922561162,0.010325758144798969,0.6351094825335639,0.5440693564388678,0.09104012609469614,0.6681680017721556,0.6592909440966414,0.008877057675514277,0.6384668819303172,0.5496512601340914,0.08881562179622582
1883,0.6745726678499384,0.6599097319739173,0.014662935876021077,0.6083002377210168,0.5111397368999517,0.09716050082106509,0.6764716203153358,0.6644638233701482,0.01200779694518761,0.6125224394307616,0.5176924615176143,0.09482997791314729
1884,0.6649079750694739,0.6411641445762831,0.023743830493190732,0.6136079110904501,0.5144167970853581,0.09919111400509195,0.6664114246325937,0.645610618251562,0.020800806381031767,0.6163854426180864,0.5206873907544368,0.09569805186364955
1885,0.6579486551953512,0.639981802504173,0.017966852691178148,0.5980704280009943,0.5046615905030929,0.09340883749790141,0.6594602669798006,0.6429831110702433,0.01647715590955734,0.6018018953708884,0.5094998971153101,0.09230199825557828
1886,0.6615270521936558,0.6659282712681536,-0.004401219074497753,0.6140679472209503,0.52905932941756,0.08500861780339031,0.6637874955723029,0.672948787959895,-0.009161292387592113,0.6170913316091676,0.5381409113007327,0.07895042030843491
1887,0.6601573591593338,0.6557833349108044,0.004374024248529396,0.5805276625999022,0.5117827481771051,0.06874491442279707,0.6611041236098348,0.661823766406623,-0.0007196427967881558,0.5838353839830841,0.5203477791834431,0.063487604799641
1888,0.6757141295617285,0.6431887230527045,0.032525406509024024,0.6169024581845288,0.5166326637922185,0.10026979439231032,0.6787723272114834,0.6476421307753981,0.031130196436085278,0.6204820488619136,0.5240825337102105,0.09639951515170309
1889,0.6401307898552626,0.6234714251354946,0.016659364719768033,0.5683670660449596,0.4896395721665823,0.07872749387837724,0.6409302236628297,0.6285154263641913,0.01241479729863837,0.5716241430362905,0.4973426968023613,0.07428144623392918
1890,0.6752731850317567,0.6494935300813557,0.02577965495040102,0.6268209632105439,0.5110060529033752,0.11581491030716873,0.6770947603924025,0.6553110656301036,0.02178369476229891,0.6300847111879461,0.5183409599535562,0.11174375123438984
1891,0.6752090628924409,0.6414235980367028,0.03378546485573808,0.6298419611432929,0.5098423883248661,0.11999957281842688,0.6780664553343634,0.6469029266752166,0.031163528659146733,0.6335595192815736,0.517698661909713,0.11586085737186058
1892,0.6682092877497574,0.6528418057352846,0.0153674820144728,0.6258390067084655,0.5268226045540347,0.09901640215443075,0.6719073698862841,0.6592164906285517,0.01269087925773238,0.6313268913309409,0.5352089428716592,0.09611794845928168
1893,0.6643939098868912,0.6387493719424797,0.02564453794441146,0.6162488998684716,0.5136962779221442,0.10255262194632742,0.6665937665968176,0.6438977864544718,0.02269598014234575,0.6197544399686689,0.5202338532574634,0.09952058671120545
1894,0.668756209711699,0.6428935730025593,0.025862636709139686,0.6208417493797739,0.5165230541667538,0.10431869521302006,0.6712812479235641,0.6479919195274628,0.023289328396101316,0.6257135018098077,0.5226362728590823,0.10307722895072535
1895,0.671894084959141,0.6421738702775454,0.02972021468159569,0.6258020577578802,0.5197720074660492,0.10603005029183099,0.6761707660433682,0.647438372890156,0.028732393153212188,0.63147678935547,0.525353078896398,0.10612371045907198
1896,0.6554746633178006,0.6731704025821673,-0.01769573926436674,0.6213729032750825,0.5609306500939886,0.060442253181093974,0.6570672967033468,0.6787924575547715,-0.02172516085142462,0.6253462419586286,0.568709071079066,0.05663717087956266
1897,0.6695324092007905,0.6420517409617582,0.02748066823903228,0.606977433724194,0.5085642191881508,0.09841321453604324,0.6724690372069747,0.6478922669769565,0.024576770230018252,0.6120437909987259,0.5150524834153676,0.09699130758335828
1898,0.6753182999048706,0.6559163024741134,0.019401997430757212,0.616076701827882,0.518581476340005,0.09749522548787704,0.6778001628397641,0.6623516779924914,0.015448484847272681,0.6202793960856139,0.5273866095584288,0.09289278652718513
1899,0.6697634075787398,0.6353821763618928,0.034381231216847,0.5958439568477891,0.4979602658562751,0.097883690991514,0.6706790616857239,0.6415528490142755,0.029126212671448437,0.5987649286763077,0.5058213000430918,0.09294362863321592
1900,0.6668483364243092,0.6353268335532982,0.031521502871010965,0.6113153090611398,0.5080863584950188,0.10322895056612102,0.6688597187425573,0.6392545584184756,0.02960516032408178,0.6163469358255353,0.5146410820664156,0.10170585375911978
1901,0.6811481246703103,0.6411645961530943,0.03998352851721598,0.6077099886720112,0.5004495875625393,0.10726040110947188,0.6859595192732744,0.6488538269926503,0.0371056922806241,0.6147761518566834,0.509852277920969,0.10492387393571445
1902,0.6698498445112565,0.6408261641357033,0.02902368037555325,0.5982008218756827,0.48872334918381954,0.10947747269186314,0.6711412502551988,0.6440511642054513,0.027090086049747497,0.6014694209852312,0.49457781854971294,0.10689160243551821
1903,0.6620739859426475,0.637043978361785,0.0250300075808626,0.6069902526819357,0.5180204102011359,0.08896984248079987,0.6639302219029535,0.6412478588013695,0.022682363101584002,0.61076820346873,0.5250366414504815,0.0857315620182485
1904,0.6544118650637666,0.6404014055012728,0.014010459562493804,0.5915598086426717,0.5135588485745841,0.07800096006808754,0.6563616855640813,0.6443940984913126,0.011967587072768682,0.5964792849942104,0.5197924344050657,0.0766868505891447
1905,0.6638527423243006,0.644154169902448,0.019698572421852578,0.6172829840158649,0.5293250624391796,0.08795792157668525,0.6670238719215622,0.6508689540183954,0.01615491790316681,0.6217985325153135,0.5372926159845581,0.08450591653075534
1906,0.6596242823309293,0.6369937728723196,0.02263050945860967,0.6092145460217583,0.5111070749083866,0.0981074711133717,0.6620505956586857,0.6428944683351194,0.019156127323566308,0.6123075218608239,0.519021639289559,0.09328588257126491
1907,0.655425986432473,0.6348354635596406,0.020590522872832362,0.5946037430589293,0.4934570722016611,0.1011466708572682,0.6560258686683607,0.6397402494890424,0.016285619179318256,0.5977450458490325,0.499503909396839,0.09824113645219357
1908,0.6396547312080012,0.6433992616033756,-0.003744530395374368,0.5944432750581414,0.5333939149013077,0.06104936015683371,0.6403083537223591,0.6486652459786499,-0.008356892256290882,0.5981499602861827,0.5414966024650161,0.05665335782116665
1909,0.6584136787903511,0.633983646860701,0.024430031929650098,0.5902612184090091,0.4970748567978057,0.09318636161120342,0.6582401814351483,0.6385801578356005,0.01966002359954777,0.5912143412894411,0.5037327800245293,0.0874815612649118
1910,0.6748615368897363,0.6362404077770893,0.038621129112646924,0.5954610542499872,0.4919296730604056,0.1035313811895816,0.6767033125785057,0.641990204338655,0.03471310823985074,0.5988265157811319,0.5002919293804208,0.09853458640071111
1911,0.6531341794274548,0.6470970252873699,0.006037154140084877,0.5917192564060547,0.5116357969075506,0.08008345949850415,0.6545892534014935,0.6527806617657101,0.0018085916357833964,0.5966398880899528,0.5198776799490077,0.07676220814094514
1912,0.666238094511145,0.6361590961222904,0.03007899838885464,0.6110445065612413,0.5064486523618387,0.10459585419940265,0.6680146954955872,0.6405470152972593,0.027467680198327904,0.6158051534459028,0.5133445451637874,0.10246060828211545
1913,0.6575596868447837,0.6616665987497466,-0.004106911904962929,0.6186073393271085,0.5538293932425009,0.06477794608460763,0.6608319220307732,0.6676345884901593,-0.0068026664593860975,0.6224112986941295,0.5610062551393106,0.061405043554818906
1914,0.6824602138290959,0.6369966459523111,0.04546356787678485,0.6242544945153838,0.5012718240119276,0.12298267050345624,0.6852386709763001,0.6420624590155952,0.04317621196070487,0.6279552236259984,0.507896108998777,0.12005911462722141
1915,0.6721026891004043,0.6542103034216832,0.01789238567872109,0.6283397304225515,0.5305458315497683,0.09779389887278322,0.6750366390127008,0.6583722287175193,0.01666441029518151,0.6325340068987765,0.5367906986741066,0.09574330822466992
1916,0.6708813504777278,0.6515482243633521,0.019333126114375654,0.6025893371690022,0.4965352616488108,0.10605407552019142,0.6722714129287859,0.6576351033778611,0.014636309550924764,0.6081631089211758,0.5059347311581877,0.1022283777629881
1917,0.6676639234735585,0.6401483800226372,0.02751554345092133,0.5893982507595237,0.5028826294569442,0.0865156213025795,0.6689951834617689,0.6447856668315581,0.02420951663021076,0.5927750953042024,0.5092876655230278,0.08348742978117452
1918,0.6731998529918348,0.6418961504873063,0.03130370250452852,0.6127663980919766,0.5123421724310941,0.1004242256608825,0.6764435164612128,0.647335372418984,0.029108144042228834,0.6156996410488798,0.5194672557234891,0.09623238532539069
1919,0.6735162061511244,0.6543497672979082,0.019166438853216228,0.6281973308823283,0.5247580893762178,0.1034392415061105,0.6743758212040107,0.6578255348725437,0.016550286331467046,0.6306889894385643,0.5302717848900134,0.10041720454855096
1920,0.665882547894743,0.6405928477574819,0.025289700137261062,0.6143685493578586,0.5087735863861556,0.10559496297170301,0.6672594383075792,0.6452784227448669,0.02198101556271226,0.6168895577168753,0.5156890649784847,0.1012004927383906
1921,0.6536339816074994,0.6547491945086674,-0.0011152129011680056,0.6022989958295735,0.5356453660540531,0.06665362977552036,0.6545904046727051,0.6600504131912435,-0.00546000851853834,0.6058987365035358,0.5435909462673946,0.06230779023614119
1922,0.6648858996947682,0.6516615046638534,0.01322439503091477,0.6165908026783113,0.5255504810444893,0.09104032163382203,0.667304386631189,0.6560865586300955,0.0112178280010935,0.6197696040128772,0.532413627326407,0.08735597668647022
1923,0.642537599169998,0.6454588078360979,-0.002921208666099906,0.5941559400946625,0.5372190027605873,0.05693693733407523,0.6436147580255531,0.6502250453097611,-0.006610287284207983,0.5968927039005905,0.544379596526035,0.0525131073745555
1924,0.664647590060389,0.6496785568882505,0.01496903317213849,0.6158190651157887,0.5170426161375347,0.098776448978254,0.6668896744753329,0.6554989704497676,0.011390704025565301,0.6209679220083715,0.5238762659508638,0.09709165605750769
1925,0.6688837666031692,0.6127251278014221,0.056158638801747096,0.600424227476176,0.4743403157834257,0.12608391169275024,0.6719744492813537,0.615343764515837,0.05663068476551669,0.6047784833328855,0.47989479781756095,0.12488368551532458
1926,0.6506081007815926,0.6479569767475937,0.0026511240339989195,0.6030783719225767,0.5301648859218098,0.07291348600076697,0.6527897943795408,0.6533874395870929,-0.0005976452075521221,0.6076603803739061,0.5379886608014357,0.06967171957247043
1927,0.6755504232472234,0.6394752162761678,0.036075206971055596,0.6052499539917422,0.501752720170441,0.10349723382130116,0.6771268361662559,0.6429277092798233,0.03419912688643256,0.6091705937981566,0.5081731973843183,0.10099739641383831
1928,0.6814193330794344,0.6489329952094912,0.03248633786994315,0.6244494698941453,0.5229329292176733,0.10151654067647198,0.6852847535526143,0.6543695110002439,0.030915242552370437,0.6287268254196199,0.529758809077389,0.09896801634223085
1929,0.6749095977392785,0.6453756417347846,0.029533956004493933,0.5994967629009071,0.5015477672099812,0.09794899569092597,0.6785329564787935,0.6511637512115338,0.027369205267259722,0.6049170350993964,0.5078313347561032,0.09708570034329322
1930,0.6610454122522961,0.6547003638736023,0.006345048378693763,0.6083268230646539,0.5315677551326452,0.0767590679320087,0.6632917421070947,0.658573142105052,0.004718600002042717,0.6119018844574728,0.5372587980191634,0.07464308643830941
1931,0.6688092281800959,0.6349326323257415,0.03387659585435443,0.5968033707493768,0.4925879650241331,0.10421540572524374,0.6723581128132156,0.6404474891887927,0.031910623624422874,0.601161806003915,0.4991784675992488,0.10198333840466622
1932,0.6718578442820877,0.6482449592185132,0.023612885063574507,0.6088030095444039,0.5089999175141722,0.09980309203023174,0.6736761477915305,0.6541790222949753,0.019497125496555245,0.6123060466350039,0.5174597558874692,0.0948462907475347
1933,0.6571058310202003,0.6410955471770152,0.016010283843185036,0.590197557473459,0.507190198803036,0.08300735867042308,0.6592487220505066,0.645027736162163,0.01422098588834353,0.5939798892546624,0.5128971525210015,0.08108273673366084
1934,0.6544245125364402,0.6507325139885909,0.0036919985478492956,0.6043200566848543,0.5314516110027667,0.07286844568208761,0.6565153625327226,0.6553989482216105,0.0011164143111120906,0.6076825470609482,0.5380067831635416,0.0696757638974066
1935,0.685854777394154,0.649580630320387,0.03627414707376697,0.6149189506351206,0.4944061906067426,0.12051276002837796,0.6880679132051948,0.6549963347389052,0.03307157846628961,0.618603434761626,0.500320943727457,0.1182824910341691
1936,0.6644174978732938,0.6422936757053647,0.022123822167929186,0.6171477787761147,0.5149024370053361,0.1022453417707786,0.6670861995271881,0.6459331728974147,0.021153026629773364,0.6199793574988052,0.5199438988819822,0.10003545861682295
1937,0.6737967234703334,0.6645131709983767,0.009283552471956669,0.6281933389702572,0.5504886513764208,0.07770468759383642,0.676374679637046,0.6688708924149586,0.0075037872220874435,0.6322133925763326,0.5553334202750527,0.07687997230127985
1938,0.6580869013017713,0.6423765698111802,0.01571033149059109,0.5950895862492154,0.5109500931666893,0.0841394930825261,0.659598677570996,0.6468475645480448,0.012751113022951177,0.5988127804477487,0.5176733573422575,0.08113942310549116
1939,0.6762456528312979,0.6398177255941443,0.0364279272371536,0.6307312621506886,0.5245420984834663,0.10618916366722231,0.6780534682210588,0.6443473133223463,0.03370615489871254,0.6338857547768033,0.5307528001881454,0.1031329545886579
1940,0.6723071687247242,0.628246372736159,0.04406079598856516,0.5995282085113476,0.4953465830755053,0.1041816254358423,0.6745958113883025,0.6318024929414106,0.04279331844689194,0.6013824786252655,0.49946198764979843,0.10192049097546707
1941,0.6733433094952345,0.6425023657857802,0.030840943709454227,0.6101583160179449,0.5054074917460607,0.1047508242718842,0.6755471737523797,0.647122937879948,0.028424235872431702,0.6137367222700506,0.5115316711504581,0.10220505111959255
1942,0.6790601739754283,0.6628267260261689,0.016233447949259405,0.6142914645650661,0.5188870205301002,0.09540444403496595,0.682418696849316,0.6695086780867017,0.012910018762614328,0.6192583865454951,0.5277074331730571,0.09155095337243802
1943,0.662078121610337,0.6484900242990858,0.013588097311251213,0.5995949360927951,0.5073895435231592,0.09220539256963589,0.6636368406485735,0.6528176918241457,0.010819148824427804,0.6041731668198179,0.5146523551396932,0.08952081168012471
1944,0.6700193403926049,0.6442374613743036,0.025781879018301312,0.6305772559026819,0.5257966789563808,0.10478057694630105,0.6736167789791584,0.6491716971023573,0.024445081876801056,0.6338096913840838,0.5326365931404498,0.10117309824363407
1945,0.6499977329487945,0.6337162011491996,0.016281531799594906,0.5945005094144655,0.513183106264183,0.08131740315028257,0.6515720571740873,0.638480811052236,0.013091246121851308,0.5975325641547524,0.5206169658245623,0.07691559833019013
1946,0.6712317938584809,0.6532789685447163,0.01795282531376452,0.6167523417231116,0.518802364261757,0.09794997746135459,0.6733526998207812,0.6586144799405562,0.014738219880224945,0.6221722960975996,0.5271530835588142,0.09501921253878542
1947,0.6762488735914991,0.6530831762186584,0.023165697372840688,0.6226870872182254,0.5098850658415077,0.11280202137671769,0.6771593709757266,0.658177589734133,0.018981781241593665,0.625154936360183,0.5165054600275731,0.1086494763326099
1948,0.6648447138858486,0.6464966064823987,0.018348107403449943,0.5892595782152159,0.5064069307868333,0.08285264742838261,0.6661084600408353,0.6509419913468466,0.015166468693988744,0.5915743290136648,0.512439017384353,0.07913531162931176
1949,0.6775606667279837,0.6422715931695029,0.035289073558480766,0.6197729689247544,0.5141561592429564,0.10561680968179799,0.6804138613073877,0.6463523735628982,0.03406148774448947,0.6237833403100931,0.5196163351366557,0.10416700517343735
1950,0.666272309462225,0.6399887205393794,0.026283588922845658,0.6177215710872145,0.5122166565527482,0.10550491453446631,0.6679572790282982,0.6446092329180844,0.023348046110213794,0.6215562607165254,0.5191241489786562,0.10243211173786915
1951,0.6600759132973467,0.635192035016638,0.024883878280708704,0.6208129303288328,0.51658771083616,0.10422521949267283,0.6619597424761873,0.6393398745133339,0.022619867962853424,0.6243820172413275,0.5231293373837866,0.10125267985754083
1952,0.6917369490306559,0.6541659216615051,0.037571027369150745,0.6315172240935387,0.5115349256510778,0.11998229844246089,0.6951086558691373,0.6595727494666213,0.035535906402516027,0.6355992946258965,0.5180730848319847,0.11752620979391182
1953,0.6718796765253489,0.6522820957830131,0.019597580742335752,0.6303667280187315,0.5319167933399696,0.09844993467876195,0.6752459861418492,0.6583251435404041,0.016920842601445107,0.6334942342819838,0.5385571222965443,0.09493711198543953
1954,0.6575319777811752,0.6286330178266453,0.028898959954529957,0.5985867457979868,0.5030672678539052,0.09551947794408155,0.6604001806388629,0.63284654455613,0.02755363608273287,0.6005301984118302,0.5101685810755647,0.09036161733626547
1955,0.6828997790240829,0.6564950026781626,0.02640477634592031,0.6227977681300108,0.5262785398412438,0.09651922828876691,0.686291759956815,0.662790833349074,0.023500926607741057,0.6275633136482885,0.533067890426208,0.0944954232220806
1956,0.6856248438074237,0.6474403038098738,0.03818453999754989,0.623234722753604,0.5052103053450039,0.11802441740860015,0.6886517938053061,0.6531276969799684,0.03552409682533764,0.6271396813220276,0.5117502250638782,0.11538945625814934
1957,0.6986443156073798,0.639411934897571,0.05923238070980885,0.6357691327346636,0.4949781305663479,0.14079100216831575,0.7041647522726888,0.6438918760545976,0.06027287621809119,0.6423062670923416,0.5020285255722715,0.1402777415200701
1958,0.6778731963977291,0.6455203826189109,0.03235281377881827,0.6274664852737419,0.520686256129933,0.10678022914380891,0.6822238034165249,0.6521908495359838,0.030032953880541058,0.6312799005178081,0.5294913784249353,0.10178852209287281
1959,0.6783625012313818,0.640540549766842,0.037821951464539705,0.6186904392070722,0.5068607000894718,0.11182973911760041,0.6802410040828479,0.6438974952948633,0.036343508787984646,0.621482778391681,0.512461731708825,0.10902104668285595
1960,0.6643257459060236,0.6414304552613009,0.02289529064472262,0.6084304125018732,0.5094229474785843,0.09900746502328894,0.6669528826066836,0.6447489126491764,0.022203969957507175,0.6131211185305927,0.5146911683195957,0.09842995021099699
1961,0.6709388066929967,0.6527359733465081,0.018202833346488534,0.6229443825860923,0.5284942062728352,0.09445017631325714,0.673183742450534,0.6586925488376473,0.014491193612886755,0.6268325891616507,0.53610022407044,0.09073236509121074
1962,0.6490554304159779,0.6500549818673566,-0.000999551451378644,0.5838731570819191,0.5096152350309393,0.07425792205097981,0.6512245278931545,0.6563970558833958,-0.00517252799024126,0.5891984270215258,0.5188966674918237,0.07030175952970208
1963,0.6594751364055844,0.6333387449275585,0.026136391478025933,0.5867319269048112,0.487676950754275,0.09905497615053627,0.6601916523456729,0.6373706098539094,0.022821042491763532,0.5904878480968732,0.49481250616661376,0.0956753419302594
1964,0.6595977943800382,0.6476996621246393,0.01189813225539893,0.6146927262233681,0.5377578397466778,0.07693488647669033,0.6623072051984064,0.6531329164086037,0.009174288789802643,0.6187379049629944,0.5447247148463523,0.07401319011664209
1965,0.6810389061360818,0.6434888233064345,0.037550082829647224,0.6211468728989193,0.5132538749273456,0.1078929979715737,0.682961032187791,0.6486231739365635,0.03433785825122748,0.6256787205538734,0.5205261130516732,0.10515260750220023
1966,0.6773153098804653,0.6582019440809158,0.019113365799549475,0.6276866541584638,0.5331234381621927,0.09456321599627115,0.6814129551382266,0.664582432551617,0.016830522586609664,0.632088764651456,0.540130526492701,0.09195823815875503
1967,0.6588367745681403,0.6540194744406156,0.004817300127524682,0.6155211363845836,0.5307277043071187,0.08479343207746493,0.6601910379061022,0.6583478487965272,0.0018431891095750386,0.6194779425055248,0.5385378414110424,0.08094010109448235
1968,0.6604537935380184,0.6356550553906226,0.02479873814739575,0.6079621247155247,0.5092623477851781,0.0986997769303466,0.6631027746446332,0.6410323272089451,0.02207044743568809,0.6127589589870562,0.5166467585835908,0.09611220040346546
1969,0.6600941025231241,0.6198295391833976,0.0402645633397265,0.6144774575557733,0.49977614214075794,0.11470131541501538,0.6619906738436315,0.6242590613079635,0.037731612535668035,0.6161490493589241,0.5052789564884146,0.11087009287050953
1970,0.677443874699254,0.6503128259166886,0.027131048782565448,0.6263700423391421,0.5062227395047101,0.12014730283443198,0.6794475151110597,0.6558513492613445,0.023596165849715245,0.6297693724911364,0.5131355939578497,0.11663377853328671
1971,0.648669895191698,0.6549441956365633,-0.006274300444865211,0.6047457226104219,0.5460064670769613,0.0587392555334606,0.6511892377219707,0.6620668087852224,-0.010877571063251712,0.6083735789225958,0.5543007141588507,0.054072864763745065
1972,0.6962173678365987,0.6405079818144132,0.05570938602218556,0.6283021885385396,0.4934552174365014,0.1348469711020382,0.6994105438580114,0.6452541063213659,0.05415643753664545,0.6321508078792896,0.4993703760513907,0.1327804318278989
1973,0.6699134279179474,0.6373109534292698,0.03260247448867759,0.607319223554894,0.4994757031843126,0.10784352037058137,0.6728925659960401,0.6415912838954851,0.03130128210055494,0.6108247840416493,0.5051982741993265,0.1056265098423228
1974,0.6556198371614339,0.635365568242779,0.020254268918654894,0.6023729067056623,0.5097848399525254,0.09258806675313691,0.6567490687834137,0.6387831053606585,0.017965963422755138,0.6052463786596245,0.5157497247397401,0.08949665391988437
1975,0.6682514520765963,0.6252430448554164,0.043008407221179934,0.6125391372929521,0.4999239312362809,0.11261520605667114,0.6707855899758489,0.6299820835744026,0.040803506401446366,0.6168702377159907,0.507092654998188,0.10977758271780269
1976,0.6740144064719178,0.6645823227491449,0.009432083722772933,0.622875107148001,0.5271594441816924,0.09571566296630862,0.6769987342254195,0.6702483105500749,0.006750423675344508,0.625908272706347,0.5335815302304571,0.0923267424758899
1977,0.6603205067778685,0.6419751351401907,0.0183453716376778,0.6012707964454818,0.508732523223263,0.09253827322221875,0.6619545433378067,0.6465916088631019,0.015362934474704826,0.6049874507724041,0.5168711084086035,0.08811634236380061
1978,0.6594464106597991,0.650326205772084,0.009120204887715144,0.6112482513251638,0.5287139400314285,0.08253431129373534,0.6620624835317616,0.6581367357360923,0.003925747795669232,0.6150848331385854,0.5383972798782406,0.07668755326034482
1979,0.6539757888391975,0.6441175423498894,0.009858246489308109,0.6026271618844797,0.5139291076622362,0.08869805422224353,0.6568011528317848,0.651004846520084,0.005796306311700805,0.6067895962549952,0.5233344401846509,0.08345515607034426
1980,0.6799931480719572,0.6586453497979184,0.021347798274038765,0.6196548614007054,0.5104202388808827,0.10923462251982263,0.6821651267215292,0.6653951437581136,0.016769982963415586,0.6230097038258049,0.5193136579979731,0.10369604582783176
1981,0.67955625474259,0.6588176198058507,0.02073863493673922,0.6263931132100744,0.5271874302273638,0.0992056829827106,0.6814838258302852,0.663209708830713,0.018274116999572265,0.6297014691174945,0.5333700997484934,0.09633136936900111
1982,0.6694595220587012,0.6490963799445331,0.02036314211416812,0.627451250376665,0.5188628964769875,0.10858835389967758,0.6714222886491497,0.655648804769295,0.015773483879854666,0.6307860311072235,0.5280326307825949,0.10275340032462865
1983,0.6693847771266648,0.6593964505953049,0.009988326531359837,0.6260006393466084,0.5330289993876484,0.09297163995896007,0.6709245795930454,0.663462318073039,0.007462261520006397,0.6289287053390066,0.5397099123652319,0.08921879297377466
1984,0.6690250931017006,0.63573087940393,0.033294213697770525,0.6145247676598526,0.5081477752594293,0.10637699240042331,0.6702506471404255,0.6402052803806676,0.030045366759757886,0.6180102087056285,0.5148682022765039,0.10314200642912463
1985,0.6620800453713822,0.6403134312277974,0.021766614143584828,0.6114111321955775,0.5269733752404774,0.08443775695510014,0.6641356965994563,0.644834354055895,0.019301342543561306,0.6155131126217197,0.5353881758298292,0.08012493679189048
1986,0.659516497361997,0.650534628894909,0.008981868467088039,0.5949638763928118,0.52404096469242,0.07092291170039178,0.6607162028379451,0.6539170422011696,0.0067991606367754365,0.5990856980484054,0.5304808009307375,0.06860489711766793
1987,0.6795567970030829,0.665883977662797,0.013672819340285858,0.6302201303825824,0.5212116768582408,0.10900845352434163,0.681446100875178,0.6698863559149882,0.011559744960189744,0.6340528399439758,0.5265906286773767,0.10746221126659905
1988,0.6515067488265063,0.6677004641926261,-0.0161937153661198,0.6000506413839942,0.5416385211156716,0.058412120268322654,0.6529906876923275,0.6734387631748975,-0.020448075482569994,0.606233668358038,0.5507995233911127,0.055434144966925336
1989,0.6785939496151809,0.6375013632256256,0.041092586389555374,0.6242300339121202,0.5066408502072294,0.1175891837048908,0.6821619968423569,0.6427034131572569,0.039458583685100024,0.6300054387434398,0.5136011530396732,0.1164042857037666
1990,0.6722020795506535,0.65331845580106,0.018883623749593514,0.6211602033899204,0.5140082815515263,0.10715192183839406,0.674400588415778,0.6574962142058287,0.01690437420994928,0.6248708771702964,0.5199031846963358,0.10496769247396065
1991,0.6929732682427512,0.6441070795850474,0.04886618865770376,0.6245452017215425,0.49434521887671834,0.13019998284482415,0.6952789939527244,0.6474454788528978,0.047833515099826585,0.6278199229489264,0.49857138910429644,0.12924853384462998
1992,0.6803367033978841,0.6430069481008684,0.037329755297015654,0.6178683777160238,0.5056175664829854,0.11225081123303837,0.6837588298366749,0.6471358511213549,0.036622978715320054,0.6228518567877248,0.5112844090191253,0.1115674477685995
1993,0.6580726515272033,0.6557957663856188,0.002276885141584528,0.5799924019491962,0.5076912914859252,0.07230111046327103,0.6577675409305401,0.6602700180008356,-0.0025024770702954946,0.5843985890193218,0.5151551630429794,0.06924342597634248
1994,0.6641226281784139,0.6546759340255942,0.009446694152819735,0.6100768179052756,0.5190349708113532,0.09104184709392238,0.6657265141328448,0.6588315630751784,0.006894951057666354,0.6127042700281238,0.5249746025974513,0.08772966743067245
1995,0.6511990559547027,0.6494703666283085,0.0017286893263942504,0.5969513152749392,0.5283894037867726,0.0685619114881666,0.6536226657103418,0.655081707344402,-0.0014590416340601875,0.6001839232273806,0.5365611848084593,0.0636227384189213
1996,0.6805499631623873,0.62394454732798,0.05660541583440726,0.6058128080797425,0.4703189025708725,0.13549390550886997,0.6833484385227012,0.6272273966161747,0.05612104190652656,0.6103968841555438,0.4753695760277943,0.13502730812774955
1997,0.6611151026625344,0.6521764314677212,0.008938671194813175,0.6107625364848593,0.5254746558771609,0.08528788060769843,0.6637481987066935,0.6582017130594202,0.005546485647273336,0.6160700721135739,0.5328070150099495,0.08326305710362436
1998,0.6880739332450199,0.6438305786850042,0.04424335456001571,0.6247186099009974,0.51007499722958,0.11464361267141732,0.6921030317811353,0.6487992788206298,0.04330375296050548,0.6301542547295582,0.516423736399651,0.11373051832990722
1999,0.6741417990711377,0.6533588259987356,0.020782973072402067,0.630941247951648,0.5285171558074953,0.10242409214415271,0.6764673784329351,0.6583882569420894,0.018079121490845784,0.6336675157278702,0.534341586213694,0.09932592951417618
