dataset,path,size_bytes,size_human,row_count,columns_or_keys,status,route_priority
PROMISE12,outputs/Q1X_CM2A_prostate158_official_manifest_t2_resolver_and_slice_preflight_fix3_v1/CM2A_PROMISE12_IMAGE_ONLY_PATIENT_MANIFEST.csv,11159,10.90 KiB,50,patient_id|case_id|image_mhd|image_raw|dim_x|dim_y|dim_z|element_type|element_spacing,OK,0
Prostate158,outputs/Q1X_CM2A_prostate158_official_manifest_t2_resolver_and_slice_preflight_fix3_v1/CM2A_PROMISE12_IMAGE_ONLY_PATIENT_MANIFEST.csv,11159,10.90 KiB,50,patient_id|case_id|image_mhd|image_raw|dim_x|dim_y|dim_z|element_type|element_spacing,OK,0
PROMISE12,outputs/Q1X_CM2A_prostate158_official_manifest_t2_resolver_and_slice_preflight_fix3_v1/CM2A_PROMISE12_IMAGE_ONLY_SLICE_MANIFEST.csv,304886,297.74 KiB,1377,sample_id|patient_id|case_id|slice_axis|slice_index|image_mhd|image_raw|dim_x|dim_y|dim_z|gt_used_for_manifest,OK,0
Prostate158,outputs/Q1X_CM2A_prostate158_official_manifest_t2_resolver_and_slice_preflight_fix3_v1/CM2A_PROMISE12_IMAGE_ONLY_SLICE_MANIFEST.csv,304886,297.74 KiB,1377,sample_id|patient_id|case_id|slice_axis|slice_index|image_mhd|image_raw|dim_x|dim_y|dim_z|gt_used_for_manifest,OK,0
Prostate158,outputs/Q1X_CM2A_prostate158_official_manifest_t2_resolver_and_slice_preflight_fix3_v1/CM2A_PROSTATE158_OFFICIAL_T2_CASE_MANIFEST.csv,40666,39.71 KiB,139,case_key|official_split|t2_path|annotation_path|shape_x|shape_y|shape_z|slice_axis|n_slices|n_source_gt_positive_slices|n_source_gt_empty_slices|whole_gland_rule,OK,0
Prostate158,outputs/Q1X_CM2A_prostate158_official_manifest_t2_resolver_and_slice_preflight_fix3_v1/CM2A_PROSTATE_MRI_SAMPLE_UNIT_LOCK.json,2998,2.93 KiB,,status|decision|version|build|cm1_lock_sha256|fix3_reason|source|external|information_boundary|artifacts|next_stage,OK,0
PROMISE12,outputs/Q1X_CM2B_prostate_mri_preprocessing_and_model_protocol_lock_fix1_v1/CM2B_PROMISE12_IMAGE_ONLY_HEADER_AUDIT.csv,3442,3.36 KiB,50,patient_id|spacing_x|spacing_y|spacing_z|dim_x|dim_y|dim_z|element_type|gt_header_opened|gt_raw_opened,OK,0
Prostate158,outputs/Q1X_CM3_source_oof_segmentation_training_and_prediction_lock_fix1_v1/source_cache/source_cache_meta.json,568,568.00 B,,status|n_slices|input_size|target_spacing_mm|image_dtype|mask_dtype|image_range|source_only|promises12_accessed|images_sha256|masks_sha256|slices_sha256,OK,0
Prostate158,outputs/Q1X_CM3_source_oof_segmentation_training_and_prediction_lock_fix1_v1/source_cache/source_slices.csv,79278,77.42 KiB,3553,global_index|case_key|fold|slice_index|source_gt_positive,OK,0
Prostate158,outputs/Q1X_CM3_source_oof_segmentation_training_and_prediction_lock_fix2_v1/source_cache/source_cache_meta.json,568,568.00 B,,status|n_slices|input_size|target_spacing_mm|image_dtype|mask_dtype|image_range|source_only|promises12_accessed|images_sha256|masks_sha256|slices_sha256,OK,0
Prostate158,outputs/Q1X_CM3_source_oof_segmentation_training_and_prediction_lock_fix2_v1/source_cache/source_slices.csv,79278,77.42 KiB,3553,global_index|case_key|fold|slice_index|source_gt_positive,OK,0
Prostate158,outputs/Q1X_CM3_source_oof_segmentation_training_and_prediction_lock_fix3_v1/CM3_BATCH8_MODEL_PREFLIGHT.json,1259,1.23 KiB,,status|version|batch_size|input_size|device|gpu|families|segformer_encoder|promises12_gt_access,OK,100
Prostate158,outputs/Q1X_CM3_source_oof_segmentation_training_and_prediction_lock_fix3_v1/CM3_DeepLabV3_R50_FOLD_SUMMARY.csv,424,424.00 B,5,family|fold|best_epoch|best_mean_patient_dice|val_patient_count|val_slice_count|params|trainable_params,OK,100
Prostate158,outputs/Q1X_CM3_source_oof_segmentation_training_and_prediction_lock_fix3_v1/CM3_SegFormer_B0_FOLD_SUMMARY.csv,410,410.00 B,5,family|fold|best_epoch|best_mean_patient_dice|val_patient_count|val_slice_count|params|trainable_params,OK,100
Prostate158,outputs/Q1X_CM3_source_oof_segmentation_training_and_prediction_lock_fix3_v1/CM3_SOURCE_OOF_MODEL_PANEL_SUMMARY.csv,290,290.00 B,3,family|mean_fold_patient_dice|std_fold_patient_dice|best_epochs,OK,100
Prostate158,outputs/Q1X_CM3_source_oof_segmentation_training_and_prediction_lock_fix3_v1/CM3_SOURCE_OOF_SEGMENTATION_PANEL_LOCK.json,5066,4.95 KiB,,status|decision|version|build|cm2b_lock_sha256|source_patient_count|source_slice_count|fold_count|families|batch_size|max_epochs|target_spacing_mm|promises12_gt_access|segformer_encoder_lock|tta|safety_model_fitting|family_oof_artifacts|panel_summary|panel_summary_sha256|source_cache_meta|source_cache_meta_sha256|batch8_preflight|batch8_preflight_sha256|next_stage,OK,100
Prostate158,outputs/Q1X_CM3_source_oof_segmentation_training_and_prediction_lock_fix3_v1/CM3_UNet_FOLD_SUMMARY.csv,366,366.00 B,5,family|fold|best_epoch|best_mean_patient_dice|val_patient_count|val_slice_count|params|trainable_params,OK,100
Prostate158,outputs/Q1X_CM3_source_oof_segmentation_training_and_prediction_lock_fix3_v1/models/DeepLabV3_R50/fold0/best_oof_index.csv,14630,14.29 KiB,719,global_index|case_key|fold|slice_index,OK,100
Prostate158,outputs/Q1X_CM3_source_oof_segmentation_training_and_prediction_lock_fix3_v1/models/DeepLabV3_R50/fold0/best_patient_metrics.csv,1348,1.32 KiB,28,case_key|dice_3d|tp|fp|fn,OK,100
Prostate158,outputs/Q1X_CM3_source_oof_segmentation_training_and_prediction_lock_fix3_v1/models/DeepLabV3_R50/fold0/COMPLETE.json,1624,1.59 KiB,,status|version|family|fold|seed|best_epoch|best_mean_patient_dice|val_patient_count|val_slice_count|params|trainable_params|best_checkpoint|best_checkpoint_sha256|oof_prob|oof_prob_sha256|oof_mask|oof_mask_sha256|oof_index|oof_index_sha256|patient_metrics|patient_metrics_sha256,OK,100
Prostate158,outputs/Q1X_CM3_source_oof_segmentation_training_and_prediction_lock_fix3_v1/models/DeepLabV3_R50/fold0/history.csv,2235,2.18 KiB,26,epoch|train_loss|val_loss|val_mean_patient_dice|best_mean_patient_dice|bad_epochs,OK,100
Prostate158,outputs/Q1X_CM3_source_oof_segmentation_training_and_prediction_lock_fix3_v1/models/DeepLabV3_R50/fold1/best_oof_index.csv,14608,14.27 KiB,717,global_index|case_key|fold|slice_index,OK,100
Prostate158,outputs/Q1X_CM3_source_oof_segmentation_training_and_prediction_lock_fix3_v1/models/DeepLabV3_R50/fold1/best_patient_metrics.csv,1348,1.32 KiB,28,case_key|dice_3d|tp|fp|fn,OK,100
Prostate158,outputs/Q1X_CM3_source_oof_segmentation_training_and_prediction_lock_fix3_v1/models/DeepLabV3_R50/fold1/COMPLETE.json,1624,1.59 KiB,,status|version|family|fold|seed|best_epoch|best_mean_patient_dice|val_patient_count|val_slice_count|params|trainable_params|best_checkpoint|best_checkpoint_sha256|oof_prob|oof_prob_sha256|oof_mask|oof_mask_sha256|oof_index|oof_index_sha256|patient_metrics|patient_metrics_sha256,OK,100
Prostate158,outputs/Q1X_CM3_source_oof_segmentation_training_and_prediction_lock_fix3_v1/models/DeepLabV3_R50/fold1/history.csv,3715,3.63 KiB,44,epoch|train_loss|val_loss|val_mean_patient_dice|best_mean_patient_dice|bad_epochs,OK,100
Prostate158,outputs/Q1X_CM3_source_oof_segmentation_training_and_prediction_lock_fix3_v1/models/DeepLabV3_R50/fold2/best_oof_index.csv,14783,14.44 KiB,723,global_index|case_key|fold|slice_index,OK,100
Prostate158,outputs/Q1X_CM3_source_oof_segmentation_training_and_prediction_lock_fix3_v1/models/DeepLabV3_R50/fold2/best_patient_metrics.csv,1346,1.31 KiB,28,case_key|dice_3d|tp|fp|fn,OK,100
Prostate158,outputs/Q1X_CM3_source_oof_segmentation_training_and_prediction_lock_fix3_v1/models/DeepLabV3_R50/fold2/COMPLETE.json,1624,1.59 KiB,,status|version|family|fold|seed|best_epoch|best_mean_patient_dice|val_patient_count|val_slice_count|params|trainable_params|best_checkpoint|best_checkpoint_sha256|oof_prob|oof_prob_sha256|oof_mask|oof_mask_sha256|oof_index|oof_index_sha256|patient_metrics|patient_metrics_sha256,OK,100
Prostate158,outputs/Q1X_CM3_source_oof_segmentation_training_and_prediction_lock_fix3_v1/models/DeepLabV3_R50/fold2/history.csv,3559,3.48 KiB,42,epoch|train_loss|val_loss|val_mean_patient_dice|best_mean_patient_dice|bad_epochs,OK,100
Prostate158,outputs/Q1X_CM3_source_oof_segmentation_training_and_prediction_lock_fix3_v1/models/DeepLabV3_R50/fold3/best_oof_index.csv,14426,14.09 KiB,709,global_index|case_key|fold|slice_index,OK,100
Prostate158,outputs/Q1X_CM3_source_oof_segmentation_training_and_prediction_lock_fix3_v1/models/DeepLabV3_R50/fold3/best_patient_metrics.csv,1343,1.31 KiB,28,case_key|dice_3d|tp|fp|fn,OK,100
Prostate158,outputs/Q1X_CM3_source_oof_segmentation_training_and_prediction_lock_fix3_v1/models/DeepLabV3_R50/fold3/COMPLETE.json,1624,1.59 KiB,,status|version|family|fold|seed|best_epoch|best_mean_patient_dice|val_patient_count|val_slice_count|params|trainable_params|best_checkpoint|best_checkpoint_sha256|oof_prob|oof_prob_sha256|oof_mask|oof_mask_sha256|oof_index|oof_index_sha256|patient_metrics|patient_metrics_sha256,OK,100
Prostate158,outputs/Q1X_CM3_source_oof_segmentation_training_and_prediction_lock_fix3_v1/models/DeepLabV3_R50/fold3/history.csv,2891,2.82 KiB,34,epoch|train_loss|val_loss|val_mean_patient_dice|best_mean_patient_dice|bad_epochs,OK,100
Prostate158,outputs/Q1X_CM3_source_oof_segmentation_training_and_prediction_lock_fix3_v1/models/DeepLabV3_R50/fold4/best_oof_index.csv,13866,13.54 KiB,685,global_index|case_key|fold|slice_index,OK,100
Prostate158,outputs/Q1X_CM3_source_oof_segmentation_training_and_prediction_lock_fix3_v1/models/DeepLabV3_R50/fold4/best_patient_metrics.csv,1298,1.27 KiB,27,case_key|dice_3d|tp|fp|fn,OK,100
Prostate158,outputs/Q1X_CM3_source_oof_segmentation_training_and_prediction_lock_fix3_v1/models/DeepLabV3_R50/fold4/COMPLETE.json,1623,1.58 KiB,,status|version|family|fold|seed|best_epoch|best_mean_patient_dice|val_patient_count|val_slice_count|params|trainable_params|best_checkpoint|best_checkpoint_sha256|oof_prob|oof_prob_sha256|oof_mask|oof_mask_sha256|oof_index|oof_index_sha256|patient_metrics|patient_metrics_sha256,OK,100
Prostate158,outputs/Q1X_CM3_source_oof_segmentation_training_and_prediction_lock_fix3_v1/models/DeepLabV3_R50/fold4/history.csv,1976,1.93 KiB,23,epoch|train_loss|val_loss|val_mean_patient_dice|best_mean_patient_dice|bad_epochs,OK,100
Prostate158,outputs/Q1X_CM3_source_oof_segmentation_training_and_prediction_lock_fix3_v1/models/SegFormer_B0/fold0/best_oof_index.csv,14630,14.29 KiB,719,global_index|case_key|fold|slice_index,OK,100
Prostate158,outputs/Q1X_CM3_source_oof_segmentation_training_and_prediction_lock_fix3_v1/models/SegFormer_B0/fold0/best_patient_metrics.csv,1350,1.32 KiB,28,case_key|dice_3d|tp|fp|fn,OK,100
Prostate158,outputs/Q1X_CM3_source_oof_segmentation_training_and_prediction_lock_fix3_v1/models/SegFormer_B0/fold0/COMPLETE.json,1616,1.58 KiB,,status|version|family|fold|seed|best_epoch|best_mean_patient_dice|val_patient_count|val_slice_count|params|trainable_params|best_checkpoint|best_checkpoint_sha256|oof_prob|oof_prob_sha256|oof_mask|oof_mask_sha256|oof_index|oof_index_sha256|patient_metrics|patient_metrics_sha256,OK,100
Prostate158,outputs/Q1X_CM3_source_oof_segmentation_training_and_prediction_lock_fix3_v1/models/SegFormer_B0/fold0/history.csv,4143,4.05 KiB,49,epoch|train_loss|val_loss|val_mean_patient_dice|best_mean_patient_dice|bad_epochs,OK,100
Prostate158,outputs/Q1X_CM3_source_oof_segmentation_training_and_prediction_lock_fix3_v1/models/SegFormer_B0/fold1/best_oof_index.csv,14608,14.27 KiB,717,global_index|case_key|fold|slice_index,OK,100
Prostate158,outputs/Q1X_CM3_source_oof_segmentation_training_and_prediction_lock_fix3_v1/models/SegFormer_B0/fold1/best_patient_metrics.csv,1356,1.32 KiB,28,case_key|dice_3d|tp|fp|fn,OK,100
Prostate158,outputs/Q1X_CM3_source_oof_segmentation_training_and_prediction_lock_fix3_v1/models/SegFormer_B0/fold1/COMPLETE.json,1616,1.58 KiB,,status|version|family|fold|seed|best_epoch|best_mean_patient_dice|val_patient_count|val_slice_count|params|trainable_params|best_checkpoint|best_checkpoint_sha256|oof_prob|oof_prob_sha256|oof_mask|oof_mask_sha256|oof_index|oof_index_sha256|patient_metrics|patient_metrics_sha256,OK,100
Prostate158,outputs/Q1X_CM3_source_oof_segmentation_training_and_prediction_lock_fix3_v1/models/SegFormer_B0/fold1/history.csv,3737,3.65 KiB,44,epoch|train_loss|val_loss|val_mean_patient_dice|best_mean_patient_dice|bad_epochs,OK,100
Prostate158,outputs/Q1X_CM3_source_oof_segmentation_training_and_prediction_lock_fix3_v1/models/SegFormer_B0/fold2/best_oof_index.csv,14783,14.44 KiB,723,global_index|case_key|fold|slice_index,OK,100
Prostate158,outputs/Q1X_CM3_source_oof_segmentation_training_and_prediction_lock_fix3_v1/models/SegFormer_B0/fold2/best_patient_metrics.csv,1348,1.32 KiB,28,case_key|dice_3d|tp|fp|fn,OK,100
Prostate158,outputs/Q1X_CM3_source_oof_segmentation_training_and_prediction_lock_fix3_v1/models/SegFormer_B0/fold2/COMPLETE.json,1616,1.58 KiB,,status|version|family|fold|seed|best_epoch|best_mean_patient_dice|val_patient_count|val_slice_count|params|trainable_params|best_checkpoint|best_checkpoint_sha256|oof_prob|oof_prob_sha256|oof_mask|oof_mask_sha256|oof_index|oof_index_sha256|patient_metrics|patient_metrics_sha256,OK,100
Prostate158,outputs/Q1X_CM3_source_oof_segmentation_training_and_prediction_lock_fix3_v1/models/SegFormer_B0/fold2/history.csv,4228,4.13 KiB,50,epoch|train_loss|val_loss|val_mean_patient_dice|best_mean_patient_dice|bad_epochs,OK,100
Prostate158,outputs/Q1X_CM3_source_oof_segmentation_training_and_prediction_lock_fix3_v1/models/SegFormer_B0/fold3/best_oof_index.csv,14426,14.09 KiB,709,global_index|case_key|fold|slice_index,OK,100
Prostate158,outputs/Q1X_CM3_source_oof_segmentation_training_and_prediction_lock_fix3_v1/models/SegFormer_B0/fold3/best_patient_metrics.csv,1346,1.31 KiB,28,case_key|dice_3d|tp|fp|fn,OK,100
Prostate158,outputs/Q1X_CM3_source_oof_segmentation_training_and_prediction_lock_fix3_v1/models/SegFormer_B0/fold3/COMPLETE.json,1616,1.58 KiB,,status|version|family|fold|seed|best_epoch|best_mean_patient_dice|val_patient_count|val_slice_count|params|trainable_params|best_checkpoint|best_checkpoint_sha256|oof_prob|oof_prob_sha256|oof_mask|oof_mask_sha256|oof_index|oof_index_sha256|patient_metrics|patient_metrics_sha256,OK,100
Prostate158,outputs/Q1X_CM3_source_oof_segmentation_training_and_prediction_lock_fix3_v1/models/SegFormer_B0/fold3/history.csv,3238,3.16 KiB,38,epoch|train_loss|val_loss|val_mean_patient_dice|best_mean_patient_dice|bad_epochs,OK,100
Prostate158,outputs/Q1X_CM3_source_oof_segmentation_training_and_prediction_lock_fix3_v1/models/SegFormer_B0/fold4/best_oof_index.csv,13866,13.54 KiB,685,global_index|case_key|fold|slice_index,OK,100
Prostate158,outputs/Q1X_CM3_source_oof_segmentation_training_and_prediction_lock_fix3_v1/models/SegFormer_B0/fold4/best_patient_metrics.csv,1299,1.27 KiB,27,case_key|dice_3d|tp|fp|fn,OK,100
Prostate158,outputs/Q1X_CM3_source_oof_segmentation_training_and_prediction_lock_fix3_v1/models/SegFormer_B0/fold4/COMPLETE.json,1616,1.58 KiB,,status|version|family|fold|seed|best_epoch|best_mean_patient_dice|val_patient_count|val_slice_count|params|trainable_params|best_checkpoint|best_checkpoint_sha256|oof_prob|oof_prob_sha256|oof_mask|oof_mask_sha256|oof_index|oof_index_sha256|patient_metrics|patient_metrics_sha256,OK,100
Prostate158,outputs/Q1X_CM3_source_oof_segmentation_training_and_prediction_lock_fix3_v1/models/SegFormer_B0/fold4/history.csv,4239,4.14 KiB,50,epoch|train_loss|val_loss|val_mean_patient_dice|best_mean_patient_dice|bad_epochs,OK,100
Prostate158,outputs/Q1X_CM3_source_oof_segmentation_training_and_prediction_lock_fix3_v1/models/UNet/fold0/best_oof_index.csv,14630,14.29 KiB,719,global_index|case_key|fold|slice_index,OK,100
Prostate158,outputs/Q1X_CM3_source_oof_segmentation_training_and_prediction_lock_fix3_v1/models/UNet/fold0/best_patient_metrics.csv,1353,1.32 KiB,28,case_key|dice_3d|tp|fp|fn,OK,100
Prostate158,outputs/Q1X_CM3_source_oof_segmentation_training_and_prediction_lock_fix3_v1/models/UNet/fold0/COMPLETE.json,1566,1.53 KiB,,status|version|family|fold|seed|best_epoch|best_mean_patient_dice|val_patient_count|val_slice_count|params|trainable_params|best_checkpoint|best_checkpoint_sha256|oof_prob|oof_prob_sha256|oof_mask|oof_mask_sha256|oof_index|oof_index_sha256|patient_metrics|patient_metrics_sha256,OK,100
Prostate158,outputs/Q1X_CM3_source_oof_segmentation_training_and_prediction_lock_fix3_v1/models/UNet/fold0/history.csv,3375,3.30 KiB,40,epoch|train_loss|val_loss|val_mean_patient_dice|best_mean_patient_dice|bad_epochs,OK,100
Prostate158,outputs/Q1X_CM3_source_oof_segmentation_training_and_prediction_lock_fix3_v1/models/UNet/fold1/best_oof_index.csv,14608,14.27 KiB,717,global_index|case_key|fold|slice_index,OK,100
Prostate158,outputs/Q1X_CM3_source_oof_segmentation_training_and_prediction_lock_fix3_v1/models/UNet/fold1/best_patient_metrics.csv,1350,1.32 KiB,28,case_key|dice_3d|tp|fp|fn,OK,100
Prostate158,outputs/Q1X_CM3_source_oof_segmentation_training_and_prediction_lock_fix3_v1/models/UNet/fold1/COMPLETE.json,1568,1.53 KiB,,status|version|family|fold|seed|best_epoch|best_mean_patient_dice|val_patient_count|val_slice_count|params|trainable_params|best_checkpoint|best_checkpoint_sha256|oof_prob|oof_prob_sha256|oof_mask|oof_mask_sha256|oof_index|oof_index_sha256|patient_metrics|patient_metrics_sha256,OK,100
Prostate158,outputs/Q1X_CM3_source_oof_segmentation_training_and_prediction_lock_fix3_v1/models/UNet/fold1/history.csv,2480,2.42 KiB,29,epoch|train_loss|val_loss|val_mean_patient_dice|best_mean_patient_dice|bad_epochs,OK,100
Prostate158,outputs/Q1X_CM3_source_oof_segmentation_training_and_prediction_lock_fix3_v1/models/UNet/fold2/best_oof_index.csv,14783,14.44 KiB,723,global_index|case_key|fold|slice_index,OK,100
Prostate158,outputs/Q1X_CM3_source_oof_segmentation_training_and_prediction_lock_fix3_v1/models/UNet/fold2/best_patient_metrics.csv,1352,1.32 KiB,28,case_key|dice_3d|tp|fp|fn,OK,100
Prostate158,outputs/Q1X_CM3_source_oof_segmentation_training_and_prediction_lock_fix3_v1/models/UNet/fold2/COMPLETE.json,1568,1.53 KiB,,status|version|family|fold|seed|best_epoch|best_mean_patient_dice|val_patient_count|val_slice_count|params|trainable_params|best_checkpoint|best_checkpoint_sha256|oof_prob|oof_prob_sha256|oof_mask|oof_mask_sha256|oof_index|oof_index_sha256|patient_metrics|patient_metrics_sha256,OK,100
Prostate158,outputs/Q1X_CM3_source_oof_segmentation_training_and_prediction_lock_fix3_v1/models/UNet/fold2/history.csv,2141,2.09 KiB,25,epoch|train_loss|val_loss|val_mean_patient_dice|best_mean_patient_dice|bad_epochs,OK,100
Prostate158,outputs/Q1X_CM3_source_oof_segmentation_training_and_prediction_lock_fix3_v1/models/UNet/fold3/best_oof_index.csv,14426,14.09 KiB,709,global_index|case_key|fold|slice_index,OK,100
Prostate158,outputs/Q1X_CM3_source_oof_segmentation_training_and_prediction_lock_fix3_v1/models/UNet/fold3/best_patient_metrics.csv,1346,1.31 KiB,28,case_key|dice_3d|tp|fp|fn,OK,100
Prostate158,outputs/Q1X_CM3_source_oof_segmentation_training_and_prediction_lock_fix3_v1/models/UNet/fold3/COMPLETE.json,1567,1.53 KiB,,status|version|family|fold|seed|best_epoch|best_mean_patient_dice|val_patient_count|val_slice_count|params|trainable_params|best_checkpoint|best_checkpoint_sha256|oof_prob|oof_prob_sha256|oof_mask|oof_mask_sha256|oof_index|oof_index_sha256|patient_metrics|patient_metrics_sha256,OK,100
Prostate158,outputs/Q1X_CM3_source_oof_segmentation_training_and_prediction_lock_fix3_v1/models/UNet/fold3/history.csv,2881,2.81 KiB,34,epoch|train_loss|val_loss|val_mean_patient_dice|best_mean_patient_dice|bad_epochs,OK,100
Prostate158,outputs/Q1X_CM3_source_oof_segmentation_training_and_prediction_lock_fix3_v1/models/UNet/fold4/best_oof_index.csv,13866,13.54 KiB,685,global_index|case_key|fold|slice_index,OK,100
Prostate158,outputs/Q1X_CM3_source_oof_segmentation_training_and_prediction_lock_fix3_v1/models/UNet/fold4/best_patient_metrics.csv,1300,1.27 KiB,27,case_key|dice_3d|tp|fp|fn,OK,100
Prostate158,outputs/Q1X_CM3_source_oof_segmentation_training_and_prediction_lock_fix3_v1/models/UNet/fold4/COMPLETE.json,1567,1.53 KiB,,status|version|family|fold|seed|best_epoch|best_mean_patient_dice|val_patient_count|val_slice_count|params|trainable_params|best_checkpoint|best_checkpoint_sha256|oof_prob|oof_prob_sha256|oof_mask|oof_mask_sha256|oof_index|oof_index_sha256|patient_metrics|patient_metrics_sha256,OK,100
Prostate158,outputs/Q1X_CM3_source_oof_segmentation_training_and_prediction_lock_fix3_v1/models/UNet/fold4/history.csv,4123,4.03 KiB,49,epoch|train_loss|val_loss|val_mean_patient_dice|best_mean_patient_dice|bad_epochs,OK,100
Prostate158,outputs/Q1X_CM4A_source_oof_exact_batch_replay_audit_fix3_v1/CM4A_EXACT_BATCH_REPLAY_AUDIT.json,1404,1.37 KiB,,status|version|cm3_lock_sha256|cm3_helper_sha256|replay_batch_size|replay_order|cudnn_deterministic|cudnn_benchmark|total_family_slices|total_pixels|total_mismatch_slices|total_mismatch_pixels|overall_pixel_mismatch_fraction|global_max_abs_probability_difference|global_max_mismatch_distance_to_0.5|exact_binary_replay_pass|tent|promises12_access|tolerance_relaxation|decision|artifacts,OK,0
Prostate158,outputs/Q1X_CM4A_source_oof_exact_batch_replay_audit_fix3_v1/CM4A_EXACT_BATCH_REPLAY_MISMATCH_PIXELS.csv,2,2.00 B,0,,OK,0
Prostate158,outputs/Q1X_CM4A_source_oof_exact_batch_replay_audit_fix3_v1/CM4A_EXACT_BATCH_REPLAY_SUMMARY.csv,803,803.00 B,15,family|fold|slices|batch_size|mismatch_slices|mismatch_pixels|pixel_mismatch_fraction|exact_float16_probability_fraction|max_abs_probability_difference|max_mismatch_distance_to_0.5,OK,0
Prostate158,outputs/Q1X_CM4A_source_oof_replay_numerical_boundary_audit_fix2_v1/CM4A_REPLAY_MISMATCH_PIXELS.csv,317408,309.97 KiB,2987,family|fold|global_index|case_key|slice_index|y|x|stored_prob_f16|replay_prob_f16|stored_mask|replay_mask|abs_prob_diff|stored_distance_to_half|replay_distance_to_half,OK,0
Prostate158,outputs/Q1X_CM4A_source_oof_replay_numerical_boundary_audit_fix2_v1/CM4A_REPLAY_NUMERICAL_AUDIT.json,1289,1.26 KiB,,status|version|cm3_lock_sha256|cm3_helper_sha256|families|total_family_slices|total_pixels|total_mismatch_slices|total_mismatch_pixels|overall_pixel_mismatch_fraction|global_max_abs_probability_difference|global_max_mismatch_distance_to_0.5|promises12_access|tent|decision|artifacts,OK,0
Prostate158,outputs/Q1X_CM4A_source_oof_replay_numerical_boundary_audit_fix2_v1/CM4A_REPLAY_NUMERICAL_AUDIT_SUMMARY.csv,1927,1.88 KiB,15,family|fold|slices|mismatch_slices|mismatch_pixels|pixel_mismatch_fraction|exact_float16_probability_fraction|max_abs_probability_difference|max_mismatch_abs_probability_difference|max_mismatch_distance_to_0.5|mismatch_pixels_with_either_probability_exactly_0.5,OK,0
Prostate158,outputs/Q1X_CM4B_mri_source_prediction_conditioned_safety_grouped_oof_fix1_v1/CM4B_DINOV2_BASE_LOCK.json,1033,1.01 KiB,,status|repo|commit|weight_file|weight_path|weight_sha256|config_path|config_sha256|input|promises12_access,OK,0
Prostate158,outputs/Q1X_CM4B_mri_source_prediction_conditioned_safety_grouped_oof_fix1_v1/CM4B_FEATURE_EXTRACTION_META.json,936,936.00 B,,status|version|shape|dtype|family_order|feature_layout|source_mask_to_dino|feature_file|feature_sha256|promises12_access,OK,0
Prostate158,outputs/Q1X_CM4B_mri_source_prediction_conditioned_safety_grouped_oof_fix1_v1/CM4B_FINAL_MACRO_AUROC_PATIENT_BOOTSTRAP.json,154,154.00 B,,reps_requested|reps_valid|mean|ci95_low|ci95_high,OK,0
Prostate158,outputs/Q1X_CM4B_mri_source_prediction_conditioned_safety_grouped_oof_fix1_v1/CM4B_MRI_SOURCE_SAFETY_OOF_LOCK.json,4378,4.28 KiB,,status|decision|version|build|cm3_lock_sha256|cm4a_lock_sha256|source_patients|source_slices|family_slice_rows|sample_unit|grouping_unit|harm_rule|action|dino_lock|representation|safety_head|primary_endpoint|final_family_auroc|threshold_selection|final_all_source_head_fitting|promises12_access|target_calibration|artifacts|next_stage,OK,0
Prostate158,outputs/Q1X_CM4B_mri_source_prediction_conditioned_safety_grouped_oof_fix1_v1/CM4B_PREFLIGHT.json,1696,1.66 KiB,,status|version|cm3_lock_sha256|cm4a_lock_sha256|dino_lock|dino_weight_sha256|source_rows|source_patients|harm_counts|patient_grouped_folds|promises12_access|threshold_selection,OK,0
Prostate158,outputs/Q1X_CM4B_mri_source_prediction_conditioned_safety_grouped_oof_fix1_v1/CM4B_SOURCE_SAFETY_OOF_METRICS.csv,1141,1.11 KiB,15,representation|scope|auroc|auprc|spearman_score_vs_minus_delta,OK,0
Prostate158,outputs/Q1X_CM4B_mri_source_prediction_conditioned_safety_grouped_oof_fix1_v1/CM4B_SOURCE_SAFETY_OOF_SCORES.csv,1454693,1.39 MiB,10659,family|fold|global_index|case_key|slice_index|harmful|neutral|beneficial|source_dice|tent1_dice|delta_dice|score_M2|score_CondDINO|score_Final,OK,0
Prostate158,outputs/Q1X_CM4C_final_source_safety_estimator_and_threshold_lock_fix2_v1/CM4C_FINAL_ALL_SOURCE_REFIT_SCORES.csv,882814,862.12 KiB,10659,family|fold|global_index|case_key|harmful|delta_dice|score_Final|score_final_refit_all_source,OK,0
Prostate158,outputs/Q1X_CM4C_final_source_safety_estimator_and_threshold_lock_fix2_v1/CM4C_FINAL_SOURCE_SAFETY_ESTIMATOR_LOCK.json,6161,6.02 KiB,,status|decision|version|build|cm4a_lock_sha256|cm4b_lock_sha256|cm4b_helper_sha256|source|frozen_representation|frozen_source_operating_point|final_estimator|score_scale_audit|information_boundary|artifacts|next_stage,OK,0
Prostate158,outputs/Q1X_CM4C_final_source_safety_estimator_and_threshold_lock_fix2_v1/CM4C_SOURCE_OPERATING_POINT.json,2296,2.24 KiB,,status|version|oof_reference_operating_point|final_refit_deployment_operating_point|important_scope_note|promises12_access,OK,0
Prostate158,outputs/Q1X_CM4D_final_all_source_segmentation_models_lock_fix2_v1/CM4D_FINAL_ALL_SOURCE_SEGMENTATION_MODELS_LOCK.json,4152,4.05 KiB,,status|decision|version|build|cm3_lock_sha256|cm4c_lock_sha256|cm3_helper_sha256|source_patients|source_slices|batch_size|model_families|fix2_engineering_correction|duration_selection|final_models|information_boundary|summary|summary_sha256|source_cache_meta|source_cache_meta_sha256|next_stage,OK,98
Prostate158,outputs/Q1X_CM4D_final_all_source_segmentation_models_lock_fix2_v1/CM4D_FINAL_MODEL_SUMMARY.csv,444,444.00 B,3,family|fixed_epochs|seed|params|all_source_training_sanity_mean_patient_dice|checkpoint_sha256,OK,98
Prostate158,outputs/Q1X_CM4D_final_all_source_segmentation_models_lock_fix2_v1/models/DeepLabV3_R50/all_source_training_sanity_patient_metrics.csv,6478,6.33 KiB,139,case_key|tp|fp|fn|dice_3d,OK,98
Prostate158,outputs/Q1X_CM4D_final_all_source_segmentation_models_lock_fix2_v1/models/DeepLabV3_R50/COMPLETE.json,1941,1.90 KiB,,status|version|build|family|seed|best_epochs_from_cm3|duration_rule|fixed_epochs|batch_size|optimizer|learning_rate|weight_decay|early_stopping|validation_selection|source_patients|source_slices|params|trainable_params|final_checkpoint|final_checkpoint_sha256|history|history_sha256|all_source_training_sanity_mean_patient_dice|all_source_training_sanity_patient_metrics|all_source_training_sanity_patient_metrics_sha256|sanity_metric_selection_role|promises12_access|deeplab_singleton_safe_aspp_bn|deeplab_singleton_safe_fallback_total|deeplab_singleton_rule,OK,98
Prostate158,outputs/Q1X_CM4D_final_all_source_segmentation_models_lock_fix2_v1/models/DeepLabV3_R50/history.csv,665,665.00 B,24,epoch|train_loss|singleton_safe_aspp_bn_fallback_batches,OK,98
Prostate158,outputs/Q1X_CM4D_final_all_source_segmentation_models_lock_fix2_v1/models/SegFormer_B0/all_source_training_sanity_patient_metrics.csv,6490,6.34 KiB,139,case_key|tp|fp|fn|dice_3d,OK,98
Prostate158,outputs/Q1X_CM4D_final_all_source_segmentation_models_lock_fix2_v1/models/SegFormer_B0/COMPLETE.json,1773,1.73 KiB,,status|version|build|family|seed|best_epochs_from_cm3|duration_rule|fixed_epochs|batch_size|optimizer|learning_rate|weight_decay|early_stopping|validation_selection|source_patients|source_slices|params|trainable_params|final_checkpoint|final_checkpoint_sha256|history|history_sha256|all_source_training_sanity_mean_patient_dice|all_source_training_sanity_patient_metrics|all_source_training_sanity_patient_metrics_sha256|sanity_metric_selection_role|promises12_access|deeplab_singleton_safe_aspp_bn|deeplab_singleton_safe_fallback_total|deeplab_singleton_rule,OK,98
Prostate158,outputs/Q1X_CM4D_final_all_source_segmentation_models_lock_fix2_v1/models/SegFormer_B0/history.csv,1054,1.03 KiB,39,epoch|train_loss|singleton_safe_aspp_bn_fallback_batches,OK,98
PROMISE12,outputs/Q1X_CM5B_unlabeled_support_aware_operating_point_transport_lock_fix2_v1/CM5B_LOCKED_POLICY_SUMMARY.csv,459,459.00 B,3,family|fixed_source_threshold|fixed_source_adaptation_coverage|naive_quantile_threshold|naive_quantile_adaptation_coverage|support_aware_threshold|support_aware_adaptation_coverage,OK,0
PROMISE12,outputs/Q1X_CM5B_unlabeled_support_aware_operating_point_transport_lock_fix2_v1/CM5B_SOURCE_CROSSFIT_DENSITY_RATIO_WEIGHTS.csv,2149294,2.05 MiB,10659,family|fold|global_index|case_key|slice_index|harmful|neutral|beneficial|source_dice|tent1_dice|delta_dice|score_M2|score_CondDINO|score_Final|domain_q_target_oof|density_ratio_raw|density_ratio_weight,OK,0
PROMISE12,outputs/Q1X_CM5B_unlabeled_support_aware_operating_point_transport_lock_fix2_v1/CM5B_SUPPORT_DIAGNOSTICS.csv,940,940.00 B,3,family|domain_oof_auroc|source_weight_ess_all_slices|source_weight_ess_harm_slices|source_weight_ess_harm_patients|source_weight_cap_fraction|target_q_ge_0.99_fraction|raw_weight_p50|raw_weight_p90|raw_weight_p99|normalized_weight_max_before_cap|stabilized_weight_max,OK,0
PROMISE12,outputs/Q1X_CM5B_unlabeled_support_aware_operating_point_transport_lock_fix2_v1/CM5B_TARGET_CROSSFIT_DOMAIN_PROPENSITIES.csv,800368,781.61 KiB,4131,family|global_index|case_key|slice_index|risk_score|frozen_source_threshold|fixed_source_gate_retain_source|fixed_source_gate_adapt|source_fg_fraction|tent_fg_fraction|source_tent_mask_disagreement|tent_pre_entropy|tent_post_entropy|tent_entropy_change|domain_q_target_oof|domain_fold,OK,0
PROMISE12,outputs/Q1X_CM5B_unlabeled_support_aware_operating_point_transport_lock_fix2_v1/CM5B_UNLABELED_OPERATING_POINT_TRANSPORT.json,1393,1.36 KiB,,status|version|fixed_source_reference|naive_target_quantile_baseline|support_aware_transport|promises12_gt_access,OK,0
PROMISE12,outputs/Q1X_CM5B_unlabeled_support_aware_operating_point_transport_lock_fix2_v1/CM5B_UNLABELED_OPERATING_POINT_TRANSPORT_LOCK.json,5961,5.82 KiB,,status|decision|version|build|cm4b_lock_sha256|cm4c_lock_sha256|cm5a_lock_sha256|cm5a_helper_sha256|fix2_schema_correction|scientific_assumption|domain_ratio_estimator|support_gate|fixed_source_reference|naive_target_quantile_baseline|support_aware_transport|information_boundary|locked_cm6_evaluation_plan|artifacts|next_stage,OK,0
PROMISE12,outputs/Q1X_CM7A_promise12_external_ranking_baseline_audit_fix1_v1/CM7A_DINO_CLS_META.json,698,698.00 B,,status|version|representation|source_shape|target_shape|source_file|source_sha256|target_file|target_sha256|target_gt_used,OK,0
PROMISE12,outputs/Q1X_CM7A_promise12_external_ranking_baseline_audit_fix2_v1/CM7A_DINO_CLS_META.json,698,698.00 B,,status|version|representation|source_shape|target_shape|source_file|source_sha256|target_file|target_sha256|target_gt_used,OK,0
PROMISE12,outputs/Q1X_CM7A_promise12_external_ranking_baseline_audit_fix2_v1/CM7A_FINAL_VS_BASELINE_PAIRED_DELTA_AUROC_BOOTSTRAP.csv,633,633.00 B,5,comparison|baseline|reps_valid|bootstrap_mean_delta_auroc|ci95_low|ci95_high|final_significantly_better_95ci,OK,0
PROMISE12,outputs/Q1X_CM7A_promise12_external_ranking_baseline_audit_fix2_v1/CM7A_METHOD_MACRO_AUROC_PATIENT_BOOTSTRAP.csv,511,511.00 B,6,method|reps_valid|bootstrap_mean_macro_auroc|ci95_low|ci95_high,OK,0
PROMISE12,outputs/Q1X_CM7A_promise12_external_ranking_baseline_audit_fix2_v1/CM7A_PROMISE12_BASELINE_RANKING_METRICS.csv,2759,2.69 KiB,30,method|scope|rows|patients|harm_count|auroc|auprc|spearman_score_vs_minus_delta,OK,0
PROMISE12,outputs/Q1X_CM7A_promise12_external_ranking_baseline_audit_fix2_v1/CM7A_PROMISE12_EXTERNAL_RANKING_BASELINE_AUDIT_LOCK.json,3973,3.88 KiB,,status|decision|version|build|scope|cm3_lock_sha256|cm4b_lock_sha256|cm4d_lock_sha256|cm5a_lock_sha256|cm6_lock_sha256|cm3_helper_sha256|cm4a_helper_sha256|cm4b_helper_sha256|cm5a_helper_sha256|methods|baseline_construction|statistics|interpretation_boundary|artifacts|next_stage,OK,0
PROMISE12,outputs/Q1X_CM7A_promise12_external_ranking_baseline_audit_fix2_v1/CM7A_SOURCE_UNCERTAINTY_META.json,573,573.00 B,,status|version|score_file|score_sha256|source_mask_replay_pixel_mismatch|definitions|target_gt_used,OK,0
PROMISE12,outputs/Q1X_CM7A_promise12_external_ranking_baseline_audit_fix2_v1/CM7A_TARGET_BASELINE_SCORES_WITH_LOCKED_OUTCOMES.csv,763250,745.36 KiB,4131,family|global_index|case_key|slice_index|SOURCE_ENTROPY|SOURCE_LOW_CONFIDENCE|M2|DINO_CLS|CondDINO|Final|harmful|beneficial|delta_dice|source_dice|tent1_dice,OK,0
PROMISE12,outputs/Q1X_CM7A_promise12_external_ranking_baseline_audit_fix2_v1/CM7A_TARGET_BASELINE_SCORE_CONSTRUCTION_LOCK.json,1377,1.34 KiB,,status|version|build|scope|important|fix2_engineering_correction|methods|target_rows|target_patients|target_gt_used_for_score_construction|target_threshold_tuning|score_file|score_sha256,OK,0
PROMISE12,outputs/Q1X_CM7A_promise12_external_ranking_baseline_audit_fix2_v1/CM7A_TARGET_SOURCE_UNCERTAINTY_SCORES.csv,243073,237.38 KiB,4131,family|global_index|SOURCE_ENTROPY|SOURCE_LOW_CONFIDENCE,OK,0
PROMISE12,outputs/Q1X_CM7B_promise12_matched_coverage_utility_audit_fix1_v1/CM7B_FULL_TARGET_MATCHED_RANDOMIZATION_REPLICATES.csv,855182,835.14 KiB,10000,adaptation_coverage|adapted_rows|prevented_harm_fraction|mean_slice_deployed_dice|mean_patient_3d_deployed_dice|rep,OK,0
PROMISE12,outputs/Q1X_CM7B_promise12_matched_coverage_utility_audit_fix1_v1/CM7B_FULL_TARGET_MATCHED_RANDOMIZATION_SUMMARY.csv,711,711.00 B,3,metric|safettta|random_mean|random_ci95_low|random_ci95_high|safettta_minus_random_mean|delta_ci95_low|delta_ci95_high|one_sided_p_random_ge_safettta,OK,0
PROMISE12,outputs/Q1X_CM7B_promise12_matched_coverage_utility_audit_fix1_v1/CM7B_PAIRED_PATIENT_BOOTSTRAP_REPLICATES.csv,363101,354.59 KiB,2000,rep|safe_prevented_harm_fraction|random_prevented_harm_fraction|delta_prevented_harm_fraction|safe_mean_slice_deployed_dice|random_mean_slice_deployed_dice|delta_mean_slice_deployed_dice|safe_mean_patient_3d_deployed_dice|random_mean_patient_3d_deployed_dice|delta_mean_patient_3d_deployed_dice,OK,0
PROMISE12,outputs/Q1X_CM7B_promise12_matched_coverage_utility_audit_fix1_v1/CM7B_PAIRED_PATIENT_BOOTSTRAP_SUMMARY.csv,447,447.00 B,3,metric|bootstrap_reps|inner_random_draws_per_rep|mean_delta_safettta_minus_random|ci95_low|ci95_high|safettta_significantly_better_95ci,OK,0
PROMISE12,outputs/Q1X_CM7B_promise12_matched_coverage_utility_audit_fix1_v1/CM7B_POINT_UTILITY_SUMMARY.json,1101,1.08 KiB,,SOURCE_ONLY|TENT_ALL|SAFETTA_FIXED_SOURCE_GATE|family_matched_coverage,OK,0
PROMISE12,outputs/Q1X_CM7B_promise12_matched_coverage_utility_audit_fix1_v1/CM7B_PROMISE12_MATCHED_COVERAGE_UTILITY_AUDIT_LOCK.json,3937,3.84 KiB,,status|decision|version|build|scope|cm6_lock_sha256|cm7a_lock_sha256|frozen_policy|matched_random_baseline|point_results|interpretation_boundary|changes_after_gt|artifacts|next_stage,OK,0
NeoPolyp,outputs/Q1_R02_segformer_b0_three_seed_source_training_v1_fix5__building/environment_audit.json,510,510.00 B,,python|torch_version|transformers_version|pillow_version|cuda_available|cuda_device_count|cuda_device_name|cuda_capability|hf_home|huggingface_hub_cache,OK,98
NeoPolyp,outputs/Q1_R02_segformer_b0_three_seed_source_training_v1_fix5__building/pairing_audit.json,1174,1.15 KiB,,train|validation|manifest_membership|train_val_path_overlap|target_forbidden_tokens,OK,98
NeoPolyp,outputs/Q1_R02_segformer_b0_three_seed_source_training_v1_fix5__building/resolved_source_interface.json,618,618.00 B,,mode|manifest|manifest_sha256|data_root|train_role|val_role|train_count|val_count|seen_sanity_count|unseen_locked_count|random_resplit_performed|target_rows_opened|file_sha256_verified|target_path_token_check_pass,OK,98
NeoPolyp,outputs/Q1_R02_segformer_b0_three_seed_source_training_v1_fix6__building/environment_audit.json,510,510.00 B,,python|torch_version|transformers_version|pillow_version|cuda_available|cuda_device_count|cuda_device_name|cuda_capability|hf_home|huggingface_hub_cache,OK,98
NeoPolyp,outputs/Q1_R02_segformer_b0_three_seed_source_training_v1_fix6__building/pairing_audit.json,1174,1.15 KiB,,train|validation|manifest_membership|train_val_path_overlap|target_forbidden_tokens,OK,98
NeoPolyp,outputs/Q1_R02_segformer_b0_three_seed_source_training_v1_fix6__building/resolved_source_interface.json,618,618.00 B,,mode|manifest|manifest_sha256|data_root|train_role|val_role|train_count|val_count|seen_sanity_count|unseen_locked_count|random_resplit_performed|target_rows_opened|file_sha256_verified|target_path_token_check_pass,OK,98
NeoPolyp,outputs/Q1_R02_segformer_b0_three_seed_source_training_v1_fix7/checkpoint_sha256_audit.json,393,393.00 B,,best_checkpoint_sha256|unique_best_checkpoint_sha256_count|required_unique_count|all_unique,OK,98
NeoPolyp,outputs/Q1_R02_segformer_b0_three_seed_source_training_v1_fix7/decision.txt,38,38.00 B,,,OK,98
NeoPolyp,outputs/Q1_R02_segformer_b0_three_seed_source_training_v1_fix7/environment_audit.json,510,510.00 B,,python|torch_version|transformers_version|pillow_version|cuda_available|cuda_device_count|cuda_device_name|cuda_capability|hf_home|huggingface_hub_cache,OK,98
NeoPolyp,outputs/Q1_R02_segformer_b0_three_seed_source_training_v1_fix7/pairing_audit.json,1174,1.15 KiB,,train|validation|manifest_membership|train_val_path_overlap|target_forbidden_tokens,OK,98
NeoPolyp,outputs/Q1_R02_segformer_b0_three_seed_source_training_v1_fix7/provenance_audit.json,2004,1.96 KiB,,protocol_sha256|q1_r01c_lock_sha256|q1_r01c_decision|architecture|pretrained_model|seeds|root|output_dir|resolved_source_interface|s01_manifest_sha256|source_membership_frozen_by_s01_role|random_resplit_performed|train_image_count|val_image_count|image_size|batch_size|epochs|learning_rate|weight_decay|target_data_used|utility_labels_used|hyperparameter_sweep|best_checkpoint_sha256|decision,OK,98
NeoPolyp,outputs/Q1_R02_segformer_b0_three_seed_source_training_v1_fix7/Q1_R02_SEGFORMER_SOURCE_TRAINING_LOCK.json,4617,4.51 KiB,,script_version|build|protocol_sha256|q1_r01c_lock_sha256|q1_r01c_decision|architecture|pretrained_model|seeds|target_data_used|utility_labels_used|hyperparameter_sweep|checkpoint_sha256_unique|artifacts|decision,OK,98
NeoPolyp,outputs/Q1_R02_segformer_b0_three_seed_source_training_v1_fix7/resolved_source_interface.json,618,618.00 B,,mode|manifest|manifest_sha256|data_root|train_role|val_role|train_count|val_count|seen_sanity_count|unseen_locked_count|random_resplit_performed|target_rows_opened|file_sha256_verified|target_path_token_check_pass,OK,98
NeoPolyp,outputs/Q1_R02_segformer_b0_three_seed_source_training_v1_fix7/run_log.txt,1814,1.77 KiB,,,OK,98
NeoPolyp,outputs/Q1_R02_segformer_b0_three_seed_source_training_v1_fix7/three_seed_summary.csv,987,987.00 B,3,seed|architecture|pretrained_model|best_epoch|best_val_mean_image_dice|best_val_loss|best_checkpoint|best_checkpoint_sha256|last_checkpoint_sha256|train_images|val_images|completed_epochs|target_data_used|utility_labels_used,OK,98
NeoPolyp,outputs/Q1_R02_segformer_b0_three_seed_source_training_v1_fix7/seed_20260820/seed_summary.json,588,588.00 B,,seed|architecture|pretrained_model|best_epoch|best_val_mean_image_dice|best_val_loss|best_checkpoint|best_checkpoint_sha256|last_checkpoint_sha256|train_images|val_images|completed_epochs|target_data_used|utility_labels_used,OK,98
NeoPolyp,outputs/Q1_R02_segformer_b0_three_seed_source_training_v1_fix7/seed_20260820/training_history.csv,6791,6.63 KiB,50,epoch|seed|train_loss|train_ce|train_dice_loss|val_loss|val_mean_image_dice|learning_rate,OK,98
NeoPolyp,outputs/Q1_R02_segformer_b0_three_seed_source_training_v1_fix7/seed_20260821/seed_summary.json,588,588.00 B,,seed|architecture|pretrained_model|best_epoch|best_val_mean_image_dice|best_val_loss|best_checkpoint|best_checkpoint_sha256|last_checkpoint_sha256|train_images|val_images|completed_epochs|target_data_used|utility_labels_used,OK,98
NeoPolyp,outputs/Q1_R02_segformer_b0_three_seed_source_training_v1_fix7/seed_20260821/training_history.csv,6794,6.63 KiB,50,epoch|seed|train_loss|train_ce|train_dice_loss|val_loss|val_mean_image_dice|learning_rate,OK,98
NeoPolyp,outputs/Q1_R02_segformer_b0_three_seed_source_training_v1_fix7/seed_20260822/seed_summary.json,587,587.00 B,,seed|architecture|pretrained_model|best_epoch|best_val_mean_image_dice|best_val_loss|best_checkpoint|best_checkpoint_sha256|last_checkpoint_sha256|train_images|val_images|completed_epochs|target_data_used|utility_labels_used,OK,98
NeoPolyp,outputs/Q1_R02_segformer_b0_three_seed_source_training_v1_fix7/seed_20260822/training_history.csv,6790,6.63 KiB,50,epoch|seed|train_loss|train_ce|train_dice_loss|val_loss|val_mean_image_dice|learning_rate,OK,98
PolypGen,outputs/Q1_R05A_confirmatory_target_eligibility_audit_v1/polypgen_historical_exposure.json,23142,22.60 KiB,,POLYPGEN_DEVELOPMENT_EXPOSED|s06_s07_output_directories|polypgen_text_evidence_count|polypgen_text_evidence|eligible_as_untouched_confirmatory_target,OK,0
PolypGen,outputs/Q1_R05A_confirmatory_target_eligibility_audit_v1_fix1/polypgen_historical_exposure.json,19821,19.36 KiB,,POLYPGEN_DEVELOPMENT_EXPOSED|eligible_as_untouched_confirmatory_target|s06_s07_output_directories|polypgen_reference_files|polypgen_reference_file_count,OK,0
NeoPolyp,outputs/Q1_R05D0_neopolyp_backup_confirmatory_target_selection_lock_v1/code_docs_reference_scan.csv,65,65.00 B,0,root|file|identity_tokens|reference_only_not_target_exposure,OK,0
NeoPolyp,outputs/Q1_R05D0_neopolyp_backup_confirmatory_target_selection_lock_v1/decision.txt,44,44.00 B,,,OK,0
NeoPolyp,outputs/Q1_R05D0_neopolyp_backup_confirmatory_target_selection_lock_v1/historical_neopolyp_exposure_scan.csv,72,72.00 B,0,root|file|evidence_type|location|identity_tokens|outcome_use_tokens,OK,0
NeoPolyp,outputs/Q1_R05D0_neopolyp_backup_confirmatory_target_selection_lock_v1/Q1_R05D0_NEOPOLYP_SELECTION_LOCK.json,1895,1.85 KiB,,script_version|build|protocol_sha256|r05b2_lock_sha256|frozen_source_paot_predictor_packages|backup_confirmatory_dataset|frozen_target_pool|neopolyp_downloaded|neopolyp_image_pixels_opened|neopolyp_gt_pixels_opened|target_model_inference_run|target_tta_run|target_predictor_fit|historical_neopolyp_exposure_rows|manual_rescue_audit_if_hit|decision|artifacts,OK,0
NeoPolyp,outputs/Q1_R05D0_neopolyp_backup_confirmatory_target_selection_lock_v1/run_log.txt,1264,1.23 KiB,,,OK,0
NeoPolyp,outputs/Q1_R05D0_neopolyp_backup_confirmatory_target_selection_lock_v1/upstream_r05b2_audit.json,738,738.00 B,,r05b2_lock_sha256|r05b2_decision|predictor_packages|target_data_used|backup_confirmatory_dataset|frozen_target_pool|historical_files_scanned|true_historical_neopolyp_exposure_rows|code_docs_reference_rows|neopolyp_downloaded_by_r05d0|neopolyp_image_pixels_opened_by_r05d0|neopolyp_gt_pixels_opened_by_r05d0|target_model_inference_run|target_tta_run|target_predictor_fit|manual_rescue_audit_if_hit,OK,0
NeoPolyp,outputs/Q1_R05D1_neopolyp_acquisition_pairing_duplicate_qc_v1_fix2/acquisition_receipt.json,536,536.00 B,,acquisition_mode|competition|official_source_asserted|package_path|data_root|package_sha256|package_size_bytes|candidate_images|candidate_gt_files|exact_pairs|gt_pixels_decoded,OK,0
NeoPolyp,outputs/Q1_R05D1_neopolyp_acquisition_pairing_duplicate_qc_v1_fix2/decision.txt,26,26.00 B,,,OK,0
NeoPolyp,outputs/Q1_R05D1_neopolyp_acquisition_pairing_duplicate_qc_v1_fix2/exact_overlap_report.csv,407168,397.62 KiB,1000,sample_id|image_path|gt_path|image_raw_sha256|image_rgb_pixel_sha256|width|height|raw_overlap|rgb_pixel_overlap|raw_match_files|pixel_match_files|exact_overlap,OK,0
NeoPolyp,outputs/Q1_R05D1_neopolyp_acquisition_pairing_duplicate_qc_v1_fix2/frozen_confirmatory_manifest.csv,395130,385.87 KiB,1000,sample_id|image_path|gt_path|image_raw_sha256|image_rgb_pixel_sha256|eligible_confirmatory|exclusion_reason|gt_pixels_decoded,OK,0
NeoPolyp,outputs/Q1_R05D1_neopolyp_acquisition_pairing_duplicate_qc_v1_fix2/historical_development_image_index.csv,532589,520.11 KiB,2248,file|raw_sha256|rgb_pixel_sha256|width|height|status,OK,0
NeoPolyp,outputs/Q1_R05D1_neopolyp_acquisition_pairing_duplicate_qc_v1_fix2/information_boundary_audit.json,468,468.00 B,,target_image_filenames_read|target_gt_filenames_read|target_image_pixels_decoded_for_duplicate_qc|target_gt_pixels_decoded|historical_development_image_pixels_decoded_for_duplicate_qc|model_inference_run|tta_run|target_paot_probabilities_generated|target_dice_computed|harm_benefit_outcomes_computed|predictor_fit_or_modified,OK,0
NeoPolyp,outputs/Q1_R05D1_neopolyp_acquisition_pairing_duplicate_qc_v1_fix2/neopolyp_1000_pairing.csv,304071,296.94 KiB,1000,sample_id|stem|image_count|gt_count|image_path|gt_path|pair_status,OK,0
NeoPolyp,outputs/Q1_R05D1_neopolyp_acquisition_pairing_duplicate_qc_v1_fix2/package_inventory.csv,154299,150.68 KiB,2201,relpath|size_bytes|extension|is_train_image|is_train_gt,OK,0
NeoPolyp,outputs/Q1_R05D1_neopolyp_acquisition_pairing_duplicate_qc_v1_fix2/Q1_R05D1_NEOPOLYP_TARGET_QC_LOCK.json,2822,2.76 KiB,,script_version|build|protocol_sha256|r05d0_lock_sha256|r05b2_lock_sha256|competition|official_source_asserted|candidate_cases|resolved_images|resolved_gt_files|resolved_exact_pairs|exact_overlap_exclusions|eligible_confirmatory_cases|target_image_pixels_decoded_for_duplicate_qc|target_gt_pixels_decoded|model_inference_run|tta_run|target_paot_probabilities_generated|predictor_fit_or_modified|decision|reason|artifacts,OK,0
NeoPolyp,outputs/Q1_R05D1_neopolyp_acquisition_pairing_duplicate_qc_v1_fix2/run_log.txt,1070,1.04 KiB,,,OK,0
NeoPolyp,outputs/Q1_R05D2_neopolyp_prospective_paot_probability_lock_v1_fix1/checkpoint_manifest.csv,2028,1.98 KiB,9,model_family|training_seed|model_state_id|checkpoint|checkpoint_sha256,OK,0
NeoPolyp,outputs/Q1_R05D2_neopolyp_prospective_paot_probability_lock_v1_fix1/confirmatory_criteria.json,554,554.00 B,,primary_representation|primary_unit|bootstrap_resamples|harm_delta_dice_threshold|benefit_delta_dice_threshold|median_architecture_harm_auroc_min|minimum_architecture_harm_auroc_min|median_architecture_benefit_auroc_min|minimum_architecture_benefit_auroc_min|ci_used_as_go_gate|raw19_role|target_probability_threshold_selection,OK,0
NeoPolyp,outputs/Q1_R05D2_neopolyp_prospective_paot_probability_lock_v1_fix1/decision.txt,48,48.00 B,,,OK,0
NeoPolyp,outputs/Q1_R05D2_neopolyp_prospective_paot_probability_lock_v1_fix1/information_boundary_audit.json,819,819.00 B,,target_image_paths_read|target_image_pixels_decoded|target_gt_paths_present_as_provenance_strings|target_gt_pixels_decoded|source_model_inference_run|preupdate_tent_objective_forward_run|optimizer_constructed_by_r05d2|backward_pass_run_by_r05d2|tta_parameter_update_run|source_or_target_model_training|paot_probabilities_generated|predictor_fit_or_modified|target_reference_statistics_fit|target_scaler_fit|target_calibration|target_feature_selection|target_threshold_selection|target_dice_computed|target_delta_dice_computed|target_harm_benefit_labels_computed,OK,0
NeoPolyp,outputs/Q1_R05D2_neopolyp_prospective_paot_probability_lock_v1_fix1/probability_distribution_summary.csv,12504,12.21 KiB,52,model_family|model_state_id|probability|rows|mean|std|q05|q25|q50|q75|q95|min|max,OK,0
NeoPolyp,outputs/Q1_R05D2_neopolyp_prospective_paot_probability_lock_v1_fix1/Q1_R05D2_NEOPOLYP_PAOT_PROBABILITY_LOCK.json,8210,8.02 KiB,,script_version|build|protocol_sha256|r05d1_lock_sha256|r05b2_lock_sha256|r03_lock_sha256|target_manifest_sha256|predictor_packages_sha256|reference_statistics_sha256|target_cases|model_states|model_case_rows|feature_names|primary_representation|comparator_representation|probability_fields|confirmatory_criteria|target_image_pixels_decoded|target_gt_pixels_decoded|optimizer_constructed_by_r05d2|backward_pass_run_by_r05d2|tta_parameter_update_run|predictor_fit_or_modified|target_fit_or_calibration|target_threshold_selected|target_outcomes_revealed|decision|artifacts,OK,0
NeoPolyp,outputs/Q1_R05D2_neopolyp_prospective_paot_probability_lock_v1_fix1/run_log.txt,1361,1.33 KiB,,,OK,0
NeoPolyp,outputs/Q1_R05D2_neopolyp_prospective_paot_probability_lock_v1_fix1/target_paot_probabilities.csv,10531431,10.04 MiB,9000,sample_id|image_path|image_raw_sha256|model_family|model_state_id|training_seed|checkpoint_sha256|source_entropy_mean|source_entropy_std|source_entropy_q10|source_entropy_q50|source_entropy_q90|source_prob_mean|source_prob_std|source_prob_q10|source_prob_q50|source_prob_q90|source_confidence_mean|source_confidence_std|source_fg_fraction|source_boundary_density|source_uncertain_fraction_040_060|source_high_entropy_fraction_050|source_logit_abs_mean|source_logit_abs_std|tent_preupdate_entropy_loss|mrz__source_entropy_mean|mrz__source_entropy_std|mrz__source_entropy_q10|mrz__source_entropy_q50|mrz__source_entropy_q90|mrz__source_prob_mean|mrz__source_prob_std|mrz__source_prob_q10|mrz__source_prob_q50|mrz__source_prob_q90|mrz__source_confidence_mean|mrz__source_confidence_std|mrz__source_fg_fraction|mrz__source_boundary_density|mrz__source_uncertain_fraction_040_060|mrz__source_high_entropy_fraction_050|mrz__source_logit_abs_mean|mrz__source_logit_abs_std|mrz__tent_preupdate_entropy_loss|paot_raw19_harm_probability|paot_raw19_benefit_probability|paot_mrz19_harm_probability|paot_mrz19_benefit_probability,OK,0
NeoPolyp,outputs/Q1_R05D2_neopolyp_prospective_paot_probability_lock_v1_fix1/upstream_audit.json,1233,1.20 KiB,,script_version|protocol_sha256|r05d1_lock_sha256|r05d1_decision|r05b2_lock_sha256|r05b2_decision|r03_lock_sha256|r03_decision|r03_script_sha256|target_manifest_sha256|predictor_packages_sha256|reference_statistics_sha256|eligible_cases|model_states|expected_rows|target_gt_pixels_decoded|predictor_fit_or_modified|target_normalization_fit|target_calibration|threshold_selection,OK,0
NeoPolyp,outputs/Q1_R05D2_neopolyp_prospective_paot_probability_lock_v1_fix1/state_cache/deeplabv3_r50_seed20260817.csv,1178434,1.12 MiB,1000,sample_id|image_path|image_raw_sha256|model_family|model_state_id|training_seed|checkpoint_sha256|source_entropy_mean|source_entropy_std|source_entropy_q10|source_entropy_q50|source_entropy_q90|source_prob_mean|source_prob_std|source_prob_q10|source_prob_q50|source_prob_q90|source_confidence_mean|source_confidence_std|source_fg_fraction|source_boundary_density|source_uncertain_fraction_040_060|source_high_entropy_fraction_050|source_logit_abs_mean|source_logit_abs_std|tent_preupdate_entropy_loss|mrz__source_entropy_mean|mrz__source_entropy_std|mrz__source_entropy_q10|mrz__source_entropy_q50|mrz__source_entropy_q90|mrz__source_prob_mean|mrz__source_prob_std|mrz__source_prob_q10|mrz__source_prob_q50|mrz__source_prob_q90|mrz__source_confidence_mean|mrz__source_confidence_std|mrz__source_fg_fraction|mrz__source_boundary_density|mrz__source_uncertain_fraction_040_060|mrz__source_high_entropy_fraction_050|mrz__source_logit_abs_mean|mrz__source_logit_abs_std|mrz__tent_preupdate_entropy_loss|paot_raw19_harm_probability|paot_raw19_benefit_probability|paot_mrz19_harm_probability|paot_mrz19_benefit_probability,OK,0
NeoPolyp,outputs/Q1_R05D2_neopolyp_prospective_paot_probability_lock_v1_fix1/state_cache/deeplabv3_r50_seed20260817.lock.json,1914,1.87 KiB,,script_version|protocol_sha256|r05d1_lock_sha256|r05b2_lock_sha256|r03_lock_sha256|target_manifest_sha256|predictor_packages_sha256|reference_statistics_sha256|model_family|model_state_id|training_seed|checkpoint_sha256|rows|feature_names|probability_fields|target_gt_pixels_decoded|optimizer_constructed|backward_pass|tta_update|csv_sha256,OK,0
NeoPolyp,outputs/Q1_R05D2_neopolyp_prospective_paot_probability_lock_v1_fix1/state_cache/deeplabv3_r50_seed20260818.csv,1174811,1.12 MiB,1000,sample_id|image_path|image_raw_sha256|model_family|model_state_id|training_seed|checkpoint_sha256|source_entropy_mean|source_entropy_std|source_entropy_q10|source_entropy_q50|source_entropy_q90|source_prob_mean|source_prob_std|source_prob_q10|source_prob_q50|source_prob_q90|source_confidence_mean|source_confidence_std|source_fg_fraction|source_boundary_density|source_uncertain_fraction_040_060|source_high_entropy_fraction_050|source_logit_abs_mean|source_logit_abs_std|tent_preupdate_entropy_loss|mrz__source_entropy_mean|mrz__source_entropy_std|mrz__source_entropy_q10|mrz__source_entropy_q50|mrz__source_entropy_q90|mrz__source_prob_mean|mrz__source_prob_std|mrz__source_prob_q10|mrz__source_prob_q50|mrz__source_prob_q90|mrz__source_confidence_mean|mrz__source_confidence_std|mrz__source_fg_fraction|mrz__source_boundary_density|mrz__source_uncertain_fraction_040_060|mrz__source_high_entropy_fraction_050|mrz__source_logit_abs_mean|mrz__source_logit_abs_std|mrz__tent_preupdate_entropy_loss|paot_raw19_harm_probability|paot_raw19_benefit_probability|paot_mrz19_harm_probability|paot_mrz19_benefit_probability,OK,0
NeoPolyp,outputs/Q1_R05D2_neopolyp_prospective_paot_probability_lock_v1_fix1/state_cache/deeplabv3_r50_seed20260818.lock.json,1914,1.87 KiB,,script_version|protocol_sha256|r05d1_lock_sha256|r05b2_lock_sha256|r03_lock_sha256|target_manifest_sha256|predictor_packages_sha256|reference_statistics_sha256|model_family|model_state_id|training_seed|checkpoint_sha256|rows|feature_names|probability_fields|target_gt_pixels_decoded|optimizer_constructed|backward_pass|tta_update|csv_sha256,OK,0
NeoPolyp,outputs/Q1_R05D2_neopolyp_prospective_paot_probability_lock_v1_fix1/state_cache/deeplabv3_r50_seed20260819.csv,1174738,1.12 MiB,1000,sample_id|image_path|image_raw_sha256|model_family|model_state_id|training_seed|checkpoint_sha256|source_entropy_mean|source_entropy_std|source_entropy_q10|source_entropy_q50|source_entropy_q90|source_prob_mean|source_prob_std|source_prob_q10|source_prob_q50|source_prob_q90|source_confidence_mean|source_confidence_std|source_fg_fraction|source_boundary_density|source_uncertain_fraction_040_060|source_high_entropy_fraction_050|source_logit_abs_mean|source_logit_abs_std|tent_preupdate_entropy_loss|mrz__source_entropy_mean|mrz__source_entropy_std|mrz__source_entropy_q10|mrz__source_entropy_q50|mrz__source_entropy_q90|mrz__source_prob_mean|mrz__source_prob_std|mrz__source_prob_q10|mrz__source_prob_q50|mrz__source_prob_q90|mrz__source_confidence_mean|mrz__source_confidence_std|mrz__source_fg_fraction|mrz__source_boundary_density|mrz__source_uncertain_fraction_040_060|mrz__source_high_entropy_fraction_050|mrz__source_logit_abs_mean|mrz__source_logit_abs_std|mrz__tent_preupdate_entropy_loss|paot_raw19_harm_probability|paot_raw19_benefit_probability|paot_mrz19_harm_probability|paot_mrz19_benefit_probability,OK,0
NeoPolyp,outputs/Q1_R05D2_neopolyp_prospective_paot_probability_lock_v1_fix1/state_cache/deeplabv3_r50_seed20260819.lock.json,1914,1.87 KiB,,script_version|protocol_sha256|r05d1_lock_sha256|r05b2_lock_sha256|r03_lock_sha256|target_manifest_sha256|predictor_packages_sha256|reference_statistics_sha256|model_family|model_state_id|training_seed|checkpoint_sha256|rows|feature_names|probability_fields|target_gt_pixels_decoded|optimizer_constructed|backward_pass|tta_update|csv_sha256,OK,0
NeoPolyp,outputs/Q1_R05D2_neopolyp_prospective_paot_probability_lock_v1_fix1/state_cache/pranet_seed20260817.csv,1162126,1.11 MiB,1000,sample_id|image_path|image_raw_sha256|model_family|model_state_id|training_seed|checkpoint_sha256|source_entropy_mean|source_entropy_std|source_entropy_q10|source_entropy_q50|source_entropy_q90|source_prob_mean|source_prob_std|source_prob_q10|source_prob_q50|source_prob_q90|source_confidence_mean|source_confidence_std|source_fg_fraction|source_boundary_density|source_uncertain_fraction_040_060|source_high_entropy_fraction_050|source_logit_abs_mean|source_logit_abs_std|tent_preupdate_entropy_loss|mrz__source_entropy_mean|mrz__source_entropy_std|mrz__source_entropy_q10|mrz__source_entropy_q50|mrz__source_entropy_q90|mrz__source_prob_mean|mrz__source_prob_std|mrz__source_prob_q10|mrz__source_prob_q50|mrz__source_prob_q90|mrz__source_confidence_mean|mrz__source_confidence_std|mrz__source_fg_fraction|mrz__source_boundary_density|mrz__source_uncertain_fraction_040_060|mrz__source_high_entropy_fraction_050|mrz__source_logit_abs_mean|mrz__source_logit_abs_std|mrz__tent_preupdate_entropy_loss|paot_raw19_harm_probability|paot_raw19_benefit_probability|paot_mrz19_harm_probability|paot_mrz19_benefit_probability,OK,0
NeoPolyp,outputs/Q1_R05D2_neopolyp_prospective_paot_probability_lock_v1_fix1/state_cache/pranet_seed20260817.lock.json,1900,1.86 KiB,,script_version|protocol_sha256|r05d1_lock_sha256|r05b2_lock_sha256|r03_lock_sha256|target_manifest_sha256|predictor_packages_sha256|reference_statistics_sha256|model_family|model_state_id|training_seed|checkpoint_sha256|rows|feature_names|probability_fields|target_gt_pixels_decoded|optimizer_constructed|backward_pass|tta_update|csv_sha256,OK,0
NeoPolyp,outputs/Q1_R05D2_neopolyp_prospective_paot_probability_lock_v1_fix1/state_cache/pranet_seed20260818.csv,1164586,1.11 MiB,1000,sample_id|image_path|image_raw_sha256|model_family|model_state_id|training_seed|checkpoint_sha256|source_entropy_mean|source_entropy_std|source_entropy_q10|source_entropy_q50|source_entropy_q90|source_prob_mean|source_prob_std|source_prob_q10|source_prob_q50|source_prob_q90|source_confidence_mean|source_confidence_std|source_fg_fraction|source_boundary_density|source_uncertain_fraction_040_060|source_high_entropy_fraction_050|source_logit_abs_mean|source_logit_abs_std|tent_preupdate_entropy_loss|mrz__source_entropy_mean|mrz__source_entropy_std|mrz__source_entropy_q10|mrz__source_entropy_q50|mrz__source_entropy_q90|mrz__source_prob_mean|mrz__source_prob_std|mrz__source_prob_q10|mrz__source_prob_q50|mrz__source_prob_q90|mrz__source_confidence_mean|mrz__source_confidence_std|mrz__source_fg_fraction|mrz__source_boundary_density|mrz__source_uncertain_fraction_040_060|mrz__source_high_entropy_fraction_050|mrz__source_logit_abs_mean|mrz__source_logit_abs_std|mrz__tent_preupdate_entropy_loss|paot_raw19_harm_probability|paot_raw19_benefit_probability|paot_mrz19_harm_probability|paot_mrz19_benefit_probability,OK,0
NeoPolyp,outputs/Q1_R05D2_neopolyp_prospective_paot_probability_lock_v1_fix1/state_cache/pranet_seed20260818.lock.json,1900,1.86 KiB,,script_version|protocol_sha256|r05d1_lock_sha256|r05b2_lock_sha256|r03_lock_sha256|target_manifest_sha256|predictor_packages_sha256|reference_statistics_sha256|model_family|model_state_id|training_seed|checkpoint_sha256|rows|feature_names|probability_fields|target_gt_pixels_decoded|optimizer_constructed|backward_pass|tta_update|csv_sha256,OK,0
NeoPolyp,outputs/Q1_R05D2_neopolyp_prospective_paot_probability_lock_v1_fix1/state_cache/pranet_seed20260819.csv,1153962,1.10 MiB,1000,sample_id|image_path|image_raw_sha256|model_family|model_state_id|training_seed|checkpoint_sha256|source_entropy_mean|source_entropy_std|source_entropy_q10|source_entropy_q50|source_entropy_q90|source_prob_mean|source_prob_std|source_prob_q10|source_prob_q50|source_prob_q90|source_confidence_mean|source_confidence_std|source_fg_fraction|source_boundary_density|source_uncertain_fraction_040_060|source_high_entropy_fraction_050|source_logit_abs_mean|source_logit_abs_std|tent_preupdate_entropy_loss|mrz__source_entropy_mean|mrz__source_entropy_std|mrz__source_entropy_q10|mrz__source_entropy_q50|mrz__source_entropy_q90|mrz__source_prob_mean|mrz__source_prob_std|mrz__source_prob_q10|mrz__source_prob_q50|mrz__source_prob_q90|mrz__source_confidence_mean|mrz__source_confidence_std|mrz__source_fg_fraction|mrz__source_boundary_density|mrz__source_uncertain_fraction_040_060|mrz__source_high_entropy_fraction_050|mrz__source_logit_abs_mean|mrz__source_logit_abs_std|mrz__tent_preupdate_entropy_loss|paot_raw19_harm_probability|paot_raw19_benefit_probability|paot_mrz19_harm_probability|paot_mrz19_benefit_probability,OK,0
NeoPolyp,outputs/Q1_R05D2_neopolyp_prospective_paot_probability_lock_v1_fix1/state_cache/pranet_seed20260819.lock.json,1900,1.86 KiB,,script_version|protocol_sha256|r05d1_lock_sha256|r05b2_lock_sha256|r03_lock_sha256|target_manifest_sha256|predictor_packages_sha256|reference_statistics_sha256|model_family|model_state_id|training_seed|checkpoint_sha256|rows|feature_names|probability_fields|target_gt_pixels_decoded|optimizer_constructed|backward_pass|tta_update|csv_sha256,OK,0
NeoPolyp,outputs/Q1_R05D2_neopolyp_prospective_paot_probability_lock_v1_fix1/state_cache/segformer_b0_seed20260820.csv,1177248,1.12 MiB,1000,sample_id|image_path|image_raw_sha256|model_family|model_state_id|training_seed|checkpoint_sha256|source_entropy_mean|source_entropy_std|source_entropy_q10|source_entropy_q50|source_entropy_q90|source_prob_mean|source_prob_std|source_prob_q10|source_prob_q50|source_prob_q90|source_confidence_mean|source_confidence_std|source_fg_fraction|source_boundary_density|source_uncertain_fraction_040_060|source_high_entropy_fraction_050|source_logit_abs_mean|source_logit_abs_std|tent_preupdate_entropy_loss|mrz__source_entropy_mean|mrz__source_entropy_std|mrz__source_entropy_q10|mrz__source_entropy_q50|mrz__source_entropy_q90|mrz__source_prob_mean|mrz__source_prob_std|mrz__source_prob_q10|mrz__source_prob_q50|mrz__source_prob_q90|mrz__source_confidence_mean|mrz__source_confidence_std|mrz__source_fg_fraction|mrz__source_boundary_density|mrz__source_uncertain_fraction_040_060|mrz__source_high_entropy_fraction_050|mrz__source_logit_abs_mean|mrz__source_logit_abs_std|mrz__tent_preupdate_entropy_loss|paot_raw19_harm_probability|paot_raw19_benefit_probability|paot_mrz19_harm_probability|paot_mrz19_benefit_probability,OK,0
NeoPolyp,outputs/Q1_R05D2_neopolyp_prospective_paot_probability_lock_v1_fix1/state_cache/segformer_b0_seed20260820.lock.json,1912,1.87 KiB,,script_version|protocol_sha256|r05d1_lock_sha256|r05b2_lock_sha256|r03_lock_sha256|target_manifest_sha256|predictor_packages_sha256|reference_statistics_sha256|model_family|model_state_id|training_seed|checkpoint_sha256|rows|feature_names|probability_fields|target_gt_pixels_decoded|optimizer_constructed|backward_pass|tta_update|csv_sha256,OK,0
NeoPolyp,outputs/Q1_R05D2_neopolyp_prospective_paot_probability_lock_v1_fix1/state_cache/segformer_b0_seed20260821.csv,1177617,1.12 MiB,1000,sample_id|image_path|image_raw_sha256|model_family|model_state_id|training_seed|checkpoint_sha256|source_entropy_mean|source_entropy_std|source_entropy_q10|source_entropy_q50|source_entropy_q90|source_prob_mean|source_prob_std|source_prob_q10|source_prob_q50|source_prob_q90|source_confidence_mean|source_confidence_std|source_fg_fraction|source_boundary_density|source_uncertain_fraction_040_060|source_high_entropy_fraction_050|source_logit_abs_mean|source_logit_abs_std|tent_preupdate_entropy_loss|mrz__source_entropy_mean|mrz__source_entropy_std|mrz__source_entropy_q10|mrz__source_entropy_q50|mrz__source_entropy_q90|mrz__source_prob_mean|mrz__source_prob_std|mrz__source_prob_q10|mrz__source_prob_q50|mrz__source_prob_q90|mrz__source_confidence_mean|mrz__source_confidence_std|mrz__source_fg_fraction|mrz__source_boundary_density|mrz__source_uncertain_fraction_040_060|mrz__source_high_entropy_fraction_050|mrz__source_logit_abs_mean|mrz__source_logit_abs_std|mrz__tent_preupdate_entropy_loss|paot_raw19_harm_probability|paot_raw19_benefit_probability|paot_mrz19_harm_probability|paot_mrz19_benefit_probability,OK,0
NeoPolyp,outputs/Q1_R05D2_neopolyp_prospective_paot_probability_lock_v1_fix1/state_cache/segformer_b0_seed20260821.lock.json,1912,1.87 KiB,,script_version|protocol_sha256|r05d1_lock_sha256|r05b2_lock_sha256|r03_lock_sha256|target_manifest_sha256|predictor_packages_sha256|reference_statistics_sha256|model_family|model_state_id|training_seed|checkpoint_sha256|rows|feature_names|probability_fields|target_gt_pixels_decoded|optimizer_constructed|backward_pass|tta_update|csv_sha256,OK,0
NeoPolyp,outputs/Q1_R05D2_neopolyp_prospective_paot_probability_lock_v1_fix1/state_cache/segformer_b0_seed20260822.csv,1176877,1.12 MiB,1000,sample_id|image_path|image_raw_sha256|model_family|model_state_id|training_seed|checkpoint_sha256|source_entropy_mean|source_entropy_std|source_entropy_q10|source_entropy_q50|source_entropy_q90|source_prob_mean|source_prob_std|source_prob_q10|source_prob_q50|source_prob_q90|source_confidence_mean|source_confidence_std|source_fg_fraction|source_boundary_density|source_uncertain_fraction_040_060|source_high_entropy_fraction_050|source_logit_abs_mean|source_logit_abs_std|tent_preupdate_entropy_loss|mrz__source_entropy_mean|mrz__source_entropy_std|mrz__source_entropy_q10|mrz__source_entropy_q50|mrz__source_entropy_q90|mrz__source_prob_mean|mrz__source_prob_std|mrz__source_prob_q10|mrz__source_prob_q50|mrz__source_prob_q90|mrz__source_confidence_mean|mrz__source_confidence_std|mrz__source_fg_fraction|mrz__source_boundary_density|mrz__source_uncertain_fraction_040_060|mrz__source_high_entropy_fraction_050|mrz__source_logit_abs_mean|mrz__source_logit_abs_std|mrz__tent_preupdate_entropy_loss|paot_raw19_harm_probability|paot_raw19_benefit_probability|paot_mrz19_harm_probability|paot_mrz19_benefit_probability,OK,0
NeoPolyp,outputs/Q1_R05D2_neopolyp_prospective_paot_probability_lock_v1_fix1/state_cache/segformer_b0_seed20260822.lock.json,1912,1.87 KiB,,script_version|protocol_sha256|r05d1_lock_sha256|r05b2_lock_sha256|r03_lock_sha256|target_manifest_sha256|predictor_packages_sha256|reference_statistics_sha256|model_family|model_state_id|training_seed|checkpoint_sha256|rows|feature_names|probability_fields|target_gt_pixels_decoded|optimizer_constructed|backward_pass|tta_update|csv_sha256,OK,0
NeoPolyp,outputs/Q1_R05D3_neopolyp_source_a1_prediction_lock_v1_fix1/checkpoint_manifest.csv,2028,1.98 KiB,9,model_family|training_seed|model_state_id|checkpoint|checkpoint_sha256,OK,96
NeoPolyp,outputs/Q1_R05D3_neopolyp_source_a1_prediction_lock_v1_fix1/decision.txt,39,39.00 B,,,OK,96
NeoPolyp,outputs/Q1_R05D3_neopolyp_source_a1_prediction_lock_v1_fix1/information_boundary_audit.json,870,870.00 B,,target_image_pixels_decoded|target_gt_paths_present_as_provenance_strings|target_gt_pixels_decoded|source_inference_run|a1_tent_1step_run|a1_optimizer|a1_lr|a1_weight_decay|a1_steps_per_model_case|episodic_reset|model_case_units_receiving_a1|d2_probability_table_sha_verified|d2_probability_values_read|paot_probability_threshold_selected|paot_gating_used|predictor_fit_or_modified|target_normalization_fit|target_calibration|target_hyperparameter_sweep|target_case_exclusion_from_prediction_behavior|target_dice_computed|target_delta_dice_computed|target_outcome_labels_computed,OK,96
NeoPolyp,outputs/Q1_R05D3_neopolyp_source_a1_prediction_lock_v1_fix1/model_case_prediction_manifest.csv,5635909,5.37 MiB,9000,sample_id|image_path|image_raw_sha256|model_family|model_state_id|training_seed|checkpoint_sha256|state_prediction_npz|state_index_csv|state_row_index|source_foreground_pixels|a1_foreground_pixels|changed_pixels,OK,96
NeoPolyp,outputs/Q1_R05D3_neopolyp_source_a1_prediction_lock_v1_fix1/prediction_change_summary.csv,2056,2.01 KiB,13,model_family|model_state_id|rows|source_fg_fraction_mean|a1_fg_fraction_mean|changed_fraction_mean|changed_fraction_q50|changed_fraction_q90|zero_change_fraction,OK,96
NeoPolyp,outputs/Q1_R05D3_neopolyp_source_a1_prediction_lock_v1_fix1/Q1_R05D3_NEOPOLYP_SOURCE_A1_PREDICTION_LOCK.json,10037,9.80 KiB,,script_version|build|protocol_sha256|r05d1_lock_sha256|r05d2_lock_sha256|r05d2_probability_table_sha256|r03_lock_sha256|target_manifest_sha256|target_id_order_sha256|target_cases|model_states|model_case_rows|source_prediction_masks|a1_prediction_masks|mask_height|mask_width|packed_bytes_per_mask|bitorder|action|optimizer|lr|weight_decay|steps|episodic_reset|all_model_cases_received_a1|d2_probability_values_read|paot_gating_used|target_gt_pixels_decoded|target_outcomes_revealed|frozen_d4_gt_rule|decision|artifacts,OK,96
NeoPolyp,outputs/Q1_R05D3_neopolyp_source_a1_prediction_lock_v1_fix1/run_log.txt,1315,1.28 KiB,,,OK,96
NeoPolyp,outputs/Q1_R05D3_neopolyp_source_a1_prediction_lock_v1_fix1/upstream_audit.json,1180,1.15 KiB,,script_version|protocol_sha256|r05d1_lock_sha256|r05d1_decision|r05d2_lock_sha256|r05d2_decision|r05d2_probability_table_sha256|r05d2_probability_table_verified_by_hash_only|r03_lock_sha256|r03_decision|target_manifest_sha256|target_id_order_sha256|target_cases|model_states|expected_model_cases|target_gt_pixels_decoded|paot_probability_values_read|paot_gating_used|target_fit_or_tuning,OK,96
NeoPolyp,outputs/Q1_R05D3_neopolyp_source_a1_prediction_lock_v1_fix1/state_predictions/deeplabv3_r50_seed20260817_index.csv,344975,336.89 KiB,1000,row_index|sample_id|image_path|image_raw_sha256|model_family|model_state_id|training_seed|checkpoint_sha256|source_foreground_pixels|a1_foreground_pixels|changed_pixels,OK,96
NeoPolyp,outputs/Q1_R05D3_neopolyp_source_a1_prediction_lock_v1_fix1/state_predictions/deeplabv3_r50_seed20260817_lock.json,1460,1.43 KiB,,script_version|protocol_sha256|r05d1_lock_sha256|r05d2_lock_sha256|r03_lock_sha256|target_manifest_sha256|target_id_order_sha256|model_family|model_state_id|training_seed|checkpoint_sha256|target_cases|source_masks|a1_masks|mask_height|mask_width|mask_pixels|packed_bytes_per_mask|bitorder|action|optimizer|lr|weight_decay|steps|episodic_reset|paot_probability_values_read|paot_gating_used|target_gt_pixels_decoded|prediction_npz_sha256|state_index_csv_sha256,OK,96
NeoPolyp,outputs/Q1_R05D3_neopolyp_source_a1_prediction_lock_v1_fix1/state_predictions/deeplabv3_r50_seed20260818_index.csv,344910,336.83 KiB,1000,row_index|sample_id|image_path|image_raw_sha256|model_family|model_state_id|training_seed|checkpoint_sha256|source_foreground_pixels|a1_foreground_pixels|changed_pixels,OK,96
NeoPolyp,outputs/Q1_R05D3_neopolyp_source_a1_prediction_lock_v1_fix1/state_predictions/deeplabv3_r50_seed20260818_lock.json,1460,1.43 KiB,,script_version|protocol_sha256|r05d1_lock_sha256|r05d2_lock_sha256|r03_lock_sha256|target_manifest_sha256|target_id_order_sha256|model_family|model_state_id|training_seed|checkpoint_sha256|target_cases|source_masks|a1_masks|mask_height|mask_width|mask_pixels|packed_bytes_per_mask|bitorder|action|optimizer|lr|weight_decay|steps|episodic_reset|paot_probability_values_read|paot_gating_used|target_gt_pixels_decoded|prediction_npz_sha256|state_index_csv_sha256,OK,96
NeoPolyp,outputs/Q1_R05D3_neopolyp_source_a1_prediction_lock_v1_fix1/state_predictions/deeplabv3_r50_seed20260819_index.csv,344940,336.86 KiB,1000,row_index|sample_id|image_path|image_raw_sha256|model_family|model_state_id|training_seed|checkpoint_sha256|source_foreground_pixels|a1_foreground_pixels|changed_pixels,OK,96
NeoPolyp,outputs/Q1_R05D3_neopolyp_source_a1_prediction_lock_v1_fix1/state_predictions/deeplabv3_r50_seed20260819_lock.json,1460,1.43 KiB,,script_version|protocol_sha256|r05d1_lock_sha256|r05d2_lock_sha256|r03_lock_sha256|target_manifest_sha256|target_id_order_sha256|model_family|model_state_id|training_seed|checkpoint_sha256|target_cases|source_masks|a1_masks|mask_height|mask_width|mask_pixels|packed_bytes_per_mask|bitorder|action|optimizer|lr|weight_decay|steps|episodic_reset|paot_probability_values_read|paot_gating_used|target_gt_pixels_decoded|prediction_npz_sha256|state_index_csv_sha256,OK,96
NeoPolyp,outputs/Q1_R05D3_neopolyp_source_a1_prediction_lock_v1_fix1/state_predictions/pranet_seed20260817_index.csv,331564,323.79 KiB,1000,row_index|sample_id|image_path|image_raw_sha256|model_family|model_state_id|training_seed|checkpoint_sha256|source_foreground_pixels|a1_foreground_pixels|changed_pixels,OK,96
NeoPolyp,outputs/Q1_R05D3_neopolyp_source_a1_prediction_lock_v1_fix1/state_predictions/pranet_seed20260817_lock.json,1446,1.41 KiB,,script_version|protocol_sha256|r05d1_lock_sha256|r05d2_lock_sha256|r03_lock_sha256|target_manifest_sha256|target_id_order_sha256|model_family|model_state_id|training_seed|checkpoint_sha256|target_cases|source_masks|a1_masks|mask_height|mask_width|mask_pixels|packed_bytes_per_mask|bitorder|action|optimizer|lr|weight_decay|steps|episodic_reset|paot_probability_values_read|paot_gating_used|target_gt_pixels_decoded|prediction_npz_sha256|state_index_csv_sha256,OK,96
NeoPolyp,outputs/Q1_R05D3_neopolyp_source_a1_prediction_lock_v1_fix1/state_predictions/pranet_seed20260818_index.csv,331651,323.88 KiB,1000,row_index|sample_id|image_path|image_raw_sha256|model_family|model_state_id|training_seed|checkpoint_sha256|source_foreground_pixels|a1_foreground_pixels|changed_pixels,OK,96
NeoPolyp,outputs/Q1_R05D3_neopolyp_source_a1_prediction_lock_v1_fix1/state_predictions/pranet_seed20260818_lock.json,1446,1.41 KiB,,script_version|protocol_sha256|r05d1_lock_sha256|r05d2_lock_sha256|r03_lock_sha256|target_manifest_sha256|target_id_order_sha256|model_family|model_state_id|training_seed|checkpoint_sha256|target_cases|source_masks|a1_masks|mask_height|mask_width|mask_pixels|packed_bytes_per_mask|bitorder|action|optimizer|lr|weight_decay|steps|episodic_reset|paot_probability_values_read|paot_gating_used|target_gt_pixels_decoded|prediction_npz_sha256|state_index_csv_sha256,OK,96
NeoPolyp,outputs/Q1_R05D3_neopolyp_source_a1_prediction_lock_v1_fix1/state_predictions/pranet_seed20260819_index.csv,331993,324.21 KiB,1000,row_index|sample_id|image_path|image_raw_sha256|model_family|model_state_id|training_seed|checkpoint_sha256|source_foreground_pixels|a1_foreground_pixels|changed_pixels,OK,96
NeoPolyp,outputs/Q1_R05D3_neopolyp_source_a1_prediction_lock_v1_fix1/state_predictions/pranet_seed20260819_lock.json,1446,1.41 KiB,,script_version|protocol_sha256|r05d1_lock_sha256|r05d2_lock_sha256|r03_lock_sha256|target_manifest_sha256|target_id_order_sha256|model_family|model_state_id|training_seed|checkpoint_sha256|target_cases|source_masks|a1_masks|mask_height|mask_width|mask_pixels|packed_bytes_per_mask|bitorder|action|optimizer|lr|weight_decay|steps|episodic_reset|paot_probability_values_read|paot_gating_used|target_gt_pixels_decoded|prediction_npz_sha256|state_index_csv_sha256,OK,96
NeoPolyp,outputs/Q1_R05D3_neopolyp_source_a1_prediction_lock_v1_fix1/state_predictions/segformer_b0_seed20260820_index.csv,342368,334.34 KiB,1000,row_index|sample_id|image_path|image_raw_sha256|model_family|model_state_id|training_seed|checkpoint_sha256|source_foreground_pixels|a1_foreground_pixels|changed_pixels,OK,96
NeoPolyp,outputs/Q1_R05D3_neopolyp_source_a1_prediction_lock_v1_fix1/state_predictions/segformer_b0_seed20260820_lock.json,1458,1.42 KiB,,script_version|protocol_sha256|r05d1_lock_sha256|r05d2_lock_sha256|r03_lock_sha256|target_manifest_sha256|target_id_order_sha256|model_family|model_state_id|training_seed|checkpoint_sha256|target_cases|source_masks|a1_masks|mask_height|mask_width|mask_pixels|packed_bytes_per_mask|bitorder|action|optimizer|lr|weight_decay|steps|episodic_reset|paot_probability_values_read|paot_gating_used|target_gt_pixels_decoded|prediction_npz_sha256|state_index_csv_sha256,OK,96
NeoPolyp,outputs/Q1_R05D3_neopolyp_source_a1_prediction_lock_v1_fix1/state_predictions/segformer_b0_seed20260821_index.csv,342440,334.41 KiB,1000,row_index|sample_id|image_path|image_raw_sha256|model_family|model_state_id|training_seed|checkpoint_sha256|source_foreground_pixels|a1_foreground_pixels|changed_pixels,OK,96
NeoPolyp,outputs/Q1_R05D3_neopolyp_source_a1_prediction_lock_v1_fix1/state_predictions/segformer_b0_seed20260821_lock.json,1458,1.42 KiB,,script_version|protocol_sha256|r05d1_lock_sha256|r05d2_lock_sha256|r03_lock_sha256|target_manifest_sha256|target_id_order_sha256|model_family|model_state_id|training_seed|checkpoint_sha256|target_cases|source_masks|a1_masks|mask_height|mask_width|mask_pixels|packed_bytes_per_mask|bitorder|action|optimizer|lr|weight_decay|steps|episodic_reset|paot_probability_values_read|paot_gating_used|target_gt_pixels_decoded|prediction_npz_sha256|state_index_csv_sha256,OK,96
NeoPolyp,outputs/Q1_R05D3_neopolyp_source_a1_prediction_lock_v1_fix1/state_predictions/segformer_b0_seed20260822_index.csv,342409,334.38 KiB,1000,row_index|sample_id|image_path|image_raw_sha256|model_family|model_state_id|training_seed|checkpoint_sha256|source_foreground_pixels|a1_foreground_pixels|changed_pixels,OK,96
NeoPolyp,outputs/Q1_R05D3_neopolyp_source_a1_prediction_lock_v1_fix1/state_predictions/segformer_b0_seed20260822_lock.json,1458,1.42 KiB,,script_version|protocol_sha256|r05d1_lock_sha256|r05d2_lock_sha256|r03_lock_sha256|target_manifest_sha256|target_id_order_sha256|model_family|model_state_id|training_seed|checkpoint_sha256|target_cases|source_masks|a1_masks|mask_height|mask_width|mask_pixels|packed_bytes_per_mask|bitorder|action|optimizer|lr|weight_decay|steps|episodic_reset|paot_probability_values_read|paot_gating_used|target_gt_pixels_decoded|prediction_npz_sha256|state_index_csv_sha256,OK,96
NeoPolyp,outputs/Q1_R07A_neopolyp_external_predictability_control_gap_audit_v1/decision.txt,48,48.00 B,,,OK,0
NeoPolyp,outputs/Q1_R07A_neopolyp_external_predictability_control_gap_audit_v1/descriptive_gate.json,657,657.00 B,,retrospective|predictability_auroc_min|feasibility_constraints|checks|decision|deployment_threshold_selected,OK,0
NeoPolyp,outputs/Q1_R07A_neopolyp_external_predictability_control_gap_audit_v1/external_architecture_frontier_summary.csv,379,379.00 B,3,model_family|frontier_points|joint_feasible_points|joint_feasible|max_benefit_retention_given_harm_ge_0p80_coverage_ge_0p30_dice|max_coverage_given_harm_ge_0p80_benefit_ge_0p50_dice|max_harm_prevention_given_coverage_ge_0p30_benefit_ge_0p50_dice,OK,0
NeoPolyp,outputs/Q1_R07A_neopolyp_external_predictability_control_gap_audit_v1/external_frontier_points.csv,1806666,1.72 MiB,8977,model_family|blocked_rows|adapted_rows|threshold_lower_bound|threshold_semantics|harm_prevention_recall|adaptation_coverage|benefit_retention|source_mean_dice|blind_a1_mean_dice|gated_mean_dice|gated_minus_source_mean_dice|joint_feasible,OK,0
NeoPolyp,outputs/Q1_R07A_neopolyp_external_predictability_control_gap_audit_v1/external_predictability_metrics.csv,283,283.00 B,3,model_family|rows|harm_rows|harm_prevalence|auroc|auprc,OK,0
NeoPolyp,outputs/Q1_R07A_neopolyp_external_predictability_control_gap_audit_v1/Q1_R07A_EXTERNAL_PREDICTABILITY_CONTROL_GAP_LOCK.json,3098,3.03 KiB,,script_version|build|protocol_sha256|r06c_lock_sha256|d2_lock_sha256|d4_lock_sha256|retrospective_external_characterization|new_model_fit|new_inference|deployment_threshold_selected|decision|descriptive_gate|artifacts,OK,0
NeoPolyp,outputs/Q1_R07A_neopolyp_external_predictability_control_gap_audit_v1/run_log.txt,1426,1.39 KiB,,,OK,0
NeoPolyp,outputs/Q1_R07A_neopolyp_external_predictability_control_gap_audit_v1/source_vs_external_control_gap_summary.csv,517,517.00 B,3,model_family|source_scalar_frontier_joint_feasible|external_harm_auroc|external_harm_auprc|external_scalar_frontier_joint_feasible|source_max_benefit_retention_at_harm80_cov30_dice|external_max_benefit_retention_at_harm80_cov30_dice,OK,0
NeoPolyp,outputs/Q1_R07A_neopolyp_external_predictability_control_gap_audit_v1/upstream_audit.json,901,901.00 B,,script_version|protocol_sha256|r06c_lock_sha256|r06c_decision|d2_lock_sha256|d2_decision|d4_lock_sha256|d4_decision|d4_outcomes_sha256|rows|retrospective_external_characterization|new_model_fit|new_inference|tta|calibration|deployment_threshold_selected,OK,0
NeoPolyp,outputs/Q1_R08E1_neopolyp_frozen_risk_inference_v1_fix2/neopolyp_risk_validation_table.csv,502984,491.20 KiB,9000,source_dice|a1_dice|outcome|risk_score,OK,0
NeoPolyp,outputs/Q1_R08E1_neopolyp_frozen_risk_inference_v1_fix2/Q1_R08E1_LOCK.json,255,255.00 B,,version|predictor|rows|target_fit|threshold_update|predictor_frozen,OK,0
NeoPolyp,outputs/Q1_R08E1_pre_neopolyp_feature_assembly_v1_fix1/neopolyp_source_feature_table.csv,4046791,3.86 MiB,9000,sample_id|model_family|source_dice|a1_dice|outcome|source_entropy_mean|source_entropy_std|source_entropy_q10|source_entropy_q50|source_entropy_q90|source_prob_mean|source_prob_std|source_prob_q10|source_prob_q50|source_prob_q90|source_confidence_mean|source_confidence_std|source_fg_fraction|source_boundary_density|source_uncertain_fraction_040_060|source_high_entropy_fraction_050|source_logit_abs_mean|source_logit_abs_std,OK,0
NeoPolyp,outputs/Q1_R08E1_pre_neopolyp_feature_assembly_v1_fix1/Q1_R08E1_PRE_LOCK.json,253,253.00 B,,version|rows|features|target_fit|paot_source,OK,0
NeoPolyp,outputs/Q1_R08F0_neopolyp_frozen_risk_aware_external_validation_v1_fix1/neopolyp_frozen_policy_predictions.csv,741721,724.34 KiB,9000,source_dice|a1_dice|outcome|risk_score|policy|selected_dice,OK,0
NeoPolyp,outputs/Q1_R08F0_neopolyp_frozen_risk_aware_external_validation_v1_fix1/Q1_R08F0_LOCK.json,314,314.00 B,,version|rows|threshold|source_rows|tent_rows|mean_source_dice|mean_a1_dice|mean_selected_dice|target_tuning|threshold_search,OK,0
NeoPolyp,outputs/Q1_R10A2_7_external_representation_lock_v1/neopolyp_external_R10A_feature_lock.csv,3553099,3.39 MiB,9000,sample_id|source_entropy_mean|source_entropy_std|source_entropy_q10|source_entropy_q50|source_entropy_q90|source_prob_mean|source_prob_std|source_prob_q10|source_prob_q50|source_prob_q90|source_confidence_mean|source_confidence_std|source_fg_fraction|source_boundary_density|source_uncertain_fraction_040_060|source_high_entropy_fraction_050|source_logit_abs_mean|source_logit_abs_std,OK,0
NeoPolyp,outputs/Q1_R10A2_8_external_rur_transform_v1/neopolyp_external_invariant_feature_table.csv,10235202,9.76 MiB,9000,sample_id|source_entropy_mean|source_entropy_std|source_entropy_q10|source_entropy_q50|source_entropy_q90|source_prob_mean|source_prob_std|source_prob_q10|source_prob_q50|source_prob_q90|source_confidence_mean|source_confidence_std|source_fg_fraction|source_boundary_density|source_uncertain_fraction_040_060|source_high_entropy_fraction_050|source_logit_abs_mean|source_logit_abs_std|rur_source_entropy_mean_z|rur_source_entropy_mean_mad|rur_source_entropy_std_z|rur_source_entropy_std_mad|rur_source_entropy_q10_z|rur_source_entropy_q10_mad|rur_source_entropy_q50_z|rur_source_entropy_q50_mad|rur_source_entropy_q90_z|rur_source_entropy_q90_mad|rur_source_prob_mean_z|rur_source_prob_mean_mad|rur_source_prob_std_z|rur_source_prob_std_mad|rur_source_prob_q10_z|rur_source_prob_q10_mad|rur_source_prob_q50_z|rur_source_prob_q50_mad|rur_source_prob_q90_z|rur_source_prob_q90_mad|rur_source_confidence_mean_z|rur_source_confidence_mean_mad|rur_source_confidence_std_z|rur_source_confidence_std_mad|rur_source_fg_fraction_z|rur_source_fg_fraction_mad|rur_source_boundary_density_z|rur_source_boundary_density_mad|rur_source_uncertain_fraction_040_060_z|rur_source_uncertain_fraction_040_060_mad|rur_source_high_entropy_fraction_050_z|rur_source_high_entropy_fraction_050_mad|rur_source_logit_abs_mean_z|rur_source_logit_abs_mean_mad|rur_source_logit_abs_std_z|rur_source_logit_abs_std_mad|source_fg_fraction|source_boundary_density,OK,0
NeoPolyp,outputs/Q1_R10H2_NeoPolyp_external_labeled_panel_fix1_v1/neopolyp_external_evaluation_labeled_panel.csv,12446792,11.87 MiB,9000,_external_row_id|sample_id|model_family|model_state_id|training_seed|checkpoint_sha256|max_abs_feature_diff|source_dice|a1_dice|delta_dice|adaptation_outcome|harm_label|benefit_label|source_entropy_mean|source_entropy_std|source_entropy_q10|source_entropy_q50|source_entropy_q90|source_prob_mean|source_prob_std|source_prob_q10|source_prob_q50|source_prob_q90|source_confidence_mean|source_confidence_std|source_fg_fraction|source_boundary_density|source_uncertain_fraction_040_060|source_high_entropy_fraction_050|source_logit_abs_mean|source_logit_abs_std|rur_source_entropy_mean_z|rur_source_entropy_mean_mad|rur_source_entropy_std_z|rur_source_entropy_std_mad|rur_source_entropy_q10_z|rur_source_entropy_q10_mad|rur_source_entropy_q50_z|rur_source_entropy_q50_mad|rur_source_entropy_q90_z|rur_source_entropy_q90_mad|rur_source_prob_mean_z|rur_source_prob_mean_mad|rur_source_prob_std_z|rur_source_prob_std_mad|rur_source_prob_q10_z|rur_source_prob_q10_mad|rur_source_prob_q50_z|rur_source_prob_q50_mad|rur_source_prob_q90_z|rur_source_prob_q90_mad|rur_source_confidence_mean_z|rur_source_confidence_mean_mad|rur_source_confidence_std_z|rur_source_confidence_std_mad|rur_source_fg_fraction_z|rur_source_fg_fraction_mad|rur_source_boundary_density_z|rur_source_boundary_density_mad|rur_source_uncertain_fraction_040_060_z|rur_source_uncertain_fraction_040_060_mad|rur_source_high_entropy_fraction_050_z|rur_source_high_entropy_fraction_050_mad|rur_source_logit_abs_mean_z|rur_source_logit_abs_mean_mad|rur_source_logit_abs_std_z|rur_source_logit_abs_std_mad|struct_source_fg_fraction|struct_source_boundary_density|rur_source_entropy_mean_tail|rur_source_prob_mean_tail|rur_source_confidence_mean_tail|rur_source_logit_abs_mean_tail,OK,0
NeoPolyp,outputs/Q1_R10H2_NeoPolyp_external_labeled_panel_fix1_v1/neopolyp_external_panel_audit_summary.csv,278,278.00 B,1,rows|unique_sample_id|unique_sample_state|harm_rows|nonharm_rows|benefit_rows|neutral_rows|max_abs_numeric_bridge_diff|frozen_atol|label_join_key|training_used|threshold_tuning_used,OK,0
NeoPolyp,outputs/Q1_R10H2_NeoPolyp_external_labeled_panel_fix1_v1/neopolyp_external_state_identity_mapping.csv,1843360,1.76 MiB,9000,_external_row_id|sample_id|sample_id_r05d2|model_family|model_state_id|training_seed|checkpoint_sha256|max_abs_feature_diff,OK,0
NeoPolyp,outputs/Q1_R10L1A_external_dataset_identity_audit_fix1_v1/R10L1A_candidate_vs_neopolyp_hash_audit.csv,775976,757.79 KiB,2200,candidate_path|relative_path|sha256|exact_neopolyp_rgb|exact_neopolyp_gt|same_stem_as_neopolyp_rgb|same_stem_as_neopolyp_gt|matched_neopolyp_rgb_path|matched_neopolyp_gt_path,OK,0
PolypGen,outputs/Q1_R10L1B_polypgen_unique_static_manifest_lock_fix1_v1/R10L1B_duplicate_groups.csv,918,918.00 B,2,rgb_sha256|center|sample_id|image_path|gt_path|gt_sha256|group_rows|group_unique_gt_hashes,OK,0
PolypGen,outputs/Q1_R10L1B_polypgen_unique_static_manifest_lock_fix2_v1/R10L1B_duplicate_groups.csv,1744,1.70 KiB,4,rgb_sha256|center|sample_id|image_path|gt_path|gt_sha256|group_rows|group_unique_gt_hashes,OK,0
PolypGen,outputs/Q1_R10L1B_polypgen_unique_static_manifest_lock_fix2_v1/R10L1B_exact_duplicate_exclusions.csv,1935,1.89 KiB,4,center|sample_id|image_path|gt_path|rgb_sha256|gt_sha256|reason|retained_representative_sample_id,OK,0
PolypGen,outputs/Q1_R10L1B_polypgen_unique_static_manifest_lock_fix2_v1/R10L1B_POLYPGEN_UNIQUE_STATIC_MANIFEST.csv,855842,835.78 KiB,1532,external_case_id|center|sample_id|image_path|gt_path|image_sha256|image_sha256|gt_sha256|pair_key|readable|image_width|image_height|image_mode|gt_width|gt_height|gt_mode|same_size|error|exact_duplicate_of_neopolyp|duplicate_within_polypgen_static,OK,0
PolypGen,outputs/Q1_R10L1B_polypgen_unique_static_manifest_lock_fix2_v1/R10L1B_unpaired_file_exclusions.csv,402,402.00 B,2,center|role|normalized_stem|path|action,OK,0
PolypGen,outputs/Q1_R10L1B_polypgen_unique_static_manifest_lock_fix3_v1/R10L1B_duplicate_groups.csv,1744,1.70 KiB,4,rgb_sha256|center|sample_id|image_path|gt_path|gt_sha256|group_rows|group_unique_gt_hashes,OK,0
PolypGen,outputs/Q1_R10L1B_polypgen_unique_static_manifest_lock_fix3_v1/R10L1B_exact_duplicate_exclusions.csv,1935,1.89 KiB,4,center|sample_id|image_path|gt_path|rgb_sha256|gt_sha256|reason|retained_representative_sample_id,OK,0
PolypGen,outputs/Q1_R10L1B_polypgen_unique_static_manifest_lock_fix3_v1/R10L1B_MANIFEST_LOCK.json,955,955.00 B,,decision|input_paired_rows|retained_unique_rows|retained_unique_rgb_hashes|prior_hash_columns_removed_before_lock|output_duplicate_column_labels|exact_duplicate_or_conflict_rows_excluded|conflicting_annotation_rows_excluded|redundant_same_rgb_same_gt_rows_excluded|unpaired_files_excluded|centers|neoPolyp_exact_rgb_duplicates|conflicting_gt_policy|model_inference_run|performance_evaluated|source_training_overlap_status|locked_manifest,OK,0
PolypGen,outputs/Q1_R10L1B_polypgen_unique_static_manifest_lock_fix3_v1/R10L1B_POLYPGEN_UNIQUE_STATIC_MANIFEST.csv,756249,738.52 KiB,1532,external_case_id|center|sample_id|image_path|gt_path|image_sha256|gt_sha256|pair_key|readable|image_width|image_height|image_mode|gt_width|gt_height|gt_mode|same_size|error|exact_duplicate_of_neopolyp|duplicate_within_polypgen_static,OK,0
PolypGen,outputs/Q1_R10L1B_polypgen_unique_static_manifest_lock_fix3_v1/R10L1B_unpaired_file_exclusions.csv,402,402.00 B,2,center|role|normalized_stem|path|action,OK,0
PolypGen,outputs/Q1_R10L1_polypgen_external_cohort_asset_audit_fix1_v1/R10L1_ambiguous_or_unpaired_keys.csv,362866,354.36 KiB,2200,pair_key|image_count|mask_count|image_path|mask_path|unique_pair,OK,0
PolypGen,outputs/Q1_R10L1_polypgen_external_cohort_asset_audit_fix1_v1/R10L1_file_inventory.csv,350815,342.59 KiB,2200,path|role|key,OK,0
PolypGen,outputs/Q1_R10L1_polypgen_official_singleframe_asset_audit_fix2_v1/R10L1_center_structure_audit.csv,1281,1.25 KiB,6,center|image_dir|mask_dir|image_files|mask_files|paired|image_only|mask_only,OK,0
PolypGen,outputs/Q1_R10L1_polypgen_official_singleframe_asset_audit_fix2_v1/R10L1_polypgen_official_singleframe_manifest.csv,626122,611.45 KiB,1536,center|sample_id|pair_key|image_path|gt_path|readable|image_width|image_height|image_mode|gt_width|gt_height|gt_mode|same_size|error|image_sha256|exact_duplicate_of_neopolyp|duplicate_within_polypgen_static,OK,0
PolypGen,outputs/Q1_R10L1_polypgen_official_singleframe_asset_audit_fix2_v1/R10L1_summary.json,619,619.00 B,,decision|official_component|imagesAll_positive_used|sequenceData_used|centers|pair_rows|readable_pairs|same_size_pairs|unique_rgb_hashes|within_polypgen_duplicate_rows|exact_neopolyp_rgb_duplicates|source_training_overlap_status|model_inference_run|external_performance_evaluated,OK,0
PolypGen,outputs/Q1_R10L2A_source_training_lineage_discovery_audit_fix1_v1/R10L2A_historical_polypgen_mentions.csv,1655,1.62 KiB,14,evidence_file|line|snippet,OK,0
PolypGen,outputs/Q1_R10L3A_polypgen_source_a1_prediction_lock_fix1_v1__building/checkpoint_manifest.csv,2028,1.98 KiB,9,model_family|training_seed|model_state_id|checkpoint|checkpoint_sha256,OK,99
PolypGen,outputs/Q1_R10L3A_polypgen_source_a1_prediction_lock_fix1_v1__building/upstream_audit.json,889,889.00 B,,script_version|build|r05d3_script_sha256|polypgen_manifest_sha256|polypgen_manifest_lock_sha256|independence_lock_sha256|checkpoint_recovery_sha256|polypgen_cases|model_states|model_case_units|independence_gate_decision|target_gt_path_column_read|target_gt_pixels_decoded,OK,99
PolypGen,outputs/Q1_R10L3A_polypgen_source_a1_prediction_lock_fix1_v1__building/state_predictions/deeplabv3_r50_seed20260817_index.csv,512336,500.33 KiB,1532,row_index|sample_id|image_path|image_raw_sha256|model_family|model_state_id|training_seed|checkpoint_sha256|source_foreground_pixels|a1_foreground_pixels|changed_pixels,OK,99
PolypGen,outputs/Q1_R10L3A_polypgen_source_a1_prediction_lock_fix1_v1__building/state_predictions/deeplabv3_r50_seed20260817_state_lock.json,1078,1.05 KiB,,decision|model_family|model_state_id|training_seed|checkpoint_sha256|target_cases|mask_height|mask_width|packed_bytes_per_mask|bitorder|action|tent_lr|tent_weight_decay|tent_steps|episodic_reset|polypgen_manifest_sha256|independence_lock_sha256|r05d3_script_sha256|npz_sha256|index_sha256|target_gt_path_column_read|target_gt_pixels_decoded|target_metrics_computed,OK,99
PolypGen,outputs/Q1_R10L3A_polypgen_source_a1_prediction_lock_fix1_v1__building/state_predictions/deeplabv3_r50_seed20260818_index.csv,512117,500.11 KiB,1532,row_index|sample_id|image_path|image_raw_sha256|model_family|model_state_id|training_seed|checkpoint_sha256|source_foreground_pixels|a1_foreground_pixels|changed_pixels,OK,99
PolypGen,outputs/Q1_R10L3A_polypgen_source_a1_prediction_lock_fix1_v1__building/state_predictions/deeplabv3_r50_seed20260818_state_lock.json,1078,1.05 KiB,,decision|model_family|model_state_id|training_seed|checkpoint_sha256|target_cases|mask_height|mask_width|packed_bytes_per_mask|bitorder|action|tent_lr|tent_weight_decay|tent_steps|episodic_reset|polypgen_manifest_sha256|independence_lock_sha256|r05d3_script_sha256|npz_sha256|index_sha256|target_gt_path_column_read|target_gt_pixels_decoded|target_metrics_computed,OK,99
PolypGen,outputs/Q1_R10L3A_polypgen_source_a1_prediction_lock_fix1_v1__building/state_predictions/deeplabv3_r50_seed20260819_index.csv,512386,500.38 KiB,1532,row_index|sample_id|image_path|image_raw_sha256|model_family|model_state_id|training_seed|checkpoint_sha256|source_foreground_pixels|a1_foreground_pixels|changed_pixels,OK,99
PolypGen,outputs/Q1_R10L3A_polypgen_source_a1_prediction_lock_fix1_v1__building/state_predictions/deeplabv3_r50_seed20260819_state_lock.json,1078,1.05 KiB,,decision|model_family|model_state_id|training_seed|checkpoint_sha256|target_cases|mask_height|mask_width|packed_bytes_per_mask|bitorder|action|tent_lr|tent_weight_decay|tent_steps|episodic_reset|polypgen_manifest_sha256|independence_lock_sha256|r05d3_script_sha256|npz_sha256|index_sha256|target_gt_path_column_read|target_gt_pixels_decoded|target_metrics_computed,OK,99
PolypGen,outputs/Q1_R10L3A_polypgen_source_a1_prediction_lock_fix1_v1__building/state_predictions/pranet_seed20260817_index.csv,491362,479.85 KiB,1532,row_index|sample_id|image_path|image_raw_sha256|model_family|model_state_id|training_seed|checkpoint_sha256|source_foreground_pixels|a1_foreground_pixels|changed_pixels,OK,99
PolypGen,outputs/Q1_R10L3A_polypgen_source_a1_prediction_lock_fix1_v1__building/state_predictions/pranet_seed20260817_state_lock.json,1064,1.04 KiB,,decision|model_family|model_state_id|training_seed|checkpoint_sha256|target_cases|mask_height|mask_width|packed_bytes_per_mask|bitorder|action|tent_lr|tent_weight_decay|tent_steps|episodic_reset|polypgen_manifest_sha256|independence_lock_sha256|r05d3_script_sha256|npz_sha256|index_sha256|target_gt_path_column_read|target_gt_pixels_decoded|target_metrics_computed,OK,99
PolypGen,outputs/Q1_R10L3A_polypgen_source_a1_prediction_lock_fix1_v1__building/state_predictions/pranet_seed20260818_index.csv,491344,479.83 KiB,1532,row_index|sample_id|image_path|image_raw_sha256|model_family|model_state_id|training_seed|checkpoint_sha256|source_foreground_pixels|a1_foreground_pixels|changed_pixels,OK,99
PolypGen,outputs/Q1_R10L3A_polypgen_source_a1_prediction_lock_fix1_v1__building/state_predictions/pranet_seed20260818_state_lock.json,1064,1.04 KiB,,decision|model_family|model_state_id|training_seed|checkpoint_sha256|target_cases|mask_height|mask_width|packed_bytes_per_mask|bitorder|action|tent_lr|tent_weight_decay|tent_steps|episodic_reset|polypgen_manifest_sha256|independence_lock_sha256|r05d3_script_sha256|npz_sha256|index_sha256|target_gt_path_column_read|target_gt_pixels_decoded|target_metrics_computed,OK,99
PolypGen,outputs/Q1_R10L3A_polypgen_source_a1_prediction_lock_fix1_v1__building/state_predictions/pranet_seed20260819_index.csv,492274,480.74 KiB,1532,row_index|sample_id|image_path|image_raw_sha256|model_family|model_state_id|training_seed|checkpoint_sha256|source_foreground_pixels|a1_foreground_pixels|changed_pixels,OK,99
PolypGen,outputs/Q1_R10L3A_polypgen_source_a1_prediction_lock_fix1_v1__building/state_predictions/pranet_seed20260819_state_lock.json,1064,1.04 KiB,,decision|model_family|model_state_id|training_seed|checkpoint_sha256|target_cases|mask_height|mask_width|packed_bytes_per_mask|bitorder|action|tent_lr|tent_weight_decay|tent_steps|episodic_reset|polypgen_manifest_sha256|independence_lock_sha256|r05d3_script_sha256|npz_sha256|index_sha256|target_gt_path_column_read|target_gt_pixels_decoded|target_metrics_computed,OK,99
PolypGen,outputs/Q1_R10L3A_polypgen_source_a1_prediction_lock_fix2_v1/checkpoint_manifest.csv,2028,1.98 KiB,9,model_family|training_seed|model_state_id|checkpoint|checkpoint_sha256,OK,99
PolypGen,outputs/Q1_R10L3A_polypgen_source_a1_prediction_lock_fix2_v1/decision.txt,56,56.00 B,,,OK,99
PolypGen,outputs/Q1_R10L3A_polypgen_source_a1_prediction_lock_fix2_v1/information_boundary_audit.json,830,830.00 B,,polypgen_rgb_pixels_decoded|polypgen_gt_path_column_read|polypgen_gt_pixels_decoded|source_inference_run|a1_backward_pass_run|a1_optimizer_step_run|a1_action|a1_optimizer|a1_lr|a1_weight_decay|a1_steps|episodic_reset|all_model_case_units_received_a1|model_case_units_receiving_a1|r10l0_safety_estimator_read|safety_probability_computed|target_dice_computed|target_delta_dice_computed|target_harm_label_computed|target_calibration|target_threshold_selection|target_feature_selection|target_case_exclusion_from_prediction_behavior,OK,99
PolypGen,outputs/Q1_R10L3A_polypgen_source_a1_prediction_lock_fix2_v1/model_case_prediction_manifest.csv,7359959,7.02 MiB,13788,sample_id|center|original_polypgen_sample_id|image_path|image_raw_sha256|model_family|model_state_id|training_seed|checkpoint_sha256|state_prediction_npz|state_index_csv|state_lock_json|state_row_index|source_foreground_pixels|a1_foreground_pixels|changed_pixels,OK,99
PolypGen,outputs/Q1_R10L3A_polypgen_source_a1_prediction_lock_fix2_v1/prediction_change_summary.csv,1216,1.19 KiB,9,model_family|model_state_id|training_seed|target_cases|source_foreground_pixels_mean|a1_foreground_pixels_mean|changed_pixels_mean|changed_pixels_median|changed_pixels_max,OK,99
PolypGen,outputs/Q1_R10L3A_polypgen_source_a1_prediction_lock_fix2_v1/R10L3A_POLYPGEN_SOURCE_A1_PREDICTION_LOCK.json,2465,2.41 KiB,,decision|script_version|build|r05d3_script_sha256|polypgen_manifest_sha256|polypgen_manifest_lock_sha256|independence_lock_sha256|checkpoint_recovery_sha256|target_dataset|target_component|target_cases|centers|model_states|model_case_rows|source_prediction_masks|a1_prediction_masks|all_model_cases_received_a1|mask_height|mask_width|packed_bytes_per_mask|bitorder|action|optimizer|learning_rate|weight_decay|steps|episodic_reset|target_gt_path_column_read|target_gt_pixels_decoded|target_outcomes_revealed|safety_estimator_read|safety_scores_generated|artifacts,OK,99
PolypGen,outputs/Q1_R10L3A_polypgen_source_a1_prediction_lock_fix2_v1/run_log.txt,1270,1.24 KiB,,,OK,99
PolypGen,outputs/Q1_R10L3A_polypgen_source_a1_prediction_lock_fix2_v1/upstream_audit.json,1227,1.20 KiB,,script_version|build|r05d3_script_sha256|polypgen_manifest_sha256|polypgen_manifest_lock_sha256|independence_lock_sha256|checkpoint_recovery_sha256|polypgen_cases|model_states|model_case_units|independence_gate_decision|target_gt_path_column_read|target_gt_pixels_decoded|fix1_partial_build_dir|verified_fix1_states_imported,OK,99
PolypGen,outputs/Q1_R10L3A_polypgen_source_a1_prediction_lock_fix2_v1/state_predictions/deeplabv3_r50_seed20260817_index.csv,512336,500.33 KiB,1532,row_index|sample_id|image_path|image_raw_sha256|model_family|model_state_id|training_seed|checkpoint_sha256|source_foreground_pixels|a1_foreground_pixels|changed_pixels,OK,99
PolypGen,outputs/Q1_R10L3A_polypgen_source_a1_prediction_lock_fix2_v1/state_predictions/deeplabv3_r50_seed20260817_state_lock.json,1078,1.05 KiB,,decision|model_family|model_state_id|training_seed|checkpoint_sha256|target_cases|mask_height|mask_width|packed_bytes_per_mask|bitorder|action|tent_lr|tent_weight_decay|tent_steps|episodic_reset|polypgen_manifest_sha256|independence_lock_sha256|r05d3_script_sha256|npz_sha256|index_sha256|target_gt_path_column_read|target_gt_pixels_decoded|target_metrics_computed,OK,99
PolypGen,outputs/Q1_R10L3A_polypgen_source_a1_prediction_lock_fix2_v1/state_predictions/deeplabv3_r50_seed20260818_index.csv,512117,500.11 KiB,1532,row_index|sample_id|image_path|image_raw_sha256|model_family|model_state_id|training_seed|checkpoint_sha256|source_foreground_pixels|a1_foreground_pixels|changed_pixels,OK,99
PolypGen,outputs/Q1_R10L3A_polypgen_source_a1_prediction_lock_fix2_v1/state_predictions/deeplabv3_r50_seed20260818_state_lock.json,1078,1.05 KiB,,decision|model_family|model_state_id|training_seed|checkpoint_sha256|target_cases|mask_height|mask_width|packed_bytes_per_mask|bitorder|action|tent_lr|tent_weight_decay|tent_steps|episodic_reset|polypgen_manifest_sha256|independence_lock_sha256|r05d3_script_sha256|npz_sha256|index_sha256|target_gt_path_column_read|target_gt_pixels_decoded|target_metrics_computed,OK,99
PolypGen,outputs/Q1_R10L3A_polypgen_source_a1_prediction_lock_fix2_v1/state_predictions/deeplabv3_r50_seed20260819_index.csv,512386,500.38 KiB,1532,row_index|sample_id|image_path|image_raw_sha256|model_family|model_state_id|training_seed|checkpoint_sha256|source_foreground_pixels|a1_foreground_pixels|changed_pixels,OK,99
PolypGen,outputs/Q1_R10L3A_polypgen_source_a1_prediction_lock_fix2_v1/state_predictions/deeplabv3_r50_seed20260819_state_lock.json,1078,1.05 KiB,,decision|model_family|model_state_id|training_seed|checkpoint_sha256|target_cases|mask_height|mask_width|packed_bytes_per_mask|bitorder|action|tent_lr|tent_weight_decay|tent_steps|episodic_reset|polypgen_manifest_sha256|independence_lock_sha256|r05d3_script_sha256|npz_sha256|index_sha256|target_gt_path_column_read|target_gt_pixels_decoded|target_metrics_computed,OK,99
PolypGen,outputs/Q1_R10L3A_polypgen_source_a1_prediction_lock_fix2_v1/state_predictions/pranet_seed20260817_index.csv,491362,479.85 KiB,1532,row_index|sample_id|image_path|image_raw_sha256|model_family|model_state_id|training_seed|checkpoint_sha256|source_foreground_pixels|a1_foreground_pixels|changed_pixels,OK,99
PolypGen,outputs/Q1_R10L3A_polypgen_source_a1_prediction_lock_fix2_v1/state_predictions/pranet_seed20260817_state_lock.json,1064,1.04 KiB,,decision|model_family|model_state_id|training_seed|checkpoint_sha256|target_cases|mask_height|mask_width|packed_bytes_per_mask|bitorder|action|tent_lr|tent_weight_decay|tent_steps|episodic_reset|polypgen_manifest_sha256|independence_lock_sha256|r05d3_script_sha256|npz_sha256|index_sha256|target_gt_path_column_read|target_gt_pixels_decoded|target_metrics_computed,OK,99
PolypGen,outputs/Q1_R10L3A_polypgen_source_a1_prediction_lock_fix2_v1/state_predictions/pranet_seed20260818_index.csv,491344,479.83 KiB,1532,row_index|sample_id|image_path|image_raw_sha256|model_family|model_state_id|training_seed|checkpoint_sha256|source_foreground_pixels|a1_foreground_pixels|changed_pixels,OK,99
PolypGen,outputs/Q1_R10L3A_polypgen_source_a1_prediction_lock_fix2_v1/state_predictions/pranet_seed20260818_state_lock.json,1064,1.04 KiB,,decision|model_family|model_state_id|training_seed|checkpoint_sha256|target_cases|mask_height|mask_width|packed_bytes_per_mask|bitorder|action|tent_lr|tent_weight_decay|tent_steps|episodic_reset|polypgen_manifest_sha256|independence_lock_sha256|r05d3_script_sha256|npz_sha256|index_sha256|target_gt_path_column_read|target_gt_pixels_decoded|target_metrics_computed,OK,99
PolypGen,outputs/Q1_R10L3A_polypgen_source_a1_prediction_lock_fix2_v1/state_predictions/pranet_seed20260819_index.csv,492274,480.74 KiB,1532,row_index|sample_id|image_path|image_raw_sha256|model_family|model_state_id|training_seed|checkpoint_sha256|source_foreground_pixels|a1_foreground_pixels|changed_pixels,OK,99
PolypGen,outputs/Q1_R10L3A_polypgen_source_a1_prediction_lock_fix2_v1/state_predictions/pranet_seed20260819_state_lock.json,1064,1.04 KiB,,decision|model_family|model_state_id|training_seed|checkpoint_sha256|target_cases|mask_height|mask_width|packed_bytes_per_mask|bitorder|action|tent_lr|tent_weight_decay|tent_steps|episodic_reset|polypgen_manifest_sha256|independence_lock_sha256|r05d3_script_sha256|npz_sha256|index_sha256|target_gt_path_column_read|target_gt_pixels_decoded|target_metrics_computed,OK,99
PolypGen,outputs/Q1_R10L3A_polypgen_source_a1_prediction_lock_fix2_v1/state_predictions/segformer_b0_seed20260820_index.csv,508749,496.83 KiB,1532,row_index|sample_id|image_path|image_raw_sha256|model_family|model_state_id|training_seed|checkpoint_sha256|source_foreground_pixels|a1_foreground_pixels|changed_pixels,OK,99
PolypGen,outputs/Q1_R10L3A_polypgen_source_a1_prediction_lock_fix2_v1/state_predictions/segformer_b0_seed20260820_state_lock.json,1076,1.05 KiB,,decision|model_family|model_state_id|training_seed|checkpoint_sha256|target_cases|mask_height|mask_width|packed_bytes_per_mask|bitorder|action|tent_lr|tent_weight_decay|tent_steps|episodic_reset|polypgen_manifest_sha256|independence_lock_sha256|r05d3_script_sha256|npz_sha256|index_sha256|target_gt_path_column_read|target_gt_pixels_decoded|target_metrics_computed,OK,99
PolypGen,outputs/Q1_R10L3A_polypgen_source_a1_prediction_lock_fix2_v1/state_predictions/segformer_b0_seed20260821_index.csv,508717,496.79 KiB,1532,row_index|sample_id|image_path|image_raw_sha256|model_family|model_state_id|training_seed|checkpoint_sha256|source_foreground_pixels|a1_foreground_pixels|changed_pixels,OK,99
PolypGen,outputs/Q1_R10L3A_polypgen_source_a1_prediction_lock_fix2_v1/state_predictions/segformer_b0_seed20260821_state_lock.json,1076,1.05 KiB,,decision|model_family|model_state_id|training_seed|checkpoint_sha256|target_cases|mask_height|mask_width|packed_bytes_per_mask|bitorder|action|tent_lr|tent_weight_decay|tent_steps|episodic_reset|polypgen_manifest_sha256|independence_lock_sha256|r05d3_script_sha256|npz_sha256|index_sha256|target_gt_path_column_read|target_gt_pixels_decoded|target_metrics_computed,OK,99
PolypGen,outputs/Q1_R10L3A_polypgen_source_a1_prediction_lock_fix2_v1/state_predictions/segformer_b0_seed20260822_index.csv,508646,496.72 KiB,1532,row_index|sample_id|image_path|image_raw_sha256|model_family|model_state_id|training_seed|checkpoint_sha256|source_foreground_pixels|a1_foreground_pixels|changed_pixels,OK,99
PolypGen,outputs/Q1_R10L3A_polypgen_source_a1_prediction_lock_fix2_v1/state_predictions/segformer_b0_seed20260822_state_lock.json,1076,1.05 KiB,,decision|model_family|model_state_id|training_seed|checkpoint_sha256|target_cases|mask_height|mask_width|packed_bytes_per_mask|bitorder|action|tent_lr|tent_weight_decay|tent_steps|episodic_reset|polypgen_manifest_sha256|independence_lock_sha256|r05d3_script_sha256|npz_sha256|index_sha256|target_gt_path_column_read|target_gt_pixels_decoded|target_metrics_computed,OK,99
PolypGen,outputs/Q1_R10L3B_polypgen_frozen_safety_score_lock_fix1_v1/decision.txt,55,55.00 B,,,OK,98
PolypGen,outputs/Q1_R10L3B_polypgen_frozen_safety_score_lock_fix1_v1/information_boundary_audit.json,738,738.00 B,,polypgen_rgb_pixels_decoded|source_mask_values_accessed|a1_mask_values_accessed|polypgen_gt_path_column_read|polypgen_gt_pixels_decoded|polypgen_outcomes_revealed|external_dice_computed|external_delta_dice_computed|external_harm_label_computed|pca_fit_called|pca_refit_called|safety_head_fit_called|safety_head_refit_called|target_calibration|target_threshold_selection|target_feature_selection|target_score_orientation_change|target_case_selection_from_scores|frozen_threshold,OK,98
PolypGen,outputs/Q1_R10L3B_polypgen_frozen_safety_score_lock_fix1_v1/R10L3B_FROZEN_POLYPGEN_SAFETY_SCORES.csv,6780292,6.47 MiB,13788,feature_row|sample_id|center|original_polypgen_sample_id|image_path|image_raw_sha256|model_family|model_state_id|training_seed|checkpoint_sha256|state_prediction_npz|state_row_index|morph_fg_fraction|morph_boundary_density|frozen_safety_probability|frozen_operating_threshold|frozen_risk_flag,OK,98
PolypGen,outputs/Q1_R10L3B_polypgen_frozen_safety_score_lock_fix1_v1/R10L3B_POLYPGEN_FROZEN_SAFETY_SCORE_LOCK.json,4575,4.47 KiB,,status|decision|script_version|build|primary_method|target_dataset|target_component|target_cases|model_states|model_case_rows|representation|estimator|representation_sentinel|information_boundary|upstream_hashes|artifacts|post_score_rules,OK,98
PolypGen,outputs/Q1_R10L3B_polypgen_frozen_safety_score_lock_fix1_v1/R10L3B_unlabeled_center_score_summary.csv,501,501.00 B,6,center|rows|probability_mean|probability_median|flagged|flagged_fraction,OK,98
PolypGen,outputs/Q1_R10L3B_polypgen_frozen_safety_score_lock_fix1_v1/R10L3B_unlabeled_family_score_summary.csv,320,320.00 B,3,model_family|rows|probability_mean|probability_median|flagged|flagged_fraction,OK,98
PolypGen,outputs/Q1_R10L3B_polypgen_frozen_safety_score_lock_fix1_v1/run_log.txt,1301,1.27 KiB,,,OK,98
PolypGen,outputs/Q1_R10L3D_polypgen_external_generalization_diagnostic_freeze_fix1_v1/R10L3D_EXTERNAL_GENERALIZATION_CLAIM_LOCK.json,1470,1.44 KiB,,decision|r10l3c_lock_sha256|target_cases|model_case_rows|harm_prevalence|primary_macro_auroc|primary_macro_auroc_ci95|primary_macro_auprc|primary_macro_auprc_ci95|auprc_minus_harm_prevalence|auprc_over_harm_prevalence|frozen_threshold_recall|frozen_threshold_fpr|oracle_target_fpr_at_r90_diagnostic|brier_score_diagnostic|ece_fixed10bin_diagnostic|ranking_signal_above_chance_by_clustered_ci|auprc_above_prevalence|high_recall_operating_point_weak|claim_boundary|method_changes_after_gt_reveal,OK,0
PolypGen,outputs/Q1_R10L3D_polypgen_external_generalization_diagnostic_freeze_fix1_v1/R10L3D_family_center_metric_grid.csv,3340,3.26 KiB,18,rows|harm|nonharm|harm_prevalence|auroc|auprc|auprc_minus_prevalence|auprc_over_prevalence|recall|fpr|flagged_fraction|model_family|center,OK,0
PolypGen,outputs/Q1_R10L3D_polypgen_external_generalization_diagnostic_freeze_fix1_v1/R10L3D_fixed10bin_calibration_diagnostic.csv,903,903.00 B,10,bin|lower|upper|rows|mean_probability|observed_harm_rate|absolute_gap,OK,0
PolypGen,outputs/Q1_R10L3D_polypgen_external_generalization_diagnostic_freeze_fix1_v1/R10L3D_primary_bootstrap_ci.csv,977,977.00 B,6,level|group|metric|bootstrap_resamples_requested|bootstrap_resamples_valid|bootstrap_seed|cluster|center_stratified|ci_low_2p5|bootstrap_median|ci_high_97p5,OK,0
NeoPolyp,outputs/Q1_R11C_neopolyp_tent2_prediction_lock_fix1_v1/R11C_information_boundary_audit.json,378,378.00 B,,cross_tta_algorithm_claim|adaptation_intensity_generalization|action|hyperparameter_sweep|neopolyp_gt_pixels_decoded|r05d3_source_masks_read_for_parity|r05d3_a1_mask_values_read|safety_scores_read|polypgen_data_read|source_parity_mismatches,OK,0
NeoPolyp,outputs/Q1_R11C_neopolyp_tent2_prediction_lock_fix1_v1/R11C_model_case_a2_prediction_manifest.csv,7220412,6.89 MiB,9000,row_index|sample_id|image_path|image_raw_sha256|model_family|model_state_id|training_seed|checkpoint_sha256|source_foreground_pixels|a2_foreground_pixels|source_a2_changed_pixels|step1_entropy_loss|step2_entropy_loss|state_prediction_npz|state_index_csv|state_lock_json,OK,0
NeoPolyp,outputs/Q1_R11C_neopolyp_tent2_prediction_lock_fix1_v1/R11C_NEOPOLYP_TENT2_PREDICTION_LOCK.json,909,909.00 B,,decision|script_version|build|action|optimizer|lr|weight_decay|steps|episodic_reset|target_cases|model_states|model_case_rows|source_parity_mismatches|artifacts|next_stage,OK,0
NeoPolyp,outputs/Q1_R11C_neopolyp_tent2_prediction_lock_fix1_v1/R11C_state_prediction_change_summary.csv,1172,1.14 KiB,9,model_state_id|model_family|training_seed|rows|source_parity_mismatches|changed_cases|changed_pixels_mean|changed_pixels_median|step1_entropy_mean|step2_entropy_mean,OK,0
NeoPolyp,outputs/Q1_R11C_neopolyp_tent2_prediction_lock_fix1_v1/run_log.txt,462,462.00 B,,,OK,0
NeoPolyp,outputs/Q1_R11C_neopolyp_tent2_prediction_lock_fix1_v1/state_predictions/deeplabv3_r50_seed20260817_a2_index.csv,386924,377.86 KiB,1000,row_index|sample_id|image_path|image_raw_sha256|model_family|model_state_id|training_seed|checkpoint_sha256|source_foreground_pixels|a2_foreground_pixels|source_a2_changed_pixels|step1_entropy_loss|step2_entropy_loss,OK,0
NeoPolyp,outputs/Q1_R11C_neopolyp_tent2_prediction_lock_fix1_v1/state_predictions/deeplabv3_r50_seed20260817_a2_lock.json,948,948.00 B,,decision|model_family|model_state_id|training_seed|checkpoint_sha256|action|optimizer|lr|weight_decay|steps|episodic_reset|target_cases|source_parity_reference_npz|source_parity_mismatches|r05d3_a1_mask_values_read|neopolyp_gt_pixels_decoded|safety_scores_read|polypgen_data_read|prediction_npz_sha256|index_csv_sha256,OK,0
NeoPolyp,outputs/Q1_R11C_neopolyp_tent2_prediction_lock_fix1_v1/state_predictions/deeplabv3_r50_seed20260818_a2_index.csv,386831,377.76 KiB,1000,row_index|sample_id|image_path|image_raw_sha256|model_family|model_state_id|training_seed|checkpoint_sha256|source_foreground_pixels|a2_foreground_pixels|source_a2_changed_pixels|step1_entropy_loss|step2_entropy_loss,OK,0
NeoPolyp,outputs/Q1_R11C_neopolyp_tent2_prediction_lock_fix1_v1/state_predictions/deeplabv3_r50_seed20260818_a2_lock.json,948,948.00 B,,decision|model_family|model_state_id|training_seed|checkpoint_sha256|action|optimizer|lr|weight_decay|steps|episodic_reset|target_cases|source_parity_reference_npz|source_parity_mismatches|r05d3_a1_mask_values_read|neopolyp_gt_pixels_decoded|safety_scores_read|polypgen_data_read|prediction_npz_sha256|index_csv_sha256,OK,0
NeoPolyp,outputs/Q1_R11C_neopolyp_tent2_prediction_lock_fix1_v1/state_predictions/deeplabv3_r50_seed20260819_a2_index.csv,386799,377.73 KiB,1000,row_index|sample_id|image_path|image_raw_sha256|model_family|model_state_id|training_seed|checkpoint_sha256|source_foreground_pixels|a2_foreground_pixels|source_a2_changed_pixels|step1_entropy_loss|step2_entropy_loss,OK,0
NeoPolyp,outputs/Q1_R11C_neopolyp_tent2_prediction_lock_fix1_v1/state_predictions/deeplabv3_r50_seed20260819_a2_lock.json,948,948.00 B,,decision|model_family|model_state_id|training_seed|checkpoint_sha256|action|optimizer|lr|weight_decay|steps|episodic_reset|target_cases|source_parity_reference_npz|source_parity_mismatches|r05d3_a1_mask_values_read|neopolyp_gt_pixels_decoded|safety_scores_read|polypgen_data_read|prediction_npz_sha256|index_csv_sha256,OK,0
NeoPolyp,outputs/Q1_R11C_neopolyp_tent2_prediction_lock_fix1_v1/state_predictions/pranet_seed20260817_a2_index.csv,373430,364.68 KiB,1000,row_index|sample_id|image_path|image_raw_sha256|model_family|model_state_id|training_seed|checkpoint_sha256|source_foreground_pixels|a2_foreground_pixels|source_a2_changed_pixels|step1_entropy_loss|step2_entropy_loss,OK,0
NeoPolyp,outputs/Q1_R11C_neopolyp_tent2_prediction_lock_fix1_v1/state_predictions/pranet_seed20260817_a2_lock.json,927,927.00 B,,decision|model_family|model_state_id|training_seed|checkpoint_sha256|action|optimizer|lr|weight_decay|steps|episodic_reset|target_cases|source_parity_reference_npz|source_parity_mismatches|r05d3_a1_mask_values_read|neopolyp_gt_pixels_decoded|safety_scores_read|polypgen_data_read|prediction_npz_sha256|index_csv_sha256,OK,0
NeoPolyp,outputs/Q1_R11C_neopolyp_tent2_prediction_lock_fix1_v1/state_predictions/pranet_seed20260818_a2_index.csv,373404,364.65 KiB,1000,row_index|sample_id|image_path|image_raw_sha256|model_family|model_state_id|training_seed|checkpoint_sha256|source_foreground_pixels|a2_foreground_pixels|source_a2_changed_pixels|step1_entropy_loss|step2_entropy_loss,OK,0
NeoPolyp,outputs/Q1_R11C_neopolyp_tent2_prediction_lock_fix1_v1/state_predictions/pranet_seed20260818_a2_lock.json,927,927.00 B,,decision|model_family|model_state_id|training_seed|checkpoint_sha256|action|optimizer|lr|weight_decay|steps|episodic_reset|target_cases|source_parity_reference_npz|source_parity_mismatches|r05d3_a1_mask_values_read|neopolyp_gt_pixels_decoded|safety_scores_read|polypgen_data_read|prediction_npz_sha256|index_csv_sha256,OK,0
NeoPolyp,outputs/Q1_R11C_neopolyp_tent2_prediction_lock_fix1_v1/state_predictions/pranet_seed20260819_a2_index.csv,372415,363.69 KiB,1000,row_index|sample_id|image_path|image_raw_sha256|model_family|model_state_id|training_seed|checkpoint_sha256|source_foreground_pixels|a2_foreground_pixels|source_a2_changed_pixels|step1_entropy_loss|step2_entropy_loss,OK,0
NeoPolyp,outputs/Q1_R11C_neopolyp_tent2_prediction_lock_fix1_v1/state_predictions/pranet_seed20260819_a2_lock.json,927,927.00 B,,decision|model_family|model_state_id|training_seed|checkpoint_sha256|action|optimizer|lr|weight_decay|steps|episodic_reset|target_cases|source_parity_reference_npz|source_parity_mismatches|r05d3_a1_mask_values_read|neopolyp_gt_pixels_decoded|safety_scores_read|polypgen_data_read|prediction_npz_sha256|index_csv_sha256,OK,0
NeoPolyp,outputs/Q1_R11C_neopolyp_tent2_prediction_lock_fix1_v1/state_predictions/segformer_b0_seed20260820_a2_index.csv,384407,375.40 KiB,1000,row_index|sample_id|image_path|image_raw_sha256|model_family|model_state_id|training_seed|checkpoint_sha256|source_foreground_pixels|a2_foreground_pixels|source_a2_changed_pixels|step1_entropy_loss|step2_entropy_loss,OK,0
NeoPolyp,outputs/Q1_R11C_neopolyp_tent2_prediction_lock_fix1_v1/state_predictions/segformer_b0_seed20260820_a2_lock.json,945,945.00 B,,decision|model_family|model_state_id|training_seed|checkpoint_sha256|action|optimizer|lr|weight_decay|steps|episodic_reset|target_cases|source_parity_reference_npz|source_parity_mismatches|r05d3_a1_mask_values_read|neopolyp_gt_pixels_decoded|safety_scores_read|polypgen_data_read|prediction_npz_sha256|index_csv_sha256,OK,0
NeoPolyp,outputs/Q1_R11C_neopolyp_tent2_prediction_lock_fix1_v1/state_predictions/segformer_b0_seed20260821_a2_index.csv,384523,375.51 KiB,1000,row_index|sample_id|image_path|image_raw_sha256|model_family|model_state_id|training_seed|checkpoint_sha256|source_foreground_pixels|a2_foreground_pixels|source_a2_changed_pixels|step1_entropy_loss|step2_entropy_loss,OK,0
NeoPolyp,outputs/Q1_R11C_neopolyp_tent2_prediction_lock_fix1_v1/state_predictions/segformer_b0_seed20260821_a2_lock.json,945,945.00 B,,decision|model_family|model_state_id|training_seed|checkpoint_sha256|action|optimizer|lr|weight_decay|steps|episodic_reset|target_cases|source_parity_reference_npz|source_parity_mismatches|r05d3_a1_mask_values_read|neopolyp_gt_pixels_decoded|safety_scores_read|polypgen_data_read|prediction_npz_sha256|index_csv_sha256,OK,0
NeoPolyp,outputs/Q1_R11C_neopolyp_tent2_prediction_lock_fix1_v1/state_predictions/segformer_b0_seed20260822_a2_index.csv,384394,375.38 KiB,1000,row_index|sample_id|image_path|image_raw_sha256|model_family|model_state_id|training_seed|checkpoint_sha256|source_foreground_pixels|a2_foreground_pixels|source_a2_changed_pixels|step1_entropy_loss|step2_entropy_loss,OK,0
NeoPolyp,outputs/Q1_R11C_neopolyp_tent2_prediction_lock_fix1_v1/state_predictions/segformer_b0_seed20260822_a2_lock.json,945,945.00 B,,decision|model_family|model_state_id|training_seed|checkpoint_sha256|action|optimizer|lr|weight_decay|steps|episodic_reset|target_cases|source_parity_reference_npz|source_parity_mismatches|r05d3_a1_mask_values_read|neopolyp_gt_pixels_decoded|safety_scores_read|polypgen_data_read|prediction_npz_sha256|index_csv_sha256,OK,0
NeoPolyp,outputs/Q1_R12B_full_neopolyp_sar_prediction_lock_fix1_v1/R12B_information_boundary_audit.json,648,648.00 B,,target_rgb_used|r05d3_source_mask_values_read_for_parity|r05d3_a1_mask_values_read|target_gt_used|target_gt_pixels_decoded|dice_computed|delta_dice_computed|harm_label_computed|benefit_label_computed|safety_scores_read|polypgen_data_or_performance_read|hyperparameter_sweep|target_outcome_based_selection|source_parity_mismatches|second_pass_subset_violations|state_asset_paths_are_relative|absolute_building_paths_written_to_manifest,OK,0
NeoPolyp,outputs/Q1_R12B_full_neopolyp_sar_prediction_lock_fix1_v1/R12B_model_case_sar_prediction_manifest.csv,5926293,5.65 MiB,9000,row_index|sample_id|image_path|image_raw_sha256|model_family|model_state_id|training_seed|checkpoint_sha256|source_foreground_pixels|sar_foreground_pixels|source_sar_changed_pixels|reliable_pixels_first|reliable_pixels_second|total_pixels|reliable_fraction_first|loss_first|loss_second|grad_norm_first|sam_perturb_norm|parameter_max_abs_delta|updated|state_prediction_npz_relpath|state_index_csv_relpath|state_lock_json_relpath,OK,0
NeoPolyp,outputs/Q1_R12B_full_neopolyp_sar_prediction_lock_fix1_v1/R12B_NEOPOLYP_SAR_PREDICTION_LOCK.json,1848,1.80 KiB,,status|decision|action|target_cases|model_states|model_case_rows|source_parity_mismatches|second_pass_subset_violations|information_boundary|provenance|artifacts|next_stage,OK,0
NeoPolyp,outputs/Q1_R12B_full_neopolyp_sar_prediction_lock_fix1_v1/R12B_state_prediction_summary.csv,1381,1.35 KiB,9,model_family|model_state_id|training_seed|cases|source_parity_mismatches|updated_cases|nonupdated_cases|reliable_fraction_mean|reliable_fraction_min|reliable_fraction_max|changed_case_count|changed_pixels_mean|changed_pixels_median,OK,0
NeoPolyp,outputs/Q1_R12B_full_neopolyp_sar_prediction_lock_fix1_v1/state_predictions/deeplabv3_r50_seed20260817_sar_index.csv,489349,477.88 KiB,1000,row_index|sample_id|image_path|image_raw_sha256|model_family|model_state_id|training_seed|checkpoint_sha256|source_foreground_pixels|sar_foreground_pixels|source_sar_changed_pixels|reliable_pixels_first|reliable_pixels_second|total_pixels|reliable_fraction_first|loss_first|loss_second|grad_norm_first|sam_perturb_norm|parameter_max_abs_delta|updated,OK,0
NeoPolyp,outputs/Q1_R12B_full_neopolyp_sar_prediction_lock_fix1_v1/state_predictions/deeplabv3_r50_seed20260817_sar_lock.json,1322,1.29 KiB,,decision|action|model_family|model_state_id|training_seed|checkpoint_sha256|target_cases|source_parity_mismatches|second_pass_subset_violations|updated_cases|information_boundary|prediction_npz_sha256|index_csv_sha256|provenance,OK,0
NeoPolyp,outputs/Q1_R12B_full_neopolyp_sar_prediction_lock_fix1_v1/state_predictions/deeplabv3_r50_seed20260818_sar_index.csv,489268,477.80 KiB,1000,row_index|sample_id|image_path|image_raw_sha256|model_family|model_state_id|training_seed|checkpoint_sha256|source_foreground_pixels|sar_foreground_pixels|source_sar_changed_pixels|reliable_pixels_first|reliable_pixels_second|total_pixels|reliable_fraction_first|loss_first|loss_second|grad_norm_first|sam_perturb_norm|parameter_max_abs_delta|updated,OK,0
NeoPolyp,outputs/Q1_R12B_full_neopolyp_sar_prediction_lock_fix1_v1/state_predictions/deeplabv3_r50_seed20260818_sar_lock.json,1322,1.29 KiB,,decision|action|model_family|model_state_id|training_seed|checkpoint_sha256|target_cases|source_parity_mismatches|second_pass_subset_violations|updated_cases|information_boundary|prediction_npz_sha256|index_csv_sha256|provenance,OK,0
NeoPolyp,outputs/Q1_R12B_full_neopolyp_sar_prediction_lock_fix1_v1/state_predictions/deeplabv3_r50_seed20260819_sar_index.csv,489168,477.70 KiB,1000,row_index|sample_id|image_path|image_raw_sha256|model_family|model_state_id|training_seed|checkpoint_sha256|source_foreground_pixels|sar_foreground_pixels|source_sar_changed_pixels|reliable_pixels_first|reliable_pixels_second|total_pixels|reliable_fraction_first|loss_first|loss_second|grad_norm_first|sam_perturb_norm|parameter_max_abs_delta|updated,OK,0
NeoPolyp,outputs/Q1_R12B_full_neopolyp_sar_prediction_lock_fix1_v1/state_predictions/deeplabv3_r50_seed20260819_sar_lock.json,1322,1.29 KiB,,decision|action|model_family|model_state_id|training_seed|checkpoint_sha256|target_cases|source_parity_mismatches|second_pass_subset_violations|updated_cases|information_boundary|prediction_npz_sha256|index_csv_sha256|provenance,OK,0
NeoPolyp,outputs/Q1_R12B_full_neopolyp_sar_prediction_lock_fix1_v1/state_predictions/pranet_seed20260817_sar_index.csv,474545,463.42 KiB,1000,row_index|sample_id|image_path|image_raw_sha256|model_family|model_state_id|training_seed|checkpoint_sha256|source_foreground_pixels|sar_foreground_pixels|source_sar_changed_pixels|reliable_pixels_first|reliable_pixels_second|total_pixels|reliable_fraction_first|loss_first|loss_second|grad_norm_first|sam_perturb_norm|parameter_max_abs_delta|updated,OK,0
NeoPolyp,outputs/Q1_R12B_full_neopolyp_sar_prediction_lock_fix1_v1/state_predictions/pranet_seed20260817_sar_lock.json,1308,1.28 KiB,,decision|action|model_family|model_state_id|training_seed|checkpoint_sha256|target_cases|source_parity_mismatches|second_pass_subset_violations|updated_cases|information_boundary|prediction_npz_sha256|index_csv_sha256|provenance,OK,0
NeoPolyp,outputs/Q1_R12B_full_neopolyp_sar_prediction_lock_fix1_v1/state_predictions/pranet_seed20260818_sar_index.csv,474761,463.63 KiB,1000,row_index|sample_id|image_path|image_raw_sha256|model_family|model_state_id|training_seed|checkpoint_sha256|source_foreground_pixels|sar_foreground_pixels|source_sar_changed_pixels|reliable_pixels_first|reliable_pixels_second|total_pixels|reliable_fraction_first|loss_first|loss_second|grad_norm_first|sam_perturb_norm|parameter_max_abs_delta|updated,OK,0
NeoPolyp,outputs/Q1_R12B_full_neopolyp_sar_prediction_lock_fix1_v1/state_predictions/pranet_seed20260818_sar_lock.json,1308,1.28 KiB,,decision|action|model_family|model_state_id|training_seed|checkpoint_sha256|target_cases|source_parity_mismatches|second_pass_subset_violations|updated_cases|information_boundary|prediction_npz_sha256|index_csv_sha256|provenance,OK,0
NeoPolyp,outputs/Q1_R12B_full_neopolyp_sar_prediction_lock_fix1_v1/state_predictions/pranet_seed20260819_sar_index.csv,472892,461.81 KiB,1000,row_index|sample_id|image_path|image_raw_sha256|model_family|model_state_id|training_seed|checkpoint_sha256|source_foreground_pixels|sar_foreground_pixels|source_sar_changed_pixels|reliable_pixels_first|reliable_pixels_second|total_pixels|reliable_fraction_first|loss_first|loss_second|grad_norm_first|sam_perturb_norm|parameter_max_abs_delta|updated,OK,0
NeoPolyp,outputs/Q1_R12B_full_neopolyp_sar_prediction_lock_fix1_v1/state_predictions/pranet_seed20260819_sar_lock.json,1308,1.28 KiB,,decision|action|model_family|model_state_id|training_seed|checkpoint_sha256|target_cases|source_parity_mismatches|second_pass_subset_violations|updated_cases|information_boundary|prediction_npz_sha256|index_csv_sha256|provenance,OK,0
NeoPolyp,outputs/Q1_R12B_full_neopolyp_sar_prediction_lock_fix1_v1/state_predictions/segformer_b0_seed20260820_sar_index.csv,487998,476.56 KiB,1000,row_index|sample_id|image_path|image_raw_sha256|model_family|model_state_id|training_seed|checkpoint_sha256|source_foreground_pixels|sar_foreground_pixels|source_sar_changed_pixels|reliable_pixels_first|reliable_pixels_second|total_pixels|reliable_fraction_first|loss_first|loss_second|grad_norm_first|sam_perturb_norm|parameter_max_abs_delta|updated,OK,0
NeoPolyp,outputs/Q1_R12B_full_neopolyp_sar_prediction_lock_fix1_v1/state_predictions/segformer_b0_seed20260820_sar_lock.json,1320,1.29 KiB,,decision|action|model_family|model_state_id|training_seed|checkpoint_sha256|target_cases|source_parity_mismatches|second_pass_subset_violations|updated_cases|information_boundary|prediction_npz_sha256|index_csv_sha256|provenance,OK,0
NeoPolyp,outputs/Q1_R12B_full_neopolyp_sar_prediction_lock_fix1_v1/state_predictions/segformer_b0_seed20260821_sar_index.csv,488189,476.75 KiB,1000,row_index|sample_id|image_path|image_raw_sha256|model_family|model_state_id|training_seed|checkpoint_sha256|source_foreground_pixels|sar_foreground_pixels|source_sar_changed_pixels|reliable_pixels_first|reliable_pixels_second|total_pixels|reliable_fraction_first|loss_first|loss_second|grad_norm_first|sam_perturb_norm|parameter_max_abs_delta|updated,OK,0
NeoPolyp,outputs/Q1_R12B_full_neopolyp_sar_prediction_lock_fix1_v1/state_predictions/segformer_b0_seed20260821_sar_lock.json,1320,1.29 KiB,,decision|action|model_family|model_state_id|training_seed|checkpoint_sha256|target_cases|source_parity_mismatches|second_pass_subset_violations|updated_cases|information_boundary|prediction_npz_sha256|index_csv_sha256|provenance,OK,0
NeoPolyp,outputs/Q1_R12B_full_neopolyp_sar_prediction_lock_fix1_v1/state_predictions/segformer_b0_seed20260822_sar_index.csv,487886,476.45 KiB,1000,row_index|sample_id|image_path|image_raw_sha256|model_family|model_state_id|training_seed|checkpoint_sha256|source_foreground_pixels|sar_foreground_pixels|source_sar_changed_pixels|reliable_pixels_first|reliable_pixels_second|total_pixels|reliable_fraction_first|loss_first|loss_second|grad_norm_first|sam_perturb_norm|parameter_max_abs_delta|updated,OK,0
NeoPolyp,outputs/Q1_R12B_full_neopolyp_sar_prediction_lock_fix1_v1/state_predictions/segformer_b0_seed20260822_sar_lock.json,1320,1.29 KiB,,decision|action|model_family|model_state_id|training_seed|checkpoint_sha256|target_cases|source_parity_mismatches|second_pass_subset_violations|updated_cases|information_boundary|prediction_npz_sha256|index_csv_sha256|provenance,OK,0
NeoPolyp,outputs/Q1_R13B_full_neopolyp_pl_conf90_prediction_lock_fix1_v1__building/state_predictions/deeplabv3_r50_seed20260817_pl_index.csv,420235,410.39 KiB,1000,row_index|sample_id|image_path|image_raw_sha256|model_family|model_state_id|training_seed|checkpoint_sha256|source_foreground_pixels|pl_foreground_pixels|source_pl_changed_pixels|confident_pixels|total_pixels|confident_fraction|pl_loss|parameter_max_abs_delta|updated,OK,0
NeoPolyp,outputs/Q1_R13B_full_neopolyp_pl_conf90_prediction_lock_fix1_v1__building/state_predictions/deeplabv3_r50_seed20260817_pl_lock.json,1287,1.26 KiB,,decision|action|model_family|model_state_id|training_seed|checkpoint_sha256|target_cases|source_parity_mismatches|updated_cases|changed_case_count|information_boundary|prediction_npz_sha256|index_csv_sha256|provenance,OK,0
NeoPolyp,outputs/Q1_R13B_full_neopolyp_pl_conf90_prediction_lock_fix1_v1__building/state_predictions/deeplabv3_r50_seed20260818_pl_index.csv,419828,409.99 KiB,1000,row_index|sample_id|image_path|image_raw_sha256|model_family|model_state_id|training_seed|checkpoint_sha256|source_foreground_pixels|pl_foreground_pixels|source_pl_changed_pixels|confident_pixels|total_pixels|confident_fraction|pl_loss|parameter_max_abs_delta|updated,OK,0
NeoPolyp,outputs/Q1_R13B_full_neopolyp_pl_conf90_prediction_lock_fix1_v1__building/state_predictions/deeplabv3_r50_seed20260818_pl_lock.json,1287,1.26 KiB,,decision|action|model_family|model_state_id|training_seed|checkpoint_sha256|target_cases|source_parity_mismatches|updated_cases|changed_case_count|information_boundary|prediction_npz_sha256|index_csv_sha256|provenance,OK,0
NeoPolyp,outputs/Q1_R13B_full_neopolyp_pl_conf90_prediction_lock_fix2_v1/R13B_information_boundary_audit.json,730,730.00 B,,target_rgb_used|r05d3_source_mask_values_read_for_parity|r05d3_a1_mask_values_read|target_gt_used|target_gt_pixels_decoded|dice_computed|delta_dice_computed|harm_label_computed|benefit_label_computed|safety_scores_read|polypgen_access|hyperparameter_sweep|target_outcome_based_selection|r13b_fix1_partial_outputs_reused|episodic_reset_trainable_parameters|episodic_reset_all_model_buffers|state_asset_paths_are_relative|absolute_building_paths_written_to_manifest|source_parity_mismatches,OK,0
NeoPolyp,outputs/Q1_R13B_full_neopolyp_pl_conf90_prediction_lock_fix2_v1/R13B_model_case_pl_prediction_manifest.csv,5315073,5.07 MiB,9000,row_index|sample_id|image_path|image_raw_sha256|model_family|model_state_id|training_seed|checkpoint_sha256|source_foreground_pixels|pl_foreground_pixels|source_pl_changed_pixels|confident_pixels|total_pixels|confident_fraction|pl_loss|parameter_max_abs_delta|buffer_max_abs_delta_after_adaptation|updated|state_prediction_npz_relpath|state_index_csv_relpath|state_lock_json_relpath,OK,0
NeoPolyp,outputs/Q1_R13B_full_neopolyp_pl_conf90_prediction_lock_fix2_v1/R13B_NEOPOLYP_PL_CONF90_PREDICTION_LOCK.json,2002,1.96 KiB,,status|decision|action|target_cases|model_states|model_case_rows|source_parity_mismatches|episodic_reset|information_boundary|provenance|artifacts|next_stage,OK,0
NeoPolyp,outputs/Q1_R13B_full_neopolyp_pl_conf90_prediction_lock_fix2_v1/R13B_state_prediction_summary.csv,1417,1.38 KiB,9,model_family|model_state_id|training_seed|cases|source_parity_mismatches|updated_cases|nonupdated_cases|confident_fraction_mean|confident_fraction_min|confident_fraction_max|changed_case_count|changed_pixels_mean|changed_pixels_median|changed_pixels_max|buffer_delta_after_adapt_max,OK,0
NeoPolyp,outputs/Q1_R13B_full_neopolyp_pl_conf90_prediction_lock_fix2_v1/state_predictions/deeplabv3_r50_seed20260817_pl_index.csv,424273,414.33 KiB,1000,row_index|sample_id|image_path|image_raw_sha256|model_family|model_state_id|training_seed|checkpoint_sha256|source_foreground_pixels|pl_foreground_pixels|source_pl_changed_pixels|confident_pixels|total_pixels|confident_fraction|pl_loss|parameter_max_abs_delta|buffer_max_abs_delta_after_adaptation|updated,OK,0
NeoPolyp,outputs/Q1_R13B_full_neopolyp_pl_conf90_prediction_lock_fix2_v1/state_predictions/deeplabv3_r50_seed20260817_pl_lock.json,1392,1.36 KiB,,decision|action|model_family|model_state_id|training_seed|checkpoint_sha256|target_cases|source_parity_mismatches|updated_cases|changed_case_count|episodic_reset|information_boundary|prediction_npz_sha256|index_csv_sha256|provenance,OK,0
NeoPolyp,outputs/Q1_R13B_full_neopolyp_pl_conf90_prediction_lock_fix2_v1/state_predictions/deeplabv3_r50_seed20260818_pl_index.csv,423866,413.93 KiB,1000,row_index|sample_id|image_path|image_raw_sha256|model_family|model_state_id|training_seed|checkpoint_sha256|source_foreground_pixels|pl_foreground_pixels|source_pl_changed_pixels|confident_pixels|total_pixels|confident_fraction|pl_loss|parameter_max_abs_delta|buffer_max_abs_delta_after_adaptation|updated,OK,0
NeoPolyp,outputs/Q1_R13B_full_neopolyp_pl_conf90_prediction_lock_fix2_v1/state_predictions/deeplabv3_r50_seed20260818_pl_lock.json,1392,1.36 KiB,,decision|action|model_family|model_state_id|training_seed|checkpoint_sha256|target_cases|source_parity_mismatches|updated_cases|changed_case_count|episodic_reset|information_boundary|prediction_npz_sha256|index_csv_sha256|provenance,OK,0
NeoPolyp,outputs/Q1_R13B_full_neopolyp_pl_conf90_prediction_lock_fix2_v1/state_predictions/deeplabv3_r50_seed20260819_pl_index.csv,423878,413.94 KiB,1000,row_index|sample_id|image_path|image_raw_sha256|model_family|model_state_id|training_seed|checkpoint_sha256|source_foreground_pixels|pl_foreground_pixels|source_pl_changed_pixels|confident_pixels|total_pixels|confident_fraction|pl_loss|parameter_max_abs_delta|buffer_max_abs_delta_after_adaptation|updated,OK,0
NeoPolyp,outputs/Q1_R13B_full_neopolyp_pl_conf90_prediction_lock_fix2_v1/state_predictions/deeplabv3_r50_seed20260819_pl_lock.json,1392,1.36 KiB,,decision|action|model_family|model_state_id|training_seed|checkpoint_sha256|target_cases|source_parity_mismatches|updated_cases|changed_case_count|episodic_reset|information_boundary|prediction_npz_sha256|index_csv_sha256|provenance,OK,0
NeoPolyp,outputs/Q1_R13B_full_neopolyp_pl_conf90_prediction_lock_fix2_v1/state_predictions/pranet_seed20260817_pl_index.csv,406746,397.21 KiB,1000,row_index|sample_id|image_path|image_raw_sha256|model_family|model_state_id|training_seed|checkpoint_sha256|source_foreground_pixels|pl_foreground_pixels|source_pl_changed_pixels|confident_pixels|total_pixels|confident_fraction|pl_loss|parameter_max_abs_delta|buffer_max_abs_delta_after_adaptation|updated,OK,0
NeoPolyp,outputs/Q1_R13B_full_neopolyp_pl_conf90_prediction_lock_fix2_v1/state_predictions/pranet_seed20260817_pl_lock.json,1378,1.35 KiB,,decision|action|model_family|model_state_id|training_seed|checkpoint_sha256|target_cases|source_parity_mismatches|updated_cases|changed_case_count|episodic_reset|information_boundary|prediction_npz_sha256|index_csv_sha256|provenance,OK,0
NeoPolyp,outputs/Q1_R13B_full_neopolyp_pl_conf90_prediction_lock_fix2_v1/state_predictions/pranet_seed20260818_pl_index.csv,408830,399.25 KiB,1000,row_index|sample_id|image_path|image_raw_sha256|model_family|model_state_id|training_seed|checkpoint_sha256|source_foreground_pixels|pl_foreground_pixels|source_pl_changed_pixels|confident_pixels|total_pixels|confident_fraction|pl_loss|parameter_max_abs_delta|buffer_max_abs_delta_after_adaptation|updated,OK,0
NeoPolyp,outputs/Q1_R13B_full_neopolyp_pl_conf90_prediction_lock_fix2_v1/state_predictions/pranet_seed20260818_pl_lock.json,1378,1.35 KiB,,decision|action|model_family|model_state_id|training_seed|checkpoint_sha256|target_cases|source_parity_mismatches|updated_cases|changed_case_count|episodic_reset|information_boundary|prediction_npz_sha256|index_csv_sha256|provenance,OK,0
NeoPolyp,outputs/Q1_R13B_full_neopolyp_pl_conf90_prediction_lock_fix2_v1/state_predictions/pranet_seed20260819_pl_index.csv,409613,400.01 KiB,1000,row_index|sample_id|image_path|image_raw_sha256|model_family|model_state_id|training_seed|checkpoint_sha256|source_foreground_pixels|pl_foreground_pixels|source_pl_changed_pixels|confident_pixels|total_pixels|confident_fraction|pl_loss|parameter_max_abs_delta|buffer_max_abs_delta_after_adaptation|updated,OK,0
NeoPolyp,outputs/Q1_R13B_full_neopolyp_pl_conf90_prediction_lock_fix2_v1/state_predictions/pranet_seed20260819_pl_lock.json,1378,1.35 KiB,,decision|action|model_family|model_state_id|training_seed|checkpoint_sha256|target_cases|source_parity_mismatches|updated_cases|changed_case_count|episodic_reset|information_boundary|prediction_npz_sha256|index_csv_sha256|provenance,OK,0
NeoPolyp,outputs/Q1_R13B_full_neopolyp_pl_conf90_prediction_lock_fix2_v1/state_predictions/segformer_b0_seed20260820_pl_index.csv,424177,414.24 KiB,1000,row_index|sample_id|image_path|image_raw_sha256|model_family|model_state_id|training_seed|checkpoint_sha256|source_foreground_pixels|pl_foreground_pixels|source_pl_changed_pixels|confident_pixels|total_pixels|confident_fraction|pl_loss|parameter_max_abs_delta|buffer_max_abs_delta_after_adaptation|updated,OK,0
NeoPolyp,outputs/Q1_R13B_full_neopolyp_pl_conf90_prediction_lock_fix2_v1/state_predictions/segformer_b0_seed20260820_pl_lock.json,1390,1.36 KiB,,decision|action|model_family|model_state_id|training_seed|checkpoint_sha256|target_cases|source_parity_mismatches|updated_cases|changed_case_count|episodic_reset|information_boundary|prediction_npz_sha256|index_csv_sha256|provenance,OK,0
NeoPolyp,outputs/Q1_R13B_full_neopolyp_pl_conf90_prediction_lock_fix2_v1/state_predictions/segformer_b0_seed20260821_pl_index.csv,424206,414.26 KiB,1000,row_index|sample_id|image_path|image_raw_sha256|model_family|model_state_id|training_seed|checkpoint_sha256|source_foreground_pixels|pl_foreground_pixels|source_pl_changed_pixels|confident_pixels|total_pixels|confident_fraction|pl_loss|parameter_max_abs_delta|buffer_max_abs_delta_after_adaptation|updated,OK,0
NeoPolyp,outputs/Q1_R13B_full_neopolyp_pl_conf90_prediction_lock_fix2_v1/state_predictions/segformer_b0_seed20260821_pl_lock.json,1390,1.36 KiB,,decision|action|model_family|model_state_id|training_seed|checkpoint_sha256|target_cases|source_parity_mismatches|updated_cases|changed_case_count|episodic_reset|information_boundary|prediction_npz_sha256|index_csv_sha256|provenance,OK,0
NeoPolyp,outputs/Q1_R13B_full_neopolyp_pl_conf90_prediction_lock_fix2_v1/state_predictions/segformer_b0_seed20260822_pl_index.csv,423887,413.95 KiB,1000,row_index|sample_id|image_path|image_raw_sha256|model_family|model_state_id|training_seed|checkpoint_sha256|source_foreground_pixels|pl_foreground_pixels|source_pl_changed_pixels|confident_pixels|total_pixels|confident_fraction|pl_loss|parameter_max_abs_delta|buffer_max_abs_delta_after_adaptation|updated,OK,0
NeoPolyp,outputs/Q1_R13B_full_neopolyp_pl_conf90_prediction_lock_fix2_v1/state_predictions/segformer_b0_seed20260822_pl_lock.json,1390,1.36 KiB,,decision|action|model_family|model_state_id|training_seed|checkpoint_sha256|target_cases|source_parity_mismatches|updated_cases|changed_case_count|episodic_reset|information_boundary|prediction_npz_sha256|index_csv_sha256|provenance,OK,0
SUNSEG,outputs/Q1_R14B1_sunseg_dual_archive_asset_inventory_fix1_v1/R14B1_archive_summary.csv,721,721.00 B,2,archive_kind|archive_name|archive_path|archive_sha256|archive_size_bytes|member_count|file_count|directory_count|total_uncompressed_file_bytes|unsafe_traversal_count|unsafe_absolute_count|duplicate_normalized_name_count|image_extension_member_count,OK,0
SUNSEG,outputs/Q1_R14B1_sunseg_dual_archive_asset_inventory_fix1_v1/R14B1_SUNSEG_DUAL_ARCHIVE_ASSET_LOCK.json,1779,1.74 KiB,,status|decision|annotation_archive|raw_archive|information_boundary|next_stage,OK,0
SUNSEG,outputs/Q1_R14B2_sunseg_deep_schema_pairing_identity_audit_fix2_v1/R14B2_fix2_clip_frame_counts.csv,8466,8.27 KiB,285,split|clip_id|frame_count,OK,0
SUNSEG,outputs/Q1_R14B2_sunseg_deep_schema_pairing_identity_audit_fix2_v1/R14B2_fix2_filtered_member_summary.csv,170,170.00 B,5,source|reason|count,OK,0
SUNSEG,outputs/Q1_R14B2_sunseg_deep_schema_pairing_identity_audit_fix2_v1/R14B2_fix2_physical_case_frame_counts.csv,1233,1.20 KiB,100,physical_case_id|frame_count,OK,0
SUNSEG,outputs/Q1_R14B2_sunseg_deep_schema_pairing_identity_audit_fix2_v1/R14B2_fix2_physical_case_overlap_matrix.csv,2073,2.02 KiB,15,split_a|split_b|case_overlap_count|case_overlap_ids,OK,0
SUNSEG,outputs/Q1_R14B2_sunseg_deep_schema_pairing_identity_audit_fix2_v1/R14B2_FIX2_REAL_IMAGE_PAIRING_CASE_IDENTITY_LOCK.json,3315,3.24 KiB,,status|decision|supersedes|reason_for_fix|input_sha256|sanitized_pairing|identity|split_summary|information_boundary|next_stage,OK,0
SUNSEG,outputs/Q1_R14B2_sunseg_deep_schema_pairing_identity_audit_fix2_v1/R14B2_fix2_split_case_clip_summary.csv,1236,1.21 KiB,5,split|frame_count|clip_count|physical_case_count|physical_case_ids,OK,0
SUNSEG,outputs/Q1_R14B3_sunseg_unseen_case_balanced_candidate_lock_fix1_v1/R14B3_SUNSEG_CASE_BALANCED_SAMPLING_SUMMARY.csv,1325,1.29 KiB,49,physical_case_id|eligible_frame_count|selected_frame_count|eligible_clip_count|selected_clip_count|selected_easy_unseen|selected_hard_unseen,OK,0
SUNSEG,outputs/Q1_R14B3_sunseg_unseen_case_balanced_candidate_lock_fix1_v1/R14B3_SUNSEG_PRECONTAMINATION_CANDIDATE_LOCK.json,2661,2.60 KiB,,status|decision|r14b2_lock_path|r14b2_lock_sha256|r14b2_pair_manifest_sha256|archive_sha256|eligibility|sampling|future_contamination_rule|primary_future_inference_unit|primary_future_statistics_cluster|information_boundary|next_stage,OK,0
SUNSEG,outputs/Q1_R14B3_sunseg_unseen_case_balanced_candidate_lock_fix1_v1/R14B3_SUNSEG_PRECONTAMINATION_CANDIDATE_MANIFEST.csv,545855,533.06 KiB,980,pair_key|dataset|visibility|clip_id|physical_case_id|frame_index|frame_member|gt_member|frame_size|gt_size|external_case_id|cluster_id|sampling_rank_within_case|sampling_hash|source_split_label|precontamination_status,OK,0
SUNSEG,outputs/Q1_R14B4A_reference_asset_schema_path_preflight_fix1_v1/R14B4A_REFERENCE_ASSET_PREFLIGHT_LOCK.json,5550,5.42 KiB,,status|decision|sun_candidate|reference_manifests|information_boundary|next_stage,OK,0
SUNSEG,outputs/Q1_R14B4A_reference_asset_schema_path_preflight_fix1_v1/R14B4A_reference_manifest_schema_summary.csv,953,953.00 B,3,dataset|manifest_path|manifest_sha256|row_count|path_like_columns|hash_like_columns|id_like_columns,OK,0
SUNSEG,outputs/Q1_R14B4A_reference_asset_schema_path_preflight_fix1_v1/R14B4A_reference_path_resolution_summary.csv,322,322.00 B,6,dataset|column|nonempty|absolute|existing_as_is|existing_files_as_is|existing_dirs_as_is,OK,0
NeoPolyp,outputs/Q1_R14B4B1_neopolyp_pixel_hash_recipe_audit_fix1_v1/R14B4B1_NEOPOLYP_PIXEL_HASH_PER_IMAGE_AUDIT.csv,217082,211.99 KiB,1000,sample_id|image_path|stored_pixel_sha256|matched_recipe_count|matched_recipes,OK,0
SUNSEG,outputs/Q1_R14B4B1_neopolyp_pixel_hash_recipe_audit_fix1_v1/R14B4B1_NEOPOLYP_PIXEL_HASH_PER_IMAGE_AUDIT.csv,217082,211.99 KiB,1000,sample_id|image_path|stored_pixel_sha256|matched_recipe_count|matched_recipes,OK,0
NeoPolyp,outputs/Q1_R14B4B1_neopolyp_pixel_hash_recipe_audit_fix1_v1/R14B4B1_NEOPOLYP_PIXEL_HASH_RECIPE_AUDIT_LOCK.json,1586,1.55 KiB,,status|decision|manifest_path|manifest_sha256|rows|raw_sha_mismatch_count|candidate_recipe_match_counts|rows_with_any_candidate_match|rows_with_zero_candidate_match|full_reproducing_recipes|recovered_recipe|information_boundary|next_stage,OK,0
SUNSEG,outputs/Q1_R14B4B1_neopolyp_pixel_hash_recipe_audit_fix1_v1/R14B4B1_NEOPOLYP_PIXEL_HASH_RECIPE_AUDIT_LOCK.json,1586,1.55 KiB,,status|decision|manifest_path|manifest_sha256|rows|raw_sha_mismatch_count|candidate_recipe_match_counts|rows_with_any_candidate_match|rows_with_zero_candidate_match|full_reproducing_recipes|recovered_recipe|information_boundary|next_stage,OK,0
NeoPolyp,outputs/Q1_R14B4B1_neopolyp_pixel_hash_recipe_audit_fix1_v1/R14B4B1_NEOPOLYP_PIXEL_HASH_RECIPE_COUNTS.csv,699,699.00 B,20,recipe|exact_match_count|total|match_fraction,OK,0
SUNSEG,outputs/Q1_R14B4B1_neopolyp_pixel_hash_recipe_audit_fix1_v1/R14B4B1_NEOPOLYP_PIXEL_HASH_RECIPE_COUNTS.csv,699,699.00 B,20,recipe|exact_match_count|total|match_fraction,OK,0
NeoPolyp,outputs/Q1_R14B4B2_neopolyp_historical_hash_code_lineage_audit_fix1_v1/R14B4B2_HISTORICAL_HASH_CODE_AUDIT.json,486118,474.72 KiB,,candidate_scripts|support_files|exact_column_files|audits,OK,0
SUNSEG,outputs/Q1_R14B4B2_neopolyp_historical_hash_code_lineage_audit_fix1_v1/R14B4B2_HISTORICAL_HASH_CODE_AUDIT.json,486118,474.72 KiB,,candidate_scripts|support_files|exact_column_files|audits,OK,0
NeoPolyp,outputs/Q1_R14B4B2_neopolyp_historical_hash_code_lineage_audit_fix1_v1/R14B4B2_HISTORICAL_HASH_CODE_LINEAGE_LOCK.json,1153,1.13 KiB,,status|decision|code_root|r05d1_output|candidate_script_count|files_with_exact_column_token|information_boundary|next_stage,OK,0
SUNSEG,outputs/Q1_R14B4B2_neopolyp_historical_hash_code_lineage_audit_fix1_v1/R14B4B2_HISTORICAL_HASH_CODE_LINEAGE_LOCK.json,1153,1.13 KiB,,status|decision|code_root|r05d1_output|candidate_script_count|files_with_exact_column_token|information_boundary|next_stage,OK,0
NeoPolyp,outputs/Q1_R14B4B3_neopolyp_exact_historical_hash_recipe_verification_fix1_v1/R14B4B3_NEOPOLYP_EXACT_HISTORICAL_HASH_VERIFICATION.csv,292146,285.30 KiB,1000,sample_id|image_path|width|height|raw_sha_match|historical_pixel_sha_match|computed_historical_pixel_sha256|stored_image_rgb_pixel_sha256,OK,0
SUNSEG,outputs/Q1_R14B4B3_neopolyp_exact_historical_hash_recipe_verification_fix1_v1/R14B4B3_NEOPOLYP_EXACT_HISTORICAL_HASH_VERIFICATION.csv,292146,285.30 KiB,1000,sample_id|image_path|width|height|raw_sha_match|historical_pixel_sha_match|computed_historical_pixel_sha256|stored_image_rgb_pixel_sha256,OK,0
NeoPolyp,outputs/Q1_R14B4B3_neopolyp_exact_historical_hash_recipe_verification_fix1_v1/R14B4B3_NEOPOLYP_HISTORICAL_HASH_RECIPE_LOCK.json,1547,1.51 KiB,,status|decision|manifest_path|manifest_sha256|historical_script_path|historical_script_sha256|historical_function|recovered_recipe|verification|information_boundary|next_stage,OK,0
SUNSEG,outputs/Q1_R14B4B3_neopolyp_exact_historical_hash_recipe_verification_fix1_v1/R14B4B3_NEOPOLYP_HISTORICAL_HASH_RECIPE_LOCK.json,1547,1.51 KiB,,status|decision|manifest_path|manifest_sha256|historical_script_path|historical_script_sha256|historical_function|recovered_recipe|verification|information_boundary|next_stage,OK,0
SUNSEG,outputs/Q1_R14B4B_sunseg_selected_rgb_contamination_audit_fix3_v1/R14B4B_FIX3_CASE_EXCLUSIONS.csv,103,103.00 B,0,cluster_id|precontamination_frame_count|postcontamination_frame_count|exclusion_reason|replacement,OK,0
SUNSEG,outputs/Q1_R14B4B_sunseg_selected_rgb_contamination_audit_fix3_v1/R14B4B_FIX3_EXACT_CONTAMINATION_MATCHES.csv,168,168.00 B,0,match_type|sun_pair_key|sun_cluster_id|sun_frame_member|reference_dataset|reference_id|reference_path|dhash_hamming|thumb_mae|full_mae|full_psnr|hard_contamination,OK,0
SUNSEG,outputs/Q1_R14B4B_sunseg_selected_rgb_contamination_audit_fix3_v1/R14B4B_FIX3_FINAL_CONFIRMATORY_MANIFEST.csv,545855,533.06 KiB,980,pair_key|dataset|visibility|clip_id|physical_case_id|frame_index|frame_member|gt_member|frame_size|gt_size|external_case_id|cluster_id|sampling_rank_within_case|sampling_hash|source_split_label|precontamination_status,OK,0
SUNSEG,outputs/Q1_R14B4B_sunseg_selected_rgb_contamination_audit_fix3_v1/R14B4B_FIX3_NEAR_DUPLICATE_CANDIDATES.csv,168,168.00 B,0,match_type|sun_pair_key|sun_cluster_id|sun_frame_member|reference_dataset|reference_id|reference_path|dhash_hamming|thumb_mae|full_mae|full_psnr|hard_contamination,OK,0
SUNSEG,outputs/Q1_R14B4B_sunseg_selected_rgb_contamination_audit_fix3_v1/R14B4B_FIX3_S01_ROOT_RESOLUTION.csv,107,107.00 B,1,candidate_root|missing_image_paths|valid_all,OK,0
SUNSEG,outputs/Q1_R14B4B_sunseg_selected_rgb_contamination_audit_fix3_v1/R14B4B_FIX3_SUNSEG_CONTAMINATION_AUDIT_LOCK.json,3309,3.23 KiB,,status|decision|supersedes|fix_reason|frozen_candidate|reference_assets|cross_dataset_common_exact_hash|contamination_rule|results|final_confirmatory_cohort_locked|final_manifest_path|final_manifest_sha256|information_boundary|next_stage,OK,0
SUNSEG,outputs/Q1_R14B4B_sunseg_selected_rgb_contamination_audit_fix3_v1/R14B4B_FIX3_SUN_INTERNAL_EXACT_DUPLICATES.csv,54,54.00 B,0,duplicate_type|sha256|count|cluster_ids|pair_keys,OK,0
SUNSEG,outputs/Q1_R14B4B_sunseg_selected_rgb_contamination_audit_fix3_v1/R14B4B_FIX3_SUN_SELECTED_RGB_HASHES.csv,420348,410.50 KiB,980,pair_key|cluster_id|physical_case_id|clip_id|source_split_label|frame_member|width|height|file_sha256|common_rgb_sha256|dhash64_hex,OK,0
SUNSEG,outputs/Q1_R14C0_sunseg_preGT_prediction_runtime_lineage_preflight_fix4_v1/R14C0_ACTION_SEMANTIC_TOKEN_AUDIT.csv,1735,1.69 KiB,24,script|semantic_group|matched_tokens|pass,OK,0
SUNSEG,outputs/Q1_R14C0_sunseg_preGT_prediction_runtime_lineage_preflight_fix4_v1/R14C0_FROZEN_9_STATE_CHECKPOINT_LINEAGE.csv,1930,1.88 KiB,9,model_family|training_seed|checkpoint_path|checkpoint_sha256|checkpoint_bytes,OK,0
SUNSEG,outputs/Q1_R14C0_sunseg_preGT_prediction_runtime_lineage_preflight_fix4_v1/R14C0_SUNSEG_PREGT_RUNTIME_LINEAGE_LOCK.json,8947,8.74 KiB,,status|decision|sun_confirmatory_cohort|historical_action_scripts|checkpoint_count|checkpoint_lineage|action_semantic_audit|pl_one_step_audit_method|information_boundary|next_stage,OK,0
SUNSEG,outputs/Q1_R14C1_sunseg_source_tent1_pl_prediction_lock_preGT_fix3_v1/R14C1A_CANONICALIZATION_STATE_AUDIT.csv,3696,3.61 KiB,9,model_family|training_seed|model_state_id|source_npz_sha256|destination_npz_sha256|npz_bytes_unchanged|source_index_csv_sha256|destination_index_csv_sha256|rows|artifact_path_fields_rewritten|non_path_scientific_fields_changed|destination_state_lock_sha256,OK,100
SUNSEG,outputs/Q1_R14C1_sunseg_source_tent1_pl_prediction_lock_preGT_fix3_v1/R14C1_SUNSEG_MODEL_FRAME_PREDICTION_MANIFEST.csv,6811943,6.50 MiB,8820,row_index|sample_id|external_case_id|cluster_id|clip_id|source_split_label|frame_member|image_raw_sha256|model_family|model_state_id|training_seed|checkpoint_sha256|source_foreground_pixels|tent1_foreground_pixels|source_tent1_changed_pixels|pl_foreground_pixels|source_pl_changed_pixels|confident_pixels|total_pixels|confident_fraction|pl_loss|pl_parameter_max_abs_delta|pl_buffer_max_abs_delta_after_adaptation|pl_updated|state_prediction_npz_relpath|state_index_csv_relpath|state_lock_json_relpath,OK,100
SUNSEG,outputs/Q1_R14C1_sunseg_source_tent1_pl_prediction_lock_preGT_fix3_v1/R14C1_SUNSEG_SOURCE_TENT1_PL_PREDICTION_LOCK.json,8035,7.85 KiB,,status|decision|cohort|model_panel|actions|runner_fix|historical_implementation_lineage|artifacts|descriptive_prediction_behavior_only|information_boundary|next_stage|canonicalization_decision|canonicalized_from|canonicalization,OK,100
SUNSEG,outputs/Q1_R14C1_sunseg_source_tent1_pl_prediction_lock_preGT_fix3_v1/state_predictions/deeplabv3_r50_seed20260817_source_tent1_pl_index.csv,769850,751.81 KiB,980,row_index|sample_id|external_case_id|cluster_id|clip_id|source_split_label|frame_member|image_raw_sha256|model_family|model_state_id|training_seed|checkpoint_sha256|source_foreground_pixels|tent1_foreground_pixels|source_tent1_changed_pixels|pl_foreground_pixels|source_pl_changed_pixels|confident_pixels|total_pixels|confident_fraction|pl_loss|pl_parameter_max_abs_delta|pl_buffer_max_abs_delta_after_adaptation|pl_updated|state_prediction_npz_relpath|state_index_csv_relpath|state_lock_json_relpath,OK,100
SUNSEG,outputs/Q1_R14C1_sunseg_source_tent1_pl_prediction_lock_preGT_fix3_v1/state_predictions/deeplabv3_r50_seed20260817_source_tent1_pl_lock.json,2925,2.86 KiB,,status|decision|model_family|model_state_id|training_seed|checkpoint_path|checkpoint_sha256|target_cases|physical_cases|mask_shape|packed_bytes|actions|prediction_npz_sha256|index_csv_sha256|historical_lineage|information_boundary|canonicalized_from|canonicalization,OK,100
SUNSEG,outputs/Q1_R14C1_sunseg_source_tent1_pl_prediction_lock_preGT_fix3_v1/state_predictions/deeplabv3_r50_seed20260818_source_tent1_pl_index.csv,770154,752.10 KiB,980,row_index|sample_id|external_case_id|cluster_id|clip_id|source_split_label|frame_member|image_raw_sha256|model_family|model_state_id|training_seed|checkpoint_sha256|source_foreground_pixels|tent1_foreground_pixels|source_tent1_changed_pixels|pl_foreground_pixels|source_pl_changed_pixels|confident_pixels|total_pixels|confident_fraction|pl_loss|pl_parameter_max_abs_delta|pl_buffer_max_abs_delta_after_adaptation|pl_updated|state_prediction_npz_relpath|state_index_csv_relpath|state_lock_json_relpath,OK,100
SUNSEG,outputs/Q1_R14C1_sunseg_source_tent1_pl_prediction_lock_preGT_fix3_v1/state_predictions/deeplabv3_r50_seed20260818_source_tent1_pl_lock.json,2925,2.86 KiB,,status|decision|model_family|model_state_id|training_seed|checkpoint_path|checkpoint_sha256|target_cases|physical_cases|mask_shape|packed_bytes|actions|prediction_npz_sha256|index_csv_sha256|historical_lineage|information_boundary|canonicalized_from|canonicalization,OK,100
SUNSEG,outputs/Q1_R14C1_sunseg_source_tent1_pl_prediction_lock_preGT_fix3_v1/state_predictions/deeplabv3_r50_seed20260819_source_tent1_pl_index.csv,768448,750.44 KiB,980,row_index|sample_id|external_case_id|cluster_id|clip_id|source_split_label|frame_member|image_raw_sha256|model_family|model_state_id|training_seed|checkpoint_sha256|source_foreground_pixels|tent1_foreground_pixels|source_tent1_changed_pixels|pl_foreground_pixels|source_pl_changed_pixels|confident_pixels|total_pixels|confident_fraction|pl_loss|pl_parameter_max_abs_delta|pl_buffer_max_abs_delta_after_adaptation|pl_updated|state_prediction_npz_relpath|state_index_csv_relpath|state_lock_json_relpath,OK,100
SUNSEG,outputs/Q1_R14C1_sunseg_source_tent1_pl_prediction_lock_preGT_fix3_v1/state_predictions/deeplabv3_r50_seed20260819_source_tent1_pl_lock.json,2925,2.86 KiB,,status|decision|model_family|model_state_id|training_seed|checkpoint_path|checkpoint_sha256|target_cases|physical_cases|mask_shape|packed_bytes|actions|prediction_npz_sha256|index_csv_sha256|historical_lineage|information_boundary|canonicalized_from|canonicalization,OK,100
SUNSEG,outputs/Q1_R14C1_sunseg_source_tent1_pl_prediction_lock_preGT_fix3_v1/state_predictions/pranet_seed20260817_source_tent1_pl_index.csv,730838,713.71 KiB,980,row_index|sample_id|external_case_id|cluster_id|clip_id|source_split_label|frame_member|image_raw_sha256|model_family|model_state_id|training_seed|checkpoint_sha256|source_foreground_pixels|tent1_foreground_pixels|source_tent1_changed_pixels|pl_foreground_pixels|source_pl_changed_pixels|confident_pixels|total_pixels|confident_fraction|pl_loss|pl_parameter_max_abs_delta|pl_buffer_max_abs_delta_after_adaptation|pl_updated|state_prediction_npz_relpath|state_index_csv_relpath|state_lock_json_relpath,OK,100
SUNSEG,outputs/Q1_R14C1_sunseg_source_tent1_pl_prediction_lock_preGT_fix3_v1/state_predictions/pranet_seed20260817_source_tent1_pl_lock.json,2897,2.83 KiB,,status|decision|model_family|model_state_id|training_seed|checkpoint_path|checkpoint_sha256|target_cases|physical_cases|mask_shape|packed_bytes|actions|prediction_npz_sha256|index_csv_sha256|historical_lineage|information_boundary|canonicalized_from|canonicalization,OK,100
SUNSEG,outputs/Q1_R14C1_sunseg_source_tent1_pl_prediction_lock_preGT_fix3_v1/state_predictions/pranet_seed20260818_source_tent1_pl_index.csv,734521,717.31 KiB,980,row_index|sample_id|external_case_id|cluster_id|clip_id|source_split_label|frame_member|image_raw_sha256|model_family|model_state_id|training_seed|checkpoint_sha256|source_foreground_pixels|tent1_foreground_pixels|source_tent1_changed_pixels|pl_foreground_pixels|source_pl_changed_pixels|confident_pixels|total_pixels|confident_fraction|pl_loss|pl_parameter_max_abs_delta|pl_buffer_max_abs_delta_after_adaptation|pl_updated|state_prediction_npz_relpath|state_index_csv_relpath|state_lock_json_relpath,OK,100
SUNSEG,outputs/Q1_R14C1_sunseg_source_tent1_pl_prediction_lock_preGT_fix3_v1/state_predictions/pranet_seed20260818_source_tent1_pl_lock.json,2897,2.83 KiB,,status|decision|model_family|model_state_id|training_seed|checkpoint_path|checkpoint_sha256|target_cases|physical_cases|mask_shape|packed_bytes|actions|prediction_npz_sha256|index_csv_sha256|historical_lineage|information_boundary|canonicalized_from|canonicalization,OK,100
SUNSEG,outputs/Q1_R14C1_sunseg_source_tent1_pl_prediction_lock_preGT_fix3_v1/state_predictions/pranet_seed20260819_source_tent1_pl_index.csv,738523,721.21 KiB,980,row_index|sample_id|external_case_id|cluster_id|clip_id|source_split_label|frame_member|image_raw_sha256|model_family|model_state_id|training_seed|checkpoint_sha256|source_foreground_pixels|tent1_foreground_pixels|source_tent1_changed_pixels|pl_foreground_pixels|source_pl_changed_pixels|confident_pixels|total_pixels|confident_fraction|pl_loss|pl_parameter_max_abs_delta|pl_buffer_max_abs_delta_after_adaptation|pl_updated|state_prediction_npz_relpath|state_index_csv_relpath|state_lock_json_relpath,OK,100
SUNSEG,outputs/Q1_R14C1_sunseg_source_tent1_pl_prediction_lock_preGT_fix3_v1/state_predictions/pranet_seed20260819_source_tent1_pl_lock.json,2897,2.83 KiB,,status|decision|model_family|model_state_id|training_seed|checkpoint_path|checkpoint_sha256|target_cases|physical_cases|mask_shape|packed_bytes|actions|prediction_npz_sha256|index_csv_sha256|historical_lineage|information_boundary|canonicalized_from|canonicalization,OK,100
SUNSEG,outputs/Q1_R14C1_sunseg_source_tent1_pl_prediction_lock_preGT_fix3_v1/state_predictions/segformer_b0_seed20260820_source_tent1_pl_index.csv,768342,750.33 KiB,980,row_index|sample_id|external_case_id|cluster_id|clip_id|source_split_label|frame_member|image_raw_sha256|model_family|model_state_id|training_seed|checkpoint_sha256|source_foreground_pixels|tent1_foreground_pixels|source_tent1_changed_pixels|pl_foreground_pixels|source_pl_changed_pixels|confident_pixels|total_pixels|confident_fraction|pl_loss|pl_parameter_max_abs_delta|pl_buffer_max_abs_delta_after_adaptation|pl_updated|state_prediction_npz_relpath|state_index_csv_relpath|state_lock_json_relpath,OK,100
SUNSEG,outputs/Q1_R14C1_sunseg_source_tent1_pl_prediction_lock_preGT_fix3_v1/state_predictions/segformer_b0_seed20260820_source_tent1_pl_lock.json,2927,2.86 KiB,,status|decision|model_family|model_state_id|training_seed|checkpoint_path|checkpoint_sha256|target_cases|physical_cases|mask_shape|packed_bytes|actions|prediction_npz_sha256|index_csv_sha256|historical_lineage|information_boundary|canonicalized_from|canonicalization,OK,100
SUNSEG,outputs/Q1_R14C1_sunseg_source_tent1_pl_prediction_lock_preGT_fix3_v1/state_predictions/segformer_b0_seed20260821_source_tent1_pl_index.csv,767925,749.93 KiB,980,row_index|sample_id|external_case_id|cluster_id|clip_id|source_split_label|frame_member|image_raw_sha256|model_family|model_state_id|training_seed|checkpoint_sha256|source_foreground_pixels|tent1_foreground_pixels|source_tent1_changed_pixels|pl_foreground_pixels|source_pl_changed_pixels|confident_pixels|total_pixels|confident_fraction|pl_loss|pl_parameter_max_abs_delta|pl_buffer_max_abs_delta_after_adaptation|pl_updated|state_prediction_npz_relpath|state_index_csv_relpath|state_lock_json_relpath,OK,100
SUNSEG,outputs/Q1_R14C1_sunseg_source_tent1_pl_prediction_lock_preGT_fix3_v1/state_predictions/segformer_b0_seed20260821_source_tent1_pl_lock.json,2927,2.86 KiB,,status|decision|model_family|model_state_id|training_seed|checkpoint_path|checkpoint_sha256|target_cases|physical_cases|mask_shape|packed_bytes|actions|prediction_npz_sha256|index_csv_sha256|historical_lineage|information_boundary|canonicalized_from|canonicalization,OK,100
SUNSEG,outputs/Q1_R14C1_sunseg_source_tent1_pl_prediction_lock_preGT_fix3_v1/state_predictions/segformer_b0_seed20260822_source_tent1_pl_index.csv,767382,749.40 KiB,980,row_index|sample_id|external_case_id|cluster_id|clip_id|source_split_label|frame_member|image_raw_sha256|model_family|model_state_id|training_seed|checkpoint_sha256|source_foreground_pixels|tent1_foreground_pixels|source_tent1_changed_pixels|pl_foreground_pixels|source_pl_changed_pixels|confident_pixels|total_pixels|confident_fraction|pl_loss|pl_parameter_max_abs_delta|pl_buffer_max_abs_delta_after_adaptation|pl_updated|state_prediction_npz_relpath|state_index_csv_relpath|state_lock_json_relpath,OK,100
SUNSEG,outputs/Q1_R14C1_sunseg_source_tent1_pl_prediction_lock_preGT_fix3_v1/state_predictions/segformer_b0_seed20260822_source_tent1_pl_lock.json,2927,2.86 KiB,,status|decision|model_family|model_state_id|training_seed|checkpoint_path|checkpoint_sha256|target_cases|physical_cases|mask_shape|packed_bytes|actions|prediction_npz_sha256|index_csv_sha256|historical_lineage|information_boundary|canonicalized_from|canonicalization,OK,100
SUNSEG,outputs/Q1_R14C2A_frozen_safety_estimator_lineage_schema_preflight_fix2_v1/R14C2A_FROZEN_SAFETY_ESTIMATOR_LINEAGE_SCHEMA_AUDIT.json,103902,101.47 KiB,,status|decision|r14c1|r10l0|strong_representation_candidates|block_report|information_boundary|next_stage,OK,0
SUNSEG,outputs/Q1_R14C2B_sunseg_frozen_safety_score_lock_preGT_fix1_v1/information_boundary_audit.json,747,747.00 B,,sun_rgb_pixels_decoded|source_mask_values_accessed|tent1_mask_values_accessed|pl_mask_values_accessed|sun_gt_path_or_member_accessed|sun_gt_pixels_decoded|sun_outcomes_revealed|dice_computed|delta_dice_computed|harm_benefit_labels_computed|pca_fit_called|pca_refit_called|safety_head_fit_called|safety_head_refit_called|target_calibration|target_threshold_selection|target_feature_selection|target_score_orientation_change|target_case_selection_from_scores|frozen_threshold,OK,99
SUNSEG,outputs/Q1_R14C2B_sunseg_frozen_safety_score_lock_preGT_fix1_v1/R14C2B_FROZEN_SUNSEG_SAFETY_SCORES.csv,5420704,5.17 MiB,8820,feature_row|sample_id|external_case_id|cluster_id|clip_id|source_split_label|frame_member|image_raw_sha256|model_family|model_state_id|training_seed|checkpoint_sha256|state_prediction_npz_relpath|state_row_index|morph_fg_fraction|morph_boundary_density|frozen_safety_probability|frozen_operating_threshold|frozen_risk_flag,OK,99
SUNSEG,outputs/Q1_R14C2B_sunseg_frozen_safety_score_lock_preGT_fix1_v1/R14C2B_SUNSEG_FROZEN_SAFETY_SCORE_LOCK.json,6114,5.97 KiB,,status|decision|script_version|build|primary_method|target_dataset|target_component|target_frames|physical_cases|model_states|model_frame_rows|representation|estimator|representation_sentinel|source_mask_decode_audit|rgb_cache|information_boundary|upstream_hashes|artifacts|post_score_rules|next_stage,OK,99
SUNSEG,outputs/Q1_R14C2B_sunseg_frozen_safety_score_lock_preGT_fix1_v1/R14C2B_unlabeled_family_score_summary.csv,315,315.00 B,3,model_family|rows|probability_mean|probability_median|flagged|flagged_fraction,OK,99
SUNSEG,outputs/Q1_R14C2B_sunseg_frozen_safety_score_lock_preGT_fix1_v1/R14C2B_unlabeled_split_score_summary.csv,299,299.00 B,2,source_split_label|rows|unique_frames|unique_physical_cases|probability_mean|probability_median|flagged|flagged_fraction,OK,99
SUNSEG,outputs/Q1_R14C2B_sunseg_frozen_safety_score_lock_preGT_fix1_v1/run_log.txt,1328,1.30 KiB,,,OK,99
SUNSEG,outputs/Q1_R14C3C_sunseg_confirmatory_result_audit_and_claim_freeze_fix1_v1/R14C3C_CONFIRMATORY_CLAIM_FREEZE.json,7080,6.91 KiB,,status|decision|source_result|gt_decode_audit|outcome_reproduction|primary_point|physical_case_bootstrap|action_shift_mechanism|supported_claim_flags|paper_level_frozen_interpretation|claims_not_supported|scientific_boundary,OK,0
PolypGen,outputs/Q1_R16A_source_quality_control_polypgen_v1/INPUT_CANDIDATE_DIAGNOSTICS.json,4627,4.52 KiB,14,,OK,0
PolypGen,outputs/Q1_R16A_source_quality_control_polypgen_v1_fix1/INPUT_CANDIDATE_DIAGNOSTICS.json,3599,3.51 KiB,14,,OK,0
PolypGen,outputs/Q1_R16A_source_quality_control_polypgen_v1_fix2/R16A_ANALYSIS_TABLE.csv,1514282,1.44 MiB,13788,physical_id|family|source_dice|risk|harm|z_source_dice|z_risk,OK,0
PolypGen,outputs/Q1_R16A_source_quality_control_polypgen_v1_fix2/R16A_CLUSTER_BOOTSTRAP.csv,127781,124.79 KiB,2000,rep|risk_coefficient|delta_auroc|delta_auprc,OK,0
PolypGen,outputs/Q1_R16A_source_quality_control_polypgen_v1_fix2/R16A_FIX2_FORENSIC_PROFILES.json,186692,182.32 KiB,47,,OK,0
PolypGen,outputs/Q1_R16A_source_quality_control_polypgen_v1_fix2/R16A_INPUT_PROVENANCE.json,469,469.00 B,,mode|table|physical_id_column|family_column|source_dice_column|risk_column|harm_column|delta_dice_column,OK,0
PolypGen,outputs/Q1_R16A_source_quality_control_polypgen_v1_fix2/R16A_REPORT.txt,913,913.00 B,,,OK,0
PolypGen,outputs/Q1_R16A_source_quality_control_polypgen_v1_fix2/R16A_SUMMARY.json,1647,1.61 KiB,,version|input_provenance|rows|physical_images|families|harm_prevalence|risk_coefficient|lr_stat|lr_p|auroc_quality|auroc_quality_plus_risk|delta_auroc|auprc_quality|auprc_quality_plus_risk|delta_auprc|risk_only_auroc|risk_coefficient_ci95|delta_auroc_ci95|delta_auprc_ci95|bootstrap_requested|bootstrap_completed|ci_scope|deployment_boundary,OK,0
PROMISE12,outputs/Q1_SAFETTA_numeric_replay_v1_fix4/CM6/CM6_PROMISE12_OUTCOMES.csv,467272,456.32 KiB,4131,family|global_index|case_key|slice_index|risk_score|source_dice|tent1_dice|delta_dice|state|harmful|beneficial|source_tp|source_fp|source_fn|tent_tp|tent_fp|tent_fn,OK,0
PROMISE12,outputs/Q1_SAFETTA_numeric_replay_v1_fix4/CM7B/CM7B_PROMISE12_MATCHED_COVERAGE_UTILITY_AUDIT_LOCK.json,3847,3.76 KiB,,status|decision|version|build|scope|cm6_lock_sha256|cm7a_lock_sha256|frozen_policy|matched_random_baseline|point_results|interpretation_boundary|changes_after_gt|artifacts|next_stage,OK,0
PolypGen,outputs/Q1_SAFETTA_numeric_replay_v1_fix4/R10L3C/R10L3C_POLYPGEN_PROSPECTIVE_EXTERNAL_EVALUATION_LOCK.json,4527,4.42 KiB,,status|decision|script_version|build|target_dataset|target_cases|model_states|model_case_rows|outcome_definition|polypgen_gt_decode|frozen_safety_evaluation|outcome_counts|harm_rows|nonharm_rows|benefit_rows|primary_macro_point|information_boundary|upstream_hashes|artifacts,OK,0
SUNSEG,outputs/Q1_SAFETTA_numeric_replay_v1_fix4/R14C3B/R14C3B_SUNSEG_DUAL_ACTION_FROZEN_SCORE_EVALUATION_LOCK.json,9076,8.86 KiB,,status|decision|script_version|build|target_dataset|target_frames|physical_cases|model_states|model_frame_rows|evidence_order|gt_decode|outcome_definition|frozen_safety_evaluation|action_outcomes|action_shift_mechanism|primary_macro_point|bootstrap_valid|information_boundary|upstream_hashes|artifacts,OK,0
Prostate158,outputs/Q1_SAFETTA_storage_cleanup_phase2A_supersession_audit_v1/PROSTATE158_ZIP_AUDIT.json,523,523.00 B,,zip_path|zip_exists|zip_size_bytes|zip_size_human|zip_member_count|zip_uncompressed_bytes|zip_uncompressed_human|zip_crc_test|nonzip_files_beside_zip|nonzip_bytes_beside_zip|nonzip_human_beside_zip|decision|reason,OK,0
NeoPolyp,outputs/S01_B_pranet_source_only_seed20260817_v1/audit.json,1255,1.23 KiB,,script_version|build|seed|manifest_sha256|source_train_n|source_val_n|seen_sanity_images_opened|seen_sanity_masks_opened|unseen_locked_images_opened|unseen_locked_masks_opened|target_metrics_computed|checkpoint_selection_metric|best_epoch|best_source_val_mean_dice|backbone_pretrain_path|backbone_pretrain_sha256|best_checkpoint|best_checkpoint_sha256|parameters_total|parameters_trainable|peak_gpu_memory_gb|training_seconds|decision,OK,100
NeoPolyp,outputs/S01_B_pranet_source_only_seed20260817_v1/history.csv,7969,7.78 KiB,80,epoch|train_loss|source_val_mean_dice|source_val_median_dice|source_val_mean_iou|epoch_seconds,OK,100
NeoPolyp,outputs/S01_B_pranet_source_only_seed20260817_v1/summary.txt,1233,1.20 KiB,,,OK,100
NeoPolyp,outputs/S01_B_pranet_source_only_seed20260818_v1/audit.json,1284,1.25 KiB,,script_version|build|seed|manifest_sha256|source_train_n|source_val_n|seen_sanity_images_opened|seen_sanity_masks_opened|unseen_locked_images_opened|unseen_locked_masks_opened|target_metrics_computed|checkpoint_selection_metric|best_epoch|best_source_val_mean_dice|backbone_pretrain_path|backbone_pretrain_sha256|best_checkpoint|best_checkpoint_sha256|parameters_total|parameters_trainable|peak_gpu_memory_gb|training_seconds|decision,OK,100
NeoPolyp,outputs/S01_B_pranet_source_only_seed20260818_v1/history.csv,7939,7.75 KiB,80,epoch|train_loss|source_val_mean_dice|source_val_median_dice|source_val_mean_iou|epoch_seconds,OK,100
NeoPolyp,outputs/S01_B_pranet_source_only_seed20260818_v1/summary.txt,1262,1.23 KiB,,,OK,100
NeoPolyp,outputs/S01_B_pranet_source_only_seed20260819_v1/audit.json,1281,1.25 KiB,,script_version|build|seed|manifest_sha256|source_train_n|source_val_n|seen_sanity_images_opened|seen_sanity_masks_opened|unseen_locked_images_opened|unseen_locked_masks_opened|target_metrics_computed|checkpoint_selection_metric|best_epoch|best_source_val_mean_dice|backbone_pretrain_path|backbone_pretrain_sha256|best_checkpoint|best_checkpoint_sha256|parameters_total|parameters_trainable|peak_gpu_memory_gb|training_seconds|decision,OK,100
NeoPolyp,outputs/S01_B_pranet_source_only_seed20260819_v1/history.csv,7965,7.78 KiB,80,epoch|train_loss|source_val_mean_dice|source_val_median_dice|source_val_mean_iou|epoch_seconds,OK,100
NeoPolyp,outputs/S01_B_pranet_source_only_seed20260819_v1/summary.txt,1261,1.23 KiB,,,OK,100
NeoPolyp,outputs/S05_B_deeplabv3_r50_source_only_seed20260817_v1/audit.json,1864,1.82 KiB,,script_version|build|architecture|seed|protocol_sha256|manifest_sha256|source_train_n|source_val_n|seen_sanity_images_opened|seen_sanity_masks_opened|unseen_locked_images_opened|unseen_locked_masks_opened|target_metrics_computed|checkpoint_selection_metric|singleton_safe_batching|train_samples_dropped_per_epoch|training_empty_augmented_masks_allowed|original_source_masks_required_nonempty|source_val_masks_required_nonempty|total_empty_aug_mask_samples|train_min_batch_size|train_max_batch_size|persistent_workers|cublas_workspace_config|best_epoch|best_source_val_mean_dice|backbone_pretrain_descriptor|backbone_cache_path|backbone_cache_sha256|best_checkpoint|best_checkpoint_sha256|parameters_total|parameters_trainable|peak_gpu_memory_gb|training_seconds|decision,OK,99
NeoPolyp,outputs/S05_B_deeplabv3_r50_source_only_seed20260817_v1/history.csv,8186,7.99 KiB,80,epoch|train_loss|source_val_mean_dice|source_val_median_dice|source_val_mean_iou|empty_aug_mask_samples|epoch_seconds,OK,99
NeoPolyp,outputs/S05_B_deeplabv3_r50_source_only_seed20260817_v1/summary.txt,1736,1.70 KiB,,,OK,99
NeoPolyp,outputs/S05_B_deeplabv3_r50_source_only_seed20260818_v1/audit.json,1864,1.82 KiB,,script_version|build|architecture|seed|protocol_sha256|manifest_sha256|source_train_n|source_val_n|seen_sanity_images_opened|seen_sanity_masks_opened|unseen_locked_images_opened|unseen_locked_masks_opened|target_metrics_computed|checkpoint_selection_metric|singleton_safe_batching|train_samples_dropped_per_epoch|training_empty_augmented_masks_allowed|original_source_masks_required_nonempty|source_val_masks_required_nonempty|total_empty_aug_mask_samples|train_min_batch_size|train_max_batch_size|persistent_workers|cublas_workspace_config|best_epoch|best_source_val_mean_dice|backbone_pretrain_descriptor|backbone_cache_path|backbone_cache_sha256|best_checkpoint|best_checkpoint_sha256|parameters_total|parameters_trainable|peak_gpu_memory_gb|training_seconds|decision,OK,99
NeoPolyp,outputs/S05_B_deeplabv3_r50_source_only_seed20260818_v1/history.csv,8195,8.00 KiB,80,epoch|train_loss|source_val_mean_dice|source_val_median_dice|source_val_mean_iou|empty_aug_mask_samples|epoch_seconds,OK,99
NeoPolyp,outputs/S05_B_deeplabv3_r50_source_only_seed20260818_v1/summary.txt,1736,1.70 KiB,,,OK,99
NeoPolyp,outputs/S05_B_deeplabv3_r50_source_only_seed20260819_v1/audit.json,1864,1.82 KiB,,script_version|build|architecture|seed|protocol_sha256|manifest_sha256|source_train_n|source_val_n|seen_sanity_images_opened|seen_sanity_masks_opened|unseen_locked_images_opened|unseen_locked_masks_opened|target_metrics_computed|checkpoint_selection_metric|singleton_safe_batching|train_samples_dropped_per_epoch|training_empty_augmented_masks_allowed|original_source_masks_required_nonempty|source_val_masks_required_nonempty|total_empty_aug_mask_samples|train_min_batch_size|train_max_batch_size|persistent_workers|cublas_workspace_config|best_epoch|best_source_val_mean_dice|backbone_pretrain_descriptor|backbone_cache_path|backbone_cache_sha256|best_checkpoint|best_checkpoint_sha256|parameters_total|parameters_trainable|peak_gpu_memory_gb|training_seconds|decision,OK,99
NeoPolyp,outputs/S05_B_deeplabv3_r50_source_only_seed20260819_v1/history.csv,8204,8.01 KiB,80,epoch|train_loss|source_val_mean_dice|source_val_median_dice|source_val_mean_iou|empty_aug_mask_samples|epoch_seconds,OK,99
NeoPolyp,outputs/S05_B_deeplabv3_r50_source_only_seed20260819_v1/summary.txt,1736,1.70 KiB,,,OK,99
PolypGen,outputs/S06_B0_polypgen_zip_structure_probe_v1/summary.txt,69137,67.52 KiB,,,OK,0
PolypGen,outputs/S06_B0_polypgen_zip_structure_probe_v1/zip_central_directory_inventory.csv,3055270,2.91 MiB,25118,member|is_dir|suffix|compressed_size|uncompressed_size|crc32_metadata_only|depth,OK,0
PolypGen,outputs/S06_B1_polypgen_pairing_name_probe_v1/summary.txt,18328,17.90 KiB,,,OK,0
PolypGen,outputs/S06_B_polypgen_integrity_overlap_audit_v1/ambiguous_or_unpaired_members.csv,71,71.00 B,0,center|pair_stem|image_count|mask_count|image_members|mask_members,OK,0
PolypGen,outputs/S06_B_polypgen_integrity_overlap_audit_v1/archive_inventory.csv,3055289,2.91 MiB,25118,member|is_dir|suffix|compressed_size|uncompressed_size|crc32_metadata_only|single_frame_kind|center,OK,0
PolypGen,outputs/S06_B_polypgen_integrity_overlap_audit_v1/audit.json,1282,1.25 KiB,,script_version|build|protocol_sha256|archive_path|archive_sha256|archive_size_bytes|s01_manifest_sha256|existing_frozen_image_count|zip_metadata_audit|polypgen_single_frame_pair_count|center_pair_counts|published_expected_single_frames|exact_duplicate_external_samples|near_duplicate_hold_external_samples|eligible_pending_s06c_samples|polypgen_mask_bytes_opened|polypgen_masks_extracted|polypgen_mask_pixels_inspected|eligibility_used_mask_content|model_inference_performed|target_metrics_computed|decision,OK,0
PolypGen,outputs/S06_B_polypgen_integrity_overlap_audit_v1/exact_duplicate_matches.csv,152,152.00 B,0,polypgen_center|polypgen_pair_stem|polypgen_image_member|existing_sample_id|existing_dataset|existing_role|raw_byte_sha_match|decoded_rgb_sha_match,OK,0
PolypGen,outputs/S06_B_polypgen_integrity_overlap_audit_v1/near_duplicate_candidates.csv,187,187.00 B,0,polypgen_center|polypgen_pair_stem|polypgen_image_member|existing_sample_id|existing_dataset|existing_role|dhash_hamming|polypgen_width|polypgen_height|existing_width|existing_height,OK,0
PolypGen,outputs/S06_B_polypgen_integrity_overlap_audit_v1/polypgen_single_frame_image_fingerprints.csv,203,203.00 B,0,center|pair_stem|image_member|mask_member|image_member_uncompressed_size|mask_member_uncompressed_size|mask_member_crc32_metadata_only|raw_sha256|decoded_rgb_sha256|width|height|aspect_ratio|dhash64,OK,0
PolypGen,outputs/S06_B_polypgen_integrity_overlap_audit_v1/S06_polypgen_external_eligibility_manifest.csv,261,261.00 B,0,external_id|center|pair_stem|image_member|mask_member|image_width|image_height|image_raw_sha256|image_decoded_rgb_sha256|image_dhash64|exact_duplicate_status|exact_duplicate_hit_count|near_duplicate_candidate_count|eligibility|eligibility_uses_mask_content,OK,0
PolypGen,outputs/S06_B_polypgen_integrity_overlap_audit_v1/summary.txt,1191,1.16 KiB,,,OK,0
PolypGen,outputs/S06_B_polypgen_integrity_overlap_audit_v1_fix1/ambiguous_or_unpaired_members.csv,71,71.00 B,0,center|pair_stem|image_count|mask_count|image_members|mask_members,OK,0
PolypGen,outputs/S06_B_polypgen_integrity_overlap_audit_v1_fix1/archive_inventory.csv,3080431,2.94 MiB,25118,member|is_dir|suffix|compressed_size|uncompressed_size|crc32_metadata_only|single_frame_kind|center|detected_release_layout,OK,0
PolypGen,outputs/S06_B_polypgen_integrity_overlap_audit_v1_fix1/audit.json,1326,1.29 KiB,,script_version|build|protocol_sha256|archive_path|archive_sha256|archive_size_bytes|s01_manifest_sha256|existing_frozen_image_count|zip_metadata_audit|polypgen_single_frame_pair_count|center_pair_counts|detected_release_layout_member_counts|published_expected_single_frames|exact_duplicate_external_samples|near_duplicate_hold_external_samples|eligible_pending_s06c_samples|polypgen_mask_bytes_opened|polypgen_masks_extracted|polypgen_mask_pixels_inspected|eligibility_used_mask_content|model_inference_performed|target_metrics_computed|decision,OK,0
PolypGen,outputs/S06_B_polypgen_integrity_overlap_audit_v1_fix1/exact_duplicate_matches.csv,152,152.00 B,0,polypgen_center|polypgen_pair_stem|polypgen_image_member|existing_sample_id|existing_dataset|existing_role|raw_byte_sha_match|decoded_rgb_sha_match,OK,0
PolypGen,outputs/S06_B_polypgen_integrity_overlap_audit_v1_fix1/near_duplicate_candidates.csv,187,187.00 B,0,polypgen_center|polypgen_pair_stem|polypgen_image_member|existing_sample_id|existing_dataset|existing_role|dhash_hamming|polypgen_width|polypgen_height|existing_width|existing_height,OK,0
PolypGen,outputs/S06_B_polypgen_integrity_overlap_audit_v1_fix1/polypgen_single_frame_image_fingerprints.csv,203,203.00 B,0,center|pair_stem|image_member|mask_member|image_member_uncompressed_size|mask_member_uncompressed_size|mask_member_crc32_metadata_only|raw_sha256|decoded_rgb_sha256|width|height|aspect_ratio|dhash64,OK,0
PolypGen,outputs/S06_B_polypgen_integrity_overlap_audit_v1_fix1/S06_polypgen_external_eligibility_manifest.csv,261,261.00 B,0,external_id|center|pair_stem|image_member|mask_member|image_width|image_height|image_raw_sha256|image_decoded_rgb_sha256|image_dhash64|exact_duplicate_status|exact_duplicate_hit_count|near_duplicate_candidate_count|eligibility|eligibility_uses_mask_content,OK,0
PolypGen,outputs/S06_B_polypgen_integrity_overlap_audit_v1_fix1/summary.txt,1223,1.19 KiB,,,OK,0
PolypGen,outputs/S06_B_polypgen_integrity_overlap_audit_v1_fix2__building/ambiguous_or_unpaired_members.csv,335272,327.41 KiB,3074,center|pair_stem|image_count|mask_count|image_members|mask_members,OK,0
PolypGen,outputs/S06_B_polypgen_integrity_overlap_audit_v1_fix2__building/archive_inventory.csv,3247964,3.10 MiB,25118,member|is_dir|suffix|compressed_size|uncompressed_size|crc32_metadata_only|single_frame_kind|center|detected_release_layout,OK,0
PolypGen,outputs/S06_B_polypgen_integrity_overlap_audit_v1_fix3/ambiguous_or_unpaired_members.csv,71,71.00 B,0,center|pair_stem|image_count|mask_count|image_members|mask_members,OK,0
PolypGen,outputs/S06_B_polypgen_integrity_overlap_audit_v1_fix3/archive_inventory.csv,3247964,3.10 MiB,25118,member|is_dir|suffix|compressed_size|uncompressed_size|crc32_metadata_only|single_frame_kind|center|detected_release_layout,OK,0
PolypGen,outputs/S06_B_polypgen_integrity_overlap_audit_v1_fix3/audit.json,1786,1.74 KiB,,script_version|build|protocol_sha256|archive_path|archive_sha256|archive_size_bytes|s01_manifest_sha256|existing_frozen_image_count|zip_metadata_audit|polypgen_single_frame_pair_count|center_pair_counts|detected_release_layout_member_counts|published_expected_single_frames|expected_center_pair_counts|center_counts_match_frozen_probe|pairing_rule|pairing_rule_metadata_only|exact_duplicate_external_samples|near_duplicate_hold_external_samples|eligible_pending_s06c_samples|polypgen_mask_bytes_opened|polypgen_masks_extracted|polypgen_mask_pixels_inspected|eligibility_used_mask_content|model_inference_performed|target_metrics_computed|decision,OK,0
PolypGen,outputs/S06_B_polypgen_integrity_overlap_audit_v1_fix3/exact_duplicate_matches.csv,152,152.00 B,0,polypgen_center|polypgen_pair_stem|polypgen_image_member|existing_sample_id|existing_dataset|existing_role|raw_byte_sha_match|decoded_rgb_sha_match,OK,0
PolypGen,outputs/S06_B_polypgen_integrity_overlap_audit_v1_fix3/near_duplicate_candidates.csv,187,187.00 B,0,polypgen_center|polypgen_pair_stem|polypgen_image_member|existing_sample_id|existing_dataset|existing_role|dhash_hamming|polypgen_width|polypgen_height|existing_width|existing_height,OK,0
PolypGen,outputs/S06_B_polypgen_integrity_overlap_audit_v1_fix3/polypgen_single_frame_image_fingerprints.csv,572809,559.38 KiB,1537,center|pair_stem|image_member|mask_member|image_member_uncompressed_size|mask_member_uncompressed_size|mask_member_crc32_metadata_only|raw_sha256|decoded_rgb_sha256|width|height|aspect_ratio|dhash64,OK,0
PolypGen,outputs/S06_B_polypgen_integrity_overlap_audit_v1_fix3/S06_polypgen_external_eligibility_manifest.csv,634164,619.30 KiB,1537,external_id|center|pair_stem|image_member|mask_member|image_width|image_height|image_raw_sha256|image_decoded_rgb_sha256|image_dhash64|exact_duplicate_status|exact_duplicate_hit_count|near_duplicate_candidate_count|eligibility|eligibility_uses_mask_content,OK,0
PolypGen,outputs/S06_B_polypgen_integrity_overlap_audit_v1_fix3/summary.txt,1573,1.54 KiB,,,OK,0
PolypGen,outputs/S06_E_polypgen_external_image_clustered_statistics_v1/external_clustered_bootstrap_summary.csv,1976,1.93 KiB,2,architecture|n_unique_images|n_seed_rows|bootstrap_resamples|bootstrap_seed|architecture_rng_seed|safe_minus_source_point|safe_minus_source_ci95_low|safe_minus_source_ci95_high|safe_minus_tent_point|safe_minus_tent_ci95_low|safe_minus_tent_ci95_high|harm_prevention_point|harm_prevention_ci95_low|harm_prevention_ci95_high|tent_harmful_fraction_point|tent_harmful_fraction_ci95_low|tent_harmful_fraction_ci95_high|safe_harmful_fraction_point|safe_harmful_fraction_ci95_low|safe_harmful_fraction_ci95_high|benefit_retention_point|benefit_retention_ci95_low|benefit_retention_ci95_high|tent_acceptance_point|tent_acceptance_ci95_low|tent_acceptance_ci95_high|oracle_gap_point|oracle_gap_ci95_low|oracle_gap_ci95_high|criterion_D_utility_lower_ci_gt_0|criterion_E_harm_prevention_lower_ci_ge_0_50|architecture_statistical_decision,OK,0
PolypGen,outputs/S06_E_polypgen_external_image_clustered_statistics_v1/external_cluster_level_wilcoxon_holm.csv,569,569.00 B,4,architecture|comparison|statistic|p_raw|cluster_mean_difference|cluster_median_difference|p_holm|holm_significant_0_05,OK,0
PolypGen,outputs/S06_E_polypgen_external_image_clustered_statistics_v1/S06_E_EXTERNAL_CLUSTERED_STATISTICS_LOCK.json,1200,1.17 KiB,,script_version|build|protocol_sha256|s06d_lock_sha256|per_image_evaluation_sha256|bootstrap_resamples|bootstrap_seed|resampling_unit|seeds_kept_within_cluster|bootstrap_stratified_by_center|center_counts|primary_summary_sha256|wilcoxon_holm_sha256|polypgen_driven_tuning|architecture_decisions|decision,OK,0
PolypGen,outputs/S06_E_polypgen_external_image_clustered_statistics_v1/summary.txt,2161,2.11 KiB,,,OK,0
Prostate158,release/SafeTTA_clean_test_v102/outputs/Q1X_CM4B_mri_source_prediction_conditioned_safety_grouped_oof_fix1_v1/CM4B_SOURCE_SAFETY_OOF_SCORES.csv,1454693,1.39 MiB,10659,family|fold|global_index|case_key|slice_index|harmful|neutral|beneficial|source_dice|tent1_dice|delta_dice|score_M2|score_CondDINO|score_Final,OK,0
PROMISE12,release/SafeTTA_clean_test_v102/outputs/Q1X_CM5B_unlabeled_support_aware_operating_point_transport_lock_fix2_v1/CM5B_UNLABELED_OPERATING_POINT_TRANSPORT_LOCK.json,5961,5.82 KiB,,status|decision|version|build|cm4b_lock_sha256|cm4c_lock_sha256|cm5a_lock_sha256|cm5a_helper_sha256|fix2_schema_correction|scientific_assumption|domain_ratio_estimator|support_gate|fixed_source_reference|naive_target_quantile_baseline|support_aware_transport|information_boundary|locked_cm6_evaluation_plan|artifacts|next_stage,OK,0
PROMISE12,release/SafeTTA_clean_test_v102/outputs/Q1X_CM7A_promise12_external_ranking_baseline_audit_fix2_v1/CM7A_PROMISE12_EXTERNAL_RANKING_BASELINE_AUDIT_LOCK.json,3973,3.88 KiB,,status|decision|version|build|scope|cm3_lock_sha256|cm4b_lock_sha256|cm4d_lock_sha256|cm5a_lock_sha256|cm6_lock_sha256|cm3_helper_sha256|cm4a_helper_sha256|cm4b_helper_sha256|cm5a_helper_sha256|methods|baseline_construction|statistics|interpretation_boundary|artifacts|next_stage,OK,0
PROMISE12,release/SafeTTA_clean_test_v102/outputs/Q1X_CM7B_promise12_matched_coverage_utility_audit_fix1_v1/CM7B_FULL_TARGET_MATCHED_RANDOMIZATION_SUMMARY.csv,711,711.00 B,3,metric|safettta|random_mean|random_ci95_low|random_ci95_high|safettta_minus_random_mean|delta_ci95_low|delta_ci95_high|one_sided_p_random_ge_safettta,OK,0
PROMISE12,release/SafeTTA_clean_test_v102/outputs/Q1X_CM7B_promise12_matched_coverage_utility_audit_fix1_v1/CM7B_PAIRED_PATIENT_BOOTSTRAP_REPLICATES.csv,363101,354.59 KiB,2000,rep|safe_prevented_harm_fraction|random_prevented_harm_fraction|delta_prevented_harm_fraction|safe_mean_slice_deployed_dice|random_mean_slice_deployed_dice|delta_mean_slice_deployed_dice|safe_mean_patient_3d_deployed_dice|random_mean_patient_3d_deployed_dice|delta_mean_patient_3d_deployed_dice,OK,0
PROMISE12,release/SafeTTA_clean_test_v102/outputs/Q1X_CM7B_promise12_matched_coverage_utility_audit_fix1_v1/CM7B_PAIRED_PATIENT_BOOTSTRAP_SUMMARY.csv,447,447.00 B,3,metric|bootstrap_reps|inner_random_draws_per_rep|mean_delta_safettta_minus_random|ci95_low|ci95_high|safettta_significantly_better_95ci,OK,0
PROMISE12,release/SafeTTA_clean_test_v102/outputs/Q1X_CM7B_promise12_matched_coverage_utility_audit_fix1_v1/CM7B_POINT_UTILITY_SUMMARY.json,1101,1.08 KiB,,SOURCE_ONLY|TENT_ALL|SAFETTA_FIXED_SOURCE_GATE|family_matched_coverage,OK,0
PROMISE12,release/SafeTTA_clean_test_v102/outputs/Q1X_CM7B_promise12_matched_coverage_utility_audit_fix1_v1/CM7B_PROMISE12_MATCHED_COVERAGE_UTILITY_AUDIT_LOCK.json,3937,3.84 KiB,,status|decision|version|build|scope|cm6_lock_sha256|cm7a_lock_sha256|frozen_policy|matched_random_baseline|point_results|interpretation_boundary|changes_after_gt|artifacts|next_stage,OK,0
NeoPolyp,release/SafeTTA_clean_test_v102/outputs/Q1_R05D1_neopolyp_acquisition_pairing_duplicate_qc_v1_fix2/frozen_confirmatory_manifest.csv,395130,385.87 KiB,1000,sample_id|image_path|gt_path|image_raw_sha256|image_rgb_pixel_sha256|eligible_confirmatory|exclusion_reason|gt_pixels_decoded,OK,0
PolypGen,release/SafeTTA_clean_test_v102/outputs/Q1_R10L1B_polypgen_unique_static_manifest_lock_fix3_v1/R10L1B_MANIFEST_LOCK.json,955,955.00 B,,decision|input_paired_rows|retained_unique_rows|retained_unique_rgb_hashes|prior_hash_columns_removed_before_lock|output_duplicate_column_labels|exact_duplicate_or_conflict_rows_excluded|conflicting_annotation_rows_excluded|redundant_same_rgb_same_gt_rows_excluded|unpaired_files_excluded|centers|neoPolyp_exact_rgb_duplicates|conflicting_gt_policy|model_inference_run|performance_evaluated|source_training_overlap_status|locked_manifest,OK,0
PolypGen,release/SafeTTA_clean_test_v102/outputs/Q1_R10L1B_polypgen_unique_static_manifest_lock_fix3_v1/R10L1B_POLYPGEN_UNIQUE_STATIC_MANIFEST.csv,756249,738.52 KiB,1532,external_case_id|center|sample_id|image_path|gt_path|image_sha256|gt_sha256|pair_key|readable|image_width|image_height|image_mode|gt_width|gt_height|gt_mode|same_size|error|exact_duplicate_of_neopolyp|duplicate_within_polypgen_static,OK,0
PolypGen,release/SafeTTA_clean_test_v102/outputs/Q1_R10L3A_polypgen_source_a1_prediction_lock_fix2_v1/model_case_prediction_manifest.csv,7359959,7.02 MiB,13788,sample_id|center|original_polypgen_sample_id|image_path|image_raw_sha256|model_family|model_state_id|training_seed|checkpoint_sha256|state_prediction_npz|state_index_csv|state_lock_json|state_row_index|source_foreground_pixels|a1_foreground_pixels|changed_pixels,OK,99
PolypGen,release/SafeTTA_clean_test_v102/outputs/Q1_R10L3A_polypgen_source_a1_prediction_lock_fix2_v1/R10L3A_POLYPGEN_SOURCE_A1_PREDICTION_LOCK.json,2465,2.41 KiB,,decision|script_version|build|r05d3_script_sha256|polypgen_manifest_sha256|polypgen_manifest_lock_sha256|independence_lock_sha256|checkpoint_recovery_sha256|target_dataset|target_component|target_cases|centers|model_states|model_case_rows|source_prediction_masks|a1_prediction_masks|all_model_cases_received_a1|mask_height|mask_width|packed_bytes_per_mask|bitorder|action|optimizer|learning_rate|weight_decay|steps|episodic_reset|target_gt_path_column_read|target_gt_pixels_decoded|target_outcomes_revealed|safety_estimator_read|safety_scores_generated|artifacts,OK,99
PolypGen,release/SafeTTA_clean_test_v102/outputs/Q1_R10L3B_polypgen_frozen_safety_score_lock_fix1_v1/R10L3B_FROZEN_POLYPGEN_SAFETY_SCORES.csv,6780292,6.47 MiB,13788,feature_row|sample_id|center|original_polypgen_sample_id|image_path|image_raw_sha256|model_family|model_state_id|training_seed|checkpoint_sha256|state_prediction_npz|state_row_index|morph_fg_fraction|morph_boundary_density|frozen_safety_probability|frozen_operating_threshold|frozen_risk_flag,OK,98
PolypGen,release/SafeTTA_clean_test_v102/outputs/Q1_R10L3B_polypgen_frozen_safety_score_lock_fix1_v1/R10L3B_POLYPGEN_FROZEN_SAFETY_SCORE_LOCK.json,4575,4.47 KiB,,status|decision|script_version|build|primary_method|target_dataset|target_component|target_cases|model_states|model_case_rows|representation|estimator|representation_sentinel|information_boundary|upstream_hashes|artifacts|post_score_rules,OK,98
SUNSEG,release/SafeTTA_clean_test_v102/outputs/Q1_R14B4B_sunseg_selected_rgb_contamination_audit_fix3_v1/R14B4B_FIX3_FINAL_CONFIRMATORY_MANIFEST.csv,545855,533.06 KiB,980,pair_key|dataset|visibility|clip_id|physical_case_id|frame_index|frame_member|gt_member|frame_size|gt_size|external_case_id|cluster_id|sampling_rank_within_case|sampling_hash|source_split_label|precontamination_status,OK,0
SUNSEG,release/SafeTTA_clean_test_v102/outputs/Q1_R14C2B_sunseg_frozen_safety_score_lock_preGT_fix1_v1/R14C2B_FROZEN_SUNSEG_SAFETY_SCORES.csv,5420704,5.17 MiB,8820,feature_row|sample_id|external_case_id|cluster_id|clip_id|source_split_label|frame_member|image_raw_sha256|model_family|model_state_id|training_seed|checkpoint_sha256|state_prediction_npz_relpath|state_row_index|morph_fg_fraction|morph_boundary_density|frozen_safety_probability|frozen_operating_threshold|frozen_risk_flag,OK,99
SUNSEG,release/SafeTTA_clean_test_v102/outputs/Q1_R14C2B_sunseg_frozen_safety_score_lock_preGT_fix1_v1/R14C2B_SUNSEG_FROZEN_SAFETY_SCORE_LOCK.json,6114,5.97 KiB,,status|decision|script_version|build|primary_method|target_dataset|target_component|target_frames|physical_cases|model_states|model_frame_rows|representation|estimator|representation_sentinel|source_mask_decode_audit|rgb_cache|information_boundary|upstream_hashes|artifacts|post_score_rules|next_stage,OK,99
PolypGen,release/SafeTTA_clean_test_v102/outputs/Q1_SAFETTA_public_paper_stat_replay_v3/DIRECT_POLYPGEN/POLYPGEN_DIRECT_RECOMPUTE.json,1655,1.62 KiB,,status|mode|panel|panel_sha256|rows|family_column|score_column|delta_column|harm_rule|macro_auroc|macro_auprc|family_aurocs|family_auprcs|results|boundary,OK,0
Prostate158,release/public_v1_fix4/SafeTTA_public_repro_v1/outputs/Q1X_CM4B_mri_source_prediction_conditioned_safety_grouped_oof_fix1_v1/CM4B_SOURCE_SAFETY_OOF_SCORES.csv,1454693,1.39 MiB,10659,family|fold|global_index|case_key|slice_index|harmful|neutral|beneficial|source_dice|tent1_dice|delta_dice|score_M2|score_CondDINO|score_Final,OK,0
PROMISE12,release/public_v1_fix4/SafeTTA_public_repro_v1/outputs/Q1X_CM5B_unlabeled_support_aware_operating_point_transport_lock_fix2_v1/CM5B_UNLABELED_OPERATING_POINT_TRANSPORT_LOCK.json,5961,5.82 KiB,,status|decision|version|build|cm4b_lock_sha256|cm4c_lock_sha256|cm5a_lock_sha256|cm5a_helper_sha256|fix2_schema_correction|scientific_assumption|domain_ratio_estimator|support_gate|fixed_source_reference|naive_target_quantile_baseline|support_aware_transport|information_boundary|locked_cm6_evaluation_plan|artifacts|next_stage,OK,0
PROMISE12,release/public_v1_fix4/SafeTTA_public_repro_v1/outputs/Q1X_CM7A_promise12_external_ranking_baseline_audit_fix2_v1/CM7A_PROMISE12_EXTERNAL_RANKING_BASELINE_AUDIT_LOCK.json,3973,3.88 KiB,,status|decision|version|build|scope|cm3_lock_sha256|cm4b_lock_sha256|cm4d_lock_sha256|cm5a_lock_sha256|cm6_lock_sha256|cm3_helper_sha256|cm4a_helper_sha256|cm4b_helper_sha256|cm5a_helper_sha256|methods|baseline_construction|statistics|interpretation_boundary|artifacts|next_stage,OK,0
PROMISE12,release/public_v1_fix4/SafeTTA_public_repro_v1/outputs/Q1X_CM7B_promise12_matched_coverage_utility_audit_fix1_v1/CM7B_FULL_TARGET_MATCHED_RANDOMIZATION_SUMMARY.csv,711,711.00 B,3,metric|safettta|random_mean|random_ci95_low|random_ci95_high|safettta_minus_random_mean|delta_ci95_low|delta_ci95_high|one_sided_p_random_ge_safettta,OK,0
PROMISE12,release/public_v1_fix4/SafeTTA_public_repro_v1/outputs/Q1X_CM7B_promise12_matched_coverage_utility_audit_fix1_v1/CM7B_PAIRED_PATIENT_BOOTSTRAP_REPLICATES.csv,363101,354.59 KiB,2000,rep|safe_prevented_harm_fraction|random_prevented_harm_fraction|delta_prevented_harm_fraction|safe_mean_slice_deployed_dice|random_mean_slice_deployed_dice|delta_mean_slice_deployed_dice|safe_mean_patient_3d_deployed_dice|random_mean_patient_3d_deployed_dice|delta_mean_patient_3d_deployed_dice,OK,0
PROMISE12,release/public_v1_fix4/SafeTTA_public_repro_v1/outputs/Q1X_CM7B_promise12_matched_coverage_utility_audit_fix1_v1/CM7B_PAIRED_PATIENT_BOOTSTRAP_SUMMARY.csv,447,447.00 B,3,metric|bootstrap_reps|inner_random_draws_per_rep|mean_delta_safettta_minus_random|ci95_low|ci95_high|safettta_significantly_better_95ci,OK,0
PROMISE12,release/public_v1_fix4/SafeTTA_public_repro_v1/outputs/Q1X_CM7B_promise12_matched_coverage_utility_audit_fix1_v1/CM7B_POINT_UTILITY_SUMMARY.json,1101,1.08 KiB,,SOURCE_ONLY|TENT_ALL|SAFETTA_FIXED_SOURCE_GATE|family_matched_coverage,OK,0
PROMISE12,release/public_v1_fix4/SafeTTA_public_repro_v1/outputs/Q1X_CM7B_promise12_matched_coverage_utility_audit_fix1_v1/CM7B_PROMISE12_MATCHED_COVERAGE_UTILITY_AUDIT_LOCK.json,3937,3.84 KiB,,status|decision|version|build|scope|cm6_lock_sha256|cm7a_lock_sha256|frozen_policy|matched_random_baseline|point_results|interpretation_boundary|changes_after_gt|artifacts|next_stage,OK,0
NeoPolyp,release/public_v1_fix4/SafeTTA_public_repro_v1/outputs/Q1_R05D1_neopolyp_acquisition_pairing_duplicate_qc_v1_fix2/frozen_confirmatory_manifest.csv,395130,385.87 KiB,1000,sample_id|image_path|gt_path|image_raw_sha256|image_rgb_pixel_sha256|eligible_confirmatory|exclusion_reason|gt_pixels_decoded,OK,0
PolypGen,release/public_v1_fix4/SafeTTA_public_repro_v1/outputs/Q1_R10L1B_polypgen_unique_static_manifest_lock_fix3_v1/R10L1B_MANIFEST_LOCK.json,955,955.00 B,,decision|input_paired_rows|retained_unique_rows|retained_unique_rgb_hashes|prior_hash_columns_removed_before_lock|output_duplicate_column_labels|exact_duplicate_or_conflict_rows_excluded|conflicting_annotation_rows_excluded|redundant_same_rgb_same_gt_rows_excluded|unpaired_files_excluded|centers|neoPolyp_exact_rgb_duplicates|conflicting_gt_policy|model_inference_run|performance_evaluated|source_training_overlap_status|locked_manifest,OK,0
PolypGen,release/public_v1_fix4/SafeTTA_public_repro_v1/outputs/Q1_R10L1B_polypgen_unique_static_manifest_lock_fix3_v1/R10L1B_POLYPGEN_UNIQUE_STATIC_MANIFEST.csv,756249,738.52 KiB,1532,external_case_id|center|sample_id|image_path|gt_path|image_sha256|gt_sha256|pair_key|readable|image_width|image_height|image_mode|gt_width|gt_height|gt_mode|same_size|error|exact_duplicate_of_neopolyp|duplicate_within_polypgen_static,OK,0
PolypGen,release/public_v1_fix4/SafeTTA_public_repro_v1/outputs/Q1_R10L3A_polypgen_source_a1_prediction_lock_fix2_v1/model_case_prediction_manifest.csv,7359959,7.02 MiB,13788,sample_id|center|original_polypgen_sample_id|image_path|image_raw_sha256|model_family|model_state_id|training_seed|checkpoint_sha256|state_prediction_npz|state_index_csv|state_lock_json|state_row_index|source_foreground_pixels|a1_foreground_pixels|changed_pixels,OK,99
PolypGen,release/public_v1_fix4/SafeTTA_public_repro_v1/outputs/Q1_R10L3A_polypgen_source_a1_prediction_lock_fix2_v1/R10L3A_POLYPGEN_SOURCE_A1_PREDICTION_LOCK.json,2465,2.41 KiB,,decision|script_version|build|r05d3_script_sha256|polypgen_manifest_sha256|polypgen_manifest_lock_sha256|independence_lock_sha256|checkpoint_recovery_sha256|target_dataset|target_component|target_cases|centers|model_states|model_case_rows|source_prediction_masks|a1_prediction_masks|all_model_cases_received_a1|mask_height|mask_width|packed_bytes_per_mask|bitorder|action|optimizer|learning_rate|weight_decay|steps|episodic_reset|target_gt_path_column_read|target_gt_pixels_decoded|target_outcomes_revealed|safety_estimator_read|safety_scores_generated|artifacts,OK,99
PolypGen,release/public_v1_fix4/SafeTTA_public_repro_v1/outputs/Q1_R10L3B_polypgen_frozen_safety_score_lock_fix1_v1/R10L3B_FROZEN_POLYPGEN_SAFETY_SCORES.csv,6780292,6.47 MiB,13788,feature_row|sample_id|center|original_polypgen_sample_id|image_path|image_raw_sha256|model_family|model_state_id|training_seed|checkpoint_sha256|state_prediction_npz|state_row_index|morph_fg_fraction|morph_boundary_density|frozen_safety_probability|frozen_operating_threshold|frozen_risk_flag,OK,98
PolypGen,release/public_v1_fix4/SafeTTA_public_repro_v1/outputs/Q1_R10L3B_polypgen_frozen_safety_score_lock_fix1_v1/R10L3B_POLYPGEN_FROZEN_SAFETY_SCORE_LOCK.json,4575,4.47 KiB,,status|decision|script_version|build|primary_method|target_dataset|target_component|target_cases|model_states|model_case_rows|representation|estimator|representation_sentinel|information_boundary|upstream_hashes|artifacts|post_score_rules,OK,98
SUNSEG,release/public_v1_fix4/SafeTTA_public_repro_v1/outputs/Q1_R14B4B_sunseg_selected_rgb_contamination_audit_fix3_v1/R14B4B_FIX3_FINAL_CONFIRMATORY_MANIFEST.csv,545855,533.06 KiB,980,pair_key|dataset|visibility|clip_id|physical_case_id|frame_index|frame_member|gt_member|frame_size|gt_size|external_case_id|cluster_id|sampling_rank_within_case|sampling_hash|source_split_label|precontamination_status,OK,0
SUNSEG,release/public_v1_fix4/SafeTTA_public_repro_v1/outputs/Q1_R14C2B_sunseg_frozen_safety_score_lock_preGT_fix1_v1/R14C2B_FROZEN_SUNSEG_SAFETY_SCORES.csv,5420704,5.17 MiB,8820,feature_row|sample_id|external_case_id|cluster_id|clip_id|source_split_label|frame_member|image_raw_sha256|model_family|model_state_id|training_seed|checkpoint_sha256|state_prediction_npz_relpath|state_row_index|morph_fg_fraction|morph_boundary_density|frozen_safety_probability|frozen_operating_threshold|frozen_risk_flag,OK,99
SUNSEG,release/public_v1_fix4/SafeTTA_public_repro_v1/outputs/Q1_R14C2B_sunseg_frozen_safety_score_lock_preGT_fix1_v1/R14C2B_SUNSEG_FROZEN_SAFETY_SCORE_LOCK.json,6114,5.97 KiB,,status|decision|script_version|build|primary_method|target_dataset|target_component|target_frames|physical_cases|model_states|model_frame_rows|representation|estimator|representation_sentinel|source_mask_decode_audit|rgb_cache|information_boundary|upstream_hashes|artifacts|post_score_rules|next_stage,OK,99
Prostate158,release/public_v1_fix4/_relocated_smoke_workspace/outputs/Q1X_CM4B_mri_source_prediction_conditioned_safety_grouped_oof_fix1_v1/CM4B_SOURCE_SAFETY_OOF_SCORES.csv,1454693,1.39 MiB,10659,family|fold|global_index|case_key|slice_index|harmful|neutral|beneficial|source_dice|tent1_dice|delta_dice|score_M2|score_CondDINO|score_Final,OK,0
PROMISE12,release/public_v1_fix4/_relocated_smoke_workspace/outputs/Q1X_CM5B_unlabeled_support_aware_operating_point_transport_lock_fix2_v1/CM5B_UNLABELED_OPERATING_POINT_TRANSPORT_LOCK.json,5961,5.82 KiB,,status|decision|version|build|cm4b_lock_sha256|cm4c_lock_sha256|cm5a_lock_sha256|cm5a_helper_sha256|fix2_schema_correction|scientific_assumption|domain_ratio_estimator|support_gate|fixed_source_reference|naive_target_quantile_baseline|support_aware_transport|information_boundary|locked_cm6_evaluation_plan|artifacts|next_stage,OK,0
PROMISE12,release/public_v1_fix4/_relocated_smoke_workspace/outputs/Q1X_CM7A_promise12_external_ranking_baseline_audit_fix2_v1/CM7A_PROMISE12_EXTERNAL_RANKING_BASELINE_AUDIT_LOCK.json,3973,3.88 KiB,,status|decision|version|build|scope|cm3_lock_sha256|cm4b_lock_sha256|cm4d_lock_sha256|cm5a_lock_sha256|cm6_lock_sha256|cm3_helper_sha256|cm4a_helper_sha256|cm4b_helper_sha256|cm5a_helper_sha256|methods|baseline_construction|statistics|interpretation_boundary|artifacts|next_stage,OK,0
PROMISE12,release/public_v1_fix4/_relocated_smoke_workspace/outputs/Q1X_CM7B_promise12_matched_coverage_utility_audit_fix1_v1/CM7B_FULL_TARGET_MATCHED_RANDOMIZATION_SUMMARY.csv,711,711.00 B,3,metric|safettta|random_mean|random_ci95_low|random_ci95_high|safettta_minus_random_mean|delta_ci95_low|delta_ci95_high|one_sided_p_random_ge_safettta,OK,0
PROMISE12,release/public_v1_fix4/_relocated_smoke_workspace/outputs/Q1X_CM7B_promise12_matched_coverage_utility_audit_fix1_v1/CM7B_PAIRED_PATIENT_BOOTSTRAP_REPLICATES.csv,363101,354.59 KiB,2000,rep|safe_prevented_harm_fraction|random_prevented_harm_fraction|delta_prevented_harm_fraction|safe_mean_slice_deployed_dice|random_mean_slice_deployed_dice|delta_mean_slice_deployed_dice|safe_mean_patient_3d_deployed_dice|random_mean_patient_3d_deployed_dice|delta_mean_patient_3d_deployed_dice,OK,0
PROMISE12,release/public_v1_fix4/_relocated_smoke_workspace/outputs/Q1X_CM7B_promise12_matched_coverage_utility_audit_fix1_v1/CM7B_PAIRED_PATIENT_BOOTSTRAP_SUMMARY.csv,447,447.00 B,3,metric|bootstrap_reps|inner_random_draws_per_rep|mean_delta_safettta_minus_random|ci95_low|ci95_high|safettta_significantly_better_95ci,OK,0
PROMISE12,release/public_v1_fix4/_relocated_smoke_workspace/outputs/Q1X_CM7B_promise12_matched_coverage_utility_audit_fix1_v1/CM7B_POINT_UTILITY_SUMMARY.json,1101,1.08 KiB,,SOURCE_ONLY|TENT_ALL|SAFETTA_FIXED_SOURCE_GATE|family_matched_coverage,OK,0
PROMISE12,release/public_v1_fix4/_relocated_smoke_workspace/outputs/Q1X_CM7B_promise12_matched_coverage_utility_audit_fix1_v1/CM7B_PROMISE12_MATCHED_COVERAGE_UTILITY_AUDIT_LOCK.json,3937,3.84 KiB,,status|decision|version|build|scope|cm6_lock_sha256|cm7a_lock_sha256|frozen_policy|matched_random_baseline|point_results|interpretation_boundary|changes_after_gt|artifacts|next_stage,OK,0
NeoPolyp,release/public_v1_fix4/_relocated_smoke_workspace/outputs/Q1_R05D1_neopolyp_acquisition_pairing_duplicate_qc_v1_fix2/frozen_confirmatory_manifest.csv,395130,385.87 KiB,1000,sample_id|image_path|gt_path|image_raw_sha256|image_rgb_pixel_sha256|eligible_confirmatory|exclusion_reason|gt_pixels_decoded,OK,0
PolypGen,release/public_v1_fix4/_relocated_smoke_workspace/outputs/Q1_R10L1B_polypgen_unique_static_manifest_lock_fix3_v1/R10L1B_MANIFEST_LOCK.json,955,955.00 B,,decision|input_paired_rows|retained_unique_rows|retained_unique_rgb_hashes|prior_hash_columns_removed_before_lock|output_duplicate_column_labels|exact_duplicate_or_conflict_rows_excluded|conflicting_annotation_rows_excluded|redundant_same_rgb_same_gt_rows_excluded|unpaired_files_excluded|centers|neoPolyp_exact_rgb_duplicates|conflicting_gt_policy|model_inference_run|performance_evaluated|source_training_overlap_status|locked_manifest,OK,0
PolypGen,release/public_v1_fix4/_relocated_smoke_workspace/outputs/Q1_R10L1B_polypgen_unique_static_manifest_lock_fix3_v1/R10L1B_POLYPGEN_UNIQUE_STATIC_MANIFEST.csv,756249,738.52 KiB,1532,external_case_id|center|sample_id|image_path|gt_path|image_sha256|gt_sha256|pair_key|readable|image_width|image_height|image_mode|gt_width|gt_height|gt_mode|same_size|error|exact_duplicate_of_neopolyp|duplicate_within_polypgen_static,OK,0
PolypGen,release/public_v1_fix4/_relocated_smoke_workspace/outputs/Q1_R10L3A_polypgen_source_a1_prediction_lock_fix2_v1/model_case_prediction_manifest.csv,7359959,7.02 MiB,13788,sample_id|center|original_polypgen_sample_id|image_path|image_raw_sha256|model_family|model_state_id|training_seed|checkpoint_sha256|state_prediction_npz|state_index_csv|state_lock_json|state_row_index|source_foreground_pixels|a1_foreground_pixels|changed_pixels,OK,99
PolypGen,release/public_v1_fix4/_relocated_smoke_workspace/outputs/Q1_R10L3A_polypgen_source_a1_prediction_lock_fix2_v1/R10L3A_POLYPGEN_SOURCE_A1_PREDICTION_LOCK.json,2465,2.41 KiB,,decision|script_version|build|r05d3_script_sha256|polypgen_manifest_sha256|polypgen_manifest_lock_sha256|independence_lock_sha256|checkpoint_recovery_sha256|target_dataset|target_component|target_cases|centers|model_states|model_case_rows|source_prediction_masks|a1_prediction_masks|all_model_cases_received_a1|mask_height|mask_width|packed_bytes_per_mask|bitorder|action|optimizer|learning_rate|weight_decay|steps|episodic_reset|target_gt_path_column_read|target_gt_pixels_decoded|target_outcomes_revealed|safety_estimator_read|safety_scores_generated|artifacts,OK,99
PolypGen,release/public_v1_fix4/_relocated_smoke_workspace/outputs/Q1_R10L3B_polypgen_frozen_safety_score_lock_fix1_v1/R10L3B_FROZEN_POLYPGEN_SAFETY_SCORES.csv,6780292,6.47 MiB,13788,feature_row|sample_id|center|original_polypgen_sample_id|image_path|image_raw_sha256|model_family|model_state_id|training_seed|checkpoint_sha256|state_prediction_npz|state_row_index|morph_fg_fraction|morph_boundary_density|frozen_safety_probability|frozen_operating_threshold|frozen_risk_flag,OK,98
PolypGen,release/public_v1_fix4/_relocated_smoke_workspace/outputs/Q1_R10L3B_polypgen_frozen_safety_score_lock_fix1_v1/R10L3B_POLYPGEN_FROZEN_SAFETY_SCORE_LOCK.json,4575,4.47 KiB,,status|decision|script_version|build|primary_method|target_dataset|target_component|target_cases|model_states|model_case_rows|representation|estimator|representation_sentinel|information_boundary|upstream_hashes|artifacts|post_score_rules,OK,98
SUNSEG,release/public_v1_fix4/_relocated_smoke_workspace/outputs/Q1_R14B4B_sunseg_selected_rgb_contamination_audit_fix3_v1/R14B4B_FIX3_FINAL_CONFIRMATORY_MANIFEST.csv,545855,533.06 KiB,980,pair_key|dataset|visibility|clip_id|physical_case_id|frame_index|frame_member|gt_member|frame_size|gt_size|external_case_id|cluster_id|sampling_rank_within_case|sampling_hash|source_split_label|precontamination_status,OK,0
SUNSEG,release/public_v1_fix4/_relocated_smoke_workspace/outputs/Q1_R14C2B_sunseg_frozen_safety_score_lock_preGT_fix1_v1/R14C2B_FROZEN_SUNSEG_SAFETY_SCORES.csv,5420704,5.17 MiB,8820,feature_row|sample_id|external_case_id|cluster_id|clip_id|source_split_label|frame_member|image_raw_sha256|model_family|model_state_id|training_seed|checkpoint_sha256|state_prediction_npz_relpath|state_row_index|morph_fg_fraction|morph_boundary_density|frozen_safety_probability|frozen_operating_threshold|frozen_risk_flag,OK,99
SUNSEG,release/public_v1_fix4/_relocated_smoke_workspace/outputs/Q1_R14C2B_sunseg_frozen_safety_score_lock_preGT_fix1_v1/R14C2B_SUNSEG_FROZEN_SAFETY_SCORE_LOCK.json,6114,5.97 KiB,,status|decision|script_version|build|primary_method|target_dataset|target_component|target_frames|physical_cases|model_states|model_frame_rows|representation|estimator|representation_sentinel|source_mask_decode_audit|rgb_cache|information_boundary|upstream_hashes|artifacts|post_score_rules|next_stage,OK,99
PolypGen,release/public_v1_fix4/_relocated_smoke_workspace/outputs/Q1_SAFETTA_public_paper_stat_replay_v3/DIRECT_POLYPGEN/POLYPGEN_DIRECT_RECOMPUTE.json,1674,1.63 KiB,,status|mode|panel|panel_sha256|rows|family_column|score_column|delta_column|harm_rule|macro_auroc|macro_auprc|family_aurocs|family_auprcs|results|boundary,OK,0
PROMISE12,release/SafeTTA_repro_release_candidate_v1/project_artifacts/outputs/Q1X_CM2A_prostate158_official_manifest_t2_resolver_and_slice_preflight_fix3_v1/CM2A_PROMISE12_IMAGE_ONLY_PATIENT_MANIFEST.csv,11159,10.90 KiB,50,patient_id|case_id|image_mhd|image_raw|dim_x|dim_y|dim_z|element_type|element_spacing,OK,0
Prostate158,release/SafeTTA_repro_release_candidate_v1/project_artifacts/outputs/Q1X_CM2A_prostate158_official_manifest_t2_resolver_and_slice_preflight_fix3_v1/CM2A_PROMISE12_IMAGE_ONLY_PATIENT_MANIFEST.csv,11159,10.90 KiB,50,patient_id|case_id|image_mhd|image_raw|dim_x|dim_y|dim_z|element_type|element_spacing,OK,0
PROMISE12,release/SafeTTA_repro_release_candidate_v1/project_artifacts/outputs/Q1X_CM2A_prostate158_official_manifest_t2_resolver_and_slice_preflight_fix3_v1/CM2A_PROMISE12_IMAGE_ONLY_SLICE_MANIFEST.csv,304886,297.74 KiB,1377,sample_id|patient_id|case_id|slice_axis|slice_index|image_mhd|image_raw|dim_x|dim_y|dim_z|gt_used_for_manifest,OK,0
Prostate158,release/SafeTTA_repro_release_candidate_v1/project_artifacts/outputs/Q1X_CM2A_prostate158_official_manifest_t2_resolver_and_slice_preflight_fix3_v1/CM2A_PROMISE12_IMAGE_ONLY_SLICE_MANIFEST.csv,304886,297.74 KiB,1377,sample_id|patient_id|case_id|slice_axis|slice_index|image_mhd|image_raw|dim_x|dim_y|dim_z|gt_used_for_manifest,OK,0
Prostate158,release/SafeTTA_repro_release_candidate_v1/project_artifacts/outputs/Q1X_CM2A_prostate158_official_manifest_t2_resolver_and_slice_preflight_fix3_v1/CM2A_PROSTATE158_OFFICIAL_T2_CASE_MANIFEST.csv,40666,39.71 KiB,139,case_key|official_split|t2_path|annotation_path|shape_x|shape_y|shape_z|slice_axis|n_slices|n_source_gt_positive_slices|n_source_gt_empty_slices|whole_gland_rule,OK,0
Prostate158,release/SafeTTA_repro_release_candidate_v1/project_artifacts/outputs/Q1X_CM2A_prostate158_official_manifest_t2_resolver_and_slice_preflight_fix3_v1/CM2A_PROSTATE_MRI_SAMPLE_UNIT_LOCK.json,2998,2.93 KiB,,status|decision|version|build|cm1_lock_sha256|fix3_reason|source|external|information_boundary|artifacts|next_stage,OK,0
PROMISE12,release/SafeTTA_repro_release_candidate_v1/project_artifacts/outputs/Q1X_CM2B_prostate_mri_preprocessing_and_model_protocol_lock_fix1_v1/CM2B_PROMISE12_IMAGE_ONLY_HEADER_AUDIT.csv,3442,3.36 KiB,50,patient_id|spacing_x|spacing_y|spacing_z|dim_x|dim_y|dim_z|element_type|gt_header_opened|gt_raw_opened,OK,0
Prostate158,release/SafeTTA_repro_release_candidate_v1/project_artifacts/outputs/Q1X_CM3_source_oof_segmentation_training_and_prediction_lock_fix3_v1/CM3_BATCH8_MODEL_PREFLIGHT.json,1259,1.23 KiB,,status|version|batch_size|input_size|device|gpu|families|segformer_encoder|promises12_gt_access,OK,100
Prostate158,release/SafeTTA_repro_release_candidate_v1/project_artifacts/outputs/Q1X_CM3_source_oof_segmentation_training_and_prediction_lock_fix3_v1/CM3_DeepLabV3_R50_FOLD_SUMMARY.csv,424,424.00 B,5,family|fold|best_epoch|best_mean_patient_dice|val_patient_count|val_slice_count|params|trainable_params,OK,100
Prostate158,release/SafeTTA_repro_release_candidate_v1/project_artifacts/outputs/Q1X_CM3_source_oof_segmentation_training_and_prediction_lock_fix3_v1/CM3_SegFormer_B0_FOLD_SUMMARY.csv,410,410.00 B,5,family|fold|best_epoch|best_mean_patient_dice|val_patient_count|val_slice_count|params|trainable_params,OK,100
Prostate158,release/SafeTTA_repro_release_candidate_v1/project_artifacts/outputs/Q1X_CM3_source_oof_segmentation_training_and_prediction_lock_fix3_v1/CM3_SOURCE_OOF_MODEL_PANEL_SUMMARY.csv,290,290.00 B,3,family|mean_fold_patient_dice|std_fold_patient_dice|best_epochs,OK,100
Prostate158,release/SafeTTA_repro_release_candidate_v1/project_artifacts/outputs/Q1X_CM3_source_oof_segmentation_training_and_prediction_lock_fix3_v1/CM3_SOURCE_OOF_SEGMENTATION_PANEL_LOCK.json,5066,4.95 KiB,,status|decision|version|build|cm2b_lock_sha256|source_patient_count|source_slice_count|fold_count|families|batch_size|max_epochs|target_spacing_mm|promises12_gt_access|segformer_encoder_lock|tta|safety_model_fitting|family_oof_artifacts|panel_summary|panel_summary_sha256|source_cache_meta|source_cache_meta_sha256|batch8_preflight|batch8_preflight_sha256|next_stage,OK,100
Prostate158,release/SafeTTA_repro_release_candidate_v1/project_artifacts/outputs/Q1X_CM3_source_oof_segmentation_training_and_prediction_lock_fix3_v1/CM3_UNet_FOLD_SUMMARY.csv,366,366.00 B,5,family|fold|best_epoch|best_mean_patient_dice|val_patient_count|val_slice_count|params|trainable_params,OK,100
Prostate158,release/SafeTTA_repro_release_candidate_v1/project_artifacts/outputs/Q1X_CM3_source_oof_segmentation_training_and_prediction_lock_fix3_v1/models/DeepLabV3_R50/fold0/best_oof_index.csv,14630,14.29 KiB,719,global_index|case_key|fold|slice_index,OK,100
Prostate158,release/SafeTTA_repro_release_candidate_v1/project_artifacts/outputs/Q1X_CM3_source_oof_segmentation_training_and_prediction_lock_fix3_v1/models/DeepLabV3_R50/fold0/best_patient_metrics.csv,1348,1.32 KiB,28,case_key|dice_3d|tp|fp|fn,OK,100
Prostate158,release/SafeTTA_repro_release_candidate_v1/project_artifacts/outputs/Q1X_CM3_source_oof_segmentation_training_and_prediction_lock_fix3_v1/models/DeepLabV3_R50/fold0/COMPLETE.json,1624,1.59 KiB,,status|version|family|fold|seed|best_epoch|best_mean_patient_dice|val_patient_count|val_slice_count|params|trainable_params|best_checkpoint|best_checkpoint_sha256|oof_prob|oof_prob_sha256|oof_mask|oof_mask_sha256|oof_index|oof_index_sha256|patient_metrics|patient_metrics_sha256,OK,100
Prostate158,release/SafeTTA_repro_release_candidate_v1/project_artifacts/outputs/Q1X_CM3_source_oof_segmentation_training_and_prediction_lock_fix3_v1/models/DeepLabV3_R50/fold0/history.csv,2235,2.18 KiB,26,epoch|train_loss|val_loss|val_mean_patient_dice|best_mean_patient_dice|bad_epochs,OK,100
Prostate158,release/SafeTTA_repro_release_candidate_v1/project_artifacts/outputs/Q1X_CM3_source_oof_segmentation_training_and_prediction_lock_fix3_v1/models/DeepLabV3_R50/fold1/best_oof_index.csv,14608,14.27 KiB,717,global_index|case_key|fold|slice_index,OK,100
Prostate158,release/SafeTTA_repro_release_candidate_v1/project_artifacts/outputs/Q1X_CM3_source_oof_segmentation_training_and_prediction_lock_fix3_v1/models/DeepLabV3_R50/fold1/best_patient_metrics.csv,1348,1.32 KiB,28,case_key|dice_3d|tp|fp|fn,OK,100
Prostate158,release/SafeTTA_repro_release_candidate_v1/project_artifacts/outputs/Q1X_CM3_source_oof_segmentation_training_and_prediction_lock_fix3_v1/models/DeepLabV3_R50/fold1/COMPLETE.json,1624,1.59 KiB,,status|version|family|fold|seed|best_epoch|best_mean_patient_dice|val_patient_count|val_slice_count|params|trainable_params|best_checkpoint|best_checkpoint_sha256|oof_prob|oof_prob_sha256|oof_mask|oof_mask_sha256|oof_index|oof_index_sha256|patient_metrics|patient_metrics_sha256,OK,100
Prostate158,release/SafeTTA_repro_release_candidate_v1/project_artifacts/outputs/Q1X_CM3_source_oof_segmentation_training_and_prediction_lock_fix3_v1/models/DeepLabV3_R50/fold1/history.csv,3715,3.63 KiB,44,epoch|train_loss|val_loss|val_mean_patient_dice|best_mean_patient_dice|bad_epochs,OK,100
Prostate158,release/SafeTTA_repro_release_candidate_v1/project_artifacts/outputs/Q1X_CM3_source_oof_segmentation_training_and_prediction_lock_fix3_v1/models/DeepLabV3_R50/fold2/best_oof_index.csv,14783,14.44 KiB,723,global_index|case_key|fold|slice_index,OK,100
Prostate158,release/SafeTTA_repro_release_candidate_v1/project_artifacts/outputs/Q1X_CM3_source_oof_segmentation_training_and_prediction_lock_fix3_v1/models/DeepLabV3_R50/fold2/best_patient_metrics.csv,1346,1.31 KiB,28,case_key|dice_3d|tp|fp|fn,OK,100
Prostate158,release/SafeTTA_repro_release_candidate_v1/project_artifacts/outputs/Q1X_CM3_source_oof_segmentation_training_and_prediction_lock_fix3_v1/models/DeepLabV3_R50/fold2/COMPLETE.json,1624,1.59 KiB,,status|version|family|fold|seed|best_epoch|best_mean_patient_dice|val_patient_count|val_slice_count|params|trainable_params|best_checkpoint|best_checkpoint_sha256|oof_prob|oof_prob_sha256|oof_mask|oof_mask_sha256|oof_index|oof_index_sha256|patient_metrics|patient_metrics_sha256,OK,100
Prostate158,release/SafeTTA_repro_release_candidate_v1/project_artifacts/outputs/Q1X_CM3_source_oof_segmentation_training_and_prediction_lock_fix3_v1/models/DeepLabV3_R50/fold2/history.csv,3559,3.48 KiB,42,epoch|train_loss|val_loss|val_mean_patient_dice|best_mean_patient_dice|bad_epochs,OK,100
Prostate158,release/SafeTTA_repro_release_candidate_v1/project_artifacts/outputs/Q1X_CM3_source_oof_segmentation_training_and_prediction_lock_fix3_v1/models/DeepLabV3_R50/fold3/best_oof_index.csv,14426,14.09 KiB,709,global_index|case_key|fold|slice_index,OK,100
Prostate158,release/SafeTTA_repro_release_candidate_v1/project_artifacts/outputs/Q1X_CM3_source_oof_segmentation_training_and_prediction_lock_fix3_v1/models/DeepLabV3_R50/fold3/best_patient_metrics.csv,1343,1.31 KiB,28,case_key|dice_3d|tp|fp|fn,OK,100
Prostate158,release/SafeTTA_repro_release_candidate_v1/project_artifacts/outputs/Q1X_CM3_source_oof_segmentation_training_and_prediction_lock_fix3_v1/models/DeepLabV3_R50/fold3/COMPLETE.json,1624,1.59 KiB,,status|version|family|fold|seed|best_epoch|best_mean_patient_dice|val_patient_count|val_slice_count|params|trainable_params|best_checkpoint|best_checkpoint_sha256|oof_prob|oof_prob_sha256|oof_mask|oof_mask_sha256|oof_index|oof_index_sha256|patient_metrics|patient_metrics_sha256,OK,100
Prostate158,release/SafeTTA_repro_release_candidate_v1/project_artifacts/outputs/Q1X_CM3_source_oof_segmentation_training_and_prediction_lock_fix3_v1/models/DeepLabV3_R50/fold3/history.csv,2891,2.82 KiB,34,epoch|train_loss|val_loss|val_mean_patient_dice|best_mean_patient_dice|bad_epochs,OK,100
Prostate158,release/SafeTTA_repro_release_candidate_v1/project_artifacts/outputs/Q1X_CM3_source_oof_segmentation_training_and_prediction_lock_fix3_v1/models/DeepLabV3_R50/fold4/best_oof_index.csv,13866,13.54 KiB,685,global_index|case_key|fold|slice_index,OK,100
Prostate158,release/SafeTTA_repro_release_candidate_v1/project_artifacts/outputs/Q1X_CM3_source_oof_segmentation_training_and_prediction_lock_fix3_v1/models/DeepLabV3_R50/fold4/best_patient_metrics.csv,1298,1.27 KiB,27,case_key|dice_3d|tp|fp|fn,OK,100
Prostate158,release/SafeTTA_repro_release_candidate_v1/project_artifacts/outputs/Q1X_CM3_source_oof_segmentation_training_and_prediction_lock_fix3_v1/models/DeepLabV3_R50/fold4/COMPLETE.json,1623,1.58 KiB,,status|version|family|fold|seed|best_epoch|best_mean_patient_dice|val_patient_count|val_slice_count|params|trainable_params|best_checkpoint|best_checkpoint_sha256|oof_prob|oof_prob_sha256|oof_mask|oof_mask_sha256|oof_index|oof_index_sha256|patient_metrics|patient_metrics_sha256,OK,100
Prostate158,release/SafeTTA_repro_release_candidate_v1/project_artifacts/outputs/Q1X_CM3_source_oof_segmentation_training_and_prediction_lock_fix3_v1/models/DeepLabV3_R50/fold4/history.csv,1976,1.93 KiB,23,epoch|train_loss|val_loss|val_mean_patient_dice|best_mean_patient_dice|bad_epochs,OK,100
Prostate158,release/SafeTTA_repro_release_candidate_v1/project_artifacts/outputs/Q1X_CM3_source_oof_segmentation_training_and_prediction_lock_fix3_v1/models/SegFormer_B0/fold0/best_oof_index.csv,14630,14.29 KiB,719,global_index|case_key|fold|slice_index,OK,100
Prostate158,release/SafeTTA_repro_release_candidate_v1/project_artifacts/outputs/Q1X_CM3_source_oof_segmentation_training_and_prediction_lock_fix3_v1/models/SegFormer_B0/fold0/best_patient_metrics.csv,1350,1.32 KiB,28,case_key|dice_3d|tp|fp|fn,OK,100
Prostate158,release/SafeTTA_repro_release_candidate_v1/project_artifacts/outputs/Q1X_CM3_source_oof_segmentation_training_and_prediction_lock_fix3_v1/models/SegFormer_B0/fold0/COMPLETE.json,1616,1.58 KiB,,status|version|family|fold|seed|best_epoch|best_mean_patient_dice|val_patient_count|val_slice_count|params|trainable_params|best_checkpoint|best_checkpoint_sha256|oof_prob|oof_prob_sha256|oof_mask|oof_mask_sha256|oof_index|oof_index_sha256|patient_metrics|patient_metrics_sha256,OK,100
Prostate158,release/SafeTTA_repro_release_candidate_v1/project_artifacts/outputs/Q1X_CM3_source_oof_segmentation_training_and_prediction_lock_fix3_v1/models/SegFormer_B0/fold0/history.csv,4143,4.05 KiB,49,epoch|train_loss|val_loss|val_mean_patient_dice|best_mean_patient_dice|bad_epochs,OK,100
Prostate158,release/SafeTTA_repro_release_candidate_v1/project_artifacts/outputs/Q1X_CM3_source_oof_segmentation_training_and_prediction_lock_fix3_v1/models/SegFormer_B0/fold1/best_oof_index.csv,14608,14.27 KiB,717,global_index|case_key|fold|slice_index,OK,100
Prostate158,release/SafeTTA_repro_release_candidate_v1/project_artifacts/outputs/Q1X_CM3_source_oof_segmentation_training_and_prediction_lock_fix3_v1/models/SegFormer_B0/fold1/best_patient_metrics.csv,1356,1.32 KiB,28,case_key|dice_3d|tp|fp|fn,OK,100
Prostate158,release/SafeTTA_repro_release_candidate_v1/project_artifacts/outputs/Q1X_CM3_source_oof_segmentation_training_and_prediction_lock_fix3_v1/models/SegFormer_B0/fold1/COMPLETE.json,1616,1.58 KiB,,status|version|family|fold|seed|best_epoch|best_mean_patient_dice|val_patient_count|val_slice_count|params|trainable_params|best_checkpoint|best_checkpoint_sha256|oof_prob|oof_prob_sha256|oof_mask|oof_mask_sha256|oof_index|oof_index_sha256|patient_metrics|patient_metrics_sha256,OK,100
Prostate158,release/SafeTTA_repro_release_candidate_v1/project_artifacts/outputs/Q1X_CM3_source_oof_segmentation_training_and_prediction_lock_fix3_v1/models/SegFormer_B0/fold1/history.csv,3737,3.65 KiB,44,epoch|train_loss|val_loss|val_mean_patient_dice|best_mean_patient_dice|bad_epochs,OK,100
Prostate158,release/SafeTTA_repro_release_candidate_v1/project_artifacts/outputs/Q1X_CM3_source_oof_segmentation_training_and_prediction_lock_fix3_v1/models/SegFormer_B0/fold2/best_oof_index.csv,14783,14.44 KiB,723,global_index|case_key|fold|slice_index,OK,100
Prostate158,release/SafeTTA_repro_release_candidate_v1/project_artifacts/outputs/Q1X_CM3_source_oof_segmentation_training_and_prediction_lock_fix3_v1/models/SegFormer_B0/fold2/best_patient_metrics.csv,1348,1.32 KiB,28,case_key|dice_3d|tp|fp|fn,OK,100
Prostate158,release/SafeTTA_repro_release_candidate_v1/project_artifacts/outputs/Q1X_CM3_source_oof_segmentation_training_and_prediction_lock_fix3_v1/models/SegFormer_B0/fold2/COMPLETE.json,1616,1.58 KiB,,status|version|family|fold|seed|best_epoch|best_mean_patient_dice|val_patient_count|val_slice_count|params|trainable_params|best_checkpoint|best_checkpoint_sha256|oof_prob|oof_prob_sha256|oof_mask|oof_mask_sha256|oof_index|oof_index_sha256|patient_metrics|patient_metrics_sha256,OK,100
Prostate158,release/SafeTTA_repro_release_candidate_v1/project_artifacts/outputs/Q1X_CM3_source_oof_segmentation_training_and_prediction_lock_fix3_v1/models/SegFormer_B0/fold2/history.csv,4228,4.13 KiB,50,epoch|train_loss|val_loss|val_mean_patient_dice|best_mean_patient_dice|bad_epochs,OK,100
Prostate158,release/SafeTTA_repro_release_candidate_v1/project_artifacts/outputs/Q1X_CM3_source_oof_segmentation_training_and_prediction_lock_fix3_v1/models/SegFormer_B0/fold3/best_oof_index.csv,14426,14.09 KiB,709,global_index|case_key|fold|slice_index,OK,100
Prostate158,release/SafeTTA_repro_release_candidate_v1/project_artifacts/outputs/Q1X_CM3_source_oof_segmentation_training_and_prediction_lock_fix3_v1/models/SegFormer_B0/fold3/best_patient_metrics.csv,1346,1.31 KiB,28,case_key|dice_3d|tp|fp|fn,OK,100
Prostate158,release/SafeTTA_repro_release_candidate_v1/project_artifacts/outputs/Q1X_CM3_source_oof_segmentation_training_and_prediction_lock_fix3_v1/models/SegFormer_B0/fold3/COMPLETE.json,1616,1.58 KiB,,status|version|family|fold|seed|best_epoch|best_mean_patient_dice|val_patient_count|val_slice_count|params|trainable_params|best_checkpoint|best_checkpoint_sha256|oof_prob|oof_prob_sha256|oof_mask|oof_mask_sha256|oof_index|oof_index_sha256|patient_metrics|patient_metrics_sha256,OK,100
Prostate158,release/SafeTTA_repro_release_candidate_v1/project_artifacts/outputs/Q1X_CM3_source_oof_segmentation_training_and_prediction_lock_fix3_v1/models/SegFormer_B0/fold3/history.csv,3238,3.16 KiB,38,epoch|train_loss|val_loss|val_mean_patient_dice|best_mean_patient_dice|bad_epochs,OK,100
Prostate158,release/SafeTTA_repro_release_candidate_v1/project_artifacts/outputs/Q1X_CM3_source_oof_segmentation_training_and_prediction_lock_fix3_v1/models/SegFormer_B0/fold4/best_oof_index.csv,13866,13.54 KiB,685,global_index|case_key|fold|slice_index,OK,100
Prostate158,release/SafeTTA_repro_release_candidate_v1/project_artifacts/outputs/Q1X_CM3_source_oof_segmentation_training_and_prediction_lock_fix3_v1/models/SegFormer_B0/fold4/best_patient_metrics.csv,1299,1.27 KiB,27,case_key|dice_3d|tp|fp|fn,OK,100
Prostate158,release/SafeTTA_repro_release_candidate_v1/project_artifacts/outputs/Q1X_CM3_source_oof_segmentation_training_and_prediction_lock_fix3_v1/models/SegFormer_B0/fold4/COMPLETE.json,1616,1.58 KiB,,status|version|family|fold|seed|best_epoch|best_mean_patient_dice|val_patient_count|val_slice_count|params|trainable_params|best_checkpoint|best_checkpoint_sha256|oof_prob|oof_prob_sha256|oof_mask|oof_mask_sha256|oof_index|oof_index_sha256|patient_metrics|patient_metrics_sha256,OK,100
Prostate158,release/SafeTTA_repro_release_candidate_v1/project_artifacts/outputs/Q1X_CM3_source_oof_segmentation_training_and_prediction_lock_fix3_v1/models/SegFormer_B0/fold4/history.csv,4239,4.14 KiB,50,epoch|train_loss|val_loss|val_mean_patient_dice|best_mean_patient_dice|bad_epochs,OK,100
Prostate158,release/SafeTTA_repro_release_candidate_v1/project_artifacts/outputs/Q1X_CM3_source_oof_segmentation_training_and_prediction_lock_fix3_v1/models/UNet/fold0/best_oof_index.csv,14630,14.29 KiB,719,global_index|case_key|fold|slice_index,OK,100
Prostate158,release/SafeTTA_repro_release_candidate_v1/project_artifacts/outputs/Q1X_CM3_source_oof_segmentation_training_and_prediction_lock_fix3_v1/models/UNet/fold0/best_patient_metrics.csv,1353,1.32 KiB,28,case_key|dice_3d|tp|fp|fn,OK,100
Prostate158,release/SafeTTA_repro_release_candidate_v1/project_artifacts/outputs/Q1X_CM3_source_oof_segmentation_training_and_prediction_lock_fix3_v1/models/UNet/fold0/COMPLETE.json,1566,1.53 KiB,,status|version|family|fold|seed|best_epoch|best_mean_patient_dice|val_patient_count|val_slice_count|params|trainable_params|best_checkpoint|best_checkpoint_sha256|oof_prob|oof_prob_sha256|oof_mask|oof_mask_sha256|oof_index|oof_index_sha256|patient_metrics|patient_metrics_sha256,OK,100
Prostate158,release/SafeTTA_repro_release_candidate_v1/project_artifacts/outputs/Q1X_CM3_source_oof_segmentation_training_and_prediction_lock_fix3_v1/models/UNet/fold0/history.csv,3375,3.30 KiB,40,epoch|train_loss|val_loss|val_mean_patient_dice|best_mean_patient_dice|bad_epochs,OK,100
Prostate158,release/SafeTTA_repro_release_candidate_v1/project_artifacts/outputs/Q1X_CM3_source_oof_segmentation_training_and_prediction_lock_fix3_v1/models/UNet/fold1/best_oof_index.csv,14608,14.27 KiB,717,global_index|case_key|fold|slice_index,OK,100
Prostate158,release/SafeTTA_repro_release_candidate_v1/project_artifacts/outputs/Q1X_CM3_source_oof_segmentation_training_and_prediction_lock_fix3_v1/models/UNet/fold1/best_patient_metrics.csv,1350,1.32 KiB,28,case_key|dice_3d|tp|fp|fn,OK,100
Prostate158,release/SafeTTA_repro_release_candidate_v1/project_artifacts/outputs/Q1X_CM3_source_oof_segmentation_training_and_prediction_lock_fix3_v1/models/UNet/fold1/COMPLETE.json,1568,1.53 KiB,,status|version|family|fold|seed|best_epoch|best_mean_patient_dice|val_patient_count|val_slice_count|params|trainable_params|best_checkpoint|best_checkpoint_sha256|oof_prob|oof_prob_sha256|oof_mask|oof_mask_sha256|oof_index|oof_index_sha256|patient_metrics|patient_metrics_sha256,OK,100
Prostate158,release/SafeTTA_repro_release_candidate_v1/project_artifacts/outputs/Q1X_CM3_source_oof_segmentation_training_and_prediction_lock_fix3_v1/models/UNet/fold1/history.csv,2480,2.42 KiB,29,epoch|train_loss|val_loss|val_mean_patient_dice|best_mean_patient_dice|bad_epochs,OK,100
Prostate158,release/SafeTTA_repro_release_candidate_v1/project_artifacts/outputs/Q1X_CM3_source_oof_segmentation_training_and_prediction_lock_fix3_v1/models/UNet/fold2/best_oof_index.csv,14783,14.44 KiB,723,global_index|case_key|fold|slice_index,OK,100
Prostate158,release/SafeTTA_repro_release_candidate_v1/project_artifacts/outputs/Q1X_CM3_source_oof_segmentation_training_and_prediction_lock_fix3_v1/models/UNet/fold2/best_patient_metrics.csv,1352,1.32 KiB,28,case_key|dice_3d|tp|fp|fn,OK,100
Prostate158,release/SafeTTA_repro_release_candidate_v1/project_artifacts/outputs/Q1X_CM3_source_oof_segmentation_training_and_prediction_lock_fix3_v1/models/UNet/fold2/COMPLETE.json,1568,1.53 KiB,,status|version|family|fold|seed|best_epoch|best_mean_patient_dice|val_patient_count|val_slice_count|params|trainable_params|best_checkpoint|best_checkpoint_sha256|oof_prob|oof_prob_sha256|oof_mask|oof_mask_sha256|oof_index|oof_index_sha256|patient_metrics|patient_metrics_sha256,OK,100
Prostate158,release/SafeTTA_repro_release_candidate_v1/project_artifacts/outputs/Q1X_CM3_source_oof_segmentation_training_and_prediction_lock_fix3_v1/models/UNet/fold2/history.csv,2141,2.09 KiB,25,epoch|train_loss|val_loss|val_mean_patient_dice|best_mean_patient_dice|bad_epochs,OK,100
Prostate158,release/SafeTTA_repro_release_candidate_v1/project_artifacts/outputs/Q1X_CM3_source_oof_segmentation_training_and_prediction_lock_fix3_v1/models/UNet/fold3/best_oof_index.csv,14426,14.09 KiB,709,global_index|case_key|fold|slice_index,OK,100
Prostate158,release/SafeTTA_repro_release_candidate_v1/project_artifacts/outputs/Q1X_CM3_source_oof_segmentation_training_and_prediction_lock_fix3_v1/models/UNet/fold3/best_patient_metrics.csv,1346,1.31 KiB,28,case_key|dice_3d|tp|fp|fn,OK,100
Prostate158,release/SafeTTA_repro_release_candidate_v1/project_artifacts/outputs/Q1X_CM3_source_oof_segmentation_training_and_prediction_lock_fix3_v1/models/UNet/fold3/COMPLETE.json,1567,1.53 KiB,,status|version|family|fold|seed|best_epoch|best_mean_patient_dice|val_patient_count|val_slice_count|params|trainable_params|best_checkpoint|best_checkpoint_sha256|oof_prob|oof_prob_sha256|oof_mask|oof_mask_sha256|oof_index|oof_index_sha256|patient_metrics|patient_metrics_sha256,OK,100
Prostate158,release/SafeTTA_repro_release_candidate_v1/project_artifacts/outputs/Q1X_CM3_source_oof_segmentation_training_and_prediction_lock_fix3_v1/models/UNet/fold3/history.csv,2881,2.81 KiB,34,epoch|train_loss|val_loss|val_mean_patient_dice|best_mean_patient_dice|bad_epochs,OK,100
Prostate158,release/SafeTTA_repro_release_candidate_v1/project_artifacts/outputs/Q1X_CM3_source_oof_segmentation_training_and_prediction_lock_fix3_v1/models/UNet/fold4/best_oof_index.csv,13866,13.54 KiB,685,global_index|case_key|fold|slice_index,OK,100
Prostate158,release/SafeTTA_repro_release_candidate_v1/project_artifacts/outputs/Q1X_CM3_source_oof_segmentation_training_and_prediction_lock_fix3_v1/models/UNet/fold4/best_patient_metrics.csv,1300,1.27 KiB,27,case_key|dice_3d|tp|fp|fn,OK,100
Prostate158,release/SafeTTA_repro_release_candidate_v1/project_artifacts/outputs/Q1X_CM3_source_oof_segmentation_training_and_prediction_lock_fix3_v1/models/UNet/fold4/COMPLETE.json,1567,1.53 KiB,,status|version|family|fold|seed|best_epoch|best_mean_patient_dice|val_patient_count|val_slice_count|params|trainable_params|best_checkpoint|best_checkpoint_sha256|oof_prob|oof_prob_sha256|oof_mask|oof_mask_sha256|oof_index|oof_index_sha256|patient_metrics|patient_metrics_sha256,OK,100
Prostate158,release/SafeTTA_repro_release_candidate_v1/project_artifacts/outputs/Q1X_CM3_source_oof_segmentation_training_and_prediction_lock_fix3_v1/models/UNet/fold4/history.csv,4123,4.03 KiB,49,epoch|train_loss|val_loss|val_mean_patient_dice|best_mean_patient_dice|bad_epochs,OK,100
Prostate158,release/SafeTTA_repro_release_candidate_v1/project_artifacts/outputs/Q1X_CM4B_mri_source_prediction_conditioned_safety_grouped_oof_fix1_v1/CM4B_DINOV2_BASE_LOCK.json,1033,1.01 KiB,,status|repo|commit|weight_file|weight_path|weight_sha256|config_path|config_sha256|input|promises12_access,OK,0
Prostate158,release/SafeTTA_repro_release_candidate_v1/project_artifacts/outputs/Q1X_CM4B_mri_source_prediction_conditioned_safety_grouped_oof_fix1_v1/CM4B_FEATURE_EXTRACTION_META.json,936,936.00 B,,status|version|shape|dtype|family_order|feature_layout|source_mask_to_dino|feature_file|feature_sha256|promises12_access,OK,0
Prostate158,release/SafeTTA_repro_release_candidate_v1/project_artifacts/outputs/Q1X_CM4B_mri_source_prediction_conditioned_safety_grouped_oof_fix1_v1/CM4B_FINAL_MACRO_AUROC_PATIENT_BOOTSTRAP.json,154,154.00 B,,reps_requested|reps_valid|mean|ci95_low|ci95_high,OK,0
Prostate158,release/SafeTTA_repro_release_candidate_v1/project_artifacts/outputs/Q1X_CM4B_mri_source_prediction_conditioned_safety_grouped_oof_fix1_v1/CM4B_MRI_SOURCE_SAFETY_OOF_LOCK.json,4378,4.28 KiB,,status|decision|version|build|cm3_lock_sha256|cm4a_lock_sha256|source_patients|source_slices|family_slice_rows|sample_unit|grouping_unit|harm_rule|action|dino_lock|representation|safety_head|primary_endpoint|final_family_auroc|threshold_selection|final_all_source_head_fitting|promises12_access|target_calibration|artifacts|next_stage,OK,0
Prostate158,release/SafeTTA_repro_release_candidate_v1/project_artifacts/outputs/Q1X_CM4B_mri_source_prediction_conditioned_safety_grouped_oof_fix1_v1/CM4B_PREFLIGHT.json,1696,1.66 KiB,,status|version|cm3_lock_sha256|cm4a_lock_sha256|dino_lock|dino_weight_sha256|source_rows|source_patients|harm_counts|patient_grouped_folds|promises12_access|threshold_selection,OK,0
Prostate158,release/SafeTTA_repro_release_candidate_v1/project_artifacts/outputs/Q1X_CM4B_mri_source_prediction_conditioned_safety_grouped_oof_fix1_v1/CM4B_SOURCE_SAFETY_OOF_METRICS.csv,1141,1.11 KiB,15,representation|scope|auroc|auprc|spearman_score_vs_minus_delta,OK,0
Prostate158,release/SafeTTA_repro_release_candidate_v1/project_artifacts/outputs/Q1X_CM4B_mri_source_prediction_conditioned_safety_grouped_oof_fix1_v1/CM4B_SOURCE_SAFETY_OOF_SCORES.csv,1454693,1.39 MiB,10659,family|fold|global_index|case_key|slice_index|harmful|neutral|beneficial|source_dice|tent1_dice|delta_dice|score_M2|score_CondDINO|score_Final,OK,0
Prostate158,release/SafeTTA_repro_release_candidate_v1/project_artifacts/outputs/Q1X_CM4C_final_source_safety_estimator_and_threshold_lock_fix2_v1/CM4C_FINAL_ALL_SOURCE_REFIT_SCORES.csv,882814,862.12 KiB,10659,family|fold|global_index|case_key|harmful|delta_dice|score_Final|score_final_refit_all_source,OK,0
Prostate158,release/SafeTTA_repro_release_candidate_v1/project_artifacts/outputs/Q1X_CM4C_final_source_safety_estimator_and_threshold_lock_fix2_v1/CM4C_FINAL_SOURCE_SAFETY_ESTIMATOR_LOCK.json,6161,6.02 KiB,,status|decision|version|build|cm4a_lock_sha256|cm4b_lock_sha256|cm4b_helper_sha256|source|frozen_representation|frozen_source_operating_point|final_estimator|score_scale_audit|information_boundary|artifacts|next_stage,OK,0
Prostate158,release/SafeTTA_repro_release_candidate_v1/project_artifacts/outputs/Q1X_CM4C_final_source_safety_estimator_and_threshold_lock_fix2_v1/CM4C_SOURCE_OPERATING_POINT.json,2296,2.24 KiB,,status|version|oof_reference_operating_point|final_refit_deployment_operating_point|important_scope_note|promises12_access,OK,0
Prostate158,release/SafeTTA_repro_release_candidate_v1/project_artifacts/outputs/Q1X_CM4D_final_all_source_segmentation_models_lock_fix2_v1/CM4D_FINAL_ALL_SOURCE_SEGMENTATION_MODELS_LOCK.json,4152,4.05 KiB,,status|decision|version|build|cm3_lock_sha256|cm4c_lock_sha256|cm3_helper_sha256|source_patients|source_slices|batch_size|model_families|fix2_engineering_correction|duration_selection|final_models|information_boundary|summary|summary_sha256|source_cache_meta|source_cache_meta_sha256|next_stage,OK,98
Prostate158,release/SafeTTA_repro_release_candidate_v1/project_artifacts/outputs/Q1X_CM4D_final_all_source_segmentation_models_lock_fix2_v1/CM4D_FINAL_MODEL_SUMMARY.csv,444,444.00 B,3,family|fixed_epochs|seed|params|all_source_training_sanity_mean_patient_dice|checkpoint_sha256,OK,98
Prostate158,release/SafeTTA_repro_release_candidate_v1/project_artifacts/outputs/Q1X_CM4D_final_all_source_segmentation_models_lock_fix2_v1/models/DeepLabV3_R50/all_source_training_sanity_patient_metrics.csv,6478,6.33 KiB,139,case_key|tp|fp|fn|dice_3d,OK,98
Prostate158,release/SafeTTA_repro_release_candidate_v1/project_artifacts/outputs/Q1X_CM4D_final_all_source_segmentation_models_lock_fix2_v1/models/DeepLabV3_R50/COMPLETE.json,1941,1.90 KiB,,status|version|build|family|seed|best_epochs_from_cm3|duration_rule|fixed_epochs|batch_size|optimizer|learning_rate|weight_decay|early_stopping|validation_selection|source_patients|source_slices|params|trainable_params|final_checkpoint|final_checkpoint_sha256|history|history_sha256|all_source_training_sanity_mean_patient_dice|all_source_training_sanity_patient_metrics|all_source_training_sanity_patient_metrics_sha256|sanity_metric_selection_role|promises12_access|deeplab_singleton_safe_aspp_bn|deeplab_singleton_safe_fallback_total|deeplab_singleton_rule,OK,98
Prostate158,release/SafeTTA_repro_release_candidate_v1/project_artifacts/outputs/Q1X_CM4D_final_all_source_segmentation_models_lock_fix2_v1/models/DeepLabV3_R50/history.csv,665,665.00 B,24,epoch|train_loss|singleton_safe_aspp_bn_fallback_batches,OK,98
Prostate158,release/SafeTTA_repro_release_candidate_v1/project_artifacts/outputs/Q1X_CM4D_final_all_source_segmentation_models_lock_fix2_v1/models/SegFormer_B0/all_source_training_sanity_patient_metrics.csv,6490,6.34 KiB,139,case_key|tp|fp|fn|dice_3d,OK,98
Prostate158,release/SafeTTA_repro_release_candidate_v1/project_artifacts/outputs/Q1X_CM4D_final_all_source_segmentation_models_lock_fix2_v1/models/SegFormer_B0/COMPLETE.json,1773,1.73 KiB,,status|version|build|family|seed|best_epochs_from_cm3|duration_rule|fixed_epochs|batch_size|optimizer|learning_rate|weight_decay|early_stopping|validation_selection|source_patients|source_slices|params|trainable_params|final_checkpoint|final_checkpoint_sha256|history|history_sha256|all_source_training_sanity_mean_patient_dice|all_source_training_sanity_patient_metrics|all_source_training_sanity_patient_metrics_sha256|sanity_metric_selection_role|promises12_access|deeplab_singleton_safe_aspp_bn|deeplab_singleton_safe_fallback_total|deeplab_singleton_rule,OK,98
Prostate158,release/SafeTTA_repro_release_candidate_v1/project_artifacts/outputs/Q1X_CM4D_final_all_source_segmentation_models_lock_fix2_v1/models/SegFormer_B0/history.csv,1054,1.03 KiB,39,epoch|train_loss|singleton_safe_aspp_bn_fallback_batches,OK,98
PROMISE12,release/SafeTTA_repro_release_candidate_v1/project_artifacts/outputs/Q1X_CM5B_unlabeled_support_aware_operating_point_transport_lock_fix2_v1/CM5B_LOCKED_POLICY_SUMMARY.csv,459,459.00 B,3,family|fixed_source_threshold|fixed_source_adaptation_coverage|naive_quantile_threshold|naive_quantile_adaptation_coverage|support_aware_threshold|support_aware_adaptation_coverage,OK,0
PROMISE12,release/SafeTTA_repro_release_candidate_v1/project_artifacts/outputs/Q1X_CM5B_unlabeled_support_aware_operating_point_transport_lock_fix2_v1/CM5B_SOURCE_CROSSFIT_DENSITY_RATIO_WEIGHTS.csv,2149294,2.05 MiB,10659,family|fold|global_index|case_key|slice_index|harmful|neutral|beneficial|source_dice|tent1_dice|delta_dice|score_M2|score_CondDINO|score_Final|domain_q_target_oof|density_ratio_raw|density_ratio_weight,OK,0
PROMISE12,release/SafeTTA_repro_release_candidate_v1/project_artifacts/outputs/Q1X_CM5B_unlabeled_support_aware_operating_point_transport_lock_fix2_v1/CM5B_SUPPORT_DIAGNOSTICS.csv,940,940.00 B,3,family|domain_oof_auroc|source_weight_ess_all_slices|source_weight_ess_harm_slices|source_weight_ess_harm_patients|source_weight_cap_fraction|target_q_ge_0.99_fraction|raw_weight_p50|raw_weight_p90|raw_weight_p99|normalized_weight_max_before_cap|stabilized_weight_max,OK,0
PROMISE12,release/SafeTTA_repro_release_candidate_v1/project_artifacts/outputs/Q1X_CM5B_unlabeled_support_aware_operating_point_transport_lock_fix2_v1/CM5B_TARGET_CROSSFIT_DOMAIN_PROPENSITIES.csv,800368,781.61 KiB,4131,family|global_index|case_key|slice_index|risk_score|frozen_source_threshold|fixed_source_gate_retain_source|fixed_source_gate_adapt|source_fg_fraction|tent_fg_fraction|source_tent_mask_disagreement|tent_pre_entropy|tent_post_entropy|tent_entropy_change|domain_q_target_oof|domain_fold,OK,0
PROMISE12,release/SafeTTA_repro_release_candidate_v1/project_artifacts/outputs/Q1X_CM5B_unlabeled_support_aware_operating_point_transport_lock_fix2_v1/CM5B_UNLABELED_OPERATING_POINT_TRANSPORT.json,1393,1.36 KiB,,status|version|fixed_source_reference|naive_target_quantile_baseline|support_aware_transport|promises12_gt_access,OK,0
PROMISE12,release/SafeTTA_repro_release_candidate_v1/project_artifacts/outputs/Q1X_CM5B_unlabeled_support_aware_operating_point_transport_lock_fix2_v1/CM5B_UNLABELED_OPERATING_POINT_TRANSPORT_LOCK.json,5961,5.82 KiB,,status|decision|version|build|cm4b_lock_sha256|cm4c_lock_sha256|cm5a_lock_sha256|cm5a_helper_sha256|fix2_schema_correction|scientific_assumption|domain_ratio_estimator|support_gate|fixed_source_reference|naive_target_quantile_baseline|support_aware_transport|information_boundary|locked_cm6_evaluation_plan|artifacts|next_stage,OK,0
PROMISE12,release/SafeTTA_repro_release_candidate_v1/project_artifacts/outputs/Q1X_CM7A_promise12_external_ranking_baseline_audit_fix2_v1/CM7A_DINO_CLS_META.json,698,698.00 B,,status|version|representation|source_shape|target_shape|source_file|source_sha256|target_file|target_sha256|target_gt_used,OK,0
PROMISE12,release/SafeTTA_repro_release_candidate_v1/project_artifacts/outputs/Q1X_CM7A_promise12_external_ranking_baseline_audit_fix2_v1/CM7A_FINAL_VS_BASELINE_PAIRED_DELTA_AUROC_BOOTSTRAP.csv,633,633.00 B,5,comparison|baseline|reps_valid|bootstrap_mean_delta_auroc|ci95_low|ci95_high|final_significantly_better_95ci,OK,0
PROMISE12,release/SafeTTA_repro_release_candidate_v1/project_artifacts/outputs/Q1X_CM7A_promise12_external_ranking_baseline_audit_fix2_v1/CM7A_METHOD_MACRO_AUROC_PATIENT_BOOTSTRAP.csv,511,511.00 B,6,method|reps_valid|bootstrap_mean_macro_auroc|ci95_low|ci95_high,OK,0
PROMISE12,release/SafeTTA_repro_release_candidate_v1/project_artifacts/outputs/Q1X_CM7A_promise12_external_ranking_baseline_audit_fix2_v1/CM7A_PROMISE12_BASELINE_RANKING_METRICS.csv,2759,2.69 KiB,30,method|scope|rows|patients|harm_count|auroc|auprc|spearman_score_vs_minus_delta,OK,0
PROMISE12,release/SafeTTA_repro_release_candidate_v1/project_artifacts/outputs/Q1X_CM7A_promise12_external_ranking_baseline_audit_fix2_v1/CM7A_PROMISE12_EXTERNAL_RANKING_BASELINE_AUDIT_LOCK.json,3973,3.88 KiB,,status|decision|version|build|scope|cm3_lock_sha256|cm4b_lock_sha256|cm4d_lock_sha256|cm5a_lock_sha256|cm6_lock_sha256|cm3_helper_sha256|cm4a_helper_sha256|cm4b_helper_sha256|cm5a_helper_sha256|methods|baseline_construction|statistics|interpretation_boundary|artifacts|next_stage,OK,0
PROMISE12,release/SafeTTA_repro_release_candidate_v1/project_artifacts/outputs/Q1X_CM7A_promise12_external_ranking_baseline_audit_fix2_v1/CM7A_SOURCE_UNCERTAINTY_META.json,573,573.00 B,,status|version|score_file|score_sha256|source_mask_replay_pixel_mismatch|definitions|target_gt_used,OK,0
PROMISE12,release/SafeTTA_repro_release_candidate_v1/project_artifacts/outputs/Q1X_CM7A_promise12_external_ranking_baseline_audit_fix2_v1/CM7A_TARGET_BASELINE_SCORES_WITH_LOCKED_OUTCOMES.csv,763250,745.36 KiB,4131,family|global_index|case_key|slice_index|SOURCE_ENTROPY|SOURCE_LOW_CONFIDENCE|M2|DINO_CLS|CondDINO|Final|harmful|beneficial|delta_dice|source_dice|tent1_dice,OK,0
PROMISE12,release/SafeTTA_repro_release_candidate_v1/project_artifacts/outputs/Q1X_CM7A_promise12_external_ranking_baseline_audit_fix2_v1/CM7A_TARGET_BASELINE_SCORE_CONSTRUCTION_LOCK.json,1377,1.34 KiB,,status|version|build|scope|important|fix2_engineering_correction|methods|target_rows|target_patients|target_gt_used_for_score_construction|target_threshold_tuning|score_file|score_sha256,OK,0
PROMISE12,release/SafeTTA_repro_release_candidate_v1/project_artifacts/outputs/Q1X_CM7A_promise12_external_ranking_baseline_audit_fix2_v1/CM7A_TARGET_SOURCE_UNCERTAINTY_SCORES.csv,243073,237.38 KiB,4131,family|global_index|SOURCE_ENTROPY|SOURCE_LOW_CONFIDENCE,OK,0
PROMISE12,release/SafeTTA_repro_release_candidate_v1/project_artifacts/outputs/Q1X_CM7B_promise12_matched_coverage_utility_audit_fix1_v1/CM7B_FULL_TARGET_MATCHED_RANDOMIZATION_REPLICATES.csv,855182,835.14 KiB,10000,adaptation_coverage|adapted_rows|prevented_harm_fraction|mean_slice_deployed_dice|mean_patient_3d_deployed_dice|rep,OK,0
PROMISE12,release/SafeTTA_repro_release_candidate_v1/project_artifacts/outputs/Q1X_CM7B_promise12_matched_coverage_utility_audit_fix1_v1/CM7B_FULL_TARGET_MATCHED_RANDOMIZATION_SUMMARY.csv,711,711.00 B,3,metric|safettta|random_mean|random_ci95_low|random_ci95_high|safettta_minus_random_mean|delta_ci95_low|delta_ci95_high|one_sided_p_random_ge_safettta,OK,0
PROMISE12,release/SafeTTA_repro_release_candidate_v1/project_artifacts/outputs/Q1X_CM7B_promise12_matched_coverage_utility_audit_fix1_v1/CM7B_PAIRED_PATIENT_BOOTSTRAP_REPLICATES.csv,363101,354.59 KiB,2000,rep|safe_prevented_harm_fraction|random_prevented_harm_fraction|delta_prevented_harm_fraction|safe_mean_slice_deployed_dice|random_mean_slice_deployed_dice|delta_mean_slice_deployed_dice|safe_mean_patient_3d_deployed_dice|random_mean_patient_3d_deployed_dice|delta_mean_patient_3d_deployed_dice,OK,0
PROMISE12,release/SafeTTA_repro_release_candidate_v1/project_artifacts/outputs/Q1X_CM7B_promise12_matched_coverage_utility_audit_fix1_v1/CM7B_PAIRED_PATIENT_BOOTSTRAP_SUMMARY.csv,447,447.00 B,3,metric|bootstrap_reps|inner_random_draws_per_rep|mean_delta_safettta_minus_random|ci95_low|ci95_high|safettta_significantly_better_95ci,OK,0
PROMISE12,release/SafeTTA_repro_release_candidate_v1/project_artifacts/outputs/Q1X_CM7B_promise12_matched_coverage_utility_audit_fix1_v1/CM7B_POINT_UTILITY_SUMMARY.json,1101,1.08 KiB,,SOURCE_ONLY|TENT_ALL|SAFETTA_FIXED_SOURCE_GATE|family_matched_coverage,OK,0
PROMISE12,release/SafeTTA_repro_release_candidate_v1/project_artifacts/outputs/Q1X_CM7B_promise12_matched_coverage_utility_audit_fix1_v1/CM7B_PROMISE12_MATCHED_COVERAGE_UTILITY_AUDIT_LOCK.json,3937,3.84 KiB,,status|decision|version|build|scope|cm6_lock_sha256|cm7a_lock_sha256|frozen_policy|matched_random_baseline|point_results|interpretation_boundary|changes_after_gt|artifacts|next_stage,OK,0
NeoPolyp,release/SafeTTA_repro_release_candidate_v1/project_artifacts/outputs/Q1_R05D1_neopolyp_acquisition_pairing_duplicate_qc_v1_fix2/frozen_confirmatory_manifest.csv,395130,385.87 KiB,1000,sample_id|image_path|gt_path|image_raw_sha256|image_rgb_pixel_sha256|eligible_confirmatory|exclusion_reason|gt_pixels_decoded,OK,0
NeoPolyp,release/SafeTTA_repro_release_candidate_v1/project_artifacts/outputs/Q1_R10L1A_external_dataset_identity_audit_fix1_v1/R10L1A_candidate_vs_neopolyp_hash_audit.csv,775976,757.79 KiB,2200,candidate_path|relative_path|sha256|exact_neopolyp_rgb|exact_neopolyp_gt|same_stem_as_neopolyp_rgb|same_stem_as_neopolyp_gt|matched_neopolyp_rgb_path|matched_neopolyp_gt_path,OK,0
PolypGen,release/SafeTTA_repro_release_candidate_v1/project_artifacts/outputs/Q1_R10L1B_polypgen_unique_static_manifest_lock_fix3_v1/R10L1B_duplicate_groups.csv,1744,1.70 KiB,4,rgb_sha256|center|sample_id|image_path|gt_path|gt_sha256|group_rows|group_unique_gt_hashes,OK,0
PolypGen,release/SafeTTA_repro_release_candidate_v1/project_artifacts/outputs/Q1_R10L1B_polypgen_unique_static_manifest_lock_fix3_v1/R10L1B_exact_duplicate_exclusions.csv,1935,1.89 KiB,4,center|sample_id|image_path|gt_path|rgb_sha256|gt_sha256|reason|retained_representative_sample_id,OK,0
PolypGen,release/SafeTTA_repro_release_candidate_v1/project_artifacts/outputs/Q1_R10L1B_polypgen_unique_static_manifest_lock_fix3_v1/R10L1B_MANIFEST_LOCK.json,955,955.00 B,,decision|input_paired_rows|retained_unique_rows|retained_unique_rgb_hashes|prior_hash_columns_removed_before_lock|output_duplicate_column_labels|exact_duplicate_or_conflict_rows_excluded|conflicting_annotation_rows_excluded|redundant_same_rgb_same_gt_rows_excluded|unpaired_files_excluded|centers|neoPolyp_exact_rgb_duplicates|conflicting_gt_policy|model_inference_run|performance_evaluated|source_training_overlap_status|locked_manifest,OK,0
PolypGen,release/SafeTTA_repro_release_candidate_v1/project_artifacts/outputs/Q1_R10L1B_polypgen_unique_static_manifest_lock_fix3_v1/R10L1B_POLYPGEN_UNIQUE_STATIC_MANIFEST.csv,756249,738.52 KiB,1532,external_case_id|center|sample_id|image_path|gt_path|image_sha256|gt_sha256|pair_key|readable|image_width|image_height|image_mode|gt_width|gt_height|gt_mode|same_size|error|exact_duplicate_of_neopolyp|duplicate_within_polypgen_static,OK,0
PolypGen,release/SafeTTA_repro_release_candidate_v1/project_artifacts/outputs/Q1_R10L1B_polypgen_unique_static_manifest_lock_fix3_v1/R10L1B_unpaired_file_exclusions.csv,402,402.00 B,2,center|role|normalized_stem|path|action,OK,0
PolypGen,release/SafeTTA_repro_release_candidate_v1/project_artifacts/outputs/Q1_R10L1_polypgen_official_singleframe_asset_audit_fix2_v1/R10L1_center_structure_audit.csv,1281,1.25 KiB,6,center|image_dir|mask_dir|image_files|mask_files|paired|image_only|mask_only,OK,0
PolypGen,release/SafeTTA_repro_release_candidate_v1/project_artifacts/outputs/Q1_R10L1_polypgen_official_singleframe_asset_audit_fix2_v1/R10L1_polypgen_official_singleframe_manifest.csv,626122,611.45 KiB,1536,center|sample_id|pair_key|image_path|gt_path|readable|image_width|image_height|image_mode|gt_width|gt_height|gt_mode|same_size|error|image_sha256|exact_duplicate_of_neopolyp|duplicate_within_polypgen_static,OK,0
PolypGen,release/SafeTTA_repro_release_candidate_v1/project_artifacts/outputs/Q1_R10L1_polypgen_official_singleframe_asset_audit_fix2_v1/R10L1_summary.json,619,619.00 B,,decision|official_component|imagesAll_positive_used|sequenceData_used|centers|pair_rows|readable_pairs|same_size_pairs|unique_rgb_hashes|within_polypgen_duplicate_rows|exact_neopolyp_rgb_duplicates|source_training_overlap_status|model_inference_run|external_performance_evaluated,OK,0
PolypGen,release/SafeTTA_repro_release_candidate_v1/project_artifacts/outputs/Q1_R10L3A_polypgen_source_a1_prediction_lock_fix2_v1/checkpoint_manifest.csv,2028,1.98 KiB,9,model_family|training_seed|model_state_id|checkpoint|checkpoint_sha256,OK,99
PolypGen,release/SafeTTA_repro_release_candidate_v1/project_artifacts/outputs/Q1_R10L3A_polypgen_source_a1_prediction_lock_fix2_v1/decision.txt,56,56.00 B,,,OK,99
PolypGen,release/SafeTTA_repro_release_candidate_v1/project_artifacts/outputs/Q1_R10L3A_polypgen_source_a1_prediction_lock_fix2_v1/information_boundary_audit.json,830,830.00 B,,polypgen_rgb_pixels_decoded|polypgen_gt_path_column_read|polypgen_gt_pixels_decoded|source_inference_run|a1_backward_pass_run|a1_optimizer_step_run|a1_action|a1_optimizer|a1_lr|a1_weight_decay|a1_steps|episodic_reset|all_model_case_units_received_a1|model_case_units_receiving_a1|r10l0_safety_estimator_read|safety_probability_computed|target_dice_computed|target_delta_dice_computed|target_harm_label_computed|target_calibration|target_threshold_selection|target_feature_selection|target_case_exclusion_from_prediction_behavior,OK,99
PolypGen,release/SafeTTA_repro_release_candidate_v1/project_artifacts/outputs/Q1_R10L3A_polypgen_source_a1_prediction_lock_fix2_v1/model_case_prediction_manifest.csv,7359959,7.02 MiB,13788,sample_id|center|original_polypgen_sample_id|image_path|image_raw_sha256|model_family|model_state_id|training_seed|checkpoint_sha256|state_prediction_npz|state_index_csv|state_lock_json|state_row_index|source_foreground_pixels|a1_foreground_pixels|changed_pixels,OK,99
PolypGen,release/SafeTTA_repro_release_candidate_v1/project_artifacts/outputs/Q1_R10L3A_polypgen_source_a1_prediction_lock_fix2_v1/prediction_change_summary.csv,1216,1.19 KiB,9,model_family|model_state_id|training_seed|target_cases|source_foreground_pixels_mean|a1_foreground_pixels_mean|changed_pixels_mean|changed_pixels_median|changed_pixels_max,OK,99
PolypGen,release/SafeTTA_repro_release_candidate_v1/project_artifacts/outputs/Q1_R10L3A_polypgen_source_a1_prediction_lock_fix2_v1/R10L3A_POLYPGEN_SOURCE_A1_PREDICTION_LOCK.json,2465,2.41 KiB,,decision|script_version|build|r05d3_script_sha256|polypgen_manifest_sha256|polypgen_manifest_lock_sha256|independence_lock_sha256|checkpoint_recovery_sha256|target_dataset|target_component|target_cases|centers|model_states|model_case_rows|source_prediction_masks|a1_prediction_masks|all_model_cases_received_a1|mask_height|mask_width|packed_bytes_per_mask|bitorder|action|optimizer|learning_rate|weight_decay|steps|episodic_reset|target_gt_path_column_read|target_gt_pixels_decoded|target_outcomes_revealed|safety_estimator_read|safety_scores_generated|artifacts,OK,99
PolypGen,release/SafeTTA_repro_release_candidate_v1/project_artifacts/outputs/Q1_R10L3A_polypgen_source_a1_prediction_lock_fix2_v1/run_log.txt,1270,1.24 KiB,,,OK,99
PolypGen,release/SafeTTA_repro_release_candidate_v1/project_artifacts/outputs/Q1_R10L3A_polypgen_source_a1_prediction_lock_fix2_v1/upstream_audit.json,1227,1.20 KiB,,script_version|build|r05d3_script_sha256|polypgen_manifest_sha256|polypgen_manifest_lock_sha256|independence_lock_sha256|checkpoint_recovery_sha256|polypgen_cases|model_states|model_case_units|independence_gate_decision|target_gt_path_column_read|target_gt_pixels_decoded|fix1_partial_build_dir|verified_fix1_states_imported,OK,99
PolypGen,release/SafeTTA_repro_release_candidate_v1/project_artifacts/outputs/Q1_R10L3A_polypgen_source_a1_prediction_lock_fix2_v1/state_predictions/deeplabv3_r50_seed20260817_index.csv,512336,500.33 KiB,1532,row_index|sample_id|image_path|image_raw_sha256|model_family|model_state_id|training_seed|checkpoint_sha256|source_foreground_pixels|a1_foreground_pixels|changed_pixels,OK,99
PolypGen,release/SafeTTA_repro_release_candidate_v1/project_artifacts/outputs/Q1_R10L3A_polypgen_source_a1_prediction_lock_fix2_v1/state_predictions/deeplabv3_r50_seed20260817_state_lock.json,1078,1.05 KiB,,decision|model_family|model_state_id|training_seed|checkpoint_sha256|target_cases|mask_height|mask_width|packed_bytes_per_mask|bitorder|action|tent_lr|tent_weight_decay|tent_steps|episodic_reset|polypgen_manifest_sha256|independence_lock_sha256|r05d3_script_sha256|npz_sha256|index_sha256|target_gt_path_column_read|target_gt_pixels_decoded|target_metrics_computed,OK,99
PolypGen,release/SafeTTA_repro_release_candidate_v1/project_artifacts/outputs/Q1_R10L3A_polypgen_source_a1_prediction_lock_fix2_v1/state_predictions/deeplabv3_r50_seed20260818_index.csv,512117,500.11 KiB,1532,row_index|sample_id|image_path|image_raw_sha256|model_family|model_state_id|training_seed|checkpoint_sha256|source_foreground_pixels|a1_foreground_pixels|changed_pixels,OK,99
PolypGen,release/SafeTTA_repro_release_candidate_v1/project_artifacts/outputs/Q1_R10L3A_polypgen_source_a1_prediction_lock_fix2_v1/state_predictions/deeplabv3_r50_seed20260818_state_lock.json,1078,1.05 KiB,,decision|model_family|model_state_id|training_seed|checkpoint_sha256|target_cases|mask_height|mask_width|packed_bytes_per_mask|bitorder|action|tent_lr|tent_weight_decay|tent_steps|episodic_reset|polypgen_manifest_sha256|independence_lock_sha256|r05d3_script_sha256|npz_sha256|index_sha256|target_gt_path_column_read|target_gt_pixels_decoded|target_metrics_computed,OK,99
PolypGen,release/SafeTTA_repro_release_candidate_v1/project_artifacts/outputs/Q1_R10L3A_polypgen_source_a1_prediction_lock_fix2_v1/state_predictions/deeplabv3_r50_seed20260819_index.csv,512386,500.38 KiB,1532,row_index|sample_id|image_path|image_raw_sha256|model_family|model_state_id|training_seed|checkpoint_sha256|source_foreground_pixels|a1_foreground_pixels|changed_pixels,OK,99
PolypGen,release/SafeTTA_repro_release_candidate_v1/project_artifacts/outputs/Q1_R10L3A_polypgen_source_a1_prediction_lock_fix2_v1/state_predictions/deeplabv3_r50_seed20260819_state_lock.json,1078,1.05 KiB,,decision|model_family|model_state_id|training_seed|checkpoint_sha256|target_cases|mask_height|mask_width|packed_bytes_per_mask|bitorder|action|tent_lr|tent_weight_decay|tent_steps|episodic_reset|polypgen_manifest_sha256|independence_lock_sha256|r05d3_script_sha256|npz_sha256|index_sha256|target_gt_path_column_read|target_gt_pixels_decoded|target_metrics_computed,OK,99
PolypGen,release/SafeTTA_repro_release_candidate_v1/project_artifacts/outputs/Q1_R10L3A_polypgen_source_a1_prediction_lock_fix2_v1/state_predictions/pranet_seed20260817_index.csv,491362,479.85 KiB,1532,row_index|sample_id|image_path|image_raw_sha256|model_family|model_state_id|training_seed|checkpoint_sha256|source_foreground_pixels|a1_foreground_pixels|changed_pixels,OK,99
PolypGen,release/SafeTTA_repro_release_candidate_v1/project_artifacts/outputs/Q1_R10L3A_polypgen_source_a1_prediction_lock_fix2_v1/state_predictions/pranet_seed20260817_state_lock.json,1064,1.04 KiB,,decision|model_family|model_state_id|training_seed|checkpoint_sha256|target_cases|mask_height|mask_width|packed_bytes_per_mask|bitorder|action|tent_lr|tent_weight_decay|tent_steps|episodic_reset|polypgen_manifest_sha256|independence_lock_sha256|r05d3_script_sha256|npz_sha256|index_sha256|target_gt_path_column_read|target_gt_pixels_decoded|target_metrics_computed,OK,99
PolypGen,release/SafeTTA_repro_release_candidate_v1/project_artifacts/outputs/Q1_R10L3A_polypgen_source_a1_prediction_lock_fix2_v1/state_predictions/pranet_seed20260818_index.csv,491344,479.83 KiB,1532,row_index|sample_id|image_path|image_raw_sha256|model_family|model_state_id|training_seed|checkpoint_sha256|source_foreground_pixels|a1_foreground_pixels|changed_pixels,OK,99
PolypGen,release/SafeTTA_repro_release_candidate_v1/project_artifacts/outputs/Q1_R10L3A_polypgen_source_a1_prediction_lock_fix2_v1/state_predictions/pranet_seed20260818_state_lock.json,1064,1.04 KiB,,decision|model_family|model_state_id|training_seed|checkpoint_sha256|target_cases|mask_height|mask_width|packed_bytes_per_mask|bitorder|action|tent_lr|tent_weight_decay|tent_steps|episodic_reset|polypgen_manifest_sha256|independence_lock_sha256|r05d3_script_sha256|npz_sha256|index_sha256|target_gt_path_column_read|target_gt_pixels_decoded|target_metrics_computed,OK,99
PolypGen,release/SafeTTA_repro_release_candidate_v1/project_artifacts/outputs/Q1_R10L3A_polypgen_source_a1_prediction_lock_fix2_v1/state_predictions/pranet_seed20260819_index.csv,492274,480.74 KiB,1532,row_index|sample_id|image_path|image_raw_sha256|model_family|model_state_id|training_seed|checkpoint_sha256|source_foreground_pixels|a1_foreground_pixels|changed_pixels,OK,99
PolypGen,release/SafeTTA_repro_release_candidate_v1/project_artifacts/outputs/Q1_R10L3A_polypgen_source_a1_prediction_lock_fix2_v1/state_predictions/pranet_seed20260819_state_lock.json,1064,1.04 KiB,,decision|model_family|model_state_id|training_seed|checkpoint_sha256|target_cases|mask_height|mask_width|packed_bytes_per_mask|bitorder|action|tent_lr|tent_weight_decay|tent_steps|episodic_reset|polypgen_manifest_sha256|independence_lock_sha256|r05d3_script_sha256|npz_sha256|index_sha256|target_gt_path_column_read|target_gt_pixels_decoded|target_metrics_computed,OK,99
PolypGen,release/SafeTTA_repro_release_candidate_v1/project_artifacts/outputs/Q1_R10L3A_polypgen_source_a1_prediction_lock_fix2_v1/state_predictions/segformer_b0_seed20260820_index.csv,508749,496.83 KiB,1532,row_index|sample_id|image_path|image_raw_sha256|model_family|model_state_id|training_seed|checkpoint_sha256|source_foreground_pixels|a1_foreground_pixels|changed_pixels,OK,99
PolypGen,release/SafeTTA_repro_release_candidate_v1/project_artifacts/outputs/Q1_R10L3A_polypgen_source_a1_prediction_lock_fix2_v1/state_predictions/segformer_b0_seed20260820_state_lock.json,1076,1.05 KiB,,decision|model_family|model_state_id|training_seed|checkpoint_sha256|target_cases|mask_height|mask_width|packed_bytes_per_mask|bitorder|action|tent_lr|tent_weight_decay|tent_steps|episodic_reset|polypgen_manifest_sha256|independence_lock_sha256|r05d3_script_sha256|npz_sha256|index_sha256|target_gt_path_column_read|target_gt_pixels_decoded|target_metrics_computed,OK,99
PolypGen,release/SafeTTA_repro_release_candidate_v1/project_artifacts/outputs/Q1_R10L3A_polypgen_source_a1_prediction_lock_fix2_v1/state_predictions/segformer_b0_seed20260821_index.csv,508717,496.79 KiB,1532,row_index|sample_id|image_path|image_raw_sha256|model_family|model_state_id|training_seed|checkpoint_sha256|source_foreground_pixels|a1_foreground_pixels|changed_pixels,OK,99
PolypGen,release/SafeTTA_repro_release_candidate_v1/project_artifacts/outputs/Q1_R10L3A_polypgen_source_a1_prediction_lock_fix2_v1/state_predictions/segformer_b0_seed20260821_state_lock.json,1076,1.05 KiB,,decision|model_family|model_state_id|training_seed|checkpoint_sha256|target_cases|mask_height|mask_width|packed_bytes_per_mask|bitorder|action|tent_lr|tent_weight_decay|tent_steps|episodic_reset|polypgen_manifest_sha256|independence_lock_sha256|r05d3_script_sha256|npz_sha256|index_sha256|target_gt_path_column_read|target_gt_pixels_decoded|target_metrics_computed,OK,99
PolypGen,release/SafeTTA_repro_release_candidate_v1/project_artifacts/outputs/Q1_R10L3A_polypgen_source_a1_prediction_lock_fix2_v1/state_predictions/segformer_b0_seed20260822_index.csv,508646,496.72 KiB,1532,row_index|sample_id|image_path|image_raw_sha256|model_family|model_state_id|training_seed|checkpoint_sha256|source_foreground_pixels|a1_foreground_pixels|changed_pixels,OK,99
PolypGen,release/SafeTTA_repro_release_candidate_v1/project_artifacts/outputs/Q1_R10L3A_polypgen_source_a1_prediction_lock_fix2_v1/state_predictions/segformer_b0_seed20260822_state_lock.json,1076,1.05 KiB,,decision|model_family|model_state_id|training_seed|checkpoint_sha256|target_cases|mask_height|mask_width|packed_bytes_per_mask|bitorder|action|tent_lr|tent_weight_decay|tent_steps|episodic_reset|polypgen_manifest_sha256|independence_lock_sha256|r05d3_script_sha256|npz_sha256|index_sha256|target_gt_path_column_read|target_gt_pixels_decoded|target_metrics_computed,OK,99
PolypGen,release/SafeTTA_repro_release_candidate_v1/project_artifacts/outputs/Q1_R10L3B_polypgen_frozen_safety_score_lock_fix1_v1/decision.txt,55,55.00 B,,,OK,98
PolypGen,release/SafeTTA_repro_release_candidate_v1/project_artifacts/outputs/Q1_R10L3B_polypgen_frozen_safety_score_lock_fix1_v1/information_boundary_audit.json,738,738.00 B,,polypgen_rgb_pixels_decoded|source_mask_values_accessed|a1_mask_values_accessed|polypgen_gt_path_column_read|polypgen_gt_pixels_decoded|polypgen_outcomes_revealed|external_dice_computed|external_delta_dice_computed|external_harm_label_computed|pca_fit_called|pca_refit_called|safety_head_fit_called|safety_head_refit_called|target_calibration|target_threshold_selection|target_feature_selection|target_score_orientation_change|target_case_selection_from_scores|frozen_threshold,OK,98
PolypGen,release/SafeTTA_repro_release_candidate_v1/project_artifacts/outputs/Q1_R10L3B_polypgen_frozen_safety_score_lock_fix1_v1/R10L3B_FROZEN_POLYPGEN_SAFETY_SCORES.csv,6780292,6.47 MiB,13788,feature_row|sample_id|center|original_polypgen_sample_id|image_path|image_raw_sha256|model_family|model_state_id|training_seed|checkpoint_sha256|state_prediction_npz|state_row_index|morph_fg_fraction|morph_boundary_density|frozen_safety_probability|frozen_operating_threshold|frozen_risk_flag,OK,98
PolypGen,release/SafeTTA_repro_release_candidate_v1/project_artifacts/outputs/Q1_R10L3B_polypgen_frozen_safety_score_lock_fix1_v1/R10L3B_POLYPGEN_FROZEN_SAFETY_SCORE_LOCK.json,4575,4.47 KiB,,status|decision|script_version|build|primary_method|target_dataset|target_component|target_cases|model_states|model_case_rows|representation|estimator|representation_sentinel|information_boundary|upstream_hashes|artifacts|post_score_rules,OK,98
PolypGen,release/SafeTTA_repro_release_candidate_v1/project_artifacts/outputs/Q1_R10L3B_polypgen_frozen_safety_score_lock_fix1_v1/R10L3B_unlabeled_center_score_summary.csv,501,501.00 B,6,center|rows|probability_mean|probability_median|flagged|flagged_fraction,OK,98
PolypGen,release/SafeTTA_repro_release_candidate_v1/project_artifacts/outputs/Q1_R10L3B_polypgen_frozen_safety_score_lock_fix1_v1/R10L3B_unlabeled_family_score_summary.csv,320,320.00 B,3,model_family|rows|probability_mean|probability_median|flagged|flagged_fraction,OK,98
PolypGen,release/SafeTTA_repro_release_candidate_v1/project_artifacts/outputs/Q1_R10L3B_polypgen_frozen_safety_score_lock_fix1_v1/run_log.txt,1301,1.27 KiB,,,OK,98
PolypGen,release/SafeTTA_repro_release_candidate_v1/project_artifacts/outputs/Q1_R10L3D_polypgen_external_generalization_diagnostic_freeze_fix1_v1/R10L3D_EXTERNAL_GENERALIZATION_CLAIM_LOCK.json,1470,1.44 KiB,,decision|r10l3c_lock_sha256|target_cases|model_case_rows|harm_prevalence|primary_macro_auroc|primary_macro_auroc_ci95|primary_macro_auprc|primary_macro_auprc_ci95|auprc_minus_harm_prevalence|auprc_over_harm_prevalence|frozen_threshold_recall|frozen_threshold_fpr|oracle_target_fpr_at_r90_diagnostic|brier_score_diagnostic|ece_fixed10bin_diagnostic|ranking_signal_above_chance_by_clustered_ci|auprc_above_prevalence|high_recall_operating_point_weak|claim_boundary|method_changes_after_gt_reveal,OK,0
PolypGen,release/SafeTTA_repro_release_candidate_v1/project_artifacts/outputs/Q1_R10L3D_polypgen_external_generalization_diagnostic_freeze_fix1_v1/R10L3D_family_center_metric_grid.csv,3340,3.26 KiB,18,rows|harm|nonharm|harm_prevalence|auroc|auprc|auprc_minus_prevalence|auprc_over_prevalence|recall|fpr|flagged_fraction|model_family|center,OK,0
PolypGen,release/SafeTTA_repro_release_candidate_v1/project_artifacts/outputs/Q1_R10L3D_polypgen_external_generalization_diagnostic_freeze_fix1_v1/R10L3D_fixed10bin_calibration_diagnostic.csv,903,903.00 B,10,bin|lower|upper|rows|mean_probability|observed_harm_rate|absolute_gap,OK,0
PolypGen,release/SafeTTA_repro_release_candidate_v1/project_artifacts/outputs/Q1_R10L3D_polypgen_external_generalization_diagnostic_freeze_fix1_v1/R10L3D_primary_bootstrap_ci.csv,977,977.00 B,6,level|group|metric|bootstrap_resamples_requested|bootstrap_resamples_valid|bootstrap_seed|cluster|center_stratified|ci_low_2p5|bootstrap_median|ci_high_97p5,OK,0
SUNSEG,release/SafeTTA_repro_release_candidate_v1/project_artifacts/outputs/Q1_R14B3_sunseg_unseen_case_balanced_candidate_lock_fix1_v1/R14B3_SUNSEG_CASE_BALANCED_SAMPLING_SUMMARY.csv,1325,1.29 KiB,49,physical_case_id|eligible_frame_count|selected_frame_count|eligible_clip_count|selected_clip_count|selected_easy_unseen|selected_hard_unseen,OK,0
SUNSEG,release/SafeTTA_repro_release_candidate_v1/project_artifacts/outputs/Q1_R14B3_sunseg_unseen_case_balanced_candidate_lock_fix1_v1/R14B3_SUNSEG_PRECONTAMINATION_CANDIDATE_LOCK.json,2661,2.60 KiB,,status|decision|r14b2_lock_path|r14b2_lock_sha256|r14b2_pair_manifest_sha256|archive_sha256|eligibility|sampling|future_contamination_rule|primary_future_inference_unit|primary_future_statistics_cluster|information_boundary|next_stage,OK,0
SUNSEG,release/SafeTTA_repro_release_candidate_v1/project_artifacts/outputs/Q1_R14B3_sunseg_unseen_case_balanced_candidate_lock_fix1_v1/R14B3_SUNSEG_PRECONTAMINATION_CANDIDATE_MANIFEST.csv,545855,533.06 KiB,980,pair_key|dataset|visibility|clip_id|physical_case_id|frame_index|frame_member|gt_member|frame_size|gt_size|external_case_id|cluster_id|sampling_rank_within_case|sampling_hash|source_split_label|precontamination_status,OK,0
SUNSEG,release/SafeTTA_repro_release_candidate_v1/project_artifacts/outputs/Q1_R14B4B_sunseg_selected_rgb_contamination_audit_fix3_v1/R14B4B_FIX3_CASE_EXCLUSIONS.csv,103,103.00 B,0,cluster_id|precontamination_frame_count|postcontamination_frame_count|exclusion_reason|replacement,OK,0
SUNSEG,release/SafeTTA_repro_release_candidate_v1/project_artifacts/outputs/Q1_R14B4B_sunseg_selected_rgb_contamination_audit_fix3_v1/R14B4B_FIX3_EXACT_CONTAMINATION_MATCHES.csv,168,168.00 B,0,match_type|sun_pair_key|sun_cluster_id|sun_frame_member|reference_dataset|reference_id|reference_path|dhash_hamming|thumb_mae|full_mae|full_psnr|hard_contamination,OK,0
SUNSEG,release/SafeTTA_repro_release_candidate_v1/project_artifacts/outputs/Q1_R14B4B_sunseg_selected_rgb_contamination_audit_fix3_v1/R14B4B_FIX3_FINAL_CONFIRMATORY_MANIFEST.csv,545855,533.06 KiB,980,pair_key|dataset|visibility|clip_id|physical_case_id|frame_index|frame_member|gt_member|frame_size|gt_size|external_case_id|cluster_id|sampling_rank_within_case|sampling_hash|source_split_label|precontamination_status,OK,0
SUNSEG,release/SafeTTA_repro_release_candidate_v1/project_artifacts/outputs/Q1_R14B4B_sunseg_selected_rgb_contamination_audit_fix3_v1/R14B4B_FIX3_NEAR_DUPLICATE_CANDIDATES.csv,168,168.00 B,0,match_type|sun_pair_key|sun_cluster_id|sun_frame_member|reference_dataset|reference_id|reference_path|dhash_hamming|thumb_mae|full_mae|full_psnr|hard_contamination,OK,0
SUNSEG,release/SafeTTA_repro_release_candidate_v1/project_artifacts/outputs/Q1_R14B4B_sunseg_selected_rgb_contamination_audit_fix3_v1/R14B4B_FIX3_S01_ROOT_RESOLUTION.csv,107,107.00 B,1,candidate_root|missing_image_paths|valid_all,OK,0
SUNSEG,release/SafeTTA_repro_release_candidate_v1/project_artifacts/outputs/Q1_R14B4B_sunseg_selected_rgb_contamination_audit_fix3_v1/R14B4B_FIX3_SUNSEG_CONTAMINATION_AUDIT_LOCK.json,3309,3.23 KiB,,status|decision|supersedes|fix_reason|frozen_candidate|reference_assets|cross_dataset_common_exact_hash|contamination_rule|results|final_confirmatory_cohort_locked|final_manifest_path|final_manifest_sha256|information_boundary|next_stage,OK,0
SUNSEG,release/SafeTTA_repro_release_candidate_v1/project_artifacts/outputs/Q1_R14B4B_sunseg_selected_rgb_contamination_audit_fix3_v1/R14B4B_FIX3_SUN_INTERNAL_EXACT_DUPLICATES.csv,54,54.00 B,0,duplicate_type|sha256|count|cluster_ids|pair_keys,OK,0
SUNSEG,release/SafeTTA_repro_release_candidate_v1/project_artifacts/outputs/Q1_R14B4B_sunseg_selected_rgb_contamination_audit_fix3_v1/R14B4B_FIX3_SUN_SELECTED_RGB_HASHES.csv,420348,410.50 KiB,980,pair_key|cluster_id|physical_case_id|clip_id|source_split_label|frame_member|width|height|file_sha256|common_rgb_sha256|dhash64_hex,OK,0
SUNSEG,release/SafeTTA_repro_release_candidate_v1/project_artifacts/outputs/Q1_R14C0_sunseg_preGT_prediction_runtime_lineage_preflight_fix4_v1/R14C0_ACTION_SEMANTIC_TOKEN_AUDIT.csv,1735,1.69 KiB,24,script|semantic_group|matched_tokens|pass,OK,0
SUNSEG,release/SafeTTA_repro_release_candidate_v1/project_artifacts/outputs/Q1_R14C0_sunseg_preGT_prediction_runtime_lineage_preflight_fix4_v1/R14C0_FROZEN_9_STATE_CHECKPOINT_LINEAGE.csv,1930,1.88 KiB,9,model_family|training_seed|checkpoint_path|checkpoint_sha256|checkpoint_bytes,OK,0
SUNSEG,release/SafeTTA_repro_release_candidate_v1/project_artifacts/outputs/Q1_R14C0_sunseg_preGT_prediction_runtime_lineage_preflight_fix4_v1/R14C0_SUNSEG_PREGT_RUNTIME_LINEAGE_LOCK.json,8947,8.74 KiB,,status|decision|sun_confirmatory_cohort|historical_action_scripts|checkpoint_count|checkpoint_lineage|action_semantic_audit|pl_one_step_audit_method|information_boundary|next_stage,OK,0
SUNSEG,release/SafeTTA_repro_release_candidate_v1/project_artifacts/outputs/Q1_R14C2A_frozen_safety_estimator_lineage_schema_preflight_fix2_v1/R14C2A_FROZEN_SAFETY_ESTIMATOR_LINEAGE_SCHEMA_AUDIT.json,103902,101.47 KiB,,status|decision|r14c1|r10l0|strong_representation_candidates|block_report|information_boundary|next_stage,OK,0
SUNSEG,release/SafeTTA_repro_release_candidate_v1/project_artifacts/outputs/Q1_R14C2B_sunseg_frozen_safety_score_lock_preGT_fix1_v1/information_boundary_audit.json,747,747.00 B,,sun_rgb_pixels_decoded|source_mask_values_accessed|tent1_mask_values_accessed|pl_mask_values_accessed|sun_gt_path_or_member_accessed|sun_gt_pixels_decoded|sun_outcomes_revealed|dice_computed|delta_dice_computed|harm_benefit_labels_computed|pca_fit_called|pca_refit_called|safety_head_fit_called|safety_head_refit_called|target_calibration|target_threshold_selection|target_feature_selection|target_score_orientation_change|target_case_selection_from_scores|frozen_threshold,OK,99
SUNSEG,release/SafeTTA_repro_release_candidate_v1/project_artifacts/outputs/Q1_R14C2B_sunseg_frozen_safety_score_lock_preGT_fix1_v1/R14C2B_FROZEN_SUNSEG_SAFETY_SCORES.csv,5420704,5.17 MiB,8820,feature_row|sample_id|external_case_id|cluster_id|clip_id|source_split_label|frame_member|image_raw_sha256|model_family|model_state_id|training_seed|checkpoint_sha256|state_prediction_npz_relpath|state_row_index|morph_fg_fraction|morph_boundary_density|frozen_safety_probability|frozen_operating_threshold|frozen_risk_flag,OK,99
SUNSEG,release/SafeTTA_repro_release_candidate_v1/project_artifacts/outputs/Q1_R14C2B_sunseg_frozen_safety_score_lock_preGT_fix1_v1/R14C2B_SUNSEG_FROZEN_SAFETY_SCORE_LOCK.json,6114,5.97 KiB,,status|decision|script_version|build|primary_method|target_dataset|target_component|target_frames|physical_cases|model_states|model_frame_rows|representation|estimator|representation_sentinel|source_mask_decode_audit|rgb_cache|information_boundary|upstream_hashes|artifacts|post_score_rules|next_stage,OK,99
SUNSEG,release/SafeTTA_repro_release_candidate_v1/project_artifacts/outputs/Q1_R14C2B_sunseg_frozen_safety_score_lock_preGT_fix1_v1/R14C2B_unlabeled_family_score_summary.csv,315,315.00 B,3,model_family|rows|probability_mean|probability_median|flagged|flagged_fraction,OK,99
SUNSEG,release/SafeTTA_repro_release_candidate_v1/project_artifacts/outputs/Q1_R14C2B_sunseg_frozen_safety_score_lock_preGT_fix1_v1/R14C2B_unlabeled_split_score_summary.csv,299,299.00 B,2,source_split_label|rows|unique_frames|unique_physical_cases|probability_mean|probability_median|flagged|flagged_fraction,OK,99
SUNSEG,release/SafeTTA_repro_release_candidate_v1/project_artifacts/outputs/Q1_R14C2B_sunseg_frozen_safety_score_lock_preGT_fix1_v1/run_log.txt,1328,1.30 KiB,,,OK,99
PROMISE12,release/SafeTTA_repro_release_candidate_v1/provenance/project_artifacts/outputs/Q1_SAFETTA_numeric_replay_v1_fix4/CM6/CM6_PROMISE12_OUTCOMES.csv,467272,456.32 KiB,4131,family|global_index|case_key|slice_index|risk_score|source_dice|tent1_dice|delta_dice|state|harmful|beneficial|source_tp|source_fp|source_fn|tent_tp|tent_fp|tent_fn,OK,0
PROMISE12,release/SafeTTA_repro_release_candidate_v1/provenance/project_artifacts/outputs/Q1_SAFETTA_numeric_replay_v1_fix4/CM7B/CM7B_PROMISE12_MATCHED_COVERAGE_UTILITY_AUDIT_LOCK.json,3847,3.76 KiB,,status|decision|version|build|scope|cm6_lock_sha256|cm7a_lock_sha256|frozen_policy|matched_random_baseline|point_results|interpretation_boundary|changes_after_gt|artifacts|next_stage,OK,0
PolypGen,release/SafeTTA_repro_release_candidate_v1/provenance/project_artifacts/outputs/Q1_SAFETTA_numeric_replay_v1_fix4/R10L3C/R10L3C_POLYPGEN_PROSPECTIVE_EXTERNAL_EVALUATION_LOCK.json,4527,4.42 KiB,,status|decision|script_version|build|target_dataset|target_cases|model_states|model_case_rows|outcome_definition|polypgen_gt_decode|frozen_safety_evaluation|outcome_counts|harm_rows|nonharm_rows|benefit_rows|primary_macro_point|information_boundary|upstream_hashes|artifacts,OK,0
SUNSEG,release/SafeTTA_repro_release_candidate_v1/provenance/project_artifacts/outputs/Q1_SAFETTA_numeric_replay_v1_fix4/R14C3B/R14C3B_SUNSEG_DUAL_ACTION_FROZEN_SCORE_EVALUATION_LOCK.json,9076,8.86 KiB,,status|decision|script_version|build|target_dataset|target_frames|physical_cases|model_states|model_frame_rows|evidence_order|gt_decode|outcome_definition|frozen_safety_evaluation|action_outcomes|action_shift_mechanism|primary_macro_point|bootstrap_valid|information_boundary|upstream_hashes|artifacts,OK,0
NeoPolyp,data/external/NeoPolyp_raw/extracted/sample_submission.csv,15612,15.25 KiB,400,Id|Expected,OK,0
PolypGen,data/external/PolypGen/PolypGen2021_MultiCenterData_v3/fileStructure_all.txt,1309500,1.25 MiB,,,OK,0
PolypGen,data/external/PolypGen/PolypGen2021_MultiCenterData_v3/fileStructure_directories.txt,5752,5.62 KiB,,,OK,0
PolypGen,data/external/PolypGen/PolypGen2021_MultiCenterData_v3/license.txt,20851,20.36 KiB,,,OK,0
PolypGen,data/external/PolypGen/PolypGen2021_MultiCenterData_v3/dataDetails_PolypGen_SingleFrames/dataDetails_C1.csv,43127,42.12 KiB,256,fileList|sizeType|sizeVal|annotations,OK,0
PolypGen,data/external/PolypGen/PolypGen2021_MultiCenterData_v3/dataDetails_PolypGen_SingleFrames/dataDetails_C2.csv,50673,49.49 KiB,301,fileList|sizeType|sizeVal|annotations,OK,0
PolypGen,data/external/PolypGen/PolypGen2021_MultiCenterData_v3/dataDetails_PolypGen_SingleFrames/dataDetails_C3.csv,77876,76.05 KiB,457,fileList|sizeType|sizeVal|annotations,OK,0
PolypGen,data/external/PolypGen/PolypGen2021_MultiCenterData_v3/dataDetails_PolypGen_SingleFrames/dataDetails_C4.csv,39992,39.05 KiB,227,fileList|sizeType|sizeVal|annotations,OK,0
PolypGen,data/external/PolypGen/PolypGen2021_MultiCenterData_v3/dataDetails_PolypGen_SingleFrames/dataDetails_C5.csv,36112,35.27 KiB,208,fileList|sizeType|sizeVal|annotations,OK,0
PolypGen,data/external/PolypGen/PolypGen2021_MultiCenterData_v3/data_C1/bbox_C1/100H0050_mask.txt,22,22.00 B,,,OK,0
PolypGen,data/external/PolypGen/PolypGen2021_MultiCenterData_v3/data_C1/bbox_C1/100S0001_mask.txt,1,1.00 B,,,OK,0
PolypGen,data/external/PolypGen/PolypGen2021_MultiCenterData_v3/data_C1/bbox_C1/100S0003_mask.txt,21,21.00 B,,,OK,0
PolypGen,data/external/PolypGen/PolypGen2021_MultiCenterData_v3/data_C1/bbox_C1/102OLCV1_100H0006_mask.txt,22,22.00 B,,,OK,0
PolypGen,data/external/PolypGen/PolypGen2021_MultiCenterData_v3/data_C1/bbox_C1/104OLCV1_100H0002_mask.txt,22,22.00 B,,,OK,0
PolypGen,data/external/PolypGen/PolypGen2021_MultiCenterData_v3/data_C1/bbox_C1/106OLCV1_100H0012_mask.txt,22,22.00 B,,,OK,0
PolypGen,data/external/PolypGen/PolypGen2021_MultiCenterData_v3/data_C1/bbox_C1/106OLCV1_100H0014_mask.txt,23,23.00 B,,,OK,0
PolypGen,data/external/PolypGen/PolypGen2021_MultiCenterData_v3/data_C1/bbox_C1/117OLCV1_100H0010_mask.txt,22,22.00 B,,,OK,0
PolypGen,data/external/PolypGen/PolypGen2021_MultiCenterData_v3/data_C1/bbox_C1/123OLCV1_100H0004_mask.txt,22,22.00 B,,,OK,0
PolypGen,data/external/PolypGen/PolypGen2021_MultiCenterData_v3/data_C1/bbox_C1/124OLCV1_100H0004_mask.txt,22,22.00 B,,,OK,0
PolypGen,data/external/PolypGen/PolypGen2021_MultiCenterData_v3/data_C1/bbox_C1/125OLCV1_100H0003_mask.txt,67,67.00 B,,,OK,0
PolypGen,data/external/PolypGen/PolypGen2021_MultiCenterData_v3/data_C1/bbox_C1/127OLCV1_100H0001_mask.txt,22,22.00 B,,,OK,0
PolypGen,data/external/PolypGen/PolypGen2021_MultiCenterData_v3/data_C1/bbox_C1/130OLCV1_100H0002_mask.txt,22,22.00 B,,,OK,0
PolypGen,data/external/PolypGen/PolypGen2021_MultiCenterData_v3/data_C1/bbox_C1/133OLCV1_100H0006_mask.txt,24,24.00 B,,,OK,0
PolypGen,data/external/PolypGen/PolypGen2021_MultiCenterData_v3/data_C1/bbox_C1/133OLCV1_100H0013_mask.txt,22,22.00 B,,,OK,0
PolypGen,data/external/PolypGen/PolypGen2021_MultiCenterData_v3/data_C1/bbox_C1/134OLCV1_100H0010_mask.txt,23,23.00 B,,,OK,0
PolypGen,data/external/PolypGen/PolypGen2021_MultiCenterData_v3/data_C1/bbox_C1/136OLCV1_100S0005_mask.txt,22,22.00 B,,,OK,0
PolypGen,data/external/PolypGen/PolypGen2021_MultiCenterData_v3/data_C1/bbox_C1/143OLCV1_100H0018_mask.txt,22,22.00 B,,,OK,0
PolypGen,data/external/PolypGen/PolypGen2021_MultiCenterData_v3/data_C1/bbox_C1/144OLCV1_100H0022_mask.txt,22,22.00 B,,,OK,0
PolypGen,data/external/PolypGen/PolypGen2021_MultiCenterData_v3/data_C1/bbox_C1/144OLCV1_100H0024_mask.txt,22,22.00 B,,,OK,0
PolypGen,data/external/PolypGen/PolypGen2021_MultiCenterData_v3/data_C1/bbox_C1/148OLCV1_100H0004_mask.txt,22,22.00 B,,,OK,0
PolypGen,data/external/PolypGen/PolypGen2021_MultiCenterData_v3/data_C1/bbox_C1/150OLCV1_100H0016_mask.txt,22,22.00 B,,,OK,0
PolypGen,data/external/PolypGen/PolypGen2021_MultiCenterData_v3/data_C1/bbox_C1/153OLCV1_100H0010_mask.txt,22,22.00 B,,,OK,0
PolypGen,data/external/PolypGen/PolypGen2021_MultiCenterData_v3/data_C1/bbox_C1/155OLCV1_100H0010_mask.txt,88,88.00 B,,,OK,0
PolypGen,data/external/PolypGen/PolypGen2021_MultiCenterData_v3/data_C1/bbox_C1/155OLCV1_100H0032_mask.txt,22,22.00 B,,,OK,0
PolypGen,data/external/PolypGen/PolypGen2021_MultiCenterData_v3/data_C1/bbox_C1/156OLCV1_100H0002_mask.txt,22,22.00 B,,,OK,0
PolypGen,data/external/PolypGen/PolypGen2021_MultiCenterData_v3/data_C1/bbox_C1/161OLCV1_100S0021_mask.txt,21,21.00 B,,,OK,0
PolypGen,data/external/PolypGen/PolypGen2021_MultiCenterData_v3/data_C1/bbox_C1/163OLCV1_100H0001_mask.txt,22,22.00 B,,,OK,0
PolypGen,data/external/PolypGen/PolypGen2021_MultiCenterData_v3/data_C1/bbox_C1/169OLCV1_100H0007_mask.txt,178,178.00 B,,,OK,0
PolypGen,data/external/PolypGen/PolypGen2021_MultiCenterData_v3/data_C1/bbox_C1/171OLCV1_100H0002_mask.txt,23,23.00 B,,,OK,0
PolypGen,data/external/PolypGen/PolypGen2021_MultiCenterData_v3/data_C1/bbox_C1/171OLCV1_100H0003_mask.txt,21,21.00 B,,,OK,0
PolypGen,data/external/PolypGen/PolypGen2021_MultiCenterData_v3/data_C1/bbox_C1/171OLCV1_100H0004_mask.txt,21,21.00 B,,,OK,0
PolypGen,data/external/PolypGen/PolypGen2021_MultiCenterData_v3/data_C1/bbox_C1/174OLCV1_100H0002_mask.txt,21,21.00 B,,,OK,0
PolypGen,data/external/PolypGen/PolypGen2021_MultiCenterData_v3/data_C1/bbox_C1/175OLCV1_100H0011_mask.txt,23,23.00 B,,,OK,0
PolypGen,data/external/PolypGen/PolypGen2021_MultiCenterData_v3/data_C1/bbox_C1/175OLCV1_100H0099_mask.txt,18,18.00 B,,,OK,0
PolypGen,data/external/PolypGen/PolypGen2021_MultiCenterData_v3/data_C1/bbox_C1/176OLCV1_100H0002_mask.txt,21,21.00 B,,,OK,0
PolypGen,data/external/PolypGen/PolypGen2021_MultiCenterData_v3/data_C1/bbox_C1/176OLCV1_100H0089_mask.txt,22,22.00 B,,,OK,0
PolypGen,data/external/PolypGen/PolypGen2021_MultiCenterData_v3/data_C1/bbox_C1/176OLCV1_100H0126_mask.txt,22,22.00 B,,,OK,0
PolypGen,data/external/PolypGen/PolypGen2021_MultiCenterData_v3/data_C1/bbox_C1/176OLCV1_100H0160_mask.txt,22,22.00 B,,,OK,0
PolypGen,data/external/PolypGen/PolypGen2021_MultiCenterData_v3/data_C1/bbox_C1/176OLCV1_100H0255_mask.txt,41,41.00 B,,,OK,0
PolypGen,data/external/PolypGen/PolypGen2021_MultiCenterData_v3/data_C1/bbox_C1/176OLCV1_100H0290_mask.txt,23,23.00 B,,,OK,0
PolypGen,data/external/PolypGen/PolypGen2021_MultiCenterData_v3/data_C1/bbox_C1/176OLCV1_100H0470_mask.txt,22,22.00 B,,,OK,0
PolypGen,data/external/PolypGen/PolypGen2021_MultiCenterData_v3/data_C1/bbox_C1/176OLCV1_100H0537_mask.txt,22,22.00 B,,,OK,0
PolypGen,data/external/PolypGen/PolypGen2021_MultiCenterData_v3/data_C1/bbox_C1/176OLCV1_100H0587_mask.txt,22,22.00 B,,,OK,0
PolypGen,data/external/PolypGen/PolypGen2021_MultiCenterData_v3/data_C1/bbox_C1/176OLCV1_100H0730_mask.txt,22,22.00 B,,,OK,0
PolypGen,data/external/PolypGen/PolypGen2021_MultiCenterData_v3/data_C1/bbox_C1/176OLCV1_100H0738_mask.txt,22,22.00 B,,,OK,0
PolypGen,data/external/PolypGen/PolypGen2021_MultiCenterData_v3/data_C1/bbox_C1/176OLCV1_100H0739_mask.txt,22,22.00 B,,,OK,0
PolypGen,data/external/PolypGen/PolypGen2021_MultiCenterData_v3/data_C1/bbox_C1/176OLCV1_100H0846_mask.txt,21,21.00 B,,,OK,0
PolypGen,data/external/PolypGen/PolypGen2021_MultiCenterData_v3/data_C1/bbox_C1/176OLCV1_100H0885_mask.txt,22,22.00 B,,,OK,0
PolypGen,data/external/PolypGen/PolypGen2021_MultiCenterData_v3/data_C1/bbox_C1/176OLCV1_100H0889_mask.txt,22,22.00 B,,,OK,0
PolypGen,data/external/PolypGen/PolypGen2021_MultiCenterData_v3/data_C1/bbox_C1/176OLCV1_100H0890_mask.txt,22,22.00 B,,,OK,0
PolypGen,data/external/PolypGen/PolypGen2021_MultiCenterData_v3/data_C1/bbox_C1/176OLCV1_100H0902_mask.txt,21,21.00 B,,,OK,0
PolypGen,data/external/PolypGen/PolypGen2021_MultiCenterData_v3/data_C1/bbox_C1/176OLCV1_100H0912_mask.txt,23,23.00 B,,,OK,0
PolypGen,data/external/PolypGen/PolypGen2021_MultiCenterData_v3/data_C1/bbox_C1/177OLCV1_100H0014_mask.txt,22,22.00 B,,,OK,0
PolypGen,data/external/PolypGen/PolypGen2021_MultiCenterData_v3/data_C1/bbox_C1/177OLCV1_100H0024_mask.txt,23,23.00 B,,,OK,0
PolypGen,data/external/PolypGen/PolypGen2021_MultiCenterData_v3/data_C1/bbox_C1/177OLCV1_100H0038_mask.txt,23,23.00 B,,,OK,0
PolypGen,data/external/PolypGen/PolypGen2021_MultiCenterData_v3/data_C1/bbox_C1/177OLCV1_100H0040_mask.txt,23,23.00 B,,,OK,0
PolypGen,data/external/PolypGen/PolypGen2021_MultiCenterData_v3/data_C1/bbox_C1/177OLCV1_100S0005_mask.txt,22,22.00 B,,,OK,0
PolypGen,data/external/PolypGen/PolypGen2021_MultiCenterData_v3/data_C1/bbox_C1/180OLCV1_100H0006_mask.txt,22,22.00 B,,,OK,0
PolypGen,data/external/PolypGen/PolypGen2021_MultiCenterData_v3/data_C1/bbox_C1/186OLCV1_100H0008_mask.txt,20,20.00 B,,,OK,0
PolypGen,data/external/PolypGen/PolypGen2021_MultiCenterData_v3/data_C1/bbox_C1/186OLCV1_100H0045_mask.txt,21,21.00 B,,,OK,0
PolypGen,data/external/PolypGen/PolypGen2021_MultiCenterData_v3/data_C1/bbox_C1/186OLCV1_100H0053_mask.txt,44,44.00 B,,,OK,0
PolypGen,data/external/PolypGen/PolypGen2021_MultiCenterData_v3/data_C1/bbox_C1/186OLCV1_100H0063_mask.txt,22,22.00 B,,,OK,0
PolypGen,data/external/PolypGen/PolypGen2021_MultiCenterData_v3/data_C1/bbox_C1/186OLCV1_100H0066_mask.txt,22,22.00 B,,,OK,0
PolypGen,data/external/PolypGen/PolypGen2021_MultiCenterData_v3/data_C1/bbox_C1/187OLCV1_100H0079_mask.txt,22,22.00 B,,,OK,0
PolypGen,data/external/PolypGen/PolypGen2021_MultiCenterData_v3/data_C1/bbox_C1/188OLCV1_100H0002_mask.txt,23,23.00 B,,,OK,0
PolypGen,data/external/PolypGen/PolypGen2021_MultiCenterData_v3/data_C1/bbox_C1/192OLCV1_100H0002_mask.txt,22,22.00 B,,,OK,0
PolypGen,data/external/PolypGen/PolypGen2021_MultiCenterData_v3/data_C1/bbox_C1/192OLCV1_100H0004_mask.txt,21,21.00 B,,,OK,0
PolypGen,data/external/PolypGen/PolypGen2021_MultiCenterData_v3/data_C1/bbox_C1/195OLCV1_100H0002_mask.txt,22,22.00 B,,,OK,0
PolypGen,data/external/PolypGen/PolypGen2021_MultiCenterData_v3/data_C1/bbox_C1/195OLCV1_100H0012_mask.txt,22,22.00 B,,,OK,0
PolypGen,data/external/PolypGen/PolypGen2021_MultiCenterData_v3/data_C1/bbox_C1/199OLCV1_100H0010_mask.txt,20,20.00 B,,,OK,0
PolypGen,data/external/PolypGen/PolypGen2021_MultiCenterData_v3/data_C1/bbox_C1/201OLCV1_100H0018_mask.txt,24,24.00 B,,,OK,0
PolypGen,data/external/PolypGen/PolypGen2021_MultiCenterData_v3/data_C1/bbox_C1/204OLCV1_100H0006_mask.txt,47,47.00 B,,,OK,0
PolypGen,data/external/PolypGen/PolypGen2021_MultiCenterData_v3/data_C1/bbox_C1/205OLCV1_100H0004_mask.txt,20,20.00 B,,,OK,0
PolypGen,data/external/PolypGen/PolypGen2021_MultiCenterData_v3/data_C1/bbox_C1/206OLCV1_100H0002_mask.txt,22,22.00 B,,,OK,0
PolypGen,data/external/PolypGen/PolypGen2021_MultiCenterData_v3/data_C1/bbox_C1/208OLCV1_100H0002_mask.txt,23,23.00 B,,,OK,0
PolypGen,data/external/PolypGen/PolypGen2021_MultiCenterData_v3/data_C1/bbox_C1/214OLCV1_100H0006_mask.txt,22,22.00 B,,,OK,0
PolypGen,data/external/PolypGen/PolypGen2021_MultiCenterData_v3/data_C1/bbox_C1/220OLCV1_100H0008_mask.txt,23,23.00 B,,,OK,0
PolypGen,data/external/PolypGen/PolypGen2021_MultiCenterData_v3/data_C1/bbox_C1/226OLCV1_100H0002_mask.txt,22,22.00 B,,,OK,0
PolypGen,data/external/PolypGen/PolypGen2021_MultiCenterData_v3/data_C1/bbox_C1/231OLCV1_100H0010_mask.txt,22,22.00 B,,,OK,0
PolypGen,data/external/PolypGen/PolypGen2021_MultiCenterData_v3/data_C1/bbox_C1/232OLCV1_100H0002_mask.txt,19,19.00 B,,,OK,0
PolypGen,data/external/PolypGen/PolypGen2021_MultiCenterData_v3/data_C1/bbox_C1/232OLCV1_100S0001_mask.txt,19,19.00 B,,,OK,0
PolypGen,data/external/PolypGen/PolypGen2021_MultiCenterData_v3/data_C1/bbox_C1/234OLCV1_100H0020_mask.txt,22,22.00 B,,,OK,0
PolypGen,data/external/PolypGen/PolypGen2021_MultiCenterData_v3/data_C1/bbox_C1/234OLCV1_100H0024_mask.txt,20,20.00 B,,,OK,0
PolypGen,data/external/PolypGen/PolypGen2021_MultiCenterData_v3/data_C1/bbox_C1/241OLCV1_100H0002_mask.txt,23,23.00 B,,,OK,0
PolypGen,data/external/PolypGen/PolypGen2021_MultiCenterData_v3/data_C1/bbox_C1/242OLCV1_100H0012_mask.txt,20,20.00 B,,,OK,0
PolypGen,data/external/PolypGen/PolypGen2021_MultiCenterData_v3/data_C1/bbox_C1/253OLCV1_100H0004_mask.txt,23,23.00 B,,,OK,0
PolypGen,data/external/PolypGen/PolypGen2021_MultiCenterData_v3/data_C1/bbox_C1/263OLCV1_100H0002_mask.txt,23,23.00 B,,,OK,0
PolypGen,data/external/PolypGen/PolypGen2021_MultiCenterData_v3/data_C1/bbox_C1/263OLCV1_100H0010_mask.txt,23,23.00 B,,,OK,0
PolypGen,data/external/PolypGen/PolypGen2021_MultiCenterData_v3/data_C1/bbox_C1/273OLCV1_100H0002_mask.txt,23,23.00 B,,,OK,0
PolypGen,data/external/PolypGen/PolypGen2021_MultiCenterData_v3/data_C1/bbox_C1/276OLCV1_100H0004_mask.txt,22,22.00 B,,,OK,0
PolypGen,data/external/PolypGen/PolypGen2021_MultiCenterData_v3/data_C1/bbox_C1/276OLCV1_100H0006_mask.txt,22,22.00 B,,,OK,0
PolypGen,data/external/PolypGen/PolypGen2021_MultiCenterData_v3/data_C1/bbox_C1/278OLCV1_100H0010_mask.txt,22,22.00 B,,,OK,0
PolypGen,data/external/PolypGen/PolypGen2021_MultiCenterData_v3/data_C1/bbox_C1/278OLCV1_100H0012_mask.txt,23,23.00 B,,,OK,0
PolypGen,data/external/PolypGen/PolypGen2021_MultiCenterData_v3/data_C1/bbox_C1/284OLCV1_100H0004_mask.txt,24,24.00 B,,,OK,0
PolypGen,data/external/PolypGen/PolypGen2021_MultiCenterData_v3/data_C1/bbox_C1/290OLCV1_100H0020_mask.txt,22,22.00 B,,,OK,0
PolypGen,data/external/PolypGen/PolypGen2021_MultiCenterData_v3/data_C1/bbox_C1/290OLCV1_100H0040_mask.txt,22,22.00 B,,,OK,0
PolypGen,data/external/PolypGen/PolypGen2021_MultiCenterData_v3/data_C1/bbox_C1/291OLCV1_100H0012_mask.txt,22,22.00 B,,,OK,0
PolypGen,data/external/PolypGen/PolypGen2021_MultiCenterData_v3/data_C1/bbox_C1/295OLCV1_100H0004_mask.txt,40,40.00 B,,,OK,0
PolypGen,data/external/PolypGen/PolypGen2021_MultiCenterData_v3/data_C1/bbox_C1/295OLCV1_100H0006_mask.txt,22,22.00 B,,,OK,0
PolypGen,data/external/PolypGen/PolypGen2021_MultiCenterData_v3/data_C1/bbox_C1/295OLCV1_100H0008_mask.txt,22,22.00 B,,,OK,0
PolypGen,data/external/PolypGen/PolypGen2021_MultiCenterData_v3/data_C1/bbox_C1/296OLCV1_100H0004_mask.txt,22,22.00 B,,,OK,0
PolypGen,data/external/PolypGen/PolypGen2021_MultiCenterData_v3/data_C1/bbox_C1/296OLCV1_100H0008_mask.txt,22,22.00 B,,,OK,0
PolypGen,data/external/PolypGen/PolypGen2021_MultiCenterData_v3/data_C1/bbox_C1/313OLCV1_100H0026_mask.txt,23,23.00 B,,,OK,0
PolypGen,data/external/PolypGen/PolypGen2021_MultiCenterData_v3/data_C1/bbox_C1/313OLCV1_100H0032_mask.txt,22,22.00 B,,,OK,0
PolypGen,data/external/PolypGen/PolypGen2021_MultiCenterData_v3/data_C1/bbox_C1/314OLCV1_100H0008_mask.txt,24,24.00 B,,,OK,0
PolypGen,data/external/PolypGen/PolypGen2021_MultiCenterData_v3/data_C1/bbox_C1/326OLCV1_100H0002_mask.txt,22,22.00 B,,,OK,0
PolypGen,data/external/PolypGen/PolypGen2021_MultiCenterData_v3/data_C1/bbox_C1/326OLCV1_100H0006_mask.txt,22,22.00 B,,,OK,0
PolypGen,data/external/PolypGen/PolypGen2021_MultiCenterData_v3/data_C1/bbox_C1/331OLCV1_100H0004_mask.txt,22,22.00 B,,,OK,0
PolypGen,data/external/PolypGen/PolypGen2021_MultiCenterData_v3/data_C1/bbox_C1/333OLCV1_100H0006_mask.txt,22,22.00 B,,,OK,0
PolypGen,data/external/PolypGen/PolypGen2021_MultiCenterData_v3/data_C1/bbox_C1/333OLCV1_100H0010_mask.txt,22,22.00 B,,,OK,0
PolypGen,data/external/PolypGen/PolypGen2021_MultiCenterData_v3/data_C1/bbox_C1/333OLCV1_100H0014_mask.txt,22,22.00 B,,,OK,0
PolypGen,data/external/PolypGen/PolypGen2021_MultiCenterData_v3/data_C1/bbox_C1/333OLCV1_100H0016_mask.txt,22,22.00 B,,,OK,0
PolypGen,data/external/PolypGen/PolypGen2021_MultiCenterData_v3/data_C1/bbox_C1/342OLCV1_100H0004_mask.txt,23,23.00 B,,,OK,0
PolypGen,data/external/PolypGen/PolypGen2021_MultiCenterData_v3/data_C1/bbox_C1/350OLCV1_100H0002_mask.txt,21,21.00 B,,,OK,0
PolypGen,data/external/PolypGen/PolypGen2021_MultiCenterData_v3/data_C1/bbox_C1/350OLCV1_100H0004_mask.txt,22,22.00 B,,,OK,0
PolypGen,data/external/PolypGen/PolypGen2021_MultiCenterData_v3/data_C1/bbox_C1/354OLCV1_100H0002_mask.txt,22,22.00 B,,,OK,0
PolypGen,data/external/PolypGen/PolypGen2021_MultiCenterData_v3/data_C1/bbox_C1/356OLCV1_100S0007_mask.txt,22,22.00 B,,,OK,0
PolypGen,data/external/PolypGen/PolypGen2021_MultiCenterData_v3/data_C1/bbox_C1/358OLCV1_100H0004_mask.txt,22,22.00 B,,,OK,0
PolypGen,data/external/PolypGen/PolypGen2021_MultiCenterData_v3/data_C1/bbox_C1/363OLCV1_100H0002_mask.txt,21,21.00 B,,,OK,0
PolypGen,data/external/PolypGen/PolypGen2021_MultiCenterData_v3/data_C1/bbox_C1/366OLCV1_100H0016_mask.txt,23,23.00 B,,,OK,0
PolypGen,data/external/PolypGen/PolypGen2021_MultiCenterData_v3/data_C1/bbox_C1/370OLCV1_100H0010_mask.txt,67,67.00 B,,,OK,0
PolypGen,data/external/PolypGen/PolypGen2021_MultiCenterData_v3/data_C1/bbox_C1/371OLCV1_100H0006_mask.txt,22,22.00 B,,,OK,0
PolypGen,data/external/PolypGen/PolypGen2021_MultiCenterData_v3/data_C1/bbox_C1/371OLCV1_100H0008_mask.txt,23,23.00 B,,,OK,0
PolypGen,data/external/PolypGen/PolypGen2021_MultiCenterData_v3/data_C1/bbox_C1/372OLCV1_100H0016_mask.txt,21,21.00 B,,,OK,0
PolypGen,data/external/PolypGen/PolypGen2021_MultiCenterData_v3/data_C1/bbox_C1/374OLCV1_100H0016_mask.txt,22,22.00 B,,,OK,0
PolypGen,data/external/PolypGen/PolypGen2021_MultiCenterData_v3/data_C1/bbox_C1/375OLCV1_100H0008_mask.txt,21,21.00 B,,,OK,0
PolypGen,data/external/PolypGen/PolypGen2021_MultiCenterData_v3/data_C1/bbox_C1/375OLCV1_100H0010_mask.txt,23,23.00 B,,,OK,0
PolypGen,data/external/PolypGen/PolypGen2021_MultiCenterData_v3/data_C1/bbox_C1/376OLCV1_100H0010_mask.txt,24,24.00 B,,,OK,0
PolypGen,data/external/PolypGen/PolypGen2021_MultiCenterData_v3/data_C1/bbox_C1/377OLCV1_100H0004_mask.txt,22,22.00 B,,,OK,0
PolypGen,data/external/PolypGen/PolypGen2021_MultiCenterData_v3/data_C1/bbox_C1/378OLCV1_100H0016_mask.txt,22,22.00 B,,,OK,0
PolypGen,data/external/PolypGen/PolypGen2021_MultiCenterData_v3/data_C1/bbox_C1/388OLCV1_100H0004_mask.txt,21,21.00 B,,,OK,0
PolypGen,data/external/PolypGen/PolypGen2021_MultiCenterData_v3/data_C1/bbox_C1/394OLCV1_100H0012_mask.txt,22,22.00 B,,,OK,0
PolypGen,data/external/PolypGen/PolypGen2021_MultiCenterData_v3/data_C1/bbox_C1/396OLCV1_100H0004_mask.txt,21,21.00 B,,,OK,0
PolypGen,data/external/PolypGen/PolypGen2021_MultiCenterData_v3/data_C1/bbox_C1/398OLCV1_100H0004_mask.txt,44,44.00 B,,,OK,0
PolypGen,data/external/PolypGen/PolypGen2021_MultiCenterData_v3/data_C1/bbox_C1/405OLCV1_100H0002_mask.txt,23,23.00 B,,,OK,0
PolypGen,data/external/PolypGen/PolypGen2021_MultiCenterData_v3/data_C1/bbox_C1/409OLCV1_100H0010_mask.txt,21,21.00 B,,,OK,0
PolypGen,data/external/PolypGen/PolypGen2021_MultiCenterData_v3/data_C1/bbox_C1/413OLCV1_100S0019_mask.txt,18,18.00 B,,,OK,0
PolypGen,data/external/PolypGen/PolypGen2021_MultiCenterData_v3/data_C1/bbox_C1/417OLCV1_100H0002_mask.txt,22,22.00 B,,,OK,0
PolypGen,data/external/PolypGen/PolypGen2021_MultiCenterData_v3/data_C1/bbox_C1/417OLCV1_100H0004_mask.txt,23,23.00 B,,,OK,0
PolypGen,data/external/PolypGen/PolypGen2021_MultiCenterData_v3/data_C1/bbox_C1/417OLCV1_100H0006_mask.txt,22,22.00 B,,,OK,0
PolypGen,data/external/PolypGen/PolypGen2021_MultiCenterData_v3/data_C1/bbox_C1/417OLCV1_100H0008_mask.txt,23,23.00 B,,,OK,0
PolypGen,data/external/PolypGen/PolypGen2021_MultiCenterData_v3/data_C1/bbox_C1/419OLCV1_100H0006_mask.txt,22,22.00 B,,,OK,0
PolypGen,data/external/PolypGen/PolypGen2021_MultiCenterData_v3/data_C1/bbox_C1/419OLCV1_100H0014_mask.txt,22,22.00 B,,,OK,0
PolypGen,data/external/PolypGen/PolypGen2021_MultiCenterData_v3/data_C1/bbox_C1/419OLCV1_100H0016_mask.txt,23,23.00 B,,,OK,0
PolypGen,data/external/PolypGen/PolypGen2021_MultiCenterData_v3/data_C1/bbox_C1/419OLCV1_100H0020_mask.txt,22,22.00 B,,,OK,0
PolypGen,data/external/PolypGen/PolypGen2021_MultiCenterData_v3/data_C1/bbox_C1/419OLCV1_100H0026_mask.txt,23,23.00 B,,,OK,0
PolypGen,data/external/PolypGen/PolypGen2021_MultiCenterData_v3/data_C1/bbox_C1/420OLCV1_100H0002_mask.txt,22,22.00 B,,,OK,0
PolypGen,data/external/PolypGen/PolypGen2021_MultiCenterData_v3/data_C1/bbox_C1/422OLCV1_100H0002_mask.txt,23,23.00 B,,,OK,0
PolypGen,data/external/PolypGen/PolypGen2021_MultiCenterData_v3/data_C1/bbox_C1/422OLCV1_100H0038_mask.txt,23,23.00 B,,,OK,0
PolypGen,data/external/PolypGen/PolypGen2021_MultiCenterData_v3/data_C1/bbox_C1/425OLCV1_100H0016_mask.txt,22,22.00 B,,,OK,0
PolypGen,data/external/PolypGen/PolypGen2021_MultiCenterData_v3/data_C1/bbox_C1/425OLCV1_100H0018_mask.txt,23,23.00 B,,,OK,0
PolypGen,data/external/PolypGen/PolypGen2021_MultiCenterData_v3/data_C1/bbox_C1/427OLCV1_100H0022_mask.txt,22,22.00 B,,,OK,0
PolypGen,data/external/PolypGen/PolypGen2021_MultiCenterData_v3/data_C1/bbox_C1/429OLCV1_100H0002_mask.txt,22,22.00 B,,,OK,0
PolypGen,data/external/PolypGen/PolypGen2021_MultiCenterData_v3/data_C1/bbox_C1/430OLCV1_100H0002_mask.txt,22,22.00 B,,,OK,0
PolypGen,data/external/PolypGen/PolypGen2021_MultiCenterData_v3/data_C1/bbox_C1/430OLCV1_100S0001_mask.txt,22,22.00 B,,,OK,0
PolypGen,data/external/PolypGen/PolypGen2021_MultiCenterData_v3/data_C1/bbox_C1/431OLCV1_100S0007_mask.txt,1,1.00 B,,,OK,0
PolypGen,data/external/PolypGen/PolypGen2021_MultiCenterData_v3/data_C1/bbox_C1/434OLCV1_100S0007_mask.txt,22,22.00 B,,,OK,0
PolypGen,data/external/PolypGen/PolypGen2021_MultiCenterData_v3/data_C1/bbox_C1/439OLCV1_100H0008_mask.txt,22,22.00 B,,,OK,0
PolypGen,data/external/PolypGen/PolypGen2021_MultiCenterData_v3/data_C1/bbox_C1/439OLCV1_100H0010_mask.txt,21,21.00 B,,,OK,0
PolypGen,data/external/PolypGen/PolypGen2021_MultiCenterData_v3/data_C1/bbox_C1/439OLCV1_100H0020_mask.txt,22,22.00 B,,,OK,0
PolypGen,data/external/PolypGen/PolypGen2021_MultiCenterData_v3/data_C1/bbox_C1/442OLCV1_100H0002_mask.txt,1,1.00 B,,,OK,0
PolypGen,data/external/PolypGen/PolypGen2021_MultiCenterData_v3/data_C1/bbox_C1/444OLCV1_100H0004_mask.txt,23,23.00 B,,,OK,0
PolypGen,data/external/PolypGen/PolypGen2021_MultiCenterData_v3/data_C1/bbox_C1/445OLCV1_100H0010_mask.txt,21,21.00 B,,,OK,0
PolypGen,data/external/PolypGen/PolypGen2021_MultiCenterData_v3/data_C1/bbox_C1/459OLCV1_100H0006_mask.txt,22,22.00 B,,,OK,0
PolypGen,data/external/PolypGen/PolypGen2021_MultiCenterData_v3/data_C1/bbox_C1/459OLCV1_100H0012_mask.txt,48,48.00 B,,,OK,0
PolypGen,data/external/PolypGen/PolypGen2021_MultiCenterData_v3/data_C1/bbox_C1/459OLCV1_100H0014_mask.txt,24,24.00 B,,,OK,0
PolypGen,data/external/PolypGen/PolypGen2021_MultiCenterData_v3/data_C1/bbox_C1/459OLCV1_100H0016_mask.txt,23,23.00 B,,,OK,0
PolypGen,data/external/PolypGen/PolypGen2021_MultiCenterData_v3/data_C1/bbox_C1/469OLCV1_100H0006_mask.txt,22,22.00 B,,,OK,0
PolypGen,data/external/PolypGen/PolypGen2021_MultiCenterData_v3/data_C1/bbox_C1/470OLCV1_100H0004_mask.txt,20,20.00 B,,,OK,0
PolypGen,data/external/PolypGen/PolypGen2021_MultiCenterData_v3/data_C1/bbox_C1/470OLCV1_100H0012_mask.txt,25,25.00 B,,,OK,0
PolypGen,data/external/PolypGen/PolypGen2021_MultiCenterData_v3/data_C1/bbox_C1/471OLCV1_100H0008_mask.txt,22,22.00 B,,,OK,0
PolypGen,data/external/PolypGen/PolypGen2021_MultiCenterData_v3/data_C1/bbox_C1/475OLCV1_100H0008_mask.txt,22,22.00 B,,,OK,0
PolypGen,data/external/PolypGen/PolypGen2021_MultiCenterData_v3/data_C1/bbox_C1/476OLCV1_100S0007_mask.txt,21,21.00 B,,,OK,0
PolypGen,data/external/PolypGen/PolypGen2021_MultiCenterData_v3/data_C1/bbox_C1/481OLCV1_100H0002_mask.txt,23,23.00 B,,,OK,0
PolypGen,data/external/PolypGen/PolypGen2021_MultiCenterData_v3/data_C1/bbox_C1/481OLCV1_100H0004_mask.txt,21,21.00 B,,,OK,0
PolypGen,data/external/PolypGen/PolypGen2021_MultiCenterData_v3/data_C1/bbox_C1/491OLCV1_100H0004_mask.txt,45,45.00 B,,,OK,0
PolypGen,data/external/PolypGen/PolypGen2021_MultiCenterData_v3/data_C1/bbox_C1/492OLCV1_100H0012_mask.txt,23,23.00 B,,,OK,0
PolypGen,data/external/PolypGen/PolypGen2021_MultiCenterData_v3/data_C1/bbox_C1/492OLCV1_100H0016_mask.txt,22,22.00 B,,,OK,0
PolypGen,data/external/PolypGen/PolypGen2021_MultiCenterData_v3/data_C1/bbox_C1/493OLCV1_100H0026_mask.txt,22,22.00 B,,,OK,0
PolypGen,data/external/PolypGen/PolypGen2021_MultiCenterData_v3/data_C1/bbox_C1/497OLCV1_100H0004_mask.txt,22,22.00 B,,,OK,0
PolypGen,data/external/PolypGen/PolypGen2021_MultiCenterData_v3/data_C1/bbox_C1/500OLCV1_100H0008_mask.txt,23,23.00 B,,,OK,0
PolypGen,data/external/PolypGen/PolypGen2021_MultiCenterData_v3/data_C1/bbox_C1/503OLCV1_100H0012_mask.txt,22,22.00 B,,,OK,0
PolypGen,data/external/PolypGen/PolypGen2021_MultiCenterData_v3/data_C1/bbox_C1/503OLCV1_100H0014_mask.txt,22,22.00 B,,,OK,0
PolypGen,data/external/PolypGen/PolypGen2021_MultiCenterData_v3/data_C1/bbox_C1/510OLCV1_100H0006_mask.txt,24,24.00 B,,,OK,0
PolypGen,data/external/PolypGen/PolypGen2021_MultiCenterData_v3/data_C1/bbox_C1/510OLCV1_100H0008_mask.txt,24,24.00 B,,,OK,0
PolypGen,data/external/PolypGen/PolypGen2021_MultiCenterData_v3/data_C1/bbox_C1/510OLCV1_100H0010_mask.txt,24,24.00 B,,,OK,0
PolypGen,data/external/PolypGen/PolypGen2021_MultiCenterData_v3/data_C1/bbox_C1/510OLCV1_100H0012_mask.txt,22,22.00 B,,,OK,0
PolypGen,data/external/PolypGen/PolypGen2021_MultiCenterData_v3/data_C1/bbox_C1/510OLCV1_100S0009_mask.txt,21,21.00 B,,,OK,0
PolypGen,data/external/PolypGen/PolypGen2021_MultiCenterData_v3/data_C1/bbox_C1/518OLCV1_100H0004_mask.txt,23,23.00 B,,,OK,0
PolypGen,data/external/PolypGen/PolypGen2021_MultiCenterData_v3/data_C1/bbox_C1/524OLCV1_100H0002_mask.txt,22,22.00 B,,,OK,0
PolypGen,data/external/PolypGen/PolypGen2021_MultiCenterData_v3/data_C1/bbox_C1/530OLCV1_100H0008_mask.txt,22,22.00 B,,,OK,0
PolypGen,data/external/PolypGen/PolypGen2021_MultiCenterData_v3/data_C1/bbox_C1/535OLCV1_100H0010_mask.txt,22,22.00 B,,,OK,0
PolypGen,data/external/PolypGen/PolypGen2021_MultiCenterData_v3/data_C1/bbox_C1/544OLCV1_100H0002_mask.txt,22,22.00 B,,,OK,0
PolypGen,data/external/PolypGen/PolypGen2021_MultiCenterData_v3/data_C1/bbox_C1/547OLCV1_100H0004_mask.txt,21,21.00 B,,,OK,0
PolypGen,data/external/PolypGen/PolypGen2021_MultiCenterData_v3/data_C1/bbox_C1/553OLCV1_100H0004_mask.txt,22,22.00 B,,,OK,0
PolypGen,data/external/PolypGen/PolypGen2021_MultiCenterData_v3/data_C1/bbox_C1/554OLCV1_100H0002_mask.txt,22,22.00 B,,,OK,0
PolypGen,data/external/PolypGen/PolypGen2021_MultiCenterData_v3/data_C1/bbox_C1/554OLCV1_100H0004_mask.txt,44,44.00 B,,,OK,0
PolypGen,data/external/PolypGen/PolypGen2021_MultiCenterData_v3/data_C1/bbox_C1/556OLCV1_100H0002_mask.txt,22,22.00 B,,,OK,0
PolypGen,data/external/PolypGen/PolypGen2021_MultiCenterData_v3/data_C1/bbox_C1/556OLCV1_100H0004_mask.txt,23,23.00 B,,,OK,0
PolypGen,data/external/PolypGen/PolypGen2021_MultiCenterData_v3/data_C1/bbox_C1/556OLCV1_100H0012_mask.txt,24,24.00 B,,,OK,0
PolypGen,data/external/PolypGen/PolypGen2021_MultiCenterData_v3/data_C1/bbox_C1/556OLCV1_100H0014_mask.txt,24,24.00 B,,,OK,0
PolypGen,data/external/PolypGen/PolypGen2021_MultiCenterData_v3/data_C1/bbox_C1/564OLCV1_100H0002_mask.txt,1,1.00 B,,,OK,0
PolypGen,data/external/PolypGen/PolypGen2021_MultiCenterData_v3/data_C1/bbox_C1/580OLCV1_100H0002_mask.txt,22,22.00 B,,,OK,0
PolypGen,data/external/PolypGen/PolypGen2021_MultiCenterData_v3/data_C1/bbox_C1/580OLCV1_100H0006_mask.txt,23,23.00 B,,,OK,0
PolypGen,data/external/PolypGen/PolypGen2021_MultiCenterData_v3/data_C1/bbox_C1/590OLCV1_100H0006_mask.txt,22,22.00 B,,,OK,0
PolypGen,data/external/PolypGen/PolypGen2021_MultiCenterData_v3/data_C1/bbox_C1/590OLCV1_100H0008_mask.txt,22,22.00 B,,,OK,0
PolypGen,data/external/PolypGen/PolypGen2021_MultiCenterData_v3/data_C1/bbox_C1/596OLCV1_100H0002_mask.txt,65,65.00 B,,,OK,0
PolypGen,data/external/PolypGen/PolypGen2021_MultiCenterData_v3/data_C1/bbox_C1/597OLCV1_100H0032_mask.txt,22,22.00 B,,,OK,0
PolypGen,data/external/PolypGen/PolypGen2021_MultiCenterData_v3/data_C1/bbox_C1/597OLCV1_100H0042_mask.txt,24,24.00 B,,,OK,0
PolypGen,data/external/PolypGen/PolypGen2021_MultiCenterData_v3/data_C1/bbox_C1/597OLCV1_100H0044_mask.txt,22,22.00 B,,,OK,0
PolypGen,data/external/PolypGen/PolypGen2021_MultiCenterData_v3/data_C1/bbox_C1/608OLCV1_100H0006_mask.txt,19,19.00 B,,,OK,0
PolypGen,data/external/PolypGen/PolypGen2021_MultiCenterData_v3/data_C1/bbox_C1/608OLCV1_100H0008_mask.txt,19,19.00 B,,,OK,0
PolypGen,data/external/PolypGen/PolypGen2021_MultiCenterData_v3/data_C1/bbox_C1/608OLCV1_100H0012_mask.txt,23,23.00 B,,,OK,0
PolypGen,data/external/PolypGen/PolypGen2021_MultiCenterData_v3/data_C1/bbox_C1/615OLCV1_100H0024_mask.txt,21,21.00 B,,,OK,0
PolypGen,data/external/PolypGen/PolypGen2021_MultiCenterData_v3/data_C1/bbox_C1/642OLCV1_100H0012_mask.txt,22,22.00 B,,,OK,0
PolypGen,data/external/PolypGen/PolypGen2021_MultiCenterData_v3/data_C1/bbox_C1/649OLCV1_100H0006_mask.txt,22,22.00 B,,,OK,0
PolypGen,data/external/PolypGen/PolypGen2021_MultiCenterData_v3/data_C1/bbox_C1/651OLCV1_100H0010_mask.txt,23,23.00 B,,,OK,0
PolypGen,data/external/PolypGen/PolypGen2021_MultiCenterData_v3/data_C1/bbox_C1/656OLCV1_100H0012_mask.txt,19,19.00 B,,,OK,0
PolypGen,data/external/PolypGen/PolypGen2021_MultiCenterData_v3/data_C1/bbox_C1/660OLCV1_100H0002_mask.txt,22,22.00 B,,,OK,0
PolypGen,data/external/PolypGen/PolypGen2021_MultiCenterData_v3/data_C1/bbox_C1/667OLCV1_100H0022_mask.txt,22,22.00 B,,,OK,0
PolypGen,data/external/PolypGen/PolypGen2021_MultiCenterData_v3/data_C1/bbox_C1/667OLCV1_100H0024_mask.txt,22,22.00 B,,,OK,0
PolypGen,data/external/PolypGen/PolypGen2021_MultiCenterData_v3/data_C1/bbox_C1/673OLCV1_100H0010_mask.txt,23,23.00 B,,,OK,0
PolypGen,data/external/PolypGen/PolypGen2021_MultiCenterData_v3/data_C1/bbox_C1/673OLCV1_100H0028_mask.txt,23,23.00 B,,,OK,0
PolypGen,data/external/PolypGen/PolypGen2021_MultiCenterData_v3/data_C1/bbox_C1/680OLCV1_100H0002_mask.txt,22,22.00 B,,,OK,0
PolypGen,data/external/PolypGen/PolypGen2021_MultiCenterData_v3/data_C1/bbox_C1/688OLCV1_100H0008_mask.txt,22,22.00 B,,,OK,0
PolypGen,data/external/PolypGen/PolypGen2021_MultiCenterData_v3/data_C1/bbox_C1/711OLCV1_100H0002_mask.txt,21,21.00 B,,,OK,0
PolypGen,data/external/PolypGen/PolypGen2021_MultiCenterData_v3/data_C1/bbox_C1/711OLCV1_100H0006_mask.txt,1,1.00 B,,,OK,0
PolypGen,data/external/PolypGen/PolypGen2021_MultiCenterData_v3/data_C1/bbox_C1/718OLCV1_100H0002_mask.txt,23,23.00 B,,,OK,0
PolypGen,data/external/PolypGen/PolypGen2021_MultiCenterData_v3/data_C1/bbox_C1/726OLCV1_100H0006_mask.txt,22,22.00 B,,,OK,0
PolypGen,data/external/PolypGen/PolypGen2021_MultiCenterData_v3/data_C1/bbox_C1/729OLCV1_100H0002_mask.txt,22,22.00 B,,,OK,0
PolypGen,data/external/PolypGen/PolypGen2021_MultiCenterData_v3/data_C1/bbox_C1/731OLCV1_100H0008_mask.txt,23,23.00 B,,,OK,0
PolypGen,data/external/PolypGen/PolypGen2021_MultiCenterData_v3/data_C1/bbox_C1/732OLCV1_100H0012_mask.txt,23,23.00 B,,,OK,0
PolypGen,data/external/PolypGen/PolypGen2021_MultiCenterData_v3/data_C1/bbox_C1/732OLCV1_100H0016_mask.txt,22,22.00 B,,,OK,0
PolypGen,data/external/PolypGen/PolypGen2021_MultiCenterData_v3/data_C1/bbox_C1/732OLCV1_100H0026_mask.txt,23,23.00 B,,,OK,0
PolypGen,data/external/PolypGen/PolypGen2021_MultiCenterData_v3/data_C1/bbox_C1/732OLCV1_100H0036_mask.txt,22,22.00 B,,,OK,0
PolypGen,data/external/PolypGen/PolypGen2021_MultiCenterData_v3/data_C1/bbox_C1/742OLCV1_100H0008_mask.txt,45,45.00 B,,,OK,0
PolypGen,data/external/PolypGen/PolypGen2021_MultiCenterData_v3/data_C1/bbox_C1/779OLCV1_100H0004_mask.txt,23,23.00 B,,,OK,0
PolypGen,data/external/PolypGen/PolypGen2021_MultiCenterData_v3/data_C1/bbox_C1/779OLCV1_100H0006_mask.txt,45,45.00 B,,,OK,0
PolypGen,data/external/PolypGen/PolypGen2021_MultiCenterData_v3/data_C1/bbox_C1/848OLCV1_100H0002_mask.txt,22,22.00 B,,,OK,0
PolypGen,data/external/PolypGen/PolypGen2021_MultiCenterData_v3/data_C1/bbox_C1/864OLCV1_100H0004_mask.txt,22,22.00 B,,,OK,0
PolypGen,data/external/PolypGen/PolypGen2021_MultiCenterData_v3/data_C1/bbox_C1/883OLCV1_100H0014_mask.txt,22,22.00 B,,,OK,0
PolypGen,data/external/PolypGen/PolypGen2021_MultiCenterData_v3/data_C1/bbox_C1/887OLCV1_100H0002_mask.txt,20,20.00 B,,,OK,0
PolypGen,data/external/PolypGen/PolypGen2021_MultiCenterData_v3/data_C1/bbox_C1/896OLCV1_100H0044_mask.txt,23,23.00 B,,,OK,0
PolypGen,data/external/PolypGen/PolypGen2021_MultiCenterData_v3/data_C1/bbox_C1/906OLCV1_100H0002_mask.txt,22,22.00 B,,,OK,0
PolypGen,data/external/PolypGen/PolypGen2021_MultiCenterData_v3/data_C1/bbox_C1/906OLCV1_100H0008_mask.txt,24,24.00 B,,,OK,0
PolypGen,data/external/PolypGen/PolypGen2021_MultiCenterData_v3/data_C1/bbox_C1/906OLCV1_100H0010_mask.txt,23,23.00 B,,,OK,0
PolypGen,data/external/PolypGen/PolypGen2021_MultiCenterData_v3/data_C1/bbox_C1/925OLCV1_100H0006_mask.txt,23,23.00 B,,,OK,0
PolypGen,data/external/PolypGen/PolypGen2021_MultiCenterData_v3/data_C1/bbox_C1/925OLCV1_100H0014_mask.txt,22,22.00 B,,,OK,0
PolypGen,data/external/PolypGen/PolypGen2021_MultiCenterData_v3/data_C1/bbox_C1/925OLCV1_100S0011_mask.txt,22,22.00 B,,,OK,0
PolypGen,data/external/PolypGen/PolypGen2021_MultiCenterData_v3/data_C1/bbox_C1/940OLCV1_100H0004_mask.txt,22,22.00 B,,,OK,0
PolypGen,data/external/PolypGen/PolypGen2021_MultiCenterData_v3/data_C1/bbox_C1/958OLCV1_100H0002_mask.txt,23,23.00 B,,,OK,0
PolypGen,data/external/PolypGen/PolypGen2021_MultiCenterData_v3/data_C1/bbox_C1/962OLCV1_100H0004_mask.txt,23,23.00 B,,,OK,0
PolypGen,data/external/PolypGen/PolypGen2021_MultiCenterData_v3/data_C1/bbox_C1/963OLCV1_100H0006_mask.txt,23,23.00 B,,,OK,0
PolypGen,data/external/PolypGen/PolypGen2021_MultiCenterData_v3/data_C1/bbox_C1/975OLCV1_100H0014_mask.txt,21,21.00 B,,,OK,0
PolypGen,data/external/PolypGen/PolypGen2021_MultiCenterData_v3/data_C1/bbox_C1/983OLCV1_100S0005_mask.txt,22,22.00 B,,,OK,0
PolypGen,data/external/PolypGen/PolypGen2021_MultiCenterData_v3/data_C2/bbox_C2/EndoCV2021_001000.txt,24,24.00 B,,,OK,0
PolypGen,data/external/PolypGen/PolypGen2021_MultiCenterData_v3/data_C2/bbox_C2/EndoCV2021_001001.txt,23,23.00 B,,,OK,0
PolypGen,data/external/PolypGen/PolypGen2021_MultiCenterData_v3/data_C2/bbox_C2/EndoCV2021_001002.txt,1,1.00 B,,,OK,0
PolypGen,data/external/PolypGen/PolypGen2021_MultiCenterData_v3/data_C2/bbox_C2/EndoCV2021_001003.txt,23,23.00 B,,,OK,0
PolypGen,data/external/PolypGen/PolypGen2021_MultiCenterData_v3/data_C2/bbox_C2/EndoCV2021_001004.txt,22,22.00 B,,,OK,0
PolypGen,data/external/PolypGen/PolypGen2021_MultiCenterData_v3/data_C2/bbox_C2/EndoCV2021_001005.txt,22,22.00 B,,,OK,0
PolypGen,data/external/PolypGen/PolypGen2021_MultiCenterData_v3/data_C2/bbox_C2/EndoCV2021_001007.txt,22,22.00 B,,,OK,0
PolypGen,data/external/PolypGen/PolypGen2021_MultiCenterData_v3/data_C2/bbox_C2/EndoCV2021_001008.txt,22,22.00 B,,,OK,0
PolypGen,data/external/PolypGen/PolypGen2021_MultiCenterData_v3/data_C2/bbox_C2/EndoCV2021_001009.txt,23,23.00 B,,,OK,0
PolypGen,data/external/PolypGen/PolypGen2021_MultiCenterData_v3/data_C2/bbox_C2/EndoCV2021_001010.txt,1,1.00 B,,,OK,0
PolypGen,data/external/PolypGen/PolypGen2021_MultiCenterData_v3/data_C2/bbox_C2/EndoCV2021_001011.txt,23,23.00 B,,,OK,0
PolypGen,data/external/PolypGen/PolypGen2021_MultiCenterData_v3/data_C2/bbox_C2/EndoCV2021_001013.txt,24,24.00 B,,,OK,0
PolypGen,data/external/PolypGen/PolypGen2021_MultiCenterData_v3/data_C2/bbox_C2/EndoCV2021_001014.txt,1,1.00 B,,,OK,0
PolypGen,data/external/PolypGen/PolypGen2021_MultiCenterData_v3/data_C2/bbox_C2/EndoCV2021_001017.txt,23,23.00 B,,,OK,0
PolypGen,data/external/PolypGen/PolypGen2021_MultiCenterData_v3/data_C2/bbox_C2/EndoCV2021_001022.txt,22,22.00 B,,,OK,0
PolypGen,data/external/PolypGen/PolypGen2021_MultiCenterData_v3/data_C2/bbox_C2/EndoCV2021_001023.txt,23,23.00 B,,,OK,0
PolypGen,data/external/PolypGen/PolypGen2021_MultiCenterData_v3/data_C2/bbox_C2/EndoCV2021_001024.txt,23,23.00 B,,,OK,0
PolypGen,data/external/PolypGen/PolypGen2021_MultiCenterData_v3/data_C2/bbox_C2/EndoCV2021_001025.txt,21,21.00 B,,,OK,0
PolypGen,data/external/PolypGen/PolypGen2021_MultiCenterData_v3/data_C2/bbox_C2/EndoCV2021_001028.txt,23,23.00 B,,,OK,0
PolypGen,data/external/PolypGen/PolypGen2021_MultiCenterData_v3/data_C2/bbox_C2/EndoCV2021_001029.txt,22,22.00 B,,,OK,0
PolypGen,data/external/PolypGen/PolypGen2021_MultiCenterData_v3/data_C2/bbox_C2/EndoCV2021_001030.txt,22,22.00 B,,,OK,0
PolypGen,data/external/PolypGen/PolypGen2021_MultiCenterData_v3/data_C2/bbox_C2/EndoCV2021_001031.txt,23,23.00 B,,,OK,0
PolypGen,data/external/PolypGen/PolypGen2021_MultiCenterData_v3/data_C2/bbox_C2/EndoCV2021_001032.txt,24,24.00 B,,,OK,0
PolypGen,data/external/PolypGen/PolypGen2021_MultiCenterData_v3/data_C2/bbox_C2/EndoCV2021_001033.txt,23,23.00 B,,,OK,0
PolypGen,data/external/PolypGen/PolypGen2021_MultiCenterData_v3/data_C2/bbox_C2/EndoCV2021_001034.txt,23,23.00 B,,,OK,0
PolypGen,data/external/PolypGen/PolypGen2021_MultiCenterData_v3/data_C2/bbox_C2/EndoCV2021_001035.txt,1,1.00 B,,,OK,0
PolypGen,data/external/PolypGen/PolypGen2021_MultiCenterData_v3/data_C2/bbox_C2/EndoCV2021_001036.txt,22,22.00 B,,,OK,0
PolypGen,data/external/PolypGen/PolypGen2021_MultiCenterData_v3/data_C2/bbox_C2/EndoCV2021_001039.txt,22,22.00 B,,,OK,0
PolypGen,data/external/PolypGen/PolypGen2021_MultiCenterData_v3/data_C2/bbox_C2/EndoCV2021_001040.txt,22,22.00 B,,,OK,0
PolypGen,data/external/PolypGen/PolypGen2021_MultiCenterData_v3/data_C2/bbox_C2/EndoCV2021_001041.txt,22,22.00 B,,,OK,0
PolypGen,data/external/PolypGen/PolypGen2021_MultiCenterData_v3/data_C2/bbox_C2/EndoCV2021_001042.txt,22,22.00 B,,,OK,0
PolypGen,data/external/PolypGen/PolypGen2021_MultiCenterData_v3/data_C2/bbox_C2/EndoCV2021_001043.txt,23,23.00 B,,,OK,0
PolypGen,data/external/PolypGen/PolypGen2021_MultiCenterData_v3/data_C2/bbox_C2/EndoCV2021_001044.txt,23,23.00 B,,,OK,0
PolypGen,data/external/PolypGen/PolypGen2021_MultiCenterData_v3/data_C2/bbox_C2/EndoCV2021_001045.txt,22,22.00 B,,,OK,0
PolypGen,data/external/PolypGen/PolypGen2021_MultiCenterData_v3/data_C2/bbox_C2/EndoCV2021_001046.txt,22,22.00 B,,,OK,0
PolypGen,data/external/PolypGen/PolypGen2021_MultiCenterData_v3/data_C2/bbox_C2/EndoCV2021_001049.txt,49,49.00 B,,,OK,0
PolypGen,data/external/PolypGen/PolypGen2021_MultiCenterData_v3/data_C2/bbox_C2/EndoCV2021_001053.txt,23,23.00 B,,,OK,0
PolypGen,data/external/PolypGen/PolypGen2021_MultiCenterData_v3/data_C2/bbox_C2/EndoCV2021_001054.txt,1,1.00 B,,,OK,0
PolypGen,data/external/PolypGen/PolypGen2021_MultiCenterData_v3/data_C2/bbox_C2/EndoCV2021_001055.txt,23,23.00 B,,,OK,0
PolypGen,data/external/PolypGen/PolypGen2021_MultiCenterData_v3/data_C2/bbox_C2/EndoCV2021_001056.txt,23,23.00 B,,,OK,0
PolypGen,data/external/PolypGen/PolypGen2021_MultiCenterData_v3/data_C2/bbox_C2/EndoCV2021_001057.txt,1,1.00 B,,,OK,0
PolypGen,data/external/PolypGen/PolypGen2021_MultiCenterData_v3/data_C2/bbox_C2/EndoCV2021_001058.txt,22,22.00 B,,,OK,0
PolypGen,data/external/PolypGen/PolypGen2021_MultiCenterData_v3/data_C2/bbox_C2/EndoCV2021_001059.txt,23,23.00 B,,,OK,0
PolypGen,data/external/PolypGen/PolypGen2021_MultiCenterData_v3/data_C2/bbox_C2/EndoCV2021_001060.txt,22,22.00 B,,,OK,0
PolypGen,data/external/PolypGen/PolypGen2021_MultiCenterData_v3/data_C2/bbox_C2/EndoCV2021_001061.txt,24,24.00 B,,,OK,0
PolypGen,data/external/PolypGen/PolypGen2021_MultiCenterData_v3/data_C2/bbox_C2/EndoCV2021_001063.txt,69,69.00 B,,,OK,0
PolypGen,data/external/PolypGen/PolypGen2021_MultiCenterData_v3/data_C2/bbox_C2/EndoCV2021_001064.txt,22,22.00 B,,,OK,0
PolypGen,data/external/PolypGen/PolypGen2021_MultiCenterData_v3/data_C2/bbox_C2/EndoCV2021_001071.txt,21,21.00 B,,,OK,0
PolypGen,data/external/PolypGen/PolypGen2021_MultiCenterData_v3/data_C2/bbox_C2/EndoCV2021_001073.txt,22,22.00 B,,,OK,0
PolypGen,data/external/PolypGen/PolypGen2021_MultiCenterData_v3/data_C2/bbox_C2/EndoCV2021_001074.txt,23,23.00 B,,,OK,0
PolypGen,data/external/PolypGen/PolypGen2021_MultiCenterData_v3/data_C2/bbox_C2/EndoCV2021_001075.txt,22,22.00 B,,,OK,0
PolypGen,data/external/PolypGen/PolypGen2021_MultiCenterData_v3/data_C2/bbox_C2/EndoCV2021_001077.txt,23,23.00 B,,,OK,0
PolypGen,data/external/PolypGen/PolypGen2021_MultiCenterData_v3/data_C2/bbox_C2/EndoCV2021_001078.txt,1,1.00 B,,,OK,0
PolypGen,data/external/PolypGen/PolypGen2021_MultiCenterData_v3/data_C2/bbox_C2/EndoCV2021_001079.txt,24,24.00 B,,,OK,0
PolypGen,data/external/PolypGen/PolypGen2021_MultiCenterData_v3/data_C2/bbox_C2/EndoCV2021_001085.txt,44,44.00 B,,,OK,0
PolypGen,data/external/PolypGen/PolypGen2021_MultiCenterData_v3/data_C2/bbox_C2/EndoCV2021_001086.txt,42,42.00 B,,,OK,0
PolypGen,data/external/PolypGen/PolypGen2021_MultiCenterData_v3/data_C2/bbox_C2/EndoCV2021_001087.txt,1,1.00 B,,,OK,0
PolypGen,data/external/PolypGen/PolypGen2021_MultiCenterData_v3/data_C2/bbox_C2/EndoCV2021_001090.txt,23,23.00 B,,,OK,0
PolypGen,data/external/PolypGen/PolypGen2021_MultiCenterData_v3/data_C2/bbox_C2/EndoCV2021_001091.txt,22,22.00 B,,,OK,0
PolypGen,data/external/PolypGen/PolypGen2021_MultiCenterData_v3/data_C2/bbox_C2/EndoCV2021_001093.txt,1,1.00 B,,,OK,0
PolypGen,data/external/PolypGen/PolypGen2021_MultiCenterData_v3/data_C2/bbox_C2/EndoCV2021_001094.txt,45,45.00 B,,,OK,0
PolypGen,data/external/PolypGen/PolypGen2021_MultiCenterData_v3/data_C2/bbox_C2/EndoCV2021_001097.txt,44,44.00 B,,,OK,0
PolypGen,data/external/PolypGen/PolypGen2021_MultiCenterData_v3/data_C2/bbox_C2/EndoCV2021_001098.txt,44,44.00 B,,,OK,0
PolypGen,data/external/PolypGen/PolypGen2021_MultiCenterData_v3/data_C2/bbox_C2/EndoCV2021_001099.txt,22,22.00 B,,,OK,0
PolypGen,data/external/PolypGen/PolypGen2021_MultiCenterData_v3/data_C2/bbox_C2/EndoCV2021_001101.txt,22,22.00 B,,,OK,0
PolypGen,data/external/PolypGen/PolypGen2021_MultiCenterData_v3/data_C2/bbox_C2/EndoCV2021_001104.txt,1,1.00 B,,,OK,0
PolypGen,data/external/PolypGen/PolypGen2021_MultiCenterData_v3/data_C2/bbox_C2/EndoCV2021_001106.txt,23,23.00 B,,,OK,0
PolypGen,data/external/PolypGen/PolypGen2021_MultiCenterData_v3/data_C2/bbox_C2/EndoCV2021_001107.txt,22,22.00 B,,,OK,0
PolypGen,data/external/PolypGen/PolypGen2021_MultiCenterData_v3/data_C2/bbox_C2/EndoCV2021_001108.txt,1,1.00 B,,,OK,0
PolypGen,data/external/PolypGen/PolypGen2021_MultiCenterData_v3/data_C2/bbox_C2/EndoCV2021_001109.txt,24,24.00 B,,,OK,0
PolypGen,data/external/PolypGen/PolypGen2021_MultiCenterData_v3/data_C2/bbox_C2/EndoCV2021_001112.txt,51,51.00 B,,,OK,0
PolypGen,data/external/PolypGen/PolypGen2021_MultiCenterData_v3/data_C2/bbox_C2/EndoCV2021_001113.txt,24,24.00 B,,,OK,0
PolypGen,data/external/PolypGen/PolypGen2021_MultiCenterData_v3/data_C2/bbox_C2/EndoCV2021_001114.txt,23,23.00 B,,,OK,0
PolypGen,data/external/PolypGen/PolypGen2021_MultiCenterData_v3/data_C2/bbox_C2/EndoCV2021_001117.txt,22,22.00 B,,,OK,0
PolypGen,data/external/PolypGen/PolypGen2021_MultiCenterData_v3/data_C2/bbox_C2/EndoCV2021_001118.txt,48,48.00 B,,,OK,0
PolypGen,data/external/PolypGen/PolypGen2021_MultiCenterData_v3/data_C2/bbox_C2/EndoCV2021_001119.txt,22,22.00 B,,,OK,0
PolypGen,data/external/PolypGen/PolypGen2021_MultiCenterData_v3/data_C2/bbox_C2/EndoCV2021_001121.txt,23,23.00 B,,,OK,0
PolypGen,data/external/PolypGen/PolypGen2021_MultiCenterData_v3/data_C2/bbox_C2/EndoCV2021_001122.txt,1,1.00 B,,,OK,0
PolypGen,data/external/PolypGen/PolypGen2021_MultiCenterData_v3/data_C2/bbox_C2/EndoCV2021_001123.txt,44,44.00 B,,,OK,0
PolypGen,data/external/PolypGen/PolypGen2021_MultiCenterData_v3/data_C2/bbox_C2/EndoCV2021_001124.txt,44,44.00 B,,,OK,0
PolypGen,data/external/PolypGen/PolypGen2021_MultiCenterData_v3/data_C2/bbox_C2/EndoCV2021_001126.txt,23,23.00 B,,,OK,0
PolypGen,data/external/PolypGen/PolypGen2021_MultiCenterData_v3/data_C2/bbox_C2/EndoCV2021_001127.txt,21,21.00 B,,,OK,0
PolypGen,data/external/PolypGen/PolypGen2021_MultiCenterData_v3/data_C2/bbox_C2/EndoCV2021_001128.txt,1,1.00 B,,,OK,0
PolypGen,data/external/PolypGen/PolypGen2021_MultiCenterData_v3/data_C2/bbox_C2/EndoCV2021_001129.txt,23,23.00 B,,,OK,0
PolypGen,data/external/PolypGen/PolypGen2021_MultiCenterData_v3/data_C2/bbox_C2/EndoCV2021_001130.txt,22,22.00 B,,,OK,0
PolypGen,data/external/PolypGen/PolypGen2021_MultiCenterData_v3/data_C2/bbox_C2/EndoCV2021_001131.txt,1,1.00 B,,,OK,0
PolypGen,data/external/PolypGen/PolypGen2021_MultiCenterData_v3/data_C2/bbox_C2/EndoCV2021_001133.txt,24,24.00 B,,,OK,0
PolypGen,data/external/PolypGen/PolypGen2021_MultiCenterData_v3/data_C2/bbox_C2/EndoCV2021_001135.txt,22,22.00 B,,,OK,0
PolypGen,data/external/PolypGen/PolypGen2021_MultiCenterData_v3/data_C2/bbox_C2/EndoCV2021_001136.txt,22,22.00 B,,,OK,0
PolypGen,data/external/PolypGen/PolypGen2021_MultiCenterData_v3/data_C2/bbox_C2/EndoCV2021_001137.txt,22,22.00 B,,,OK,0
PolypGen,data/external/PolypGen/PolypGen2021_MultiCenterData_v3/data_C2/bbox_C2/EndoCV2021_001138.txt,24,24.00 B,,,OK,0
PolypGen,data/external/PolypGen/PolypGen2021_MultiCenterData_v3/data_C2/bbox_C2/EndoCV2021_001139.txt,24,24.00 B,,,OK,0
PolypGen,data/external/PolypGen/PolypGen2021_MultiCenterData_v3/data_C2/bbox_C2/EndoCV2021_001140.txt,23,23.00 B,,,OK,0
PolypGen,data/external/PolypGen/PolypGen2021_MultiCenterData_v3/data_C2/bbox_C2/EndoCV2021_001141.txt,1,1.00 B,,,OK,0
PolypGen,data/external/PolypGen/PolypGen2021_MultiCenterData_v3/data_C2/bbox_C2/EndoCV2021_001142.txt,22,22.00 B,,,OK,0
PolypGen,data/external/PolypGen/PolypGen2021_MultiCenterData_v3/data_C2/bbox_C2/EndoCV2021_001144.txt,1,1.00 B,,,OK,0
PolypGen,data/external/PolypGen/PolypGen2021_MultiCenterData_v3/data_C2/bbox_C2/EndoCV2021_001149.txt,22,22.00 B,,,OK,0
PolypGen,data/external/PolypGen/PolypGen2021_MultiCenterData_v3/data_C2/bbox_C2/EndoCV2021_001150.txt,1,1.00 B,,,OK,0
PolypGen,data/external/PolypGen/PolypGen2021_MultiCenterData_v3/data_C2/bbox_C2/EndoCV2021_001154.txt,22,22.00 B,,,OK,0
PolypGen,data/external/PolypGen/PolypGen2021_MultiCenterData_v3/data_C2/bbox_C2/EndoCV2021_001155.txt,22,22.00 B,,,OK,0
PolypGen,data/external/PolypGen/PolypGen2021_MultiCenterData_v3/data_C2/bbox_C2/EndoCV2021_001156.txt,22,22.00 B,,,OK,0
PolypGen,data/external/PolypGen/PolypGen2021_MultiCenterData_v3/data_C2/bbox_C2/EndoCV2021_001157.txt,24,24.00 B,,,OK,0
PolypGen,data/external/PolypGen/PolypGen2021_MultiCenterData_v3/data_C2/bbox_C2/EndoCV2021_001159.txt,23,23.00 B,,,OK,0
PolypGen,data/external/PolypGen/PolypGen2021_MultiCenterData_v3/data_C2/bbox_C2/EndoCV2021_001160.txt,1,1.00 B,,,OK,0
PolypGen,data/external/PolypGen/PolypGen2021_MultiCenterData_v3/data_C2/bbox_C2/EndoCV2021_001161.txt,1,1.00 B,,,OK,0
PolypGen,data/external/PolypGen/PolypGen2021_MultiCenterData_v3/data_C2/bbox_C2/EndoCV2021_001162.txt,23,23.00 B,,,OK,0
PolypGen,data/external/PolypGen/PolypGen2021_MultiCenterData_v3/data_C2/bbox_C2/EndoCV2021_001163.txt,23,23.00 B,,,OK,0
PolypGen,data/external/PolypGen/PolypGen2021_MultiCenterData_v3/data_C2/bbox_C2/EndoCV2021_001164.txt,23,23.00 B,,,OK,0
PolypGen,data/external/PolypGen/PolypGen2021_MultiCenterData_v3/data_C2/bbox_C2/EndoCV2021_001165.txt,1,1.00 B,,,OK,0
PolypGen,data/external/PolypGen/PolypGen2021_MultiCenterData_v3/data_C2/bbox_C2/EndoCV2021_001166.txt,25,25.00 B,,,OK,0
PolypGen,data/external/PolypGen/PolypGen2021_MultiCenterData_v3/data_C2/bbox_C2/EndoCV2021_001171.txt,23,23.00 B,,,OK,0
PolypGen,data/external/PolypGen/PolypGen2021_MultiCenterData_v3/data_C2/bbox_C2/EndoCV2021_001173.txt,23,23.00 B,,,OK,0
PolypGen,data/external/PolypGen/PolypGen2021_MultiCenterData_v3/data_C2/bbox_C2/EndoCV2021_001174.txt,22,22.00 B,,,OK,0
PolypGen,data/external/PolypGen/PolypGen2021_MultiCenterData_v3/data_C2/bbox_C2/EndoCV2021_001177.txt,1,1.00 B,,,OK,0
PolypGen,data/external/PolypGen/PolypGen2021_MultiCenterData_v3/data_C2/bbox_C2/EndoCV2021_001179.txt,23,23.00 B,,,OK,0
PolypGen,data/external/PolypGen/PolypGen2021_MultiCenterData_v3/data_C2/bbox_C2/EndoCV2021_001182.txt,23,23.00 B,,,OK,0
PolypGen,data/external/PolypGen/PolypGen2021_MultiCenterData_v3/data_C2/bbox_C2/EndoCV2021_001183.txt,22,22.00 B,,,OK,0
PolypGen,data/external/PolypGen/PolypGen2021_MultiCenterData_v3/data_C2/bbox_C2/EndoCV2021_001184.txt,1,1.00 B,,,OK,0
PolypGen,data/external/PolypGen/PolypGen2021_MultiCenterData_v3/data_C2/bbox_C2/EndoCV2021_001185.txt,22,22.00 B,,,OK,0
PolypGen,data/external/PolypGen/PolypGen2021_MultiCenterData_v3/data_C2/bbox_C2/EndoCV2021_001186.txt,23,23.00 B,,,OK,0
PolypGen,data/external/PolypGen/PolypGen2021_MultiCenterData_v3/data_C2/bbox_C2/EndoCV2021_001187.txt,22,22.00 B,,,OK,0
PolypGen,data/external/PolypGen/PolypGen2021_MultiCenterData_v3/data_C2/bbox_C2/EndoCV2021_001188.txt,23,23.00 B,,,OK,0
PolypGen,data/external/PolypGen/PolypGen2021_MultiCenterData_v3/data_C2/bbox_C2/EndoCV2021_001191.txt,20,20.00 B,,,OK,0
PolypGen,data/external/PolypGen/PolypGen2021_MultiCenterData_v3/data_C2/bbox_C2/EndoCV2021_001192.txt,22,22.00 B,,,OK,0
PolypGen,data/external/PolypGen/PolypGen2021_MultiCenterData_v3/data_C2/bbox_C2/EndoCV2021_001194.txt,45,45.00 B,,,OK,0
PolypGen,data/external/PolypGen/PolypGen2021_MultiCenterData_v3/data_C2/bbox_C2/EndoCV2021_001195.txt,67,67.00 B,,,OK,0
PolypGen,data/external/PolypGen/PolypGen2021_MultiCenterData_v3/data_C2/bbox_C2/EndoCV2021_001196.txt,23,23.00 B,,,OK,0
PolypGen,data/external/PolypGen/PolypGen2021_MultiCenterData_v3/data_C2/bbox_C2/EndoCV2021_001199.txt,23,23.00 B,,,OK,0
PolypGen,data/external/PolypGen/PolypGen2021_MultiCenterData_v3/data_C2/bbox_C2/EndoCV2021_001200.txt,23,23.00 B,,,OK,0
PolypGen,data/external/PolypGen/PolypGen2021_MultiCenterData_v3/data_C2/bbox_C2/EndoCV2021_001202.txt,24,24.00 B,,,OK,0
PolypGen,data/external/PolypGen/PolypGen2021_MultiCenterData_v3/data_C2/bbox_C2/EndoCV2021_001206.txt,1,1.00 B,,,OK,0
PolypGen,data/external/PolypGen/PolypGen2021_MultiCenterData_v3/data_C2/bbox_C2/EndoCV2021_001207.txt,22,22.00 B,,,OK,0
PolypGen,data/external/PolypGen/PolypGen2021_MultiCenterData_v3/data_C2/bbox_C2/EndoCV2021_001209.txt,24,24.00 B,,,OK,0
PolypGen,data/external/PolypGen/PolypGen2021_MultiCenterData_v3/data_C2/bbox_C2/EndoCV2021_001212.txt,22,22.00 B,,,OK,0
PolypGen,data/external/PolypGen/PolypGen2021_MultiCenterData_v3/data_C2/bbox_C2/EndoCV2021_001213.txt,1,1.00 B,,,OK,0
PolypGen,data/external/PolypGen/PolypGen2021_MultiCenterData_v3/data_C2/bbox_C2/EndoCV2021_001215.txt,22,22.00 B,,,OK,0
PolypGen,data/external/PolypGen/PolypGen2021_MultiCenterData_v3/data_C2/bbox_C2/EndoCV2021_001216.txt,22,22.00 B,,,OK,0
PolypGen,data/external/PolypGen/PolypGen2021_MultiCenterData_v3/data_C2/bbox_C2/EndoCV2021_001217.txt,1,1.00 B,,,OK,0
PolypGen,data/external/PolypGen/PolypGen2021_MultiCenterData_v3/data_C2/bbox_C2/EndoCV2021_001218.txt,1,1.00 B,,,OK,0
PolypGen,data/external/PolypGen/PolypGen2021_MultiCenterData_v3/data_C2/bbox_C2/EndoCV2021_001219.txt,22,22.00 B,,,OK,0
PolypGen,data/external/PolypGen/PolypGen2021_MultiCenterData_v3/data_C2/bbox_C2/EndoCV2021_001221.txt,23,23.00 B,,,OK,0
PolypGen,data/external/PolypGen/PolypGen2021_MultiCenterData_v3/data_C2/bbox_C2/EndoCV2021_001224.txt,24,24.00 B,,,OK,0
PolypGen,data/external/PolypGen/PolypGen2021_MultiCenterData_v3/data_C2/bbox_C2/EndoCV2021_001225.txt,24,24.00 B,,,OK,0
PolypGen,data/external/PolypGen/PolypGen2021_MultiCenterData_v3/data_C2/bbox_C2/EndoCV2021_001231.txt,24,24.00 B,,,OK,0
PolypGen,data/external/PolypGen/PolypGen2021_MultiCenterData_v3/data_C2/bbox_C2/EndoCV2021_001232.txt,23,23.00 B,,,OK,0
PolypGen,data/external/PolypGen/PolypGen2021_MultiCenterData_v3/data_C2/bbox_C2/EndoCV2021_001233.txt,23,23.00 B,,,OK,0
PolypGen,data/external/PolypGen/PolypGen2021_MultiCenterData_v3/data_C2/bbox_C2/EndoCV2021_001234.txt,23,23.00 B,,,OK,0
PolypGen,data/external/PolypGen/PolypGen2021_MultiCenterData_v3/data_C2/bbox_C2/EndoCV2021_001235.txt,23,23.00 B,,,OK,0
PolypGen,data/external/PolypGen/PolypGen2021_MultiCenterData_v3/data_C2/bbox_C2/EndoCV2021_001236.txt,24,24.00 B,,,OK,0
PolypGen,data/external/PolypGen/PolypGen2021_MultiCenterData_v3/data_C2/bbox_C2/EndoCV2021_001239.txt,23,23.00 B,,,OK,0
PolypGen,data/external/PolypGen/PolypGen2021_MultiCenterData_v3/data_C2/bbox_C2/EndoCV2021_001241.txt,1,1.00 B,,,OK,0
PolypGen,data/external/PolypGen/PolypGen2021_MultiCenterData_v3/data_C2/bbox_C2/EndoCV2021_001243.txt,24,24.00 B,,,OK,0
PolypGen,data/external/PolypGen/PolypGen2021_MultiCenterData_v3/data_C2/bbox_C2/EndoCV2021_001244.txt,23,23.00 B,,,OK,0
PolypGen,data/external/PolypGen/PolypGen2021_MultiCenterData_v3/data_C2/bbox_C2/EndoCV2021_001245.txt,1,1.00 B,,,OK,0
PolypGen,data/external/PolypGen/PolypGen2021_MultiCenterData_v3/data_C2/bbox_C2/EndoCV2021_001247.txt,23,23.00 B,,,OK,0
PolypGen,data/external/PolypGen/PolypGen2021_MultiCenterData_v3/data_C2/bbox_C2/EndoCV2021_001248.txt,22,22.00 B,,,OK,0
PolypGen,data/external/PolypGen/PolypGen2021_MultiCenterData_v3/data_C2/bbox_C2/EndoCV2021_001249.txt,22,22.00 B,,,OK,0
PolypGen,data/external/PolypGen/PolypGen2021_MultiCenterData_v3/data_C2/bbox_C2/EndoCV2021_001250.txt,44,44.00 B,,,OK,0
PolypGen,data/external/PolypGen/PolypGen2021_MultiCenterData_v3/data_C2/bbox_C2/EndoCV2021_001251.txt,22,22.00 B,,,OK,0
PolypGen,data/external/PolypGen/PolypGen2021_MultiCenterData_v3/data_C2/bbox_C2/EndoCV2021_001252.txt,1,1.00 B,,,OK,0
PolypGen,data/external/PolypGen/PolypGen2021_MultiCenterData_v3/data_C2/bbox_C2/EndoCV2021_001253.txt,1,1.00 B,,,OK,0
PolypGen,data/external/PolypGen/PolypGen2021_MultiCenterData_v3/data_C2/bbox_C2/EndoCV2021_001255.txt,22,22.00 B,,,OK,0
PolypGen,data/external/PolypGen/PolypGen2021_MultiCenterData_v3/data_C2/bbox_C2/EndoCV2021_001256.txt,1,1.00 B,,,OK,0
PolypGen,data/external/PolypGen/PolypGen2021_MultiCenterData_v3/data_C2/bbox_C2/EndoCV2021_001257.txt,23,23.00 B,,,OK,0
PolypGen,data/external/PolypGen/PolypGen2021_MultiCenterData_v3/data_C2/bbox_C2/EndoCV2021_001259.txt,23,23.00 B,,,OK,0
PolypGen,data/external/PolypGen/PolypGen2021_MultiCenterData_v3/data_C2/bbox_C2/EndoCV2021_001260.txt,22,22.00 B,,,OK,0
PolypGen,data/external/PolypGen/PolypGen2021_MultiCenterData_v3/data_C2/bbox_C2/EndoCV2021_001261.txt,22,22.00 B,,,OK,0
PolypGen,data/external/PolypGen/PolypGen2021_MultiCenterData_v3/data_C2/bbox_C2/EndoCV2021_001263.txt,23,23.00 B,,,OK,0
PolypGen,data/external/PolypGen/PolypGen2021_MultiCenterData_v3/data_C2/bbox_C2/EndoCV2021_001266.txt,22,22.00 B,,,OK,0
PolypGen,data/external/PolypGen/PolypGen2021_MultiCenterData_v3/data_C2/bbox_C2/EndoCV2021_001267.txt,22,22.00 B,,,OK,0
PolypGen,data/external/PolypGen/PolypGen2021_MultiCenterData_v3/data_C2/bbox_C2/EndoCV2021_001268.txt,46,46.00 B,,,OK,0
PolypGen,data/external/PolypGen/PolypGen2021_MultiCenterData_v3/data_C2/bbox_C2/EndoCV2021_001269.txt,23,23.00 B,,,OK,0
PolypGen,data/external/PolypGen/PolypGen2021_MultiCenterData_v3/data_C2/bbox_C2/EndoCV2021_001270.txt,23,23.00 B,,,OK,0
PolypGen,data/external/PolypGen/PolypGen2021_MultiCenterData_v3/data_C2/bbox_C2/EndoCV2021_001271.txt,22,22.00 B,,,OK,0
PolypGen,data/external/PolypGen/PolypGen2021_MultiCenterData_v3/data_C2/bbox_C2/EndoCV2021_001273.txt,24,24.00 B,,,OK,0
PolypGen,data/external/PolypGen/PolypGen2021_MultiCenterData_v3/data_C2/bbox_C2/EndoCV2021_001274.txt,23,23.00 B,,,OK,0
PolypGen,data/external/PolypGen/PolypGen2021_MultiCenterData_v3/data_C2/bbox_C2/EndoCV2021_001278.txt,24,24.00 B,,,OK,0
PolypGen,data/external/PolypGen/PolypGen2021_MultiCenterData_v3/data_C2/bbox_C2/EndoCV2021_001279.txt,22,22.00 B,,,OK,0
PolypGen,data/external/PolypGen/PolypGen2021_MultiCenterData_v3/data_C2/bbox_C2/EndoCV2021_001280.txt,22,22.00 B,,,OK,0
PolypGen,data/external/PolypGen/PolypGen2021_MultiCenterData_v3/data_C2/bbox_C2/EndoCV2021_001281.txt,44,44.00 B,,,OK,0
PolypGen,data/external/PolypGen/PolypGen2021_MultiCenterData_v3/data_C2/bbox_C2/EndoCV2021_001282.txt,44,44.00 B,,,OK,0
PolypGen,data/external/PolypGen/PolypGen2021_MultiCenterData_v3/data_C2/bbox_C2/EndoCV2021_001283.txt,23,23.00 B,,,OK,0
PolypGen,data/external/PolypGen/PolypGen2021_MultiCenterData_v3/data_C2/bbox_C2/EndoCV2021_001284.txt,23,23.00 B,,,OK,0
PolypGen,data/external/PolypGen/PolypGen2021_MultiCenterData_v3/data_C2/bbox_C2/EndoCV2021_001285.txt,22,22.00 B,,,OK,0
PolypGen,data/external/PolypGen/PolypGen2021_MultiCenterData_v3/data_C2/bbox_C2/EndoCV2021_001286.txt,22,22.00 B,,,OK,0
PolypGen,data/external/PolypGen/PolypGen2021_MultiCenterData_v3/data_C2/bbox_C2/EndoCV2021_001292.txt,24,24.00 B,,,OK,0
PolypGen,data/external/PolypGen/PolypGen2021_MultiCenterData_v3/data_C2/bbox_C2/EndoCV2021_001295.txt,23,23.00 B,,,OK,0
PolypGen,data/external/PolypGen/PolypGen2021_MultiCenterData_v3/data_C2/bbox_C2/EndoCV2021_001296.txt,22,22.00 B,,,OK,0
PolypGen,data/external/PolypGen/PolypGen2021_MultiCenterData_v3/data_C2/bbox_C2/EndoCV2021_001299.txt,22,22.00 B,,,OK,0
PolypGen,data/external/PolypGen/PolypGen2021_MultiCenterData_v3/data_C2/bbox_C2/EndoCV2021_001301.txt,23,23.00 B,,,OK,0
PolypGen,data/external/PolypGen/PolypGen2021_MultiCenterData_v3/data_C2/bbox_C2/EndoCV2021_001302.txt,23,23.00 B,,,OK,0
PolypGen,data/external/PolypGen/PolypGen2021_MultiCenterData_v3/data_C2/bbox_C2/EndoCV2021_001303.txt,24,24.00 B,,,OK,0
PolypGen,data/external/PolypGen/PolypGen2021_MultiCenterData_v3/data_C2/bbox_C2/EndoCV2021_001304.txt,23,23.00 B,,,OK,0
PolypGen,data/external/PolypGen/PolypGen2021_MultiCenterData_v3/data_C2/bbox_C2/EndoCV2021_001305.txt,23,23.00 B,,,OK,0
PolypGen,data/external/PolypGen/PolypGen2021_MultiCenterData_v3/data_C2/bbox_C2/EndoCV2021_001306.txt,46,46.00 B,,,OK,0
PolypGen,data/external/PolypGen/PolypGen2021_MultiCenterData_v3/data_C2/bbox_C2/EndoCV2021_001307.txt,23,23.00 B,,,OK,0
PolypGen,data/external/PolypGen/PolypGen2021_MultiCenterData_v3/data_C2/bbox_C2/EndoCV2021_001308.txt,23,23.00 B,,,OK,0
PolypGen,data/external/PolypGen/PolypGen2021_MultiCenterData_v3/data_C2/bbox_C2/EndoCV2021_001309.txt,25,25.00 B,,,OK,0
PolypGen,data/external/PolypGen/PolypGen2021_MultiCenterData_v3/data_C2/bbox_C2/EndoCV2021_001311.txt,47,47.00 B,,,OK,0
PolypGen,data/external/PolypGen/PolypGen2021_MultiCenterData_v3/data_C2/bbox_C2/EndoCV2021_001312.txt,24,24.00 B,,,OK,0
PolypGen,data/external/PolypGen/PolypGen2021_MultiCenterData_v3/data_C2/bbox_C2/EndoCV2021_001313.txt,25,25.00 B,,,OK,0
PolypGen,data/external/PolypGen/PolypGen2021_MultiCenterData_v3/data_C2/bbox_C2/EndoCV2021_001314.txt,22,22.00 B,,,OK,0
PolypGen,data/external/PolypGen/PolypGen2021_MultiCenterData_v3/data_C2/bbox_C2/EndoCV2021_001315.txt,23,23.00 B,,,OK,0
PolypGen,data/external/PolypGen/PolypGen2021_MultiCenterData_v3/data_C2/bbox_C2/EndoCV2021_001316.txt,23,23.00 B,,,OK,0
PolypGen,data/external/PolypGen/PolypGen2021_MultiCenterData_v3/data_C2/bbox_C2/EndoCV2021_001317.txt,23,23.00 B,,,OK,0
PolypGen,data/external/PolypGen/PolypGen2021_MultiCenterData_v3/data_C2/bbox_C2/EndoCV2021_001318.txt,22,22.00 B,,,OK,0
PolypGen,data/external/PolypGen/PolypGen2021_MultiCenterData_v3/data_C2/bbox_C2/EndoCV2021_001319.txt,22,22.00 B,,,OK,0
PolypGen,data/external/PolypGen/PolypGen2021_MultiCenterData_v3/data_C2/bbox_C2/EndoCV2021_001320.txt,22,22.00 B,,,OK,0
PolypGen,data/external/PolypGen/PolypGen2021_MultiCenterData_v3/data_C2/bbox_C2/EndoCV2021_001321.txt,23,23.00 B,,,OK,0
PolypGen,data/external/PolypGen/PolypGen2021_MultiCenterData_v3/data_C2/bbox_C2/EndoCV2021_001322.txt,22,22.00 B,,,OK,0
PolypGen,data/external/PolypGen/PolypGen2021_MultiCenterData_v3/data_C2/bbox_C2/EndoCV2021_001323.txt,22,22.00 B,,,OK,0
PolypGen,data/external/PolypGen/PolypGen2021_MultiCenterData_v3/data_C2/bbox_C2/EndoCV2021_001324.txt,22,22.00 B,,,OK,0
PolypGen,data/external/PolypGen/PolypGen2021_MultiCenterData_v3/data_C2/bbox_C2/EndoCV2021_001325.txt,23,23.00 B,,,OK,0
PolypGen,data/external/PolypGen/PolypGen2021_MultiCenterData_v3/data_C2/bbox_C2/EndoCV2021_001326.txt,23,23.00 B,,,OK,0
PolypGen,data/external/PolypGen/PolypGen2021_MultiCenterData_v3/data_C2/bbox_C2/EndoCV2021_001327.txt,42,42.00 B,,,OK,0
PolypGen,data/external/PolypGen/PolypGen2021_MultiCenterData_v3/data_C2/bbox_C2/EndoCV2021_001328.txt,20,20.00 B,,,OK,0
PolypGen,data/external/PolypGen/PolypGen2021_MultiCenterData_v3/data_C2/bbox_C2/EndoCV2021_001329.txt,44,44.00 B,,,OK,0
PolypGen,data/external/PolypGen/PolypGen2021_MultiCenterData_v3/data_C2/bbox_C2/EndoCV2021_001330.txt,23,23.00 B,,,OK,0
PolypGen,data/external/PolypGen/PolypGen2021_MultiCenterData_v3/data_C2/bbox_C2/EndoCV2021_001331.txt,23,23.00 B,,,OK,0
PolypGen,data/external/PolypGen/PolypGen2021_MultiCenterData_v3/data_C2/bbox_C2/EndoCV2021_001332.txt,23,23.00 B,,,OK,0
PolypGen,data/external/PolypGen/PolypGen2021_MultiCenterData_v3/data_C2/bbox_C2/EndoCV2021_001333.txt,22,22.00 B,,,OK,0
PolypGen,data/external/PolypGen/PolypGen2021_MultiCenterData_v3/data_C2/bbox_C2/EndoCV2021_001334.txt,23,23.00 B,,,OK,0
PolypGen,data/external/PolypGen/PolypGen2021_MultiCenterData_v3/data_C2/bbox_C2/EndoCV2021_001335.txt,24,24.00 B,,,OK,0
PolypGen,data/external/PolypGen/PolypGen2021_MultiCenterData_v3/data_C2/bbox_C2/EndoCV2021_001336.txt,23,23.00 B,,,OK,0
PolypGen,data/external/PolypGen/PolypGen2021_MultiCenterData_v3/data_C2/bbox_C2/EndoCV2021_001337.txt,23,23.00 B,,,OK,0
PolypGen,data/external/PolypGen/PolypGen2021_MultiCenterData_v3/data_C2/bbox_C2/EndoCV2021_001338.txt,23,23.00 B,,,OK,0
PolypGen,data/external/PolypGen/PolypGen2021_MultiCenterData_v3/data_C2/bbox_C2/EndoCV2021_001339.txt,24,24.00 B,,,OK,0
PolypGen,data/external/PolypGen/PolypGen2021_MultiCenterData_v3/data_C2/bbox_C2/EndoCV2021_001340.txt,23,23.00 B,,,OK,0
PolypGen,data/external/PolypGen/PolypGen2021_MultiCenterData_v3/data_C2/bbox_C2/EndoCV2021_001342.txt,22,22.00 B,,,OK,0
PolypGen,data/external/PolypGen/PolypGen2021_MultiCenterData_v3/data_C2/bbox_C2/EndoCV2021_001343.txt,22,22.00 B,,,OK,0
PolypGen,data/external/PolypGen/PolypGen2021_MultiCenterData_v3/data_C2/bbox_C2/EndoCV2021_001344.txt,24,24.00 B,,,OK,0
PolypGen,data/external/PolypGen/PolypGen2021_MultiCenterData_v3/data_C2/bbox_C2/EndoCV2021_001345.txt,22,22.00 B,,,OK,0
PolypGen,data/external/PolypGen/PolypGen2021_MultiCenterData_v3/data_C2/bbox_C2/EndoCV2021_001346.txt,45,45.00 B,,,OK,0
PolypGen,data/external/PolypGen/PolypGen2021_MultiCenterData_v3/data_C2/bbox_C2/EndoCV2021_001347.txt,22,22.00 B,,,OK,0
PolypGen,data/external/PolypGen/PolypGen2021_MultiCenterData_v3/data_C2/bbox_C2/EndoCV2021_001348.txt,23,23.00 B,,,OK,0
PolypGen,data/external/PolypGen/PolypGen2021_MultiCenterData_v3/data_C2/bbox_C2/EndoCV2021_001349.txt,20,20.00 B,,,OK,0
PolypGen,data/external/PolypGen/PolypGen2021_MultiCenterData_v3/data_C2/bbox_C2/EndoCV2021_001351.txt,22,22.00 B,,,OK,0
PolypGen,data/external/PolypGen/PolypGen2021_MultiCenterData_v3/data_C2/bbox_C2/EndoCV2021_001352.txt,23,23.00 B,,,OK,0
PolypGen,data/external/PolypGen/PolypGen2021_MultiCenterData_v3/data_C2/bbox_C2/EndoCV2021_001353.txt,24,24.00 B,,,OK,0
PolypGen,data/external/PolypGen/PolypGen2021_MultiCenterData_v3/data_C2/bbox_C2/EndoCV2021_001354.txt,21,21.00 B,,,OK,0
PolypGen,data/external/PolypGen/PolypGen2021_MultiCenterData_v3/data_C2/bbox_C2/EndoCV2021_001355.txt,23,23.00 B,,,OK,0
PolypGen,data/external/PolypGen/PolypGen2021_MultiCenterData_v3/data_C2/bbox_C2/EndoCV2021_001356.txt,22,22.00 B,,,OK,0
PolypGen,data/external/PolypGen/PolypGen2021_MultiCenterData_v3/data_C2/bbox_C2/EndoCV2021_001357.txt,23,23.00 B,,,OK,0
PolypGen,data/external/PolypGen/PolypGen2021_MultiCenterData_v3/data_C2/bbox_C2/EndoCV2021_001358.txt,22,22.00 B,,,OK,0
PolypGen,data/external/PolypGen/PolypGen2021_MultiCenterData_v3/data_C2/bbox_C2/EndoCV2021_001359.txt,23,23.00 B,,,OK,0
PolypGen,data/external/PolypGen/PolypGen2021_MultiCenterData_v3/data_C2/bbox_C2/EndoCV2021_001360.txt,22,22.00 B,,,OK,0
PolypGen,data/external/PolypGen/PolypGen2021_MultiCenterData_v3/data_C2/bbox_C2/EndoCV2021_001361.txt,23,23.00 B,,,OK,0
PolypGen,data/external/PolypGen/PolypGen2021_MultiCenterData_v3/data_C2/bbox_C2/EndoCV2021_001362.txt,46,46.00 B,,,OK,0
PolypGen,data/external/PolypGen/PolypGen2021_MultiCenterData_v3/data_C2/bbox_C2/EndoCV2021_001363.txt,21,21.00 B,,,OK,0
PolypGen,data/external/PolypGen/PolypGen2021_MultiCenterData_v3/data_C2/bbox_C2/EndoCV2021_001364.txt,23,23.00 B,,,OK,0
PolypGen,data/external/PolypGen/PolypGen2021_MultiCenterData_v3/data_C2/bbox_C2/EndoCV2021_001365.txt,1,1.00 B,,,OK,0
PolypGen,data/external/PolypGen/PolypGen2021_MultiCenterData_v3/data_C2/bbox_C2/EndoCV2021_001369.txt,22,22.00 B,,,OK,0
PolypGen,data/external/PolypGen/PolypGen2021_MultiCenterData_v3/data_C2/bbox_C2/EndoCV2021_001371.txt,24,24.00 B,,,OK,0
PolypGen,data/external/PolypGen/PolypGen2021_MultiCenterData_v3/data_C2/bbox_C2/EndoCV2021_001372.txt,23,23.00 B,,,OK,0
PolypGen,data/external/PolypGen/PolypGen2021_MultiCenterData_v3/data_C2/bbox_C2/EndoCV2021_001374.txt,24,24.00 B,,,OK,0
PolypGen,data/external/PolypGen/PolypGen2021_MultiCenterData_v3/data_C2/bbox_C2/EndoCV2021_001375.txt,22,22.00 B,,,OK,0
PolypGen,data/external/PolypGen/PolypGen2021_MultiCenterData_v3/data_C2/bbox_C2/EndoCV2021_001376.txt,23,23.00 B,,,OK,0
PolypGen,data/external/PolypGen/PolypGen2021_MultiCenterData_v3/data_C2/bbox_C2/EndoCV2021_001377.txt,23,23.00 B,,,OK,0
PolypGen,data/external/PolypGen/PolypGen2021_MultiCenterData_v3/data_C2/bbox_C2/EndoCV2021_001378.txt,23,23.00 B,,,OK,0
PolypGen,data/external/PolypGen/PolypGen2021_MultiCenterData_v3/data_C2/bbox_C2/EndoCV2021_001379.txt,24,24.00 B,,,OK,0
PolypGen,data/external/PolypGen/PolypGen2021_MultiCenterData_v3/data_C2/bbox_C2/EndoCV2021_001380.txt,22,22.00 B,,,OK,0
PolypGen,data/external/PolypGen/PolypGen2021_MultiCenterData_v3/data_C2/bbox_C2/EndoCV2021_001381.txt,21,21.00 B,,,OK,0
PolypGen,data/external/PolypGen/PolypGen2021_MultiCenterData_v3/data_C2/bbox_C2/EndoCV2021_001382.txt,22,22.00 B,,,OK,0
PolypGen,data/external/PolypGen/PolypGen2021_MultiCenterData_v3/data_C2/bbox_C2/EndoCV2021_001383.txt,23,23.00 B,,,OK,0
PolypGen,data/external/PolypGen/PolypGen2021_MultiCenterData_v3/data_C2/bbox_C2/EndoCV2021_001384.txt,22,22.00 B,,,OK,0
PolypGen,data/external/PolypGen/PolypGen2021_MultiCenterData_v3/data_C2/bbox_C2/EndoCV2021_001386.txt,45,45.00 B,,,OK,0
PolypGen,data/external/PolypGen/PolypGen2021_MultiCenterData_v3/data_C2/bbox_C2/EndoCV2021_001387.txt,22,22.00 B,,,OK,0
PolypGen,data/external/PolypGen/PolypGen2021_MultiCenterData_v3/data_C2/bbox_C2/EndoCV2021_001388.txt,22,22.00 B,,,OK,0
PolypGen,data/external/PolypGen/PolypGen2021_MultiCenterData_v3/data_C2/bbox_C2/EndoCV2021_001389.txt,24,24.00 B,,,OK,0
PolypGen,data/external/PolypGen/PolypGen2021_MultiCenterData_v3/data_C2/bbox_C2/EndoCV2021_001391.txt,23,23.00 B,,,OK,0
PolypGen,data/external/PolypGen/PolypGen2021_MultiCenterData_v3/data_C2/bbox_C2/EndoCV2021_001392.txt,22,22.00 B,,,OK,0
PolypGen,data/external/PolypGen/PolypGen2021_MultiCenterData_v3/data_C2/bbox_C2/EndoCV2021_001393.txt,23,23.00 B,,,OK,0
PolypGen,data/external/PolypGen/PolypGen2021_MultiCenterData_v3/data_C2/bbox_C2/EndoCV2021_001394.txt,22,22.00 B,,,OK,0
PolypGen,data/external/PolypGen/PolypGen2021_MultiCenterData_v3/data_C2/bbox_C2/EndoCV2021_001395.txt,22,22.00 B,,,OK,0
PolypGen,data/external/PolypGen/PolypGen2021_MultiCenterData_v3/data_C2/bbox_C2/EndoCV2021_001396.txt,23,23.00 B,,,OK,0
PolypGen,data/external/PolypGen/PolypGen2021_MultiCenterData_v3/data_C2/bbox_C2/EndoCV2021_001397.txt,23,23.00 B,,,OK,0
PolypGen,data/external/PolypGen/PolypGen2021_MultiCenterData_v3/data_C2/bbox_C2/EndoCV2021_001401.txt,25,25.00 B,,,OK,0
PolypGen,data/external/PolypGen/PolypGen2021_MultiCenterData_v3/data_C2/bbox_C2/EndoCV2021_001402.txt,22,22.00 B,,,OK,0
PolypGen,data/external/PolypGen/PolypGen2021_MultiCenterData_v3/data_C2/bbox_C2/EndoCV2021_001403.txt,24,24.00 B,,,OK,0
PolypGen,data/external/PolypGen/PolypGen2021_MultiCenterData_v3/data_C2/bbox_C2/EndoCV2021_001404.txt,22,22.00 B,,,OK,0
PolypGen,data/external/PolypGen/PolypGen2021_MultiCenterData_v3/data_C2/bbox_C2/EndoCV2021_001406.txt,22,22.00 B,,,OK,0
PolypGen,data/external/PolypGen/PolypGen2021_MultiCenterData_v3/data_C2/bbox_C2/EndoCV2021_001407.txt,24,24.00 B,,,OK,0
PolypGen,data/external/PolypGen/PolypGen2021_MultiCenterData_v3/data_C2/bbox_C2/EndoCV2021_001408.txt,23,23.00 B,,,OK,0
PolypGen,data/external/PolypGen/PolypGen2021_MultiCenterData_v3/data_C2/bbox_C2/EndoCV2021_001412.txt,23,23.00 B,,,OK,0
PolypGen,data/external/PolypGen/PolypGen2021_MultiCenterData_v3/data_C2/bbox_C2/EndoCV2021_001413.txt,23,23.00 B,,,OK,0
PolypGen,data/external/PolypGen/PolypGen2021_MultiCenterData_v3/data_C2/bbox_C2/EndoCV2021_001414.txt,22,22.00 B,,,OK,0
PolypGen,data/external/PolypGen/PolypGen2021_MultiCenterData_v3/data_C2/bbox_C2/EndoCV2021_001415.txt,22,22.00 B,,,OK,0
PolypGen,data/external/PolypGen/PolypGen2021_MultiCenterData_v3/data_C2/bbox_C2/EndoCV2021_001416.txt,21,21.00 B,,,OK,0
PolypGen,data/external/PolypGen/PolypGen2021_MultiCenterData_v3/data_C2/bbox_C2/EndoCV2021_001417.txt,22,22.00 B,,,OK,0
PolypGen,data/external/PolypGen/PolypGen2021_MultiCenterData_v3/data_C2/bbox_C2/EndoCV2021_001418.txt,21,21.00 B,,,OK,0
PolypGen,data/external/PolypGen/PolypGen2021_MultiCenterData_v3/data_C2/bbox_C2/EndoCV2021_001419.txt,22,22.00 B,,,OK,0
PolypGen,data/external/PolypGen/PolypGen2021_MultiCenterData_v3/data_C2/bbox_C2/EndoCV2021_001420.txt,24,24.00 B,,,OK,0
PolypGen,data/external/PolypGen/PolypGen2021_MultiCenterData_v3/data_C2/bbox_C2/EndoCV2021_001423.txt,24,24.00 B,,,OK,0
PolypGen,data/external/PolypGen/PolypGen2021_MultiCenterData_v3/data_C2/bbox_C2/EndoCV2021_001424.txt,24,24.00 B,,,OK,0
PolypGen,data/external/PolypGen/PolypGen2021_MultiCenterData_v3/data_C2/bbox_C2/EndoCV2021_001425.txt,23,23.00 B,,,OK,0
PolypGen,data/external/PolypGen/PolypGen2021_MultiCenterData_v3/data_C2/bbox_C2/EndoCV2021_001426.txt,25,25.00 B,,,OK,0
PolypGen,data/external/PolypGen/PolypGen2021_MultiCenterData_v3/data_C2/bbox_C2/EndoCV2021_001427.txt,23,23.00 B,,,OK,0
PolypGen,data/external/PolypGen/PolypGen2021_MultiCenterData_v3/data_C2/bbox_C2/EndoCV2021_001428.txt,23,23.00 B,,,OK,0
PolypGen,data/external/PolypGen/PolypGen2021_MultiCenterData_v3/data_C2/bbox_C2/EndoCV2021_001429.txt,22,22.00 B,,,OK,0
PolypGen,data/external/PolypGen/PolypGen2021_MultiCenterData_v3/data_C2/bbox_C2/EndoCV2021_001430.txt,23,23.00 B,,,OK,0
PolypGen,data/external/PolypGen/PolypGen2021_MultiCenterData_v3/data_C2/bbox_C2/EndoCV2021_001431.txt,22,22.00 B,,,OK,0
PolypGen,data/external/PolypGen/PolypGen2021_MultiCenterData_v3/data_C3/bbox_C3/C3_EndoCV2021_001.txt,22,22.00 B,,,OK,0
PolypGen,data/external/PolypGen/PolypGen2021_MultiCenterData_v3/data_C3/bbox_C3/C3_EndoCV2021_0010.txt,22,22.00 B,,,OK,0
PolypGen,data/external/PolypGen/PolypGen2021_MultiCenterData_v3/data_C3/bbox_C3/C3_EndoCV2021_00100.txt,23,23.00 B,,,OK,0
PolypGen,data/external/PolypGen/PolypGen2021_MultiCenterData_v3/data_C3/bbox_C3/C3_EndoCV2021_00101.txt,24,24.00 B,,,OK,0
PolypGen,data/external/PolypGen/PolypGen2021_MultiCenterData_v3/data_C3/bbox_C3/C3_EndoCV2021_00102.txt,24,24.00 B,,,OK,0
PolypGen,data/external/PolypGen/PolypGen2021_MultiCenterData_v3/data_C3/bbox_C3/C3_EndoCV2021_00103.txt,23,23.00 B,,,OK,0
PolypGen,data/external/PolypGen/PolypGen2021_MultiCenterData_v3/data_C3/bbox_C3/C3_EndoCV2021_00104.txt,23,23.00 B,,,OK,0
PolypGen,data/external/PolypGen/PolypGen2021_MultiCenterData_v3/data_C3/bbox_C3/C3_EndoCV2021_00105.txt,23,23.00 B,,,OK,0
PolypGen,data/external/PolypGen/PolypGen2021_MultiCenterData_v3/data_C3/bbox_C3/C3_EndoCV2021_00106.txt,22,22.00 B,,,OK,0
PolypGen,data/external/PolypGen/PolypGen2021_MultiCenterData_v3/data_C3/bbox_C3/C3_EndoCV2021_00107.txt,24,24.00 B,,,OK,0
PolypGen,data/external/PolypGen/PolypGen2021_MultiCenterData_v3/data_C3/bbox_C3/C3_EndoCV2021_00108.txt,66,66.00 B,,,OK,0
PolypGen,data/external/PolypGen/PolypGen2021_MultiCenterData_v3/data_C3/bbox_C3/C3_EndoCV2021_00109.txt,22,22.00 B,,,OK,0
PolypGen,data/external/PolypGen/PolypGen2021_MultiCenterData_v3/data_C3/bbox_C3/C3_EndoCV2021_0011.txt,22,22.00 B,,,OK,0
PolypGen,data/external/PolypGen/PolypGen2021_MultiCenterData_v3/data_C3/bbox_C3/C3_EndoCV2021_00110.txt,23,23.00 B,,,OK,0
PolypGen,data/external/PolypGen/PolypGen2021_MultiCenterData_v3/data_C3/bbox_C3/C3_EndoCV2021_00111.txt,21,21.00 B,,,OK,0
PolypGen,data/external/PolypGen/PolypGen2021_MultiCenterData_v3/data_C3/bbox_C3/C3_EndoCV2021_00112.txt,24,24.00 B,,,OK,0
PolypGen,data/external/PolypGen/PolypGen2021_MultiCenterData_v3/data_C3/bbox_C3/C3_EndoCV2021_00113.txt,24,24.00 B,,,OK,0
PolypGen,data/external/PolypGen/PolypGen2021_MultiCenterData_v3/data_C3/bbox_C3/C3_EndoCV2021_00114.txt,22,22.00 B,,,OK,0
PolypGen,data/external/PolypGen/PolypGen2021_MultiCenterData_v3/data_C3/bbox_C3/C3_EndoCV2021_00115.txt,22,22.00 B,,,OK,0
PolypGen,data/external/PolypGen/PolypGen2021_MultiCenterData_v3/data_C3/bbox_C3/C3_EndoCV2021_00116.txt,23,23.00 B,,,OK,0
PolypGen,data/external/PolypGen/PolypGen2021_MultiCenterData_v3/data_C3/bbox_C3/C3_EndoCV2021_00117.txt,24,24.00 B,,,OK,0
PolypGen,data/external/PolypGen/PolypGen2021_MultiCenterData_v3/data_C3/bbox_C3/C3_EndoCV2021_00118.txt,23,23.00 B,,,OK,0
PolypGen,data/external/PolypGen/PolypGen2021_MultiCenterData_v3/data_C3/bbox_C3/C3_EndoCV2021_00119.txt,21,21.00 B,,,OK,0
PolypGen,data/external/PolypGen/PolypGen2021_MultiCenterData_v3/data_C3/bbox_C3/C3_EndoCV2021_0012.txt,22,22.00 B,,,OK,0
PolypGen,data/external/PolypGen/PolypGen2021_MultiCenterData_v3/data_C3/bbox_C3/C3_EndoCV2021_00120.txt,23,23.00 B,,,OK,0
PolypGen,data/external/PolypGen/PolypGen2021_MultiCenterData_v3/data_C3/bbox_C3/C3_EndoCV2021_00121.txt,23,23.00 B,,,OK,0
PolypGen,data/external/PolypGen/PolypGen2021_MultiCenterData_v3/data_C3/bbox_C3/C3_EndoCV2021_00122.txt,23,23.00 B,,,OK,0
PolypGen,data/external/PolypGen/PolypGen2021_MultiCenterData_v3/data_C3/bbox_C3/C3_EndoCV2021_00123.txt,24,24.00 B,,,OK,0
PolypGen,data/external/PolypGen/PolypGen2021_MultiCenterData_v3/data_C3/bbox_C3/C3_EndoCV2021_00124.txt,23,23.00 B,,,OK,0
PolypGen,data/external/PolypGen/PolypGen2021_MultiCenterData_v3/data_C3/bbox_C3/C3_EndoCV2021_00126.txt,22,22.00 B,,,OK,0
PolypGen,data/external/PolypGen/PolypGen2021_MultiCenterData_v3/data_C3/bbox_C3/C3_EndoCV2021_00127.txt,23,23.00 B,,,OK,0
PolypGen,data/external/PolypGen/PolypGen2021_MultiCenterData_v3/data_C3/bbox_C3/C3_EndoCV2021_00129.txt,23,23.00 B,,,OK,0
PolypGen,data/external/PolypGen/PolypGen2021_MultiCenterData_v3/data_C3/bbox_C3/C3_EndoCV2021_0013.txt,23,23.00 B,,,OK,0
PolypGen,data/external/PolypGen/PolypGen2021_MultiCenterData_v3/data_C3/bbox_C3/C3_EndoCV2021_00130.txt,22,22.00 B,,,OK,0
PolypGen,data/external/PolypGen/PolypGen2021_MultiCenterData_v3/data_C3/bbox_C3/C3_EndoCV2021_00131.txt,24,24.00 B,,,OK,0
PolypGen,data/external/PolypGen/PolypGen2021_MultiCenterData_v3/data_C3/bbox_C3/C3_EndoCV2021_00132.txt,22,22.00 B,,,OK,0
PolypGen,data/external/PolypGen/PolypGen2021_MultiCenterData_v3/data_C3/bbox_C3/C3_EndoCV2021_00133.txt,22,22.00 B,,,OK,0
PolypGen,data/external/PolypGen/PolypGen2021_MultiCenterData_v3/data_C3/bbox_C3/C3_EndoCV2021_00134.txt,22,22.00 B,,,OK,0
PolypGen,data/external/PolypGen/PolypGen2021_MultiCenterData_v3/data_C3/bbox_C3/C3_EndoCV2021_00135.txt,23,23.00 B,,,OK,0
PolypGen,data/external/PolypGen/PolypGen2021_MultiCenterData_v3/data_C3/bbox_C3/C3_EndoCV2021_00136.txt,24,24.00 B,,,OK,0
PolypGen,data/external/PolypGen/PolypGen2021_MultiCenterData_v3/data_C3/bbox_C3/C3_EndoCV2021_00137.txt,24,24.00 B,,,OK,0
PolypGen,data/external/PolypGen/PolypGen2021_MultiCenterData_v3/data_C3/bbox_C3/C3_EndoCV2021_00138.txt,23,23.00 B,,,OK,0
PolypGen,data/external/PolypGen/PolypGen2021_MultiCenterData_v3/data_C3/bbox_C3/C3_EndoCV2021_00139.txt,22,22.00 B,,,OK,0
PolypGen,data/external/PolypGen/PolypGen2021_MultiCenterData_v3/data_C3/bbox_C3/C3_EndoCV2021_0014.txt,22,22.00 B,,,OK,0
PolypGen,data/external/PolypGen/PolypGen2021_MultiCenterData_v3/data_C3/bbox_C3/C3_EndoCV2021_00140.txt,22,22.00 B,,,OK,0
PolypGen,data/external/PolypGen/PolypGen2021_MultiCenterData_v3/data_C3/bbox_C3/C3_EndoCV2021_00141.txt,23,23.00 B,,,OK,0
PolypGen,data/external/PolypGen/PolypGen2021_MultiCenterData_v3/data_C3/bbox_C3/C3_EndoCV2021_00142.txt,47,47.00 B,,,OK,0
PolypGen,data/external/PolypGen/PolypGen2021_MultiCenterData_v3/data_C3/bbox_C3/C3_EndoCV2021_00143.txt,22,22.00 B,,,OK,0
PolypGen,data/external/PolypGen/PolypGen2021_MultiCenterData_v3/data_C3/bbox_C3/C3_EndoCV2021_00144.txt,24,24.00 B,,,OK,0
PolypGen,data/external/PolypGen/PolypGen2021_MultiCenterData_v3/data_C3/bbox_C3/C3_EndoCV2021_00145.txt,48,48.00 B,,,OK,0
PolypGen,data/external/PolypGen/PolypGen2021_MultiCenterData_v3/data_C3/bbox_C3/C3_EndoCV2021_00146.txt,22,22.00 B,,,OK,0
PolypGen,data/external/PolypGen/PolypGen2021_MultiCenterData_v3/data_C3/bbox_C3/C3_EndoCV2021_00147.txt,22,22.00 B,,,OK,0
PolypGen,data/external/PolypGen/PolypGen2021_MultiCenterData_v3/data_C3/bbox_C3/C3_EndoCV2021_00148.txt,24,24.00 B,,,OK,0
PolypGen,data/external/PolypGen/PolypGen2021_MultiCenterData_v3/data_C3/bbox_C3/C3_EndoCV2021_00149.txt,24,24.00 B,,,OK,0
PolypGen,data/external/PolypGen/PolypGen2021_MultiCenterData_v3/data_C3/bbox_C3/C3_EndoCV2021_0015.txt,22,22.00 B,,,OK,0
PolypGen,data/external/PolypGen/PolypGen2021_MultiCenterData_v3/data_C3/bbox_C3/C3_EndoCV2021_00150.txt,24,24.00 B,,,OK,0
PolypGen,data/external/PolypGen/PolypGen2021_MultiCenterData_v3/data_C3/bbox_C3/C3_EndoCV2021_00151.txt,24,24.00 B,,,OK,0
PolypGen,data/external/PolypGen/PolypGen2021_MultiCenterData_v3/data_C3/bbox_C3/C3_EndoCV2021_00152.txt,22,22.00 B,,,OK,0
PolypGen,data/external/PolypGen/PolypGen2021_MultiCenterData_v3/data_C3/bbox_C3/C3_EndoCV2021_00153.txt,22,22.00 B,,,OK,0
PolypGen,data/external/PolypGen/PolypGen2021_MultiCenterData_v3/data_C3/bbox_C3/C3_EndoCV2021_00154.txt,23,23.00 B,,,OK,0
PolypGen,data/external/PolypGen/PolypGen2021_MultiCenterData_v3/data_C3/bbox_C3/C3_EndoCV2021_00155.txt,24,24.00 B,,,OK,0
PolypGen,data/external/PolypGen/PolypGen2021_MultiCenterData_v3/data_C3/bbox_C3/C3_EndoCV2021_00156.txt,22,22.00 B,,,OK,0
PolypGen,data/external/PolypGen/PolypGen2021_MultiCenterData_v3/data_C3/bbox_C3/C3_EndoCV2021_00157.txt,24,24.00 B,,,OK,0
PolypGen,data/external/PolypGen/PolypGen2021_MultiCenterData_v3/data_C3/bbox_C3/C3_EndoCV2021_00158.txt,47,47.00 B,,,OK,0
PolypGen,data/external/PolypGen/PolypGen2021_MultiCenterData_v3/data_C3/bbox_C3/C3_EndoCV2021_00159.txt,22,22.00 B,,,OK,0
PolypGen,data/external/PolypGen/PolypGen2021_MultiCenterData_v3/data_C3/bbox_C3/C3_EndoCV2021_0016.txt,22,22.00 B,,,OK,0
PolypGen,data/external/PolypGen/PolypGen2021_MultiCenterData_v3/data_C3/bbox_C3/C3_EndoCV2021_00160.txt,24,24.00 B,,,OK,0
PolypGen,data/external/PolypGen/PolypGen2021_MultiCenterData_v3/data_C3/bbox_C3/C3_EndoCV2021_00161.txt,23,23.00 B,,,OK,0
PolypGen,data/external/PolypGen/PolypGen2021_MultiCenterData_v3/data_C3/bbox_C3/C3_EndoCV2021_00162.txt,23,23.00 B,,,OK,0
PolypGen,data/external/PolypGen/PolypGen2021_MultiCenterData_v3/data_C3/bbox_C3/C3_EndoCV2021_00163.txt,22,22.00 B,,,OK,0
PolypGen,data/external/PolypGen/PolypGen2021_MultiCenterData_v3/data_C3/bbox_C3/C3_EndoCV2021_00164.txt,22,22.00 B,,,OK,0
PolypGen,data/external/PolypGen/PolypGen2021_MultiCenterData_v3/data_C3/bbox_C3/C3_EndoCV2021_00165.txt,24,24.00 B,,,OK,0
PolypGen,data/external/PolypGen/PolypGen2021_MultiCenterData_v3/data_C3/bbox_C3/C3_EndoCV2021_00166.txt,22,22.00 B,,,OK,0
PolypGen,data/external/PolypGen/PolypGen2021_MultiCenterData_v3/data_C3/bbox_C3/C3_EndoCV2021_00167.txt,22,22.00 B,,,OK,0
PolypGen,data/external/PolypGen/PolypGen2021_MultiCenterData_v3/data_C3/bbox_C3/C3_EndoCV2021_00168.txt,23,23.00 B,,,OK,0
PolypGen,data/external/PolypGen/PolypGen2021_MultiCenterData_v3/data_C3/bbox_C3/C3_EndoCV2021_00169.txt,22,22.00 B,,,OK,0
PolypGen,data/external/PolypGen/PolypGen2021_MultiCenterData_v3/data_C3/bbox_C3/C3_EndoCV2021_00170.txt,22,22.00 B,,,OK,0
PolypGen,data/external/PolypGen/PolypGen2021_MultiCenterData_v3/data_C3/bbox_C3/C3_EndoCV2021_00175.txt,22,22.00 B,,,OK,0
PolypGen,data/external/PolypGen/PolypGen2021_MultiCenterData_v3/data_C3/bbox_C3/C3_EndoCV2021_00176.txt,24,24.00 B,,,OK,0
PolypGen,data/external/PolypGen/PolypGen2021_MultiCenterData_v3/data_C3/bbox_C3/C3_EndoCV2021_00177.txt,43,43.00 B,,,OK,0
PolypGen,data/external/PolypGen/PolypGen2021_MultiCenterData_v3/data_C3/bbox_C3/C3_EndoCV2021_00178.txt,24,24.00 B,,,OK,0
PolypGen,data/external/PolypGen/PolypGen2021_MultiCenterData_v3/data_C3/bbox_C3/C3_EndoCV2021_00179.txt,22,22.00 B,,,OK,0
PolypGen,data/external/PolypGen/PolypGen2021_MultiCenterData_v3/data_C3/bbox_C3/C3_EndoCV2021_00180.txt,88,88.00 B,,,OK,0
PolypGen,data/external/PolypGen/PolypGen2021_MultiCenterData_v3/data_C3/bbox_C3/C3_EndoCV2021_00181.txt,22,22.00 B,,,OK,0
PolypGen,data/external/PolypGen/PolypGen2021_MultiCenterData_v3/data_C3/bbox_C3/C3_EndoCV2021_00182.txt,22,22.00 B,,,OK,0
PolypGen,data/external/PolypGen/PolypGen2021_MultiCenterData_v3/data_C3/bbox_C3/C3_EndoCV2021_00183.txt,46,46.00 B,,,OK,0
PolypGen,data/external/PolypGen/PolypGen2021_MultiCenterData_v3/data_C3/bbox_C3/C3_EndoCV2021_00184.txt,23,23.00 B,,,OK,0
PolypGen,data/external/PolypGen/PolypGen2021_MultiCenterData_v3/data_C3/bbox_C3/C3_EndoCV2021_00185.txt,22,22.00 B,,,OK,0
PolypGen,data/external/PolypGen/PolypGen2021_MultiCenterData_v3/data_C3/bbox_C3/C3_EndoCV2021_00186.txt,24,24.00 B,,,OK,0
PolypGen,data/external/PolypGen/PolypGen2021_MultiCenterData_v3/data_C3/bbox_C3/C3_EndoCV2021_00188.txt,23,23.00 B,,,OK,0
PolypGen,data/external/PolypGen/PolypGen2021_MultiCenterData_v3/data_C3/bbox_C3/C3_EndoCV2021_00189.txt,24,24.00 B,,,OK,0
PolypGen,data/external/PolypGen/PolypGen2021_MultiCenterData_v3/data_C3/bbox_C3/C3_EndoCV2021_00190.txt,23,23.00 B,,,OK,0
PolypGen,data/external/PolypGen/PolypGen2021_MultiCenterData_v3/data_C3/bbox_C3/C3_EndoCV2021_00191.txt,23,23.00 B,,,OK,0
PolypGen,data/external/PolypGen/PolypGen2021_MultiCenterData_v3/data_C3/bbox_C3/C3_EndoCV2021_00192.txt,22,22.00 B,,,OK,0
PolypGen,data/external/PolypGen/PolypGen2021_MultiCenterData_v3/data_C3/bbox_C3/C3_EndoCV2021_00193.txt,22,22.00 B,,,OK,0
PolypGen,data/external/PolypGen/PolypGen2021_MultiCenterData_v3/data_C3/bbox_C3/C3_EndoCV2021_00194.txt,23,23.00 B,,,OK,0
PolypGen,data/external/PolypGen/PolypGen2021_MultiCenterData_v3/data_C3/bbox_C3/C3_EndoCV2021_00195.txt,21,21.00 B,,,OK,0
PolypGen,data/external/PolypGen/PolypGen2021_MultiCenterData_v3/data_C3/bbox_C3/C3_EndoCV2021_00196.txt,23,23.00 B,,,OK,0
PolypGen,data/external/PolypGen/PolypGen2021_MultiCenterData_v3/data_C3/bbox_C3/C3_EndoCV2021_00197.txt,22,22.00 B,,,OK,0
PolypGen,data/external/PolypGen/PolypGen2021_MultiCenterData_v3/data_C3/bbox_C3/C3_EndoCV2021_00198.txt,24,24.00 B,,,OK,0
PolypGen,data/external/PolypGen/PolypGen2021_MultiCenterData_v3/data_C3/bbox_C3/C3_EndoCV2021_00199.txt,23,23.00 B,,,OK,0
PolypGen,data/external/PolypGen/PolypGen2021_MultiCenterData_v3/data_C3/bbox_C3/C3_EndoCV2021_002.txt,22,22.00 B,,,OK,0
PolypGen,data/external/PolypGen/PolypGen2021_MultiCenterData_v3/data_C3/bbox_C3/C3_EndoCV2021_0020.txt,88,88.00 B,,,OK,0
PolypGen,data/external/PolypGen/PolypGen2021_MultiCenterData_v3/data_C3/bbox_C3/C3_EndoCV2021_00200.txt,22,22.00 B,,,OK,0
PolypGen,data/external/PolypGen/PolypGen2021_MultiCenterData_v3/data_C3/bbox_C3/C3_EndoCV2021_00201.txt,23,23.00 B,,,OK,0
PolypGen,data/external/PolypGen/PolypGen2021_MultiCenterData_v3/data_C3/bbox_C3/C3_EndoCV2021_00202.txt,24,24.00 B,,,OK,0
PolypGen,data/external/PolypGen/PolypGen2021_MultiCenterData_v3/data_C3/bbox_C3/C3_EndoCV2021_00205.txt,22,22.00 B,,,OK,0
PolypGen,data/external/PolypGen/PolypGen2021_MultiCenterData_v3/data_C3/bbox_C3/C3_EndoCV2021_00206.txt,23,23.00 B,,,OK,0
PolypGen,data/external/PolypGen/PolypGen2021_MultiCenterData_v3/data_C3/bbox_C3/C3_EndoCV2021_00207.txt,23,23.00 B,,,OK,0
PolypGen,data/external/PolypGen/PolypGen2021_MultiCenterData_v3/data_C3/bbox_C3/C3_EndoCV2021_00208.txt,23,23.00 B,,,OK,0
PolypGen,data/external/PolypGen/PolypGen2021_MultiCenterData_v3/data_C3/bbox_C3/C3_EndoCV2021_00209.txt,22,22.00 B,,,OK,0
PolypGen,data/external/PolypGen/PolypGen2021_MultiCenterData_v3/data_C3/bbox_C3/C3_EndoCV2021_0021.txt,21,21.00 B,,,OK,0
PolypGen,data/external/PolypGen/PolypGen2021_MultiCenterData_v3/data_C3/bbox_C3/C3_EndoCV2021_00210.txt,22,22.00 B,,,OK,0
PolypGen,data/external/PolypGen/PolypGen2021_MultiCenterData_v3/data_C3/bbox_C3/C3_EndoCV2021_00211.txt,23,23.00 B,,,OK,0
PolypGen,data/external/PolypGen/PolypGen2021_MultiCenterData_v3/data_C3/bbox_C3/C3_EndoCV2021_00212.txt,22,22.00 B,,,OK,0
PolypGen,data/external/PolypGen/PolypGen2021_MultiCenterData_v3/data_C3/bbox_C3/C3_EndoCV2021_00213.txt,23,23.00 B,,,OK,0
PolypGen,data/external/PolypGen/PolypGen2021_MultiCenterData_v3/data_C3/bbox_C3/C3_EndoCV2021_00214.txt,23,23.00 B,,,OK,0
PolypGen,data/external/PolypGen/PolypGen2021_MultiCenterData_v3/data_C3/bbox_C3/C3_EndoCV2021_00215.txt,24,24.00 B,,,OK,0
PolypGen,data/external/PolypGen/PolypGen2021_MultiCenterData_v3/data_C3/bbox_C3/C3_EndoCV2021_00216.txt,22,22.00 B,,,OK,0
PolypGen,data/external/PolypGen/PolypGen2021_MultiCenterData_v3/data_C3/bbox_C3/C3_EndoCV2021_00217.txt,23,23.00 B,,,OK,0
PolypGen,data/external/PolypGen/PolypGen2021_MultiCenterData_v3/data_C3/bbox_C3/C3_EndoCV2021_00218.txt,22,22.00 B,,,OK,0
PolypGen,data/external/PolypGen/PolypGen2021_MultiCenterData_v3/data_C3/bbox_C3/C3_EndoCV2021_00219.txt,22,22.00 B,,,OK,0
PolypGen,data/external/PolypGen/PolypGen2021_MultiCenterData_v3/data_C3/bbox_C3/C3_EndoCV2021_0022.txt,23,23.00 B,,,OK,0
PolypGen,data/external/PolypGen/PolypGen2021_MultiCenterData_v3/data_C3/bbox_C3/C3_EndoCV2021_00220.txt,22,22.00 B,,,OK,0
PolypGen,data/external/PolypGen/PolypGen2021_MultiCenterData_v3/data_C3/bbox_C3/C3_EndoCV2021_00221.txt,24,24.00 B,,,OK,0
PolypGen,data/external/PolypGen/PolypGen2021_MultiCenterData_v3/data_C3/bbox_C3/C3_EndoCV2021_00222.txt,22,22.00 B,,,OK,0
PolypGen,data/external/PolypGen/PolypGen2021_MultiCenterData_v3/data_C3/bbox_C3/C3_EndoCV2021_00223.txt,23,23.00 B,,,OK,0
PolypGen,data/external/PolypGen/PolypGen2021_MultiCenterData_v3/data_C3/bbox_C3/C3_EndoCV2021_00224.txt,22,22.00 B,,,OK,0
PolypGen,data/external/PolypGen/PolypGen2021_MultiCenterData_v3/data_C3/bbox_C3/C3_EndoCV2021_00225.txt,24,24.00 B,,,OK,0
PolypGen,data/external/PolypGen/PolypGen2021_MultiCenterData_v3/data_C3/bbox_C3/C3_EndoCV2021_00226.txt,23,23.00 B,,,OK,0
PolypGen,data/external/PolypGen/PolypGen2021_MultiCenterData_v3/data_C3/bbox_C3/C3_EndoCV2021_00227.txt,23,23.00 B,,,OK,0
PolypGen,data/external/PolypGen/PolypGen2021_MultiCenterData_v3/data_C3/bbox_C3/C3_EndoCV2021_00228.txt,21,21.00 B,,,OK,0
PolypGen,data/external/PolypGen/PolypGen2021_MultiCenterData_v3/data_C3/bbox_C3/C3_EndoCV2021_00229.txt,22,22.00 B,,,OK,0
PolypGen,data/external/PolypGen/PolypGen2021_MultiCenterData_v3/data_C3/bbox_C3/C3_EndoCV2021_0023.txt,23,23.00 B,,,OK,0
PolypGen,data/external/PolypGen/PolypGen2021_MultiCenterData_v3/data_C3/bbox_C3/C3_EndoCV2021_00230.txt,22,22.00 B,,,OK,0
PolypGen,data/external/PolypGen/PolypGen2021_MultiCenterData_v3/data_C3/bbox_C3/C3_EndoCV2021_00231.txt,22,22.00 B,,,OK,0
PolypGen,data/external/PolypGen/PolypGen2021_MultiCenterData_v3/data_C3/bbox_C3/C3_EndoCV2021_00232.txt,23,23.00 B,,,OK,0
PolypGen,data/external/PolypGen/PolypGen2021_MultiCenterData_v3/data_C3/bbox_C3/C3_EndoCV2021_00233.txt,24,24.00 B,,,OK,0
PolypGen,data/external/PolypGen/PolypGen2021_MultiCenterData_v3/data_C3/bbox_C3/C3_EndoCV2021_00234.txt,22,22.00 B,,,OK,0
PolypGen,data/external/PolypGen/PolypGen2021_MultiCenterData_v3/data_C3/bbox_C3/C3_EndoCV2021_00235.txt,23,23.00 B,,,OK,0
PolypGen,data/external/PolypGen/PolypGen2021_MultiCenterData_v3/data_C3/bbox_C3/C3_EndoCV2021_00236.txt,22,22.00 B,,,OK,0
PolypGen,data/external/PolypGen/PolypGen2021_MultiCenterData_v3/data_C3/bbox_C3/C3_EndoCV2021_00237.txt,23,23.00 B,,,OK,0
PolypGen,data/external/PolypGen/PolypGen2021_MultiCenterData_v3/data_C3/bbox_C3/C3_EndoCV2021_00238.txt,23,23.00 B,,,OK,0
PolypGen,data/external/PolypGen/PolypGen2021_MultiCenterData_v3/data_C3/bbox_C3/C3_EndoCV2021_00239.txt,22,22.00 B,,,OK,0
PolypGen,data/external/PolypGen/PolypGen2021_MultiCenterData_v3/data_C3/bbox_C3/C3_EndoCV2021_0024.txt,114,114.00 B,,,OK,0
PolypGen,data/external/PolypGen/PolypGen2021_MultiCenterData_v3/data_C3/bbox_C3/C3_EndoCV2021_00240.txt,24,24.00 B,,,OK,0
PolypGen,data/external/PolypGen/PolypGen2021_MultiCenterData_v3/data_C3/bbox_C3/C3_EndoCV2021_00241.txt,22,22.00 B,,,OK,0
PolypGen,data/external/PolypGen/PolypGen2021_MultiCenterData_v3/data_C3/bbox_C3/C3_EndoCV2021_00242.txt,22,22.00 B,,,OK,0
PolypGen,data/external/PolypGen/PolypGen2021_MultiCenterData_v3/data_C3/bbox_C3/C3_EndoCV2021_00243.txt,22,22.00 B,,,OK,0
PolypGen,data/external/PolypGen/PolypGen2021_MultiCenterData_v3/data_C3/bbox_C3/C3_EndoCV2021_00244.txt,24,24.00 B,,,OK,0
PolypGen,data/external/PolypGen/PolypGen2021_MultiCenterData_v3/data_C3/bbox_C3/C3_EndoCV2021_00245.txt,23,23.00 B,,,OK,0
PolypGen,data/external/PolypGen/PolypGen2021_MultiCenterData_v3/data_C3/bbox_C3/C3_EndoCV2021_00246.txt,23,23.00 B,,,OK,0
PolypGen,data/external/PolypGen/PolypGen2021_MultiCenterData_v3/data_C3/bbox_C3/C3_EndoCV2021_00247.txt,23,23.00 B,,,OK,0
PolypGen,data/external/PolypGen/PolypGen2021_MultiCenterData_v3/data_C3/bbox_C3/C3_EndoCV2021_00248.txt,22,22.00 B,,,OK,0
PolypGen,data/external/PolypGen/PolypGen2021_MultiCenterData_v3/data_C3/bbox_C3/C3_EndoCV2021_00249.txt,24,24.00 B,,,OK,0
PolypGen,data/external/PolypGen/PolypGen2021_MultiCenterData_v3/data_C3/bbox_C3/C3_EndoCV2021_00250.txt,23,23.00 B,,,OK,0
PolypGen,data/external/PolypGen/PolypGen2021_MultiCenterData_v3/data_C3/bbox_C3/C3_EndoCV2021_00251.txt,22,22.00 B,,,OK,0
PolypGen,data/external/PolypGen/PolypGen2021_MultiCenterData_v3/data_C3/bbox_C3/C3_EndoCV2021_00252.txt,23,23.00 B,,,OK,0
PolypGen,data/external/PolypGen/PolypGen2021_MultiCenterData_v3/data_C3/bbox_C3/C3_EndoCV2021_00253.txt,21,21.00 B,,,OK,0
PolypGen,data/external/PolypGen/PolypGen2021_MultiCenterData_v3/data_C3/bbox_C3/C3_EndoCV2021_00254.txt,22,22.00 B,,,OK,0
PolypGen,data/external/PolypGen/PolypGen2021_MultiCenterData_v3/data_C3/bbox_C3/C3_EndoCV2021_00255.txt,23,23.00 B,,,OK,0
PolypGen,data/external/PolypGen/PolypGen2021_MultiCenterData_v3/data_C3/bbox_C3/C3_EndoCV2021_00256.txt,23,23.00 B,,,OK,0
PolypGen,data/external/PolypGen/PolypGen2021_MultiCenterData_v3/data_C3/bbox_C3/C3_EndoCV2021_00258.txt,23,23.00 B,,,OK,0
PolypGen,data/external/PolypGen/PolypGen2021_MultiCenterData_v3/data_C3/bbox_C3/C3_EndoCV2021_00259.txt,24,24.00 B,,,OK,0
PolypGen,data/external/PolypGen/PolypGen2021_MultiCenterData_v3/data_C3/bbox_C3/C3_EndoCV2021_0026.txt,22,22.00 B,,,OK,0
PolypGen,data/external/PolypGen/PolypGen2021_MultiCenterData_v3/data_C3/bbox_C3/C3_EndoCV2021_00260.txt,22,22.00 B,,,OK,0
PolypGen,data/external/PolypGen/PolypGen2021_MultiCenterData_v3/data_C3/bbox_C3/C3_EndoCV2021_00261.txt,22,22.00 B,,,OK,0
PolypGen,data/external/PolypGen/PolypGen2021_MultiCenterData_v3/data_C3/bbox_C3/C3_EndoCV2021_00262.txt,44,44.00 B,,,OK,0
PolypGen,data/external/PolypGen/PolypGen2021_MultiCenterData_v3/data_C3/bbox_C3/C3_EndoCV2021_00263.txt,22,22.00 B,,,OK,0
PolypGen,data/external/PolypGen/PolypGen2021_MultiCenterData_v3/data_C3/bbox_C3/C3_EndoCV2021_00264.txt,22,22.00 B,,,OK,0
PolypGen,data/external/PolypGen/PolypGen2021_MultiCenterData_v3/data_C3/bbox_C3/C3_EndoCV2021_00265.txt,23,23.00 B,,,OK,0
PolypGen,data/external/PolypGen/PolypGen2021_MultiCenterData_v3/data_C3/bbox_C3/C3_EndoCV2021_00266.txt,22,22.00 B,,,OK,0
PolypGen,data/external/PolypGen/PolypGen2021_MultiCenterData_v3/data_C3/bbox_C3/C3_EndoCV2021_00267.txt,23,23.00 B,,,OK,0
PolypGen,data/external/PolypGen/PolypGen2021_MultiCenterData_v3/data_C3/bbox_C3/C3_EndoCV2021_00268.txt,23,23.00 B,,,OK,0
PolypGen,data/external/PolypGen/PolypGen2021_MultiCenterData_v3/data_C3/bbox_C3/C3_EndoCV2021_00269.txt,24,24.00 B,,,OK,0
PolypGen,data/external/PolypGen/PolypGen2021_MultiCenterData_v3/data_C3/bbox_C3/C3_EndoCV2021_0027.txt,23,23.00 B,,,OK,0
PolypGen,data/external/PolypGen/PolypGen2021_MultiCenterData_v3/data_C3/bbox_C3/C3_EndoCV2021_00270.txt,23,23.00 B,,,OK,0
PolypGen,data/external/PolypGen/PolypGen2021_MultiCenterData_v3/data_C3/bbox_C3/C3_EndoCV2021_00271.txt,23,23.00 B,,,OK,0
PolypGen,data/external/PolypGen/PolypGen2021_MultiCenterData_v3/data_C3/bbox_C3/C3_EndoCV2021_00272.txt,24,24.00 B,,,OK,0
PolypGen,data/external/PolypGen/PolypGen2021_MultiCenterData_v3/data_C3/bbox_C3/C3_EndoCV2021_00273.txt,23,23.00 B,,,OK,0
PolypGen,data/external/PolypGen/PolypGen2021_MultiCenterData_v3/data_C3/bbox_C3/C3_EndoCV2021_00274.txt,23,23.00 B,,,OK,0
PolypGen,data/external/PolypGen/PolypGen2021_MultiCenterData_v3/data_C3/bbox_C3/C3_EndoCV2021_00275.txt,24,24.00 B,,,OK,0
PolypGen,data/external/PolypGen/PolypGen2021_MultiCenterData_v3/data_C3/bbox_C3/C3_EndoCV2021_00276.txt,22,22.00 B,,,OK,0
PolypGen,data/external/PolypGen/PolypGen2021_MultiCenterData_v3/data_C3/bbox_C3/C3_EndoCV2021_00277.txt,24,24.00 B,,,OK,0
PolypGen,data/external/PolypGen/PolypGen2021_MultiCenterData_v3/data_C3/bbox_C3/C3_EndoCV2021_00278.txt,24,24.00 B,,,OK,0
PolypGen,data/external/PolypGen/PolypGen2021_MultiCenterData_v3/data_C3/bbox_C3/C3_EndoCV2021_00279.txt,24,24.00 B,,,OK,0
PolypGen,data/external/PolypGen/PolypGen2021_MultiCenterData_v3/data_C3/bbox_C3/C3_EndoCV2021_0028.txt,23,23.00 B,,,OK,0
PolypGen,data/external/PolypGen/PolypGen2021_MultiCenterData_v3/data_C3/bbox_C3/C3_EndoCV2021_00280.txt,23,23.00 B,,,OK,0
PolypGen,data/external/PolypGen/PolypGen2021_MultiCenterData_v3/data_C3/bbox_C3/C3_EndoCV2021_00281.txt,22,22.00 B,,,OK,0
PolypGen,data/external/PolypGen/PolypGen2021_MultiCenterData_v3/data_C3/bbox_C3/C3_EndoCV2021_00282.txt,22,22.00 B,,,OK,0
PolypGen,data/external/PolypGen/PolypGen2021_MultiCenterData_v3/data_C3/bbox_C3/C3_EndoCV2021_00283.txt,23,23.00 B,,,OK,0
PolypGen,data/external/PolypGen/PolypGen2021_MultiCenterData_v3/data_C3/bbox_C3/C3_EndoCV2021_00284.txt,22,22.00 B,,,OK,0
PolypGen,data/external/PolypGen/PolypGen2021_MultiCenterData_v3/data_C3/bbox_C3/C3_EndoCV2021_00285.txt,22,22.00 B,,,OK,0
PolypGen,data/external/PolypGen/PolypGen2021_MultiCenterData_v3/data_C3/bbox_C3/C3_EndoCV2021_00286.txt,22,22.00 B,,,OK,0
PolypGen,data/external/PolypGen/PolypGen2021_MultiCenterData_v3/data_C3/bbox_C3/C3_EndoCV2021_00287.txt,23,23.00 B,,,OK,0
PolypGen,data/external/PolypGen/PolypGen2021_MultiCenterData_v3/data_C3/bbox_C3/C3_EndoCV2021_00288.txt,23,23.00 B,,,OK,0
PolypGen,data/external/PolypGen/PolypGen2021_MultiCenterData_v3/data_C3/bbox_C3/C3_EndoCV2021_00289.txt,23,23.00 B,,,OK,0
PolypGen,data/external/PolypGen/PolypGen2021_MultiCenterData_v3/data_C3/bbox_C3/C3_EndoCV2021_0029.txt,23,23.00 B,,,OK,0
PolypGen,data/external/PolypGen/PolypGen2021_MultiCenterData_v3/data_C3/bbox_C3/C3_EndoCV2021_00290.txt,23,23.00 B,,,OK,0
PolypGen,data/external/PolypGen/PolypGen2021_MultiCenterData_v3/data_C3/bbox_C3/C3_EndoCV2021_00291.txt,23,23.00 B,,,OK,0
PolypGen,data/external/PolypGen/PolypGen2021_MultiCenterData_v3/data_C3/bbox_C3/C3_EndoCV2021_00292.txt,22,22.00 B,,,OK,0
PolypGen,data/external/PolypGen/PolypGen2021_MultiCenterData_v3/data_C3/bbox_C3/C3_EndoCV2021_00293.txt,22,22.00 B,,,OK,0
PolypGen,data/external/PolypGen/PolypGen2021_MultiCenterData_v3/data_C3/bbox_C3/C3_EndoCV2021_00294.txt,22,22.00 B,,,OK,0
PolypGen,data/external/PolypGen/PolypGen2021_MultiCenterData_v3/data_C3/bbox_C3/C3_EndoCV2021_00295.txt,23,23.00 B,,,OK,0
PolypGen,data/external/PolypGen/PolypGen2021_MultiCenterData_v3/data_C3/bbox_C3/C3_EndoCV2021_00296.txt,22,22.00 B,,,OK,0
PolypGen,data/external/PolypGen/PolypGen2021_MultiCenterData_v3/data_C3/bbox_C3/C3_EndoCV2021_00297.txt,24,24.00 B,,,OK,0
PolypGen,data/external/PolypGen/PolypGen2021_MultiCenterData_v3/data_C3/bbox_C3/C3_EndoCV2021_00298.txt,23,23.00 B,,,OK,0
PolypGen,data/external/PolypGen/PolypGen2021_MultiCenterData_v3/data_C3/bbox_C3/C3_EndoCV2021_00299.txt,68,68.00 B,,,OK,0
PolypGen,data/external/PolypGen/PolypGen2021_MultiCenterData_v3/data_C3/bbox_C3/C3_EndoCV2021_003.txt,23,23.00 B,,,OK,0
PolypGen,data/external/PolypGen/PolypGen2021_MultiCenterData_v3/data_C3/bbox_C3/C3_EndoCV2021_0030.txt,22,22.00 B,,,OK,0
PolypGen,data/external/PolypGen/PolypGen2021_MultiCenterData_v3/data_C3/bbox_C3/C3_EndoCV2021_00300.txt,23,23.00 B,,,OK,0
PolypGen,data/external/PolypGen/PolypGen2021_MultiCenterData_v3/data_C3/bbox_C3/C3_EndoCV2021_00301.txt,22,22.00 B,,,OK,0
PolypGen,data/external/PolypGen/PolypGen2021_MultiCenterData_v3/data_C3/bbox_C3/C3_EndoCV2021_00302.txt,22,22.00 B,,,OK,0
PolypGen,data/external/PolypGen/PolypGen2021_MultiCenterData_v3/data_C3/bbox_C3/C3_EndoCV2021_00303.txt,22,22.00 B,,,OK,0
PolypGen,data/external/PolypGen/PolypGen2021_MultiCenterData_v3/data_C3/bbox_C3/C3_EndoCV2021_00304.txt,23,23.00 B,,,OK,0
PolypGen,data/external/PolypGen/PolypGen2021_MultiCenterData_v3/data_C3/bbox_C3/C3_EndoCV2021_00305.txt,24,24.00 B,,,OK,0
PolypGen,data/external/PolypGen/PolypGen2021_MultiCenterData_v3/data_C3/bbox_C3/C3_EndoCV2021_00306.txt,24,24.00 B,,,OK,0
PolypGen,data/external/PolypGen/PolypGen2021_MultiCenterData_v3/data_C3/bbox_C3/C3_EndoCV2021_00307.txt,22,22.00 B,,,OK,0
PolypGen,data/external/PolypGen/PolypGen2021_MultiCenterData_v3/data_C3/bbox_C3/C3_EndoCV2021_00308.txt,23,23.00 B,,,OK,0
PolypGen,data/external/PolypGen/PolypGen2021_MultiCenterData_v3/data_C3/bbox_C3/C3_EndoCV2021_00309.txt,22,22.00 B,,,OK,0
PolypGen,data/external/PolypGen/PolypGen2021_MultiCenterData_v3/data_C3/bbox_C3/C3_EndoCV2021_0031.txt,23,23.00 B,,,OK,0
PolypGen,data/external/PolypGen/PolypGen2021_MultiCenterData_v3/data_C3/bbox_C3/C3_EndoCV2021_00310.txt,22,22.00 B,,,OK,0
PolypGen,data/external/PolypGen/PolypGen2021_MultiCenterData_v3/data_C3/bbox_C3/C3_EndoCV2021_00311.txt,22,22.00 B,,,OK,0
PolypGen,data/external/PolypGen/PolypGen2021_MultiCenterData_v3/data_C3/bbox_C3/C3_EndoCV2021_00312.txt,22,22.00 B,,,OK,0
PolypGen,data/external/PolypGen/PolypGen2021_MultiCenterData_v3/data_C3/bbox_C3/C3_EndoCV2021_00313.txt,22,22.00 B,,,OK,0
PolypGen,data/external/PolypGen/PolypGen2021_MultiCenterData_v3/data_C3/bbox_C3/C3_EndoCV2021_00314.txt,25,25.00 B,,,OK,0
PolypGen,data/external/PolypGen/PolypGen2021_MultiCenterData_v3/data_C3/bbox_C3/C3_EndoCV2021_00315.txt,22,22.00 B,,,OK,0
PolypGen,data/external/PolypGen/PolypGen2021_MultiCenterData_v3/data_C3/bbox_C3/C3_EndoCV2021_00316.txt,24,24.00 B,,,OK,0
PolypGen,data/external/PolypGen/PolypGen2021_MultiCenterData_v3/data_C3/bbox_C3/C3_EndoCV2021_00317.txt,24,24.00 B,,,OK,0
PolypGen,data/external/PolypGen/PolypGen2021_MultiCenterData_v3/data_C3/bbox_C3/C3_EndoCV2021_00318.txt,23,23.00 B,,,OK,0
PolypGen,data/external/PolypGen/PolypGen2021_MultiCenterData_v3/data_C3/bbox_C3/C3_EndoCV2021_00319.txt,23,23.00 B,,,OK,0
PolypGen,data/external/PolypGen/PolypGen2021_MultiCenterData_v3/data_C3/bbox_C3/C3_EndoCV2021_0032.txt,23,23.00 B,,,OK,0
PolypGen,data/external/PolypGen/PolypGen2021_MultiCenterData_v3/data_C3/bbox_C3/C3_EndoCV2021_00320.txt,23,23.00 B,,,OK,0
PolypGen,data/external/PolypGen/PolypGen2021_MultiCenterData_v3/data_C3/bbox_C3/C3_EndoCV2021_00321.txt,22,22.00 B,,,OK,0
PolypGen,data/external/PolypGen/PolypGen2021_MultiCenterData_v3/data_C3/bbox_C3/C3_EndoCV2021_00322.txt,22,22.00 B,,,OK,0
PolypGen,data/external/PolypGen/PolypGen2021_MultiCenterData_v3/data_C3/bbox_C3/C3_EndoCV2021_00323.txt,22,22.00 B,,,OK,0
PolypGen,data/external/PolypGen/PolypGen2021_MultiCenterData_v3/data_C3/bbox_C3/C3_EndoCV2021_00324.txt,22,22.00 B,,,OK,0
PolypGen,data/external/PolypGen/PolypGen2021_MultiCenterData_v3/data_C3/bbox_C3/C3_EndoCV2021_00325.txt,23,23.00 B,,,OK,0
PolypGen,data/external/PolypGen/PolypGen2021_MultiCenterData_v3/data_C3/bbox_C3/C3_EndoCV2021_00326.txt,22,22.00 B,,,OK,0
PolypGen,data/external/PolypGen/PolypGen2021_MultiCenterData_v3/data_C3/bbox_C3/C3_EndoCV2021_00327.txt,24,24.00 B,,,OK,0
PolypGen,data/external/PolypGen/PolypGen2021_MultiCenterData_v3/data_C3/bbox_C3/C3_EndoCV2021_00328.txt,22,22.00 B,,,OK,0
PolypGen,data/external/PolypGen/PolypGen2021_MultiCenterData_v3/data_C3/bbox_C3/C3_EndoCV2021_00329.txt,24,24.00 B,,,OK,0
PolypGen,data/external/PolypGen/PolypGen2021_MultiCenterData_v3/data_C3/bbox_C3/C3_EndoCV2021_0033.txt,23,23.00 B,,,OK,0
PolypGen,data/external/PolypGen/PolypGen2021_MultiCenterData_v3/data_C3/bbox_C3/C3_EndoCV2021_00331.txt,22,22.00 B,,,OK,0
PolypGen,data/external/PolypGen/PolypGen2021_MultiCenterData_v3/data_C3/bbox_C3/C3_EndoCV2021_00332.txt,23,23.00 B,,,OK,0
PolypGen,data/external/PolypGen/PolypGen2021_MultiCenterData_v3/data_C3/bbox_C3/C3_EndoCV2021_00333.txt,22,22.00 B,,,OK,0
PolypGen,data/external/PolypGen/PolypGen2021_MultiCenterData_v3/data_C3/bbox_C3/C3_EndoCV2021_00334.txt,22,22.00 B,,,OK,0
PolypGen,data/external/PolypGen/PolypGen2021_MultiCenterData_v3/data_C3/bbox_C3/C3_EndoCV2021_00335.txt,22,22.00 B,,,OK,0
PolypGen,data/external/PolypGen/PolypGen2021_MultiCenterData_v3/data_C3/bbox_C3/C3_EndoCV2021_00337.txt,45,45.00 B,,,OK,0
PolypGen,data/external/PolypGen/PolypGen2021_MultiCenterData_v3/data_C3/bbox_C3/C3_EndoCV2021_00338.txt,22,22.00 B,,,OK,0
PolypGen,data/external/PolypGen/PolypGen2021_MultiCenterData_v3/data_C3/bbox_C3/C3_EndoCV2021_00339.txt,24,24.00 B,,,OK,0
PolypGen,data/external/PolypGen/PolypGen2021_MultiCenterData_v3/data_C3/bbox_C3/C3_EndoCV2021_0034.txt,22,22.00 B,,,OK,0
PolypGen,data/external/PolypGen/PolypGen2021_MultiCenterData_v3/data_C3/bbox_C3/C3_EndoCV2021_00340.txt,24,24.00 B,,,OK,0
PolypGen,data/external/PolypGen/PolypGen2021_MultiCenterData_v3/data_C3/bbox_C3/C3_EndoCV2021_00341.txt,69,69.00 B,,,OK,0
PolypGen,data/external/PolypGen/PolypGen2021_MultiCenterData_v3/data_C3/bbox_C3/C3_EndoCV2021_00342.txt,23,23.00 B,,,OK,0
PolypGen,data/external/PolypGen/PolypGen2021_MultiCenterData_v3/data_C3/bbox_C3/C3_EndoCV2021_00343.txt,22,22.00 B,,,OK,0
PolypGen,data/external/PolypGen/PolypGen2021_MultiCenterData_v3/data_C3/bbox_C3/C3_EndoCV2021_00344.txt,22,22.00 B,,,OK,0
PolypGen,data/external/PolypGen/PolypGen2021_MultiCenterData_v3/data_C3/bbox_C3/C3_EndoCV2021_00345.txt,22,22.00 B,,,OK,0
PolypGen,data/external/PolypGen/PolypGen2021_MultiCenterData_v3/data_C3/bbox_C3/C3_EndoCV2021_00346.txt,22,22.00 B,,,OK,0
PolypGen,data/external/PolypGen/PolypGen2021_MultiCenterData_v3/data_C3/bbox_C3/C3_EndoCV2021_00347.txt,22,22.00 B,,,OK,0
PolypGen,data/external/PolypGen/PolypGen2021_MultiCenterData_v3/data_C3/bbox_C3/C3_EndoCV2021_00349.txt,44,44.00 B,,,OK,0
PolypGen,data/external/PolypGen/PolypGen2021_MultiCenterData_v3/data_C3/bbox_C3/C3_EndoCV2021_0035.txt,22,22.00 B,,,OK,0
PolypGen,data/external/PolypGen/PolypGen2021_MultiCenterData_v3/data_C3/bbox_C3/C3_EndoCV2021_00350.txt,22,22.00 B,,,OK,0
PolypGen,data/external/PolypGen/PolypGen2021_MultiCenterData_v3/data_C3/bbox_C3/C3_EndoCV2021_00351.txt,23,23.00 B,,,OK,0
PolypGen,data/external/PolypGen/PolypGen2021_MultiCenterData_v3/data_C3/bbox_C3/C3_EndoCV2021_0036.txt,23,23.00 B,,,OK,0
PolypGen,data/external/PolypGen/PolypGen2021_MultiCenterData_v3/data_C3/bbox_C3/C3_EndoCV2021_00363.txt,23,23.00 B,,,OK,0
PolypGen,data/external/PolypGen/PolypGen2021_MultiCenterData_v3/data_C3/bbox_C3/C3_EndoCV2021_00364.txt,22,22.00 B,,,OK,0
PolypGen,data/external/PolypGen/PolypGen2021_MultiCenterData_v3/data_C3/bbox_C3/C3_EndoCV2021_00365.txt,22,22.00 B,,,OK,0
PolypGen,data/external/PolypGen/PolypGen2021_MultiCenterData_v3/data_C3/bbox_C3/C3_EndoCV2021_00366.txt,67,67.00 B,,,OK,0
PolypGen,data/external/PolypGen/PolypGen2021_MultiCenterData_v3/data_C3/bbox_C3/C3_EndoCV2021_00367.txt,91,91.00 B,,,OK,0
PolypGen,data/external/PolypGen/PolypGen2021_MultiCenterData_v3/data_C3/bbox_C3/C3_EndoCV2021_00368.txt,91,91.00 B,,,OK,0
PolypGen,data/external/PolypGen/PolypGen2021_MultiCenterData_v3/data_C3/bbox_C3/C3_EndoCV2021_00369.txt,116,116.00 B,,,OK,0
PolypGen,data/external/PolypGen/PolypGen2021_MultiCenterData_v3/data_C3/bbox_C3/C3_EndoCV2021_0037.txt,22,22.00 B,,,OK,0
PolypGen,data/external/PolypGen/PolypGen2021_MultiCenterData_v3/data_C3/bbox_C3/C3_EndoCV2021_00370.txt,45,45.00 B,,,OK,0
PolypGen,data/external/PolypGen/PolypGen2021_MultiCenterData_v3/data_C3/bbox_C3/C3_EndoCV2021_00371.txt,22,22.00 B,,,OK,0
PolypGen,data/external/PolypGen/PolypGen2021_MultiCenterData_v3/data_C3/bbox_C3/C3_EndoCV2021_00372.txt,22,22.00 B,,,OK,0
PolypGen,data/external/PolypGen/PolypGen2021_MultiCenterData_v3/data_C3/bbox_C3/C3_EndoCV2021_00373.txt,23,23.00 B,,,OK,0
PolypGen,data/external/PolypGen/PolypGen2021_MultiCenterData_v3/data_C3/bbox_C3/C3_EndoCV2021_00374.txt,44,44.00 B,,,OK,0
PolypGen,data/external/PolypGen/PolypGen2021_MultiCenterData_v3/data_C3/bbox_C3/C3_EndoCV2021_00375.txt,68,68.00 B,,,OK,0
PolypGen,data/external/PolypGen/PolypGen2021_MultiCenterData_v3/data_C3/bbox_C3/C3_EndoCV2021_00376.txt,21,21.00 B,,,OK,0
PolypGen,data/external/PolypGen/PolypGen2021_MultiCenterData_v3/data_C3/bbox_C3/C3_EndoCV2021_00377.txt,21,21.00 B,,,OK,0
PolypGen,data/external/PolypGen/PolypGen2021_MultiCenterData_v3/data_C3/bbox_C3/C3_EndoCV2021_00378.txt,22,22.00 B,,,OK,0
PolypGen,data/external/PolypGen/PolypGen2021_MultiCenterData_v3/data_C3/bbox_C3/C3_EndoCV2021_00379.txt,23,23.00 B,,,OK,0
PolypGen,data/external/PolypGen/PolypGen2021_MultiCenterData_v3/data_C3/bbox_C3/C3_EndoCV2021_0038.txt,22,22.00 B,,,OK,0
PolypGen,data/external/PolypGen/PolypGen2021_MultiCenterData_v3/data_C3/bbox_C3/C3_EndoCV2021_00380.txt,50,50.00 B,,,OK,0
PolypGen,data/external/PolypGen/PolypGen2021_MultiCenterData_v3/data_C3/bbox_C3/C3_EndoCV2021_00381.txt,21,21.00 B,,,OK,0
PolypGen,data/external/PolypGen/PolypGen2021_MultiCenterData_v3/data_C3/bbox_C3/C3_EndoCV2021_00382.txt,22,22.00 B,,,OK,0
PolypGen,data/external/PolypGen/PolypGen2021_MultiCenterData_v3/data_C3/bbox_C3/C3_EndoCV2021_00383.txt,24,24.00 B,,,OK,0
PolypGen,data/external/PolypGen/PolypGen2021_MultiCenterData_v3/data_C3/bbox_C3/C3_EndoCV2021_00384.txt,23,23.00 B,,,OK,0
PolypGen,data/external/PolypGen/PolypGen2021_MultiCenterData_v3/data_C3/bbox_C3/C3_EndoCV2021_00385.txt,22,22.00 B,,,OK,0
PolypGen,data/external/PolypGen/PolypGen2021_MultiCenterData_v3/data_C3/bbox_C3/C3_EndoCV2021_00386.txt,23,23.00 B,,,OK,0
PolypGen,data/external/PolypGen/PolypGen2021_MultiCenterData_v3/data_C3/bbox_C3/C3_EndoCV2021_00387.txt,23,23.00 B,,,OK,0
PolypGen,data/external/PolypGen/PolypGen2021_MultiCenterData_v3/data_C3/bbox_C3/C3_EndoCV2021_00388.txt,23,23.00 B,,,OK,0
PolypGen,data/external/PolypGen/PolypGen2021_MultiCenterData_v3/data_C3/bbox_C3/C3_EndoCV2021_00389.txt,23,23.00 B,,,OK,0
PolypGen,data/external/PolypGen/PolypGen2021_MultiCenterData_v3/data_C3/bbox_C3/C3_EndoCV2021_0039.txt,24,24.00 B,,,OK,0
PolypGen,data/external/PolypGen/PolypGen2021_MultiCenterData_v3/data_C3/bbox_C3/C3_EndoCV2021_00390.txt,23,23.00 B,,,OK,0
PolypGen,data/external/PolypGen/PolypGen2021_MultiCenterData_v3/data_C3/bbox_C3/C3_EndoCV2021_00391.txt,21,21.00 B,,,OK,0
PolypGen,data/external/PolypGen/PolypGen2021_MultiCenterData_v3/data_C3/bbox_C3/C3_EndoCV2021_00392.txt,19,19.00 B,,,OK,0
PolypGen,data/external/PolypGen/PolypGen2021_MultiCenterData_v3/data_C3/bbox_C3/C3_EndoCV2021_00393.txt,24,24.00 B,,,OK,0
PolypGen,data/external/PolypGen/PolypGen2021_MultiCenterData_v3/data_C3/bbox_C3/C3_EndoCV2021_00394.txt,24,24.00 B,,,OK,0
PolypGen,data/external/PolypGen/PolypGen2021_MultiCenterData_v3/data_C3/bbox_C3/C3_EndoCV2021_00395.txt,23,23.00 B,,,OK,0
PolypGen,data/external/PolypGen/PolypGen2021_MultiCenterData_v3/data_C3/bbox_C3/C3_EndoCV2021_00396.txt,22,22.00 B,,,OK,0
PolypGen,data/external/PolypGen/PolypGen2021_MultiCenterData_v3/data_C3/bbox_C3/C3_EndoCV2021_00397.txt,22,22.00 B,,,OK,0
PolypGen,data/external/PolypGen/PolypGen2021_MultiCenterData_v3/data_C3/bbox_C3/C3_EndoCV2021_00398.txt,22,22.00 B,,,OK,0
PolypGen,data/external/PolypGen/PolypGen2021_MultiCenterData_v3/data_C3/bbox_C3/C3_EndoCV2021_00399.txt,23,23.00 B,,,OK,0
PolypGen,data/external/PolypGen/PolypGen2021_MultiCenterData_v3/data_C3/bbox_C3/C3_EndoCV2021_004.txt,23,23.00 B,,,OK,0
PolypGen,data/external/PolypGen/PolypGen2021_MultiCenterData_v3/data_C3/bbox_C3/C3_EndoCV2021_0040.txt,23,23.00 B,,,OK,0
PolypGen,data/external/PolypGen/PolypGen2021_MultiCenterData_v3/data_C3/bbox_C3/C3_EndoCV2021_00400.txt,47,47.00 B,,,OK,0
PolypGen,data/external/PolypGen/PolypGen2021_MultiCenterData_v3/data_C3/bbox_C3/C3_EndoCV2021_00401.txt,22,22.00 B,,,OK,0
PolypGen,data/external/PolypGen/PolypGen2021_MultiCenterData_v3/data_C3/bbox_C3/C3_EndoCV2021_00402.txt,22,22.00 B,,,OK,0
PolypGen,data/external/PolypGen/PolypGen2021_MultiCenterData_v3/data_C3/bbox_C3/C3_EndoCV2021_00403.txt,24,24.00 B,,,OK,0
PolypGen,data/external/PolypGen/PolypGen2021_MultiCenterData_v3/data_C3/bbox_C3/C3_EndoCV2021_00404.txt,22,22.00 B,,,OK,0
PolypGen,data/external/PolypGen/PolypGen2021_MultiCenterData_v3/data_C3/bbox_C3/C3_EndoCV2021_00405.txt,24,24.00 B,,,OK,0
PolypGen,data/external/PolypGen/PolypGen2021_MultiCenterData_v3/data_C3/bbox_C3/C3_EndoCV2021_00406.txt,24,24.00 B,,,OK,0
PolypGen,data/external/PolypGen/PolypGen2021_MultiCenterData_v3/data_C3/bbox_C3/C3_EndoCV2021_00407.txt,22,22.00 B,,,OK,0
PolypGen,data/external/PolypGen/PolypGen2021_MultiCenterData_v3/data_C3/bbox_C3/C3_EndoCV2021_00409.txt,21,21.00 B,,,OK,0
PolypGen,data/external/PolypGen/PolypGen2021_MultiCenterData_v3/data_C3/bbox_C3/C3_EndoCV2021_0041.txt,24,24.00 B,,,OK,0
PolypGen,data/external/PolypGen/PolypGen2021_MultiCenterData_v3/data_C3/bbox_C3/C3_EndoCV2021_00410.txt,23,23.00 B,,,OK,0
PolypGen,data/external/PolypGen/PolypGen2021_MultiCenterData_v3/data_C3/bbox_C3/C3_EndoCV2021_00411.txt,23,23.00 B,,,OK,0
PolypGen,data/external/PolypGen/PolypGen2021_MultiCenterData_v3/data_C3/bbox_C3/C3_EndoCV2021_00412.txt,22,22.00 B,,,OK,0
PolypGen,data/external/PolypGen/PolypGen2021_MultiCenterData_v3/data_C3/bbox_C3/C3_EndoCV2021_00413.txt,23,23.00 B,,,OK,0
PolypGen,data/external/PolypGen/PolypGen2021_MultiCenterData_v3/data_C3/bbox_C3/C3_EndoCV2021_00414.txt,23,23.00 B,,,OK,0
PolypGen,data/external/PolypGen/PolypGen2021_MultiCenterData_v3/data_C3/bbox_C3/C3_EndoCV2021_00415.txt,22,22.00 B,,,OK,0
PolypGen,data/external/PolypGen/PolypGen2021_MultiCenterData_v3/data_C3/bbox_C3/C3_EndoCV2021_00416.txt,22,22.00 B,,,OK,0
PolypGen,data/external/PolypGen/PolypGen2021_MultiCenterData_v3/data_C3/bbox_C3/C3_EndoCV2021_00417.txt,23,23.00 B,,,OK,0
PolypGen,data/external/PolypGen/PolypGen2021_MultiCenterData_v3/data_C3/bbox_C3/C3_EndoCV2021_00418.txt,23,23.00 B,,,OK,0
PolypGen,data/external/PolypGen/PolypGen2021_MultiCenterData_v3/data_C3/bbox_C3/C3_EndoCV2021_00419.txt,24,24.00 B,,,OK,0
PolypGen,data/external/PolypGen/PolypGen2021_MultiCenterData_v3/data_C3/bbox_C3/C3_EndoCV2021_0042.txt,21,21.00 B,,,OK,0
PolypGen,data/external/PolypGen/PolypGen2021_MultiCenterData_v3/data_C3/bbox_C3/C3_EndoCV2021_00420.txt,23,23.00 B,,,OK,0
PolypGen,data/external/PolypGen/PolypGen2021_MultiCenterData_v3/data_C3/bbox_C3/C3_EndoCV2021_00421.txt,23,23.00 B,,,OK,0
PolypGen,data/external/PolypGen/PolypGen2021_MultiCenterData_v3/data_C3/bbox_C3/C3_EndoCV2021_00422.txt,24,24.00 B,,,OK,0
PolypGen,data/external/PolypGen/PolypGen2021_MultiCenterData_v3/data_C3/bbox_C3/C3_EndoCV2021_00423.txt,22,22.00 B,,,OK,0
PolypGen,data/external/PolypGen/PolypGen2021_MultiCenterData_v3/data_C3/bbox_C3/C3_EndoCV2021_00424.txt,23,23.00 B,,,OK,0
PolypGen,data/external/PolypGen/PolypGen2021_MultiCenterData_v3/data_C3/bbox_C3/C3_EndoCV2021_00425.txt,23,23.00 B,,,OK,0
PolypGen,data/external/PolypGen/PolypGen2021_MultiCenterData_v3/data_C3/bbox_C3/C3_EndoCV2021_00426.txt,23,23.00 B,,,OK,0
PolypGen,data/external/PolypGen/PolypGen2021_MultiCenterData_v3/data_C3/bbox_C3/C3_EndoCV2021_00427.txt,22,22.00 B,,,OK,0
PolypGen,data/external/PolypGen/PolypGen2021_MultiCenterData_v3/data_C3/bbox_C3/C3_EndoCV2021_00428.txt,24,24.00 B,,,OK,0
PolypGen,data/external/PolypGen/PolypGen2021_MultiCenterData_v3/data_C3/bbox_C3/C3_EndoCV2021_00429.txt,23,23.00 B,,,OK,0
PolypGen,data/external/PolypGen/PolypGen2021_MultiCenterData_v3/data_C3/bbox_C3/C3_EndoCV2021_0043.txt,23,23.00 B,,,OK,0
PolypGen,data/external/PolypGen/PolypGen2021_MultiCenterData_v3/data_C3/bbox_C3/C3_EndoCV2021_00430.txt,23,23.00 B,,,OK,0
PolypGen,data/external/PolypGen/PolypGen2021_MultiCenterData_v3/data_C3/bbox_C3/C3_EndoCV2021_00431.txt,22,22.00 B,,,OK,0
PolypGen,data/external/PolypGen/PolypGen2021_MultiCenterData_v3/data_C3/bbox_C3/C3_EndoCV2021_00432.txt,22,22.00 B,,,OK,0
PolypGen,data/external/PolypGen/PolypGen2021_MultiCenterData_v3/data_C3/bbox_C3/C3_EndoCV2021_00433.txt,23,23.00 B,,,OK,0
PolypGen,data/external/PolypGen/PolypGen2021_MultiCenterData_v3/data_C3/bbox_C3/C3_EndoCV2021_00434.txt,44,44.00 B,,,OK,0
PolypGen,data/external/PolypGen/PolypGen2021_MultiCenterData_v3/data_C3/bbox_C3/C3_EndoCV2021_00435.txt,23,23.00 B,,,OK,0
PolypGen,data/external/PolypGen/PolypGen2021_MultiCenterData_v3/data_C3/bbox_C3/C3_EndoCV2021_0044.txt,44,44.00 B,,,OK,0
PolypGen,data/external/PolypGen/PolypGen2021_MultiCenterData_v3/data_C3/bbox_C3/C3_EndoCV2021_00440.txt,24,24.00 B,,,OK,0
PolypGen,data/external/PolypGen/PolypGen2021_MultiCenterData_v3/data_C3/bbox_C3/C3_EndoCV2021_00441.txt,22,22.00 B,,,OK,0
PolypGen,data/external/PolypGen/PolypGen2021_MultiCenterData_v3/data_C3/bbox_C3/C3_EndoCV2021_00442.txt,24,24.00 B,,,OK,0
PolypGen,data/external/PolypGen/PolypGen2021_MultiCenterData_v3/data_C3/bbox_C3/C3_EndoCV2021_00443.txt,22,22.00 B,,,OK,0
PolypGen,data/external/PolypGen/PolypGen2021_MultiCenterData_v3/data_C3/bbox_C3/C3_EndoCV2021_00444.txt,23,23.00 B,,,OK,0
PolypGen,data/external/PolypGen/PolypGen2021_MultiCenterData_v3/data_C3/bbox_C3/C3_EndoCV2021_00445.txt,24,24.00 B,,,OK,0
PolypGen,data/external/PolypGen/PolypGen2021_MultiCenterData_v3/data_C3/bbox_C3/C3_EndoCV2021_00446.txt,22,22.00 B,,,OK,0
PolypGen,data/external/PolypGen/PolypGen2021_MultiCenterData_v3/data_C3/bbox_C3/C3_EndoCV2021_00447.txt,22,22.00 B,,,OK,0
PolypGen,data/external/PolypGen/PolypGen2021_MultiCenterData_v3/data_C3/bbox_C3/C3_EndoCV2021_00448.txt,22,22.00 B,,,OK,0
PolypGen,data/external/PolypGen/PolypGen2021_MultiCenterData_v3/data_C3/bbox_C3/C3_EndoCV2021_00449.txt,71,71.00 B,,,OK,0
PolypGen,data/external/PolypGen/PolypGen2021_MultiCenterData_v3/data_C3/bbox_C3/C3_EndoCV2021_0045.txt,22,22.00 B,,,OK,0
PolypGen,data/external/PolypGen/PolypGen2021_MultiCenterData_v3/data_C3/bbox_C3/C3_EndoCV2021_00450.txt,22,22.00 B,,,OK,0
PolypGen,data/external/PolypGen/PolypGen2021_MultiCenterData_v3/data_C3/bbox_C3/C3_EndoCV2021_00451.txt,23,23.00 B,,,OK,0
PolypGen,data/external/PolypGen/PolypGen2021_MultiCenterData_v3/data_C3/bbox_C3/C3_EndoCV2021_00452.txt,22,22.00 B,,,OK,0
PolypGen,data/external/PolypGen/PolypGen2021_MultiCenterData_v3/data_C3/bbox_C3/C3_EndoCV2021_00453.txt,1,1.00 B,,,OK,0
PolypGen,data/external/PolypGen/PolypGen2021_MultiCenterData_v3/data_C3/bbox_C3/C3_EndoCV2021_00454.txt,23,23.00 B,,,OK,0
PolypGen,data/external/PolypGen/PolypGen2021_MultiCenterData_v3/data_C3/bbox_C3/C3_EndoCV2021_00455.txt,23,23.00 B,,,OK,0
PolypGen,data/external/PolypGen/PolypGen2021_MultiCenterData_v3/data_C3/bbox_C3/C3_EndoCV2021_00456.txt,23,23.00 B,,,OK,0
PolypGen,data/external/PolypGen/PolypGen2021_MultiCenterData_v3/data_C3/bbox_C3/C3_EndoCV2021_00457.txt,23,23.00 B,,,OK,0
PolypGen,data/external/PolypGen/PolypGen2021_MultiCenterData_v3/data_C3/bbox_C3/C3_EndoCV2021_00458.txt,22,22.00 B,,,OK,0
PolypGen,data/external/PolypGen/PolypGen2021_MultiCenterData_v3/data_C3/bbox_C3/C3_EndoCV2021_0046.txt,22,22.00 B,,,OK,0
PolypGen,data/external/PolypGen/PolypGen2021_MultiCenterData_v3/data_C3/bbox_C3/C3_EndoCV2021_00460.txt,20,20.00 B,,,OK,0
PolypGen,data/external/PolypGen/PolypGen2021_MultiCenterData_v3/data_C3/bbox_C3/C3_EndoCV2021_00461.txt,21,21.00 B,,,OK,0
PolypGen,data/external/PolypGen/PolypGen2021_MultiCenterData_v3/data_C3/bbox_C3/C3_EndoCV2021_00462.txt,22,22.00 B,,,OK,0
PolypGen,data/external/PolypGen/PolypGen2021_MultiCenterData_v3/data_C3/bbox_C3/C3_EndoCV2021_00463.txt,20,20.00 B,,,OK,0
PolypGen,data/external/PolypGen/PolypGen2021_MultiCenterData_v3/data_C3/bbox_C3/C3_EndoCV2021_00464.txt,22,22.00 B,,,OK,0
PolypGen,data/external/PolypGen/PolypGen2021_MultiCenterData_v3/data_C3/bbox_C3/C3_EndoCV2021_00465.txt,23,23.00 B,,,OK,0
PolypGen,data/external/PolypGen/PolypGen2021_MultiCenterData_v3/data_C3/bbox_C3/C3_EndoCV2021_00466.txt,24,24.00 B,,,OK,0
PolypGen,data/external/PolypGen/PolypGen2021_MultiCenterData_v3/data_C3/bbox_C3/C3_EndoCV2021_00467.txt,24,24.00 B,,,OK,0
PolypGen,data/external/PolypGen/PolypGen2021_MultiCenterData_v3/data_C3/bbox_C3/C3_EndoCV2021_00468.txt,23,23.00 B,,,OK,0
PolypGen,data/external/PolypGen/PolypGen2021_MultiCenterData_v3/data_C3/bbox_C3/C3_EndoCV2021_0047.txt,21,21.00 B,,,OK,0
PolypGen,data/external/PolypGen/PolypGen2021_MultiCenterData_v3/data_C3/bbox_C3/C3_EndoCV2021_00473.txt,22,22.00 B,,,OK,0
PolypGen,data/external/PolypGen/PolypGen2021_MultiCenterData_v3/data_C3/bbox_C3/C3_EndoCV2021_00474.txt,203,203.00 B,,,OK,0
PolypGen,data/external/PolypGen/PolypGen2021_MultiCenterData_v3/data_C3/bbox_C3/C3_EndoCV2021_00475.txt,21,21.00 B,,,OK,0
PolypGen,data/external/PolypGen/PolypGen2021_MultiCenterData_v3/data_C3/bbox_C3/C3_EndoCV2021_00477.txt,23,23.00 B,,,OK,0
PolypGen,data/external/PolypGen/PolypGen2021_MultiCenterData_v3/data_C3/bbox_C3/C3_EndoCV2021_00478.txt,23,23.00 B,,,OK,0
PolypGen,data/external/PolypGen/PolypGen2021_MultiCenterData_v3/data_C3/bbox_C3/C3_EndoCV2021_00479.txt,24,24.00 B,,,OK,0
PolypGen,data/external/PolypGen/PolypGen2021_MultiCenterData_v3/data_C3/bbox_C3/C3_EndoCV2021_0048.txt,68,68.00 B,,,OK,0
PolypGen,data/external/PolypGen/PolypGen2021_MultiCenterData_v3/data_C3/bbox_C3/C3_EndoCV2021_00480.txt,22,22.00 B,,,OK,0
PolypGen,data/external/PolypGen/PolypGen2021_MultiCenterData_v3/data_C3/bbox_C3/C3_EndoCV2021_00481.txt,22,22.00 B,,,OK,0
PolypGen,data/external/PolypGen/PolypGen2021_MultiCenterData_v3/data_C3/bbox_C3/C3_EndoCV2021_00482.txt,22,22.00 B,,,OK,0
PolypGen,data/external/PolypGen/PolypGen2021_MultiCenterData_v3/data_C3/bbox_C3/C3_EndoCV2021_00483.txt,131,131.00 B,,,OK,0
PolypGen,data/external/PolypGen/PolypGen2021_MultiCenterData_v3/data_C3/bbox_C3/C3_EndoCV2021_00484.txt,65,65.00 B,,,OK,0
PolypGen,data/external/PolypGen/PolypGen2021_MultiCenterData_v3/data_C3/bbox_C3/C3_EndoCV2021_00485.txt,66,66.00 B,,,OK,0
PolypGen,data/external/PolypGen/PolypGen2021_MultiCenterData_v3/data_C3/bbox_C3/C3_EndoCV2021_00486.txt,22,22.00 B,,,OK,0
PolypGen,data/external/PolypGen/PolypGen2021_MultiCenterData_v3/data_C3/bbox_C3/C3_EndoCV2021_00487.txt,153,153.00 B,,,OK,0
PolypGen,data/external/PolypGen/PolypGen2021_MultiCenterData_v3/data_C3/bbox_C3/C3_EndoCV2021_00488.txt,44,44.00 B,,,OK,0
PolypGen,data/external/PolypGen/PolypGen2021_MultiCenterData_v3/data_C4/bbox_C4/10_endocv2021_positive_1006_mask.txt,24,24.00 B,,,OK,0
PolypGen,data/external/PolypGen/PolypGen2021_MultiCenterData_v3/data_C4/bbox_C4/10_endocv2021_positive_1087_mask.txt,24,24.00 B,,,OK,0
PolypGen,data/external/PolypGen/PolypGen2021_MultiCenterData_v3/data_C4/bbox_C4/10_endocv2021_positive_499_mask.txt,1,1.00 B,,,OK,0
PolypGen,data/external/PolypGen/PolypGen2021_MultiCenterData_v3/data_C4/bbox_C4/10_endocv2021_positive_584_mask.txt,1,1.00 B,,,OK,0
PolypGen,data/external/PolypGen/PolypGen2021_MultiCenterData_v3/data_C4/bbox_C4/10_endocv2021_positive_895_mask.txt,24,24.00 B,,,OK,0
PolypGen,data/external/PolypGen/PolypGen2021_MultiCenterData_v3/data_C4/bbox_C4/10_endocv2021_positive_950_mask.txt,24,24.00 B,,,OK,0
PolypGen,data/external/PolypGen/PolypGen2021_MultiCenterData_v3/data_C4/bbox_C4/11_endocv2021_positive_1228_mask.txt,1,1.00 B,,,OK,0
PolypGen,data/external/PolypGen/PolypGen2021_MultiCenterData_v3/data_C4/bbox_C4/11_endocv2021_positive_1344_mask.txt,1,1.00 B,,,OK,0
PolypGen,data/external/PolypGen/PolypGen2021_MultiCenterData_v3/data_C4/bbox_C4/11_endocv2021_positive_146_mask.txt,1,1.00 B,,,OK,0
PolypGen,data/external/PolypGen/PolypGen2021_MultiCenterData_v3/data_C4/bbox_C4/11_endocv2021_positive_1475_mask.txt,1,1.00 B,,,OK,0
PolypGen,data/external/PolypGen/PolypGen2021_MultiCenterData_v3/data_C4/bbox_C4/11_endocv2021_positive_61_mask.txt,1,1.00 B,,,OK,0
PolypGen,data/external/PolypGen/PolypGen2021_MultiCenterData_v3/data_C4/bbox_C4/11_endocv2021_positive_625_mask.txt,22,22.00 B,,,OK,0
PolypGen,data/external/PolypGen/PolypGen2021_MultiCenterData_v3/data_C4/bbox_C4/11_endocv2021_positive_843_mask.txt,21,21.00 B,,,OK,0
PolypGen,data/external/PolypGen/PolypGen2021_MultiCenterData_v3/data_C4/bbox_C4/11_endocv2021_positive_861_mask.txt,23,23.00 B,,,OK,0
PolypGen,data/external/PolypGen/PolypGen2021_MultiCenterData_v3/data_C4/bbox_C4/11_endocv2021_positive_900_mask.txt,24,24.00 B,,,OK,0
PolypGen,data/external/PolypGen/PolypGen2021_MultiCenterData_v3/data_C4/bbox_C4/11_endocv2021_positive_948_mask.txt,23,23.00 B,,,OK,0
PolypGen,data/external/PolypGen/PolypGen2021_MultiCenterData_v3/data_C4/bbox_C4/11_endocv2021_positive_968_mask.txt,23,23.00 B,,,OK,0
PolypGen,data/external/PolypGen/PolypGen2021_MultiCenterData_v3/data_C4/bbox_C4/11_endocv2021_positive_976_mask.txt,23,23.00 B,,,OK,0
PolypGen,data/external/PolypGen/PolypGen2021_MultiCenterData_v3/data_C4/bbox_C4/12_endocv2021_positive_148_mask.txt,1,1.00 B,,,OK,0
PolypGen,data/external/PolypGen/PolypGen2021_MultiCenterData_v3/data_C4/bbox_C4/12_endocv2021_positive_25_mask.txt,1,1.00 B,,,OK,0
PolypGen,data/external/PolypGen/PolypGen2021_MultiCenterData_v3/data_C4/bbox_C4/12_endocv2021_positive_289_mask.txt,1,1.00 B,,,OK,0
PolypGen,data/external/PolypGen/PolypGen2021_MultiCenterData_v3/data_C4/bbox_C4/12_endocv2021_positive_38_mask.txt,1,1.00 B,,,OK,0
PolypGen,data/external/PolypGen/PolypGen2021_MultiCenterData_v3/data_C4/bbox_C4/12_endocv2021_positive_503_mask.txt,23,23.00 B,,,OK,0
PolypGen,data/external/PolypGen/PolypGen2021_MultiCenterData_v3/data_C4/bbox_C4/12_endocv2021_positive_566_mask.txt,23,23.00 B,,,OK,0
PolypGen,data/external/PolypGen/PolypGen2021_MultiCenterData_v3/data_C4/bbox_C4/12_endocv2021_positive_679_mask.txt,23,23.00 B,,,OK,0
PolypGen,data/external/PolypGen/PolypGen2021_MultiCenterData_v3/data_C4/bbox_C4/12_endocv2021_positive_768_mask.txt,24,24.00 B,,,OK,0
PolypGen,data/external/PolypGen/PolypGen2021_MultiCenterData_v3/data_C4/bbox_C4/12_endocv2021_positive_895_mask.txt,24,24.00 B,,,OK,0
PolypGen,data/external/PolypGen/PolypGen2021_MultiCenterData_v3/data_C4/bbox_C4/12_endocv2021_positive_979_mask.txt,24,24.00 B,,,OK,0
PolypGen,data/external/PolypGen/PolypGen2021_MultiCenterData_v3/data_C4/bbox_C4/13_endocv2021_positive_222_mask.txt,1,1.00 B,,,OK,0
PolypGen,data/external/PolypGen/PolypGen2021_MultiCenterData_v3/data_C4/bbox_C4/13_endocv2021_positive_464_mask.txt,1,1.00 B,,,OK,0
PolypGen,data/external/PolypGen/PolypGen2021_MultiCenterData_v3/data_C4/bbox_C4/13_endocv2021_positive_550_mask.txt,24,24.00 B,,,OK,0
PolypGen,data/external/PolypGen/PolypGen2021_MultiCenterData_v3/data_C4/bbox_C4/13_endocv2021_positive_573_mask.txt,24,24.00 B,,,OK,0
PolypGen,data/external/PolypGen/PolypGen2021_MultiCenterData_v3/data_C4/bbox_C4/14_endocv2021_positive_1069_mask.txt,1,1.00 B,,,OK,0
PolypGen,data/external/PolypGen/PolypGen2021_MultiCenterData_v3/data_C4/bbox_C4/14_endocv2021_positive_1119_mask.txt,24,24.00 B,,,OK,0
PolypGen,data/external/PolypGen/PolypGen2021_MultiCenterData_v3/data_C4/bbox_C4/14_endocv2021_positive_1242_mask.txt,25,25.00 B,,,OK,0
PolypGen,data/external/PolypGen/PolypGen2021_MultiCenterData_v3/data_C4/bbox_C4/14_endocv2021_positive_1266_mask.txt,51,51.00 B,,,OK,0
PolypGen,data/external/PolypGen/PolypGen2021_MultiCenterData_v3/data_C4/bbox_C4/14_endocv2021_positive_1435_mask.txt,24,24.00 B,,,OK,0
PolypGen,data/external/PolypGen/PolypGen2021_MultiCenterData_v3/data_C4/bbox_C4/14_endocv2021_positive_192_mask.txt,1,1.00 B,,,OK,0
PolypGen,data/external/PolypGen/PolypGen2021_MultiCenterData_v3/data_C4/bbox_C4/14_endocv2021_positive_230_mask.txt,1,1.00 B,,,OK,0
PolypGen,data/external/PolypGen/PolypGen2021_MultiCenterData_v3/data_C4/bbox_C4/14_endocv2021_positive_302_mask.txt,1,1.00 B,,,OK,0
PolypGen,data/external/PolypGen/PolypGen2021_MultiCenterData_v3/data_C4/bbox_C4/14_endocv2021_positive_421_mask.txt,1,1.00 B,,,OK,0
PolypGen,data/external/PolypGen/PolypGen2021_MultiCenterData_v3/data_C4/bbox_C4/14_endocv2021_positive_491_mask.txt,1,1.00 B,,,OK,0
PolypGen,data/external/PolypGen/PolypGen2021_MultiCenterData_v3/data_C4/bbox_C4/14_endocv2021_positive_503_mask.txt,1,1.00 B,,,OK,0
PolypGen,data/external/PolypGen/PolypGen2021_MultiCenterData_v3/data_C4/bbox_C4/14_endocv2021_positive_519_mask.txt,23,23.00 B,,,OK,0
PolypGen,data/external/PolypGen/PolypGen2021_MultiCenterData_v3/data_C4/bbox_C4/14_endocv2021_positive_782_mask.txt,1,1.00 B,,,OK,0
PolypGen,data/external/PolypGen/PolypGen2021_MultiCenterData_v3/data_C4/bbox_C4/14_endocv2021_positive_864_mask.txt,1,1.00 B,,,OK,0
PolypGen,data/external/PolypGen/PolypGen2021_MultiCenterData_v3/data_C4/bbox_C4/14_endocv2021_positive_902_mask.txt,50,50.00 B,,,OK,0
PolypGen,data/external/PolypGen/PolypGen2021_MultiCenterData_v3/data_C4/bbox_C4/14_endocv2021_positive_949_mask.txt,24,24.00 B,,,OK,0
PolypGen,data/external/PolypGen/PolypGen2021_MultiCenterData_v3/data_C4/bbox_C4/15_endocv2021_positive_1283_mask.txt,1,1.00 B,,,OK,0
PolypGen,data/external/PolypGen/PolypGen2021_MultiCenterData_v3/data_C4/bbox_C4/15_endocv2021_positive_1416_mask.txt,23,23.00 B,,,OK,0
PolypGen,data/external/PolypGen/PolypGen2021_MultiCenterData_v3/data_C4/bbox_C4/15_endocv2021_positive_962_mask.txt,24,24.00 B,,,OK,0
PolypGen,data/external/PolypGen/PolypGen2021_MultiCenterData_v3/data_C4/bbox_C4/15_endocv2021_positive_997_mask.txt,23,23.00 B,,,OK,0
PolypGen,data/external/PolypGen/PolypGen2021_MultiCenterData_v3/data_C4/bbox_C4/16_endocv2021_positive_1054_mask.txt,22,22.00 B,,,OK,0
PolypGen,data/external/PolypGen/PolypGen2021_MultiCenterData_v3/data_C4/bbox_C4/16_endocv2021_positive_1498_mask.txt,23,23.00 B,,,OK,0
PolypGen,data/external/PolypGen/PolypGen2021_MultiCenterData_v3/data_C4/bbox_C4/16_endocv2021_positive_269_mask.txt,1,1.00 B,,,OK,0
PolypGen,data/external/PolypGen/PolypGen2021_MultiCenterData_v3/data_C4/bbox_C4/16_endocv2021_positive_328_mask.txt,1,1.00 B,,,OK,0
PolypGen,data/external/PolypGen/PolypGen2021_MultiCenterData_v3/data_C4/bbox_C4/16_endocv2021_positive_498_mask.txt,22,22.00 B,,,OK,0
PolypGen,data/external/PolypGen/PolypGen2021_MultiCenterData_v3/data_C4/bbox_C4/16_endocv2021_positive_557_mask.txt,22,22.00 B,,,OK,0
PolypGen,data/external/PolypGen/PolypGen2021_MultiCenterData_v3/data_C4/bbox_C4/16_endocv2021_positive_626_mask.txt,22,22.00 B,,,OK,0
PolypGen,data/external/PolypGen/PolypGen2021_MultiCenterData_v3/data_C4/bbox_C4/16_endocv2021_positive_711_mask.txt,22,22.00 B,,,OK,0
PolypGen,data/external/PolypGen/PolypGen2021_MultiCenterData_v3/data_C4/bbox_C4/16_endocv2021_positive_849_mask.txt,22,22.00 B,,,OK,0
PolypGen,data/external/PolypGen/PolypGen2021_MultiCenterData_v3/data_C4/bbox_C4/17_endocv2021_positive_106_mask.txt,1,1.00 B,,,OK,0
PolypGen,data/external/PolypGen/PolypGen2021_MultiCenterData_v3/data_C4/bbox_C4/17_endocv2021_positive_1456_mask.txt,1,1.00 B,,,OK,0
PolypGen,data/external/PolypGen/PolypGen2021_MultiCenterData_v3/data_C4/bbox_C4/17_endocv2021_positive_1499_mask.txt,1,1.00 B,,,OK,0
PolypGen,data/external/PolypGen/PolypGen2021_MultiCenterData_v3/data_C4/bbox_C4/17_endocv2021_positive_151_mask.txt,1,1.00 B,,,OK,0
PolypGen,data/external/PolypGen/PolypGen2021_MultiCenterData_v3/data_C4/bbox_C4/17_endocv2021_positive_457_mask.txt,1,1.00 B,,,OK,0
PolypGen,data/external/PolypGen/PolypGen2021_MultiCenterData_v3/data_C4/bbox_C4/18_endocv2021_positive_115_mask.txt,1,1.00 B,,,OK,0
PolypGen,data/external/PolypGen/PolypGen2021_MultiCenterData_v3/data_C4/bbox_C4/18_endocv2021_positive_1492_mask.txt,22,22.00 B,,,OK,0
PolypGen,data/external/PolypGen/PolypGen2021_MultiCenterData_v3/data_C4/bbox_C4/18_endocv2021_positive_265_mask.txt,1,1.00 B,,,OK,0
PolypGen,data/external/PolypGen/PolypGen2021_MultiCenterData_v3/data_C4/bbox_C4/18_endocv2021_positive_334_mask.txt,1,1.00 B,,,OK,0
PolypGen,data/external/PolypGen/PolypGen2021_MultiCenterData_v3/data_C4/bbox_C4/18_endocv2021_positive_341_mask.txt,1,1.00 B,,,OK,0
PolypGen,data/external/PolypGen/PolypGen2021_MultiCenterData_v3/data_C4/bbox_C4/18_endocv2021_positive_908_mask.txt,23,23.00 B,,,OK,0
PolypGen,data/external/PolypGen/PolypGen2021_MultiCenterData_v3/data_C4/bbox_C4/18_endocv2021_positive_960_mask.txt,24,24.00 B,,,OK,0
PolypGen,data/external/PolypGen/PolypGen2021_MultiCenterData_v3/data_C4/bbox_C4/19_endocv2021_positive_1134_mask.txt,24,24.00 B,,,OK,0
PolypGen,data/external/PolypGen/PolypGen2021_MultiCenterData_v3/data_C4/bbox_C4/19_endocv2021_positive_1193_mask.txt,24,24.00 B,,,OK,0
PolypGen,data/external/PolypGen/PolypGen2021_MultiCenterData_v3/data_C4/bbox_C4/19_endocv2021_positive_1222_mask.txt,22,22.00 B,,,OK,0
PolypGen,data/external/PolypGen/PolypGen2021_MultiCenterData_v3/data_C4/bbox_C4/19_endocv2021_positive_1307_mask.txt,23,23.00 B,,,OK,0
PolypGen,data/external/PolypGen/PolypGen2021_MultiCenterData_v3/data_C4/bbox_C4/19_endocv2021_positive_1410_mask.txt,22,22.00 B,,,OK,0
PolypGen,data/external/PolypGen/PolypGen2021_MultiCenterData_v3/data_C4/bbox_C4/19_endocv2021_positive_1477_mask.txt,22,22.00 B,,,OK,0
PolypGen,data/external/PolypGen/PolypGen2021_MultiCenterData_v3/data_C4/bbox_C4/19_endocv2021_positive_1496_mask.txt,22,22.00 B,,,OK,0
PolypGen,data/external/PolypGen/PolypGen2021_MultiCenterData_v3/data_C4/bbox_C4/19_endocv2021_positive_688_mask.txt,1,1.00 B,,,OK,0
PolypGen,data/external/PolypGen/PolypGen2021_MultiCenterData_v3/data_C4/bbox_C4/19_endocv2021_positive_711_mask.txt,1,1.00 B,,,OK,0
PolypGen,data/external/PolypGen/PolypGen2021_MultiCenterData_v3/data_C4/bbox_C4/19_endocv2021_positive_757_mask.txt,1,1.00 B,,,OK,0
PolypGen,data/external/PolypGen/PolypGen2021_MultiCenterData_v3/data_C4/bbox_C4/19_endocv2021_positive_787_mask.txt,1,1.00 B,,,OK,0
PolypGen,data/external/PolypGen/PolypGen2021_MultiCenterData_v3/data_C4/bbox_C4/19_endocv2021_positive_845_mask.txt,1,1.00 B,,,OK,0
PolypGen,data/external/PolypGen/PolypGen2021_MultiCenterData_v3/data_C4/bbox_C4/19_endocv2021_positive_879_mask.txt,1,1.00 B,,,OK,0
PolypGen,data/external/PolypGen/PolypGen2021_MultiCenterData_v3/data_C4/bbox_C4/20_endocv2021_positive_270_mask.txt,1,1.00 B,,,OK,0
PolypGen,data/external/PolypGen/PolypGen2021_MultiCenterData_v3/data_C4/bbox_C4/20_endocv2021_positive_417_mask.txt,1,1.00 B,,,OK,0
PolypGen,data/external/PolypGen/PolypGen2021_MultiCenterData_v3/data_C4/bbox_C4/20_endocv2021_positive_434_mask.txt,1,1.00 B,,,OK,0
PolypGen,data/external/PolypGen/PolypGen2021_MultiCenterData_v3/data_C4/bbox_C4/20_endocv2021_positive_544_mask.txt,1,1.00 B,,,OK,0
PolypGen,data/external/PolypGen/PolypGen2021_MultiCenterData_v3/data_C4/bbox_C4/20_endocv2021_positive_69_mask.txt,24,24.00 B,,,OK,0
PolypGen,data/external/PolypGen/PolypGen2021_MultiCenterData_v3/data_C4/bbox_C4/20_endocv2021_positive_708_mask.txt,22,22.00 B,,,OK,0
PolypGen,data/external/PolypGen/PolypGen2021_MultiCenterData_v3/data_C4/bbox_C4/20_endocv2021_positive_782_mask.txt,23,23.00 B,,,OK,0
PolypGen,data/external/PolypGen/PolypGen2021_MultiCenterData_v3/data_C4/bbox_C4/20_endocv2021_positive_873_mask.txt,23,23.00 B,,,OK,0
PolypGen,data/external/PolypGen/PolypGen2021_MultiCenterData_v3/data_C4/bbox_C4/20_endocv2021_positive_994_mask.txt,23,23.00 B,,,OK,0
PolypGen,data/external/PolypGen/PolypGen2021_MultiCenterData_v3/data_C4/bbox_C4/21_endocv2021_positive_1129_mask.txt,1,1.00 B,,,OK,0
PolypGen,data/external/PolypGen/PolypGen2021_MultiCenterData_v3/data_C4/bbox_C4/21_endocv2021_positive_1207_mask.txt,24,24.00 B,,,OK,0
PolypGen,data/external/PolypGen/PolypGen2021_MultiCenterData_v3/data_C4/bbox_C4/21_endocv2021_positive_1321_mask.txt,24,24.00 B,,,OK,0
PolypGen,data/external/PolypGen/PolypGen2021_MultiCenterData_v3/data_C4/bbox_C4/21_endocv2021_positive_1482_mask.txt,24,24.00 B,,,OK,0
PolypGen,data/external/PolypGen/PolypGen2021_MultiCenterData_v3/data_C4/bbox_C4/21_endocv2021_positive_1498_mask.txt,24,24.00 B,,,OK,0
PolypGen,data/external/PolypGen/PolypGen2021_MultiCenterData_v3/data_C4/bbox_C4/21_endocv2021_positive_812_mask.txt,1,1.00 B,,,OK,0
PolypGen,data/external/PolypGen/PolypGen2021_MultiCenterData_v3/data_C4/bbox_C4/21_endocv2021_positive_829_mask.txt,23,23.00 B,,,OK,0
PolypGen,data/external/PolypGen/PolypGen2021_MultiCenterData_v3/data_C4/bbox_C4/21_endocv2021_positive_939_mask.txt,24,24.00 B,,,OK,0
PolypGen,data/external/PolypGen/PolypGen2021_MultiCenterData_v3/data_C4/bbox_C4/22_endocv2021_positive_1095_mask.txt,24,24.00 B,,,OK,0
PolypGen,data/external/PolypGen/PolypGen2021_MultiCenterData_v3/data_C4/bbox_C4/22_endocv2021_positive_1165_mask.txt,24,24.00 B,,,OK,0
PolypGen,data/external/PolypGen/PolypGen2021_MultiCenterData_v3/data_C4/bbox_C4/22_endocv2021_positive_1266_mask.txt,23,23.00 B,,,OK,0
PolypGen,data/external/PolypGen/PolypGen2021_MultiCenterData_v3/data_C4/bbox_C4/22_endocv2021_positive_1318_mask.txt,23,23.00 B,,,OK,0
PolypGen,data/external/PolypGen/PolypGen2021_MultiCenterData_v3/data_C4/bbox_C4/22_endocv2021_positive_1352_mask.txt,23,23.00 B,,,OK,0
PolypGen,data/external/PolypGen/PolypGen2021_MultiCenterData_v3/data_C4/bbox_C4/22_endocv2021_positive_1424_mask.txt,23,23.00 B,,,OK,0
PolypGen,data/external/PolypGen/PolypGen2021_MultiCenterData_v3/data_C4/bbox_C4/22_endocv2021_positive_225_mask.txt,1,1.00 B,,,OK,0
PolypGen,data/external/PolypGen/PolypGen2021_MultiCenterData_v3/data_C4/bbox_C4/22_endocv2021_positive_625_mask.txt,24,24.00 B,,,OK,0
PolypGen,data/external/PolypGen/PolypGen2021_MultiCenterData_v3/data_C4/bbox_C4/22_endocv2021_positive_982_mask.txt,22,22.00 B,,,OK,0
PolypGen,data/external/PolypGen/PolypGen2021_MultiCenterData_v3/data_C4/bbox_C4/23_endocv2021_positive_1047_mask.txt,24,24.00 B,,,OK,0
PolypGen,data/external/PolypGen/PolypGen2021_MultiCenterData_v3/data_C4/bbox_C4/23_endocv2021_positive_1084_mask.txt,24,24.00 B,,,OK,0
PolypGen,data/external/PolypGen/PolypGen2021_MultiCenterData_v3/data_C4/bbox_C4/23_endocv2021_positive_1111_mask.txt,24,24.00 B,,,OK,0
PolypGen,data/external/PolypGen/PolypGen2021_MultiCenterData_v3/data_C4/bbox_C4/23_endocv2021_positive_1169_mask.txt,24,24.00 B,,,OK,0
PolypGen,data/external/PolypGen/PolypGen2021_MultiCenterData_v3/data_C4/bbox_C4/23_endocv2021_positive_1252_mask.txt,24,24.00 B,,,OK,0
PolypGen,data/external/PolypGen/PolypGen2021_MultiCenterData_v3/data_C4/bbox_C4/23_endocv2021_positive_1299_mask.txt,24,24.00 B,,,OK,0
PolypGen,data/external/PolypGen/PolypGen2021_MultiCenterData_v3/data_C4/bbox_C4/23_endocv2021_positive_1337_mask.txt,24,24.00 B,,,OK,0
PolypGen,data/external/PolypGen/PolypGen2021_MultiCenterData_v3/data_C4/bbox_C4/23_endocv2021_positive_1460_mask.txt,24,24.00 B,,,OK,0
PolypGen,data/external/PolypGen/PolypGen2021_MultiCenterData_v3/data_C4/bbox_C4/23_endocv2021_positive_254_mask.txt,1,1.00 B,,,OK,0
PolypGen,data/external/PolypGen/PolypGen2021_MultiCenterData_v3/data_C4/bbox_C4/23_endocv2021_positive_269_mask.txt,24,24.00 B,,,OK,0
PolypGen,data/external/PolypGen/PolypGen2021_MultiCenterData_v3/data_C4/bbox_C4/23_endocv2021_positive_310_mask.txt,24,24.00 B,,,OK,0
PolypGen,data/external/PolypGen/PolypGen2021_MultiCenterData_v3/data_C4/bbox_C4/23_endocv2021_positive_316_mask.txt,24,24.00 B,,,OK,0
PolypGen,data/external/PolypGen/PolypGen2021_MultiCenterData_v3/data_C4/bbox_C4/23_endocv2021_positive_370_mask.txt,1,1.00 B,,,OK,0
PolypGen,data/external/PolypGen/PolypGen2021_MultiCenterData_v3/data_C4/bbox_C4/23_endocv2021_positive_375_mask.txt,23,23.00 B,,,OK,0
PolypGen,data/external/PolypGen/PolypGen2021_MultiCenterData_v3/data_C4/bbox_C4/23_endocv2021_positive_417_mask.txt,24,24.00 B,,,OK,0
PolypGen,data/external/PolypGen/PolypGen2021_MultiCenterData_v3/data_C4/bbox_C4/23_endocv2021_positive_440_mask.txt,44,44.00 B,,,OK,0
PolypGen,data/external/PolypGen/PolypGen2021_MultiCenterData_v3/data_C4/bbox_C4/23_endocv2021_positive_480_mask.txt,1,1.00 B,,,OK,0
PolypGen,data/external/PolypGen/PolypGen2021_MultiCenterData_v3/data_C4/bbox_C4/23_endocv2021_positive_768_mask.txt,1,1.00 B,,,OK,0
PolypGen,data/external/PolypGen/PolypGen2021_MultiCenterData_v3/data_C4/bbox_C4/23_endocv2021_positive_98_mask.txt,1,1.00 B,,,OK,0
PolypGen,data/external/PolypGen/PolypGen2021_MultiCenterData_v3/data_C4/bbox_C4/24_endocv2021_positive_1074_mask.txt,23,23.00 B,,,OK,0
PolypGen,data/external/PolypGen/PolypGen2021_MultiCenterData_v3/data_C4/bbox_C4/24_endocv2021_positive_1139_mask.txt,23,23.00 B,,,OK,0
PolypGen,data/external/PolypGen/PolypGen2021_MultiCenterData_v3/data_C4/bbox_C4/24_endocv2021_positive_1150_mask.txt,24,24.00 B,,,OK,0
PolypGen,data/external/PolypGen/PolypGen2021_MultiCenterData_v3/data_C4/bbox_C4/24_endocv2021_positive_1319_mask.txt,24,24.00 B,,,OK,0
PolypGen,data/external/PolypGen/PolypGen2021_MultiCenterData_v3/data_C4/bbox_C4/24_endocv2021_positive_1349_mask.txt,24,24.00 B,,,OK,0
PolypGen,data/external/PolypGen/PolypGen2021_MultiCenterData_v3/data_C4/bbox_C4/24_endocv2021_positive_1415_mask.txt,24,24.00 B,,,OK,0
PolypGen,data/external/PolypGen/PolypGen2021_MultiCenterData_v3/data_C4/bbox_C4/24_endocv2021_positive_189_mask.txt,1,1.00 B,,,OK,0
PolypGen,data/external/PolypGen/PolypGen2021_MultiCenterData_v3/data_C4/bbox_C4/24_endocv2021_positive_801_mask.txt,24,24.00 B,,,OK,0
PolypGen,data/external/PolypGen/PolypGen2021_MultiCenterData_v3/data_C4/bbox_C4/25_endocv2021_positive_1037_mask.txt,24,24.00 B,,,OK,0
PolypGen,data/external/PolypGen/PolypGen2021_MultiCenterData_v3/data_C4/bbox_C4/25_endocv2021_positive_172_mask.txt,22,22.00 B,,,OK,0
PolypGen,data/external/PolypGen/PolypGen2021_MultiCenterData_v3/data_C4/bbox_C4/25_endocv2021_positive_225_mask.txt,24,24.00 B,,,OK,0
PolypGen,data/external/PolypGen/PolypGen2021_MultiCenterData_v3/data_C4/bbox_C4/25_endocv2021_positive_29_mask.txt,1,1.00 B,,,OK,0
PolypGen,data/external/PolypGen/PolypGen2021_MultiCenterData_v3/data_C4/bbox_C4/25_endocv2021_positive_3_mask.txt,1,1.00 B,,,OK,0
PolypGen,data/external/PolypGen/PolypGen2021_MultiCenterData_v3/data_C4/bbox_C4/25_endocv2021_positive_761_mask.txt,23,23.00 B,,,OK,0
PolypGen,data/external/PolypGen/PolypGen2021_MultiCenterData_v3/data_C4/bbox_C4/26_endocv2021_positive_1093_mask.txt,23,23.00 B,,,OK,0
PolypGen,data/external/PolypGen/PolypGen2021_MultiCenterData_v3/data_C4/bbox_C4/26_endocv2021_positive_1156_mask.txt,24,24.00 B,,,OK,0
PolypGen,data/external/PolypGen/PolypGen2021_MultiCenterData_v3/data_C4/bbox_C4/26_endocv2021_positive_14_mask.txt,1,1.00 B,,,OK,0
PolypGen,data/external/PolypGen/PolypGen2021_MultiCenterData_v3/data_C4/bbox_C4/26_endocv2021_positive_588_mask.txt,1,1.00 B,,,OK,0
PolypGen,data/external/PolypGen/PolypGen2021_MultiCenterData_v3/data_C4/bbox_C4/26_endocv2021_positive_684_mask.txt,1,1.00 B,,,OK,0
PolypGen,data/external/PolypGen/PolypGen2021_MultiCenterData_v3/data_C4/bbox_C4/27_endocv2021_positive_1257_mask.txt,25,25.00 B,,,OK,0
PolypGen,data/external/PolypGen/PolypGen2021_MultiCenterData_v3/data_C4/bbox_C4/27_endocv2021_positive_132_mask.txt,1,1.00 B,,,OK,0
PolypGen,data/external/PolypGen/PolypGen2021_MultiCenterData_v3/data_C4/bbox_C4/27_endocv2021_positive_216_mask.txt,1,1.00 B,,,OK,0
PolypGen,data/external/PolypGen/PolypGen2021_MultiCenterData_v3/data_C4/bbox_C4/27_endocv2021_positive_27_mask.txt,1,1.00 B,,,OK,0
PolypGen,data/external/PolypGen/PolypGen2021_MultiCenterData_v3/data_C4/bbox_C4/27_endocv2021_positive_289_mask.txt,24,24.00 B,,,OK,0
PolypGen,data/external/PolypGen/PolypGen2021_MultiCenterData_v3/data_C4/bbox_C4/27_endocv2021_positive_975_mask.txt,24,24.00 B,,,OK,0
PolypGen,data/external/PolypGen/PolypGen2021_MultiCenterData_v3/data_C4/bbox_C4/28_endocv2021_positive_1034_mask.txt,24,24.00 B,,,OK,0
PolypGen,data/external/PolypGen/PolypGen2021_MultiCenterData_v3/data_C4/bbox_C4/28_endocv2021_positive_1135_mask.txt,25,25.00 B,,,OK,0
PolypGen,data/external/PolypGen/PolypGen2021_MultiCenterData_v3/data_C4/bbox_C4/28_endocv2021_positive_1311_mask.txt,25,25.00 B,,,OK,0
PolypGen,data/external/PolypGen/PolypGen2021_MultiCenterData_v3/data_C4/bbox_C4/28_endocv2021_positive_1342_mask.txt,25,25.00 B,,,OK,0
PolypGen,data/external/PolypGen/PolypGen2021_MultiCenterData_v3/data_C4/bbox_C4/28_endocv2021_positive_201_mask.txt,1,1.00 B,,,OK,0
PolypGen,data/external/PolypGen/PolypGen2021_MultiCenterData_v3/data_C4/bbox_C4/28_endocv2021_positive_545_mask.txt,24,24.00 B,,,OK,0
PolypGen,data/external/PolypGen/PolypGen2021_MultiCenterData_v3/data_C4/bbox_C4/28_endocv2021_positive_708_mask.txt,24,24.00 B,,,OK,0
PolypGen,data/external/PolypGen/PolypGen2021_MultiCenterData_v3/data_C4/bbox_C4/29_endocv2021_positive_254_mask.txt,1,1.00 B,,,OK,0
PolypGen,data/external/PolypGen/PolypGen2021_MultiCenterData_v3/data_C4/bbox_C4/29_endocv2021_positive_323_mask.txt,1,1.00 B,,,OK,0
PolypGen,data/external/PolypGen/PolypGen2021_MultiCenterData_v3/data_C4/bbox_C4/29_endocv2021_positive_39_mask.txt,1,1.00 B,,,OK,0
PolypGen,data/external/PolypGen/PolypGen2021_MultiCenterData_v3/data_C4/bbox_C4/29_endocv2021_positive_437_mask.txt,23,23.00 B,,,OK,0
PolypGen,data/external/PolypGen/PolypGen2021_MultiCenterData_v3/data_C4/bbox_C4/29_endocv2021_positive_471_mask.txt,24,24.00 B,,,OK,0
PolypGen,data/external/PolypGen/PolypGen2021_MultiCenterData_v3/data_C4/bbox_C4/29_endocv2021_positive_606_mask.txt,24,24.00 B,,,OK,0
PolypGen,data/external/PolypGen/PolypGen2021_MultiCenterData_v3/data_C4/bbox_C4/29_endocv2021_positive_704_mask.txt,23,23.00 B,,,OK,0
PolypGen,data/external/PolypGen/PolypGen2021_MultiCenterData_v3/data_C4/bbox_C4/29_endocv2021_positive_738_mask.txt,23,23.00 B,,,OK,0
PolypGen,data/external/PolypGen/PolypGen2021_MultiCenterData_v3/data_C4/bbox_C4/30_endocv2021_positive_1057_mask.txt,1,1.00 B,,,OK,0
PolypGen,data/external/PolypGen/PolypGen2021_MultiCenterData_v3/data_C4/bbox_C4/30_endocv2021_positive_1417_mask.txt,1,1.00 B,,,OK,0
PolypGen,data/external/PolypGen/PolypGen2021_MultiCenterData_v3/data_C4/bbox_C4/30_endocv2021_positive_1459_mask.txt,1,1.00 B,,,OK,0
PolypGen,data/external/PolypGen/PolypGen2021_MultiCenterData_v3/data_C4/bbox_C4/30_endocv2021_positive_447_mask.txt,1,1.00 B,,,OK,0
PolypGen,data/external/PolypGen/PolypGen2021_MultiCenterData_v3/data_C4/bbox_C4/30_endocv2021_positive_480_mask.txt,1,1.00 B,,,OK,0
PolypGen,data/external/PolypGen/PolypGen2021_MultiCenterData_v3/data_C4/bbox_C4/30_endocv2021_positive_614_mask.txt,1,1.00 B,,,OK,0
PolypGen,data/external/PolypGen/PolypGen2021_MultiCenterData_v3/data_C4/bbox_C4/30_endocv2021_positive_876_mask.txt,1,1.00 B,,,OK,0
PolypGen,data/external/PolypGen/PolypGen2021_MultiCenterData_v3/data_C4/bbox_C4/30_endocv2021_positive_898_mask.txt,1,1.00 B,,,OK,0
PolypGen,data/external/PolypGen/PolypGen2021_MultiCenterData_v3/data_C4/bbox_C4/31_endocv2021_positive_1318_mask.txt,25,25.00 B,,,OK,0
PolypGen,data/external/PolypGen/PolypGen2021_MultiCenterData_v3/data_C4/bbox_C4/31_endocv2021_positive_1403_mask.txt,24,24.00 B,,,OK,0
PolypGen,data/external/PolypGen/PolypGen2021_MultiCenterData_v3/data_C4/bbox_C4/31_endocv2021_positive_251_mask.txt,24,24.00 B,,,OK,0
PolypGen,data/external/PolypGen/PolypGen2021_MultiCenterData_v3/data_C4/bbox_C4/31_endocv2021_positive_329 2_mask.txt,1,1.00 B,,,OK,0
PolypGen,data/external/PolypGen/PolypGen2021_MultiCenterData_v3/data_C4/bbox_C4/31_endocv2021_positive_38_mask.txt,1,1.00 B,,,OK,0
PolypGen,data/external/PolypGen/PolypGen2021_MultiCenterData_v3/data_C4/bbox_C4/32_endocv2021_positive_269_mask.txt,24,24.00 B,,,OK,0
PolypGen,data/external/PolypGen/PolypGen2021_MultiCenterData_v3/data_C4/bbox_C4/32_endocv2021_positive_339_mask.txt,1,1.00 B,,,OK,0
PolypGen,data/external/PolypGen/PolypGen2021_MultiCenterData_v3/data_C4/bbox_C4/33_endocv2021_positive_1130_mask.txt,24,24.00 B,,,OK,0
PolypGen,data/external/PolypGen/PolypGen2021_MultiCenterData_v3/data_C4/bbox_C4/33_endocv2021_positive_376_mask.txt,25,25.00 B,,,OK,0
PolypGen,data/external/PolypGen/PolypGen2021_MultiCenterData_v3/data_C4/bbox_C4/33_endocv2021_positive_887_mask.txt,24,24.00 B,,,OK,0
PolypGen,data/external/PolypGen/PolypGen2021_MultiCenterData_v3/data_C4/bbox_C4/33_endocv2021_positive_958_mask.txt,25,25.00 B,,,OK,0
PolypGen,data/external/PolypGen/PolypGen2021_MultiCenterData_v3/data_C4/bbox_C4/34_endocv2021_positive_1030_mask.txt,24,24.00 B,,,OK,0
PolypGen,data/external/PolypGen/PolypGen2021_MultiCenterData_v3/data_C4/bbox_C4/34_endocv2021_positive_300_mask.txt,23,23.00 B,,,OK,0
PolypGen,data/external/PolypGen/PolypGen2021_MultiCenterData_v3/data_C4/bbox_C4/34_endocv2021_positive_432_mask.txt,24,24.00 B,,,OK,0
PolypGen,data/external/PolypGen/PolypGen2021_MultiCenterData_v3/data_C4/bbox_C4/34_endocv2021_positive_638_mask.txt,25,25.00 B,,,OK,0
PolypGen,data/external/PolypGen/PolypGen2021_MultiCenterData_v3/data_C4/bbox_C4/35_endocv2021_negative_1005_mask.txt,24,24.00 B,,,OK,0
PolypGen,data/external/PolypGen/PolypGen2021_MultiCenterData_v3/data_C4/bbox_C4/35_endocv2021_negative_1027_mask.txt,24,24.00 B,,,OK,0
PolypGen,data/external/PolypGen/PolypGen2021_MultiCenterData_v3/data_C4/bbox_C4/35_endocv2021_negative_1058_mask.txt,1,1.00 B,,,OK,0
PolypGen,data/external/PolypGen/PolypGen2021_MultiCenterData_v3/data_C4/bbox_C4/4_endocv2021_positive_1020_mask.txt,22,22.00 B,,,OK,0
PolypGen,data/external/PolypGen/PolypGen2021_MultiCenterData_v3/data_C4/bbox_C4/4_endocv2021_positive_1382_mask.txt,24,24.00 B,,,OK,0
PolypGen,data/external/PolypGen/PolypGen2021_MultiCenterData_v3/data_C4/bbox_C4/4_endocv2021_positive_34_mask.txt,23,23.00 B,,,OK,0
PolypGen,data/external/PolypGen/PolypGen2021_MultiCenterData_v3/data_C4/bbox_C4/4_endocv2021_positive_954_mask.txt,23,23.00 B,,,OK,0
PolypGen,data/external/PolypGen/PolypGen2021_MultiCenterData_v3/data_C4/bbox_C4/5_endocv2021_positive_1114_mask.txt,1,1.00 B,,,OK,0
PolypGen,data/external/PolypGen/PolypGen2021_MultiCenterData_v3/data_C4/bbox_C4/5_endocv2021_positive_1122_mask.txt,1,1.00 B,,,OK,0
PolypGen,data/external/PolypGen/PolypGen2021_MultiCenterData_v3/data_C4/bbox_C4/5_endocv2021_positive_632_mask.txt,23,23.00 B,,,OK,0
PolypGen,data/external/PolypGen/PolypGen2021_MultiCenterData_v3/data_C4/bbox_C4/5_endocv2021_positive_868_mask.txt,24,24.00 B,,,OK,0
PolypGen,data/external/PolypGen/PolypGen2021_MultiCenterData_v3/data_C4/bbox_C4/5_endocv2021_positive_970_mask.txt,22,22.00 B,,,OK,0
PolypGen,data/external/PolypGen/PolypGen2021_MultiCenterData_v3/data_C4/bbox_C4/6_endocv2021_positive_1007_mask.txt,1,1.00 B,,,OK,0
PolypGen,data/external/PolypGen/PolypGen2021_MultiCenterData_v3/data_C4/bbox_C4/6_endocv2021_positive_1308_mask.txt,1,1.00 B,,,OK,0
PolypGen,data/external/PolypGen/PolypGen2021_MultiCenterData_v3/data_C4/bbox_C4/6_endocv2021_positive_233_mask.txt,24,24.00 B,,,OK,0
PolypGen,data/external/PolypGen/PolypGen2021_MultiCenterData_v3/data_C4/bbox_C4/6_endocv2021_positive_263_mask.txt,24,24.00 B,,,OK,0
PolypGen,data/external/PolypGen/PolypGen2021_MultiCenterData_v3/data_C4/bbox_C4/6_endocv2021_positive_335_mask.txt,24,24.00 B,,,OK,0
PolypGen,data/external/PolypGen/PolypGen2021_MultiCenterData_v3/data_C4/bbox_C4/6_endocv2021_positive_388_mask.txt,25,25.00 B,,,OK,0
PolypGen,data/external/PolypGen/PolypGen2021_MultiCenterData_v3/data_C4/bbox_C4/6_endocv2021_positive_503_mask.txt,24,24.00 B,,,OK,0
PolypGen,data/external/PolypGen/PolypGen2021_MultiCenterData_v3/data_C4/bbox_C4/8_endocv2021_positive_1447_mask.txt,24,24.00 B,,,OK,0
PolypGen,data/external/PolypGen/PolypGen2021_MultiCenterData_v3/data_C4/bbox_C4/9_endocv2021_positive_1006_mask.txt,24,24.00 B,,,OK,0
PolypGen,data/external/PolypGen/PolypGen2021_MultiCenterData_v3/data_C4/bbox_C4/9_endocv2021_positive_1269_mask.txt,71,71.00 B,,,OK,0
PolypGen,data/external/PolypGen/PolypGen2021_MultiCenterData_v3/data_C4/bbox_C4/9_endocv2021_positive_1362_mask.txt,25,25.00 B,,,OK,0
PolypGen,data/external/PolypGen/PolypGen2021_MultiCenterData_v3/data_C4/bbox_C4/9_endocv2021_positive_198_mask.txt,21,21.00 B,,,OK,0
PolypGen,data/external/PolypGen/PolypGen2021_MultiCenterData_v3/data_C4/bbox_C4/9_endocv2021_positive_247_mask.txt,22,22.00 B,,,OK,0
PolypGen,data/external/PolypGen/PolypGen2021_MultiCenterData_v3/data_C4/bbox_C4/9_endocv2021_positive_275_mask.txt,23,23.00 B,,,OK,0
PolypGen,data/external/PolypGen/PolypGen2021_MultiCenterData_v3/data_C4/bbox_C4/9_endocv2021_positive_324_mask.txt,24,24.00 B,,,OK,0
PolypGen,data/external/PolypGen/PolypGen2021_MultiCenterData_v3/data_C4/bbox_C4/9_endocv2021_positive_457_mask.txt,24,24.00 B,,,OK,0
PolypGen,data/external/PolypGen/PolypGen2021_MultiCenterData_v3/data_C4/bbox_C4/9_endocv2021_positive_538_mask.txt,50,50.00 B,,,OK,0
PolypGen,data/external/PolypGen/PolypGen2021_MultiCenterData_v3/data_C4/bbox_C4/9_endocv2021_positive_586_mask.txt,63,63.00 B,,,OK,0
PolypGen,data/external/PolypGen/PolypGen2021_MultiCenterData_v3/data_C4/bbox_C4/9_endocv2021_positive_650_mask.txt,22,22.00 B,,,OK,0
PolypGen,data/external/PolypGen/PolypGen2021_MultiCenterData_v3/data_C4/bbox_C4/9_endocv2021_positive_729_mask.txt,24,24.00 B,,,OK,0
PolypGen,data/external/PolypGen/PolypGen2021_MultiCenterData_v3/data_C4/bbox_C4/9_endocv2021_positive_864_mask.txt,45,45.00 B,,,OK,0
PolypGen,data/external/PolypGen/PolypGen2021_MultiCenterData_v3/data_C5/bbox_C5/EndoCV2021_C5_50000003_mask.txt,24,24.00 B,,,OK,0
PolypGen,data/external/PolypGen/PolypGen2021_MultiCenterData_v3/data_C5/bbox_C5/EndoCV2021_C5_50000005_mask.txt,1,1.00 B,,,OK,0
PolypGen,data/external/PolypGen/PolypGen2021_MultiCenterData_v3/data_C5/bbox_C5/EndoCV2021_C5_50000006_mask.txt,23,23.00 B,,,OK,0
PolypGen,data/external/PolypGen/PolypGen2021_MultiCenterData_v3/data_C5/bbox_C5/EndoCV2021_C5_50000007_mask.txt,24,24.00 B,,,OK,0
PolypGen,data/external/PolypGen/PolypGen2021_MultiCenterData_v3/data_C5/bbox_C5/EndoCV2021_C5_50000008_mask.txt,47,47.00 B,,,OK,0
PolypGen,data/external/PolypGen/PolypGen2021_MultiCenterData_v3/data_C5/bbox_C5/EndoCV2021_C5_50000009_mask.txt,24,24.00 B,,,OK,0
PolypGen,data/external/PolypGen/PolypGen2021_MultiCenterData_v3/data_C5/bbox_C5/EndoCV2021_C5_50000010_mask.txt,24,24.00 B,,,OK,0
PolypGen,data/external/PolypGen/PolypGen2021_MultiCenterData_v3/data_C5/bbox_C5/EndoCV2021_C5_50000011_mask.txt,24,24.00 B,,,OK,0
PolypGen,data/external/PolypGen/PolypGen2021_MultiCenterData_v3/data_C5/bbox_C5/EndoCV2021_C5_50000014_mask.txt,25,25.00 B,,,OK,0
PolypGen,data/external/PolypGen/PolypGen2021_MultiCenterData_v3/data_C5/bbox_C5/EndoCV2021_C5_50000024_mask.txt,46,46.00 B,,,OK,0
PolypGen,data/external/PolypGen/PolypGen2021_MultiCenterData_v3/data_C5/bbox_C5/EndoCV2021_C5_50000025_mask.txt,24,24.00 B,,,OK,0
PolypGen,data/external/PolypGen/PolypGen2021_MultiCenterData_v3/data_C5/bbox_C5/EndoCV2021_C5_50000026_mask.txt,24,24.00 B,,,OK,0
PolypGen,data/external/PolypGen/PolypGen2021_MultiCenterData_v3/data_C5/bbox_C5/EndoCV2021_C5_50000027_mask.txt,23,23.00 B,,,OK,0
PolypGen,data/external/PolypGen/PolypGen2021_MultiCenterData_v3/data_C5/bbox_C5/EndoCV2021_C5_50000028_mask.txt,24,24.00 B,,,OK,0
PolypGen,data/external/PolypGen/PolypGen2021_MultiCenterData_v3/data_C5/bbox_C5/EndoCV2021_C5_50000034_mask.txt,24,24.00 B,,,OK,0
PolypGen,data/external/PolypGen/PolypGen2021_MultiCenterData_v3/data_C5/bbox_C5/EndoCV2021_C5_50000036_mask.txt,24,24.00 B,,,OK,0
PolypGen,data/external/PolypGen/PolypGen2021_MultiCenterData_v3/data_C5/bbox_C5/EndoCV2021_C5_50000040_mask.txt,23,23.00 B,,,OK,0
PolypGen,data/external/PolypGen/PolypGen2021_MultiCenterData_v3/data_C5/bbox_C5/EndoCV2021_C5_50000048_mask.txt,24,24.00 B,,,OK,0
PolypGen,data/external/PolypGen/PolypGen2021_MultiCenterData_v3/data_C5/bbox_C5/EndoCV2021_C5_50000049_mask.txt,24,24.00 B,,,OK,0
PolypGen,data/external/PolypGen/PolypGen2021_MultiCenterData_v3/data_C5/bbox_C5/EndoCV2021_C5_50000054_mask.txt,25,25.00 B,,,OK,0
PolypGen,data/external/PolypGen/PolypGen2021_MultiCenterData_v3/data_C5/bbox_C5/EndoCV2021_C5_50000057_mask.txt,48,48.00 B,,,OK,0
PolypGen,data/external/PolypGen/PolypGen2021_MultiCenterData_v3/data_C5/bbox_C5/EndoCV2021_C5_50000062_mask.txt,24,24.00 B,,,OK,0
PolypGen,data/external/PolypGen/PolypGen2021_MultiCenterData_v3/data_C5/bbox_C5/EndoCV2021_C5_50000065_mask.txt,24,24.00 B,,,OK,0
PolypGen,data/external/PolypGen/PolypGen2021_MultiCenterData_v3/data_C5/bbox_C5/EndoCV2021_C5_50000066_mask.txt,22,22.00 B,,,OK,0
PolypGen,data/external/PolypGen/PolypGen2021_MultiCenterData_v3/data_C5/bbox_C5/EndoCV2021_C5_50000070_mask.txt,24,24.00 B,,,OK,0
PolypGen,data/external/PolypGen/PolypGen2021_MultiCenterData_v3/data_C5/bbox_C5/EndoCV2021_C5_50000071_mask.txt,24,24.00 B,,,OK,0
PolypGen,data/external/PolypGen/PolypGen2021_MultiCenterData_v3/data_C5/bbox_C5/EndoCV2021_C5_50000072_mask.txt,24,24.00 B,,,OK,0
PolypGen,data/external/PolypGen/PolypGen2021_MultiCenterData_v3/data_C5/bbox_C5/EndoCV2021_C5_50000074_mask.txt,24,24.00 B,,,OK,0
PolypGen,data/external/PolypGen/PolypGen2021_MultiCenterData_v3/data_C5/bbox_C5/EndoCV2021_C5_50000077_mask.txt,24,24.00 B,,,OK,0
PolypGen,data/external/PolypGen/PolypGen2021_MultiCenterData_v3/data_C5/bbox_C5/EndoCV2021_C5_50000078_mask.txt,22,22.00 B,,,OK,0
PolypGen,data/external/PolypGen/PolypGen2021_MultiCenterData_v3/data_C5/bbox_C5/EndoCV2021_C5_50000079_mask.txt,22,22.00 B,,,OK,0
PolypGen,data/external/PolypGen/PolypGen2021_MultiCenterData_v3/data_C5/bbox_C5/EndoCV2021_C5_50000080_mask.txt,24,24.00 B,,,OK,0
PolypGen,data/external/PolypGen/PolypGen2021_MultiCenterData_v3/data_C5/bbox_C5/EndoCV2021_C5_50000081_mask.txt,25,25.00 B,,,OK,0
PolypGen,data/external/PolypGen/PolypGen2021_MultiCenterData_v3/data_C5/bbox_C5/EndoCV2021_C5_50000082_mask.txt,25,25.00 B,,,OK,0
PolypGen,data/external/PolypGen/PolypGen2021_MultiCenterData_v3/data_C5/bbox_C5/EndoCV2021_C5_50000083_mask.txt,24,24.00 B,,,OK,0
PolypGen,data/external/PolypGen/PolypGen2021_MultiCenterData_v3/data_C5/bbox_C5/EndoCV2021_C5_50000084_mask.txt,23,23.00 B,,,OK,0
PolypGen,data/external/PolypGen/PolypGen2021_MultiCenterData_v3/data_C5/bbox_C5/EndoCV2021_C5_50000085_mask.txt,25,25.00 B,,,OK,0
PolypGen,data/external/PolypGen/PolypGen2021_MultiCenterData_v3/data_C5/bbox_C5/EndoCV2021_C5_50000087_mask.txt,25,25.00 B,,,OK,0
PolypGen,data/external/PolypGen/PolypGen2021_MultiCenterData_v3/data_C5/bbox_C5/EndoCV2021_C5_50000095_mask.txt,23,23.00 B,,,OK,0
PolypGen,data/external/PolypGen/PolypGen2021_MultiCenterData_v3/data_C5/bbox_C5/EndoCV2021_C5_50000096_mask.txt,24,24.00 B,,,OK,0
PolypGen,data/external/PolypGen/PolypGen2021_MultiCenterData_v3/data_C5/bbox_C5/EndoCV2021_C5_50000098_mask.txt,24,24.00 B,,,OK,0
PolypGen,data/external/PolypGen/PolypGen2021_MultiCenterData_v3/data_C5/bbox_C5/EndoCV2021_C5_50000100_mask.txt,20,20.00 B,,,OK,0
PolypGen,data/external/PolypGen/PolypGen2021_MultiCenterData_v3/data_C5/bbox_C5/EndoCV2021_C5_50000101_mask.txt,21,21.00 B,,,OK,0
PolypGen,data/external/PolypGen/PolypGen2021_MultiCenterData_v3/data_C5/bbox_C5/EndoCV2021_C5_50000102_mask.txt,22,22.00 B,,,OK,0
PolypGen,data/external/PolypGen/PolypGen2021_MultiCenterData_v3/data_C5/bbox_C5/EndoCV2021_C5_50000103_mask.txt,22,22.00 B,,,OK,0
PolypGen,data/external/PolypGen/PolypGen2021_MultiCenterData_v3/data_C5/bbox_C5/EndoCV2021_C5_50000108_mask.txt,22,22.00 B,,,OK,0
PolypGen,data/external/PolypGen/PolypGen2021_MultiCenterData_v3/data_C5/bbox_C5/EndoCV2021_C5_50000109_mask.txt,20,20.00 B,,,OK,0
PolypGen,data/external/PolypGen/PolypGen2021_MultiCenterData_v3/data_C5/bbox_C5/EndoCV2021_C5_50000110_mask.txt,65,65.00 B,,,OK,0
PolypGen,data/external/PolypGen/PolypGen2021_MultiCenterData_v3/data_C5/bbox_C5/EndoCV2021_C5_50000111_mask.txt,42,42.00 B,,,OK,0
PolypGen,data/external/PolypGen/PolypGen2021_MultiCenterData_v3/data_C5/bbox_C5/EndoCV2021_C5_50000112_mask.txt,22,22.00 B,,,OK,0
PolypGen,data/external/PolypGen/PolypGen2021_MultiCenterData_v3/data_C5/bbox_C5/EndoCV2021_C5_50000113_mask.txt,21,21.00 B,,,OK,0
PolypGen,data/external/PolypGen/PolypGen2021_MultiCenterData_v3/data_C5/bbox_C5/EndoCV2021_C5_50000115_mask.txt,44,44.00 B,,,OK,0
PolypGen,data/external/PolypGen/PolypGen2021_MultiCenterData_v3/data_C5/bbox_C5/EndoCV2021_C5_50000116_mask.txt,21,21.00 B,,,OK,0
PolypGen,data/external/PolypGen/PolypGen2021_MultiCenterData_v3/data_C5/bbox_C5/EndoCV2021_C5_50000120_mask.txt,22,22.00 B,,,OK,0
PolypGen,data/external/PolypGen/PolypGen2021_MultiCenterData_v3/data_C5/bbox_C5/EndoCV2021_C5_50000121_mask.txt,22,22.00 B,,,OK,0
PolypGen,data/external/PolypGen/PolypGen2021_MultiCenterData_v3/data_C5/bbox_C5/EndoCV2021_C5_50000122_mask.txt,22,22.00 B,,,OK,0
PolypGen,data/external/PolypGen/PolypGen2021_MultiCenterData_v3/data_C5/bbox_C5/EndoCV2021_C5_50000123_mask.txt,21,21.00 B,,,OK,0
PolypGen,data/external/PolypGen/PolypGen2021_MultiCenterData_v3/data_C5/bbox_C5/EndoCV2021_C5_50000124_mask.txt,43,43.00 B,,,OK,0
PolypGen,data/external/PolypGen/PolypGen2021_MultiCenterData_v3/data_C5/bbox_C5/EndoCV2021_C5_50000125_mask.txt,22,22.00 B,,,OK,0
PolypGen,data/external/PolypGen/PolypGen2021_MultiCenterData_v3/data_C5/bbox_C5/EndoCV2021_C5_50000126_mask.txt,22,22.00 B,,,OK,0
PolypGen,data/external/PolypGen/PolypGen2021_MultiCenterData_v3/data_C5/bbox_C5/EndoCV2021_C5_50000127_mask.txt,21,21.00 B,,,OK,0
PolypGen,data/external/PolypGen/PolypGen2021_MultiCenterData_v3/data_C5/bbox_C5/EndoCV2021_C5_50000128_mask.txt,41,41.00 B,,,OK,0
PolypGen,data/external/PolypGen/PolypGen2021_MultiCenterData_v3/data_C5/bbox_C5/EndoCV2021_C5_50000129_mask.txt,21,21.00 B,,,OK,0
PolypGen,data/external/PolypGen/PolypGen2021_MultiCenterData_v3/data_C5/bbox_C5/EndoCV2021_C5_50000138_mask.txt,22,22.00 B,,,OK,0
PolypGen,data/external/PolypGen/PolypGen2021_MultiCenterData_v3/data_C5/bbox_C5/EndoCV2021_C5_50000139_mask.txt,22,22.00 B,,,OK,0
PolypGen,data/external/PolypGen/PolypGen2021_MultiCenterData_v3/data_C5/bbox_C5/EndoCV2021_C5_50000140_mask.txt,85,85.00 B,,,OK,0
PolypGen,data/external/PolypGen/PolypGen2021_MultiCenterData_v3/data_C5/bbox_C5/EndoCV2021_C5_50000141_mask.txt,21,21.00 B,,,OK,0
PolypGen,data/external/PolypGen/PolypGen2021_MultiCenterData_v3/data_C5/bbox_C5/EndoCV2021_C5_50000143_mask.txt,24,24.00 B,,,OK,0
PolypGen,data/external/PolypGen/PolypGen2021_MultiCenterData_v3/data_C5/bbox_C5/EndoCV2021_C5_50000144_mask.txt,24,24.00 B,,,OK,0
PolypGen,data/external/PolypGen/PolypGen2021_MultiCenterData_v3/data_C5/bbox_C5/EndoCV2021_C5_50000145_mask.txt,23,23.00 B,,,OK,0
PolypGen,data/external/PolypGen/PolypGen2021_MultiCenterData_v3/data_C5/bbox_C5/EndoCV2021_C5_50000146_mask.txt,23,23.00 B,,,OK,0
PolypGen,data/external/PolypGen/PolypGen2021_MultiCenterData_v3/data_C5/bbox_C5/EndoCV2021_C5_50000147_mask.txt,24,24.00 B,,,OK,0
PolypGen,data/external/PolypGen/PolypGen2021_MultiCenterData_v3/data_C5/bbox_C5/EndoCV2021_C5_50000148_mask.txt,23,23.00 B,,,OK,0
PolypGen,data/external/PolypGen/PolypGen2021_MultiCenterData_v3/data_C5/bbox_C5/EndoCV2021_C5_50000149_mask.txt,24,24.00 B,,,OK,0
PolypGen,data/external/PolypGen/PolypGen2021_MultiCenterData_v3/data_C5/bbox_C5/EndoCV2021_C5_50000150_mask.txt,21,21.00 B,,,OK,0
PolypGen,data/external/PolypGen/PolypGen2021_MultiCenterData_v3/data_C5/bbox_C5/EndoCV2021_C5_50000151_mask.txt,22,22.00 B,,,OK,0
PolypGen,data/external/PolypGen/PolypGen2021_MultiCenterData_v3/data_C5/bbox_C5/EndoCV2021_C5_50000152_mask.txt,23,23.00 B,,,OK,0
PolypGen,data/external/PolypGen/PolypGen2021_MultiCenterData_v3/data_C5/bbox_C5/EndoCV2021_C5_50000153_mask.txt,24,24.00 B,,,OK,0
PolypGen,data/external/PolypGen/PolypGen2021_MultiCenterData_v3/data_C5/bbox_C5/EndoCV2021_C5_50000166_mask.txt,47,47.00 B,,,OK,0
PolypGen,data/external/PolypGen/PolypGen2021_MultiCenterData_v3/data_C5/bbox_C5/EndoCV2021_C5_50000167_mask.txt,68,68.00 B,,,OK,0
PolypGen,data/external/PolypGen/PolypGen2021_MultiCenterData_v3/data_C5/bbox_C5/EndoCV2021_C5_50000168_mask.txt,46,46.00 B,,,OK,0
PolypGen,data/external/PolypGen/PolypGen2021_MultiCenterData_v3/data_C5/bbox_C5/EndoCV2021_C5_50000172_mask.txt,24,24.00 B,,,OK,0
PolypGen,data/external/PolypGen/PolypGen2021_MultiCenterData_v3/data_C5/bbox_C5/EndoCV2021_C5_50000173_mask.txt,25,25.00 B,,,OK,0
PolypGen,data/external/PolypGen/PolypGen2021_MultiCenterData_v3/data_C5/bbox_C5/EndoCV2021_C5_50000175_mask.txt,24,24.00 B,,,OK,0
PolypGen,data/external/PolypGen/PolypGen2021_MultiCenterData_v3/data_C5/bbox_C5/EndoCV2021_C5_50000178_mask.txt,24,24.00 B,,,OK,0
PolypGen,data/external/PolypGen/PolypGen2021_MultiCenterData_v3/data_C5/bbox_C5/EndoCV2021_C5_50000179_mask.txt,24,24.00 B,,,OK,0
PolypGen,data/external/PolypGen/PolypGen2021_MultiCenterData_v3/data_C5/bbox_C5/EndoCV2021_C5_50000181_mask.txt,47,47.00 B,,,OK,0
PolypGen,data/external/PolypGen/PolypGen2021_MultiCenterData_v3/data_C5/bbox_C5/EndoCV2021_C5_50000182_mask.txt,24,24.00 B,,,OK,0
PolypGen,data/external/PolypGen/PolypGen2021_MultiCenterData_v3/data_C5/bbox_C5/EndoCV2021_C5_50000186_mask.txt,24,24.00 B,,,OK,0
PolypGen,data/external/PolypGen/PolypGen2021_MultiCenterData_v3/data_C5/bbox_C5/EndoCV2021_C5_50000188_mask.txt,24,24.00 B,,,OK,0
PolypGen,data/external/PolypGen/PolypGen2021_MultiCenterData_v3/data_C5/bbox_C5/EndoCV2021_C5_50000190_mask.txt,24,24.00 B,,,OK,0
PolypGen,data/external/PolypGen/PolypGen2021_MultiCenterData_v3/data_C5/bbox_C5/EndoCV2021_C5_50000191_mask.txt,24,24.00 B,,,OK,0
PolypGen,data/external/PolypGen/PolypGen2021_MultiCenterData_v3/data_C5/bbox_C5/EndoCV2021_C5_50000193_mask.txt,23,23.00 B,,,OK,0
PolypGen,data/external/PolypGen/PolypGen2021_MultiCenterData_v3/data_C5/bbox_C5/EndoCV2021_C5_50000194_mask.txt,43,43.00 B,,,OK,0
PolypGen,data/external/PolypGen/PolypGen2021_MultiCenterData_v3/data_C5/bbox_C5/EndoCV2021_C5_50000196_mask.txt,45,45.00 B,,,OK,0
PolypGen,data/external/PolypGen/PolypGen2021_MultiCenterData_v3/data_C5/bbox_C5/EndoCV2021_C5_50000197_mask.txt,24,24.00 B,,,OK,0
PolypGen,data/external/PolypGen/PolypGen2021_MultiCenterData_v3/data_C5/bbox_C5/EndoCV2021_C5_50000198_mask.txt,24,24.00 B,,,OK,0
PolypGen,data/external/PolypGen/PolypGen2021_MultiCenterData_v3/data_C5/bbox_C5/EndoCV2021_C5_50000199_mask.txt,24,24.00 B,,,OK,0
PolypGen,data/external/PolypGen/PolypGen2021_MultiCenterData_v3/data_C5/bbox_C5/EndoCV2021_C5_50000202_mask.txt,46,46.00 B,,,OK,0
PolypGen,data/external/PolypGen/PolypGen2021_MultiCenterData_v3/data_C5/bbox_C5/EndoCV2021_C5_50000203_mask.txt,24,24.00 B,,,OK,0
PolypGen,data/external/PolypGen/PolypGen2021_MultiCenterData_v3/data_C5/bbox_C5/EndoCV2021_C5_50000206_mask.txt,24,24.00 B,,,OK,0
PolypGen,data/external/PolypGen/PolypGen2021_MultiCenterData_v3/data_C5/bbox_C5/EndoCV2021_C5_50000207_mask.txt,24,24.00 B,,,OK,0
PolypGen,data/external/PolypGen/PolypGen2021_MultiCenterData_v3/data_C5/bbox_C5/EndoCV2021_C5_50000208_mask.txt,24,24.00 B,,,OK,0
PolypGen,data/external/PolypGen/PolypGen2021_MultiCenterData_v3/data_C5/bbox_C5/EndoCV2021_C5_50000209_mask.txt,24,24.00 B,,,OK,0
PolypGen,data/external/PolypGen/PolypGen2021_MultiCenterData_v3/data_C5/bbox_C5/EndoCV2021_C5_50000212_mask.txt,48,48.00 B,,,OK,0
PolypGen,data/external/PolypGen/PolypGen2021_MultiCenterData_v3/data_C5/bbox_C5/EndoCV2021_C5_50000214_mask.txt,47,47.00 B,,,OK,0
PolypGen,data/external/PolypGen/PolypGen2021_MultiCenterData_v3/data_C5/bbox_C5/EndoCV2021_C5_50000215_mask.txt,47,47.00 B,,,OK,0
PolypGen,data/external/PolypGen/PolypGen2021_MultiCenterData_v3/data_C5/bbox_C5/EndoCV2021_C5_50000219_mask.txt,24,24.00 B,,,OK,0
PolypGen,data/external/PolypGen/PolypGen2021_MultiCenterData_v3/data_C5/bbox_C5/EndoCV2021_C5_50000221_mask.txt,48,48.00 B,,,OK,0
PolypGen,data/external/PolypGen/PolypGen2021_MultiCenterData_v3/data_C5/bbox_C5/EndoCV2021_C5_50000222_mask.txt,47,47.00 B,,,OK,0
PolypGen,data/external/PolypGen/PolypGen2021_MultiCenterData_v3/data_C5/bbox_C5/EndoCV2021_C5_50000223_mask.txt,24,24.00 B,,,OK,0
PolypGen,data/external/PolypGen/PolypGen2021_MultiCenterData_v3/data_C5/bbox_C5/EndoCV2021_C5_50000224_mask.txt,48,48.00 B,,,OK,0
PolypGen,data/external/PolypGen/PolypGen2021_MultiCenterData_v3/data_C5/bbox_C5/EndoCV2021_C5_50000227_mask.txt,24,24.00 B,,,OK,0
PolypGen,data/external/PolypGen/PolypGen2021_MultiCenterData_v3/data_C5/bbox_C5/EndoCV2021_C5_50000228_mask.txt,24,24.00 B,,,OK,0
PolypGen,data/external/PolypGen/PolypGen2021_MultiCenterData_v3/data_C5/bbox_C5/EndoCV2021_C5_50000229_mask.txt,72,72.00 B,,,OK,0
PolypGen,data/external/PolypGen/PolypGen2021_MultiCenterData_v3/data_C5/bbox_C5/EndoCV2021_C5_50000230_mask.txt,24,24.00 B,,,OK,0
PolypGen,data/external/PolypGen/PolypGen2021_MultiCenterData_v3/data_C5/bbox_C5/EndoCV2021_C5_50000231_mask.txt,25,25.00 B,,,OK,0
PolypGen,data/external/PolypGen/PolypGen2021_MultiCenterData_v3/data_C5/bbox_C5/EndoCV2021_C5_50000232_mask.txt,24,24.00 B,,,OK,0
PolypGen,data/external/PolypGen/PolypGen2021_MultiCenterData_v3/data_C5/bbox_C5/EndoCV2021_C5_50000233_mask.txt,24,24.00 B,,,OK,0
PolypGen,data/external/PolypGen/PolypGen2021_MultiCenterData_v3/data_C5/bbox_C5/EndoCV2021_C5_50000234_mask.txt,24,24.00 B,,,OK,0
PolypGen,data/external/PolypGen/PolypGen2021_MultiCenterData_v3/data_C5/bbox_C5/EndoCV2021_C5_50000237_mask.txt,24,24.00 B,,,OK,0
PolypGen,data/external/PolypGen/PolypGen2021_MultiCenterData_v3/data_C5/bbox_C5/EndoCV2021_C5_50000239_mask.txt,22,22.00 B,,,OK,0
PolypGen,data/external/PolypGen/PolypGen2021_MultiCenterData_v3/data_C5/bbox_C5/EndoCV2021_C5_50000240_mask.txt,24,24.00 B,,,OK,0
PolypGen,data/external/PolypGen/PolypGen2021_MultiCenterData_v3/data_C5/bbox_C5/EndoCV2021_C5_50000242_mask.txt,23,23.00 B,,,OK,0
PolypGen,data/external/PolypGen/PolypGen2021_MultiCenterData_v3/data_C5/bbox_C5/EndoCV2021_C5_50000243_mask.txt,25,25.00 B,,,OK,0
PolypGen,data/external/PolypGen/PolypGen2021_MultiCenterData_v3/data_C5/bbox_C5/EndoCV2021_C5_50000251_mask.txt,24,24.00 B,,,OK,0
PolypGen,data/external/PolypGen/PolypGen2021_MultiCenterData_v3/data_C5/bbox_C5/EndoCV2021_C5_50000252_mask.txt,22,22.00 B,,,OK,0
PolypGen,data/external/PolypGen/PolypGen2021_MultiCenterData_v3/data_C5/bbox_C5/EndoCV2021_C5_50000253_mask.txt,25,25.00 B,,,OK,0
PolypGen,data/external/PolypGen/PolypGen2021_MultiCenterData_v3/data_C5/bbox_C5/EndoCV2021_C5_50000254_mask.txt,24,24.00 B,,,OK,0
PolypGen,data/external/PolypGen/PolypGen2021_MultiCenterData_v3/data_C5/bbox_C5/EndoCV2021_C5_50000255_mask.txt,24,24.00 B,,,OK,0
PolypGen,data/external/PolypGen/PolypGen2021_MultiCenterData_v3/data_C5/bbox_C5/EndoCV2021_C5_50000256_mask.txt,22,22.00 B,,,OK,0
PolypGen,data/external/PolypGen/PolypGen2021_MultiCenterData_v3/data_C5/bbox_C5/EndoCV2021_C5_50000257_mask.txt,23,23.00 B,,,OK,0
PolypGen,data/external/PolypGen/PolypGen2021_MultiCenterData_v3/data_C5/bbox_C5/EndoCV2021_C5_50000258_mask.txt,22,22.00 B,,,OK,0
PolypGen,data/external/PolypGen/PolypGen2021_MultiCenterData_v3/data_C5/bbox_C5/EndoCV2021_C5_50000259_mask.txt,22,22.00 B,,,OK,0
PolypGen,data/external/PolypGen/PolypGen2021_MultiCenterData_v3/data_C5/bbox_C5/EndoCV2021_C5_50000260_mask.txt,22,22.00 B,,,OK,0
PolypGen,data/external/PolypGen/PolypGen2021_MultiCenterData_v3/data_C5/bbox_C5/EndoCV2021_C5_50000262_mask.txt,23,23.00 B,,,OK,0
PolypGen,data/external/PolypGen/PolypGen2021_MultiCenterData_v3/data_C5/bbox_C5/EndoCV2021_C5_50000263_mask.txt,22,22.00 B,,,OK,0
PolypGen,data/external/PolypGen/PolypGen2021_MultiCenterData_v3/data_C5/bbox_C5/EndoCV2021_C5_50000264_mask.txt,23,23.00 B,,,OK,0
PolypGen,data/external/PolypGen/PolypGen2021_MultiCenterData_v3/data_C5/bbox_C5/EndoCV2021_C5_50000266_mask.txt,1,1.00 B,,,OK,0
PolypGen,data/external/PolypGen/PolypGen2021_MultiCenterData_v3/data_C5/bbox_C5/EndoCV2021_C5_50000267_mask.txt,22,22.00 B,,,OK,0
PolypGen,data/external/PolypGen/PolypGen2021_MultiCenterData_v3/data_C5/bbox_C5/EndoCV2021_C5_50000268_mask.txt,24,24.00 B,,,OK,0
PolypGen,data/external/PolypGen/PolypGen2021_MultiCenterData_v3/data_C5/bbox_C5/EndoCV2021_C5_50000269_mask.txt,24,24.00 B,,,OK,0
PolypGen,data/external/PolypGen/PolypGen2021_MultiCenterData_v3/data_C5/bbox_C5/EndoCV2021_C5_50000270_mask.txt,23,23.00 B,,,OK,0
PolypGen,data/external/PolypGen/PolypGen2021_MultiCenterData_v3/data_C5/bbox_C5/EndoCV2021_C5_50000271_mask.txt,24,24.00 B,,,OK,0
PolypGen,data/external/PolypGen/PolypGen2021_MultiCenterData_v3/data_C5/bbox_C5/EndoCV2021_C5_50000272_mask.txt,24,24.00 B,,,OK,0
PolypGen,data/external/PolypGen/PolypGen2021_MultiCenterData_v3/data_C5/bbox_C5/EndoCV2021_C5_50000275_mask.txt,22,22.00 B,,,OK,0
PolypGen,data/external/PolypGen/PolypGen2021_MultiCenterData_v3/data_C5/bbox_C5/EndoCV2021_C5_50000276_mask.txt,24,24.00 B,,,OK,0
PolypGen,data/external/PolypGen/PolypGen2021_MultiCenterData_v3/data_C5/bbox_C5/EndoCV2021_C5_50000277_mask.txt,24,24.00 B,,,OK,0
PolypGen,data/external/PolypGen/PolypGen2021_MultiCenterData_v3/data_C5/bbox_C5/EndoCV2021_C5_50000278_mask.txt,24,24.00 B,,,OK,0
PolypGen,data/external/PolypGen/PolypGen2021_MultiCenterData_v3/data_C5/bbox_C5/EndoCV2021_C5_50000279_mask.txt,46,46.00 B,,,OK,0
PolypGen,data/external/PolypGen/PolypGen2021_MultiCenterData_v3/data_C5/bbox_C5/EndoCV2021_C5_50000281_mask.txt,21,21.00 B,,,OK,0
PolypGen,data/external/PolypGen/PolypGen2021_MultiCenterData_v3/data_C5/bbox_C5/EndoCV2021_C5_50000282_mask.txt,22,22.00 B,,,OK,0
PolypGen,data/external/PolypGen/PolypGen2021_MultiCenterData_v3/data_C5/bbox_C5/EndoCV2021_C5_50000283_mask.txt,23,23.00 B,,,OK,0
PolypGen,data/external/PolypGen/PolypGen2021_MultiCenterData_v3/data_C5/bbox_C5/EndoCV2021_C5_50000284_mask.txt,23,23.00 B,,,OK,0
PolypGen,data/external/PolypGen/PolypGen2021_MultiCenterData_v3/data_C5/bbox_C5/EndoCV2021_C5_50000285_mask.txt,23,23.00 B,,,OK,0
PolypGen,data/external/PolypGen/PolypGen2021_MultiCenterData_v3/data_C5/bbox_C5/EndoCV2021_C5_50000286_mask.txt,24,24.00 B,,,OK,0
PolypGen,data/external/PolypGen/PolypGen2021_MultiCenterData_v3/data_C5/bbox_C5/EndoCV2021_C5_50000287_mask.txt,25,25.00 B,,,OK,0
PolypGen,data/external/PolypGen/PolypGen2021_MultiCenterData_v3/data_C5/bbox_C5/EndoCV2021_C5_50000296_mask.txt,24,24.00 B,,,OK,0
PolypGen,data/external/PolypGen/PolypGen2021_MultiCenterData_v3/data_C5/bbox_C5/EndoCV2021_C5_50000297_mask.txt,23,23.00 B,,,OK,0
PolypGen,data/external/PolypGen/PolypGen2021_MultiCenterData_v3/data_C5/bbox_C5/EndoCV2021_C5_50000298_mask.txt,24,24.00 B,,,OK,0
PolypGen,data/external/PolypGen/PolypGen2021_MultiCenterData_v3/data_C5/bbox_C5/EndoCV2021_C5_50000299_mask.txt,25,25.00 B,,,OK,0
PolypGen,data/external/PolypGen/PolypGen2021_MultiCenterData_v3/data_C5/bbox_C5/EndoCV2021_C5_50000300_mask.txt,24,24.00 B,,,OK,0
PolypGen,data/external/PolypGen/PolypGen2021_MultiCenterData_v3/data_C5/bbox_C5/EndoCV2021_C5_50000301_mask.txt,24,24.00 B,,,OK,0
PolypGen,data/external/PolypGen/PolypGen2021_MultiCenterData_v3/data_C5/bbox_C5/EndoCV2021_C5_50000302_mask.txt,24,24.00 B,,,OK,0
PolypGen,data/external/PolypGen/PolypGen2021_MultiCenterData_v3/data_C5/bbox_C5/EndoCV2021_C5_50000303_mask.txt,24,24.00 B,,,OK,0
PolypGen,data/external/PolypGen/PolypGen2021_MultiCenterData_v3/data_C5/bbox_C5/EndoCV2021_C5_50000304_mask.txt,24,24.00 B,,,OK,0
PolypGen,data/external/PolypGen/PolypGen2021_MultiCenterData_v3/data_C5/bbox_C5/EndoCV2021_C5_50000306_mask.txt,48,48.00 B,,,OK,0
PolypGen,data/external/PolypGen/PolypGen2021_MultiCenterData_v3/data_C5/bbox_C5/EndoCV2021_C5_50000307_mask.txt,24,24.00 B,,,OK,0
PolypGen,data/external/PolypGen/PolypGen2021_MultiCenterData_v3/data_C5/bbox_C5/EndoCV2021_C5_50000310_mask.txt,22,22.00 B,,,OK,0
PolypGen,data/external/PolypGen/PolypGen2021_MultiCenterData_v3/data_C5/bbox_C5/EndoCV2021_C5_50000313_mask.txt,24,24.00 B,,,OK,0
PolypGen,data/external/PolypGen/PolypGen2021_MultiCenterData_v3/data_C5/bbox_C5/EndoCV2021_C5_50000314_mask.txt,25,25.00 B,,,OK,0
PolypGen,data/external/PolypGen/PolypGen2021_MultiCenterData_v3/data_C5/bbox_C5/EndoCV2021_C5_50000319_mask.txt,48,48.00 B,,,OK,0
PolypGen,data/external/PolypGen/PolypGen2021_MultiCenterData_v3/data_C5/bbox_C5/EndoCV2021_C5_50000322_mask.txt,22,22.00 B,,,OK,0
PolypGen,data/external/PolypGen/PolypGen2021_MultiCenterData_v3/data_C5/bbox_C5/EndoCV2021_C5_50000323_mask.txt,24,24.00 B,,,OK,0
PolypGen,data/external/PolypGen/PolypGen2021_MultiCenterData_v3/data_C5/bbox_C5/EndoCV2021_C5_50000324_mask.txt,24,24.00 B,,,OK,0
PolypGen,data/external/PolypGen/PolypGen2021_MultiCenterData_v3/data_C5/bbox_C5/EndoCV2021_C5_50000327_mask.txt,24,24.00 B,,,OK,0
PolypGen,data/external/PolypGen/PolypGen2021_MultiCenterData_v3/data_C5/bbox_C5/EndoCV2021_C5_50000329_mask.txt,23,23.00 B,,,OK,0
PolypGen,data/external/PolypGen/PolypGen2021_MultiCenterData_v3/data_C5/bbox_C5/EndoCV2021_C5_50000330_mask.txt,24,24.00 B,,,OK,0
PolypGen,data/external/PolypGen/PolypGen2021_MultiCenterData_v3/data_C5/bbox_C5/EndoCV2021_C5_50000333_mask.txt,24,24.00 B,,,OK,0
PolypGen,data/external/PolypGen/PolypGen2021_MultiCenterData_v3/data_C5/bbox_C5/EndoCV2021_C5_50000334_mask.txt,24,24.00 B,,,OK,0
PolypGen,data/external/PolypGen/PolypGen2021_MultiCenterData_v3/data_C5/bbox_C5/EndoCV2021_C5_50000335_mask.txt,25,25.00 B,,,OK,0
PolypGen,data/external/PolypGen/PolypGen2021_MultiCenterData_v3/data_C5/bbox_C5/EndoCV2021_C5_50000336_mask.txt,23,23.00 B,,,OK,0
PolypGen,data/external/PolypGen/PolypGen2021_MultiCenterData_v3/data_C5/bbox_C5/EndoCV2021_C5_50000337_mask.txt,23,23.00 B,,,OK,0
PolypGen,data/external/PolypGen/PolypGen2021_MultiCenterData_v3/data_C5/bbox_C5/EndoCV2021_C5_50000338_mask.txt,24,24.00 B,,,OK,0
PolypGen,data/external/PolypGen/PolypGen2021_MultiCenterData_v3/data_C5/bbox_C5/EndoCV2021_C5_50000339_mask.txt,24,24.00 B,,,OK,0
PolypGen,data/external/PolypGen/PolypGen2021_MultiCenterData_v3/data_C5/bbox_C5/EndoCV2021_C5_50000340_mask.txt,23,23.00 B,,,OK,0
PolypGen,data/external/PolypGen/PolypGen2021_MultiCenterData_v3/data_C5/bbox_C5/EndoCV2021_C5_50000341_mask.txt,48,48.00 B,,,OK,0
PolypGen,data/external/PolypGen/PolypGen2021_MultiCenterData_v3/data_C5/bbox_C5/EndoCV2021_C5_50000343_mask.txt,23,23.00 B,,,OK,0
PolypGen,data/external/PolypGen/PolypGen2021_MultiCenterData_v3/data_C5/bbox_C5/EndoCV2021_C5_50000346_mask.txt,50,50.00 B,,,OK,0
PolypGen,data/external/PolypGen/PolypGen2021_MultiCenterData_v3/data_C5/bbox_C5/EndoCV2021_C5_50000347_mask.txt,47,47.00 B,,,OK,0
PolypGen,data/external/PolypGen/PolypGen2021_MultiCenterData_v3/data_C5/bbox_C5/EndoCV2021_C5_50000348_mask.txt,47,47.00 B,,,OK,0
PolypGen,data/external/PolypGen/PolypGen2021_MultiCenterData_v3/data_C5/bbox_C5/EndoCV2021_C5_50000350_mask.txt,22,22.00 B,,,OK,0
PolypGen,data/external/PolypGen/PolypGen2021_MultiCenterData_v3/data_C5/bbox_C5/EndoCV2021_C5_50000352_mask.txt,48,48.00 B,,,OK,0
PolypGen,data/external/PolypGen/PolypGen2021_MultiCenterData_v3/data_C5/bbox_C5/EndoCV2021_C5_50000354_mask.txt,24,24.00 B,,,OK,0
PolypGen,data/external/PolypGen/PolypGen2021_MultiCenterData_v3/data_C5/bbox_C5/EndoCV2021_C5_50000355_mask.txt,24,24.00 B,,,OK,0
PolypGen,data/external/PolypGen/PolypGen2021_MultiCenterData_v3/data_C5/bbox_C5/EndoCV2021_C5_50000356_mask.txt,24,24.00 B,,,OK,0
PolypGen,data/external/PolypGen/PolypGen2021_MultiCenterData_v3/data_C5/bbox_C5/EndoCV2021_C5_50000358_mask.txt,24,24.00 B,,,OK,0
PolypGen,data/external/PolypGen/PolypGen2021_MultiCenterData_v3/data_C5/bbox_C5/EndoCV2021_C5_50000359_mask.txt,24,24.00 B,,,OK,0
PolypGen,data/external/PolypGen/PolypGen2021_MultiCenterData_v3/data_C5/bbox_C5/EndoCV2021_C5_50000360_mask.txt,23,23.00 B,,,OK,0
PolypGen,data/external/PolypGen/PolypGen2021_MultiCenterData_v3/data_C5/bbox_C5/EndoCV2021_C5_50000361_mask.txt,23,23.00 B,,,OK,0
PolypGen,data/external/PolypGen/PolypGen2021_MultiCenterData_v3/data_C5/bbox_C5/EndoCV2021_C5_50000362_mask.txt,24,24.00 B,,,OK,0
PolypGen,data/external/PolypGen/PolypGen2021_MultiCenterData_v3/data_C5/bbox_C5/EndoCV2021_C5_50000368_mask.txt,45,45.00 B,,,OK,0
PolypGen,data/external/PolypGen/PolypGen2021_MultiCenterData_v3/data_C5/bbox_C5/EndoCV2021_C5_50000369_mask.txt,23,23.00 B,,,OK,0
PolypGen,data/external/PolypGen/PolypGen2021_MultiCenterData_v3/data_C5/bbox_C5/EndoCV2021_C5_50000371_mask.txt,23,23.00 B,,,OK,0
PolypGen,data/external/PolypGen/PolypGen2021_MultiCenterData_v3/data_C5/bbox_C5/EndoCV2021_C5_50000372_mask.txt,25,25.00 B,,,OK,0
PolypGen,data/external/PolypGen/PolypGen2021_MultiCenterData_v3/data_C5/bbox_C5/EndoCV2021_C5_50000377_mask.txt,24,24.00 B,,,OK,0
PolypGen,data/external/PolypGen/PolypGen2021_MultiCenterData_v3/data_C5/bbox_C5/EndoCV2021_C5_50000378_mask.txt,48,48.00 B,,,OK,0
PolypGen,data/external/PolypGen/PolypGen2021_MultiCenterData_v3/data_C5/bbox_C5/EndoCV2021_C5_50000381_mask.txt,24,24.00 B,,,OK,0
PolypGen,data/external/PolypGen/PolypGen2021_MultiCenterData_v3/data_C6/bbox_C6/EndoCV2021_C6_0100001_mask.txt,24,24.00 B,,,OK,0
PolypGen,data/external/PolypGen/PolypGen2021_MultiCenterData_v3/data_C6/bbox_C6/EndoCV2021_C6_0100003_mask.txt,23,23.00 B,,,OK,0
PolypGen,data/external/PolypGen/PolypGen2021_MultiCenterData_v3/data_C6/bbox_C6/EndoCV2021_C6_0100004_mask.txt,24,24.00 B,,,OK,0
PolypGen,data/external/PolypGen/PolypGen2021_MultiCenterData_v3/data_C6/bbox_C6/EndoCV2021_C6_0100005_mask.txt,24,24.00 B,,,OK,0
PolypGen,data/external/PolypGen/PolypGen2021_MultiCenterData_v3/data_C6/bbox_C6/EndoCV2021_C6_0100006_mask.txt,22,22.00 B,,,OK,0
PolypGen,data/external/PolypGen/PolypGen2021_MultiCenterData_v3/data_C6/bbox_C6/EndoCV2021_C6_0100007_mask.txt,22,22.00 B,,,OK,0
PolypGen,data/external/PolypGen/PolypGen2021_MultiCenterData_v3/data_C6/bbox_C6/EndoCV2021_C6_0100008_mask.txt,21,21.00 B,,,OK,0
PolypGen,data/external/PolypGen/PolypGen2021_MultiCenterData_v3/data_C6/bbox_C6/EndoCV2021_C6_0100009_mask.txt,22,22.00 B,,,OK,0
PolypGen,data/external/PolypGen/PolypGen2021_MultiCenterData_v3/data_C6/bbox_C6/EndoCV2021_C6_0100010_mask.txt,24,24.00 B,,,OK,0
PolypGen,data/external/PolypGen/PolypGen2021_MultiCenterData_v3/data_C6/bbox_C6/EndoCV2021_C6_0100011_mask.txt,24,24.00 B,,,OK,0
PolypGen,data/external/PolypGen/PolypGen2021_MultiCenterData_v3/data_C6/bbox_C6/EndoCV2021_C6_0100012_mask.txt,22,22.00 B,,,OK,0
PolypGen,data/external/PolypGen/PolypGen2021_MultiCenterData_v3/data_C6/bbox_C6/EndoCV2021_C6_0100013_mask.txt,25,25.00 B,,,OK,0
PolypGen,data/external/PolypGen/PolypGen2021_MultiCenterData_v3/data_C6/bbox_C6/EndoCV2021_C6_0100014_mask.txt,24,24.00 B,,,OK,0
PolypGen,data/external/PolypGen/PolypGen2021_MultiCenterData_v3/data_C6/bbox_C6/EndoCV2021_C6_0100015_mask.txt,23,23.00 B,,,OK,0
PolypGen,data/external/PolypGen/PolypGen2021_MultiCenterData_v3/data_C6/bbox_C6/EndoCV2021_C6_0100017_mask.txt,24,24.00 B,,,OK,0
PolypGen,data/external/PolypGen/PolypGen2021_MultiCenterData_v3/data_C6/bbox_C6/EndoCV2021_C6_0100018_mask.txt,21,21.00 B,,,OK,0
PolypGen,data/external/PolypGen/PolypGen2021_MultiCenterData_v3/data_C6/bbox_C6/EndoCV2021_C6_0100019_mask.txt,23,23.00 B,,,OK,0
PolypGen,data/external/PolypGen/PolypGen2021_MultiCenterData_v3/data_C6/bbox_C6/EndoCV2021_C6_0100020_mask.txt,23,23.00 B,,,OK,0
PolypGen,data/external/PolypGen/PolypGen2021_MultiCenterData_v3/data_C6/bbox_C6/EndoCV2021_C6_0100021_mask.txt,23,23.00 B,,,OK,0
PolypGen,data/external/PolypGen/PolypGen2021_MultiCenterData_v3/data_C6/bbox_C6/EndoCV2021_C6_0100022_mask.txt,24,24.00 B,,,OK,0
PolypGen,data/external/PolypGen/PolypGen2021_MultiCenterData_v3/data_C6/bbox_C6/EndoCV2021_C6_0100023_mask.txt,23,23.00 B,,,OK,0
PolypGen,data/external/PolypGen/PolypGen2021_MultiCenterData_v3/data_C6/bbox_C6/EndoCV2021_C6_0100025_mask.txt,47,47.00 B,,,OK,0
PolypGen,data/external/PolypGen/PolypGen2021_MultiCenterData_v3/data_C6/bbox_C6/EndoCV2021_C6_0100027_mask.txt,22,22.00 B,,,OK,0
PolypGen,data/external/PolypGen/PolypGen2021_MultiCenterData_v3/data_C6/bbox_C6/EndoCV2021_C6_0100028_mask.txt,24,24.00 B,,,OK,0
PolypGen,data/external/PolypGen/PolypGen2021_MultiCenterData_v3/data_C6/bbox_C6/EndoCV2021_C6_0100030_mask.txt,23,23.00 B,,,OK,0
PolypGen,data/external/PolypGen/PolypGen2021_MultiCenterData_v3/data_C6/bbox_C6/EndoCV2021_C6_0100031_mask.txt,23,23.00 B,,,OK,0
PolypGen,data/external/PolypGen/PolypGen2021_MultiCenterData_v3/data_C6/bbox_C6/EndoCV2021_C6_0100032_mask.txt,22,22.00 B,,,OK,0
PolypGen,data/external/PolypGen/PolypGen2021_MultiCenterData_v3/data_C6/bbox_C6/EndoCV2021_C6_0100033_mask.txt,22,22.00 B,,,OK,0
PolypGen,data/external/PolypGen/PolypGen2021_MultiCenterData_v3/data_C6/bbox_C6/EndoCV2021_C6_0100034_mask.txt,21,21.00 B,,,OK,0
PolypGen,data/external/PolypGen/PolypGen2021_MultiCenterData_v3/data_C6/bbox_C6/EndoCV2021_C6_0100035_mask.txt,22,22.00 B,,,OK,0
PolypGen,data/external/PolypGen/PolypGen2021_MultiCenterData_v3/data_C6/bbox_C6/EndoCV2021_C6_0100036_mask.txt,22,22.00 B,,,OK,0
PolypGen,data/external/PolypGen/PolypGen2021_MultiCenterData_v3/data_C6/bbox_C6/EndoCV2021_C6_0100037_mask.txt,23,23.00 B,,,OK,0
PolypGen,data/external/PolypGen/PolypGen2021_MultiCenterData_v3/data_C6/bbox_C6/EndoCV2021_C6_0100038_mask.txt,23,23.00 B,,,OK,0
PolypGen,data/external/PolypGen/PolypGen2021_MultiCenterData_v3/data_C6/bbox_C6/EndoCV2021_C6_0100039_mask.txt,24,24.00 B,,,OK,0
PolypGen,data/external/PolypGen/PolypGen2021_MultiCenterData_v3/data_C6/bbox_C6/EndoCV2021_C6_0100040_mask.txt,47,47.00 B,,,OK,0
PolypGen,data/external/PolypGen/PolypGen2021_MultiCenterData_v3/data_C6/bbox_C6/EndoCV2021_C6_0100041_mask.txt,24,24.00 B,,,OK,0
PolypGen,data/external/PolypGen/PolypGen2021_MultiCenterData_v3/data_C6/bbox_C6/EndoCV2021_C6_0100042_mask.txt,92,92.00 B,,,OK,0
PolypGen,data/external/PolypGen/PolypGen2021_MultiCenterData_v3/data_C6/bbox_C6/EndoCV2021_C6_0100043_mask.txt,22,22.00 B,,,OK,0
PolypGen,data/external/PolypGen/PolypGen2021_MultiCenterData_v3/data_C6/bbox_C6/EndoCV2021_C6_0100044_mask.txt,71,71.00 B,,,OK,0
PolypGen,data/external/PolypGen/PolypGen2021_MultiCenterData_v3/data_C6/bbox_C6/EndoCV2021_C6_0100045_mask.txt,71,71.00 B,,,OK,0
PolypGen,data/external/PolypGen/PolypGen2021_MultiCenterData_v3/data_C6/bbox_C6/EndoCV2021_C6_0100046_mask.txt,23,23.00 B,,,OK,0
PolypGen,data/external/PolypGen/PolypGen2021_MultiCenterData_v3/data_C6/bbox_C6/EndoCV2021_C6_0100047_mask.txt,22,22.00 B,,,OK,0
PolypGen,data/external/PolypGen/PolypGen2021_MultiCenterData_v3/data_C6/bbox_C6/EndoCV2021_C6_0100049_mask.txt,46,46.00 B,,,OK,0
PolypGen,data/external/PolypGen/PolypGen2021_MultiCenterData_v3/data_C6/bbox_C6/EndoCV2021_C6_0100050_mask.txt,22,22.00 B,,,OK,0
PolypGen,data/external/PolypGen/PolypGen2021_MultiCenterData_v3/data_C6/bbox_C6/EndoCV2021_C6_0100052_mask.txt,24,24.00 B,,,OK,0
PolypGen,data/external/PolypGen/PolypGen2021_MultiCenterData_v3/data_C6/bbox_C6/EndoCV2021_C6_0100053_mask.txt,23,23.00 B,,,OK,0
PolypGen,data/external/PolypGen/PolypGen2021_MultiCenterData_v3/data_C6/bbox_C6/EndoCV2021_C6_0100056_mask.txt,1,1.00 B,,,OK,0
PolypGen,data/external/PolypGen/PolypGen2021_MultiCenterData_v3/data_C6/bbox_C6/EndoCV2021_C6_0100059_mask.txt,1,1.00 B,,,OK,0
PolypGen,data/external/PolypGen/PolypGen2021_MultiCenterData_v3/data_C6/bbox_C6/EndoCV2021_C6_0100060_mask.txt,24,24.00 B,,,OK,0
PolypGen,data/external/PolypGen/PolypGen2021_MultiCenterData_v3/data_C6/bbox_C6/EndoCV2021_C6_0100061_mask.txt,22,22.00 B,,,OK,0
PolypGen,data/external/PolypGen/PolypGen2021_MultiCenterData_v3/data_C6/bbox_C6/EndoCV2021_C6_0100062_mask.txt,24,24.00 B,,,OK,0
PolypGen,data/external/PolypGen/PolypGen2021_MultiCenterData_v3/data_C6/bbox_C6/EndoCV2021_C6_0100063_mask.txt,22,22.00 B,,,OK,0
PolypGen,data/external/PolypGen/PolypGen2021_MultiCenterData_v3/data_C6/bbox_C6/EndoCV2021_C6_0100065_mask.txt,23,23.00 B,,,OK,0
PolypGen,data/external/PolypGen/PolypGen2021_MultiCenterData_v3/data_C6/bbox_C6/EndoCV2021_C6_0100066_mask.txt,24,24.00 B,,,OK,0
PolypGen,data/external/PolypGen/PolypGen2021_MultiCenterData_v3/data_C6/bbox_C6/EndoCV2021_C6_0100067_mask.txt,24,24.00 B,,,OK,0
PolypGen,data/external/PolypGen/PolypGen2021_MultiCenterData_v3/data_C6/bbox_C6/EndoCV2021_C6_0100068_mask.txt,23,23.00 B,,,OK,0
PolypGen,data/external/PolypGen/PolypGen2021_MultiCenterData_v3/data_C6/bbox_C6/EndoCV2021_C6_0100070_mask.txt,1,1.00 B,,,OK,0
PolypGen,data/external/PolypGen/PolypGen2021_MultiCenterData_v3/data_C6/bbox_C6/EndoCV2021_C6_0100071_mask.txt,23,23.00 B,,,OK,0
PolypGen,data/external/PolypGen/PolypGen2021_MultiCenterData_v3/data_C6/bbox_C6/EndoCV2021_C6_0100072_mask.txt,23,23.00 B,,,OK,0
PolypGen,data/external/PolypGen/PolypGen2021_MultiCenterData_v3/data_C6/bbox_C6/EndoCV2021_C6_0100073_mask.txt,23,23.00 B,,,OK,0
PolypGen,data/external/PolypGen/PolypGen2021_MultiCenterData_v3/data_C6/bbox_C6/EndoCV2021_C6_0100074_mask.txt,24,24.00 B,,,OK,0
PolypGen,data/external/PolypGen/PolypGen2021_MultiCenterData_v3/data_C6/bbox_C6/EndoCV2021_C6_0100075_mask.txt,24,24.00 B,,,OK,0
PolypGen,data/external/PolypGen/PolypGen2021_MultiCenterData_v3/data_C6/bbox_C6/EndoCV2021_C6_0100076_mask.txt,45,45.00 B,,,OK,0
PolypGen,data/external/PolypGen/PolypGen2021_MultiCenterData_v3/data_C6/bbox_C6/EndoCV2021_C6_0100077_mask.txt,47,47.00 B,,,OK,0
PolypGen,data/external/PolypGen/PolypGen2021_MultiCenterData_v3/data_C6/bbox_C6/EndoCV2021_C6_0100081_mask.txt,23,23.00 B,,,OK,0
PolypGen,data/external/PolypGen/PolypGen2021_MultiCenterData_v3/data_C6/bbox_C6/EndoCV2021_C6_0100082_mask.txt,23,23.00 B,,,OK,0
PolypGen,data/external/PolypGen/PolypGen2021_MultiCenterData_v3/data_C6/bbox_C6/EndoCV2021_C6_0100085_mask.txt,23,23.00 B,,,OK,0
PolypGen,data/external/PolypGen/PolypGen2021_MultiCenterData_v3/data_C6/bbox_C6/EndoCV2021_C6_0100086_mask.txt,24,24.00 B,,,OK,0
PolypGen,data/external/PolypGen/PolypGen2021_MultiCenterData_v3/data_C6/bbox_C6/EndoCV2021_C6_0100088_mask.txt,1,1.00 B,,,OK,0
PolypGen,data/external/PolypGen/PolypGen2021_MultiCenterData_v3/data_C6/bbox_C6/EndoCV2021_C6_0100089_mask.txt,24,24.00 B,,,OK,0
PolypGen,data/external/PolypGen/PolypGen2021_MultiCenterData_v3/data_C6/bbox_C6/EndoCV2021_C6_0100090_mask.txt,24,24.00 B,,,OK,0
PolypGen,data/external/PolypGen/PolypGen2021_MultiCenterData_v3/data_C6/bbox_C6/EndoCV2021_C6_0100091_mask.txt,23,23.00 B,,,OK,0
PolypGen,data/external/PolypGen/PolypGen2021_MultiCenterData_v3/data_C6/bbox_C6/EndoCV2021_C6_0100092_mask.txt,23,23.00 B,,,OK,0
PolypGen,data/external/PolypGen/PolypGen2021_MultiCenterData_v3/data_C6/bbox_C6/EndoCV2021_C6_0100093_mask.txt,24,24.00 B,,,OK,0
PolypGen,data/external/PolypGen/PolypGen2021_MultiCenterData_v3/data_C6/bbox_C6/EndoCV2021_C6_0100094_mask.txt,22,22.00 B,,,OK,0
PolypGen,data/external/PolypGen/PolypGen2021_MultiCenterData_v3/data_C6/bbox_C6/EndoCV2021_C6_0100101_mask.txt,23,23.00 B,,,OK,0
PolypGen,data/external/PolypGen/PolypGen2021_MultiCenterData_v3/data_C6/bbox_C6/EndoCV2021_C6_0100102_mask.txt,1,1.00 B,,,OK,0
PolypGen,data/external/PolypGen/PolypGen2021_MultiCenterData_v3/data_C6/bbox_C6/EndoCV2021_C6_0100103_mask.txt,24,24.00 B,,,OK,0
PolypGen,data/external/PolypGen/PolypGen2021_MultiCenterData_v3/data_C6/bbox_C6/EndoCV2021_C6_0100107_mask.txt,22,22.00 B,,,OK,0
PolypGen,data/external/PolypGen/PolypGen2021_MultiCenterData_v3/data_C6/bbox_C6/EndoCV2021_C6_0100108_mask.txt,23,23.00 B,,,OK,0
PolypGen,data/external/PolypGen/PolypGen2021_MultiCenterData_v3/data_C6/bbox_C6/EndoCV2021_C6_0100109_mask.txt,22,22.00 B,,,OK,0
PolypGen,data/external/PolypGen/PolypGen2021_MultiCenterData_v3/data_C6/bbox_C6/EndoCV2021_C6_0100110_mask.txt,25,25.00 B,,,OK,0
PolypGen,data/external/PolypGen/PolypGen2021_MultiCenterData_v3/data_C6/bbox_C6/EndoCV2021_C6_0100111_mask.txt,23,23.00 B,,,OK,0
PolypGen,data/external/PolypGen/PolypGen2021_MultiCenterData_v3/data_C6/bbox_C6/EndoCV2021_C6_0100112_mask.txt,47,47.00 B,,,OK,0
PolypGen,data/external/PolypGen/PolypGen2021_MultiCenterData_v3/data_C6/bbox_C6/EndoCV2021_C6_0100113_mask.txt,48,48.00 B,,,OK,0
PolypGen,data/external/PolypGen/PolypGen2021_MultiCenterData_v3/data_C6/bbox_C6/EndoCV2021_C6_0100114_mask.txt,48,48.00 B,,,OK,0
PolypGen,data/external/PolypGen/PolypGen2021_MultiCenterData_v3/data_C6/bbox_C6/EndoCV2021_C6_0100116_mask.txt,24,24.00 B,,,OK,0
PolypGen,data/external/PolypGen/PolypGen2021_MultiCenterData_v3/data_C6/bbox_C6/EndoCV2021_C6_0100123_mask.txt,24,24.00 B,,,OK,0
PolypGen,data/external/PolypGen/PolypGen2021_MultiCenterData_v3/sequenceData/positive/seq1/bbox_seq1/0_endocv2021_positive_104.txt,1,1.00 B,,,OK,0
PolypGen,data/external/PolypGen/PolypGen2021_MultiCenterData_v3/sequenceData/positive/seq1/bbox_seq1/0_endocv2021_positive_106.txt,1,1.00 B,,,OK,0
PolypGen,data/external/PolypGen/PolypGen2021_MultiCenterData_v3/sequenceData/positive/seq1/bbox_seq1/0_endocv2021_positive_141.txt,1,1.00 B,,,OK,0
PolypGen,data/external/PolypGen/PolypGen2021_MultiCenterData_v3/sequenceData/positive/seq1/bbox_seq1/0_endocv2021_positive_143.txt,1,1.00 B,,,OK,0
PolypGen,data/external/PolypGen/PolypGen2021_MultiCenterData_v3/sequenceData/positive/seq1/bbox_seq1/0_endocv2021_positive_166.txt,1,1.00 B,,,OK,0
PolypGen,data/external/PolypGen/PolypGen2021_MultiCenterData_v3/sequenceData/positive/seq1/bbox_seq1/0_endocv2021_positive_167.txt,1,1.00 B,,,OK,0
PolypGen,data/external/PolypGen/PolypGen2021_MultiCenterData_v3/sequenceData/positive/seq1/bbox_seq1/0_endocv2021_positive_169.txt,1,1.00 B,,,OK,0
PolypGen,data/external/PolypGen/PolypGen2021_MultiCenterData_v3/sequenceData/positive/seq1/bbox_seq1/0_endocv2021_positive_172.txt,1,1.00 B,,,OK,0
PolypGen,data/external/PolypGen/PolypGen2021_MultiCenterData_v3/sequenceData/positive/seq1/bbox_seq1/0_endocv2021_positive_178.txt,1,1.00 B,,,OK,0
PolypGen,data/external/PolypGen/PolypGen2021_MultiCenterData_v3/sequenceData/positive/seq1/bbox_seq1/0_endocv2021_positive_190.txt,1,1.00 B,,,OK,0
PolypGen,data/external/PolypGen/PolypGen2021_MultiCenterData_v3/sequenceData/positive/seq1/bbox_seq1/0_endocv2021_positive_199.txt,1,1.00 B,,,OK,0
PolypGen,data/external/PolypGen/PolypGen2021_MultiCenterData_v3/sequenceData/positive/seq1/bbox_seq1/0_endocv2021_positive_206.txt,1,1.00 B,,,OK,0
PolypGen,data/external/PolypGen/PolypGen2021_MultiCenterData_v3/sequenceData/positive/seq1/bbox_seq1/0_endocv2021_positive_208.txt,1,1.00 B,,,OK,0
PolypGen,data/external/PolypGen/PolypGen2021_MultiCenterData_v3/sequenceData/positive/seq1/bbox_seq1/0_endocv2021_positive_221.txt,1,1.00 B,,,OK,0
PolypGen,data/external/PolypGen/PolypGen2021_MultiCenterData_v3/sequenceData/positive/seq1/bbox_seq1/0_endocv2021_positive_224.txt,1,1.00 B,,,OK,0
PolypGen,data/external/PolypGen/PolypGen2021_MultiCenterData_v3/sequenceData/positive/seq1/bbox_seq1/0_endocv2021_positive_233.txt,1,1.00 B,,,OK,0
PolypGen,data/external/PolypGen/PolypGen2021_MultiCenterData_v3/sequenceData/positive/seq1/bbox_seq1/0_endocv2021_positive_248.txt,1,1.00 B,,,OK,0
PolypGen,data/external/PolypGen/PolypGen2021_MultiCenterData_v3/sequenceData/positive/seq1/bbox_seq1/0_endocv2021_positive_250.txt,1,1.00 B,,,OK,0
PolypGen,data/external/PolypGen/PolypGen2021_MultiCenterData_v3/sequenceData/positive/seq1/bbox_seq1/0_endocv2021_positive_272.txt,1,1.00 B,,,OK,0
PolypGen,data/external/PolypGen/PolypGen2021_MultiCenterData_v3/sequenceData/positive/seq1/bbox_seq1/0_endocv2021_positive_280.txt,1,1.00 B,,,OK,0
PolypGen,data/external/PolypGen/PolypGen2021_MultiCenterData_v3/sequenceData/positive/seq1/bbox_seq1/0_endocv2021_positive_284.txt,1,1.00 B,,,OK,0
PolypGen,data/external/PolypGen/PolypGen2021_MultiCenterData_v3/sequenceData/positive/seq1/bbox_seq1/0_endocv2021_positive_293.txt,1,1.00 B,,,OK,0
PolypGen,data/external/PolypGen/PolypGen2021_MultiCenterData_v3/sequenceData/positive/seq1/bbox_seq1/0_endocv2021_positive_299.txt,1,1.00 B,,,OK,0
PolypGen,data/external/PolypGen/PolypGen2021_MultiCenterData_v3/sequenceData/positive/seq1/bbox_seq1/0_endocv2021_positive_300.txt,1,1.00 B,,,OK,0
PolypGen,data/external/PolypGen/PolypGen2021_MultiCenterData_v3/sequenceData/positive/seq1/bbox_seq1/0_endocv2021_positive_303.txt,1,1.00 B,,,OK,0
PolypGen,data/external/PolypGen/PolypGen2021_MultiCenterData_v3/sequenceData/positive/seq1/bbox_seq1/0_endocv2021_positive_309.txt,1,1.00 B,,,OK,0
PolypGen,data/external/PolypGen/PolypGen2021_MultiCenterData_v3/sequenceData/positive/seq1/bbox_seq1/0_endocv2021_positive_312.txt,1,1.00 B,,,OK,0
PolypGen,data/external/PolypGen/PolypGen2021_MultiCenterData_v3/sequenceData/positive/seq1/bbox_seq1/0_endocv2021_positive_313.txt,1,1.00 B,,,OK,0
PolypGen,data/external/PolypGen/PolypGen2021_MultiCenterData_v3/sequenceData/positive/seq1/bbox_seq1/0_endocv2021_positive_320.txt,1,1.00 B,,,OK,0
PolypGen,data/external/PolypGen/PolypGen2021_MultiCenterData_v3/sequenceData/positive/seq1/bbox_seq1/0_endocv2021_positive_324.txt,1,1.00 B,,,OK,0
PolypGen,data/external/PolypGen/PolypGen2021_MultiCenterData_v3/sequenceData/positive/seq1/bbox_seq1/0_endocv2021_positive_327.txt,1,1.00 B,,,OK,0
PolypGen,data/external/PolypGen/PolypGen2021_MultiCenterData_v3/sequenceData/positive/seq1/bbox_seq1/0_endocv2021_positive_69.txt,1,1.00 B,,,OK,0
PolypGen,data/external/PolypGen/PolypGen2021_MultiCenterData_v3/sequenceData/positive/seq1/bbox_seq1/0_endocv2021_positive_77.txt,1,1.00 B,,,OK,0
PolypGen,data/external/PolypGen/PolypGen2021_MultiCenterData_v3/sequenceData/positive/seq1/bbox_seq1/0_endocv2021_positive_78.txt,1,1.00 B,,,OK,0
PolypGen,data/external/PolypGen/PolypGen2021_MultiCenterData_v3/sequenceData/positive/seq1/bbox_seq1/0_endocv2021_positive_84.txt,1,1.00 B,,,OK,0
PolypGen,data/external/PolypGen/PolypGen2021_MultiCenterData_v3/sequenceData/positive/seq1/bbox_seq1/0_endocv2021_positive_95.txt,1,1.00 B,,,OK,0
PolypGen,data/external/PolypGen/PolypGen2021_MultiCenterData_v3/sequenceData/positive/seq10/bbox_seq10/2_endocv2021_positive_1003.txt,1,1.00 B,,,OK,0
PolypGen,data/external/PolypGen/PolypGen2021_MultiCenterData_v3/sequenceData/positive/seq10/bbox_seq10/2_endocv2021_positive_1013.txt,1,1.00 B,,,OK,0
PolypGen,data/external/PolypGen/PolypGen2021_MultiCenterData_v3/sequenceData/positive/seq10/bbox_seq10/2_endocv2021_positive_1017.txt,1,1.00 B,,,OK,0
PolypGen,data/external/PolypGen/PolypGen2021_MultiCenterData_v3/sequenceData/positive/seq10/bbox_seq10/2_endocv2021_positive_1039.txt,24,24.00 B,,,OK,0
PolypGen,data/external/PolypGen/PolypGen2021_MultiCenterData_v3/sequenceData/positive/seq10/bbox_seq10/2_endocv2021_positive_1049.txt,22,22.00 B,,,OK,0
PolypGen,data/external/PolypGen/PolypGen2021_MultiCenterData_v3/sequenceData/positive/seq10/bbox_seq10/2_endocv2021_positive_1052.txt,22,22.00 B,,,OK,0
PolypGen,data/external/PolypGen/PolypGen2021_MultiCenterData_v3/sequenceData/positive/seq10/bbox_seq10/2_endocv2021_positive_1054.txt,21,21.00 B,,,OK,0
PolypGen,data/external/PolypGen/PolypGen2021_MultiCenterData_v3/sequenceData/positive/seq10/bbox_seq10/2_endocv2021_positive_1055.txt,21,21.00 B,,,OK,0
PolypGen,data/external/PolypGen/PolypGen2021_MultiCenterData_v3/sequenceData/positive/seq10/bbox_seq10/2_endocv2021_positive_1057.txt,21,21.00 B,,,OK,0
PolypGen,data/external/PolypGen/PolypGen2021_MultiCenterData_v3/sequenceData/positive/seq10/bbox_seq10/2_endocv2021_positive_1059.txt,21,21.00 B,,,OK,0
PolypGen,data/external/PolypGen/PolypGen2021_MultiCenterData_v3/sequenceData/positive/seq10/bbox_seq10/2_endocv2021_positive_1079.txt,1,1.00 B,,,OK,0
PolypGen,data/external/PolypGen/PolypGen2021_MultiCenterData_v3/sequenceData/positive/seq10/bbox_seq10/2_endocv2021_positive_919.txt,1,1.00 B,,,OK,0
PolypGen,data/external/PolypGen/PolypGen2021_MultiCenterData_v3/sequenceData/positive/seq10/bbox_seq10/2_endocv2021_positive_920.txt,1,1.00 B,,,OK,0
PolypGen,data/external/PolypGen/PolypGen2021_MultiCenterData_v3/sequenceData/positive/seq10/bbox_seq10/2_endocv2021_positive_931.txt,1,1.00 B,,,OK,0
PolypGen,data/external/PolypGen/PolypGen2021_MultiCenterData_v3/sequenceData/positive/seq10/bbox_seq10/2_endocv2021_positive_937.txt,1,1.00 B,,,OK,0
PolypGen,data/external/PolypGen/PolypGen2021_MultiCenterData_v3/sequenceData/positive/seq10/bbox_seq10/2_endocv2021_positive_939.txt,1,1.00 B,,,OK,0
PolypGen,data/external/PolypGen/PolypGen2021_MultiCenterData_v3/sequenceData/positive/seq10/bbox_seq10/2_endocv2021_positive_942.txt,1,1.00 B,,,OK,0
PolypGen,data/external/PolypGen/PolypGen2021_MultiCenterData_v3/sequenceData/positive/seq10/bbox_seq10/2_endocv2021_positive_943.txt,1,1.00 B,,,OK,0
PolypGen,data/external/PolypGen/PolypGen2021_MultiCenterData_v3/sequenceData/positive/seq10/bbox_seq10/2_endocv2021_positive_962.txt,1,1.00 B,,,OK,0
PolypGen,data/external/PolypGen/PolypGen2021_MultiCenterData_v3/sequenceData/positive/seq10/bbox_seq10/2_endocv2021_positive_968.txt,1,1.00 B,,,OK,0
PolypGen,data/external/PolypGen/PolypGen2021_MultiCenterData_v3/sequenceData/positive/seq10/bbox_seq10/2_endocv2021_positive_979.txt,1,1.00 B,,,OK,0
PolypGen,data/external/PolypGen/PolypGen2021_MultiCenterData_v3/sequenceData/positive/seq10/bbox_seq10/2_endocv2021_positive_985.txt,1,1.00 B,,,OK,0
PolypGen,data/external/PolypGen/PolypGen2021_MultiCenterData_v3/sequenceData/positive/seq10/bbox_seq10/2_endocv2021_positive_986.txt,1,1.00 B,,,OK,0
PolypGen,data/external/PolypGen/PolypGen2021_MultiCenterData_v3/sequenceData/positive/seq10/bbox_seq10/2_endocv2021_positive_987.txt,1,1.00 B,,,OK,0
PolypGen,data/external/PolypGen/PolypGen2021_MultiCenterData_v3/sequenceData/positive/seq10/bbox_seq10/2_endocv2021_positive_990.txt,1,1.00 B,,,OK,0
PolypGen,data/external/PolypGen/PolypGen2021_MultiCenterData_v3/sequenceData/positive/seq11/bbox_seq11/EndoCV2021_seq11_Image_2193961.txt,1,1.00 B,,,OK,0
PolypGen,data/external/PolypGen/PolypGen2021_MultiCenterData_v3/sequenceData/positive/seq11/bbox_seq11/EndoCV2021_seq11_Image_2194001.txt,1,1.00 B,,,OK,0
PolypGen,data/external/PolypGen/PolypGen2021_MultiCenterData_v3/sequenceData/positive/seq11/bbox_seq11/EndoCV2021_seq11_Image_2194041.txt,21,21.00 B,,,OK,0
PolypGen,data/external/PolypGen/PolypGen2021_MultiCenterData_v3/sequenceData/positive/seq11/bbox_seq11/EndoCV2021_seq11_Image_2194081.txt,21,21.00 B,,,OK,0
PolypGen,data/external/PolypGen/PolypGen2021_MultiCenterData_v3/sequenceData/positive/seq11/bbox_seq11/EndoCV2021_seq11_Image_2194121.txt,21,21.00 B,,,OK,0
PolypGen,data/external/PolypGen/PolypGen2021_MultiCenterData_v3/sequenceData/positive/seq11/bbox_seq11/EndoCV2021_seq11_Image_2194161.txt,21,21.00 B,,,OK,0
PolypGen,data/external/PolypGen/PolypGen2021_MultiCenterData_v3/sequenceData/positive/seq11/bbox_seq11/EndoCV2021_seq11_Image_2194204.txt,21,21.00 B,,,OK,0
PolypGen,data/external/PolypGen/PolypGen2021_MultiCenterData_v3/sequenceData/positive/seq11/bbox_seq11/EndoCV2021_seq11_Image_2194242.txt,22,22.00 B,,,OK,0
PolypGen,data/external/PolypGen/PolypGen2021_MultiCenterData_v3/sequenceData/positive/seq11/bbox_seq11/EndoCV2021_seq11_Image_2194281.txt,22,22.00 B,,,OK,0
PolypGen,data/external/PolypGen/PolypGen2021_MultiCenterData_v3/sequenceData/positive/seq11/bbox_seq11/EndoCV2021_seq11_Image_2194321.txt,22,22.00 B,,,OK,0
PolypGen,data/external/PolypGen/PolypGen2021_MultiCenterData_v3/sequenceData/positive/seq11/bbox_seq11/EndoCV2021_seq11_Image_2194361.txt,22,22.00 B,,,OK,0
PolypGen,data/external/PolypGen/PolypGen2021_MultiCenterData_v3/sequenceData/positive/seq11/bbox_seq11/EndoCV2021_seq11_Image_2194401.txt,22,22.00 B,,,OK,0
PolypGen,data/external/PolypGen/PolypGen2021_MultiCenterData_v3/sequenceData/positive/seq11/bbox_seq11/EndoCV2021_seq11_Image_2194441.txt,22,22.00 B,,,OK,0
PolypGen,data/external/PolypGen/PolypGen2021_MultiCenterData_v3/sequenceData/positive/seq11/bbox_seq11/EndoCV2021_seq11_Image_2194481.txt,22,22.00 B,,,OK,0
PolypGen,data/external/PolypGen/PolypGen2021_MultiCenterData_v3/sequenceData/positive/seq11/bbox_seq11/EndoCV2021_seq11_Image_2194521.txt,22,22.00 B,,,OK,0
PolypGen,data/external/PolypGen/PolypGen2021_MultiCenterData_v3/sequenceData/positive/seq11/bbox_seq11/EndoCV2021_seq11_Image_2194561.txt,22,22.00 B,,,OK,0
PolypGen,data/external/PolypGen/PolypGen2021_MultiCenterData_v3/sequenceData/positive/seq11/bbox_seq11/EndoCV2021_seq11_Image_2194601.txt,22,22.00 B,,,OK,0
PolypGen,data/external/PolypGen/PolypGen2021_MultiCenterData_v3/sequenceData/positive/seq11/bbox_seq11/EndoCV2021_seq11_Image_2194641.txt,22,22.00 B,,,OK,0
PolypGen,data/external/PolypGen/PolypGen2021_MultiCenterData_v3/sequenceData/positive/seq11/bbox_seq11/EndoCV2021_seq11_Image_2194681.txt,22,22.00 B,,,OK,0
PolypGen,data/external/PolypGen/PolypGen2021_MultiCenterData_v3/sequenceData/positive/seq11/bbox_seq11/EndoCV2021_seq11_Image_2194721.txt,22,22.00 B,,,OK,0
PolypGen,data/external/PolypGen/PolypGen2021_MultiCenterData_v3/sequenceData/positive/seq11/bbox_seq11/EndoCV2021_seq11_Image_2194761.txt,22,22.00 B,,,OK,0
PolypGen,data/external/PolypGen/PolypGen2021_MultiCenterData_v3/sequenceData/positive/seq11/bbox_seq11/EndoCV2021_seq11_Image_2194801.txt,22,22.00 B,,,OK,0
PolypGen,data/external/PolypGen/PolypGen2021_MultiCenterData_v3/sequenceData/positive/seq11/bbox_seq11/EndoCV2021_seq11_Image_2194841.txt,22,22.00 B,,,OK,0
PolypGen,data/external/PolypGen/PolypGen2021_MultiCenterData_v3/sequenceData/positive/seq11/bbox_seq11/EndoCV2021_seq11_Image_2194881.txt,1,1.00 B,,,OK,0
PolypGen,data/external/PolypGen/PolypGen2021_MultiCenterData_v3/sequenceData/positive/seq11/bbox_seq11/EndoCV2021_seq11_Image_2194921.txt,22,22.00 B,,,OK,0
PolypGen,data/external/PolypGen/PolypGen2021_MultiCenterData_v3/sequenceData/positive/seq11/bbox_seq11/EndoCV2021_seq11_Image_2194961.txt,22,22.00 B,,,OK,0
PolypGen,data/external/PolypGen/PolypGen2021_MultiCenterData_v3/sequenceData/positive/seq11/bbox_seq11/EndoCV2021_seq11_Image_2195001.txt,22,22.00 B,,,OK,0
PolypGen,data/external/PolypGen/PolypGen2021_MultiCenterData_v3/sequenceData/positive/seq11/bbox_seq11/EndoCV2021_seq11_Image_2195041.txt,22,22.00 B,,,OK,0
PolypGen,data/external/PolypGen/PolypGen2021_MultiCenterData_v3/sequenceData/positive/seq11/bbox_seq11/EndoCV2021_seq11_Image_2195081.txt,22,22.00 B,,,OK,0
PolypGen,data/external/PolypGen/PolypGen2021_MultiCenterData_v3/sequenceData/positive/seq11/bbox_seq11/EndoCV2021_seq11_Image_2195121.txt,22,22.00 B,,,OK,0
PolypGen,data/external/PolypGen/PolypGen2021_MultiCenterData_v3/sequenceData/positive/seq11/bbox_seq11/EndoCV2021_seq11_Image_2195161.txt,22,22.00 B,,,OK,0
PolypGen,data/external/PolypGen/PolypGen2021_MultiCenterData_v3/sequenceData/positive/seq11/bbox_seq11/EndoCV2021_seq11_Image_2195201.txt,21,21.00 B,,,OK,0
PolypGen,data/external/PolypGen/PolypGen2021_MultiCenterData_v3/sequenceData/positive/seq11/bbox_seq11/EndoCV2021_seq11_Image_2195241.txt,21,21.00 B,,,OK,0
PolypGen,data/external/PolypGen/PolypGen2021_MultiCenterData_v3/sequenceData/positive/seq11/bbox_seq11/EndoCV2021_seq11_Image_2195281.txt,21,21.00 B,,,OK,0
PolypGen,data/external/PolypGen/PolypGen2021_MultiCenterData_v3/sequenceData/positive/seq11/bbox_seq11/EndoCV2021_seq11_Image_2195321.txt,21,21.00 B,,,OK,0
PolypGen,data/external/PolypGen/PolypGen2021_MultiCenterData_v3/sequenceData/positive/seq11/bbox_seq11/EndoCV2021_seq11_Image_2195361.txt,21,21.00 B,,,OK,0
PolypGen,data/external/PolypGen/PolypGen2021_MultiCenterData_v3/sequenceData/positive/seq11/bbox_seq11/EndoCV2021_seq11_Image_2195401.txt,21,21.00 B,,,OK,0
PolypGen,data/external/PolypGen/PolypGen2021_MultiCenterData_v3/sequenceData/positive/seq11/bbox_seq11/EndoCV2021_seq11_Image_2195441.txt,21,21.00 B,,,OK,0
PolypGen,data/external/PolypGen/PolypGen2021_MultiCenterData_v3/sequenceData/positive/seq11/bbox_seq11/EndoCV2021_seq11_Image_2195481.txt,21,21.00 B,,,OK,0
PolypGen,data/external/PolypGen/PolypGen2021_MultiCenterData_v3/sequenceData/positive/seq11/bbox_seq11/EndoCV2021_seq11_Image_2195521.txt,21,21.00 B,,,OK,0
PolypGen,data/external/PolypGen/PolypGen2021_MultiCenterData_v3/sequenceData/positive/seq11/bbox_seq11/EndoCV2021_seq11_Image_2195561.txt,21,21.00 B,,,OK,0
PolypGen,data/external/PolypGen/PolypGen2021_MultiCenterData_v3/sequenceData/positive/seq11/bbox_seq11/EndoCV2021_seq11_Image_2195601.txt,21,21.00 B,,,OK,0
PolypGen,data/external/PolypGen/PolypGen2021_MultiCenterData_v3/sequenceData/positive/seq11/bbox_seq11/EndoCV2021_seq11_Image_2195641.txt,21,21.00 B,,,OK,0
PolypGen,data/external/PolypGen/PolypGen2021_MultiCenterData_v3/sequenceData/positive/seq11/bbox_seq11/EndoCV2021_seq11_Image_2195681.txt,21,21.00 B,,,OK,0
PolypGen,data/external/PolypGen/PolypGen2021_MultiCenterData_v3/sequenceData/positive/seq11/bbox_seq11/EndoCV2021_seq11_Image_2195721.txt,21,21.00 B,,,OK,0
PolypGen,data/external/PolypGen/PolypGen2021_MultiCenterData_v3/sequenceData/positive/seq11/bbox_seq11/EndoCV2021_seq11_Image_2195761.txt,21,21.00 B,,,OK,0
PolypGen,data/external/PolypGen/PolypGen2021_MultiCenterData_v3/sequenceData/positive/seq11/bbox_seq11/EndoCV2021_seq11_Image_2195801.txt,21,21.00 B,,,OK,0
PolypGen,data/external/PolypGen/PolypGen2021_MultiCenterData_v3/sequenceData/positive/seq11/bbox_seq11/EndoCV2021_seq11_Image_2195841.txt,21,21.00 B,,,OK,0
PolypGen,data/external/PolypGen/PolypGen2021_MultiCenterData_v3/sequenceData/positive/seq11/bbox_seq11/EndoCV2021_seq11_Image_2195881.txt,21,21.00 B,,,OK,0
PolypGen,data/external/PolypGen/PolypGen2021_MultiCenterData_v3/sequenceData/positive/seq11/bbox_seq11/EndoCV2021_seq11_Image_2195921.txt,21,21.00 B,,,OK,0
PolypGen,data/external/PolypGen/PolypGen2021_MultiCenterData_v3/sequenceData/positive/seq11/bbox_seq11/EndoCV2021_seq11_Image_2195961.txt,21,21.00 B,,,OK,0
PolypGen,data/external/PolypGen/PolypGen2021_MultiCenterData_v3/sequenceData/positive/seq11/bbox_seq11/EndoCV2021_seq11_Image_2196001.txt,21,21.00 B,,,OK,0
PolypGen,data/external/PolypGen/PolypGen2021_MultiCenterData_v3/sequenceData/positive/seq11/bbox_seq11/EndoCV2021_seq11_Image_2196041.txt,21,21.00 B,,,OK,0
PolypGen,data/external/PolypGen/PolypGen2021_MultiCenterData_v3/sequenceData/positive/seq11/bbox_seq11/EndoCV2021_seq11_Image_2196081.txt,21,21.00 B,,,OK,0
PolypGen,data/external/PolypGen/PolypGen2021_MultiCenterData_v3/sequenceData/positive/seq11/bbox_seq11/EndoCV2021_seq11_Image_2196121.txt,21,21.00 B,,,OK,0
PolypGen,data/external/PolypGen/PolypGen2021_MultiCenterData_v3/sequenceData/positive/seq11/bbox_seq11/EndoCV2021_seq11_Image_2196161.txt,21,21.00 B,,,OK,0
PolypGen,data/external/PolypGen/PolypGen2021_MultiCenterData_v3/sequenceData/positive/seq11/bbox_seq11/EndoCV2021_seq11_Image_2196201.txt,21,21.00 B,,,OK,0
PolypGen,data/external/PolypGen/PolypGen2021_MultiCenterData_v3/sequenceData/positive/seq11/bbox_seq11/EndoCV2021_seq11_Image_2196241.txt,21,21.00 B,,,OK,0
PolypGen,data/external/PolypGen/PolypGen2021_MultiCenterData_v3/sequenceData/positive/seq11/bbox_seq11/EndoCV2021_seq11_Image_2196281.txt,21,21.00 B,,,OK,0
PolypGen,data/external/PolypGen/PolypGen2021_MultiCenterData_v3/sequenceData/positive/seq11/bbox_seq11/EndoCV2021_seq11_Image_2196321.txt,21,21.00 B,,,OK,0
PolypGen,data/external/PolypGen/PolypGen2021_MultiCenterData_v3/sequenceData/positive/seq11/bbox_seq11/EndoCV2021_seq11_Image_2196361.txt,21,21.00 B,,,OK,0
PolypGen,data/external/PolypGen/PolypGen2021_MultiCenterData_v3/sequenceData/positive/seq11/bbox_seq11/EndoCV2021_seq11_Image_2196401.txt,21,21.00 B,,,OK,0
PolypGen,data/external/PolypGen/PolypGen2021_MultiCenterData_v3/sequenceData/positive/seq11/bbox_seq11/EndoCV2021_seq11_Image_2196441.txt,21,21.00 B,,,OK,0
PolypGen,data/external/PolypGen/PolypGen2021_MultiCenterData_v3/sequenceData/positive/seq11/bbox_seq11/EndoCV2021_seq11_Image_2196481.txt,21,21.00 B,,,OK,0
PolypGen,data/external/PolypGen/PolypGen2021_MultiCenterData_v3/sequenceData/positive/seq11/bbox_seq11/EndoCV2021_seq11_Image_2196521.txt,21,21.00 B,,,OK,0
PolypGen,data/external/PolypGen/PolypGen2021_MultiCenterData_v3/sequenceData/positive/seq11/bbox_seq11/EndoCV2021_seq11_Image_2196561.txt,21,21.00 B,,,OK,0
PolypGen,data/external/PolypGen/PolypGen2021_MultiCenterData_v3/sequenceData/positive/seq11/bbox_seq11/EndoCV2021_seq11_Image_2196601.txt,21,21.00 B,,,OK,0
PolypGen,data/external/PolypGen/PolypGen2021_MultiCenterData_v3/sequenceData/positive/seq11/bbox_seq11/EndoCV2021_seq11_Image_2196641.txt,21,21.00 B,,,OK,0
PolypGen,data/external/PolypGen/PolypGen2021_MultiCenterData_v3/sequenceData/positive/seq11/bbox_seq11/EndoCV2021_seq11_Image_2196681.txt,21,21.00 B,,,OK,0
PolypGen,data/external/PolypGen/PolypGen2021_MultiCenterData_v3/sequenceData/positive/seq11/bbox_seq11/EndoCV2021_seq11_Image_2196721.txt,22,22.00 B,,,OK,0
PolypGen,data/external/PolypGen/PolypGen2021_MultiCenterData_v3/sequenceData/positive/seq11/bbox_seq11/EndoCV2021_seq11_Image_2196761.txt,22,22.00 B,,,OK,0
PolypGen,data/external/PolypGen/PolypGen2021_MultiCenterData_v3/sequenceData/positive/seq11/bbox_seq11/EndoCV2021_seq11_Image_2196801.txt,22,22.00 B,,,OK,0
PolypGen,data/external/PolypGen/PolypGen2021_MultiCenterData_v3/sequenceData/positive/seq11/bbox_seq11/EndoCV2021_seq11_Image_2196841.txt,22,22.00 B,,,OK,0
PolypGen,data/external/PolypGen/PolypGen2021_MultiCenterData_v3/sequenceData/positive/seq11/bbox_seq11/EndoCV2021_seq11_Image_2196881.txt,22,22.00 B,,,OK,0
PolypGen,data/external/PolypGen/PolypGen2021_MultiCenterData_v3/sequenceData/positive/seq11/bbox_seq11/EndoCV2021_seq11_Image_2196921.txt,22,22.00 B,,,OK,0
PolypGen,data/external/PolypGen/PolypGen2021_MultiCenterData_v3/sequenceData/positive/seq11/bbox_seq11/EndoCV2021_seq11_Image_2196961.txt,22,22.00 B,,,OK,0
PolypGen,data/external/PolypGen/PolypGen2021_MultiCenterData_v3/sequenceData/positive/seq11/bbox_seq11/EndoCV2021_seq11_Image_2197001.txt,22,22.00 B,,,OK,0
PolypGen,data/external/PolypGen/PolypGen2021_MultiCenterData_v3/sequenceData/positive/seq11/bbox_seq11/EndoCV2021_seq11_Image_2197041.txt,22,22.00 B,,,OK,0
PolypGen,data/external/PolypGen/PolypGen2021_MultiCenterData_v3/sequenceData/positive/seq11/bbox_seq11/EndoCV2021_seq11_Image_2197081.txt,22,22.00 B,,,OK,0
PolypGen,data/external/PolypGen/PolypGen2021_MultiCenterData_v3/sequenceData/positive/seq11/bbox_seq11/EndoCV2021_seq11_Image_2197121.txt,22,22.00 B,,,OK,0
PolypGen,data/external/PolypGen/PolypGen2021_MultiCenterData_v3/sequenceData/positive/seq11/bbox_seq11/EndoCV2021_seq11_Image_2197161.txt,22,22.00 B,,,OK,0
PolypGen,data/external/PolypGen/PolypGen2021_MultiCenterData_v3/sequenceData/positive/seq11/bbox_seq11/EndoCV2021_seq11_Image_2197201.txt,22,22.00 B,,,OK,0
PolypGen,data/external/PolypGen/PolypGen2021_MultiCenterData_v3/sequenceData/positive/seq11/bbox_seq11/EndoCV2021_seq11_Image_2197241.txt,22,22.00 B,,,OK,0
PolypGen,data/external/PolypGen/PolypGen2021_MultiCenterData_v3/sequenceData/positive/seq11/bbox_seq11/EndoCV2021_seq11_Image_2197281.txt,22,22.00 B,,,OK,0
PolypGen,data/external/PolypGen/PolypGen2021_MultiCenterData_v3/sequenceData/positive/seq11/bbox_seq11/EndoCV2021_seq11_Image_2197321.txt,1,1.00 B,,,OK,0
PolypGen,data/external/PolypGen/PolypGen2021_MultiCenterData_v3/sequenceData/positive/seq11/bbox_seq11/EndoCV2021_seq11_Image_2197361.txt,21,21.00 B,,,OK,0
PolypGen,data/external/PolypGen/PolypGen2021_MultiCenterData_v3/sequenceData/positive/seq11/bbox_seq11/EndoCV2021_seq11_Image_2197401.txt,21,21.00 B,,,OK,0
PolypGen,data/external/PolypGen/PolypGen2021_MultiCenterData_v3/sequenceData/positive/seq11/bbox_seq11/EndoCV2021_seq11_Image_2197441.txt,21,21.00 B,,,OK,0
PolypGen,data/external/PolypGen/PolypGen2021_MultiCenterData_v3/sequenceData/positive/seq11/bbox_seq11/EndoCV2021_seq11_Image_2197481.txt,21,21.00 B,,,OK,0
PolypGen,data/external/PolypGen/PolypGen2021_MultiCenterData_v3/sequenceData/positive/seq11/bbox_seq11/EndoCV2021_seq11_Image_2197521.txt,21,21.00 B,,,OK,0
PolypGen,data/external/PolypGen/PolypGen2021_MultiCenterData_v3/sequenceData/positive/seq11/bbox_seq11/EndoCV2021_seq11_Image_2197561.txt,21,21.00 B,,,OK,0
PolypGen,data/external/PolypGen/PolypGen2021_MultiCenterData_v3/sequenceData/positive/seq11/bbox_seq11/EndoCV2021_seq11_Image_2197601.txt,21,21.00 B,,,OK,0
PolypGen,data/external/PolypGen/PolypGen2021_MultiCenterData_v3/sequenceData/positive/seq11/bbox_seq11/EndoCV2021_seq11_Image_2197641.txt,20,20.00 B,,,OK,0
PolypGen,data/external/PolypGen/PolypGen2021_MultiCenterData_v3/sequenceData/positive/seq11/bbox_seq11/EndoCV2021_seq11_Image_2197681.txt,20,20.00 B,,,OK,0
PolypGen,data/external/PolypGen/PolypGen2021_MultiCenterData_v3/sequenceData/positive/seq11/bbox_seq11/EndoCV2021_seq11_Image_2197721.txt,20,20.00 B,,,OK,0
PolypGen,data/external/PolypGen/PolypGen2021_MultiCenterData_v3/sequenceData/positive/seq11/bbox_seq11/EndoCV2021_seq11_Image_2197761.txt,19,19.00 B,,,OK,0
PolypGen,data/external/PolypGen/PolypGen2021_MultiCenterData_v3/sequenceData/positive/seq11/bbox_seq11/EndoCV2021_seq11_Image_2197801.txt,1,1.00 B,,,OK,0
PolypGen,data/external/PolypGen/PolypGen2021_MultiCenterData_v3/sequenceData/positive/seq11/bbox_seq11/EndoCV2021_seq11_Image_2197841.txt,19,19.00 B,,,OK,0
PolypGen,data/external/PolypGen/PolypGen2021_MultiCenterData_v3/sequenceData/positive/seq11/bbox_seq11/EndoCV2021_seq11_Image_2197881.txt,19,19.00 B,,,OK,0
PolypGen,data/external/PolypGen/PolypGen2021_MultiCenterData_v3/sequenceData/positive/seq11/bbox_seq11/EndoCV2021_seq11_Image_2197921.txt,19,19.00 B,,,OK,0
PolypGen,data/external/PolypGen/PolypGen2021_MultiCenterData_v3/sequenceData/positive/seq11/bbox_seq11/EndoCV2021_seq11_Image_2197961.txt,19,19.00 B,,,OK,0
PolypGen,data/external/PolypGen/PolypGen2021_MultiCenterData_v3/sequenceData/positive/seq11/bbox_seq11/EndoCV2021_seq11_Image_2198001.txt,19,19.00 B,,,OK,0
PolypGen,data/external/PolypGen/PolypGen2021_MultiCenterData_v3/sequenceData/positive/seq11/bbox_seq11/EndoCV2021_seq11_Image_2198041.txt,19,19.00 B,,,OK,0
PolypGen,data/external/PolypGen/PolypGen2021_MultiCenterData_v3/sequenceData/positive/seq11/bbox_seq11/EndoCV2021_seq11_Image_2198081.txt,19,19.00 B,,,OK,0
PolypGen,data/external/PolypGen/PolypGen2021_MultiCenterData_v3/sequenceData/positive/seq11/bbox_seq11/EndoCV2021_seq11_Image_2198121.txt,19,19.00 B,,,OK,0
PolypGen,data/external/PolypGen/PolypGen2021_MultiCenterData_v3/sequenceData/positive/seq11/bbox_seq11/EndoCV2021_seq11_Image_2198161.txt,19,19.00 B,,,OK,0
PolypGen,data/external/PolypGen/PolypGen2021_MultiCenterData_v3/sequenceData/positive/seq11/bbox_seq11/EndoCV2021_seq11_Image_2198201.txt,19,19.00 B,,,OK,0
PolypGen,data/external/PolypGen/PolypGen2021_MultiCenterData_v3/sequenceData/positive/seq11/bbox_seq11/EndoCV2021_seq11_Image_2198241.txt,19,19.00 B,,,OK,0
PolypGen,data/external/PolypGen/PolypGen2021_MultiCenterData_v3/sequenceData/positive/seq11/bbox_seq11/EndoCV2021_seq11_Image_2198281.txt,19,19.00 B,,,OK,0
PolypGen,data/external/PolypGen/PolypGen2021_MultiCenterData_v3/sequenceData/positive/seq11/bbox_seq11/EndoCV2021_seq11_Image_2198321.txt,19,19.00 B,,,OK,0
PolypGen,data/external/PolypGen/PolypGen2021_MultiCenterData_v3/sequenceData/positive/seq11/bbox_seq11/EndoCV2021_seq11_Image_2198361.txt,19,19.00 B,,,OK,0
PolypGen,data/external/PolypGen/PolypGen2021_MultiCenterData_v3/sequenceData/positive/seq11/bbox_seq11/EndoCV2021_seq11_Image_2198401.txt,20,20.00 B,,,OK,0
PolypGen,data/external/PolypGen/PolypGen2021_MultiCenterData_v3/sequenceData/positive/seq11/bbox_seq11/EndoCV2021_seq11_Image_2198441.txt,19,19.00 B,,,OK,0
PolypGen,data/external/PolypGen/PolypGen2021_MultiCenterData_v3/sequenceData/positive/seq11/bbox_seq11/EndoCV2021_seq11_Image_2198481.txt,19,19.00 B,,,OK,0
PolypGen,data/external/PolypGen/PolypGen2021_MultiCenterData_v3/sequenceData/positive/seq11/bbox_seq11/EndoCV2021_seq11_Image_2198521.txt,19,19.00 B,,,OK,0
PolypGen,data/external/PolypGen/PolypGen2021_MultiCenterData_v3/sequenceData/positive/seq11/bbox_seq11/EndoCV2021_seq11_Image_2198561.txt,19,19.00 B,,,OK,0
PolypGen,data/external/PolypGen/PolypGen2021_MultiCenterData_v3/sequenceData/positive/seq11/bbox_seq11/EndoCV2021_seq11_Image_2198601.txt,19,19.00 B,,,OK,0
PolypGen,data/external/PolypGen/PolypGen2021_MultiCenterData_v3/sequenceData/positive/seq11/bbox_seq11/EndoCV2021_seq11_Image_2198641.txt,19,19.00 B,,,OK,0
PolypGen,data/external/PolypGen/PolypGen2021_MultiCenterData_v3/sequenceData/positive/seq11/bbox_seq11/EndoCV2021_seq11_Image_2198681.txt,19,19.00 B,,,OK,0
PolypGen,data/external/PolypGen/PolypGen2021_MultiCenterData_v3/sequenceData/positive/seq11/bbox_seq11/EndoCV2021_seq11_Image_2198721.txt,19,19.00 B,,,OK,0
PolypGen,data/external/PolypGen/PolypGen2021_MultiCenterData_v3/sequenceData/positive/seq11/bbox_seq11/EndoCV2021_seq11_Image_2198761.txt,19,19.00 B,,,OK,0
PolypGen,data/external/PolypGen/PolypGen2021_MultiCenterData_v3/sequenceData/positive/seq11/bbox_seq11/EndoCV2021_seq11_Image_2198801.txt,19,19.00 B,,,OK,0
PolypGen,data/external/PolypGen/PolypGen2021_MultiCenterData_v3/sequenceData/positive/seq11/bbox_seq11/EndoCV2021_seq11_Image_2198841.txt,19,19.00 B,,,OK,0
PolypGen,data/external/PolypGen/PolypGen2021_MultiCenterData_v3/sequenceData/positive/seq11/bbox_seq11/EndoCV2021_seq11_Image_2198881.txt,19,19.00 B,,,OK,0
PolypGen,data/external/PolypGen/PolypGen2021_MultiCenterData_v3/sequenceData/positive/seq11/bbox_seq11/EndoCV2021_seq11_Image_2198921.txt,19,19.00 B,,,OK,0
PolypGen,data/external/PolypGen/PolypGen2021_MultiCenterData_v3/sequenceData/positive/seq11/bbox_seq11/EndoCV2021_seq11_Image_2198961.txt,19,19.00 B,,,OK,0
PolypGen,data/external/PolypGen/PolypGen2021_MultiCenterData_v3/sequenceData/positive/seq11/bbox_seq11/EndoCV2021_seq11_Image_2199001.txt,19,19.00 B,,,OK,0
PolypGen,data/external/PolypGen/PolypGen2021_MultiCenterData_v3/sequenceData/positive/seq11/bbox_seq11/EndoCV2021_seq11_Image_2199041.txt,19,19.00 B,,,OK,0
PolypGen,data/external/PolypGen/PolypGen2021_MultiCenterData_v3/sequenceData/positive/seq11/bbox_seq11/EndoCV2021_seq11_Image_2199081.txt,1,1.00 B,,,OK,0
PolypGen,data/external/PolypGen/PolypGen2021_MultiCenterData_v3/sequenceData/positive/seq11/bbox_seq11/EndoCV2021_seq11_Image_2199121.txt,19,19.00 B,,,OK,0
PolypGen,data/external/PolypGen/PolypGen2021_MultiCenterData_v3/sequenceData/positive/seq11/bbox_seq11/EndoCV2021_seq11_Image_2199161.txt,19,19.00 B,,,OK,0
PolypGen,data/external/PolypGen/PolypGen2021_MultiCenterData_v3/sequenceData/positive/seq11/bbox_seq11/EndoCV2021_seq11_Image_2199201.txt,1,1.00 B,,,OK,0
PolypGen,data/external/PolypGen/PolypGen2021_MultiCenterData_v3/sequenceData/positive/seq11/bbox_seq11/EndoCV2021_seq11_Image_2199241.txt,1,1.00 B,,,OK,0
PolypGen,data/external/PolypGen/PolypGen2021_MultiCenterData_v3/sequenceData/positive/seq11/bbox_seq11/EndoCV2021_seq11_Image_2199281.txt,1,1.00 B,,,OK,0
PolypGen,data/external/PolypGen/PolypGen2021_MultiCenterData_v3/sequenceData/positive/seq11/bbox_seq11/EndoCV2021_seq11_Image_2199321.txt,1,1.00 B,,,OK,0
PolypGen,data/external/PolypGen/PolypGen2021_MultiCenterData_v3/sequenceData/positive/seq11/bbox_seq11/EndoCV2021_seq11_Image_2199361.txt,1,1.00 B,,,OK,0
PolypGen,data/external/PolypGen/PolypGen2021_MultiCenterData_v3/sequenceData/positive/seq11/bbox_seq11/EndoCV2021_seq11_Image_2199401.txt,1,1.00 B,,,OK,0
PolypGen,data/external/PolypGen/PolypGen2021_MultiCenterData_v3/sequenceData/positive/seq11/bbox_seq11/EndoCV2021_seq11_Image_2199441.txt,19,19.00 B,,,OK,0
PolypGen,data/external/PolypGen/PolypGen2021_MultiCenterData_v3/sequenceData/positive/seq11/bbox_seq11/EndoCV2021_seq11_Image_2199481.txt,20,20.00 B,,,OK,0
PolypGen,data/external/PolypGen/PolypGen2021_MultiCenterData_v3/sequenceData/positive/seq11/bbox_seq11/EndoCV2021_seq11_Image_2199521.txt,1,1.00 B,,,OK,0
PolypGen,data/external/PolypGen/PolypGen2021_MultiCenterData_v3/sequenceData/positive/seq11/bbox_seq11/EndoCV2021_seq11_Image_2199561.txt,20,20.00 B,,,OK,0
PolypGen,data/external/PolypGen/PolypGen2021_MultiCenterData_v3/sequenceData/positive/seq11/bbox_seq11/EndoCV2021_seq11_Image_2199601.txt,20,20.00 B,,,OK,0
PolypGen,data/external/PolypGen/PolypGen2021_MultiCenterData_v3/sequenceData/positive/seq11/bbox_seq11/EndoCV2021_seq11_Image_2199641.txt,1,1.00 B,,,OK,0
PolypGen,data/external/PolypGen/PolypGen2021_MultiCenterData_v3/sequenceData/positive/seq11/bbox_seq11/EndoCV2021_seq11_Image_2199681.txt,20,20.00 B,,,OK,0
PolypGen,data/external/PolypGen/PolypGen2021_MultiCenterData_v3/sequenceData/positive/seq11/bbox_seq11/EndoCV2021_seq11_Image_2199721.txt,20,20.00 B,,,OK,0
PolypGen,data/external/PolypGen/PolypGen2021_MultiCenterData_v3/sequenceData/positive/seq11/bbox_seq11/EndoCV2021_seq11_Image_2199761.txt,19,19.00 B,,,OK,0
PolypGen,data/external/PolypGen/PolypGen2021_MultiCenterData_v3/sequenceData/positive/seq11/bbox_seq11/EndoCV2021_seq11_Image_2199801.txt,19,19.00 B,,,OK,0
PolypGen,data/external/PolypGen/PolypGen2021_MultiCenterData_v3/sequenceData/positive/seq11/bbox_seq11/EndoCV2021_seq11_Image_2199841.txt,19,19.00 B,,,OK,0
PolypGen,data/external/PolypGen/PolypGen2021_MultiCenterData_v3/sequenceData/positive/seq11/bbox_seq11/EndoCV2021_seq11_Image_2199881.txt,1,1.00 B,,,OK,0
PolypGen,data/external/PolypGen/PolypGen2021_MultiCenterData_v3/sequenceData/positive/seq11/bbox_seq11/EndoCV2021_seq11_Image_2199921.txt,20,20.00 B,,,OK,0
PolypGen,data/external/PolypGen/PolypGen2021_MultiCenterData_v3/sequenceData/positive/seq11/bbox_seq11/EndoCV2021_seq11_Image_2199961.txt,1,1.00 B,,,OK,0
PolypGen,data/external/PolypGen/PolypGen2021_MultiCenterData_v3/sequenceData/positive/seq11/bbox_seq11/EndoCV2021_seq11_Image_2200001.txt,1,1.00 B,,,OK,0
PolypGen,data/external/PolypGen/PolypGen2021_MultiCenterData_v3/sequenceData/positive/seq11/bbox_seq11/EndoCV2021_seq11_Image_2200041.txt,1,1.00 B,,,OK,0
PolypGen,data/external/PolypGen/PolypGen2021_MultiCenterData_v3/sequenceData/positive/seq11/bbox_seq11/EndoCV2021_seq11_Image_2200081.txt,1,1.00 B,,,OK,0
PolypGen,data/external/PolypGen/PolypGen2021_MultiCenterData_v3/sequenceData/positive/seq11/bbox_seq11/EndoCV2021_seq11_Image_2200121.txt,1,1.00 B,,,OK,0
PolypGen,data/external/PolypGen/PolypGen2021_MultiCenterData_v3/sequenceData/positive/seq11/bbox_seq11/EndoCV2021_seq11_Image_2200161.txt,1,1.00 B,,,OK,0
PolypGen,data/external/PolypGen/PolypGen2021_MultiCenterData_v3/sequenceData/positive/seq11/bbox_seq11/EndoCV2021_seq11_Image_2200201.txt,1,1.00 B,,,OK,0
PolypGen,data/external/PolypGen/PolypGen2021_MultiCenterData_v3/sequenceData/positive/seq11/bbox_seq11/EndoCV2021_seq11_Image_2200241.txt,1,1.00 B,,,OK,0
PolypGen,data/external/PolypGen/PolypGen2021_MultiCenterData_v3/sequenceData/positive/seq11/bbox_seq11/EndoCV2021_seq11_Image_2200281.txt,1,1.00 B,,,OK,0
PolypGen,data/external/PolypGen/PolypGen2021_MultiCenterData_v3/sequenceData/positive/seq11/bbox_seq11/EndoCV2021_seq11_Image_2200321.txt,1,1.00 B,,,OK,0
PolypGen,data/external/PolypGen/PolypGen2021_MultiCenterData_v3/sequenceData/positive/seq11/bbox_seq11/EndoCV2021_seq11_Image_2200361.txt,1,1.00 B,,,OK,0
PolypGen,data/external/PolypGen/PolypGen2021_MultiCenterData_v3/sequenceData/positive/seq11/bbox_seq11/EndoCV2021_seq11_Image_2200401.txt,1,1.00 B,,,OK,0
PolypGen,data/external/PolypGen/PolypGen2021_MultiCenterData_v3/sequenceData/positive/seq11/bbox_seq11/EndoCV2021_seq11_Image_2200441.txt,1,1.00 B,,,OK,0
PolypGen,data/external/PolypGen/PolypGen2021_MultiCenterData_v3/sequenceData/positive/seq11/bbox_seq11/EndoCV2021_seq11_Image_2200481.txt,1,1.00 B,,,OK,0
PolypGen,data/external/PolypGen/PolypGen2021_MultiCenterData_v3/sequenceData/positive/seq11/bbox_seq11/EndoCV2021_seq11_Image_2200521.txt,1,1.00 B,,,OK,0
PolypGen,data/external/PolypGen/PolypGen2021_MultiCenterData_v3/sequenceData/positive/seq11/bbox_seq11/EndoCV2021_seq11_Image_2200561.txt,1,1.00 B,,,OK,0
PolypGen,data/external/PolypGen/PolypGen2021_MultiCenterData_v3/sequenceData/positive/seq11/bbox_seq11/EndoCV2021_seq11_Image_2200601.txt,1,1.00 B,,,OK,0
PolypGen,data/external/PolypGen/PolypGen2021_MultiCenterData_v3/sequenceData/positive/seq11/bbox_seq11/EndoCV2021_seq11_Image_2200641.txt,1,1.00 B,,,OK,0
PolypGen,data/external/PolypGen/PolypGen2021_MultiCenterData_v3/sequenceData/positive/seq11/bbox_seq11/EndoCV2021_seq11_Image_2200681.txt,1,1.00 B,,,OK,0
PolypGen,data/external/PolypGen/PolypGen2021_MultiCenterData_v3/sequenceData/positive/seq11/bbox_seq11/EndoCV2021_seq11_Image_2200721.txt,1,1.00 B,,,OK,0
PolypGen,data/external/PolypGen/PolypGen2021_MultiCenterData_v3/sequenceData/positive/seq11/bbox_seq11/EndoCV2021_seq11_Image_2200761.txt,1,1.00 B,,,OK,0
PolypGen,data/external/PolypGen/PolypGen2021_MultiCenterData_v3/sequenceData/positive/seq11/bbox_seq11/EndoCV2021_seq11_Image_2200801.txt,1,1.00 B,,,OK,0
PolypGen,data/external/PolypGen/PolypGen2021_MultiCenterData_v3/sequenceData/positive/seq11/bbox_seq11/EndoCV2021_seq11_Image_2200841.txt,1,1.00 B,,,OK,0
PolypGen,data/external/PolypGen/PolypGen2021_MultiCenterData_v3/sequenceData/positive/seq11/bbox_seq11/EndoCV2021_seq11_Image_2200881.txt,19,19.00 B,,,OK,0
PolypGen,data/external/PolypGen/PolypGen2021_MultiCenterData_v3/sequenceData/positive/seq11/bbox_seq11/EndoCV2021_seq11_Image_2200921.txt,1,1.00 B,,,OK,0
PolypGen,data/external/PolypGen/PolypGen2021_MultiCenterData_v3/sequenceData/positive/seq11/bbox_seq11/EndoCV2021_seq11_Image_2200961.txt,1,1.00 B,,,OK,0
PolypGen,data/external/PolypGen/PolypGen2021_MultiCenterData_v3/sequenceData/positive/seq11/bbox_seq11/EndoCV2021_seq11_Image_2201001.txt,1,1.00 B,,,OK,0
PolypGen,data/external/PolypGen/PolypGen2021_MultiCenterData_v3/sequenceData/positive/seq11/bbox_seq11/EndoCV2021_seq11_Image_2201041.txt,1,1.00 B,,,OK,0
PolypGen,data/external/PolypGen/PolypGen2021_MultiCenterData_v3/sequenceData/positive/seq11/bbox_seq11/EndoCV2021_seq11_Image_2201081.txt,1,1.00 B,,,OK,0
PolypGen,data/external/PolypGen/PolypGen2021_MultiCenterData_v3/sequenceData/positive/seq11/bbox_seq11/EndoCV2021_seq11_Image_2201121.txt,1,1.00 B,,,OK,0
PolypGen,data/external/PolypGen/PolypGen2021_MultiCenterData_v3/sequenceData/positive/seq11/bbox_seq11/EndoCV2021_seq11_Image_2201161.txt,1,1.00 B,,,OK,0
PolypGen,data/external/PolypGen/PolypGen2021_MultiCenterData_v3/sequenceData/positive/seq11/bbox_seq11/EndoCV2021_seq11_Image_2201201.txt,1,1.00 B,,,OK,0
PolypGen,data/external/PolypGen/PolypGen2021_MultiCenterData_v3/sequenceData/positive/seq11/bbox_seq11/EndoCV2021_seq11_Image_2201241.txt,1,1.00 B,,,OK,0
PolypGen,data/external/PolypGen/PolypGen2021_MultiCenterData_v3/sequenceData/positive/seq11/bbox_seq11/EndoCV2021_seq11_Image_2201281.txt,1,1.00 B,,,OK,0
PolypGen,data/external/PolypGen/PolypGen2021_MultiCenterData_v3/sequenceData/positive/seq11/bbox_seq11/EndoCV2021_seq11_Image_2201321.txt,1,1.00 B,,,OK,0
PolypGen,data/external/PolypGen/PolypGen2021_MultiCenterData_v3/sequenceData/positive/seq11/bbox_seq11/EndoCV2021_seq11_Image_2201361.txt,1,1.00 B,,,OK,0
PolypGen,data/external/PolypGen/PolypGen2021_MultiCenterData_v3/sequenceData/positive/seq11/bbox_seq11/EndoCV2021_seq11_Image_2201401.txt,1,1.00 B,,,OK,0
PolypGen,data/external/PolypGen/PolypGen2021_MultiCenterData_v3/sequenceData/positive/seq11/bbox_seq11/EndoCV2021_seq11_Image_2201450.txt,1,1.00 B,,,OK,0
PolypGen,data/external/PolypGen/PolypGen2021_MultiCenterData_v3/sequenceData/positive/seq11/bbox_seq11/EndoCV2021_seq11_Image_2201488.txt,1,1.00 B,,,OK,0
PolypGen,data/external/PolypGen/PolypGen2021_MultiCenterData_v3/sequenceData/positive/seq11/bbox_seq11/EndoCV2021_seq11_Image_2201526.txt,1,1.00 B,,,OK,0
PolypGen,data/external/PolypGen/PolypGen2021_MultiCenterData_v3/sequenceData/positive/seq11/bbox_seq11/EndoCV2021_seq11_Image_2201565.txt,1,1.00 B,,,OK,0
PolypGen,data/external/PolypGen/PolypGen2021_MultiCenterData_v3/sequenceData/positive/seq11/bbox_seq11/EndoCV2021_seq11_Image_2201604.txt,1,1.00 B,,,OK,0
PolypGen,data/external/PolypGen/PolypGen2021_MultiCenterData_v3/sequenceData/positive/seq11/bbox_seq11/EndoCV2021_seq11_Image_2201642.txt,1,1.00 B,,,OK,0
PolypGen,data/external/PolypGen/PolypGen2021_MultiCenterData_v3/sequenceData/positive/seq11/bbox_seq11/EndoCV2021_seq11_Image_2201681.txt,1,1.00 B,,,OK,0
PolypGen,data/external/PolypGen/PolypGen2021_MultiCenterData_v3/sequenceData/positive/seq11/bbox_seq11/EndoCV2021_seq11_Image_2201721.txt,1,1.00 B,,,OK,0
PolypGen,data/external/PolypGen/PolypGen2021_MultiCenterData_v3/sequenceData/positive/seq11/bbox_seq11/EndoCV2021_seq11_Image_2201761.txt,1,1.00 B,,,OK,0
PolypGen,data/external/PolypGen/PolypGen2021_MultiCenterData_v3/sequenceData/positive/seq11/bbox_seq11/EndoCV2021_seq11_Image_2201801.txt,1,1.00 B,,,OK,0
PolypGen,data/external/PolypGen/PolypGen2021_MultiCenterData_v3/sequenceData/positive/seq11/bbox_seq11/EndoCV2021_seq11_Image_2201841.txt,1,1.00 B,,,OK,0
PolypGen,data/external/PolypGen/PolypGen2021_MultiCenterData_v3/sequenceData/positive/seq11/bbox_seq11/EndoCV2021_seq11_Image_2201881.txt,1,1.00 B,,,OK,0
PolypGen,data/external/PolypGen/PolypGen2021_MultiCenterData_v3/sequenceData/positive/seq11/bbox_seq11/EndoCV2021_seq11_Image_2201921.txt,1,1.00 B,,,OK,0
PolypGen,data/external/PolypGen/PolypGen2021_MultiCenterData_v3/sequenceData/positive/seq11/bbox_seq11/EndoCV2021_seq11_Image_2201961.txt,1,1.00 B,,,OK,0
PolypGen,data/external/PolypGen/PolypGen2021_MultiCenterData_v3/sequenceData/positive/seq11/bbox_seq11/EndoCV2021_seq11_Image_2202001.txt,1,1.00 B,,,OK,0
PolypGen,data/external/PolypGen/PolypGen2021_MultiCenterData_v3/sequenceData/positive/seq11/bbox_seq11/EndoCV2021_seq11_Image_2202041.txt,1,1.00 B,,,OK,0
PolypGen,data/external/PolypGen/PolypGen2021_MultiCenterData_v3/sequenceData/positive/seq11/bbox_seq11/EndoCV2021_seq11_Image_2202081.txt,1,1.00 B,,,OK,0
PolypGen,data/external/PolypGen/PolypGen2021_MultiCenterData_v3/sequenceData/positive/seq11/bbox_seq11/EndoCV2021_seq11_Image_2202121.txt,1,1.00 B,,,OK,0
PolypGen,data/external/PolypGen/PolypGen2021_MultiCenterData_v3/sequenceData/positive/seq11/bbox_seq11/EndoCV2021_seq11_Image_2202161.txt,1,1.00 B,,,OK,0
PolypGen,data/external/PolypGen/PolypGen2021_MultiCenterData_v3/sequenceData/positive/seq11/bbox_seq11/EndoCV2021_seq11_Image_2202201.txt,1,1.00 B,,,OK,0
PolypGen,data/external/PolypGen/PolypGen2021_MultiCenterData_v3/sequenceData/positive/seq11/bbox_seq11/EndoCV2021_seq11_Image_2202241.txt,1,1.00 B,,,OK,0
PolypGen,data/external/PolypGen/PolypGen2021_MultiCenterData_v3/sequenceData/positive/seq11/bbox_seq11/EndoCV2021_seq11_Image_2202281.txt,1,1.00 B,,,OK,0
PolypGen,data/external/PolypGen/PolypGen2021_MultiCenterData_v3/sequenceData/positive/seq11/bbox_seq11/EndoCV2021_seq11_Image_2202321.txt,1,1.00 B,,,OK,0
PolypGen,data/external/PolypGen/PolypGen2021_MultiCenterData_v3/sequenceData/positive/seq11/bbox_seq11/EndoCV2021_seq11_Image_2202361.txt,1,1.00 B,,,OK,0
PolypGen,data/external/PolypGen/PolypGen2021_MultiCenterData_v3/sequenceData/positive/seq11/bbox_seq11/EndoCV2021_seq11_Image_2202434.txt,1,1.00 B,,,OK,0
PolypGen,data/external/PolypGen/PolypGen2021_MultiCenterData_v3/sequenceData/positive/seq11/bbox_seq11/EndoCV2021_seq11_Image_2202834.txt,1,1.00 B,,,OK,0
PolypGen,data/external/PolypGen/PolypGen2021_MultiCenterData_v3/sequenceData/positive/seq11/bbox_seq11/EndoCV2021_seq11_Image_2202931.txt,1,1.00 B,,,OK,0
PolypGen,data/external/PolypGen/PolypGen2021_MultiCenterData_v3/sequenceData/positive/seq11/bbox_seq11/EndoCV2021_seq11_Image_2202969.txt,1,1.00 B,,,OK,0
PolypGen,data/external/PolypGen/PolypGen2021_MultiCenterData_v3/sequenceData/positive/seq11/bbox_seq11/EndoCV2021_seq11_Image_2203007.txt,1,1.00 B,,,OK,0
PolypGen,data/external/PolypGen/PolypGen2021_MultiCenterData_v3/sequenceData/positive/seq11/bbox_seq11/EndoCV2021_seq11_Image_2203045.txt,1,1.00 B,,,OK,0
PolypGen,data/external/PolypGen/PolypGen2021_MultiCenterData_v3/sequenceData/positive/seq11/bbox_seq11/EndoCV2021_seq11_Image_2203083.txt,1,1.00 B,,,OK,0
PolypGen,data/external/PolypGen/PolypGen2021_MultiCenterData_v3/sequenceData/positive/seq11/bbox_seq11/EndoCV2021_seq11_Image_2203121.txt,1,1.00 B,,,OK,0
PolypGen,data/external/PolypGen/PolypGen2021_MultiCenterData_v3/sequenceData/positive/seq11/bbox_seq11/EndoCV2021_seq11_Image_2203160.txt,1,1.00 B,,,OK,0
PolypGen,data/external/PolypGen/PolypGen2021_MultiCenterData_v3/sequenceData/positive/seq11/bbox_seq11/EndoCV2021_seq11_Image_2203198.txt,1,1.00 B,,,OK,0
PolypGen,data/external/PolypGen/PolypGen2021_MultiCenterData_v3/sequenceData/positive/seq11/bbox_seq11/EndoCV2021_seq11_Image_2203235.txt,1,1.00 B,,,OK,0
PolypGen,data/external/PolypGen/PolypGen2021_MultiCenterData_v3/sequenceData/positive/seq11/bbox_seq11/EndoCV2021_seq11_Image_2203273.txt,1,1.00 B,,,OK,0
PolypGen,data/external/PolypGen/PolypGen2021_MultiCenterData_v3/sequenceData/positive/seq11/bbox_seq11/EndoCV2021_seq11_Image_2203311.txt,1,1.00 B,,,OK,0
PolypGen,data/external/PolypGen/PolypGen2021_MultiCenterData_v3/sequenceData/positive/seq11/bbox_seq11/EndoCV2021_seq11_Image_2203348.txt,1,1.00 B,,,OK,0
PolypGen,data/external/PolypGen/PolypGen2021_MultiCenterData_v3/sequenceData/positive/seq11/bbox_seq11/EndoCV2021_seq11_Image_2203387.txt,1,1.00 B,,,OK,0
PolypGen,data/external/PolypGen/PolypGen2021_MultiCenterData_v3/sequenceData/positive/seq11/bbox_seq11/EndoCV2021_seq11_Image_2203424.txt,1,1.00 B,,,OK,0
PolypGen,data/external/PolypGen/PolypGen2021_MultiCenterData_v3/sequenceData/positive/seq11/bbox_seq11/EndoCV2021_seq11_Image_2203463.txt,1,1.00 B,,,OK,0
PolypGen,data/external/PolypGen/PolypGen2021_MultiCenterData_v3/sequenceData/positive/seq12/bbox_seq12/EndoCV2021_seq12_0.txt,23,23.00 B,,,OK,0
PolypGen,data/external/PolypGen/PolypGen2021_MultiCenterData_v3/sequenceData/positive/seq12/bbox_seq12/EndoCV2021_seq12_100.txt,22,22.00 B,,,OK,0
PolypGen,data/external/PolypGen/PolypGen2021_MultiCenterData_v3/sequenceData/positive/seq12/bbox_seq12/EndoCV2021_seq12_104.txt,22,22.00 B,,,OK,0
PolypGen,data/external/PolypGen/PolypGen2021_MultiCenterData_v3/sequenceData/positive/seq12/bbox_seq12/EndoCV2021_seq12_108.txt,22,22.00 B,,,OK,0
PolypGen,data/external/PolypGen/PolypGen2021_MultiCenterData_v3/sequenceData/positive/seq12/bbox_seq12/EndoCV2021_seq12_112.txt,22,22.00 B,,,OK,0
PolypGen,data/external/PolypGen/PolypGen2021_MultiCenterData_v3/sequenceData/positive/seq12/bbox_seq12/EndoCV2021_seq12_116.txt,22,22.00 B,,,OK,0
PolypGen,data/external/PolypGen/PolypGen2021_MultiCenterData_v3/sequenceData/positive/seq12/bbox_seq12/EndoCV2021_seq12_12.txt,23,23.00 B,,,OK,0
PolypGen,data/external/PolypGen/PolypGen2021_MultiCenterData_v3/sequenceData/positive/seq12/bbox_seq12/EndoCV2021_seq12_120.txt,22,22.00 B,,,OK,0
PolypGen,data/external/PolypGen/PolypGen2021_MultiCenterData_v3/sequenceData/positive/seq12/bbox_seq12/EndoCV2021_seq12_124.txt,22,22.00 B,,,OK,0
PolypGen,data/external/PolypGen/PolypGen2021_MultiCenterData_v3/sequenceData/positive/seq12/bbox_seq12/EndoCV2021_seq12_128.txt,22,22.00 B,,,OK,0
PolypGen,data/external/PolypGen/PolypGen2021_MultiCenterData_v3/sequenceData/positive/seq12/bbox_seq12/EndoCV2021_seq12_132.txt,22,22.00 B,,,OK,0
PolypGen,data/external/PolypGen/PolypGen2021_MultiCenterData_v3/sequenceData/positive/seq12/bbox_seq12/EndoCV2021_seq12_136.txt,22,22.00 B,,,OK,0
PolypGen,data/external/PolypGen/PolypGen2021_MultiCenterData_v3/sequenceData/positive/seq12/bbox_seq12/EndoCV2021_seq12_140.txt,22,22.00 B,,,OK,0
PolypGen,data/external/PolypGen/PolypGen2021_MultiCenterData_v3/sequenceData/positive/seq12/bbox_seq12/EndoCV2021_seq12_144.txt,22,22.00 B,,,OK,0
PolypGen,data/external/PolypGen/PolypGen2021_MultiCenterData_v3/sequenceData/positive/seq12/bbox_seq12/EndoCV2021_seq12_148.txt,22,22.00 B,,,OK,0
PolypGen,data/external/PolypGen/PolypGen2021_MultiCenterData_v3/sequenceData/positive/seq12/bbox_seq12/EndoCV2021_seq12_152.txt,22,22.00 B,,,OK,0
PolypGen,data/external/PolypGen/PolypGen2021_MultiCenterData_v3/sequenceData/positive/seq12/bbox_seq12/EndoCV2021_seq12_156.txt,22,22.00 B,,,OK,0
PolypGen,data/external/PolypGen/PolypGen2021_MultiCenterData_v3/sequenceData/positive/seq12/bbox_seq12/EndoCV2021_seq12_16.txt,23,23.00 B,,,OK,0
PolypGen,data/external/PolypGen/PolypGen2021_MultiCenterData_v3/sequenceData/positive/seq12/bbox_seq12/EndoCV2021_seq12_160.txt,22,22.00 B,,,OK,0
PolypGen,data/external/PolypGen/PolypGen2021_MultiCenterData_v3/sequenceData/positive/seq12/bbox_seq12/EndoCV2021_seq12_164.txt,22,22.00 B,,,OK,0
PolypGen,data/external/PolypGen/PolypGen2021_MultiCenterData_v3/sequenceData/positive/seq12/bbox_seq12/EndoCV2021_seq12_168.txt,22,22.00 B,,,OK,0
PolypGen,data/external/PolypGen/PolypGen2021_MultiCenterData_v3/sequenceData/positive/seq12/bbox_seq12/EndoCV2021_seq12_172.txt,22,22.00 B,,,OK,0
PolypGen,data/external/PolypGen/PolypGen2021_MultiCenterData_v3/sequenceData/positive/seq12/bbox_seq12/EndoCV2021_seq12_176.txt,22,22.00 B,,,OK,0
PolypGen,data/external/PolypGen/PolypGen2021_MultiCenterData_v3/sequenceData/positive/seq12/bbox_seq12/EndoCV2021_seq12_180.txt,22,22.00 B,,,OK,0
PolypGen,data/external/PolypGen/PolypGen2021_MultiCenterData_v3/sequenceData/positive/seq12/bbox_seq12/EndoCV2021_seq12_184.txt,22,22.00 B,,,OK,0
PolypGen,data/external/PolypGen/PolypGen2021_MultiCenterData_v3/sequenceData/positive/seq12/bbox_seq12/EndoCV2021_seq12_188.txt,22,22.00 B,,,OK,0
PolypGen,data/external/PolypGen/PolypGen2021_MultiCenterData_v3/sequenceData/positive/seq12/bbox_seq12/EndoCV2021_seq12_192.txt,22,22.00 B,,,OK,0
PolypGen,data/external/PolypGen/PolypGen2021_MultiCenterData_v3/sequenceData/positive/seq12/bbox_seq12/EndoCV2021_seq12_196.txt,22,22.00 B,,,OK,0
PolypGen,data/external/PolypGen/PolypGen2021_MultiCenterData_v3/sequenceData/positive/seq12/bbox_seq12/EndoCV2021_seq12_20.txt,23,23.00 B,,,OK,0
PolypGen,data/external/PolypGen/PolypGen2021_MultiCenterData_v3/sequenceData/positive/seq12/bbox_seq12/EndoCV2021_seq12_200.txt,22,22.00 B,,,OK,0
PolypGen,data/external/PolypGen/PolypGen2021_MultiCenterData_v3/sequenceData/positive/seq12/bbox_seq12/EndoCV2021_seq12_204.txt,22,22.00 B,,,OK,0
PolypGen,data/external/PolypGen/PolypGen2021_MultiCenterData_v3/sequenceData/positive/seq12/bbox_seq12/EndoCV2021_seq12_208.txt,22,22.00 B,,,OK,0
PolypGen,data/external/PolypGen/PolypGen2021_MultiCenterData_v3/sequenceData/positive/seq12/bbox_seq12/EndoCV2021_seq12_212.txt,22,22.00 B,,,OK,0
PolypGen,data/external/PolypGen/PolypGen2021_MultiCenterData_v3/sequenceData/positive/seq12/bbox_seq12/EndoCV2021_seq12_216.txt,22,22.00 B,,,OK,0
PolypGen,data/external/PolypGen/PolypGen2021_MultiCenterData_v3/sequenceData/positive/seq12/bbox_seq12/EndoCV2021_seq12_220.txt,22,22.00 B,,,OK,0
PolypGen,data/external/PolypGen/PolypGen2021_MultiCenterData_v3/sequenceData/positive/seq12/bbox_seq12/EndoCV2021_seq12_224.txt,22,22.00 B,,,OK,0
PolypGen,data/external/PolypGen/PolypGen2021_MultiCenterData_v3/sequenceData/positive/seq12/bbox_seq12/EndoCV2021_seq12_228.txt,22,22.00 B,,,OK,0
PolypGen,data/external/PolypGen/PolypGen2021_MultiCenterData_v3/sequenceData/positive/seq12/bbox_seq12/EndoCV2021_seq12_232.txt,22,22.00 B,,,OK,0
PolypGen,data/external/PolypGen/PolypGen2021_MultiCenterData_v3/sequenceData/positive/seq12/bbox_seq12/EndoCV2021_seq12_236.txt,22,22.00 B,,,OK,0
PolypGen,data/external/PolypGen/PolypGen2021_MultiCenterData_v3/sequenceData/positive/seq12/bbox_seq12/EndoCV2021_seq12_24.txt,23,23.00 B,,,OK,0
PolypGen,data/external/PolypGen/PolypGen2021_MultiCenterData_v3/sequenceData/positive/seq12/bbox_seq12/EndoCV2021_seq12_240.txt,22,22.00 B,,,OK,0
PolypGen,data/external/PolypGen/PolypGen2021_MultiCenterData_v3/sequenceData/positive/seq12/bbox_seq12/EndoCV2021_seq12_244.txt,22,22.00 B,,,OK,0
PolypGen,data/external/PolypGen/PolypGen2021_MultiCenterData_v3/sequenceData/positive/seq12/bbox_seq12/EndoCV2021_seq12_248.txt,22,22.00 B,,,OK,0
PolypGen,data/external/PolypGen/PolypGen2021_MultiCenterData_v3/sequenceData/positive/seq12/bbox_seq12/EndoCV2021_seq12_252.txt,22,22.00 B,,,OK,0
PolypGen,data/external/PolypGen/PolypGen2021_MultiCenterData_v3/sequenceData/positive/seq12/bbox_seq12/EndoCV2021_seq12_256.txt,22,22.00 B,,,OK,0
PolypGen,data/external/PolypGen/PolypGen2021_MultiCenterData_v3/sequenceData/positive/seq12/bbox_seq12/EndoCV2021_seq12_260.txt,22,22.00 B,,,OK,0
PolypGen,data/external/PolypGen/PolypGen2021_MultiCenterData_v3/sequenceData/positive/seq12/bbox_seq12/EndoCV2021_seq12_264.txt,22,22.00 B,,,OK,0
PolypGen,data/external/PolypGen/PolypGen2021_MultiCenterData_v3/sequenceData/positive/seq12/bbox_seq12/EndoCV2021_seq12_268.txt,22,22.00 B,,,OK,0
PolypGen,data/external/PolypGen/PolypGen2021_MultiCenterData_v3/sequenceData/positive/seq12/bbox_seq12/EndoCV2021_seq12_272.txt,22,22.00 B,,,OK,0
PolypGen,data/external/PolypGen/PolypGen2021_MultiCenterData_v3/sequenceData/positive/seq12/bbox_seq12/EndoCV2021_seq12_276.txt,22,22.00 B,,,OK,0
PolypGen,data/external/PolypGen/PolypGen2021_MultiCenterData_v3/sequenceData/positive/seq12/bbox_seq12/EndoCV2021_seq12_28.txt,23,23.00 B,,,OK,0
PolypGen,data/external/PolypGen/PolypGen2021_MultiCenterData_v3/sequenceData/positive/seq12/bbox_seq12/EndoCV2021_seq12_280.txt,22,22.00 B,,,OK,0
PolypGen,data/external/PolypGen/PolypGen2021_MultiCenterData_v3/sequenceData/positive/seq12/bbox_seq12/EndoCV2021_seq12_284.txt,22,22.00 B,,,OK,0
PolypGen,data/external/PolypGen/PolypGen2021_MultiCenterData_v3/sequenceData/positive/seq12/bbox_seq12/EndoCV2021_seq12_288.txt,22,22.00 B,,,OK,0
PolypGen,data/external/PolypGen/PolypGen2021_MultiCenterData_v3/sequenceData/positive/seq12/bbox_seq12/EndoCV2021_seq12_292.txt,22,22.00 B,,,OK,0
PolypGen,data/external/PolypGen/PolypGen2021_MultiCenterData_v3/sequenceData/positive/seq12/bbox_seq12/EndoCV2021_seq12_296.txt,22,22.00 B,,,OK,0
PolypGen,data/external/PolypGen/PolypGen2021_MultiCenterData_v3/sequenceData/positive/seq12/bbox_seq12/EndoCV2021_seq12_300.txt,22,22.00 B,,,OK,0
PolypGen,data/external/PolypGen/PolypGen2021_MultiCenterData_v3/sequenceData/positive/seq12/bbox_seq12/EndoCV2021_seq12_304.txt,22,22.00 B,,,OK,0
PolypGen,data/external/PolypGen/PolypGen2021_MultiCenterData_v3/sequenceData/positive/seq12/bbox_seq12/EndoCV2021_seq12_308.txt,22,22.00 B,,,OK,0
PolypGen,data/external/PolypGen/PolypGen2021_MultiCenterData_v3/sequenceData/positive/seq12/bbox_seq12/EndoCV2021_seq12_312.txt,22,22.00 B,,,OK,0
PolypGen,data/external/PolypGen/PolypGen2021_MultiCenterData_v3/sequenceData/positive/seq12/bbox_seq12/EndoCV2021_seq12_316.txt,22,22.00 B,,,OK,0
PolypGen,data/external/PolypGen/PolypGen2021_MultiCenterData_v3/sequenceData/positive/seq12/bbox_seq12/EndoCV2021_seq12_32.txt,23,23.00 B,,,OK,0
PolypGen,data/external/PolypGen/PolypGen2021_MultiCenterData_v3/sequenceData/positive/seq12/bbox_seq12/EndoCV2021_seq12_320.txt,22,22.00 B,,,OK,0
PolypGen,data/external/PolypGen/PolypGen2021_MultiCenterData_v3/sequenceData/positive/seq12/bbox_seq12/EndoCV2021_seq12_324.txt,22,22.00 B,,,OK,0
PolypGen,data/external/PolypGen/PolypGen2021_MultiCenterData_v3/sequenceData/positive/seq12/bbox_seq12/EndoCV2021_seq12_328.txt,22,22.00 B,,,OK,0
PolypGen,data/external/PolypGen/PolypGen2021_MultiCenterData_v3/sequenceData/positive/seq12/bbox_seq12/EndoCV2021_seq12_332.txt,22,22.00 B,,,OK,0
PolypGen,data/external/PolypGen/PolypGen2021_MultiCenterData_v3/sequenceData/positive/seq12/bbox_seq12/EndoCV2021_seq12_336.txt,22,22.00 B,,,OK,0
PolypGen,data/external/PolypGen/PolypGen2021_MultiCenterData_v3/sequenceData/positive/seq12/bbox_seq12/EndoCV2021_seq12_340.txt,22,22.00 B,,,OK,0
PolypGen,data/external/PolypGen/PolypGen2021_MultiCenterData_v3/sequenceData/positive/seq12/bbox_seq12/EndoCV2021_seq12_344.txt,22,22.00 B,,,OK,0
PolypGen,data/external/PolypGen/PolypGen2021_MultiCenterData_v3/sequenceData/positive/seq12/bbox_seq12/EndoCV2021_seq12_348.txt,22,22.00 B,,,OK,0
PolypGen,data/external/PolypGen/PolypGen2021_MultiCenterData_v3/sequenceData/positive/seq12/bbox_seq12/EndoCV2021_seq12_352.txt,22,22.00 B,,,OK,0
PolypGen,data/external/PolypGen/PolypGen2021_MultiCenterData_v3/sequenceData/positive/seq12/bbox_seq12/EndoCV2021_seq12_356.txt,22,22.00 B,,,OK,0
PolypGen,data/external/PolypGen/PolypGen2021_MultiCenterData_v3/sequenceData/positive/seq12/bbox_seq12/EndoCV2021_seq12_36.txt,23,23.00 B,,,OK,0
PolypGen,data/external/PolypGen/PolypGen2021_MultiCenterData_v3/sequenceData/positive/seq12/bbox_seq12/EndoCV2021_seq12_360.txt,22,22.00 B,,,OK,0
PolypGen,data/external/PolypGen/PolypGen2021_MultiCenterData_v3/sequenceData/positive/seq12/bbox_seq12/EndoCV2021_seq12_364.txt,22,22.00 B,,,OK,0
PolypGen,data/external/PolypGen/PolypGen2021_MultiCenterData_v3/sequenceData/positive/seq12/bbox_seq12/EndoCV2021_seq12_368.txt,22,22.00 B,,,OK,0
PolypGen,data/external/PolypGen/PolypGen2021_MultiCenterData_v3/sequenceData/positive/seq12/bbox_seq12/EndoCV2021_seq12_372.txt,22,22.00 B,,,OK,0
PolypGen,data/external/PolypGen/PolypGen2021_MultiCenterData_v3/sequenceData/positive/seq12/bbox_seq12/EndoCV2021_seq12_376.txt,22,22.00 B,,,OK,0
PolypGen,data/external/PolypGen/PolypGen2021_MultiCenterData_v3/sequenceData/positive/seq12/bbox_seq12/EndoCV2021_seq12_380.txt,22,22.00 B,,,OK,0
PolypGen,data/external/PolypGen/PolypGen2021_MultiCenterData_v3/sequenceData/positive/seq12/bbox_seq12/EndoCV2021_seq12_384.txt,22,22.00 B,,,OK,0
PolypGen,data/external/PolypGen/PolypGen2021_MultiCenterData_v3/sequenceData/positive/seq12/bbox_seq12/EndoCV2021_seq12_388.txt,22,22.00 B,,,OK,0
PolypGen,data/external/PolypGen/PolypGen2021_MultiCenterData_v3/sequenceData/positive/seq12/bbox_seq12/EndoCV2021_seq12_392.txt,22,22.00 B,,,OK,0
PolypGen,data/external/PolypGen/PolypGen2021_MultiCenterData_v3/sequenceData/positive/seq12/bbox_seq12/EndoCV2021_seq12_396.txt,22,22.00 B,,,OK,0
PolypGen,data/external/PolypGen/PolypGen2021_MultiCenterData_v3/sequenceData/positive/seq12/bbox_seq12/EndoCV2021_seq12_4.txt,23,23.00 B,,,OK,0
PolypGen,data/external/PolypGen/PolypGen2021_MultiCenterData_v3/sequenceData/positive/seq12/bbox_seq12/EndoCV2021_seq12_40.txt,23,23.00 B,,,OK,0
PolypGen,data/external/PolypGen/PolypGen2021_MultiCenterData_v3/sequenceData/positive/seq12/bbox_seq12/EndoCV2021_seq12_400.txt,22,22.00 B,,,OK,0
PolypGen,data/external/PolypGen/PolypGen2021_MultiCenterData_v3/sequenceData/positive/seq12/bbox_seq12/EndoCV2021_seq12_404.txt,22,22.00 B,,,OK,0
PolypGen,data/external/PolypGen/PolypGen2021_MultiCenterData_v3/sequenceData/positive/seq12/bbox_seq12/EndoCV2021_seq12_408.txt,22,22.00 B,,,OK,0
PolypGen,data/external/PolypGen/PolypGen2021_MultiCenterData_v3/sequenceData/positive/seq12/bbox_seq12/EndoCV2021_seq12_412.txt,22,22.00 B,,,OK,0
PolypGen,data/external/PolypGen/PolypGen2021_MultiCenterData_v3/sequenceData/positive/seq12/bbox_seq12/EndoCV2021_seq12_416.txt,22,22.00 B,,,OK,0
PolypGen,data/external/PolypGen/PolypGen2021_MultiCenterData_v3/sequenceData/positive/seq12/bbox_seq12/EndoCV2021_seq12_420.txt,22,22.00 B,,,OK,0
PolypGen,data/external/PolypGen/PolypGen2021_MultiCenterData_v3/sequenceData/positive/seq12/bbox_seq12/EndoCV2021_seq12_424.txt,22,22.00 B,,,OK,0
PolypGen,data/external/PolypGen/PolypGen2021_MultiCenterData_v3/sequenceData/positive/seq12/bbox_seq12/EndoCV2021_seq12_428.txt,22,22.00 B,,,OK,0
PolypGen,data/external/PolypGen/PolypGen2021_MultiCenterData_v3/sequenceData/positive/seq12/bbox_seq12/EndoCV2021_seq12_432.txt,22,22.00 B,,,OK,0
PolypGen,data/external/PolypGen/PolypGen2021_MultiCenterData_v3/sequenceData/positive/seq12/bbox_seq12/EndoCV2021_seq12_436.txt,22,22.00 B,,,OK,0
PolypGen,data/external/PolypGen/PolypGen2021_MultiCenterData_v3/sequenceData/positive/seq12/bbox_seq12/EndoCV2021_seq12_44.txt,23,23.00 B,,,OK,0
PolypGen,data/external/PolypGen/PolypGen2021_MultiCenterData_v3/sequenceData/positive/seq12/bbox_seq12/EndoCV2021_seq12_440.txt,22,22.00 B,,,OK,0
PolypGen,data/external/PolypGen/PolypGen2021_MultiCenterData_v3/sequenceData/positive/seq12/bbox_seq12/EndoCV2021_seq12_444.txt,22,22.00 B,,,OK,0
PolypGen,data/external/PolypGen/PolypGen2021_MultiCenterData_v3/sequenceData/positive/seq12/bbox_seq12/EndoCV2021_seq12_448.txt,22,22.00 B,,,OK,0
PolypGen,data/external/PolypGen/PolypGen2021_MultiCenterData_v3/sequenceData/positive/seq12/bbox_seq12/EndoCV2021_seq12_452.txt,22,22.00 B,,,OK,0
PolypGen,data/external/PolypGen/PolypGen2021_MultiCenterData_v3/sequenceData/positive/seq12/bbox_seq12/EndoCV2021_seq12_456.txt,22,22.00 B,,,OK,0
PolypGen,data/external/PolypGen/PolypGen2021_MultiCenterData_v3/sequenceData/positive/seq12/bbox_seq12/EndoCV2021_seq12_460.txt,22,22.00 B,,,OK,0
PolypGen,data/external/PolypGen/PolypGen2021_MultiCenterData_v3/sequenceData/positive/seq12/bbox_seq12/EndoCV2021_seq12_464.txt,22,22.00 B,,,OK,0
PolypGen,data/external/PolypGen/PolypGen2021_MultiCenterData_v3/sequenceData/positive/seq12/bbox_seq12/EndoCV2021_seq12_468.txt,22,22.00 B,,,OK,0
PolypGen,data/external/PolypGen/PolypGen2021_MultiCenterData_v3/sequenceData/positive/seq12/bbox_seq12/EndoCV2021_seq12_472.txt,22,22.00 B,,,OK,0
PolypGen,data/external/PolypGen/PolypGen2021_MultiCenterData_v3/sequenceData/positive/seq12/bbox_seq12/EndoCV2021_seq12_476.txt,22,22.00 B,,,OK,0
PolypGen,data/external/PolypGen/PolypGen2021_MultiCenterData_v3/sequenceData/positive/seq12/bbox_seq12/EndoCV2021_seq12_48.txt,22,22.00 B,,,OK,0
PolypGen,data/external/PolypGen/PolypGen2021_MultiCenterData_v3/sequenceData/positive/seq12/bbox_seq12/EndoCV2021_seq12_480.txt,22,22.00 B,,,OK,0
PolypGen,data/external/PolypGen/PolypGen2021_MultiCenterData_v3/sequenceData/positive/seq12/bbox_seq12/EndoCV2021_seq12_484.txt,22,22.00 B,,,OK,0
PolypGen,data/external/PolypGen/PolypGen2021_MultiCenterData_v3/sequenceData/positive/seq12/bbox_seq12/EndoCV2021_seq12_488.txt,22,22.00 B,,,OK,0
PolypGen,data/external/PolypGen/PolypGen2021_MultiCenterData_v3/sequenceData/positive/seq12/bbox_seq12/EndoCV2021_seq12_492.txt,22,22.00 B,,,OK,0
PolypGen,data/external/PolypGen/PolypGen2021_MultiCenterData_v3/sequenceData/positive/seq12/bbox_seq12/EndoCV2021_seq12_496.txt,22,22.00 B,,,OK,0
PolypGen,data/external/PolypGen/PolypGen2021_MultiCenterData_v3/sequenceData/positive/seq12/bbox_seq12/EndoCV2021_seq12_500.txt,22,22.00 B,,,OK,0
PolypGen,data/external/PolypGen/PolypGen2021_MultiCenterData_v3/sequenceData/positive/seq12/bbox_seq12/EndoCV2021_seq12_504.txt,22,22.00 B,,,OK,0
PolypGen,data/external/PolypGen/PolypGen2021_MultiCenterData_v3/sequenceData/positive/seq12/bbox_seq12/EndoCV2021_seq12_508.txt,22,22.00 B,,,OK,0
PolypGen,data/external/PolypGen/PolypGen2021_MultiCenterData_v3/sequenceData/positive/seq12/bbox_seq12/EndoCV2021_seq12_512.txt,22,22.00 B,,,OK,0
PolypGen,data/external/PolypGen/PolypGen2021_MultiCenterData_v3/sequenceData/positive/seq12/bbox_seq12/EndoCV2021_seq12_516.txt,22,22.00 B,,,OK,0
PolypGen,data/external/PolypGen/PolypGen2021_MultiCenterData_v3/sequenceData/positive/seq12/bbox_seq12/EndoCV2021_seq12_52.txt,22,22.00 B,,,OK,0
PolypGen,data/external/PolypGen/PolypGen2021_MultiCenterData_v3/sequenceData/positive/seq12/bbox_seq12/EndoCV2021_seq12_520.txt,22,22.00 B,,,OK,0
PolypGen,data/external/PolypGen/PolypGen2021_MultiCenterData_v3/sequenceData/positive/seq12/bbox_seq12/EndoCV2021_seq12_524.txt,22,22.00 B,,,OK,0
PolypGen,data/external/PolypGen/PolypGen2021_MultiCenterData_v3/sequenceData/positive/seq12/bbox_seq12/EndoCV2021_seq12_528.txt,22,22.00 B,,,OK,0
PolypGen,data/external/PolypGen/PolypGen2021_MultiCenterData_v3/sequenceData/positive/seq12/bbox_seq12/EndoCV2021_seq12_532.txt,22,22.00 B,,,OK,0
PolypGen,data/external/PolypGen/PolypGen2021_MultiCenterData_v3/sequenceData/positive/seq12/bbox_seq12/EndoCV2021_seq12_536.txt,22,22.00 B,,,OK,0
PolypGen,data/external/PolypGen/PolypGen2021_MultiCenterData_v3/sequenceData/positive/seq12/bbox_seq12/EndoCV2021_seq12_540.txt,22,22.00 B,,,OK,0
PolypGen,data/external/PolypGen/PolypGen2021_MultiCenterData_v3/sequenceData/positive/seq12/bbox_seq12/EndoCV2021_seq12_544.txt,22,22.00 B,,,OK,0
PolypGen,data/external/PolypGen/PolypGen2021_MultiCenterData_v3/sequenceData/positive/seq12/bbox_seq12/EndoCV2021_seq12_548.txt,22,22.00 B,,,OK,0
PolypGen,data/external/PolypGen/PolypGen2021_MultiCenterData_v3/sequenceData/positive/seq12/bbox_seq12/EndoCV2021_seq12_552.txt,22,22.00 B,,,OK,0
PolypGen,data/external/PolypGen/PolypGen2021_MultiCenterData_v3/sequenceData/positive/seq12/bbox_seq12/EndoCV2021_seq12_556.txt,22,22.00 B,,,OK,0
PolypGen,data/external/PolypGen/PolypGen2021_MultiCenterData_v3/sequenceData/positive/seq12/bbox_seq12/EndoCV2021_seq12_56.txt,22,22.00 B,,,OK,0
PolypGen,data/external/PolypGen/PolypGen2021_MultiCenterData_v3/sequenceData/positive/seq12/bbox_seq12/EndoCV2021_seq12_560.txt,22,22.00 B,,,OK,0
PolypGen,data/external/PolypGen/PolypGen2021_MultiCenterData_v3/sequenceData/positive/seq12/bbox_seq12/EndoCV2021_seq12_564.txt,22,22.00 B,,,OK,0
PolypGen,data/external/PolypGen/PolypGen2021_MultiCenterData_v3/sequenceData/positive/seq12/bbox_seq12/EndoCV2021_seq12_568.txt,22,22.00 B,,,OK,0
PolypGen,data/external/PolypGen/PolypGen2021_MultiCenterData_v3/sequenceData/positive/seq12/bbox_seq12/EndoCV2021_seq12_572.txt,22,22.00 B,,,OK,0
PolypGen,data/external/PolypGen/PolypGen2021_MultiCenterData_v3/sequenceData/positive/seq12/bbox_seq12/EndoCV2021_seq12_576.txt,22,22.00 B,,,OK,0
PolypGen,data/external/PolypGen/PolypGen2021_MultiCenterData_v3/sequenceData/positive/seq12/bbox_seq12/EndoCV2021_seq12_580.txt,22,22.00 B,,,OK,0
PolypGen,data/external/PolypGen/PolypGen2021_MultiCenterData_v3/sequenceData/positive/seq12/bbox_seq12/EndoCV2021_seq12_584.txt,22,22.00 B,,,OK,0
PolypGen,data/external/PolypGen/PolypGen2021_MultiCenterData_v3/sequenceData/positive/seq12/bbox_seq12/EndoCV2021_seq12_588.txt,22,22.00 B,,,OK,0
PolypGen,data/external/PolypGen/PolypGen2021_MultiCenterData_v3/sequenceData/positive/seq12/bbox_seq12/EndoCV2021_seq12_592.txt,44,44.00 B,,,OK,0
PolypGen,data/external/PolypGen/PolypGen2021_MultiCenterData_v3/sequenceData/positive/seq12/bbox_seq12/EndoCV2021_seq12_596.txt,22,22.00 B,,,OK,0
PolypGen,data/external/PolypGen/PolypGen2021_MultiCenterData_v3/sequenceData/positive/seq12/bbox_seq12/EndoCV2021_seq12_60.txt,22,22.00 B,,,OK,0
PolypGen,data/external/PolypGen/PolypGen2021_MultiCenterData_v3/sequenceData/positive/seq12/bbox_seq12/EndoCV2021_seq12_600.txt,22,22.00 B,,,OK,0
PolypGen,data/external/PolypGen/PolypGen2021_MultiCenterData_v3/sequenceData/positive/seq12/bbox_seq12/EndoCV2021_seq12_604.txt,22,22.00 B,,,OK,0
PolypGen,data/external/PolypGen/PolypGen2021_MultiCenterData_v3/sequenceData/positive/seq12/bbox_seq12/EndoCV2021_seq12_608.txt,22,22.00 B,,,OK,0
PolypGen,data/external/PolypGen/PolypGen2021_MultiCenterData_v3/sequenceData/positive/seq12/bbox_seq12/EndoCV2021_seq12_612.txt,23,23.00 B,,,OK,0
PolypGen,data/external/PolypGen/PolypGen2021_MultiCenterData_v3/sequenceData/positive/seq12/bbox_seq12/EndoCV2021_seq12_616.txt,23,23.00 B,,,OK,0
PolypGen,data/external/PolypGen/PolypGen2021_MultiCenterData_v3/sequenceData/positive/seq12/bbox_seq12/EndoCV2021_seq12_620.txt,23,23.00 B,,,OK,0
PolypGen,data/external/PolypGen/PolypGen2021_MultiCenterData_v3/sequenceData/positive/seq12/bbox_seq12/EndoCV2021_seq12_624.txt,23,23.00 B,,,OK,0
PolypGen,data/external/PolypGen/PolypGen2021_MultiCenterData_v3/sequenceData/positive/seq12/bbox_seq12/EndoCV2021_seq12_628.txt,22,22.00 B,,,OK,0
PolypGen,data/external/PolypGen/PolypGen2021_MultiCenterData_v3/sequenceData/positive/seq12/bbox_seq12/EndoCV2021_seq12_632.txt,22,22.00 B,,,OK,0
PolypGen,data/external/PolypGen/PolypGen2021_MultiCenterData_v3/sequenceData/positive/seq12/bbox_seq12/EndoCV2021_seq12_636.txt,22,22.00 B,,,OK,0
PolypGen,data/external/PolypGen/PolypGen2021_MultiCenterData_v3/sequenceData/positive/seq12/bbox_seq12/EndoCV2021_seq12_64.txt,22,22.00 B,,,OK,0
PolypGen,data/external/PolypGen/PolypGen2021_MultiCenterData_v3/sequenceData/positive/seq12/bbox_seq12/EndoCV2021_seq12_640.txt,22,22.00 B,,,OK,0
PolypGen,data/external/PolypGen/PolypGen2021_MultiCenterData_v3/sequenceData/positive/seq12/bbox_seq12/EndoCV2021_seq12_644.txt,22,22.00 B,,,OK,0
PolypGen,data/external/PolypGen/PolypGen2021_MultiCenterData_v3/sequenceData/positive/seq12/bbox_seq12/EndoCV2021_seq12_648.txt,22,22.00 B,,,OK,0
PolypGen,data/external/PolypGen/PolypGen2021_MultiCenterData_v3/sequenceData/positive/seq12/bbox_seq12/EndoCV2021_seq12_652.txt,22,22.00 B,,,OK,0
PolypGen,data/external/PolypGen/PolypGen2021_MultiCenterData_v3/sequenceData/positive/seq12/bbox_seq12/EndoCV2021_seq12_656.txt,22,22.00 B,,,OK,0
PolypGen,data/external/PolypGen/PolypGen2021_MultiCenterData_v3/sequenceData/positive/seq12/bbox_seq12/EndoCV2021_seq12_660.txt,22,22.00 B,,,OK,0
PolypGen,data/external/PolypGen/PolypGen2021_MultiCenterData_v3/sequenceData/positive/seq12/bbox_seq12/EndoCV2021_seq12_664.txt,22,22.00 B,,,OK,0
PolypGen,data/external/PolypGen/PolypGen2021_MultiCenterData_v3/sequenceData/positive/seq12/bbox_seq12/EndoCV2021_seq12_668.txt,22,22.00 B,,,OK,0
PolypGen,data/external/PolypGen/PolypGen2021_MultiCenterData_v3/sequenceData/positive/seq12/bbox_seq12/EndoCV2021_seq12_672.txt,22,22.00 B,,,OK,0
PolypGen,data/external/PolypGen/PolypGen2021_MultiCenterData_v3/sequenceData/positive/seq12/bbox_seq12/EndoCV2021_seq12_676.txt,22,22.00 B,,,OK,0
PolypGen,data/external/PolypGen/PolypGen2021_MultiCenterData_v3/sequenceData/positive/seq12/bbox_seq12/EndoCV2021_seq12_68.txt,22,22.00 B,,,OK,0
PolypGen,data/external/PolypGen/PolypGen2021_MultiCenterData_v3/sequenceData/positive/seq12/bbox_seq12/EndoCV2021_seq12_680.txt,22,22.00 B,,,OK,0
PolypGen,data/external/PolypGen/PolypGen2021_MultiCenterData_v3/sequenceData/positive/seq12/bbox_seq12/EndoCV2021_seq12_684.txt,22,22.00 B,,,OK,0
PolypGen,data/external/PolypGen/PolypGen2021_MultiCenterData_v3/sequenceData/positive/seq12/bbox_seq12/EndoCV2021_seq12_688.txt,22,22.00 B,,,OK,0
PolypGen,data/external/PolypGen/PolypGen2021_MultiCenterData_v3/sequenceData/positive/seq12/bbox_seq12/EndoCV2021_seq12_692.txt,22,22.00 B,,,OK,0
PolypGen,data/external/PolypGen/PolypGen2021_MultiCenterData_v3/sequenceData/positive/seq12/bbox_seq12/EndoCV2021_seq12_696.txt,22,22.00 B,,,OK,0
PolypGen,data/external/PolypGen/PolypGen2021_MultiCenterData_v3/sequenceData/positive/seq12/bbox_seq12/EndoCV2021_seq12_700.txt,22,22.00 B,,,OK,0
PolypGen,data/external/PolypGen/PolypGen2021_MultiCenterData_v3/sequenceData/positive/seq12/bbox_seq12/EndoCV2021_seq12_704.txt,22,22.00 B,,,OK,0
PolypGen,data/external/PolypGen/PolypGen2021_MultiCenterData_v3/sequenceData/positive/seq12/bbox_seq12/EndoCV2021_seq12_708.txt,22,22.00 B,,,OK,0
PolypGen,data/external/PolypGen/PolypGen2021_MultiCenterData_v3/sequenceData/positive/seq12/bbox_seq12/EndoCV2021_seq12_712.txt,22,22.00 B,,,OK,0
PolypGen,data/external/PolypGen/PolypGen2021_MultiCenterData_v3/sequenceData/positive/seq12/bbox_seq12/EndoCV2021_seq12_716.txt,22,22.00 B,,,OK,0
PolypGen,data/external/PolypGen/PolypGen2021_MultiCenterData_v3/sequenceData/positive/seq12/bbox_seq12/EndoCV2021_seq12_72.txt,22,22.00 B,,,OK,0
PolypGen,data/external/PolypGen/PolypGen2021_MultiCenterData_v3/sequenceData/positive/seq12/bbox_seq12/EndoCV2021_seq12_720.txt,22,22.00 B,,,OK,0
PolypGen,data/external/PolypGen/PolypGen2021_MultiCenterData_v3/sequenceData/positive/seq12/bbox_seq12/EndoCV2021_seq12_724.txt,22,22.00 B,,,OK,0
PolypGen,data/external/PolypGen/PolypGen2021_MultiCenterData_v3/sequenceData/positive/seq12/bbox_seq12/EndoCV2021_seq12_728.txt,22,22.00 B,,,OK,0
PolypGen,data/external/PolypGen/PolypGen2021_MultiCenterData_v3/sequenceData/positive/seq12/bbox_seq12/EndoCV2021_seq12_732.txt,22,22.00 B,,,OK,0
PolypGen,data/external/PolypGen/PolypGen2021_MultiCenterData_v3/sequenceData/positive/seq12/bbox_seq12/EndoCV2021_seq12_736.txt,22,22.00 B,,,OK,0
PolypGen,data/external/PolypGen/PolypGen2021_MultiCenterData_v3/sequenceData/positive/seq12/bbox_seq12/EndoCV2021_seq12_740.txt,22,22.00 B,,,OK,0
PolypGen,data/external/PolypGen/PolypGen2021_MultiCenterData_v3/sequenceData/positive/seq12/bbox_seq12/EndoCV2021_seq12_744.txt,22,22.00 B,,,OK,0
PolypGen,data/external/PolypGen/PolypGen2021_MultiCenterData_v3/sequenceData/positive/seq12/bbox_seq12/EndoCV2021_seq12_748.txt,22,22.00 B,,,OK,0
PolypGen,data/external/PolypGen/PolypGen2021_MultiCenterData_v3/sequenceData/positive/seq12/bbox_seq12/EndoCV2021_seq12_752.txt,22,22.00 B,,,OK,0
PolypGen,data/external/PolypGen/PolypGen2021_MultiCenterData_v3/sequenceData/positive/seq12/bbox_seq12/EndoCV2021_seq12_756.txt,22,22.00 B,,,OK,0
PolypGen,data/external/PolypGen/PolypGen2021_MultiCenterData_v3/sequenceData/positive/seq12/bbox_seq12/EndoCV2021_seq12_76.txt,22,22.00 B,,,OK,0
PolypGen,data/external/PolypGen/PolypGen2021_MultiCenterData_v3/sequenceData/positive/seq12/bbox_seq12/EndoCV2021_seq12_760.txt,22,22.00 B,,,OK,0
PolypGen,data/external/PolypGen/PolypGen2021_MultiCenterData_v3/sequenceData/positive/seq12/bbox_seq12/EndoCV2021_seq12_764.txt,22,22.00 B,,,OK,0
PolypGen,data/external/PolypGen/PolypGen2021_MultiCenterData_v3/sequenceData/positive/seq12/bbox_seq12/EndoCV2021_seq12_768.txt,22,22.00 B,,,OK,0
PolypGen,data/external/PolypGen/PolypGen2021_MultiCenterData_v3/sequenceData/positive/seq12/bbox_seq12/EndoCV2021_seq12_772.txt,22,22.00 B,,,OK,0
PolypGen,data/external/PolypGen/PolypGen2021_MultiCenterData_v3/sequenceData/positive/seq12/bbox_seq12/EndoCV2021_seq12_776.txt,22,22.00 B,,,OK,0
PolypGen,data/external/PolypGen/PolypGen2021_MultiCenterData_v3/sequenceData/positive/seq12/bbox_seq12/EndoCV2021_seq12_780.txt,22,22.00 B,,,OK,0
PolypGen,data/external/PolypGen/PolypGen2021_MultiCenterData_v3/sequenceData/positive/seq12/bbox_seq12/EndoCV2021_seq12_784.txt,22,22.00 B,,,OK,0
PolypGen,data/external/PolypGen/PolypGen2021_MultiCenterData_v3/sequenceData/positive/seq12/bbox_seq12/EndoCV2021_seq12_788.txt,22,22.00 B,,,OK,0
PolypGen,data/external/PolypGen/PolypGen2021_MultiCenterData_v3/sequenceData/positive/seq12/bbox_seq12/EndoCV2021_seq12_792.txt,22,22.00 B,,,OK,0
PolypGen,data/external/PolypGen/PolypGen2021_MultiCenterData_v3/sequenceData/positive/seq12/bbox_seq12/EndoCV2021_seq12_796.txt,22,22.00 B,,,OK,0
PolypGen,data/external/PolypGen/PolypGen2021_MultiCenterData_v3/sequenceData/positive/seq12/bbox_seq12/EndoCV2021_seq12_8.txt,23,23.00 B,,,OK,0
PolypGen,data/external/PolypGen/PolypGen2021_MultiCenterData_v3/sequenceData/positive/seq12/bbox_seq12/EndoCV2021_seq12_80.txt,22,22.00 B,,,OK,0
PolypGen,data/external/PolypGen/PolypGen2021_MultiCenterData_v3/sequenceData/positive/seq12/bbox_seq12/EndoCV2021_seq12_800.txt,22,22.00 B,,,OK,0
PolypGen,data/external/PolypGen/PolypGen2021_MultiCenterData_v3/sequenceData/positive/seq12/bbox_seq12/EndoCV2021_seq12_804.txt,22,22.00 B,,,OK,0
PolypGen,data/external/PolypGen/PolypGen2021_MultiCenterData_v3/sequenceData/positive/seq12/bbox_seq12/EndoCV2021_seq12_808.txt,22,22.00 B,,,OK,0
PolypGen,data/external/PolypGen/PolypGen2021_MultiCenterData_v3/sequenceData/positive/seq12/bbox_seq12/EndoCV2021_seq12_812.txt,22,22.00 B,,,OK,0
PolypGen,data/external/PolypGen/PolypGen2021_MultiCenterData_v3/sequenceData/positive/seq12/bbox_seq12/EndoCV2021_seq12_816.txt,22,22.00 B,,,OK,0
PolypGen,data/external/PolypGen/PolypGen2021_MultiCenterData_v3/sequenceData/positive/seq12/bbox_seq12/EndoCV2021_seq12_820.txt,22,22.00 B,,,OK,0
PolypGen,data/external/PolypGen/PolypGen2021_MultiCenterData_v3/sequenceData/positive/seq12/bbox_seq12/EndoCV2021_seq12_824.txt,22,22.00 B,,,OK,0
PolypGen,data/external/PolypGen/PolypGen2021_MultiCenterData_v3/sequenceData/positive/seq12/bbox_seq12/EndoCV2021_seq12_828.txt,22,22.00 B,,,OK,0
PolypGen,data/external/PolypGen/PolypGen2021_MultiCenterData_v3/sequenceData/positive/seq12/bbox_seq12/EndoCV2021_seq12_832.txt,22,22.00 B,,,OK,0
PolypGen,data/external/PolypGen/PolypGen2021_MultiCenterData_v3/sequenceData/positive/seq12/bbox_seq12/EndoCV2021_seq12_836.txt,22,22.00 B,,,OK,0
PolypGen,data/external/PolypGen/PolypGen2021_MultiCenterData_v3/sequenceData/positive/seq12/bbox_seq12/EndoCV2021_seq12_84.txt,22,22.00 B,,,OK,0
PolypGen,data/external/PolypGen/PolypGen2021_MultiCenterData_v3/sequenceData/positive/seq12/bbox_seq12/EndoCV2021_seq12_840.txt,22,22.00 B,,,OK,0
PolypGen,data/external/PolypGen/PolypGen2021_MultiCenterData_v3/sequenceData/positive/seq12/bbox_seq12/EndoCV2021_seq12_844.txt,22,22.00 B,,,OK,0
PolypGen,data/external/PolypGen/PolypGen2021_MultiCenterData_v3/sequenceData/positive/seq12/bbox_seq12/EndoCV2021_seq12_848.txt,22,22.00 B,,,OK,0
PolypGen,data/external/PolypGen/PolypGen2021_MultiCenterData_v3/sequenceData/positive/seq12/bbox_seq12/EndoCV2021_seq12_852.txt,22,22.00 B,,,OK,0
PolypGen,data/external/PolypGen/PolypGen2021_MultiCenterData_v3/sequenceData/positive/seq12/bbox_seq12/EndoCV2021_seq12_856.txt,22,22.00 B,,,OK,0
PolypGen,data/external/PolypGen/PolypGen2021_MultiCenterData_v3/sequenceData/positive/seq12/bbox_seq12/EndoCV2021_seq12_860.txt,22,22.00 B,,,OK,0
PolypGen,data/external/PolypGen/PolypGen2021_MultiCenterData_v3/sequenceData/positive/seq12/bbox_seq12/EndoCV2021_seq12_864.txt,22,22.00 B,,,OK,0
PolypGen,data/external/PolypGen/PolypGen2021_MultiCenterData_v3/sequenceData/positive/seq12/bbox_seq12/EndoCV2021_seq12_868.txt,22,22.00 B,,,OK,0
PolypGen,data/external/PolypGen/PolypGen2021_MultiCenterData_v3/sequenceData/positive/seq12/bbox_seq12/EndoCV2021_seq12_872.txt,22,22.00 B,,,OK,0
PolypGen,data/external/PolypGen/PolypGen2021_MultiCenterData_v3/sequenceData/positive/seq12/bbox_seq12/EndoCV2021_seq12_876.txt,22,22.00 B,,,OK,0
PolypGen,data/external/PolypGen/PolypGen2021_MultiCenterData_v3/sequenceData/positive/seq12/bbox_seq12/EndoCV2021_seq12_88.txt,22,22.00 B,,,OK,0
PolypGen,data/external/PolypGen/PolypGen2021_MultiCenterData_v3/sequenceData/positive/seq12/bbox_seq12/EndoCV2021_seq12_880.txt,22,22.00 B,,,OK,0
PolypGen,data/external/PolypGen/PolypGen2021_MultiCenterData_v3/sequenceData/positive/seq12/bbox_seq12/EndoCV2021_seq12_884.txt,22,22.00 B,,,OK,0
PolypGen,data/external/PolypGen/PolypGen2021_MultiCenterData_v3/sequenceData/positive/seq12/bbox_seq12/EndoCV2021_seq12_888.txt,22,22.00 B,,,OK,0
PolypGen,data/external/PolypGen/PolypGen2021_MultiCenterData_v3/sequenceData/positive/seq12/bbox_seq12/EndoCV2021_seq12_892.txt,22,22.00 B,,,OK,0
PolypGen,data/external/PolypGen/PolypGen2021_MultiCenterData_v3/sequenceData/positive/seq12/bbox_seq12/EndoCV2021_seq12_896.txt,22,22.00 B,,,OK,0
PolypGen,data/external/PolypGen/PolypGen2021_MultiCenterData_v3/sequenceData/positive/seq12/bbox_seq12/EndoCV2021_seq12_900.txt,22,22.00 B,,,OK,0
PolypGen,data/external/PolypGen/PolypGen2021_MultiCenterData_v3/sequenceData/positive/seq12/bbox_seq12/EndoCV2021_seq12_904.txt,22,22.00 B,,,OK,0
PolypGen,data/external/PolypGen/PolypGen2021_MultiCenterData_v3/sequenceData/positive/seq12/bbox_seq12/EndoCV2021_seq12_908.txt,22,22.00 B,,,OK,0
PolypGen,data/external/PolypGen/PolypGen2021_MultiCenterData_v3/sequenceData/positive/seq12/bbox_seq12/EndoCV2021_seq12_912.txt,22,22.00 B,,,OK,0
PolypGen,data/external/PolypGen/PolypGen2021_MultiCenterData_v3/sequenceData/positive/seq12/bbox_seq12/EndoCV2021_seq12_916.txt,22,22.00 B,,,OK,0
PolypGen,data/external/PolypGen/PolypGen2021_MultiCenterData_v3/sequenceData/positive/seq12/bbox_seq12/EndoCV2021_seq12_92.txt,22,22.00 B,,,OK,0
PolypGen,data/external/PolypGen/PolypGen2021_MultiCenterData_v3/sequenceData/positive/seq12/bbox_seq12/EndoCV2021_seq12_920.txt,22,22.00 B,,,OK,0
PolypGen,data/external/PolypGen/PolypGen2021_MultiCenterData_v3/sequenceData/positive/seq12/bbox_seq12/EndoCV2021_seq12_924.txt,22,22.00 B,,,OK,0
PolypGen,data/external/PolypGen/PolypGen2021_MultiCenterData_v3/sequenceData/positive/seq12/bbox_seq12/EndoCV2021_seq12_928.txt,22,22.00 B,,,OK,0
PolypGen,data/external/PolypGen/PolypGen2021_MultiCenterData_v3/sequenceData/positive/seq12/bbox_seq12/EndoCV2021_seq12_932.txt,22,22.00 B,,,OK,0
PolypGen,data/external/PolypGen/PolypGen2021_MultiCenterData_v3/sequenceData/positive/seq12/bbox_seq12/EndoCV2021_seq12_936.txt,22,22.00 B,,,OK,0
PolypGen,data/external/PolypGen/PolypGen2021_MultiCenterData_v3/sequenceData/positive/seq12/bbox_seq12/EndoCV2021_seq12_940.txt,22,22.00 B,,,OK,0
PolypGen,data/external/PolypGen/PolypGen2021_MultiCenterData_v3/sequenceData/positive/seq12/bbox_seq12/EndoCV2021_seq12_944.txt,22,22.00 B,,,OK,0
PolypGen,data/external/PolypGen/PolypGen2021_MultiCenterData_v3/sequenceData/positive/seq12/bbox_seq12/EndoCV2021_seq12_948.txt,22,22.00 B,,,OK,0
PolypGen,data/external/PolypGen/PolypGen2021_MultiCenterData_v3/sequenceData/positive/seq12/bbox_seq12/EndoCV2021_seq12_952.txt,22,22.00 B,,,OK,0
PolypGen,data/external/PolypGen/PolypGen2021_MultiCenterData_v3/sequenceData/positive/seq12/bbox_seq12/EndoCV2021_seq12_956.txt,22,22.00 B,,,OK,0
PolypGen,data/external/PolypGen/PolypGen2021_MultiCenterData_v3/sequenceData/positive/seq12/bbox_seq12/EndoCV2021_seq12_96.txt,22,22.00 B,,,OK,0
PolypGen,data/external/PolypGen/PolypGen2021_MultiCenterData_v3/sequenceData/positive/seq12/bbox_seq12/EndoCV2021_seq12_960.txt,22,22.00 B,,,OK,0
PolypGen,data/external/PolypGen/PolypGen2021_MultiCenterData_v3/sequenceData/positive/seq12/bbox_seq12/EndoCV2021_seq12_964.txt,22,22.00 B,,,OK,0
PolypGen,data/external/PolypGen/PolypGen2021_MultiCenterData_v3/sequenceData/positive/seq12/bbox_seq12/EndoCV2021_seq12_968.txt,22,22.00 B,,,OK,0
PolypGen,data/external/PolypGen/PolypGen2021_MultiCenterData_v3/sequenceData/positive/seq12/bbox_seq12/EndoCV2021_seq12_972.txt,22,22.00 B,,,OK,0
PolypGen,data/external/PolypGen/PolypGen2021_MultiCenterData_v3/sequenceData/positive/seq12/bbox_seq12/EndoCV2021_seq12_976.txt,22,22.00 B,,,OK,0
PolypGen,data/external/PolypGen/PolypGen2021_MultiCenterData_v3/sequenceData/positive/seq12/bbox_seq12/EndoCV2021_seq12_980.txt,22,22.00 B,,,OK,0
PolypGen,data/external/PolypGen/PolypGen2021_MultiCenterData_v3/sequenceData/positive/seq12/bbox_seq12/EndoCV2021_seq12_984.txt,22,22.00 B,,,OK,0
PolypGen,data/external/PolypGen/PolypGen2021_MultiCenterData_v3/sequenceData/positive/seq12/bbox_seq12/EndoCV2021_seq12_988.txt,22,22.00 B,,,OK,0
PolypGen,data/external/PolypGen/PolypGen2021_MultiCenterData_v3/sequenceData/positive/seq12/bbox_seq12/EndoCV2021_seq12_992.txt,22,22.00 B,,,OK,0
PolypGen,data/external/PolypGen/PolypGen2021_MultiCenterData_v3/sequenceData/positive/seq12/bbox_seq12/EndoCV2021_seq12_996.txt,22,22.00 B,,,OK,0
PolypGen,data/external/PolypGen/PolypGen2021_MultiCenterData_v3/sequenceData/positive/seq13/bbox_seq13/EndoCV2021_seq13_0.txt,1,1.00 B,,,OK,0
PolypGen,data/external/PolypGen/PolypGen2021_MultiCenterData_v3/sequenceData/positive/seq13/bbox_seq13/EndoCV2021_seq13_100.txt,23,23.00 B,,,OK,0
PolypGen,data/external/PolypGen/PolypGen2021_MultiCenterData_v3/sequenceData/positive/seq13/bbox_seq13/EndoCV2021_seq13_104.txt,23,23.00 B,,,OK,0
PolypGen,data/external/PolypGen/PolypGen2021_MultiCenterData_v3/sequenceData/positive/seq13/bbox_seq13/EndoCV2021_seq13_108.txt,24,24.00 B,,,OK,0
PolypGen,data/external/PolypGen/PolypGen2021_MultiCenterData_v3/sequenceData/positive/seq13/bbox_seq13/EndoCV2021_seq13_112.txt,1,1.00 B,,,OK,0
PolypGen,data/external/PolypGen/PolypGen2021_MultiCenterData_v3/sequenceData/positive/seq13/bbox_seq13/EndoCV2021_seq13_116.txt,1,1.00 B,,,OK,0
PolypGen,data/external/PolypGen/PolypGen2021_MultiCenterData_v3/sequenceData/positive/seq13/bbox_seq13/EndoCV2021_seq13_12.txt,1,1.00 B,,,OK,0
PolypGen,data/external/PolypGen/PolypGen2021_MultiCenterData_v3/sequenceData/positive/seq13/bbox_seq13/EndoCV2021_seq13_120.txt,1,1.00 B,,,OK,0
PolypGen,data/external/PolypGen/PolypGen2021_MultiCenterData_v3/sequenceData/positive/seq13/bbox_seq13/EndoCV2021_seq13_124.txt,1,1.00 B,,,OK,0
PolypGen,data/external/PolypGen/PolypGen2021_MultiCenterData_v3/sequenceData/positive/seq13/bbox_seq13/EndoCV2021_seq13_128.txt,24,24.00 B,,,OK,0
PolypGen,data/external/PolypGen/PolypGen2021_MultiCenterData_v3/sequenceData/positive/seq13/bbox_seq13/EndoCV2021_seq13_132.txt,24,24.00 B,,,OK,0
PolypGen,data/external/PolypGen/PolypGen2021_MultiCenterData_v3/sequenceData/positive/seq13/bbox_seq13/EndoCV2021_seq13_136.txt,24,24.00 B,,,OK,0
PolypGen,data/external/PolypGen/PolypGen2021_MultiCenterData_v3/sequenceData/positive/seq13/bbox_seq13/EndoCV2021_seq13_140.txt,24,24.00 B,,,OK,0
PolypGen,data/external/PolypGen/PolypGen2021_MultiCenterData_v3/sequenceData/positive/seq13/bbox_seq13/EndoCV2021_seq13_144.txt,48,48.00 B,,,OK,0
PolypGen,data/external/PolypGen/PolypGen2021_MultiCenterData_v3/sequenceData/positive/seq13/bbox_seq13/EndoCV2021_seq13_148.txt,24,24.00 B,,,OK,0
PolypGen,data/external/PolypGen/PolypGen2021_MultiCenterData_v3/sequenceData/positive/seq13/bbox_seq13/EndoCV2021_seq13_152.txt,24,24.00 B,,,OK,0
PolypGen,data/external/PolypGen/PolypGen2021_MultiCenterData_v3/sequenceData/positive/seq13/bbox_seq13/EndoCV2021_seq13_156.txt,47,47.00 B,,,OK,0
PolypGen,data/external/PolypGen/PolypGen2021_MultiCenterData_v3/sequenceData/positive/seq13/bbox_seq13/EndoCV2021_seq13_16.txt,1,1.00 B,,,OK,0
PolypGen,data/external/PolypGen/PolypGen2021_MultiCenterData_v3/sequenceData/positive/seq13/bbox_seq13/EndoCV2021_seq13_160.txt,24,24.00 B,,,OK,0
PolypGen,data/external/PolypGen/PolypGen2021_MultiCenterData_v3/sequenceData/positive/seq13/bbox_seq13/EndoCV2021_seq13_164.txt,24,24.00 B,,,OK,0
PolypGen,data/external/PolypGen/PolypGen2021_MultiCenterData_v3/sequenceData/positive/seq13/bbox_seq13/EndoCV2021_seq13_168.txt,22,22.00 B,,,OK,0
PolypGen,data/external/PolypGen/PolypGen2021_MultiCenterData_v3/sequenceData/positive/seq13/bbox_seq13/EndoCV2021_seq13_172.txt,20,20.00 B,,,OK,0
PolypGen,data/external/PolypGen/PolypGen2021_MultiCenterData_v3/sequenceData/positive/seq13/bbox_seq13/EndoCV2021_seq13_176.txt,21,21.00 B,,,OK,0
PolypGen,data/external/PolypGen/PolypGen2021_MultiCenterData_v3/sequenceData/positive/seq13/bbox_seq13/EndoCV2021_seq13_180.txt,22,22.00 B,,,OK,0
PolypGen,data/external/PolypGen/PolypGen2021_MultiCenterData_v3/sequenceData/positive/seq13/bbox_seq13/EndoCV2021_seq13_184.txt,22,22.00 B,,,OK,0
PolypGen,data/external/PolypGen/PolypGen2021_MultiCenterData_v3/sequenceData/positive/seq13/bbox_seq13/EndoCV2021_seq13_188.txt,22,22.00 B,,,OK,0
PolypGen,data/external/PolypGen/PolypGen2021_MultiCenterData_v3/sequenceData/positive/seq13/bbox_seq13/EndoCV2021_seq13_192.txt,1,1.00 B,,,OK,0
PolypGen,data/external/PolypGen/PolypGen2021_MultiCenterData_v3/sequenceData/positive/seq13/bbox_seq13/EndoCV2021_seq13_196.txt,1,1.00 B,,,OK,0
PolypGen,data/external/PolypGen/PolypGen2021_MultiCenterData_v3/sequenceData/positive/seq13/bbox_seq13/EndoCV2021_seq13_20.txt,1,1.00 B,,,OK,0
PolypGen,data/external/PolypGen/PolypGen2021_MultiCenterData_v3/sequenceData/positive/seq13/bbox_seq13/EndoCV2021_seq13_200.txt,1,1.00 B,,,OK,0
PolypGen,data/external/PolypGen/PolypGen2021_MultiCenterData_v3/sequenceData/positive/seq13/bbox_seq13/EndoCV2021_seq13_204.txt,1,1.00 B,,,OK,0
PolypGen,data/external/PolypGen/PolypGen2021_MultiCenterData_v3/sequenceData/positive/seq13/bbox_seq13/EndoCV2021_seq13_208.txt,1,1.00 B,,,OK,0
PolypGen,data/external/PolypGen/PolypGen2021_MultiCenterData_v3/sequenceData/positive/seq13/bbox_seq13/EndoCV2021_seq13_212.txt,1,1.00 B,,,OK,0
PolypGen,data/external/PolypGen/PolypGen2021_MultiCenterData_v3/sequenceData/positive/seq13/bbox_seq13/EndoCV2021_seq13_216.txt,1,1.00 B,,,OK,0
PolypGen,data/external/PolypGen/PolypGen2021_MultiCenterData_v3/sequenceData/positive/seq13/bbox_seq13/EndoCV2021_seq13_220.txt,1,1.00 B,,,OK,0
PolypGen,data/external/PolypGen/PolypGen2021_MultiCenterData_v3/sequenceData/positive/seq13/bbox_seq13/EndoCV2021_seq13_224.txt,1,1.00 B,,,OK,0
PolypGen,data/external/PolypGen/PolypGen2021_MultiCenterData_v3/sequenceData/positive/seq13/bbox_seq13/EndoCV2021_seq13_228.txt,1,1.00 B,,,OK,0
PolypGen,data/external/PolypGen/PolypGen2021_MultiCenterData_v3/sequenceData/positive/seq13/bbox_seq13/EndoCV2021_seq13_232.txt,1,1.00 B,,,OK,0
PolypGen,data/external/PolypGen/PolypGen2021_MultiCenterData_v3/sequenceData/positive/seq13/bbox_seq13/EndoCV2021_seq13_236.txt,1,1.00 B,,,OK,0
PolypGen,data/external/PolypGen/PolypGen2021_MultiCenterData_v3/sequenceData/positive/seq13/bbox_seq13/EndoCV2021_seq13_24.txt,1,1.00 B,,,OK,0
PolypGen,data/external/PolypGen/PolypGen2021_MultiCenterData_v3/sequenceData/positive/seq13/bbox_seq13/EndoCV2021_seq13_240.txt,1,1.00 B,,,OK,0
PolypGen,data/external/PolypGen/PolypGen2021_MultiCenterData_v3/sequenceData/positive/seq13/bbox_seq13/EndoCV2021_seq13_244.txt,1,1.00 B,,,OK,0
PolypGen,data/external/PolypGen/PolypGen2021_MultiCenterData_v3/sequenceData/positive/seq13/bbox_seq13/EndoCV2021_seq13_248.txt,1,1.00 B,,,OK,0
PolypGen,data/external/PolypGen/PolypGen2021_MultiCenterData_v3/sequenceData/positive/seq13/bbox_seq13/EndoCV2021_seq13_252.txt,1,1.00 B,,,OK,0
PolypGen,data/external/PolypGen/PolypGen2021_MultiCenterData_v3/sequenceData/positive/seq13/bbox_seq13/EndoCV2021_seq13_256.txt,1,1.00 B,,,OK,0
PolypGen,data/external/PolypGen/PolypGen2021_MultiCenterData_v3/sequenceData/positive/seq13/bbox_seq13/EndoCV2021_seq13_260.txt,1,1.00 B,,,OK,0
PolypGen,data/external/PolypGen/PolypGen2021_MultiCenterData_v3/sequenceData/positive/seq13/bbox_seq13/EndoCV2021_seq13_264.txt,19,19.00 B,,,OK,0
PolypGen,data/external/PolypGen/PolypGen2021_MultiCenterData_v3/sequenceData/positive/seq13/bbox_seq13/EndoCV2021_seq13_268.txt,20,20.00 B,,,OK,0
PolypGen,data/external/PolypGen/PolypGen2021_MultiCenterData_v3/sequenceData/positive/seq13/bbox_seq13/EndoCV2021_seq13_272.txt,20,20.00 B,,,OK,0
PolypGen,data/external/PolypGen/PolypGen2021_MultiCenterData_v3/sequenceData/positive/seq13/bbox_seq13/EndoCV2021_seq13_276.txt,20,20.00 B,,,OK,0
PolypGen,data/external/PolypGen/PolypGen2021_MultiCenterData_v3/sequenceData/positive/seq13/bbox_seq13/EndoCV2021_seq13_28.txt,24,24.00 B,,,OK,0
PolypGen,data/external/PolypGen/PolypGen2021_MultiCenterData_v3/sequenceData/positive/seq13/bbox_seq13/EndoCV2021_seq13_280.txt,20,20.00 B,,,OK,0
PolypGen,data/external/PolypGen/PolypGen2021_MultiCenterData_v3/sequenceData/positive/seq13/bbox_seq13/EndoCV2021_seq13_284.txt,20,20.00 B,,,OK,0
PolypGen,data/external/PolypGen/PolypGen2021_MultiCenterData_v3/sequenceData/positive/seq13/bbox_seq13/EndoCV2021_seq13_288.txt,20,20.00 B,,,OK,0
PolypGen,data/external/PolypGen/PolypGen2021_MultiCenterData_v3/sequenceData/positive/seq13/bbox_seq13/EndoCV2021_seq13_292.txt,20,20.00 B,,,OK,0
PolypGen,data/external/PolypGen/PolypGen2021_MultiCenterData_v3/sequenceData/positive/seq13/bbox_seq13/EndoCV2021_seq13_296.txt,20,20.00 B,,,OK,0
PolypGen,data/external/PolypGen/PolypGen2021_MultiCenterData_v3/sequenceData/positive/seq13/bbox_seq13/EndoCV2021_seq13_300.txt,20,20.00 B,,,OK,0
PolypGen,data/external/PolypGen/PolypGen2021_MultiCenterData_v3/sequenceData/positive/seq13/bbox_seq13/EndoCV2021_seq13_304.txt,20,20.00 B,,,OK,0
PolypGen,data/external/PolypGen/PolypGen2021_MultiCenterData_v3/sequenceData/positive/seq13/bbox_seq13/EndoCV2021_seq13_308.txt,19,19.00 B,,,OK,0
PolypGen,data/external/PolypGen/PolypGen2021_MultiCenterData_v3/sequenceData/positive/seq13/bbox_seq13/EndoCV2021_seq13_312.txt,19,19.00 B,,,OK,0
PolypGen,data/external/PolypGen/PolypGen2021_MultiCenterData_v3/sequenceData/positive/seq13/bbox_seq13/EndoCV2021_seq13_316.txt,19,19.00 B,,,OK,0
PolypGen,data/external/PolypGen/PolypGen2021_MultiCenterData_v3/sequenceData/positive/seq13/bbox_seq13/EndoCV2021_seq13_32.txt,22,22.00 B,,,OK,0
PolypGen,data/external/PolypGen/PolypGen2021_MultiCenterData_v3/sequenceData/positive/seq13/bbox_seq13/EndoCV2021_seq13_320.txt,19,19.00 B,,,OK,0
PolypGen,data/external/PolypGen/PolypGen2021_MultiCenterData_v3/sequenceData/positive/seq13/bbox_seq13/EndoCV2021_seq13_324.txt,20,20.00 B,,,OK,0
PolypGen,data/external/PolypGen/PolypGen2021_MultiCenterData_v3/sequenceData/positive/seq13/bbox_seq13/EndoCV2021_seq13_328.txt,20,20.00 B,,,OK,0
PolypGen,data/external/PolypGen/PolypGen2021_MultiCenterData_v3/sequenceData/positive/seq13/bbox_seq13/EndoCV2021_seq13_332.txt,19,19.00 B,,,OK,0
PolypGen,data/external/PolypGen/PolypGen2021_MultiCenterData_v3/sequenceData/positive/seq13/bbox_seq13/EndoCV2021_seq13_336.txt,1,1.00 B,,,OK,0
PolypGen,data/external/PolypGen/PolypGen2021_MultiCenterData_v3/sequenceData/positive/seq13/bbox_seq13/EndoCV2021_seq13_340.txt,19,19.00 B,,,OK,0
PolypGen,data/external/PolypGen/PolypGen2021_MultiCenterData_v3/sequenceData/positive/seq13/bbox_seq13/EndoCV2021_seq13_344.txt,20,20.00 B,,,OK,0
PolypGen,data/external/PolypGen/PolypGen2021_MultiCenterData_v3/sequenceData/positive/seq13/bbox_seq13/EndoCV2021_seq13_348.txt,19,19.00 B,,,OK,0
PolypGen,data/external/PolypGen/PolypGen2021_MultiCenterData_v3/sequenceData/positive/seq13/bbox_seq13/EndoCV2021_seq13_352.txt,19,19.00 B,,,OK,0
PolypGen,data/external/PolypGen/PolypGen2021_MultiCenterData_v3/sequenceData/positive/seq13/bbox_seq13/EndoCV2021_seq13_356.txt,19,19.00 B,,,OK,0
PolypGen,data/external/PolypGen/PolypGen2021_MultiCenterData_v3/sequenceData/positive/seq13/bbox_seq13/EndoCV2021_seq13_36.txt,23,23.00 B,,,OK,0
PolypGen,data/external/PolypGen/PolypGen2021_MultiCenterData_v3/sequenceData/positive/seq13/bbox_seq13/EndoCV2021_seq13_360.txt,19,19.00 B,,,OK,0
PolypGen,data/external/PolypGen/PolypGen2021_MultiCenterData_v3/sequenceData/positive/seq13/bbox_seq13/EndoCV2021_seq13_364.txt,19,19.00 B,,,OK,0
PolypGen,data/external/PolypGen/PolypGen2021_MultiCenterData_v3/sequenceData/positive/seq13/bbox_seq13/EndoCV2021_seq13_368.txt,19,19.00 B,,,OK,0
PolypGen,data/external/PolypGen/PolypGen2021_MultiCenterData_v3/sequenceData/positive/seq13/bbox_seq13/EndoCV2021_seq13_372.txt,1,1.00 B,,,OK,0
PolypGen,data/external/PolypGen/PolypGen2021_MultiCenterData_v3/sequenceData/positive/seq13/bbox_seq13/EndoCV2021_seq13_376.txt,1,1.00 B,,,OK,0
PolypGen,data/external/PolypGen/PolypGen2021_MultiCenterData_v3/sequenceData/positive/seq13/bbox_seq13/EndoCV2021_seq13_380.txt,1,1.00 B,,,OK,0
PolypGen,data/external/PolypGen/PolypGen2021_MultiCenterData_v3/sequenceData/positive/seq13/bbox_seq13/EndoCV2021_seq13_384.txt,1,1.00 B,,,OK,0
PolypGen,data/external/PolypGen/PolypGen2021_MultiCenterData_v3/sequenceData/positive/seq13/bbox_seq13/EndoCV2021_seq13_388.txt,1,1.00 B,,,OK,0
PolypGen,data/external/PolypGen/PolypGen2021_MultiCenterData_v3/sequenceData/positive/seq13/bbox_seq13/EndoCV2021_seq13_392.txt,1,1.00 B,,,OK,0
PolypGen,data/external/PolypGen/PolypGen2021_MultiCenterData_v3/sequenceData/positive/seq13/bbox_seq13/EndoCV2021_seq13_396.txt,1,1.00 B,,,OK,0
PolypGen,data/external/PolypGen/PolypGen2021_MultiCenterData_v3/sequenceData/positive/seq13/bbox_seq13/EndoCV2021_seq13_4.txt,1,1.00 B,,,OK,0
PolypGen,data/external/PolypGen/PolypGen2021_MultiCenterData_v3/sequenceData/positive/seq13/bbox_seq13/EndoCV2021_seq13_40.txt,23,23.00 B,,,OK,0
PolypGen,data/external/PolypGen/PolypGen2021_MultiCenterData_v3/sequenceData/positive/seq13/bbox_seq13/EndoCV2021_seq13_400.txt,1,1.00 B,,,OK,0
PolypGen,data/external/PolypGen/PolypGen2021_MultiCenterData_v3/sequenceData/positive/seq13/bbox_seq13/EndoCV2021_seq13_404.txt,1,1.00 B,,,OK,0
PolypGen,data/external/PolypGen/PolypGen2021_MultiCenterData_v3/sequenceData/positive/seq13/bbox_seq13/EndoCV2021_seq13_408.txt,1,1.00 B,,,OK,0
PolypGen,data/external/PolypGen/PolypGen2021_MultiCenterData_v3/sequenceData/positive/seq13/bbox_seq13/EndoCV2021_seq13_412.txt,1,1.00 B,,,OK,0
PolypGen,data/external/PolypGen/PolypGen2021_MultiCenterData_v3/sequenceData/positive/seq13/bbox_seq13/EndoCV2021_seq13_416.txt,1,1.00 B,,,OK,0
PolypGen,data/external/PolypGen/PolypGen2021_MultiCenterData_v3/sequenceData/positive/seq13/bbox_seq13/EndoCV2021_seq13_420.txt,20,20.00 B,,,OK,0
PolypGen,data/external/PolypGen/PolypGen2021_MultiCenterData_v3/sequenceData/positive/seq13/bbox_seq13/EndoCV2021_seq13_424.txt,21,21.00 B,,,OK,0
PolypGen,data/external/PolypGen/PolypGen2021_MultiCenterData_v3/sequenceData/positive/seq13/bbox_seq13/EndoCV2021_seq13_428.txt,20,20.00 B,,,OK,0
PolypGen,data/external/PolypGen/PolypGen2021_MultiCenterData_v3/sequenceData/positive/seq13/bbox_seq13/EndoCV2021_seq13_432.txt,21,21.00 B,,,OK,0
PolypGen,data/external/PolypGen/PolypGen2021_MultiCenterData_v3/sequenceData/positive/seq13/bbox_seq13/EndoCV2021_seq13_436.txt,21,21.00 B,,,OK,0
PolypGen,data/external/PolypGen/PolypGen2021_MultiCenterData_v3/sequenceData/positive/seq13/bbox_seq13/EndoCV2021_seq13_44.txt,24,24.00 B,,,OK,0
PolypGen,data/external/PolypGen/PolypGen2021_MultiCenterData_v3/sequenceData/positive/seq13/bbox_seq13/EndoCV2021_seq13_440.txt,20,20.00 B,,,OK,0
PolypGen,data/external/PolypGen/PolypGen2021_MultiCenterData_v3/sequenceData/positive/seq13/bbox_seq13/EndoCV2021_seq13_444.txt,21,21.00 B,,,OK,0
PolypGen,data/external/PolypGen/PolypGen2021_MultiCenterData_v3/sequenceData/positive/seq13/bbox_seq13/EndoCV2021_seq13_448.txt,1,1.00 B,,,OK,0
PolypGen,data/external/PolypGen/PolypGen2021_MultiCenterData_v3/sequenceData/positive/seq13/bbox_seq13/EndoCV2021_seq13_452.txt,20,20.00 B,,,OK,0
PolypGen,data/external/PolypGen/PolypGen2021_MultiCenterData_v3/sequenceData/positive/seq13/bbox_seq13/EndoCV2021_seq13_456.txt,20,20.00 B,,,OK,0
PolypGen,data/external/PolypGen/PolypGen2021_MultiCenterData_v3/sequenceData/positive/seq13/bbox_seq13/EndoCV2021_seq13_460.txt,21,21.00 B,,,OK,0
PolypGen,data/external/PolypGen/PolypGen2021_MultiCenterData_v3/sequenceData/positive/seq13/bbox_seq13/EndoCV2021_seq13_464.txt,20,20.00 B,,,OK,0
PolypGen,data/external/PolypGen/PolypGen2021_MultiCenterData_v3/sequenceData/positive/seq13/bbox_seq13/EndoCV2021_seq13_468.txt,21,21.00 B,,,OK,0
PolypGen,data/external/PolypGen/PolypGen2021_MultiCenterData_v3/sequenceData/positive/seq13/bbox_seq13/EndoCV2021_seq13_472.txt,21,21.00 B,,,OK,0
PolypGen,data/external/PolypGen/PolypGen2021_MultiCenterData_v3/sequenceData/positive/seq13/bbox_seq13/EndoCV2021_seq13_476.txt,20,20.00 B,,,OK,0
PolypGen,data/external/PolypGen/PolypGen2021_MultiCenterData_v3/sequenceData/positive/seq13/bbox_seq13/EndoCV2021_seq13_48.txt,25,25.00 B,,,OK,0
PolypGen,data/external/PolypGen/PolypGen2021_MultiCenterData_v3/sequenceData/positive/seq13/bbox_seq13/EndoCV2021_seq13_480.txt,21,21.00 B,,,OK,0
PolypGen,data/external/PolypGen/PolypGen2021_MultiCenterData_v3/sequenceData/positive/seq13/bbox_seq13/EndoCV2021_seq13_484.txt,20,20.00 B,,,OK,0
PolypGen,data/external/PolypGen/PolypGen2021_MultiCenterData_v3/sequenceData/positive/seq13/bbox_seq13/EndoCV2021_seq13_488.txt,20,20.00 B,,,OK,0
PolypGen,data/external/PolypGen/PolypGen2021_MultiCenterData_v3/sequenceData/positive/seq13/bbox_seq13/EndoCV2021_seq13_492.txt,20,20.00 B,,,OK,0
PolypGen,data/external/PolypGen/PolypGen2021_MultiCenterData_v3/sequenceData/positive/seq13/bbox_seq13/EndoCV2021_seq13_496.txt,20,20.00 B,,,OK,0
PolypGen,data/external/PolypGen/PolypGen2021_MultiCenterData_v3/sequenceData/positive/seq13/bbox_seq13/EndoCV2021_seq13_500.txt,20,20.00 B,,,OK,0
PolypGen,data/external/PolypGen/PolypGen2021_MultiCenterData_v3/sequenceData/positive/seq13/bbox_seq13/EndoCV2021_seq13_504.txt,20,20.00 B,,,OK,0
PolypGen,data/external/PolypGen/PolypGen2021_MultiCenterData_v3/sequenceData/positive/seq13/bbox_seq13/EndoCV2021_seq13_508.txt,21,21.00 B,,,OK,0
PolypGen,data/external/PolypGen/PolypGen2021_MultiCenterData_v3/sequenceData/positive/seq13/bbox_seq13/EndoCV2021_seq13_512.txt,20,20.00 B,,,OK,0
PolypGen,data/external/PolypGen/PolypGen2021_MultiCenterData_v3/sequenceData/positive/seq13/bbox_seq13/EndoCV2021_seq13_516.txt,20,20.00 B,,,OK,0
PolypGen,data/external/PolypGen/PolypGen2021_MultiCenterData_v3/sequenceData/positive/seq13/bbox_seq13/EndoCV2021_seq13_52.txt,25,25.00 B,,,OK,0
PolypGen,data/external/PolypGen/PolypGen2021_MultiCenterData_v3/sequenceData/positive/seq13/bbox_seq13/EndoCV2021_seq13_520.txt,21,21.00 B,,,OK,0
PolypGen,data/external/PolypGen/PolypGen2021_MultiCenterData_v3/sequenceData/positive/seq13/bbox_seq13/EndoCV2021_seq13_524.txt,22,22.00 B,,,OK,0
PolypGen,data/external/PolypGen/PolypGen2021_MultiCenterData_v3/sequenceData/positive/seq13/bbox_seq13/EndoCV2021_seq13_528.txt,22,22.00 B,,,OK,0
PolypGen,data/external/PolypGen/PolypGen2021_MultiCenterData_v3/sequenceData/positive/seq13/bbox_seq13/EndoCV2021_seq13_532.txt,22,22.00 B,,,OK,0
PolypGen,data/external/PolypGen/PolypGen2021_MultiCenterData_v3/sequenceData/positive/seq13/bbox_seq13/EndoCV2021_seq13_536.txt,22,22.00 B,,,OK,0
PolypGen,data/external/PolypGen/PolypGen2021_MultiCenterData_v3/sequenceData/positive/seq13/bbox_seq13/EndoCV2021_seq13_540.txt,22,22.00 B,,,OK,0
PolypGen,data/external/PolypGen/PolypGen2021_MultiCenterData_v3/sequenceData/positive/seq13/bbox_seq13/EndoCV2021_seq13_544.txt,22,22.00 B,,,OK,0
PolypGen,data/external/PolypGen/PolypGen2021_MultiCenterData_v3/sequenceData/positive/seq13/bbox_seq13/EndoCV2021_seq13_548.txt,22,22.00 B,,,OK,0
PolypGen,data/external/PolypGen/PolypGen2021_MultiCenterData_v3/sequenceData/positive/seq13/bbox_seq13/EndoCV2021_seq13_552.txt,22,22.00 B,,,OK,0
PolypGen,data/external/PolypGen/PolypGen2021_MultiCenterData_v3/sequenceData/positive/seq13/bbox_seq13/EndoCV2021_seq13_556.txt,22,22.00 B,,,OK,0
PolypGen,data/external/PolypGen/PolypGen2021_MultiCenterData_v3/sequenceData/positive/seq13/bbox_seq13/EndoCV2021_seq13_56.txt,25,25.00 B,,,OK,0
PolypGen,data/external/PolypGen/PolypGen2021_MultiCenterData_v3/sequenceData/positive/seq13/bbox_seq13/EndoCV2021_seq13_560.txt,22,22.00 B,,,OK,0
PolypGen,data/external/PolypGen/PolypGen2021_MultiCenterData_v3/sequenceData/positive/seq13/bbox_seq13/EndoCV2021_seq13_564.txt,22,22.00 B,,,OK,0
PolypGen,data/external/PolypGen/PolypGen2021_MultiCenterData_v3/sequenceData/positive/seq13/bbox_seq13/EndoCV2021_seq13_568.txt,22,22.00 B,,,OK,0
PolypGen,data/external/PolypGen/PolypGen2021_MultiCenterData_v3/sequenceData/positive/seq13/bbox_seq13/EndoCV2021_seq13_572.txt,22,22.00 B,,,OK,0
PolypGen,data/external/PolypGen/PolypGen2021_MultiCenterData_v3/sequenceData/positive/seq13/bbox_seq13/EndoCV2021_seq13_576.txt,22,22.00 B,,,OK,0
PolypGen,data/external/PolypGen/PolypGen2021_MultiCenterData_v3/sequenceData/positive/seq13/bbox_seq13/EndoCV2021_seq13_580.txt,22,22.00 B,,,OK,0
PolypGen,data/external/PolypGen/PolypGen2021_MultiCenterData_v3/sequenceData/positive/seq13/bbox_seq13/EndoCV2021_seq13_584.txt,21,21.00 B,,,OK,0
PolypGen,data/external/PolypGen/PolypGen2021_MultiCenterData_v3/sequenceData/positive/seq13/bbox_seq13/EndoCV2021_seq13_588.txt,22,22.00 B,,,OK,0
PolypGen,data/external/PolypGen/PolypGen2021_MultiCenterData_v3/sequenceData/positive/seq13/bbox_seq13/EndoCV2021_seq13_592.txt,21,21.00 B,,,OK,0
PolypGen,data/external/PolypGen/PolypGen2021_MultiCenterData_v3/sequenceData/positive/seq13/bbox_seq13/EndoCV2021_seq13_596.txt,21,21.00 B,,,OK,0
PolypGen,data/external/PolypGen/PolypGen2021_MultiCenterData_v3/sequenceData/positive/seq13/bbox_seq13/EndoCV2021_seq13_60.txt,25,25.00 B,,,OK,0
PolypGen,data/external/PolypGen/PolypGen2021_MultiCenterData_v3/sequenceData/positive/seq13/bbox_seq13/EndoCV2021_seq13_600.txt,21,21.00 B,,,OK,0
PolypGen,data/external/PolypGen/PolypGen2021_MultiCenterData_v3/sequenceData/positive/seq13/bbox_seq13/EndoCV2021_seq13_604.txt,21,21.00 B,,,OK,0
PolypGen,data/external/PolypGen/PolypGen2021_MultiCenterData_v3/sequenceData/positive/seq13/bbox_seq13/EndoCV2021_seq13_608.txt,21,21.00 B,,,OK,0
PolypGen,data/external/PolypGen/PolypGen2021_MultiCenterData_v3/sequenceData/positive/seq13/bbox_seq13/EndoCV2021_seq13_612.txt,21,21.00 B,,,OK,0
PolypGen,data/external/PolypGen/PolypGen2021_MultiCenterData_v3/sequenceData/positive/seq13/bbox_seq13/EndoCV2021_seq13_616.txt,21,21.00 B,,,OK,0
PolypGen,data/external/PolypGen/PolypGen2021_MultiCenterData_v3/sequenceData/positive/seq13/bbox_seq13/EndoCV2021_seq13_620.txt,21,21.00 B,,,OK,0
PolypGen,data/external/PolypGen/PolypGen2021_MultiCenterData_v3/sequenceData/positive/seq13/bbox_seq13/EndoCV2021_seq13_624.txt,21,21.00 B,,,OK,0
PolypGen,data/external/PolypGen/PolypGen2021_MultiCenterData_v3/sequenceData/positive/seq13/bbox_seq13/EndoCV2021_seq13_628.txt,21,21.00 B,,,OK,0
PolypGen,data/external/PolypGen/PolypGen2021_MultiCenterData_v3/sequenceData/positive/seq13/bbox_seq13/EndoCV2021_seq13_632.txt,21,21.00 B,,,OK,0
PolypGen,data/external/PolypGen/PolypGen2021_MultiCenterData_v3/sequenceData/positive/seq13/bbox_seq13/EndoCV2021_seq13_636.txt,21,21.00 B,,,OK,0
PolypGen,data/external/PolypGen/PolypGen2021_MultiCenterData_v3/sequenceData/positive/seq13/bbox_seq13/EndoCV2021_seq13_64.txt,25,25.00 B,,,OK,0
PolypGen,data/external/PolypGen/PolypGen2021_MultiCenterData_v3/sequenceData/positive/seq13/bbox_seq13/EndoCV2021_seq13_640.txt,21,21.00 B,,,OK,0
PolypGen,data/external/PolypGen/PolypGen2021_MultiCenterData_v3/sequenceData/positive/seq13/bbox_seq13/EndoCV2021_seq13_644.txt,21,21.00 B,,,OK,0
PolypGen,data/external/PolypGen/PolypGen2021_MultiCenterData_v3/sequenceData/positive/seq13/bbox_seq13/EndoCV2021_seq13_648.txt,21,21.00 B,,,OK,0
PolypGen,data/external/PolypGen/PolypGen2021_MultiCenterData_v3/sequenceData/positive/seq13/bbox_seq13/EndoCV2021_seq13_652.txt,21,21.00 B,,,OK,0
PolypGen,data/external/PolypGen/PolypGen2021_MultiCenterData_v3/sequenceData/positive/seq13/bbox_seq13/EndoCV2021_seq13_656.txt,21,21.00 B,,,OK,0
PolypGen,data/external/PolypGen/PolypGen2021_MultiCenterData_v3/sequenceData/positive/seq13/bbox_seq13/EndoCV2021_seq13_660.txt,21,21.00 B,,,OK,0
PolypGen,data/external/PolypGen/PolypGen2021_MultiCenterData_v3/sequenceData/positive/seq13/bbox_seq13/EndoCV2021_seq13_664.txt,21,21.00 B,,,OK,0
PolypGen,data/external/PolypGen/PolypGen2021_MultiCenterData_v3/sequenceData/positive/seq13/bbox_seq13/EndoCV2021_seq13_668.txt,22,22.00 B,,,OK,0
PolypGen,data/external/PolypGen/PolypGen2021_MultiCenterData_v3/sequenceData/positive/seq13/bbox_seq13/EndoCV2021_seq13_672.txt,21,21.00 B,,,OK,0
PolypGen,data/external/PolypGen/PolypGen2021_MultiCenterData_v3/sequenceData/positive/seq13/bbox_seq13/EndoCV2021_seq13_676.txt,22,22.00 B,,,OK,0
PolypGen,data/external/PolypGen/PolypGen2021_MultiCenterData_v3/sequenceData/positive/seq13/bbox_seq13/EndoCV2021_seq13_68.txt,24,24.00 B,,,OK,0
PolypGen,data/external/PolypGen/PolypGen2021_MultiCenterData_v3/sequenceData/positive/seq13/bbox_seq13/EndoCV2021_seq13_680.txt,22,22.00 B,,,OK,0
PolypGen,data/external/PolypGen/PolypGen2021_MultiCenterData_v3/sequenceData/positive/seq13/bbox_seq13/EndoCV2021_seq13_684.txt,22,22.00 B,,,OK,0
PolypGen,data/external/PolypGen/PolypGen2021_MultiCenterData_v3/sequenceData/positive/seq13/bbox_seq13/EndoCV2021_seq13_688.txt,22,22.00 B,,,OK,0
PolypGen,data/external/PolypGen/PolypGen2021_MultiCenterData_v3/sequenceData/positive/seq13/bbox_seq13/EndoCV2021_seq13_692.txt,22,22.00 B,,,OK,0
PolypGen,data/external/PolypGen/PolypGen2021_MultiCenterData_v3/sequenceData/positive/seq13/bbox_seq13/EndoCV2021_seq13_696.txt,22,22.00 B,,,OK,0
PolypGen,data/external/PolypGen/PolypGen2021_MultiCenterData_v3/sequenceData/positive/seq13/bbox_seq13/EndoCV2021_seq13_700.txt,22,22.00 B,,,OK,0
PolypGen,data/external/PolypGen/PolypGen2021_MultiCenterData_v3/sequenceData/positive/seq13/bbox_seq13/EndoCV2021_seq13_704.txt,21,21.00 B,,,OK,0
PolypGen,data/external/PolypGen/PolypGen2021_MultiCenterData_v3/sequenceData/positive/seq13/bbox_seq13/EndoCV2021_seq13_708.txt,21,21.00 B,,,OK,0
PolypGen,data/external/PolypGen/PolypGen2021_MultiCenterData_v3/sequenceData/positive/seq13/bbox_seq13/EndoCV2021_seq13_712.txt,1,1.00 B,,,OK,0
PolypGen,data/external/PolypGen/PolypGen2021_MultiCenterData_v3/sequenceData/positive/seq13/bbox_seq13/EndoCV2021_seq13_716.txt,1,1.00 B,,,OK,0
PolypGen,data/external/PolypGen/PolypGen2021_MultiCenterData_v3/sequenceData/positive/seq13/bbox_seq13/EndoCV2021_seq13_72.txt,25,25.00 B,,,OK,0
PolypGen,data/external/PolypGen/PolypGen2021_MultiCenterData_v3/sequenceData/positive/seq13/bbox_seq13/EndoCV2021_seq13_720.txt,1,1.00 B,,,OK,0
PolypGen,data/external/PolypGen/PolypGen2021_MultiCenterData_v3/sequenceData/positive/seq13/bbox_seq13/EndoCV2021_seq13_724.txt,1,1.00 B,,,OK,0
PolypGen,data/external/PolypGen/PolypGen2021_MultiCenterData_v3/sequenceData/positive/seq13/bbox_seq13/EndoCV2021_seq13_728.txt,1,1.00 B,,,OK,0
PolypGen,data/external/PolypGen/PolypGen2021_MultiCenterData_v3/sequenceData/positive/seq13/bbox_seq13/EndoCV2021_seq13_732.txt,1,1.00 B,,,OK,0
PolypGen,data/external/PolypGen/PolypGen2021_MultiCenterData_v3/sequenceData/positive/seq13/bbox_seq13/EndoCV2021_seq13_736.txt,22,22.00 B,,,OK,0
PolypGen,data/external/PolypGen/PolypGen2021_MultiCenterData_v3/sequenceData/positive/seq13/bbox_seq13/EndoCV2021_seq13_740.txt,22,22.00 B,,,OK,0
PolypGen,data/external/PolypGen/PolypGen2021_MultiCenterData_v3/sequenceData/positive/seq13/bbox_seq13/EndoCV2021_seq13_744.txt,22,22.00 B,,,OK,0
PolypGen,data/external/PolypGen/PolypGen2021_MultiCenterData_v3/sequenceData/positive/seq13/bbox_seq13/EndoCV2021_seq13_748.txt,1,1.00 B,,,OK,0
PolypGen,data/external/PolypGen/PolypGen2021_MultiCenterData_v3/sequenceData/positive/seq13/bbox_seq13/EndoCV2021_seq13_752.txt,23,23.00 B,,,OK,0
PolypGen,data/external/PolypGen/PolypGen2021_MultiCenterData_v3/sequenceData/positive/seq13/bbox_seq13/EndoCV2021_seq13_756.txt,23,23.00 B,,,OK,0
PolypGen,data/external/PolypGen/PolypGen2021_MultiCenterData_v3/sequenceData/positive/seq13/bbox_seq13/EndoCV2021_seq13_76.txt,1,1.00 B,,,OK,0
PolypGen,data/external/PolypGen/PolypGen2021_MultiCenterData_v3/sequenceData/positive/seq13/bbox_seq13/EndoCV2021_seq13_760.txt,23,23.00 B,,,OK,0
PolypGen,data/external/PolypGen/PolypGen2021_MultiCenterData_v3/sequenceData/positive/seq13/bbox_seq13/EndoCV2021_seq13_764.txt,22,22.00 B,,,OK,0
PolypGen,data/external/PolypGen/PolypGen2021_MultiCenterData_v3/sequenceData/positive/seq13/bbox_seq13/EndoCV2021_seq13_768.txt,22,22.00 B,,,OK,0
PolypGen,data/external/PolypGen/PolypGen2021_MultiCenterData_v3/sequenceData/positive/seq13/bbox_seq13/EndoCV2021_seq13_772.txt,22,22.00 B,,,OK,0
PolypGen,data/external/PolypGen/PolypGen2021_MultiCenterData_v3/sequenceData/positive/seq13/bbox_seq13/EndoCV2021_seq13_776.txt,22,22.00 B,,,OK,0
PolypGen,data/external/PolypGen/PolypGen2021_MultiCenterData_v3/sequenceData/positive/seq13/bbox_seq13/EndoCV2021_seq13_780.txt,22,22.00 B,,,OK,0
PolypGen,data/external/PolypGen/PolypGen2021_MultiCenterData_v3/sequenceData/positive/seq13/bbox_seq13/EndoCV2021_seq13_784.txt,22,22.00 B,,,OK,0
PolypGen,data/external/PolypGen/PolypGen2021_MultiCenterData_v3/sequenceData/positive/seq13/bbox_seq13/EndoCV2021_seq13_788.txt,22,22.00 B,,,OK,0
PolypGen,data/external/PolypGen/PolypGen2021_MultiCenterData_v3/sequenceData/positive/seq13/bbox_seq13/EndoCV2021_seq13_792.txt,21,21.00 B,,,OK,0
PolypGen,data/external/PolypGen/PolypGen2021_MultiCenterData_v3/sequenceData/positive/seq13/bbox_seq13/EndoCV2021_seq13_796.txt,21,21.00 B,,,OK,0
PolypGen,data/external/PolypGen/PolypGen2021_MultiCenterData_v3/sequenceData/positive/seq13/bbox_seq13/EndoCV2021_seq13_8.txt,1,1.00 B,,,OK,0
PolypGen,data/external/PolypGen/PolypGen2021_MultiCenterData_v3/sequenceData/positive/seq13/bbox_seq13/EndoCV2021_seq13_80.txt,24,24.00 B,,,OK,0
PolypGen,data/external/PolypGen/PolypGen2021_MultiCenterData_v3/sequenceData/positive/seq13/bbox_seq13/EndoCV2021_seq13_800.txt,21,21.00 B,,,OK,0
PolypGen,data/external/PolypGen/PolypGen2021_MultiCenterData_v3/sequenceData/positive/seq13/bbox_seq13/EndoCV2021_seq13_804.txt,22,22.00 B,,,OK,0
PolypGen,data/external/PolypGen/PolypGen2021_MultiCenterData_v3/sequenceData/positive/seq13/bbox_seq13/EndoCV2021_seq13_808.txt,22,22.00 B,,,OK,0
PolypGen,data/external/PolypGen/PolypGen2021_MultiCenterData_v3/sequenceData/positive/seq13/bbox_seq13/EndoCV2021_seq13_812.txt,22,22.00 B,,,OK,0
PolypGen,data/external/PolypGen/PolypGen2021_MultiCenterData_v3/sequenceData/positive/seq13/bbox_seq13/EndoCV2021_seq13_816.txt,22,22.00 B,,,OK,0
PolypGen,data/external/PolypGen/PolypGen2021_MultiCenterData_v3/sequenceData/positive/seq13/bbox_seq13/EndoCV2021_seq13_820.txt,22,22.00 B,,,OK,0
PolypGen,data/external/PolypGen/PolypGen2021_MultiCenterData_v3/sequenceData/positive/seq13/bbox_seq13/EndoCV2021_seq13_824.txt,22,22.00 B,,,OK,0
PolypGen,data/external/PolypGen/PolypGen2021_MultiCenterData_v3/sequenceData/positive/seq13/bbox_seq13/EndoCV2021_seq13_828.txt,22,22.00 B,,,OK,0
PolypGen,data/external/PolypGen/PolypGen2021_MultiCenterData_v3/sequenceData/positive/seq13/bbox_seq13/EndoCV2021_seq13_832.txt,21,21.00 B,,,OK,0
PolypGen,data/external/PolypGen/PolypGen2021_MultiCenterData_v3/sequenceData/positive/seq13/bbox_seq13/EndoCV2021_seq13_836.txt,22,22.00 B,,,OK,0
PolypGen,data/external/PolypGen/PolypGen2021_MultiCenterData_v3/sequenceData/positive/seq13/bbox_seq13/EndoCV2021_seq13_84.txt,24,24.00 B,,,OK,0
PolypGen,data/external/PolypGen/PolypGen2021_MultiCenterData_v3/sequenceData/positive/seq13/bbox_seq13/EndoCV2021_seq13_840.txt,21,21.00 B,,,OK,0
PolypGen,data/external/PolypGen/PolypGen2021_MultiCenterData_v3/sequenceData/positive/seq13/bbox_seq13/EndoCV2021_seq13_844.txt,21,21.00 B,,,OK,0
PolypGen,data/external/PolypGen/PolypGen2021_MultiCenterData_v3/sequenceData/positive/seq13/bbox_seq13/EndoCV2021_seq13_848.txt,21,21.00 B,,,OK,0
PolypGen,data/external/PolypGen/PolypGen2021_MultiCenterData_v3/sequenceData/positive/seq13/bbox_seq13/EndoCV2021_seq13_852.txt,22,22.00 B,,,OK,0
PolypGen,data/external/PolypGen/PolypGen2021_MultiCenterData_v3/sequenceData/positive/seq13/bbox_seq13/EndoCV2021_seq13_856.txt,22,22.00 B,,,OK,0
PolypGen,data/external/PolypGen/PolypGen2021_MultiCenterData_v3/sequenceData/positive/seq13/bbox_seq13/EndoCV2021_seq13_860.txt,22,22.00 B,,,OK,0
PolypGen,data/external/PolypGen/PolypGen2021_MultiCenterData_v3/sequenceData/positive/seq13/bbox_seq13/EndoCV2021_seq13_864.txt,21,21.00 B,,,OK,0
PolypGen,data/external/PolypGen/PolypGen2021_MultiCenterData_v3/sequenceData/positive/seq13/bbox_seq13/EndoCV2021_seq13_868.txt,22,22.00 B,,,OK,0
PolypGen,data/external/PolypGen/PolypGen2021_MultiCenterData_v3/sequenceData/positive/seq13/bbox_seq13/EndoCV2021_seq13_872.txt,21,21.00 B,,,OK,0
PolypGen,data/external/PolypGen/PolypGen2021_MultiCenterData_v3/sequenceData/positive/seq13/bbox_seq13/EndoCV2021_seq13_876.txt,22,22.00 B,,,OK,0
PolypGen,data/external/PolypGen/PolypGen2021_MultiCenterData_v3/sequenceData/positive/seq13/bbox_seq13/EndoCV2021_seq13_88.txt,23,23.00 B,,,OK,0
PolypGen,data/external/PolypGen/PolypGen2021_MultiCenterData_v3/sequenceData/positive/seq13/bbox_seq13/EndoCV2021_seq13_880.txt,22,22.00 B,,,OK,0
PolypGen,data/external/PolypGen/PolypGen2021_MultiCenterData_v3/sequenceData/positive/seq13/bbox_seq13/EndoCV2021_seq13_884.txt,22,22.00 B,,,OK,0
PolypGen,data/external/PolypGen/PolypGen2021_MultiCenterData_v3/sequenceData/positive/seq13/bbox_seq13/EndoCV2021_seq13_888.txt,22,22.00 B,,,OK,0
PolypGen,data/external/PolypGen/PolypGen2021_MultiCenterData_v3/sequenceData/positive/seq13/bbox_seq13/EndoCV2021_seq13_892.txt,22,22.00 B,,,OK,0
PolypGen,data/external/PolypGen/PolypGen2021_MultiCenterData_v3/sequenceData/positive/seq13/bbox_seq13/EndoCV2021_seq13_896.txt,22,22.00 B,,,OK,0
PolypGen,data/external/PolypGen/PolypGen2021_MultiCenterData_v3/sequenceData/positive/seq13/bbox_seq13/EndoCV2021_seq13_900.txt,22,22.00 B,,,OK,0
PolypGen,data/external/PolypGen/PolypGen2021_MultiCenterData_v3/sequenceData/positive/seq13/bbox_seq13/EndoCV2021_seq13_904.txt,23,23.00 B,,,OK,0
PolypGen,data/external/PolypGen/PolypGen2021_MultiCenterData_v3/sequenceData/positive/seq13/bbox_seq13/EndoCV2021_seq13_908.txt,23,23.00 B,,,OK,0
PolypGen,data/external/PolypGen/PolypGen2021_MultiCenterData_v3/sequenceData/positive/seq13/bbox_seq13/EndoCV2021_seq13_912.txt,23,23.00 B,,,OK,0
PolypGen,data/external/PolypGen/PolypGen2021_MultiCenterData_v3/sequenceData/positive/seq13/bbox_seq13/EndoCV2021_seq13_916.txt,23,23.00 B,,,OK,0
PolypGen,data/external/PolypGen/PolypGen2021_MultiCenterData_v3/sequenceData/positive/seq13/bbox_seq13/EndoCV2021_seq13_92.txt,46,46.00 B,,,OK,0
PolypGen,data/external/PolypGen/PolypGen2021_MultiCenterData_v3/sequenceData/positive/seq13/bbox_seq13/EndoCV2021_seq13_920.txt,23,23.00 B,,,OK,0
PolypGen,data/external/PolypGen/PolypGen2021_MultiCenterData_v3/sequenceData/positive/seq13/bbox_seq13/EndoCV2021_seq13_924.txt,23,23.00 B,,,OK,0
PolypGen,data/external/PolypGen/PolypGen2021_MultiCenterData_v3/sequenceData/positive/seq13/bbox_seq13/EndoCV2021_seq13_928.txt,23,23.00 B,,,OK,0
PolypGen,data/external/PolypGen/PolypGen2021_MultiCenterData_v3/sequenceData/positive/seq13/bbox_seq13/EndoCV2021_seq13_932.txt,23,23.00 B,,,OK,0
PolypGen,data/external/PolypGen/PolypGen2021_MultiCenterData_v3/sequenceData/positive/seq13/bbox_seq13/EndoCV2021_seq13_936.txt,23,23.00 B,,,OK,0
PolypGen,data/external/PolypGen/PolypGen2021_MultiCenterData_v3/sequenceData/positive/seq13/bbox_seq13/EndoCV2021_seq13_940.txt,23,23.00 B,,,OK,0
PolypGen,data/external/PolypGen/PolypGen2021_MultiCenterData_v3/sequenceData/positive/seq13/bbox_seq13/EndoCV2021_seq13_944.txt,23,23.00 B,,,OK,0
PolypGen,data/external/PolypGen/PolypGen2021_MultiCenterData_v3/sequenceData/positive/seq13/bbox_seq13/EndoCV2021_seq13_948.txt,23,23.00 B,,,OK,0
PolypGen,data/external/PolypGen/PolypGen2021_MultiCenterData_v3/sequenceData/positive/seq13/bbox_seq13/EndoCV2021_seq13_952.txt,23,23.00 B,,,OK,0
PolypGen,data/external/PolypGen/PolypGen2021_MultiCenterData_v3/sequenceData/positive/seq13/bbox_seq13/EndoCV2021_seq13_956.txt,23,23.00 B,,,OK,0
PolypGen,data/external/PolypGen/PolypGen2021_MultiCenterData_v3/sequenceData/positive/seq13/bbox_seq13/EndoCV2021_seq13_96.txt,23,23.00 B,,,OK,0
PolypGen,data/external/PolypGen/PolypGen2021_MultiCenterData_v3/sequenceData/positive/seq13/bbox_seq13/EndoCV2021_seq13_960.txt,23,23.00 B,,,OK,0
PolypGen,data/external/PolypGen/PolypGen2021_MultiCenterData_v3/sequenceData/positive/seq13/bbox_seq13/EndoCV2021_seq13_964.txt,23,23.00 B,,,OK,0
PolypGen,data/external/PolypGen/PolypGen2021_MultiCenterData_v3/sequenceData/positive/seq13/bbox_seq13/EndoCV2021_seq13_968.txt,23,23.00 B,,,OK,0
PolypGen,data/external/PolypGen/PolypGen2021_MultiCenterData_v3/sequenceData/positive/seq13/bbox_seq13/EndoCV2021_seq13_972.txt,23,23.00 B,,,OK,0
PolypGen,data/external/PolypGen/PolypGen2021_MultiCenterData_v3/sequenceData/positive/seq13/bbox_seq13/EndoCV2021_seq13_976.txt,23,23.00 B,,,OK,0
PolypGen,data/external/PolypGen/PolypGen2021_MultiCenterData_v3/sequenceData/positive/seq13/bbox_seq13/EndoCV2021_seq13_980.txt,23,23.00 B,,,OK,0
PolypGen,data/external/PolypGen/PolypGen2021_MultiCenterData_v3/sequenceData/positive/seq13/bbox_seq13/EndoCV2021_seq13_984.txt,23,23.00 B,,,OK,0
PolypGen,data/external/PolypGen/PolypGen2021_MultiCenterData_v3/sequenceData/positive/seq13/bbox_seq13/EndoCV2021_seq13_988.txt,23,23.00 B,,,OK,0
PolypGen,data/external/PolypGen/PolypGen2021_MultiCenterData_v3/sequenceData/positive/seq13/bbox_seq13/EndoCV2021_seq13_992.txt,24,24.00 B,,,OK,0
PolypGen,data/external/PolypGen/PolypGen2021_MultiCenterData_v3/sequenceData/positive/seq13/bbox_seq13/EndoCV2021_seq13_996.txt,23,23.00 B,,,OK,0
PolypGen,data/external/PolypGen/PolypGen2021_MultiCenterData_v3/sequenceData/positive/seq14/bbox_seq14/EndoCV2021_seq14_0.txt,23,23.00 B,,,OK,0
PolypGen,data/external/PolypGen/PolypGen2021_MultiCenterData_v3/sequenceData/positive/seq14/bbox_seq14/EndoCV2021_seq14_100.txt,1,1.00 B,,,OK,0
PolypGen,data/external/PolypGen/PolypGen2021_MultiCenterData_v3/sequenceData/positive/seq14/bbox_seq14/EndoCV2021_seq14_104.txt,1,1.00 B,,,OK,0
PolypGen,data/external/PolypGen/PolypGen2021_MultiCenterData_v3/sequenceData/positive/seq14/bbox_seq14/EndoCV2021_seq14_108.txt,1,1.00 B,,,OK,0
PolypGen,data/external/PolypGen/PolypGen2021_MultiCenterData_v3/sequenceData/positive/seq14/bbox_seq14/EndoCV2021_seq14_112.txt,1,1.00 B,,,OK,0
PolypGen,data/external/PolypGen/PolypGen2021_MultiCenterData_v3/sequenceData/positive/seq14/bbox_seq14/EndoCV2021_seq14_116.txt,1,1.00 B,,,OK,0
PolypGen,data/external/PolypGen/PolypGen2021_MultiCenterData_v3/sequenceData/positive/seq14/bbox_seq14/EndoCV2021_seq14_12.txt,24,24.00 B,,,OK,0
PolypGen,data/external/PolypGen/PolypGen2021_MultiCenterData_v3/sequenceData/positive/seq14/bbox_seq14/EndoCV2021_seq14_120.txt,1,1.00 B,,,OK,0
PolypGen,data/external/PolypGen/PolypGen2021_MultiCenterData_v3/sequenceData/positive/seq14/bbox_seq14/EndoCV2021_seq14_124.txt,24,24.00 B,,,OK,0
PolypGen,data/external/PolypGen/PolypGen2021_MultiCenterData_v3/sequenceData/positive/seq14/bbox_seq14/EndoCV2021_seq14_128.txt,24,24.00 B,,,OK,0
PolypGen,data/external/PolypGen/PolypGen2021_MultiCenterData_v3/sequenceData/positive/seq14/bbox_seq14/EndoCV2021_seq14_132.txt,24,24.00 B,,,OK,0
PolypGen,data/external/PolypGen/PolypGen2021_MultiCenterData_v3/sequenceData/positive/seq14/bbox_seq14/EndoCV2021_seq14_136.txt,23,23.00 B,,,OK,0
PolypGen,data/external/PolypGen/PolypGen2021_MultiCenterData_v3/sequenceData/positive/seq14/bbox_seq14/EndoCV2021_seq14_140.txt,24,24.00 B,,,OK,0
PolypGen,data/external/PolypGen/PolypGen2021_MultiCenterData_v3/sequenceData/positive/seq14/bbox_seq14/EndoCV2021_seq14_144.txt,24,24.00 B,,,OK,0
PolypGen,data/external/PolypGen/PolypGen2021_MultiCenterData_v3/sequenceData/positive/seq14/bbox_seq14/EndoCV2021_seq14_148.txt,24,24.00 B,,,OK,0
PolypGen,data/external/PolypGen/PolypGen2021_MultiCenterData_v3/sequenceData/positive/seq14/bbox_seq14/EndoCV2021_seq14_152.txt,24,24.00 B,,,OK,0
PolypGen,data/external/PolypGen/PolypGen2021_MultiCenterData_v3/sequenceData/positive/seq14/bbox_seq14/EndoCV2021_seq14_156.txt,24,24.00 B,,,OK,0
PolypGen,data/external/PolypGen/PolypGen2021_MultiCenterData_v3/sequenceData/positive/seq14/bbox_seq14/EndoCV2021_seq14_16.txt,24,24.00 B,,,OK,0
PolypGen,data/external/PolypGen/PolypGen2021_MultiCenterData_v3/sequenceData/positive/seq14/bbox_seq14/EndoCV2021_seq14_160.txt,24,24.00 B,,,OK,0
PolypGen,data/external/PolypGen/PolypGen2021_MultiCenterData_v3/sequenceData/positive/seq14/bbox_seq14/EndoCV2021_seq14_164.txt,24,24.00 B,,,OK,0
PolypGen,data/external/PolypGen/PolypGen2021_MultiCenterData_v3/sequenceData/positive/seq14/bbox_seq14/EndoCV2021_seq14_168.txt,24,24.00 B,,,OK,0
PolypGen,data/external/PolypGen/PolypGen2021_MultiCenterData_v3/sequenceData/positive/seq14/bbox_seq14/EndoCV2021_seq14_172.txt,24,24.00 B,,,OK,0
PolypGen,data/external/PolypGen/PolypGen2021_MultiCenterData_v3/sequenceData/positive/seq14/bbox_seq14/EndoCV2021_seq14_176.txt,24,24.00 B,,,OK,0
PolypGen,data/external/PolypGen/PolypGen2021_MultiCenterData_v3/sequenceData/positive/seq14/bbox_seq14/EndoCV2021_seq14_180.txt,24,24.00 B,,,OK,0
PolypGen,data/external/PolypGen/PolypGen2021_MultiCenterData_v3/sequenceData/positive/seq14/bbox_seq14/EndoCV2021_seq14_184.txt,24,24.00 B,,,OK,0
PolypGen,data/external/PolypGen/PolypGen2021_MultiCenterData_v3/sequenceData/positive/seq14/bbox_seq14/EndoCV2021_seq14_188.txt,23,23.00 B,,,OK,0
PolypGen,data/external/PolypGen/PolypGen2021_MultiCenterData_v3/sequenceData/positive/seq14/bbox_seq14/EndoCV2021_seq14_192.txt,23,23.00 B,,,OK,0
PolypGen,data/external/PolypGen/PolypGen2021_MultiCenterData_v3/sequenceData/positive/seq14/bbox_seq14/EndoCV2021_seq14_196.txt,24,24.00 B,,,OK,0
PolypGen,data/external/PolypGen/PolypGen2021_MultiCenterData_v3/sequenceData/positive/seq14/bbox_seq14/EndoCV2021_seq14_20.txt,24,24.00 B,,,OK,0
PolypGen,data/external/PolypGen/PolypGen2021_MultiCenterData_v3/sequenceData/positive/seq14/bbox_seq14/EndoCV2021_seq14_200.txt,48,48.00 B,,,OK,0
PolypGen,data/external/PolypGen/PolypGen2021_MultiCenterData_v3/sequenceData/positive/seq14/bbox_seq14/EndoCV2021_seq14_204.txt,23,23.00 B,,,OK,0
PolypGen,data/external/PolypGen/PolypGen2021_MultiCenterData_v3/sequenceData/positive/seq14/bbox_seq14/EndoCV2021_seq14_208.txt,25,25.00 B,,,OK,0
PolypGen,data/external/PolypGen/PolypGen2021_MultiCenterData_v3/sequenceData/positive/seq14/bbox_seq14/EndoCV2021_seq14_212.txt,50,50.00 B,,,OK,0
PolypGen,data/external/PolypGen/PolypGen2021_MultiCenterData_v3/sequenceData/positive/seq14/bbox_seq14/EndoCV2021_seq14_216.txt,25,25.00 B,,,OK,0
PolypGen,data/external/PolypGen/PolypGen2021_MultiCenterData_v3/sequenceData/positive/seq14/bbox_seq14/EndoCV2021_seq14_220.txt,73,73.00 B,,,OK,0
PolypGen,data/external/PolypGen/PolypGen2021_MultiCenterData_v3/sequenceData/positive/seq14/bbox_seq14/EndoCV2021_seq14_224.txt,23,23.00 B,,,OK,0
PolypGen,data/external/PolypGen/PolypGen2021_MultiCenterData_v3/sequenceData/positive/seq14/bbox_seq14/EndoCV2021_seq14_228.txt,23,23.00 B,,,OK,0
PolypGen,data/external/PolypGen/PolypGen2021_MultiCenterData_v3/sequenceData/positive/seq14/bbox_seq14/EndoCV2021_seq14_232.txt,23,23.00 B,,,OK,0
PolypGen,data/external/PolypGen/PolypGen2021_MultiCenterData_v3/sequenceData/positive/seq14/bbox_seq14/EndoCV2021_seq14_236.txt,70,70.00 B,,,OK,0
PolypGen,data/external/PolypGen/PolypGen2021_MultiCenterData_v3/sequenceData/positive/seq14/bbox_seq14/EndoCV2021_seq14_24.txt,24,24.00 B,,,OK,0
PolypGen,data/external/PolypGen/PolypGen2021_MultiCenterData_v3/sequenceData/positive/seq14/bbox_seq14/EndoCV2021_seq14_240.txt,23,23.00 B,,,OK,0
PolypGen,data/external/PolypGen/PolypGen2021_MultiCenterData_v3/sequenceData/positive/seq14/bbox_seq14/EndoCV2021_seq14_244.txt,23,23.00 B,,,OK,0
PolypGen,data/external/PolypGen/PolypGen2021_MultiCenterData_v3/sequenceData/positive/seq14/bbox_seq14/EndoCV2021_seq14_248.txt,23,23.00 B,,,OK,0
PolypGen,data/external/PolypGen/PolypGen2021_MultiCenterData_v3/sequenceData/positive/seq14/bbox_seq14/EndoCV2021_seq14_252.txt,23,23.00 B,,,OK,0
PolypGen,data/external/PolypGen/PolypGen2021_MultiCenterData_v3/sequenceData/positive/seq14/bbox_seq14/EndoCV2021_seq14_256.txt,22,22.00 B,,,OK,0
PolypGen,data/external/PolypGen/PolypGen2021_MultiCenterData_v3/sequenceData/positive/seq14/bbox_seq14/EndoCV2021_seq14_260.txt,22,22.00 B,,,OK,0
PolypGen,data/external/PolypGen/PolypGen2021_MultiCenterData_v3/sequenceData/positive/seq14/bbox_seq14/EndoCV2021_seq14_264.txt,22,22.00 B,,,OK,0
PolypGen,data/external/PolypGen/PolypGen2021_MultiCenterData_v3/sequenceData/positive/seq14/bbox_seq14/EndoCV2021_seq14_268.txt,21,21.00 B,,,OK,0
PolypGen,data/external/PolypGen/PolypGen2021_MultiCenterData_v3/sequenceData/positive/seq14/bbox_seq14/EndoCV2021_seq14_272.txt,21,21.00 B,,,OK,0
PolypGen,data/external/PolypGen/PolypGen2021_MultiCenterData_v3/sequenceData/positive/seq14/bbox_seq14/EndoCV2021_seq14_276.txt,21,21.00 B,,,OK,0
PolypGen,data/external/PolypGen/PolypGen2021_MultiCenterData_v3/sequenceData/positive/seq14/bbox_seq14/EndoCV2021_seq14_28.txt,24,24.00 B,,,OK,0
PolypGen,data/external/PolypGen/PolypGen2021_MultiCenterData_v3/sequenceData/positive/seq14/bbox_seq14/EndoCV2021_seq14_280.txt,21,21.00 B,,,OK,0
PolypGen,data/external/PolypGen/PolypGen2021_MultiCenterData_v3/sequenceData/positive/seq14/bbox_seq14/EndoCV2021_seq14_284.txt,21,21.00 B,,,OK,0
PolypGen,data/external/PolypGen/PolypGen2021_MultiCenterData_v3/sequenceData/positive/seq14/bbox_seq14/EndoCV2021_seq14_288.txt,22,22.00 B,,,OK,0
PolypGen,data/external/PolypGen/PolypGen2021_MultiCenterData_v3/sequenceData/positive/seq14/bbox_seq14/EndoCV2021_seq14_292.txt,22,22.00 B,,,OK,0
PolypGen,data/external/PolypGen/PolypGen2021_MultiCenterData_v3/sequenceData/positive/seq14/bbox_seq14/EndoCV2021_seq14_296.txt,22,22.00 B,,,OK,0
PolypGen,data/external/PolypGen/PolypGen2021_MultiCenterData_v3/sequenceData/positive/seq14/bbox_seq14/EndoCV2021_seq14_300.txt,22,22.00 B,,,OK,0
PolypGen,data/external/PolypGen/PolypGen2021_MultiCenterData_v3/sequenceData/positive/seq14/bbox_seq14/EndoCV2021_seq14_304.txt,21,21.00 B,,,OK,0
PolypGen,data/external/PolypGen/PolypGen2021_MultiCenterData_v3/sequenceData/positive/seq14/bbox_seq14/EndoCV2021_seq14_308.txt,21,21.00 B,,,OK,0
PolypGen,data/external/PolypGen/PolypGen2021_MultiCenterData_v3/sequenceData/positive/seq14/bbox_seq14/EndoCV2021_seq14_312.txt,21,21.00 B,,,OK,0
PolypGen,data/external/PolypGen/PolypGen2021_MultiCenterData_v3/sequenceData/positive/seq14/bbox_seq14/EndoCV2021_seq14_316.txt,21,21.00 B,,,OK,0
PolypGen,data/external/PolypGen/PolypGen2021_MultiCenterData_v3/sequenceData/positive/seq14/bbox_seq14/EndoCV2021_seq14_32.txt,23,23.00 B,,,OK,0
PolypGen,data/external/PolypGen/PolypGen2021_MultiCenterData_v3/sequenceData/positive/seq14/bbox_seq14/EndoCV2021_seq14_320.txt,21,21.00 B,,,OK,0
PolypGen,data/external/PolypGen/PolypGen2021_MultiCenterData_v3/sequenceData/positive/seq14/bbox_seq14/EndoCV2021_seq14_324.txt,21,21.00 B,,,OK,0
PolypGen,data/external/PolypGen/PolypGen2021_MultiCenterData_v3/sequenceData/positive/seq14/bbox_seq14/EndoCV2021_seq14_328.txt,21,21.00 B,,,OK,0
PolypGen,data/external/PolypGen/PolypGen2021_MultiCenterData_v3/sequenceData/positive/seq14/bbox_seq14/EndoCV2021_seq14_332.txt,21,21.00 B,,,OK,0
PolypGen,data/external/PolypGen/PolypGen2021_MultiCenterData_v3/sequenceData/positive/seq14/bbox_seq14/EndoCV2021_seq14_336.txt,23,23.00 B,,,OK,0
PolypGen,data/external/PolypGen/PolypGen2021_MultiCenterData_v3/sequenceData/positive/seq14/bbox_seq14/EndoCV2021_seq14_340.txt,23,23.00 B,,,OK,0
PolypGen,data/external/PolypGen/PolypGen2021_MultiCenterData_v3/sequenceData/positive/seq14/bbox_seq14/EndoCV2021_seq14_344.txt,23,23.00 B,,,OK,0
PolypGen,data/external/PolypGen/PolypGen2021_MultiCenterData_v3/sequenceData/positive/seq14/bbox_seq14/EndoCV2021_seq14_348.txt,23,23.00 B,,,OK,0
PolypGen,data/external/PolypGen/PolypGen2021_MultiCenterData_v3/sequenceData/positive/seq14/bbox_seq14/EndoCV2021_seq14_352.txt,23,23.00 B,,,OK,0
PolypGen,data/external/PolypGen/PolypGen2021_MultiCenterData_v3/sequenceData/positive/seq14/bbox_seq14/EndoCV2021_seq14_356.txt,23,23.00 B,,,OK,0
PolypGen,data/external/PolypGen/PolypGen2021_MultiCenterData_v3/sequenceData/positive/seq14/bbox_seq14/EndoCV2021_seq14_36.txt,23,23.00 B,,,OK,0
PolypGen,data/external/PolypGen/PolypGen2021_MultiCenterData_v3/sequenceData/positive/seq14/bbox_seq14/EndoCV2021_seq14_360.txt,23,23.00 B,,,OK,0
PolypGen,data/external/PolypGen/PolypGen2021_MultiCenterData_v3/sequenceData/positive/seq14/bbox_seq14/EndoCV2021_seq14_364.txt,23,23.00 B,,,OK,0
PolypGen,data/external/PolypGen/PolypGen2021_MultiCenterData_v3/sequenceData/positive/seq14/bbox_seq14/EndoCV2021_seq14_368.txt,23,23.00 B,,,OK,0
PolypGen,data/external/PolypGen/PolypGen2021_MultiCenterData_v3/sequenceData/positive/seq14/bbox_seq14/EndoCV2021_seq14_372.txt,22,22.00 B,,,OK,0
PolypGen,data/external/PolypGen/PolypGen2021_MultiCenterData_v3/sequenceData/positive/seq14/bbox_seq14/EndoCV2021_seq14_376.txt,22,22.00 B,,,OK,0
PolypGen,data/external/PolypGen/PolypGen2021_MultiCenterData_v3/sequenceData/positive/seq14/bbox_seq14/EndoCV2021_seq14_380.txt,22,22.00 B,,,OK,0
PolypGen,data/external/PolypGen/PolypGen2021_MultiCenterData_v3/sequenceData/positive/seq14/bbox_seq14/EndoCV2021_seq14_384.txt,22,22.00 B,,,OK,0
PolypGen,data/external/PolypGen/PolypGen2021_MultiCenterData_v3/sequenceData/positive/seq14/bbox_seq14/EndoCV2021_seq14_388.txt,23,23.00 B,,,OK,0
PolypGen,data/external/PolypGen/PolypGen2021_MultiCenterData_v3/sequenceData/positive/seq14/bbox_seq14/EndoCV2021_seq14_392.txt,23,23.00 B,,,OK,0
PolypGen,data/external/PolypGen/PolypGen2021_MultiCenterData_v3/sequenceData/positive/seq14/bbox_seq14/EndoCV2021_seq14_396.txt,23,23.00 B,,,OK,0
PolypGen,data/external/PolypGen/PolypGen2021_MultiCenterData_v3/sequenceData/positive/seq14/bbox_seq14/EndoCV2021_seq14_4.txt,24,24.00 B,,,OK,0
PolypGen,data/external/PolypGen/PolypGen2021_MultiCenterData_v3/sequenceData/positive/seq14/bbox_seq14/EndoCV2021_seq14_40.txt,23,23.00 B,,,OK,0
PolypGen,data/external/PolypGen/PolypGen2021_MultiCenterData_v3/sequenceData/positive/seq14/bbox_seq14/EndoCV2021_seq14_400.txt,23,23.00 B,,,OK,0
PolypGen,data/external/PolypGen/PolypGen2021_MultiCenterData_v3/sequenceData/positive/seq14/bbox_seq14/EndoCV2021_seq14_404.txt,23,23.00 B,,,OK,0
PolypGen,data/external/PolypGen/PolypGen2021_MultiCenterData_v3/sequenceData/positive/seq14/bbox_seq14/EndoCV2021_seq14_408.txt,23,23.00 B,,,OK,0
PolypGen,data/external/PolypGen/PolypGen2021_MultiCenterData_v3/sequenceData/positive/seq14/bbox_seq14/EndoCV2021_seq14_412.txt,23,23.00 B,,,OK,0
PolypGen,data/external/PolypGen/PolypGen2021_MultiCenterData_v3/sequenceData/positive/seq14/bbox_seq14/EndoCV2021_seq14_416.txt,1,1.00 B,,,OK,0
PolypGen,data/external/PolypGen/PolypGen2021_MultiCenterData_v3/sequenceData/positive/seq14/bbox_seq14/EndoCV2021_seq14_420.txt,1,1.00 B,,,OK,0
PolypGen,data/external/PolypGen/PolypGen2021_MultiCenterData_v3/sequenceData/positive/seq14/bbox_seq14/EndoCV2021_seq14_424.txt,1,1.00 B,,,OK,0
PolypGen,data/external/PolypGen/PolypGen2021_MultiCenterData_v3/sequenceData/positive/seq14/bbox_seq14/EndoCV2021_seq14_428.txt,1,1.00 B,,,OK,0
PolypGen,data/external/PolypGen/PolypGen2021_MultiCenterData_v3/sequenceData/positive/seq14/bbox_seq14/EndoCV2021_seq14_432.txt,1,1.00 B,,,OK,0
PolypGen,data/external/PolypGen/PolypGen2021_MultiCenterData_v3/sequenceData/positive/seq14/bbox_seq14/EndoCV2021_seq14_436.txt,1,1.00 B,,,OK,0
PolypGen,data/external/PolypGen/PolypGen2021_MultiCenterData_v3/sequenceData/positive/seq14/bbox_seq14/EndoCV2021_seq14_44.txt,23,23.00 B,,,OK,0
PolypGen,data/external/PolypGen/PolypGen2021_MultiCenterData_v3/sequenceData/positive/seq14/bbox_seq14/EndoCV2021_seq14_440.txt,1,1.00 B,,,OK,0
PolypGen,data/external/PolypGen/PolypGen2021_MultiCenterData_v3/sequenceData/positive/seq14/bbox_seq14/EndoCV2021_seq14_444.txt,1,1.00 B,,,OK,0
PolypGen,data/external/PolypGen/PolypGen2021_MultiCenterData_v3/sequenceData/positive/seq14/bbox_seq14/EndoCV2021_seq14_448.txt,1,1.00 B,,,OK,0
PolypGen,data/external/PolypGen/PolypGen2021_MultiCenterData_v3/sequenceData/positive/seq14/bbox_seq14/EndoCV2021_seq14_452.txt,24,24.00 B,,,OK,0
PolypGen,data/external/PolypGen/PolypGen2021_MultiCenterData_v3/sequenceData/positive/seq14/bbox_seq14/EndoCV2021_seq14_456.txt,1,1.00 B,,,OK,0
PolypGen,data/external/PolypGen/PolypGen2021_MultiCenterData_v3/sequenceData/positive/seq14/bbox_seq14/EndoCV2021_seq14_460.txt,1,1.00 B,,,OK,0
PolypGen,data/external/PolypGen/PolypGen2021_MultiCenterData_v3/sequenceData/positive/seq14/bbox_seq14/EndoCV2021_seq14_464.txt,1,1.00 B,,,OK,0
PolypGen,data/external/PolypGen/PolypGen2021_MultiCenterData_v3/sequenceData/positive/seq14/bbox_seq14/EndoCV2021_seq14_468.txt,1,1.00 B,,,OK,0
PolypGen,data/external/PolypGen/PolypGen2021_MultiCenterData_v3/sequenceData/positive/seq14/bbox_seq14/EndoCV2021_seq14_472.txt,1,1.00 B,,,OK,0
PolypGen,data/external/PolypGen/PolypGen2021_MultiCenterData_v3/sequenceData/positive/seq14/bbox_seq14/EndoCV2021_seq14_476.txt,1,1.00 B,,,OK,0
PolypGen,data/external/PolypGen/PolypGen2021_MultiCenterData_v3/sequenceData/positive/seq14/bbox_seq14/EndoCV2021_seq14_48.txt,23,23.00 B,,,OK,0
PolypGen,data/external/PolypGen/PolypGen2021_MultiCenterData_v3/sequenceData/positive/seq14/bbox_seq14/EndoCV2021_seq14_480.txt,1,1.00 B,,,OK,0
PolypGen,data/external/PolypGen/PolypGen2021_MultiCenterData_v3/sequenceData/positive/seq14/bbox_seq14/EndoCV2021_seq14_484.txt,1,1.00 B,,,OK,0
PolypGen,data/external/PolypGen/PolypGen2021_MultiCenterData_v3/sequenceData/positive/seq14/bbox_seq14/EndoCV2021_seq14_488.txt,1,1.00 B,,,OK,0
PolypGen,data/external/PolypGen/PolypGen2021_MultiCenterData_v3/sequenceData/positive/seq14/bbox_seq14/EndoCV2021_seq14_492.txt,1,1.00 B,,,OK,0
PolypGen,data/external/PolypGen/PolypGen2021_MultiCenterData_v3/sequenceData/positive/seq14/bbox_seq14/EndoCV2021_seq14_496.txt,1,1.00 B,,,OK,0
PolypGen,data/external/PolypGen/PolypGen2021_MultiCenterData_v3/sequenceData/positive/seq14/bbox_seq14/EndoCV2021_seq14_500.txt,1,1.00 B,,,OK,0
PolypGen,data/external/PolypGen/PolypGen2021_MultiCenterData_v3/sequenceData/positive/seq14/bbox_seq14/EndoCV2021_seq14_504.txt,1,1.00 B,,,OK,0
PolypGen,data/external/PolypGen/PolypGen2021_MultiCenterData_v3/sequenceData/positive/seq14/bbox_seq14/EndoCV2021_seq14_508.txt,1,1.00 B,,,OK,0
PolypGen,data/external/PolypGen/PolypGen2021_MultiCenterData_v3/sequenceData/positive/seq14/bbox_seq14/EndoCV2021_seq14_512.txt,1,1.00 B,,,OK,0
PolypGen,data/external/PolypGen/PolypGen2021_MultiCenterData_v3/sequenceData/positive/seq14/bbox_seq14/EndoCV2021_seq14_516.txt,1,1.00 B,,,OK,0
PolypGen,data/external/PolypGen/PolypGen2021_MultiCenterData_v3/sequenceData/positive/seq14/bbox_seq14/EndoCV2021_seq14_52.txt,23,23.00 B,,,OK,0
PolypGen,data/external/PolypGen/PolypGen2021_MultiCenterData_v3/sequenceData/positive/seq14/bbox_seq14/EndoCV2021_seq14_520.txt,1,1.00 B,,,OK,0
PolypGen,data/external/PolypGen/PolypGen2021_MultiCenterData_v3/sequenceData/positive/seq14/bbox_seq14/EndoCV2021_seq14_524.txt,1,1.00 B,,,OK,0
PolypGen,data/external/PolypGen/PolypGen2021_MultiCenterData_v3/sequenceData/positive/seq14/bbox_seq14/EndoCV2021_seq14_528.txt,1,1.00 B,,,OK,0
PolypGen,data/external/PolypGen/PolypGen2021_MultiCenterData_v3/sequenceData/positive/seq14/bbox_seq14/EndoCV2021_seq14_532.txt,1,1.00 B,,,OK,0
PolypGen,data/external/PolypGen/PolypGen2021_MultiCenterData_v3/sequenceData/positive/seq14/bbox_seq14/EndoCV2021_seq14_536.txt,1,1.00 B,,,OK,0
PolypGen,data/external/PolypGen/PolypGen2021_MultiCenterData_v3/sequenceData/positive/seq14/bbox_seq14/EndoCV2021_seq14_540.txt,1,1.00 B,,,OK,0
PolypGen,data/external/PolypGen/PolypGen2021_MultiCenterData_v3/sequenceData/positive/seq14/bbox_seq14/EndoCV2021_seq14_544.txt,24,24.00 B,,,OK,0
PolypGen,data/external/PolypGen/PolypGen2021_MultiCenterData_v3/sequenceData/positive/seq14/bbox_seq14/EndoCV2021_seq14_548.txt,47,47.00 B,,,OK,0
PolypGen,data/external/PolypGen/PolypGen2021_MultiCenterData_v3/sequenceData/positive/seq14/bbox_seq14/EndoCV2021_seq14_552.txt,24,24.00 B,,,OK,0
PolypGen,data/external/PolypGen/PolypGen2021_MultiCenterData_v3/sequenceData/positive/seq14/bbox_seq14/EndoCV2021_seq14_556.txt,24,24.00 B,,,OK,0
PolypGen,data/external/PolypGen/PolypGen2021_MultiCenterData_v3/sequenceData/positive/seq14/bbox_seq14/EndoCV2021_seq14_56.txt,23,23.00 B,,,OK,0
PolypGen,data/external/PolypGen/PolypGen2021_MultiCenterData_v3/sequenceData/positive/seq14/bbox_seq14/EndoCV2021_seq14_560.txt,24,24.00 B,,,OK,0
PolypGen,data/external/PolypGen/PolypGen2021_MultiCenterData_v3/sequenceData/positive/seq14/bbox_seq14/EndoCV2021_seq14_564.txt,24,24.00 B,,,OK,0
PolypGen,data/external/PolypGen/PolypGen2021_MultiCenterData_v3/sequenceData/positive/seq14/bbox_seq14/EndoCV2021_seq14_568.txt,48,48.00 B,,,OK,0
PolypGen,data/external/PolypGen/PolypGen2021_MultiCenterData_v3/sequenceData/positive/seq14/bbox_seq14/EndoCV2021_seq14_572.txt,24,24.00 B,,,OK,0
PolypGen,data/external/PolypGen/PolypGen2021_MultiCenterData_v3/sequenceData/positive/seq14/bbox_seq14/EndoCV2021_seq14_576.txt,24,24.00 B,,,OK,0
PolypGen,data/external/PolypGen/PolypGen2021_MultiCenterData_v3/sequenceData/positive/seq14/bbox_seq14/EndoCV2021_seq14_580.txt,24,24.00 B,,,OK,0
PolypGen,data/external/PolypGen/PolypGen2021_MultiCenterData_v3/sequenceData/positive/seq14/bbox_seq14/EndoCV2021_seq14_584.txt,24,24.00 B,,,OK,0
PolypGen,data/external/PolypGen/PolypGen2021_MultiCenterData_v3/sequenceData/positive/seq14/bbox_seq14/EndoCV2021_seq14_588.txt,46,46.00 B,,,OK,0
PolypGen,data/external/PolypGen/PolypGen2021_MultiCenterData_v3/sequenceData/positive/seq14/bbox_seq14/EndoCV2021_seq14_592.txt,24,24.00 B,,,OK,0
PolypGen,data/external/PolypGen/PolypGen2021_MultiCenterData_v3/sequenceData/positive/seq14/bbox_seq14/EndoCV2021_seq14_596.txt,24,24.00 B,,,OK,0
PolypGen,data/external/PolypGen/PolypGen2021_MultiCenterData_v3/sequenceData/positive/seq14/bbox_seq14/EndoCV2021_seq14_60.txt,23,23.00 B,,,OK,0
PolypGen,data/external/PolypGen/PolypGen2021_MultiCenterData_v3/sequenceData/positive/seq14/bbox_seq14/EndoCV2021_seq14_600.txt,47,47.00 B,,,OK,0
PolypGen,data/external/PolypGen/PolypGen2021_MultiCenterData_v3/sequenceData/positive/seq14/bbox_seq14/EndoCV2021_seq14_604.txt,24,24.00 B,,,OK,0
PolypGen,data/external/PolypGen/PolypGen2021_MultiCenterData_v3/sequenceData/positive/seq14/bbox_seq14/EndoCV2021_seq14_608.txt,24,24.00 B,,,OK,0
PolypGen,data/external/PolypGen/PolypGen2021_MultiCenterData_v3/sequenceData/positive/seq14/bbox_seq14/EndoCV2021_seq14_612.txt,47,47.00 B,,,OK,0
PolypGen,data/external/PolypGen/PolypGen2021_MultiCenterData_v3/sequenceData/positive/seq14/bbox_seq14/EndoCV2021_seq14_616.txt,24,24.00 B,,,OK,0
PolypGen,data/external/PolypGen/PolypGen2021_MultiCenterData_v3/sequenceData/positive/seq14/bbox_seq14/EndoCV2021_seq14_620.txt,24,24.00 B,,,OK,0
PolypGen,data/external/PolypGen/PolypGen2021_MultiCenterData_v3/sequenceData/positive/seq14/bbox_seq14/EndoCV2021_seq14_624.txt,47,47.00 B,,,OK,0
PolypGen,data/external/PolypGen/PolypGen2021_MultiCenterData_v3/sequenceData/positive/seq14/bbox_seq14/EndoCV2021_seq14_628.txt,50,50.00 B,,,OK,0
PolypGen,data/external/PolypGen/PolypGen2021_MultiCenterData_v3/sequenceData/positive/seq14/bbox_seq14/EndoCV2021_seq14_632.txt,24,24.00 B,,,OK,0
PolypGen,data/external/PolypGen/PolypGen2021_MultiCenterData_v3/sequenceData/positive/seq14/bbox_seq14/EndoCV2021_seq14_636.txt,25,25.00 B,,,OK,0
PolypGen,data/external/PolypGen/PolypGen2021_MultiCenterData_v3/sequenceData/positive/seq14/bbox_seq14/EndoCV2021_seq14_64.txt,23,23.00 B,,,OK,0
PolypGen,data/external/PolypGen/PolypGen2021_MultiCenterData_v3/sequenceData/positive/seq14/bbox_seq14/EndoCV2021_seq14_640.txt,24,24.00 B,,,OK,0
PolypGen,data/external/PolypGen/PolypGen2021_MultiCenterData_v3/sequenceData/positive/seq14/bbox_seq14/EndoCV2021_seq14_644.txt,48,48.00 B,,,OK,0
PolypGen,data/external/PolypGen/PolypGen2021_MultiCenterData_v3/sequenceData/positive/seq14/bbox_seq14/EndoCV2021_seq14_648.txt,25,25.00 B,,,OK,0
PolypGen,data/external/PolypGen/PolypGen2021_MultiCenterData_v3/sequenceData/positive/seq14/bbox_seq14/EndoCV2021_seq14_652.txt,24,24.00 B,,,OK,0
PolypGen,data/external/PolypGen/PolypGen2021_MultiCenterData_v3/sequenceData/positive/seq14/bbox_seq14/EndoCV2021_seq14_656.txt,23,23.00 B,,,OK,0
PolypGen,data/external/PolypGen/PolypGen2021_MultiCenterData_v3/sequenceData/positive/seq14/bbox_seq14/EndoCV2021_seq14_660.txt,22,22.00 B,,,OK,0
PolypGen,data/external/PolypGen/PolypGen2021_MultiCenterData_v3/sequenceData/positive/seq14/bbox_seq14/EndoCV2021_seq14_664.txt,23,23.00 B,,,OK,0
PolypGen,data/external/PolypGen/PolypGen2021_MultiCenterData_v3/sequenceData/positive/seq14/bbox_seq14/EndoCV2021_seq14_668.txt,24,24.00 B,,,OK,0
PolypGen,data/external/PolypGen/PolypGen2021_MultiCenterData_v3/sequenceData/positive/seq14/bbox_seq14/EndoCV2021_seq14_672.txt,47,47.00 B,,,OK,0
PolypGen,data/external/PolypGen/PolypGen2021_MultiCenterData_v3/sequenceData/positive/seq14/bbox_seq14/EndoCV2021_seq14_676.txt,24,24.00 B,,,OK,0
PolypGen,data/external/PolypGen/PolypGen2021_MultiCenterData_v3/sequenceData/positive/seq14/bbox_seq14/EndoCV2021_seq14_68.txt,23,23.00 B,,,OK,0
PolypGen,data/external/PolypGen/PolypGen2021_MultiCenterData_v3/sequenceData/positive/seq14/bbox_seq14/EndoCV2021_seq14_680.txt,24,24.00 B,,,OK,0
PolypGen,data/external/PolypGen/PolypGen2021_MultiCenterData_v3/sequenceData/positive/seq14/bbox_seq14/EndoCV2021_seq14_684.txt,1,1.00 B,,,OK,0
PolypGen,data/external/PolypGen/PolypGen2021_MultiCenterData_v3/sequenceData/positive/seq14/bbox_seq14/EndoCV2021_seq14_688.txt,1,1.00 B,,,OK,0
PolypGen,data/external/PolypGen/PolypGen2021_MultiCenterData_v3/sequenceData/positive/seq14/bbox_seq14/EndoCV2021_seq14_692.txt,1,1.00 B,,,OK,0
PolypGen,data/external/PolypGen/PolypGen2021_MultiCenterData_v3/sequenceData/positive/seq14/bbox_seq14/EndoCV2021_seq14_696.txt,1,1.00 B,,,OK,0
PolypGen,data/external/PolypGen/PolypGen2021_MultiCenterData_v3/sequenceData/positive/seq14/bbox_seq14/EndoCV2021_seq14_700.txt,1,1.00 B,,,OK,0
PolypGen,data/external/PolypGen/PolypGen2021_MultiCenterData_v3/sequenceData/positive/seq14/bbox_seq14/EndoCV2021_seq14_704.txt,1,1.00 B,,,OK,0
PolypGen,data/external/PolypGen/PolypGen2021_MultiCenterData_v3/sequenceData/positive/seq14/bbox_seq14/EndoCV2021_seq14_708.txt,1,1.00 B,,,OK,0
PolypGen,data/external/PolypGen/PolypGen2021_MultiCenterData_v3/sequenceData/positive/seq14/bbox_seq14/EndoCV2021_seq14_712.txt,24,24.00 B,,,OK,0
PolypGen,data/external/PolypGen/PolypGen2021_MultiCenterData_v3/sequenceData/positive/seq14/bbox_seq14/EndoCV2021_seq14_716.txt,24,24.00 B,,,OK,0
PolypGen,data/external/PolypGen/PolypGen2021_MultiCenterData_v3/sequenceData/positive/seq14/bbox_seq14/EndoCV2021_seq14_72.txt,23,23.00 B,,,OK,0
PolypGen,data/external/PolypGen/PolypGen2021_MultiCenterData_v3/sequenceData/positive/seq14/bbox_seq14/EndoCV2021_seq14_720.txt,47,47.00 B,,,OK,0
PolypGen,data/external/PolypGen/PolypGen2021_MultiCenterData_v3/sequenceData/positive/seq14/bbox_seq14/EndoCV2021_seq14_724.txt,24,24.00 B,,,OK,0
PolypGen,data/external/PolypGen/PolypGen2021_MultiCenterData_v3/sequenceData/positive/seq14/bbox_seq14/EndoCV2021_seq14_728.txt,47,47.00 B,,,OK,0
PolypGen,data/external/PolypGen/PolypGen2021_MultiCenterData_v3/sequenceData/positive/seq14/bbox_seq14/EndoCV2021_seq14_732.txt,47,47.00 B,,,OK,0
PolypGen,data/external/PolypGen/PolypGen2021_MultiCenterData_v3/sequenceData/positive/seq14/bbox_seq14/EndoCV2021_seq14_736.txt,24,24.00 B,,,OK,0
PolypGen,data/external/PolypGen/PolypGen2021_MultiCenterData_v3/sequenceData/positive/seq14/bbox_seq14/EndoCV2021_seq14_740.txt,24,24.00 B,,,OK,0
PolypGen,data/external/PolypGen/PolypGen2021_MultiCenterData_v3/sequenceData/positive/seq14/bbox_seq14/EndoCV2021_seq14_744.txt,24,24.00 B,,,OK,0
PolypGen,data/external/PolypGen/PolypGen2021_MultiCenterData_v3/sequenceData/positive/seq14/bbox_seq14/EndoCV2021_seq14_748.txt,24,24.00 B,,,OK,0
PolypGen,data/external/PolypGen/PolypGen2021_MultiCenterData_v3/sequenceData/positive/seq14/bbox_seq14/EndoCV2021_seq14_752.txt,24,24.00 B,,,OK,0
PolypGen,data/external/PolypGen/PolypGen2021_MultiCenterData_v3/sequenceData/positive/seq14/bbox_seq14/EndoCV2021_seq14_756.txt,24,24.00 B,,,OK,0
PolypGen,data/external/PolypGen/PolypGen2021_MultiCenterData_v3/sequenceData/positive/seq14/bbox_seq14/EndoCV2021_seq14_76.txt,24,24.00 B,,,OK,0
PolypGen,data/external/PolypGen/PolypGen2021_MultiCenterData_v3/sequenceData/positive/seq14/bbox_seq14/EndoCV2021_seq14_760.txt,23,23.00 B,,,OK,0
PolypGen,data/external/PolypGen/PolypGen2021_MultiCenterData_v3/sequenceData/positive/seq14/bbox_seq14/EndoCV2021_seq14_764.txt,23,23.00 B,,,OK,0
PolypGen,data/external/PolypGen/PolypGen2021_MultiCenterData_v3/sequenceData/positive/seq14/bbox_seq14/EndoCV2021_seq14_768.txt,23,23.00 B,,,OK,0
PolypGen,data/external/PolypGen/PolypGen2021_MultiCenterData_v3/sequenceData/positive/seq14/bbox_seq14/EndoCV2021_seq14_772.txt,24,24.00 B,,,OK,0
PolypGen,data/external/PolypGen/PolypGen2021_MultiCenterData_v3/sequenceData/positive/seq14/bbox_seq14/EndoCV2021_seq14_776.txt,24,24.00 B,,,OK,0
PolypGen,data/external/PolypGen/PolypGen2021_MultiCenterData_v3/sequenceData/positive/seq14/bbox_seq14/EndoCV2021_seq14_780.txt,23,23.00 B,,,OK,0
PolypGen,data/external/PolypGen/PolypGen2021_MultiCenterData_v3/sequenceData/positive/seq14/bbox_seq14/EndoCV2021_seq14_784.txt,24,24.00 B,,,OK,0
PolypGen,data/external/PolypGen/PolypGen2021_MultiCenterData_v3/sequenceData/positive/seq14/bbox_seq14/EndoCV2021_seq14_788.txt,24,24.00 B,,,OK,0
PolypGen,data/external/PolypGen/PolypGen2021_MultiCenterData_v3/sequenceData/positive/seq14/bbox_seq14/EndoCV2021_seq14_792.txt,24,24.00 B,,,OK,0
PolypGen,data/external/PolypGen/PolypGen2021_MultiCenterData_v3/sequenceData/positive/seq14/bbox_seq14/EndoCV2021_seq14_796.txt,24,24.00 B,,,OK,0
PolypGen,data/external/PolypGen/PolypGen2021_MultiCenterData_v3/sequenceData/positive/seq14/bbox_seq14/EndoCV2021_seq14_8.txt,24,24.00 B,,,OK,0
PolypGen,data/external/PolypGen/PolypGen2021_MultiCenterData_v3/sequenceData/positive/seq14/bbox_seq14/EndoCV2021_seq14_80.txt,24,24.00 B,,,OK,0
PolypGen,data/external/PolypGen/PolypGen2021_MultiCenterData_v3/sequenceData/positive/seq14/bbox_seq14/EndoCV2021_seq14_800.txt,24,24.00 B,,,OK,0
PolypGen,data/external/PolypGen/PolypGen2021_MultiCenterData_v3/sequenceData/positive/seq14/bbox_seq14/EndoCV2021_seq14_804.txt,24,24.00 B,,,OK,0
PolypGen,data/external/PolypGen/PolypGen2021_MultiCenterData_v3/sequenceData/positive/seq14/bbox_seq14/EndoCV2021_seq14_808.txt,23,23.00 B,,,OK,0
PolypGen,data/external/PolypGen/PolypGen2021_MultiCenterData_v3/sequenceData/positive/seq14/bbox_seq14/EndoCV2021_seq14_812.txt,47,47.00 B,,,OK,0
PolypGen,data/external/PolypGen/PolypGen2021_MultiCenterData_v3/sequenceData/positive/seq14/bbox_seq14/EndoCV2021_seq14_816.txt,24,24.00 B,,,OK,0
PolypGen,data/external/PolypGen/PolypGen2021_MultiCenterData_v3/sequenceData/positive/seq14/bbox_seq14/EndoCV2021_seq14_820.txt,24,24.00 B,,,OK,0
PolypGen,data/external/PolypGen/PolypGen2021_MultiCenterData_v3/sequenceData/positive/seq14/bbox_seq14/EndoCV2021_seq14_824.txt,71,71.00 B,,,OK,0
PolypGen,data/external/PolypGen/PolypGen2021_MultiCenterData_v3/sequenceData/positive/seq14/bbox_seq14/EndoCV2021_seq14_828.txt,23,23.00 B,,,OK,0
PolypGen,data/external/PolypGen/PolypGen2021_MultiCenterData_v3/sequenceData/positive/seq14/bbox_seq14/EndoCV2021_seq14_832.txt,23,23.00 B,,,OK,0
PolypGen,data/external/PolypGen/PolypGen2021_MultiCenterData_v3/sequenceData/positive/seq14/bbox_seq14/EndoCV2021_seq14_836.txt,47,47.00 B,,,OK,0
PolypGen,data/external/PolypGen/PolypGen2021_MultiCenterData_v3/sequenceData/positive/seq14/bbox_seq14/EndoCV2021_seq14_84.txt,24,24.00 B,,,OK,0
PolypGen,data/external/PolypGen/PolypGen2021_MultiCenterData_v3/sequenceData/positive/seq14/bbox_seq14/EndoCV2021_seq14_840.txt,47,47.00 B,,,OK,0
PolypGen,data/external/PolypGen/PolypGen2021_MultiCenterData_v3/sequenceData/positive/seq14/bbox_seq14/EndoCV2021_seq14_844.txt,71,71.00 B,,,OK,0
PolypGen,data/external/PolypGen/PolypGen2021_MultiCenterData_v3/sequenceData/positive/seq14/bbox_seq14/EndoCV2021_seq14_848.txt,23,23.00 B,,,OK,0
PolypGen,data/external/PolypGen/PolypGen2021_MultiCenterData_v3/sequenceData/positive/seq14/bbox_seq14/EndoCV2021_seq14_852.txt,24,24.00 B,,,OK,0
PolypGen,data/external/PolypGen/PolypGen2021_MultiCenterData_v3/sequenceData/positive/seq14/bbox_seq14/EndoCV2021_seq14_856.txt,24,24.00 B,,,OK,0
PolypGen,data/external/PolypGen/PolypGen2021_MultiCenterData_v3/sequenceData/positive/seq14/bbox_seq14/EndoCV2021_seq14_860.txt,48,48.00 B,,,OK,0
PolypGen,data/external/PolypGen/PolypGen2021_MultiCenterData_v3/sequenceData/positive/seq14/bbox_seq14/EndoCV2021_seq14_864.txt,24,24.00 B,,,OK,0
PolypGen,data/external/PolypGen/PolypGen2021_MultiCenterData_v3/sequenceData/positive/seq14/bbox_seq14/EndoCV2021_seq14_868.txt,24,24.00 B,,,OK,0
PolypGen,data/external/PolypGen/PolypGen2021_MultiCenterData_v3/sequenceData/positive/seq14/bbox_seq14/EndoCV2021_seq14_872.txt,48,48.00 B,,,OK,0
PolypGen,data/external/PolypGen/PolypGen2021_MultiCenterData_v3/sequenceData/positive/seq14/bbox_seq14/EndoCV2021_seq14_876.txt,24,24.00 B,,,OK,0
PolypGen,data/external/PolypGen/PolypGen2021_MultiCenterData_v3/sequenceData/positive/seq14/bbox_seq14/EndoCV2021_seq14_88.txt,24,24.00 B,,,OK,0
PolypGen,data/external/PolypGen/PolypGen2021_MultiCenterData_v3/sequenceData/positive/seq14/bbox_seq14/EndoCV2021_seq14_880.txt,24,24.00 B,,,OK,0
PolypGen,data/external/PolypGen/PolypGen2021_MultiCenterData_v3/sequenceData/positive/seq14/bbox_seq14/EndoCV2021_seq14_884.txt,24,24.00 B,,,OK,0
PolypGen,data/external/PolypGen/PolypGen2021_MultiCenterData_v3/sequenceData/positive/seq14/bbox_seq14/EndoCV2021_seq14_888.txt,24,24.00 B,,,OK,0
PolypGen,data/external/PolypGen/PolypGen2021_MultiCenterData_v3/sequenceData/positive/seq14/bbox_seq14/EndoCV2021_seq14_892.txt,24,24.00 B,,,OK,0
PolypGen,data/external/PolypGen/PolypGen2021_MultiCenterData_v3/sequenceData/positive/seq14/bbox_seq14/EndoCV2021_seq14_896.txt,24,24.00 B,,,OK,0
PolypGen,data/external/PolypGen/PolypGen2021_MultiCenterData_v3/sequenceData/positive/seq14/bbox_seq14/EndoCV2021_seq14_900.txt,24,24.00 B,,,OK,0
PolypGen,data/external/PolypGen/PolypGen2021_MultiCenterData_v3/sequenceData/positive/seq14/bbox_seq14/EndoCV2021_seq14_904.txt,21,21.00 B,,,OK,0
PolypGen,data/external/PolypGen/PolypGen2021_MultiCenterData_v3/sequenceData/positive/seq14/bbox_seq14/EndoCV2021_seq14_908.txt,1,1.00 B,,,OK,0
PolypGen,data/external/PolypGen/PolypGen2021_MultiCenterData_v3/sequenceData/positive/seq14/bbox_seq14/EndoCV2021_seq14_912.txt,1,1.00 B,,,OK,0
PolypGen,data/external/PolypGen/PolypGen2021_MultiCenterData_v3/sequenceData/positive/seq14/bbox_seq14/EndoCV2021_seq14_916.txt,1,1.00 B,,,OK,0
PolypGen,data/external/PolypGen/PolypGen2021_MultiCenterData_v3/sequenceData/positive/seq14/bbox_seq14/EndoCV2021_seq14_92.txt,48,48.00 B,,,OK,0
PolypGen,data/external/PolypGen/PolypGen2021_MultiCenterData_v3/sequenceData/positive/seq14/bbox_seq14/EndoCV2021_seq14_920.txt,1,1.00 B,,,OK,0
PolypGen,data/external/PolypGen/PolypGen2021_MultiCenterData_v3/sequenceData/positive/seq14/bbox_seq14/EndoCV2021_seq14_924.txt,22,22.00 B,,,OK,0
PolypGen,data/external/PolypGen/PolypGen2021_MultiCenterData_v3/sequenceData/positive/seq14/bbox_seq14/EndoCV2021_seq14_928.txt,23,23.00 B,,,OK,0
PolypGen,data/external/PolypGen/PolypGen2021_MultiCenterData_v3/sequenceData/positive/seq14/bbox_seq14/EndoCV2021_seq14_932.txt,23,23.00 B,,,OK,0
PolypGen,data/external/PolypGen/PolypGen2021_MultiCenterData_v3/sequenceData/positive/seq14/bbox_seq14/EndoCV2021_seq14_936.txt,23,23.00 B,,,OK,0
PolypGen,data/external/PolypGen/PolypGen2021_MultiCenterData_v3/sequenceData/positive/seq14/bbox_seq14/EndoCV2021_seq14_940.txt,23,23.00 B,,,OK,0
PolypGen,data/external/PolypGen/PolypGen2021_MultiCenterData_v3/sequenceData/positive/seq14/bbox_seq14/EndoCV2021_seq14_944.txt,23,23.00 B,,,OK,0
PolypGen,data/external/PolypGen/PolypGen2021_MultiCenterData_v3/sequenceData/positive/seq14/bbox_seq14/EndoCV2021_seq14_948.txt,23,23.00 B,,,OK,0
PolypGen,data/external/PolypGen/PolypGen2021_MultiCenterData_v3/sequenceData/positive/seq14/bbox_seq14/EndoCV2021_seq14_952.txt,22,22.00 B,,,OK,0
PolypGen,data/external/PolypGen/PolypGen2021_MultiCenterData_v3/sequenceData/positive/seq14/bbox_seq14/EndoCV2021_seq14_96.txt,1,1.00 B,,,OK,0
PolypGen,data/external/PolypGen/PolypGen2021_MultiCenterData_v3/sequenceData/positive/seq14/bbox_seq14/EndoCV2021_seq14_960.txt,22,22.00 B,,,OK,0
PolypGen,data/external/PolypGen/PolypGen2021_MultiCenterData_v3/sequenceData/positive/seq14/bbox_seq14/EndoCV2021_seq14_964.txt,22,22.00 B,,,OK,0
PolypGen,data/external/PolypGen/PolypGen2021_MultiCenterData_v3/sequenceData/positive/seq14/bbox_seq14/EndoCV2021_seq14_968.txt,22,22.00 B,,,OK,0
PolypGen,data/external/PolypGen/PolypGen2021_MultiCenterData_v3/sequenceData/positive/seq14/bbox_seq14/EndoCV2021_seq14_972.txt,22,22.00 B,,,OK,0
PolypGen,data/external/PolypGen/PolypGen2021_MultiCenterData_v3/sequenceData/positive/seq14/bbox_seq14/EndoCV2021_seq14_976.txt,22,22.00 B,,,OK,0
PolypGen,data/external/PolypGen/PolypGen2021_MultiCenterData_v3/sequenceData/positive/seq14/bbox_seq14/EndoCV2021_seq14_980.txt,23,23.00 B,,,OK,0
PolypGen,data/external/PolypGen/PolypGen2021_MultiCenterData_v3/sequenceData/positive/seq14/bbox_seq14/EndoCV2021_seq14_984.txt,23,23.00 B,,,OK,0
PolypGen,data/external/PolypGen/PolypGen2021_MultiCenterData_v3/sequenceData/positive/seq14/bbox_seq14/EndoCV2021_seq14_988.txt,23,23.00 B,,,OK,0
PolypGen,data/external/PolypGen/PolypGen2021_MultiCenterData_v3/sequenceData/positive/seq14/bbox_seq14/EndoCV2021_seq14_992.txt,23,23.00 B,,,OK,0
PolypGen,data/external/PolypGen/PolypGen2021_MultiCenterData_v3/sequenceData/positive/seq14/bbox_seq14/EndoCV2021_seq14_996.txt,23,23.00 B,,,OK,0
PolypGen,data/external/PolypGen/PolypGen2021_MultiCenterData_v3/sequenceData/positive/seq15/bbox_seq15/EndoCV2021_seq15_0.txt,23,23.00 B,,,OK,0
PolypGen,data/external/PolypGen/PolypGen2021_MultiCenterData_v3/sequenceData/positive/seq15/bbox_seq15/EndoCV2021_seq15_100.txt,23,23.00 B,,,OK,0
PolypGen,data/external/PolypGen/PolypGen2021_MultiCenterData_v3/sequenceData/positive/seq15/bbox_seq15/EndoCV2021_seq15_104.txt,23,23.00 B,,,OK,0
PolypGen,data/external/PolypGen/PolypGen2021_MultiCenterData_v3/sequenceData/positive/seq15/bbox_seq15/EndoCV2021_seq15_108.txt,23,23.00 B,,,OK,0
PolypGen,data/external/PolypGen/PolypGen2021_MultiCenterData_v3/sequenceData/positive/seq15/bbox_seq15/EndoCV2021_seq15_112.txt,23,23.00 B,,,OK,0
PolypGen,data/external/PolypGen/PolypGen2021_MultiCenterData_v3/sequenceData/positive/seq15/bbox_seq15/EndoCV2021_seq15_116.txt,23,23.00 B,,,OK,0
PolypGen,data/external/PolypGen/PolypGen2021_MultiCenterData_v3/sequenceData/positive/seq15/bbox_seq15/EndoCV2021_seq15_12.txt,23,23.00 B,,,OK,0
PolypGen,data/external/PolypGen/PolypGen2021_MultiCenterData_v3/sequenceData/positive/seq15/bbox_seq15/EndoCV2021_seq15_120.txt,23,23.00 B,,,OK,0
PolypGen,data/external/PolypGen/PolypGen2021_MultiCenterData_v3/sequenceData/positive/seq15/bbox_seq15/EndoCV2021_seq15_124.txt,23,23.00 B,,,OK,0
PolypGen,data/external/PolypGen/PolypGen2021_MultiCenterData_v3/sequenceData/positive/seq15/bbox_seq15/EndoCV2021_seq15_128.txt,23,23.00 B,,,OK,0
PolypGen,data/external/PolypGen/PolypGen2021_MultiCenterData_v3/sequenceData/positive/seq15/bbox_seq15/EndoCV2021_seq15_132.txt,23,23.00 B,,,OK,0
PolypGen,data/external/PolypGen/PolypGen2021_MultiCenterData_v3/sequenceData/positive/seq15/bbox_seq15/EndoCV2021_seq15_136.txt,22,22.00 B,,,OK,0
PolypGen,data/external/PolypGen/PolypGen2021_MultiCenterData_v3/sequenceData/positive/seq15/bbox_seq15/EndoCV2021_seq15_140.txt,22,22.00 B,,,OK,0
PolypGen,data/external/PolypGen/PolypGen2021_MultiCenterData_v3/sequenceData/positive/seq15/bbox_seq15/EndoCV2021_seq15_144.txt,22,22.00 B,,,OK,0
PolypGen,data/external/PolypGen/PolypGen2021_MultiCenterData_v3/sequenceData/positive/seq15/bbox_seq15/EndoCV2021_seq15_148.txt,22,22.00 B,,,OK,0
PolypGen,data/external/PolypGen/PolypGen2021_MultiCenterData_v3/sequenceData/positive/seq15/bbox_seq15/EndoCV2021_seq15_152.txt,45,45.00 B,,,OK,0
PolypGen,data/external/PolypGen/PolypGen2021_MultiCenterData_v3/sequenceData/positive/seq15/bbox_seq15/EndoCV2021_seq15_156.txt,45,45.00 B,,,OK,0
PolypGen,data/external/PolypGen/PolypGen2021_MultiCenterData_v3/sequenceData/positive/seq15/bbox_seq15/EndoCV2021_seq15_16.txt,23,23.00 B,,,OK,0
PolypGen,data/external/PolypGen/PolypGen2021_MultiCenterData_v3/sequenceData/positive/seq15/bbox_seq15/EndoCV2021_seq15_160.txt,24,24.00 B,,,OK,0
PolypGen,data/external/PolypGen/PolypGen2021_MultiCenterData_v3/sequenceData/positive/seq15/bbox_seq15/EndoCV2021_seq15_164.txt,24,24.00 B,,,OK,0
PolypGen,data/external/PolypGen/PolypGen2021_MultiCenterData_v3/sequenceData/positive/seq15/bbox_seq15/EndoCV2021_seq15_168.txt,24,24.00 B,,,OK,0
PolypGen,data/external/PolypGen/PolypGen2021_MultiCenterData_v3/sequenceData/positive/seq15/bbox_seq15/EndoCV2021_seq15_172.txt,24,24.00 B,,,OK,0
PolypGen,data/external/PolypGen/PolypGen2021_MultiCenterData_v3/sequenceData/positive/seq15/bbox_seq15/EndoCV2021_seq15_176.txt,23,23.00 B,,,OK,0
PolypGen,data/external/PolypGen/PolypGen2021_MultiCenterData_v3/sequenceData/positive/seq15/bbox_seq15/EndoCV2021_seq15_180.txt,24,24.00 B,,,OK,0
PolypGen,data/external/PolypGen/PolypGen2021_MultiCenterData_v3/sequenceData/positive/seq15/bbox_seq15/EndoCV2021_seq15_184.txt,23,23.00 B,,,OK,0
PolypGen,data/external/PolypGen/PolypGen2021_MultiCenterData_v3/sequenceData/positive/seq15/bbox_seq15/EndoCV2021_seq15_188.txt,22,22.00 B,,,OK,0
PolypGen,data/external/PolypGen/PolypGen2021_MultiCenterData_v3/sequenceData/positive/seq15/bbox_seq15/EndoCV2021_seq15_192.txt,22,22.00 B,,,OK,0
PolypGen,data/external/PolypGen/PolypGen2021_MultiCenterData_v3/sequenceData/positive/seq15/bbox_seq15/EndoCV2021_seq15_196.txt,42,42.00 B,,,OK,0
PolypGen,data/external/PolypGen/PolypGen2021_MultiCenterData_v3/sequenceData/positive/seq15/bbox_seq15/EndoCV2021_seq15_20.txt,23,23.00 B,,,OK,0
PolypGen,data/external/PolypGen/PolypGen2021_MultiCenterData_v3/sequenceData/positive/seq15/bbox_seq15/EndoCV2021_seq15_200.txt,43,43.00 B,,,OK,0
PolypGen,data/external/PolypGen/PolypGen2021_MultiCenterData_v3/sequenceData/positive/seq15/bbox_seq15/EndoCV2021_seq15_204.txt,44,44.00 B,,,OK,0
PolypGen,data/external/PolypGen/PolypGen2021_MultiCenterData_v3/sequenceData/positive/seq15/bbox_seq15/EndoCV2021_seq15_208.txt,44,44.00 B,,,OK,0
PolypGen,data/external/PolypGen/PolypGen2021_MultiCenterData_v3/sequenceData/positive/seq15/bbox_seq15/EndoCV2021_seq15_212.txt,44,44.00 B,,,OK,0
PolypGen,data/external/PolypGen/PolypGen2021_MultiCenterData_v3/sequenceData/positive/seq15/bbox_seq15/EndoCV2021_seq15_216.txt,44,44.00 B,,,OK,0
PolypGen,data/external/PolypGen/PolypGen2021_MultiCenterData_v3/sequenceData/positive/seq15/bbox_seq15/EndoCV2021_seq15_220.txt,44,44.00 B,,,OK,0
PolypGen,data/external/PolypGen/PolypGen2021_MultiCenterData_v3/sequenceData/positive/seq15/bbox_seq15/EndoCV2021_seq15_224.txt,23,23.00 B,,,OK,0
PolypGen,data/external/PolypGen/PolypGen2021_MultiCenterData_v3/sequenceData/positive/seq15/bbox_seq15/EndoCV2021_seq15_228.txt,44,44.00 B,,,OK,0
PolypGen,data/external/PolypGen/PolypGen2021_MultiCenterData_v3/sequenceData/positive/seq15/bbox_seq15/EndoCV2021_seq15_232.txt,43,43.00 B,,,OK,0
PolypGen,data/external/PolypGen/PolypGen2021_MultiCenterData_v3/sequenceData/positive/seq15/bbox_seq15/EndoCV2021_seq15_236.txt,44,44.00 B,,,OK,0
PolypGen,data/external/PolypGen/PolypGen2021_MultiCenterData_v3/sequenceData/positive/seq15/bbox_seq15/EndoCV2021_seq15_24.txt,23,23.00 B,,,OK,0
PolypGen,data/external/PolypGen/PolypGen2021_MultiCenterData_v3/sequenceData/positive/seq15/bbox_seq15/EndoCV2021_seq15_240.txt,44,44.00 B,,,OK,0
PolypGen,data/external/PolypGen/PolypGen2021_MultiCenterData_v3/sequenceData/positive/seq15/bbox_seq15/EndoCV2021_seq15_244.txt,45,45.00 B,,,OK,0
PolypGen,data/external/PolypGen/PolypGen2021_MultiCenterData_v3/sequenceData/positive/seq15/bbox_seq15/EndoCV2021_seq15_248.txt,45,45.00 B,,,OK,0
PolypGen,data/external/PolypGen/PolypGen2021_MultiCenterData_v3/sequenceData/positive/seq15/bbox_seq15/EndoCV2021_seq15_252.txt,45,45.00 B,,,OK,0
PolypGen,data/external/PolypGen/PolypGen2021_MultiCenterData_v3/sequenceData/positive/seq15/bbox_seq15/EndoCV2021_seq15_256.txt,45,45.00 B,,,OK,0
PolypGen,data/external/PolypGen/PolypGen2021_MultiCenterData_v3/sequenceData/positive/seq15/bbox_seq15/EndoCV2021_seq15_260.txt,45,45.00 B,,,OK,0
PolypGen,data/external/PolypGen/PolypGen2021_MultiCenterData_v3/sequenceData/positive/seq15/bbox_seq15/EndoCV2021_seq15_264.txt,45,45.00 B,,,OK,0
PolypGen,data/external/PolypGen/PolypGen2021_MultiCenterData_v3/sequenceData/positive/seq15/bbox_seq15/EndoCV2021_seq15_268.txt,45,45.00 B,,,OK,0
PolypGen,data/external/PolypGen/PolypGen2021_MultiCenterData_v3/sequenceData/positive/seq15/bbox_seq15/EndoCV2021_seq15_272.txt,43,43.00 B,,,OK,0
PolypGen,data/external/PolypGen/PolypGen2021_MultiCenterData_v3/sequenceData/positive/seq15/bbox_seq15/EndoCV2021_seq15_276.txt,42,42.00 B,,,OK,0
PolypGen,data/external/PolypGen/PolypGen2021_MultiCenterData_v3/sequenceData/positive/seq15/bbox_seq15/EndoCV2021_seq15_28.txt,23,23.00 B,,,OK,0
PolypGen,data/external/PolypGen/PolypGen2021_MultiCenterData_v3/sequenceData/positive/seq15/bbox_seq15/EndoCV2021_seq15_280.txt,23,23.00 B,,,OK,0
PolypGen,data/external/PolypGen/PolypGen2021_MultiCenterData_v3/sequenceData/positive/seq15/bbox_seq15/EndoCV2021_seq15_284.txt,23,23.00 B,,,OK,0
PolypGen,data/external/PolypGen/PolypGen2021_MultiCenterData_v3/sequenceData/positive/seq15/bbox_seq15/EndoCV2021_seq15_288.txt,23,23.00 B,,,OK,0
PolypGen,data/external/PolypGen/PolypGen2021_MultiCenterData_v3/sequenceData/positive/seq15/bbox_seq15/EndoCV2021_seq15_292.txt,45,45.00 B,,,OK,0
PolypGen,data/external/PolypGen/PolypGen2021_MultiCenterData_v3/sequenceData/positive/seq15/bbox_seq15/EndoCV2021_seq15_296.txt,45,45.00 B,,,OK,0
PolypGen,data/external/PolypGen/PolypGen2021_MultiCenterData_v3/sequenceData/positive/seq15/bbox_seq15/EndoCV2021_seq15_300.txt,45,45.00 B,,,OK,0
PolypGen,data/external/PolypGen/PolypGen2021_MultiCenterData_v3/sequenceData/positive/seq15/bbox_seq15/EndoCV2021_seq15_304.txt,45,45.00 B,,,OK,0
PolypGen,data/external/PolypGen/PolypGen2021_MultiCenterData_v3/sequenceData/positive/seq15/bbox_seq15/EndoCV2021_seq15_308.txt,45,45.00 B,,,OK,0
PolypGen,data/external/PolypGen/PolypGen2021_MultiCenterData_v3/sequenceData/positive/seq15/bbox_seq15/EndoCV2021_seq15_312.txt,45,45.00 B,,,OK,0
PolypGen,data/external/PolypGen/PolypGen2021_MultiCenterData_v3/sequenceData/positive/seq15/bbox_seq15/EndoCV2021_seq15_32.txt,23,23.00 B,,,OK,0
PolypGen,data/external/PolypGen/PolypGen2021_MultiCenterData_v3/sequenceData/positive/seq15/bbox_seq15/EndoCV2021_seq15_320.txt,44,44.00 B,,,OK,0
PolypGen,data/external/PolypGen/PolypGen2021_MultiCenterData_v3/sequenceData/positive/seq15/bbox_seq15/EndoCV2021_seq15_324.txt,44,44.00 B,,,OK,0
PolypGen,data/external/PolypGen/PolypGen2021_MultiCenterData_v3/sequenceData/positive/seq15/bbox_seq15/EndoCV2021_seq15_328.txt,44,44.00 B,,,OK,0
PolypGen,data/external/PolypGen/PolypGen2021_MultiCenterData_v3/sequenceData/positive/seq15/bbox_seq15/EndoCV2021_seq15_332.txt,44,44.00 B,,,OK,0
PolypGen,data/external/PolypGen/PolypGen2021_MultiCenterData_v3/sequenceData/positive/seq15/bbox_seq15/EndoCV2021_seq15_336.txt,44,44.00 B,,,OK,0
PolypGen,data/external/PolypGen/PolypGen2021_MultiCenterData_v3/sequenceData/positive/seq15/bbox_seq15/EndoCV2021_seq15_340.txt,44,44.00 B,,,OK,0
PolypGen,data/external/PolypGen/PolypGen2021_MultiCenterData_v3/sequenceData/positive/seq15/bbox_seq15/EndoCV2021_seq15_344.txt,44,44.00 B,,,OK,0
PolypGen,data/external/PolypGen/PolypGen2021_MultiCenterData_v3/sequenceData/positive/seq15/bbox_seq15/EndoCV2021_seq15_348.txt,44,44.00 B,,,OK,0
PolypGen,data/external/PolypGen/PolypGen2021_MultiCenterData_v3/sequenceData/positive/seq15/bbox_seq15/EndoCV2021_seq15_352.txt,44,44.00 B,,,OK,0
PolypGen,data/external/PolypGen/PolypGen2021_MultiCenterData_v3/sequenceData/positive/seq15/bbox_seq15/EndoCV2021_seq15_356.txt,45,45.00 B,,,OK,0
PolypGen,data/external/PolypGen/PolypGen2021_MultiCenterData_v3/sequenceData/positive/seq15/bbox_seq15/EndoCV2021_seq15_36.txt,23,23.00 B,,,OK,0
PolypGen,data/external/PolypGen/PolypGen2021_MultiCenterData_v3/sequenceData/positive/seq15/bbox_seq15/EndoCV2021_seq15_360.txt,45,45.00 B,,,OK,0
PolypGen,data/external/PolypGen/PolypGen2021_MultiCenterData_v3/sequenceData/positive/seq15/bbox_seq15/EndoCV2021_seq15_364.txt,45,45.00 B,,,OK,0
PolypGen,data/external/PolypGen/PolypGen2021_MultiCenterData_v3/sequenceData/positive/seq15/bbox_seq15/EndoCV2021_seq15_368.txt,46,46.00 B,,,OK,0
PolypGen,data/external/PolypGen/PolypGen2021_MultiCenterData_v3/sequenceData/positive/seq15/bbox_seq15/EndoCV2021_seq15_372.txt,45,45.00 B,,,OK,0
PolypGen,data/external/PolypGen/PolypGen2021_MultiCenterData_v3/sequenceData/positive/seq15/bbox_seq15/EndoCV2021_seq15_376.txt,45,45.00 B,,,OK,0
PolypGen,data/external/PolypGen/PolypGen2021_MultiCenterData_v3/sequenceData/positive/seq15/bbox_seq15/EndoCV2021_seq15_380.txt,45,45.00 B,,,OK,0
PolypGen,data/external/PolypGen/PolypGen2021_MultiCenterData_v3/sequenceData/positive/seq15/bbox_seq15/EndoCV2021_seq15_384.txt,45,45.00 B,,,OK,0
PolypGen,data/external/PolypGen/PolypGen2021_MultiCenterData_v3/sequenceData/positive/seq15/bbox_seq15/EndoCV2021_seq15_388.txt,45,45.00 B,,,OK,0
PolypGen,data/external/PolypGen/PolypGen2021_MultiCenterData_v3/sequenceData/positive/seq15/bbox_seq15/EndoCV2021_seq15_392.txt,45,45.00 B,,,OK,0
PolypGen,data/external/PolypGen/PolypGen2021_MultiCenterData_v3/sequenceData/positive/seq15/bbox_seq15/EndoCV2021_seq15_396.txt,45,45.00 B,,,OK,0
PolypGen,data/external/PolypGen/PolypGen2021_MultiCenterData_v3/sequenceData/positive/seq15/bbox_seq15/EndoCV2021_seq15_4.txt,23,23.00 B,,,OK,0
PolypGen,data/external/PolypGen/PolypGen2021_MultiCenterData_v3/sequenceData/positive/seq15/bbox_seq15/EndoCV2021_seq15_40.txt,23,23.00 B,,,OK,0
PolypGen,data/external/PolypGen/PolypGen2021_MultiCenterData_v3/sequenceData/positive/seq15/bbox_seq15/EndoCV2021_seq15_400.txt,45,45.00 B,,,OK,0
PolypGen,data/external/PolypGen/PolypGen2021_MultiCenterData_v3/sequenceData/positive/seq15/bbox_seq15/EndoCV2021_seq15_404.txt,45,45.00 B,,,OK,0
PolypGen,data/external/PolypGen/PolypGen2021_MultiCenterData_v3/sequenceData/positive/seq15/bbox_seq15/EndoCV2021_seq15_408.txt,45,45.00 B,,,OK,0
PolypGen,data/external/PolypGen/PolypGen2021_MultiCenterData_v3/sequenceData/positive/seq15/bbox_seq15/EndoCV2021_seq15_412.txt,45,45.00 B,,,OK,0
PolypGen,data/external/PolypGen/PolypGen2021_MultiCenterData_v3/sequenceData/positive/seq15/bbox_seq15/EndoCV2021_seq15_416.txt,45,45.00 B,,,OK,0
PolypGen,data/external/PolypGen/PolypGen2021_MultiCenterData_v3/sequenceData/positive/seq15/bbox_seq15/EndoCV2021_seq15_420.txt,45,45.00 B,,,OK,0
PolypGen,data/external/PolypGen/PolypGen2021_MultiCenterData_v3/sequenceData/positive/seq15/bbox_seq15/EndoCV2021_seq15_424.txt,45,45.00 B,,,OK,0
PolypGen,data/external/PolypGen/PolypGen2021_MultiCenterData_v3/sequenceData/positive/seq15/bbox_seq15/EndoCV2021_seq15_428.txt,45,45.00 B,,,OK,0
PolypGen,data/external/PolypGen/PolypGen2021_MultiCenterData_v3/sequenceData/positive/seq15/bbox_seq15/EndoCV2021_seq15_432.txt,23,23.00 B,,,OK,0
PolypGen,data/external/PolypGen/PolypGen2021_MultiCenterData_v3/sequenceData/positive/seq15/bbox_seq15/EndoCV2021_seq15_436.txt,24,24.00 B,,,OK,0
PolypGen,data/external/PolypGen/PolypGen2021_MultiCenterData_v3/sequenceData/positive/seq15/bbox_seq15/EndoCV2021_seq15_44.txt,23,23.00 B,,,OK,0
PolypGen,data/external/PolypGen/PolypGen2021_MultiCenterData_v3/sequenceData/positive/seq15/bbox_seq15/EndoCV2021_seq15_440.txt,24,24.00 B,,,OK,0
PolypGen,data/external/PolypGen/PolypGen2021_MultiCenterData_v3/sequenceData/positive/seq15/bbox_seq15/EndoCV2021_seq15_444.txt,24,24.00 B,,,OK,0
PolypGen,data/external/PolypGen/PolypGen2021_MultiCenterData_v3/sequenceData/positive/seq15/bbox_seq15/EndoCV2021_seq15_448.txt,24,24.00 B,,,OK,0
PolypGen,data/external/PolypGen/PolypGen2021_MultiCenterData_v3/sequenceData/positive/seq15/bbox_seq15/EndoCV2021_seq15_452.txt,24,24.00 B,,,OK,0
PolypGen,data/external/PolypGen/PolypGen2021_MultiCenterData_v3/sequenceData/positive/seq15/bbox_seq15/EndoCV2021_seq15_456.txt,24,24.00 B,,,OK,0
PolypGen,data/external/PolypGen/PolypGen2021_MultiCenterData_v3/sequenceData/positive/seq15/bbox_seq15/EndoCV2021_seq15_460.txt,24,24.00 B,,,OK,0
PolypGen,data/external/PolypGen/PolypGen2021_MultiCenterData_v3/sequenceData/positive/seq15/bbox_seq15/EndoCV2021_seq15_464.txt,24,24.00 B,,,OK,0
PolypGen,data/external/PolypGen/PolypGen2021_MultiCenterData_v3/sequenceData/positive/seq15/bbox_seq15/EndoCV2021_seq15_48.txt,23,23.00 B,,,OK,0
PolypGen,data/external/PolypGen/PolypGen2021_MultiCenterData_v3/sequenceData/positive/seq15/bbox_seq15/EndoCV2021_seq15_52.txt,23,23.00 B,,,OK,0
PolypGen,data/external/PolypGen/PolypGen2021_MultiCenterData_v3/sequenceData/positive/seq15/bbox_seq15/EndoCV2021_seq15_56.txt,23,23.00 B,,,OK,0
PolypGen,data/external/PolypGen/PolypGen2021_MultiCenterData_v3/sequenceData/positive/seq15/bbox_seq15/EndoCV2021_seq15_60.txt,23,23.00 B,,,OK,0
PolypGen,data/external/PolypGen/PolypGen2021_MultiCenterData_v3/sequenceData/positive/seq15/bbox_seq15/EndoCV2021_seq15_64.txt,23,23.00 B,,,OK,0
PolypGen,data/external/PolypGen/PolypGen2021_MultiCenterData_v3/sequenceData/positive/seq15/bbox_seq15/EndoCV2021_seq15_68.txt,23,23.00 B,,,OK,0
PolypGen,data/external/PolypGen/PolypGen2021_MultiCenterData_v3/sequenceData/positive/seq15/bbox_seq15/EndoCV2021_seq15_72.txt,23,23.00 B,,,OK,0
PolypGen,data/external/PolypGen/PolypGen2021_MultiCenterData_v3/sequenceData/positive/seq15/bbox_seq15/EndoCV2021_seq15_76.txt,23,23.00 B,,,OK,0
PolypGen,data/external/PolypGen/PolypGen2021_MultiCenterData_v3/sequenceData/positive/seq15/bbox_seq15/EndoCV2021_seq15_8.txt,23,23.00 B,,,OK,0
PolypGen,data/external/PolypGen/PolypGen2021_MultiCenterData_v3/sequenceData/positive/seq15/bbox_seq15/EndoCV2021_seq15_80.txt,23,23.00 B,,,OK,0
PolypGen,data/external/PolypGen/PolypGen2021_MultiCenterData_v3/sequenceData/positive/seq15/bbox_seq15/EndoCV2021_seq15_84.txt,23,23.00 B,,,OK,0
PolypGen,data/external/PolypGen/PolypGen2021_MultiCenterData_v3/sequenceData/positive/seq15/bbox_seq15/EndoCV2021_seq15_88.txt,23,23.00 B,,,OK,0
PolypGen,data/external/PolypGen/PolypGen2021_MultiCenterData_v3/sequenceData/positive/seq15/bbox_seq15/EndoCV2021_seq15_92.txt,23,23.00 B,,,OK,0
PolypGen,data/external/PolypGen/PolypGen2021_MultiCenterData_v3/sequenceData/positive/seq15/bbox_seq15/EndoCV2021_seq15_96.txt,23,23.00 B,,,OK,0
PolypGen,data/external/PolypGen/PolypGen2021_MultiCenterData_v3/sequenceData/positive/seq16/bbox_seq16/seq1_C6_0.txt,1,1.00 B,,,OK,0
PolypGen,data/external/PolypGen/PolypGen2021_MultiCenterData_v3/sequenceData/positive/seq16/bbox_seq16/seq1_C6_10.txt,1,1.00 B,,,OK,0
PolypGen,data/external/PolypGen/PolypGen2021_MultiCenterData_v3/sequenceData/positive/seq16/bbox_seq16/seq1_C6_100.txt,21,21.00 B,,,OK,0
PolypGen,data/external/PolypGen/PolypGen2021_MultiCenterData_v3/sequenceData/positive/seq16/bbox_seq16/seq1_C6_110.txt,21,21.00 B,,,OK,0
PolypGen,data/external/PolypGen/PolypGen2021_MultiCenterData_v3/sequenceData/positive/seq16/bbox_seq16/seq1_C6_120.txt,21,21.00 B,,,OK,0
PolypGen,data/external/PolypGen/PolypGen2021_MultiCenterData_v3/sequenceData/positive/seq16/bbox_seq16/seq1_C6_130.txt,22,22.00 B,,,OK,0
PolypGen,data/external/PolypGen/PolypGen2021_MultiCenterData_v3/sequenceData/positive/seq16/bbox_seq16/seq1_C6_140.txt,1,1.00 B,,,OK,0
PolypGen,data/external/PolypGen/PolypGen2021_MultiCenterData_v3/sequenceData/positive/seq16/bbox_seq16/seq1_C6_150.txt,21,21.00 B,,,OK,0
PolypGen,data/external/PolypGen/PolypGen2021_MultiCenterData_v3/sequenceData/positive/seq16/bbox_seq16/seq1_C6_160.txt,21,21.00 B,,,OK,0
PolypGen,data/external/PolypGen/PolypGen2021_MultiCenterData_v3/sequenceData/positive/seq16/bbox_seq16/seq1_C6_170.txt,21,21.00 B,,,OK,0
PolypGen,data/external/PolypGen/PolypGen2021_MultiCenterData_v3/sequenceData/positive/seq16/bbox_seq16/seq1_C6_180.txt,21,21.00 B,,,OK,0
PolypGen,data/external/PolypGen/PolypGen2021_MultiCenterData_v3/sequenceData/positive/seq16/bbox_seq16/seq1_C6_190.txt,21,21.00 B,,,OK,0
PolypGen,data/external/PolypGen/PolypGen2021_MultiCenterData_v3/sequenceData/positive/seq16/bbox_seq16/seq1_C6_20.txt,1,1.00 B,,,OK,0
PolypGen,data/external/PolypGen/PolypGen2021_MultiCenterData_v3/sequenceData/positive/seq16/bbox_seq16/seq1_C6_200.txt,21,21.00 B,,,OK,0
PolypGen,data/external/PolypGen/PolypGen2021_MultiCenterData_v3/sequenceData/positive/seq16/bbox_seq16/seq1_C6_210.txt,21,21.00 B,,,OK,0
PolypGen,data/external/PolypGen/PolypGen2021_MultiCenterData_v3/sequenceData/positive/seq16/bbox_seq16/seq1_C6_220.txt,21,21.00 B,,,OK,0
PolypGen,data/external/PolypGen/PolypGen2021_MultiCenterData_v3/sequenceData/positive/seq16/bbox_seq16/seq1_C6_230.txt,21,21.00 B,,,OK,0
PolypGen,data/external/PolypGen/PolypGen2021_MultiCenterData_v3/sequenceData/positive/seq16/bbox_seq16/seq1_C6_240.txt,21,21.00 B,,,OK,0
PolypGen,data/external/PolypGen/PolypGen2021_MultiCenterData_v3/sequenceData/positive/seq16/bbox_seq16/seq1_C6_250.txt,21,21.00 B,,,OK,0
PolypGen,data/external/PolypGen/PolypGen2021_MultiCenterData_v3/sequenceData/positive/seq16/bbox_seq16/seq1_C6_260.txt,21,21.00 B,,,OK,0
PolypGen,data/external/PolypGen/PolypGen2021_MultiCenterData_v3/sequenceData/positive/seq16/bbox_seq16/seq1_C6_270.txt,22,22.00 B,,,OK,0
PolypGen,data/external/PolypGen/PolypGen2021_MultiCenterData_v3/sequenceData/positive/seq16/bbox_seq16/seq1_C6_280.txt,23,23.00 B,,,OK,0
PolypGen,data/external/PolypGen/PolypGen2021_MultiCenterData_v3/sequenceData/positive/seq16/bbox_seq16/seq1_C6_290.txt,23,23.00 B,,,OK,0
PolypGen,data/external/PolypGen/PolypGen2021_MultiCenterData_v3/sequenceData/positive/seq16/bbox_seq16/seq1_C6_30.txt,1,1.00 B,,,OK,0
PolypGen,data/external/PolypGen/PolypGen2021_MultiCenterData_v3/sequenceData/positive/seq16/bbox_seq16/seq1_C6_300.txt,22,22.00 B,,,OK,0
PolypGen,data/external/PolypGen/PolypGen2021_MultiCenterData_v3/sequenceData/positive/seq16/bbox_seq16/seq1_C6_310.txt,22,22.00 B,,,OK,0
PolypGen,data/external/PolypGen/PolypGen2021_MultiCenterData_v3/sequenceData/positive/seq16/bbox_seq16/seq1_C6_320.txt,22,22.00 B,,,OK,0
PolypGen,data/external/PolypGen/PolypGen2021_MultiCenterData_v3/sequenceData/positive/seq16/bbox_seq16/seq1_C6_330.txt,22,22.00 B,,,OK,0
PolypGen,data/external/PolypGen/PolypGen2021_MultiCenterData_v3/sequenceData/positive/seq16/bbox_seq16/seq1_C6_340.txt,22,22.00 B,,,OK,0
PolypGen,data/external/PolypGen/PolypGen2021_MultiCenterData_v3/sequenceData/positive/seq16/bbox_seq16/seq1_C6_350.txt,22,22.00 B,,,OK,0
PolypGen,data/external/PolypGen/PolypGen2021_MultiCenterData_v3/sequenceData/positive/seq16/bbox_seq16/seq1_C6_360.txt,22,22.00 B,,,OK,0
PolypGen,data/external/PolypGen/PolypGen2021_MultiCenterData_v3/sequenceData/positive/seq16/bbox_seq16/seq1_C6_370.txt,21,21.00 B,,,OK,0
PolypGen,data/external/PolypGen/PolypGen2021_MultiCenterData_v3/sequenceData/positive/seq16/bbox_seq16/seq1_C6_380.txt,21,21.00 B,,,OK,0
PolypGen,data/external/PolypGen/PolypGen2021_MultiCenterData_v3/sequenceData/positive/seq16/bbox_seq16/seq1_C6_390.txt,22,22.00 B,,,OK,0
PolypGen,data/external/PolypGen/PolypGen2021_MultiCenterData_v3/sequenceData/positive/seq16/bbox_seq16/seq1_C6_40.txt,1,1.00 B,,,OK,0
PolypGen,data/external/PolypGen/PolypGen2021_MultiCenterData_v3/sequenceData/positive/seq16/bbox_seq16/seq1_C6_50.txt,1,1.00 B,,,OK,0
PolypGen,data/external/PolypGen/PolypGen2021_MultiCenterData_v3/sequenceData/positive/seq16/bbox_seq16/seq1_C6_60.txt,23,23.00 B,,,OK,0
PolypGen,data/external/PolypGen/PolypGen2021_MultiCenterData_v3/sequenceData/positive/seq16/bbox_seq16/seq1_C6_70.txt,23,23.00 B,,,OK,0
PolypGen,data/external/PolypGen/PolypGen2021_MultiCenterData_v3/sequenceData/positive/seq16/bbox_seq16/seq1_C6_80.txt,23,23.00 B,,,OK,0
PolypGen,data/external/PolypGen/PolypGen2021_MultiCenterData_v3/sequenceData/positive/seq16/bbox_seq16/seq1_C6_90.txt,22,22.00 B,,,OK,0
PolypGen,data/external/PolypGen/PolypGen2021_MultiCenterData_v3/sequenceData/positive/seq17/bbox_seq17/seq2_C6_0.txt,1,1.00 B,,,OK,0
PolypGen,data/external/PolypGen/PolypGen2021_MultiCenterData_v3/sequenceData/positive/seq17/bbox_seq17/seq2_C6_108.txt,1,1.00 B,,,OK,0
PolypGen,data/external/PolypGen/PolypGen2021_MultiCenterData_v3/sequenceData/positive/seq17/bbox_seq17/seq2_C6_12.txt,1,1.00 B,,,OK,0
PolypGen,data/external/PolypGen/PolypGen2021_MultiCenterData_v3/sequenceData/positive/seq17/bbox_seq17/seq2_C6_120.txt,1,1.00 B,,,OK,0
PolypGen,data/external/PolypGen/PolypGen2021_MultiCenterData_v3/sequenceData/positive/seq17/bbox_seq17/seq2_C6_132.txt,1,1.00 B,,,OK,0
PolypGen,data/external/PolypGen/PolypGen2021_MultiCenterData_v3/sequenceData/positive/seq17/bbox_seq17/seq2_C6_144.txt,1,1.00 B,,,OK,0
PolypGen,data/external/PolypGen/PolypGen2021_MultiCenterData_v3/sequenceData/positive/seq17/bbox_seq17/seq2_C6_156.txt,1,1.00 B,,,OK,0
PolypGen,data/external/PolypGen/PolypGen2021_MultiCenterData_v3/sequenceData/positive/seq17/bbox_seq17/seq2_C6_168.txt,1,1.00 B,,,OK,0
PolypGen,data/external/PolypGen/PolypGen2021_MultiCenterData_v3/sequenceData/positive/seq17/bbox_seq17/seq2_C6_180.txt,1,1.00 B,,,OK,0
PolypGen,data/external/PolypGen/PolypGen2021_MultiCenterData_v3/sequenceData/positive/seq17/bbox_seq17/seq2_C6_192.txt,22,22.00 B,,,OK,0
PolypGen,data/external/PolypGen/PolypGen2021_MultiCenterData_v3/sequenceData/positive/seq17/bbox_seq17/seq2_C6_204.txt,22,22.00 B,,,OK,0
PolypGen,data/external/PolypGen/PolypGen2021_MultiCenterData_v3/sequenceData/positive/seq17/bbox_seq17/seq2_C6_216.txt,22,22.00 B,,,OK,0
PolypGen,data/external/PolypGen/PolypGen2021_MultiCenterData_v3/sequenceData/positive/seq17/bbox_seq17/seq2_C6_228.txt,22,22.00 B,,,OK,0
PolypGen,data/external/PolypGen/PolypGen2021_MultiCenterData_v3/sequenceData/positive/seq17/bbox_seq17/seq2_C6_24.txt,1,1.00 B,,,OK,0
PolypGen,data/external/PolypGen/PolypGen2021_MultiCenterData_v3/sequenceData/positive/seq17/bbox_seq17/seq2_C6_240.txt,22,22.00 B,,,OK,0
PolypGen,data/external/PolypGen/PolypGen2021_MultiCenterData_v3/sequenceData/positive/seq17/bbox_seq17/seq2_C6_252.txt,22,22.00 B,,,OK,0
PolypGen,data/external/PolypGen/PolypGen2021_MultiCenterData_v3/sequenceData/positive/seq17/bbox_seq17/seq2_C6_264.txt,20,20.00 B,,,OK,0
PolypGen,data/external/PolypGen/PolypGen2021_MultiCenterData_v3/sequenceData/positive/seq17/bbox_seq17/seq2_C6_276.txt,22,22.00 B,,,OK,0
PolypGen,data/external/PolypGen/PolypGen2021_MultiCenterData_v3/sequenceData/positive/seq17/bbox_seq17/seq2_C6_288.txt,20,20.00 B,,,OK,0
PolypGen,data/external/PolypGen/PolypGen2021_MultiCenterData_v3/sequenceData/positive/seq17/bbox_seq17/seq2_C6_300.txt,21,21.00 B,,,OK,0
PolypGen,data/external/PolypGen/PolypGen2021_MultiCenterData_v3/sequenceData/positive/seq17/bbox_seq17/seq2_C6_312.txt,21,21.00 B,,,OK,0
PolypGen,data/external/PolypGen/PolypGen2021_MultiCenterData_v3/sequenceData/positive/seq17/bbox_seq17/seq2_C6_324.txt,22,22.00 B,,,OK,0
PolypGen,data/external/PolypGen/PolypGen2021_MultiCenterData_v3/sequenceData/positive/seq17/bbox_seq17/seq2_C6_336.txt,22,22.00 B,,,OK,0
PolypGen,data/external/PolypGen/PolypGen2021_MultiCenterData_v3/sequenceData/positive/seq17/bbox_seq17/seq2_C6_348.txt,22,22.00 B,,,OK,0
PolypGen,data/external/PolypGen/PolypGen2021_MultiCenterData_v3/sequenceData/positive/seq17/bbox_seq17/seq2_C6_36.txt,1,1.00 B,,,OK,0
PolypGen,data/external/PolypGen/PolypGen2021_MultiCenterData_v3/sequenceData/positive/seq17/bbox_seq17/seq2_C6_360.txt,22,22.00 B,,,OK,0
PolypGen,data/external/PolypGen/PolypGen2021_MultiCenterData_v3/sequenceData/positive/seq17/bbox_seq17/seq2_C6_372.txt,22,22.00 B,,,OK,0
PolypGen,data/external/PolypGen/PolypGen2021_MultiCenterData_v3/sequenceData/positive/seq17/bbox_seq17/seq2_C6_384.txt,22,22.00 B,,,OK,0
PolypGen,data/external/PolypGen/PolypGen2021_MultiCenterData_v3/sequenceData/positive/seq17/bbox_seq17/seq2_C6_396.txt,22,22.00 B,,,OK,0
PolypGen,data/external/PolypGen/PolypGen2021_MultiCenterData_v3/sequenceData/positive/seq17/bbox_seq17/seq2_C6_408.txt,22,22.00 B,,,OK,0
PolypGen,data/external/PolypGen/PolypGen2021_MultiCenterData_v3/sequenceData/positive/seq17/bbox_seq17/seq2_C6_420.txt,22,22.00 B,,,OK,0
PolypGen,data/external/PolypGen/PolypGen2021_MultiCenterData_v3/sequenceData/positive/seq17/bbox_seq17/seq2_C6_432.txt,22,22.00 B,,,OK,0
PolypGen,data/external/PolypGen/PolypGen2021_MultiCenterData_v3/sequenceData/positive/seq17/bbox_seq17/seq2_C6_444.txt,22,22.00 B,,,OK,0
PolypGen,data/external/PolypGen/PolypGen2021_MultiCenterData_v3/sequenceData/positive/seq17/bbox_seq17/seq2_C6_456.txt,20,20.00 B,,,OK,0
PolypGen,data/external/PolypGen/PolypGen2021_MultiCenterData_v3/sequenceData/positive/seq17/bbox_seq17/seq2_C6_468.txt,20,20.00 B,,,OK,0
PolypGen,data/external/PolypGen/PolypGen2021_MultiCenterData_v3/sequenceData/positive/seq17/bbox_seq17/seq2_C6_48.txt,1,1.00 B,,,OK,0
PolypGen,data/external/PolypGen/PolypGen2021_MultiCenterData_v3/sequenceData/positive/seq17/bbox_seq17/seq2_C6_480.txt,20,20.00 B,,,OK,0
PolypGen,data/external/PolypGen/PolypGen2021_MultiCenterData_v3/sequenceData/positive/seq17/bbox_seq17/seq2_C6_492.txt,22,22.00 B,,,OK,0
PolypGen,data/external/PolypGen/PolypGen2021_MultiCenterData_v3/sequenceData/positive/seq17/bbox_seq17/seq2_C6_504.txt,1,1.00 B,,,OK,0
PolypGen,data/external/PolypGen/PolypGen2021_MultiCenterData_v3/sequenceData/positive/seq17/bbox_seq17/seq2_C6_516.txt,22,22.00 B,,,OK,0
PolypGen,data/external/PolypGen/PolypGen2021_MultiCenterData_v3/sequenceData/positive/seq17/bbox_seq17/seq2_C6_528.txt,22,22.00 B,,,OK,0
PolypGen,data/external/PolypGen/PolypGen2021_MultiCenterData_v3/sequenceData/positive/seq17/bbox_seq17/seq2_C6_540.txt,1,1.00 B,,,OK,0
PolypGen,data/external/PolypGen/PolypGen2021_MultiCenterData_v3/sequenceData/positive/seq17/bbox_seq17/seq2_C6_552.txt,20,20.00 B,,,OK,0
PolypGen,data/external/PolypGen/PolypGen2021_MultiCenterData_v3/sequenceData/positive/seq17/bbox_seq17/seq2_C6_564.txt,1,1.00 B,,,OK,0
PolypGen,data/external/PolypGen/PolypGen2021_MultiCenterData_v3/sequenceData/positive/seq17/bbox_seq17/seq2_C6_576.txt,22,22.00 B,,,OK,0
PolypGen,data/external/PolypGen/PolypGen2021_MultiCenterData_v3/sequenceData/positive/seq17/bbox_seq17/seq2_C6_588.txt,21,21.00 B,,,OK,0
PolypGen,data/external/PolypGen/PolypGen2021_MultiCenterData_v3/sequenceData/positive/seq17/bbox_seq17/seq2_C6_60.txt,1,1.00 B,,,OK,0
PolypGen,data/external/PolypGen/PolypGen2021_MultiCenterData_v3/sequenceData/positive/seq17/bbox_seq17/seq2_C6_600.txt,22,22.00 B,,,OK,0
PolypGen,data/external/PolypGen/PolypGen2021_MultiCenterData_v3/sequenceData/positive/seq17/bbox_seq17/seq2_C6_612.txt,20,20.00 B,,,OK,0
PolypGen,data/external/PolypGen/PolypGen2021_MultiCenterData_v3/sequenceData/positive/seq17/bbox_seq17/seq2_C6_624.txt,22,22.00 B,,,OK,0
PolypGen,data/external/PolypGen/PolypGen2021_MultiCenterData_v3/sequenceData/positive/seq17/bbox_seq17/seq2_C6_636.txt,21,21.00 B,,,OK,0
PolypGen,data/external/PolypGen/PolypGen2021_MultiCenterData_v3/sequenceData/positive/seq17/bbox_seq17/seq2_C6_648.txt,21,21.00 B,,,OK,0
PolypGen,data/external/PolypGen/PolypGen2021_MultiCenterData_v3/sequenceData/positive/seq17/bbox_seq17/seq2_C6_660.txt,21,21.00 B,,,OK,0
PolypGen,data/external/PolypGen/PolypGen2021_MultiCenterData_v3/sequenceData/positive/seq17/bbox_seq17/seq2_C6_672.txt,21,21.00 B,,,OK,0
PolypGen,data/external/PolypGen/PolypGen2021_MultiCenterData_v3/sequenceData/positive/seq17/bbox_seq17/seq2_C6_684.txt,21,21.00 B,,,OK,0
PolypGen,data/external/PolypGen/PolypGen2021_MultiCenterData_v3/sequenceData/positive/seq17/bbox_seq17/seq2_C6_696.txt,21,21.00 B,,,OK,0
PolypGen,data/external/PolypGen/PolypGen2021_MultiCenterData_v3/sequenceData/positive/seq17/bbox_seq17/seq2_C6_708.txt,22,22.00 B,,,OK,0
PolypGen,data/external/PolypGen/PolypGen2021_MultiCenterData_v3/sequenceData/positive/seq17/bbox_seq17/seq2_C6_72.txt,1,1.00 B,,,OK,0
PolypGen,data/external/PolypGen/PolypGen2021_MultiCenterData_v3/sequenceData/positive/seq17/bbox_seq17/seq2_C6_720.txt,21,21.00 B,,,OK,0
PolypGen,data/external/PolypGen/PolypGen2021_MultiCenterData_v3/sequenceData/positive/seq17/bbox_seq17/seq2_C6_732.txt,22,22.00 B,,,OK,0
PolypGen,data/external/PolypGen/PolypGen2021_MultiCenterData_v3/sequenceData/positive/seq17/bbox_seq17/seq2_C6_744.txt,21,21.00 B,,,OK,0
PolypGen,data/external/PolypGen/PolypGen2021_MultiCenterData_v3/sequenceData/positive/seq17/bbox_seq17/seq2_C6_84.txt,1,1.00 B,,,OK,0
PolypGen,data/external/PolypGen/PolypGen2021_MultiCenterData_v3/sequenceData/positive/seq17/bbox_seq17/seq2_C6_96.txt,1,1.00 B,,,OK,0
PolypGen,data/external/PolypGen/PolypGen2021_MultiCenterData_v3/sequenceData/positive/seq18/bbox_seq18/seq3_C6_0.txt,22,22.00 B,,,OK,0
PolypGen,data/external/PolypGen/PolypGen2021_MultiCenterData_v3/sequenceData/positive/seq18/bbox_seq18/seq3_C6_108.txt,22,22.00 B,,,OK,0
PolypGen,data/external/PolypGen/PolypGen2021_MultiCenterData_v3/sequenceData/positive/seq18/bbox_seq18/seq3_C6_12.txt,21,21.00 B,,,OK,0
PolypGen,data/external/PolypGen/PolypGen2021_MultiCenterData_v3/sequenceData/positive/seq18/bbox_seq18/seq3_C6_120.txt,22,22.00 B,,,OK,0
PolypGen,data/external/PolypGen/PolypGen2021_MultiCenterData_v3/sequenceData/positive/seq18/bbox_seq18/seq3_C6_132.txt,21,21.00 B,,,OK,0
PolypGen,data/external/PolypGen/PolypGen2021_MultiCenterData_v3/sequenceData/positive/seq18/bbox_seq18/seq3_C6_144.txt,21,21.00 B,,,OK,0
PolypGen,data/external/PolypGen/PolypGen2021_MultiCenterData_v3/sequenceData/positive/seq18/bbox_seq18/seq3_C6_156.txt,21,21.00 B,,,OK,0
PolypGen,data/external/PolypGen/PolypGen2021_MultiCenterData_v3/sequenceData/positive/seq18/bbox_seq18/seq3_C6_168.txt,21,21.00 B,,,OK,0
PolypGen,data/external/PolypGen/PolypGen2021_MultiCenterData_v3/sequenceData/positive/seq18/bbox_seq18/seq3_C6_180.txt,21,21.00 B,,,OK,0
PolypGen,data/external/PolypGen/PolypGen2021_MultiCenterData_v3/sequenceData/positive/seq18/bbox_seq18/seq3_C6_192.txt,23,23.00 B,,,OK,0
PolypGen,data/external/PolypGen/PolypGen2021_MultiCenterData_v3/sequenceData/positive/seq18/bbox_seq18/seq3_C6_204.txt,22,22.00 B,,,OK,0
PolypGen,data/external/PolypGen/PolypGen2021_MultiCenterData_v3/sequenceData/positive/seq18/bbox_seq18/seq3_C6_216.txt,22,22.00 B,,,OK,0
PolypGen,data/external/PolypGen/PolypGen2021_MultiCenterData_v3/sequenceData/positive/seq18/bbox_seq18/seq3_C6_228.txt,21,21.00 B,,,OK,0
PolypGen,data/external/PolypGen/PolypGen2021_MultiCenterData_v3/sequenceData/positive/seq18/bbox_seq18/seq3_C6_24.txt,21,21.00 B,,,OK,0
PolypGen,data/external/PolypGen/PolypGen2021_MultiCenterData_v3/sequenceData/positive/seq18/bbox_seq18/seq3_C6_240.txt,20,20.00 B,,,OK,0
PolypGen,data/external/PolypGen/PolypGen2021_MultiCenterData_v3/sequenceData/positive/seq18/bbox_seq18/seq3_C6_252.txt,20,20.00 B,,,OK,0
PolypGen,data/external/PolypGen/PolypGen2021_MultiCenterData_v3/sequenceData/positive/seq18/bbox_seq18/seq3_C6_264.txt,21,21.00 B,,,OK,0
PolypGen,data/external/PolypGen/PolypGen2021_MultiCenterData_v3/sequenceData/positive/seq18/bbox_seq18/seq3_C6_276.txt,23,23.00 B,,,OK,0
PolypGen,data/external/PolypGen/PolypGen2021_MultiCenterData_v3/sequenceData/positive/seq18/bbox_seq18/seq3_C6_288.txt,22,22.00 B,,,OK,0
PolypGen,data/external/PolypGen/PolypGen2021_MultiCenterData_v3/sequenceData/positive/seq18/bbox_seq18/seq3_C6_300.txt,22,22.00 B,,,OK,0
PolypGen,data/external/PolypGen/PolypGen2021_MultiCenterData_v3/sequenceData/positive/seq18/bbox_seq18/seq3_C6_312.txt,21,21.00 B,,,OK,0
PolypGen,data/external/PolypGen/PolypGen2021_MultiCenterData_v3/sequenceData/positive/seq18/bbox_seq18/seq3_C6_324.txt,20,20.00 B,,,OK,0
PolypGen,data/external/PolypGen/PolypGen2021_MultiCenterData_v3/sequenceData/positive/seq18/bbox_seq18/seq3_C6_336.txt,21,21.00 B,,,OK,0
PolypGen,data/external/PolypGen/PolypGen2021_MultiCenterData_v3/sequenceData/positive/seq18/bbox_seq18/seq3_C6_348.txt,20,20.00 B,,,OK,0
PolypGen,data/external/PolypGen/PolypGen2021_MultiCenterData_v3/sequenceData/positive/seq18/bbox_seq18/seq3_C6_36.txt,21,21.00 B,,,OK,0
PolypGen,data/external/PolypGen/PolypGen2021_MultiCenterData_v3/sequenceData/positive/seq18/bbox_seq18/seq3_C6_360.txt,20,20.00 B,,,OK,0
PolypGen,data/external/PolypGen/PolypGen2021_MultiCenterData_v3/sequenceData/positive/seq18/bbox_seq18/seq3_C6_372.txt,21,21.00 B,,,OK,0
PolypGen,data/external/PolypGen/PolypGen2021_MultiCenterData_v3/sequenceData/positive/seq18/bbox_seq18/seq3_C6_384.txt,21,21.00 B,,,OK,0
PolypGen,data/external/PolypGen/PolypGen2021_MultiCenterData_v3/sequenceData/positive/seq18/bbox_seq18/seq3_C6_396.txt,21,21.00 B,,,OK,0
PolypGen,data/external/PolypGen/PolypGen2021_MultiCenterData_v3/sequenceData/positive/seq18/bbox_seq18/seq3_C6_408.txt,21,21.00 B,,,OK,0
PolypGen,data/external/PolypGen/PolypGen2021_MultiCenterData_v3/sequenceData/positive/seq18/bbox_seq18/seq3_C6_420.txt,21,21.00 B,,,OK,0
PolypGen,data/external/PolypGen/PolypGen2021_MultiCenterData_v3/sequenceData/positive/seq18/bbox_seq18/seq3_C6_432.txt,21,21.00 B,,,OK,0
PolypGen,data/external/PolypGen/PolypGen2021_MultiCenterData_v3/sequenceData/positive/seq18/bbox_seq18/seq3_C6_444.txt,21,21.00 B,,,OK,0
PolypGen,data/external/PolypGen/PolypGen2021_MultiCenterData_v3/sequenceData/positive/seq18/bbox_seq18/seq3_C6_456.txt,21,21.00 B,,,OK,0
PolypGen,data/external/PolypGen/PolypGen2021_MultiCenterData_v3/sequenceData/positive/seq18/bbox_seq18/seq3_C6_468.txt,21,21.00 B,,,OK,0
PolypGen,data/external/PolypGen/PolypGen2021_MultiCenterData_v3/sequenceData/positive/seq18/bbox_seq18/seq3_C6_48.txt,21,21.00 B,,,OK,0
PolypGen,data/external/PolypGen/PolypGen2021_MultiCenterData_v3/sequenceData/positive/seq18/bbox_seq18/seq3_C6_480.txt,21,21.00 B,,,OK,0
PolypGen,data/external/PolypGen/PolypGen2021_MultiCenterData_v3/sequenceData/positive/seq18/bbox_seq18/seq3_C6_492.txt,21,21.00 B,,,OK,0
PolypGen,data/external/PolypGen/PolypGen2021_MultiCenterData_v3/sequenceData/positive/seq18/bbox_seq18/seq3_C6_504.txt,21,21.00 B,,,OK,0
PolypGen,data/external/PolypGen/PolypGen2021_MultiCenterData_v3/sequenceData/positive/seq18/bbox_seq18/seq3_C6_516.txt,21,21.00 B,,,OK,0
PolypGen,data/external/PolypGen/PolypGen2021_MultiCenterData_v3/sequenceData/positive/seq18/bbox_seq18/seq3_C6_528.txt,21,21.00 B,,,OK,0
PolypGen,data/external/PolypGen/PolypGen2021_MultiCenterData_v3/sequenceData/positive/seq18/bbox_seq18/seq3_C6_540.txt,21,21.00 B,,,OK,0
PolypGen,data/external/PolypGen/PolypGen2021_MultiCenterData_v3/sequenceData/positive/seq18/bbox_seq18/seq3_C6_552.txt,21,21.00 B,,,OK,0
PolypGen,data/external/PolypGen/PolypGen2021_MultiCenterData_v3/sequenceData/positive/seq18/bbox_seq18/seq3_C6_564.txt,21,21.00 B,,,OK,0
PolypGen,data/external/PolypGen/PolypGen2021_MultiCenterData_v3/sequenceData/positive/seq18/bbox_seq18/seq3_C6_576.txt,21,21.00 B,,,OK,0
PolypGen,data/external/PolypGen/PolypGen2021_MultiCenterData_v3/sequenceData/positive/seq18/bbox_seq18/seq3_C6_588.txt,21,21.00 B,,,OK,0
PolypGen,data/external/PolypGen/PolypGen2021_MultiCenterData_v3/sequenceData/positive/seq18/bbox_seq18/seq3_C6_60.txt,22,22.00 B,,,OK,0
PolypGen,data/external/PolypGen/PolypGen2021_MultiCenterData_v3/sequenceData/positive/seq18/bbox_seq18/seq3_C6_600.txt,23,23.00 B,,,OK,0
PolypGen,data/external/PolypGen/PolypGen2021_MultiCenterData_v3/sequenceData/positive/seq18/bbox_seq18/seq3_C6_612.txt,22,22.00 B,,,OK,0
PolypGen,data/external/PolypGen/PolypGen2021_MultiCenterData_v3/sequenceData/positive/seq18/bbox_seq18/seq3_C6_624.txt,22,22.00 B,,,OK,0
PolypGen,data/external/PolypGen/PolypGen2021_MultiCenterData_v3/sequenceData/positive/seq18/bbox_seq18/seq3_C6_636.txt,22,22.00 B,,,OK,0
PolypGen,data/external/PolypGen/PolypGen2021_MultiCenterData_v3/sequenceData/positive/seq18/bbox_seq18/seq3_C6_648.txt,1,1.00 B,,,OK,0
PolypGen,data/external/PolypGen/PolypGen2021_MultiCenterData_v3/sequenceData/positive/seq18/bbox_seq18/seq3_C6_660.txt,23,23.00 B,,,OK,0
PolypGen,data/external/PolypGen/PolypGen2021_MultiCenterData_v3/sequenceData/positive/seq18/bbox_seq18/seq3_C6_672.txt,23,23.00 B,,,OK,0
PolypGen,data/external/PolypGen/PolypGen2021_MultiCenterData_v3/sequenceData/positive/seq18/bbox_seq18/seq3_C6_684.txt,1,1.00 B,,,OK,0
PolypGen,data/external/PolypGen/PolypGen2021_MultiCenterData_v3/sequenceData/positive/seq18/bbox_seq18/seq3_C6_696.txt,1,1.00 B,,,OK,0
PolypGen,data/external/PolypGen/PolypGen2021_MultiCenterData_v3/sequenceData/positive/seq18/bbox_seq18/seq3_C6_708.txt,1,1.00 B,,,OK,0
PolypGen,data/external/PolypGen/PolypGen2021_MultiCenterData_v3/sequenceData/positive/seq18/bbox_seq18/seq3_C6_72.txt,22,22.00 B,,,OK,0
PolypGen,data/external/PolypGen/PolypGen2021_MultiCenterData_v3/sequenceData/positive/seq18/bbox_seq18/seq3_C6_720.txt,1,1.00 B,,,OK,0
PolypGen,data/external/PolypGen/PolypGen2021_MultiCenterData_v3/sequenceData/positive/seq18/bbox_seq18/seq3_C6_732.txt,1,1.00 B,,,OK,0
PolypGen,data/external/PolypGen/PolypGen2021_MultiCenterData_v3/sequenceData/positive/seq18/bbox_seq18/seq3_C6_744.txt,1,1.00 B,,,OK,0
PolypGen,data/external/PolypGen/PolypGen2021_MultiCenterData_v3/sequenceData/positive/seq18/bbox_seq18/seq3_C6_84.txt,22,22.00 B,,,OK,0
PolypGen,data/external/PolypGen/PolypGen2021_MultiCenterData_v3/sequenceData/positive/seq18/bbox_seq18/seq3_C6_96.txt,22,22.00 B,,,OK,0
PolypGen,data/external/PolypGen/PolypGen2021_MultiCenterData_v3/sequenceData/positive/seq19/bbox_seq19/seq4_C6_0.txt,21,21.00 B,,,OK,0
PolypGen,data/external/PolypGen/PolypGen2021_MultiCenterData_v3/sequenceData/positive/seq19/bbox_seq19/seq4_C6_108.txt,21,21.00 B,,,OK,0
PolypGen,data/external/PolypGen/PolypGen2021_MultiCenterData_v3/sequenceData/positive/seq19/bbox_seq19/seq4_C6_12.txt,21,21.00 B,,,OK,0
PolypGen,data/external/PolypGen/PolypGen2021_MultiCenterData_v3/sequenceData/positive/seq19/bbox_seq19/seq4_C6_120.txt,20,20.00 B,,,OK,0
PolypGen,data/external/PolypGen/PolypGen2021_MultiCenterData_v3/sequenceData/positive/seq19/bbox_seq19/seq4_C6_132.txt,20,20.00 B,,,OK,0
PolypGen,data/external/PolypGen/PolypGen2021_MultiCenterData_v3/sequenceData/positive/seq19/bbox_seq19/seq4_C6_144.txt,21,21.00 B,,,OK,0
PolypGen,data/external/PolypGen/PolypGen2021_MultiCenterData_v3/sequenceData/positive/seq19/bbox_seq19/seq4_C6_156.txt,21,21.00 B,,,OK,0
PolypGen,data/external/PolypGen/PolypGen2021_MultiCenterData_v3/sequenceData/positive/seq19/bbox_seq19/seq4_C6_168.txt,21,21.00 B,,,OK,0
PolypGen,data/external/PolypGen/PolypGen2021_MultiCenterData_v3/sequenceData/positive/seq19/bbox_seq19/seq4_C6_180.txt,21,21.00 B,,,OK,0
PolypGen,data/external/PolypGen/PolypGen2021_MultiCenterData_v3/sequenceData/positive/seq19/bbox_seq19/seq4_C6_192.txt,20,20.00 B,,,OK,0
PolypGen,data/external/PolypGen/PolypGen2021_MultiCenterData_v3/sequenceData/positive/seq19/bbox_seq19/seq4_C6_204.txt,21,21.00 B,,,OK,0
PolypGen,data/external/PolypGen/PolypGen2021_MultiCenterData_v3/sequenceData/positive/seq19/bbox_seq19/seq4_C6_216.txt,21,21.00 B,,,OK,0
PolypGen,data/external/PolypGen/PolypGen2021_MultiCenterData_v3/sequenceData/positive/seq19/bbox_seq19/seq4_C6_228.txt,21,21.00 B,,,OK,0
PolypGen,data/external/PolypGen/PolypGen2021_MultiCenterData_v3/sequenceData/positive/seq19/bbox_seq19/seq4_C6_24.txt,21,21.00 B,,,OK,0
PolypGen,data/external/PolypGen/PolypGen2021_MultiCenterData_v3/sequenceData/positive/seq19/bbox_seq19/seq4_C6_240.txt,21,21.00 B,,,OK,0
PolypGen,data/external/PolypGen/PolypGen2021_MultiCenterData_v3/sequenceData/positive/seq19/bbox_seq19/seq4_C6_252.txt,21,21.00 B,,,OK,0
PolypGen,data/external/PolypGen/PolypGen2021_MultiCenterData_v3/sequenceData/positive/seq19/bbox_seq19/seq4_C6_264.txt,22,22.00 B,,,OK,0
PolypGen,data/external/PolypGen/PolypGen2021_MultiCenterData_v3/sequenceData/positive/seq19/bbox_seq19/seq4_C6_276.txt,22,22.00 B,,,OK,0
PolypGen,data/external/PolypGen/PolypGen2021_MultiCenterData_v3/sequenceData/positive/seq19/bbox_seq19/seq4_C6_288.txt,21,21.00 B,,,OK,0
PolypGen,data/external/PolypGen/PolypGen2021_MultiCenterData_v3/sequenceData/positive/seq19/bbox_seq19/seq4_C6_300.txt,21,21.00 B,,,OK,0
PolypGen,data/external/PolypGen/PolypGen2021_MultiCenterData_v3/sequenceData/positive/seq19/bbox_seq19/seq4_C6_312.txt,21,21.00 B,,,OK,0
PolypGen,data/external/PolypGen/PolypGen2021_MultiCenterData_v3/sequenceData/positive/seq19/bbox_seq19/seq4_C6_324.txt,21,21.00 B,,,OK,0
PolypGen,data/external/PolypGen/PolypGen2021_MultiCenterData_v3/sequenceData/positive/seq19/bbox_seq19/seq4_C6_336.txt,21,21.00 B,,,OK,0
PolypGen,data/external/PolypGen/PolypGen2021_MultiCenterData_v3/sequenceData/positive/seq19/bbox_seq19/seq4_C6_348.txt,21,21.00 B,,,OK,0
PolypGen,data/external/PolypGen/PolypGen2021_MultiCenterData_v3/sequenceData/positive/seq19/bbox_seq19/seq4_C6_36.txt,21,21.00 B,,,OK,0
PolypGen,data/external/PolypGen/PolypGen2021_MultiCenterData_v3/sequenceData/positive/seq19/bbox_seq19/seq4_C6_360.txt,21,21.00 B,,,OK,0
PolypGen,data/external/PolypGen/PolypGen2021_MultiCenterData_v3/sequenceData/positive/seq19/bbox_seq19/seq4_C6_372.txt,21,21.00 B,,,OK,0
PolypGen,data/external/PolypGen/PolypGen2021_MultiCenterData_v3/sequenceData/positive/seq19/bbox_seq19/seq4_C6_384.txt,21,21.00 B,,,OK,0
PolypGen,data/external/PolypGen/PolypGen2021_MultiCenterData_v3/sequenceData/positive/seq19/bbox_seq19/seq4_C6_396.txt,21,21.00 B,,,OK,0
PolypGen,data/external/PolypGen/PolypGen2021_MultiCenterData_v3/sequenceData/positive/seq19/bbox_seq19/seq4_C6_408.txt,21,21.00 B,,,OK,0
PolypGen,data/external/PolypGen/PolypGen2021_MultiCenterData_v3/sequenceData/positive/seq19/bbox_seq19/seq4_C6_420.txt,21,21.00 B,,,OK,0
PolypGen,data/external/PolypGen/PolypGen2021_MultiCenterData_v3/sequenceData/positive/seq19/bbox_seq19/seq4_C6_432.txt,21,21.00 B,,,OK,0
PolypGen,data/external/PolypGen/PolypGen2021_MultiCenterData_v3/sequenceData/positive/seq19/bbox_seq19/seq4_C6_444.txt,21,21.00 B,,,OK,0
PolypGen,data/external/PolypGen/PolypGen2021_MultiCenterData_v3/sequenceData/positive/seq19/bbox_seq19/seq4_C6_456.txt,21,21.00 B,,,OK,0
PolypGen,data/external/PolypGen/PolypGen2021_MultiCenterData_v3/sequenceData/positive/seq19/bbox_seq19/seq4_C6_468.txt,21,21.00 B,,,OK,0
PolypGen,data/external/PolypGen/PolypGen2021_MultiCenterData_v3/sequenceData/positive/seq19/bbox_seq19/seq4_C6_48.txt,20,20.00 B,,,OK,0
PolypGen,data/external/PolypGen/PolypGen2021_MultiCenterData_v3/sequenceData/positive/seq19/bbox_seq19/seq4_C6_480.txt,21,21.00 B,,,OK,0
PolypGen,data/external/PolypGen/PolypGen2021_MultiCenterData_v3/sequenceData/positive/seq19/bbox_seq19/seq4_C6_492.txt,20,20.00 B,,,OK,0
PolypGen,data/external/PolypGen/PolypGen2021_MultiCenterData_v3/sequenceData/positive/seq19/bbox_seq19/seq4_C6_504.txt,20,20.00 B,,,OK,0
PolypGen,data/external/PolypGen/PolypGen2021_MultiCenterData_v3/sequenceData/positive/seq19/bbox_seq19/seq4_C6_516.txt,20,20.00 B,,,OK,0
PolypGen,data/external/PolypGen/PolypGen2021_MultiCenterData_v3/sequenceData/positive/seq19/bbox_seq19/seq4_C6_528.txt,20,20.00 B,,,OK,0
PolypGen,data/external/PolypGen/PolypGen2021_MultiCenterData_v3/sequenceData/positive/seq19/bbox_seq19/seq4_C6_540.txt,20,20.00 B,,,OK,0
PolypGen,data/external/PolypGen/PolypGen2021_MultiCenterData_v3/sequenceData/positive/seq19/bbox_seq19/seq4_C6_552.txt,20,20.00 B,,,OK,0
PolypGen,data/external/PolypGen/PolypGen2021_MultiCenterData_v3/sequenceData/positive/seq19/bbox_seq19/seq4_C6_564.txt,20,20.00 B,,,OK,0
PolypGen,data/external/PolypGen/PolypGen2021_MultiCenterData_v3/sequenceData/positive/seq19/bbox_seq19/seq4_C6_576.txt,21,21.00 B,,,OK,0
PolypGen,data/external/PolypGen/PolypGen2021_MultiCenterData_v3/sequenceData/positive/seq19/bbox_seq19/seq4_C6_588.txt,21,21.00 B,,,OK,0
PolypGen,data/external/PolypGen/PolypGen2021_MultiCenterData_v3/sequenceData/positive/seq19/bbox_seq19/seq4_C6_60.txt,20,20.00 B,,,OK,0
PolypGen,data/external/PolypGen/PolypGen2021_MultiCenterData_v3/sequenceData/positive/seq19/bbox_seq19/seq4_C6_600.txt,20,20.00 B,,,OK,0
PolypGen,data/external/PolypGen/PolypGen2021_MultiCenterData_v3/sequenceData/positive/seq19/bbox_seq19/seq4_C6_612.txt,20,20.00 B,,,OK,0
PolypGen,data/external/PolypGen/PolypGen2021_MultiCenterData_v3/sequenceData/positive/seq19/bbox_seq19/seq4_C6_624.txt,1,1.00 B,,,OK,0
PolypGen,data/external/PolypGen/PolypGen2021_MultiCenterData_v3/sequenceData/positive/seq19/bbox_seq19/seq4_C6_636.txt,19,19.00 B,,,OK,0
PolypGen,data/external/PolypGen/PolypGen2021_MultiCenterData_v3/sequenceData/positive/seq19/bbox_seq19/seq4_C6_648.txt,19,19.00 B,,,OK,0
PolypGen,data/external/PolypGen/PolypGen2021_MultiCenterData_v3/sequenceData/positive/seq19/bbox_seq19/seq4_C6_660.txt,19,19.00 B,,,OK,0
PolypGen,data/external/PolypGen/PolypGen2021_MultiCenterData_v3/sequenceData/positive/seq19/bbox_seq19/seq4_C6_72.txt,20,20.00 B,,,OK,0
PolypGen,data/external/PolypGen/PolypGen2021_MultiCenterData_v3/sequenceData/positive/seq19/bbox_seq19/seq4_C6_84.txt,20,20.00 B,,,OK,0
PolypGen,data/external/PolypGen/PolypGen2021_MultiCenterData_v3/sequenceData/positive/seq19/bbox_seq19/seq4_C6_96.txt,21,21.00 B,,,OK,0
PolypGen,data/external/PolypGen/PolypGen2021_MultiCenterData_v3/sequenceData/positive/seq2/bbox_seq2/0_endocv2021_positive_1000.txt,24,24.00 B,,,OK,0
PolypGen,data/external/PolypGen/PolypGen2021_MultiCenterData_v3/sequenceData/positive/seq2/bbox_seq2/0_endocv2021_positive_1009.txt,24,24.00 B,,,OK,0
PolypGen,data/external/PolypGen/PolypGen2021_MultiCenterData_v3/sequenceData/positive/seq2/bbox_seq2/0_endocv2021_positive_1011.txt,24,24.00 B,,,OK,0
PolypGen,data/external/PolypGen/PolypGen2021_MultiCenterData_v3/sequenceData/positive/seq2/bbox_seq2/0_endocv2021_positive_1012.txt,24,24.00 B,,,OK,0
PolypGen,data/external/PolypGen/PolypGen2021_MultiCenterData_v3/sequenceData/positive/seq2/bbox_seq2/0_endocv2021_positive_1013.txt,24,24.00 B,,,OK,0
PolypGen,data/external/PolypGen/PolypGen2021_MultiCenterData_v3/sequenceData/positive/seq2/bbox_seq2/0_endocv2021_positive_1014.txt,24,24.00 B,,,OK,0
PolypGen,data/external/PolypGen/PolypGen2021_MultiCenterData_v3/sequenceData/positive/seq2/bbox_seq2/0_endocv2021_positive_1017.txt,24,24.00 B,,,OK,0
PolypGen,data/external/PolypGen/PolypGen2021_MultiCenterData_v3/sequenceData/positive/seq2/bbox_seq2/0_endocv2021_positive_1018.txt,24,24.00 B,,,OK,0
PolypGen,data/external/PolypGen/PolypGen2021_MultiCenterData_v3/sequenceData/positive/seq2/bbox_seq2/0_endocv2021_positive_1020.txt,24,24.00 B,,,OK,0
PolypGen,data/external/PolypGen/PolypGen2021_MultiCenterData_v3/sequenceData/positive/seq2/bbox_seq2/0_endocv2021_positive_1021.txt,24,24.00 B,,,OK,0
PolypGen,data/external/PolypGen/PolypGen2021_MultiCenterData_v3/sequenceData/positive/seq2/bbox_seq2/0_endocv2021_positive_1028.txt,24,24.00 B,,,OK,0
PolypGen,data/external/PolypGen/PolypGen2021_MultiCenterData_v3/sequenceData/positive/seq2/bbox_seq2/0_endocv2021_positive_1045.txt,24,24.00 B,,,OK,0
PolypGen,data/external/PolypGen/PolypGen2021_MultiCenterData_v3/sequenceData/positive/seq2/bbox_seq2/0_endocv2021_positive_1051.txt,24,24.00 B,,,OK,0
PolypGen,data/external/PolypGen/PolypGen2021_MultiCenterData_v3/sequenceData/positive/seq2/bbox_seq2/0_endocv2021_positive_1060.txt,24,24.00 B,,,OK,0
PolypGen,data/external/PolypGen/PolypGen2021_MultiCenterData_v3/sequenceData/positive/seq2/bbox_seq2/0_endocv2021_positive_1062.txt,24,24.00 B,,,OK,0
PolypGen,data/external/PolypGen/PolypGen2021_MultiCenterData_v3/sequenceData/positive/seq2/bbox_seq2/0_endocv2021_positive_1063.txt,24,24.00 B,,,OK,0
PolypGen,data/external/PolypGen/PolypGen2021_MultiCenterData_v3/sequenceData/positive/seq2/bbox_seq2/0_endocv2021_positive_1066.txt,24,24.00 B,,,OK,0
PolypGen,data/external/PolypGen/PolypGen2021_MultiCenterData_v3/sequenceData/positive/seq2/bbox_seq2/0_endocv2021_positive_1067.txt,24,24.00 B,,,OK,0
PolypGen,data/external/PolypGen/PolypGen2021_MultiCenterData_v3/sequenceData/positive/seq2/bbox_seq2/0_endocv2021_positive_1072.txt,24,24.00 B,,,OK,0
PolypGen,data/external/PolypGen/PolypGen2021_MultiCenterData_v3/sequenceData/positive/seq2/bbox_seq2/0_endocv2021_positive_1079.txt,24,24.00 B,,,OK,0
PolypGen,data/external/PolypGen/PolypGen2021_MultiCenterData_v3/sequenceData/positive/seq2/bbox_seq2/0_endocv2021_positive_1083.txt,24,24.00 B,,,OK,0
PolypGen,data/external/PolypGen/PolypGen2021_MultiCenterData_v3/sequenceData/positive/seq2/bbox_seq2/0_endocv2021_positive_1085.txt,24,24.00 B,,,OK,0
PolypGen,data/external/PolypGen/PolypGen2021_MultiCenterData_v3/sequenceData/positive/seq2/bbox_seq2/0_endocv2021_positive_1086.txt,24,24.00 B,,,OK,0
PolypGen,data/external/PolypGen/PolypGen2021_MultiCenterData_v3/sequenceData/positive/seq2/bbox_seq2/0_endocv2021_positive_1088.txt,24,24.00 B,,,OK,0
PolypGen,data/external/PolypGen/PolypGen2021_MultiCenterData_v3/sequenceData/positive/seq2/bbox_seq2/0_endocv2021_positive_1096.txt,24,24.00 B,,,OK,0
PolypGen,data/external/PolypGen/PolypGen2021_MultiCenterData_v3/sequenceData/positive/seq2/bbox_seq2/0_endocv2021_positive_1099.txt,24,24.00 B,,,OK,0
PolypGen,data/external/PolypGen/PolypGen2021_MultiCenterData_v3/sequenceData/positive/seq2/bbox_seq2/0_endocv2021_positive_1101.txt,24,24.00 B,,,OK,0
PolypGen,data/external/PolypGen/PolypGen2021_MultiCenterData_v3/sequenceData/positive/seq2/bbox_seq2/0_endocv2021_positive_1112.txt,24,24.00 B,,,OK,0
PolypGen,data/external/PolypGen/PolypGen2021_MultiCenterData_v3/sequenceData/positive/seq2/bbox_seq2/0_endocv2021_positive_1115.txt,24,24.00 B,,,OK,0
PolypGen,data/external/PolypGen/PolypGen2021_MultiCenterData_v3/sequenceData/positive/seq2/bbox_seq2/0_endocv2021_positive_1128.txt,24,24.00 B,,,OK,0
PolypGen,data/external/PolypGen/PolypGen2021_MultiCenterData_v3/sequenceData/positive/seq2/bbox_seq2/0_endocv2021_positive_1136.txt,24,24.00 B,,,OK,0
PolypGen,data/external/PolypGen/PolypGen2021_MultiCenterData_v3/sequenceData/positive/seq2/bbox_seq2/0_endocv2021_positive_1139.txt,24,24.00 B,,,OK,0
PolypGen,data/external/PolypGen/PolypGen2021_MultiCenterData_v3/sequenceData/positive/seq2/bbox_seq2/0_endocv2021_positive_1140.txt,24,24.00 B,,,OK,0
PolypGen,data/external/PolypGen/PolypGen2021_MultiCenterData_v3/sequenceData/positive/seq2/bbox_seq2/0_endocv2021_positive_1143.txt,24,24.00 B,,,OK,0
PolypGen,data/external/PolypGen/PolypGen2021_MultiCenterData_v3/sequenceData/positive/seq2/bbox_seq2/0_endocv2021_positive_1152.txt,24,24.00 B,,,OK,0
PolypGen,data/external/PolypGen/PolypGen2021_MultiCenterData_v3/sequenceData/positive/seq2/bbox_seq2/0_endocv2021_positive_1154.txt,24,24.00 B,,,OK,0
PolypGen,data/external/PolypGen/PolypGen2021_MultiCenterData_v3/sequenceData/positive/seq2/bbox_seq2/0_endocv2021_positive_1160.txt,24,24.00 B,,,OK,0
PolypGen,data/external/PolypGen/PolypGen2021_MultiCenterData_v3/sequenceData/positive/seq2/bbox_seq2/0_endocv2021_positive_1167.txt,24,24.00 B,,,OK,0
PolypGen,data/external/PolypGen/PolypGen2021_MultiCenterData_v3/sequenceData/positive/seq2/bbox_seq2/0_endocv2021_positive_1179.txt,24,24.00 B,,,OK,0
PolypGen,data/external/PolypGen/PolypGen2021_MultiCenterData_v3/sequenceData/positive/seq2/bbox_seq2/0_endocv2021_positive_1181.txt,24,24.00 B,,,OK,0
PolypGen,data/external/PolypGen/PolypGen2021_MultiCenterData_v3/sequenceData/positive/seq2/bbox_seq2/0_endocv2021_positive_1183.txt,24,24.00 B,,,OK,0
PolypGen,data/external/PolypGen/PolypGen2021_MultiCenterData_v3/sequenceData/positive/seq2/bbox_seq2/0_endocv2021_positive_1186.txt,24,24.00 B,,,OK,0
PolypGen,data/external/PolypGen/PolypGen2021_MultiCenterData_v3/sequenceData/positive/seq2/bbox_seq2/0_endocv2021_positive_1187.txt,24,24.00 B,,,OK,0
PolypGen,data/external/PolypGen/PolypGen2021_MultiCenterData_v3/sequenceData/positive/seq2/bbox_seq2/0_endocv2021_positive_1188.txt,24,24.00 B,,,OK,0
PolypGen,data/external/PolypGen/PolypGen2021_MultiCenterData_v3/sequenceData/positive/seq2/bbox_seq2/0_endocv2021_positive_1194.txt,23,23.00 B,,,OK,0
PolypGen,data/external/PolypGen/PolypGen2021_MultiCenterData_v3/sequenceData/positive/seq2/bbox_seq2/0_endocv2021_positive_927.txt,1,1.00 B,,,OK,0
PolypGen,data/external/PolypGen/PolypGen2021_MultiCenterData_v3/sequenceData/positive/seq2/bbox_seq2/0_endocv2021_positive_932.txt,1,1.00 B,,,OK,0
PolypGen,data/external/PolypGen/PolypGen2021_MultiCenterData_v3/sequenceData/positive/seq2/bbox_seq2/0_endocv2021_positive_935.txt,1,1.00 B,,,OK,0
PolypGen,data/external/PolypGen/PolypGen2021_MultiCenterData_v3/sequenceData/positive/seq2/bbox_seq2/0_endocv2021_positive_940.txt,25,25.00 B,,,OK,0
PolypGen,data/external/PolypGen/PolypGen2021_MultiCenterData_v3/sequenceData/positive/seq2/bbox_seq2/0_endocv2021_positive_944.txt,25,25.00 B,,,OK,0
PolypGen,data/external/PolypGen/PolypGen2021_MultiCenterData_v3/sequenceData/positive/seq2/bbox_seq2/0_endocv2021_positive_963.txt,24,24.00 B,,,OK,0
PolypGen,data/external/PolypGen/PolypGen2021_MultiCenterData_v3/sequenceData/positive/seq2/bbox_seq2/0_endocv2021_positive_966.txt,24,24.00 B,,,OK,0
PolypGen,data/external/PolypGen/PolypGen2021_MultiCenterData_v3/sequenceData/positive/seq2/bbox_seq2/0_endocv2021_positive_970.txt,25,25.00 B,,,OK,0
PolypGen,data/external/PolypGen/PolypGen2021_MultiCenterData_v3/sequenceData/positive/seq2/bbox_seq2/0_endocv2021_positive_973.txt,24,24.00 B,,,OK,0
PolypGen,data/external/PolypGen/PolypGen2021_MultiCenterData_v3/sequenceData/positive/seq2/bbox_seq2/0_endocv2021_positive_975.txt,24,24.00 B,,,OK,0
PolypGen,data/external/PolypGen/PolypGen2021_MultiCenterData_v3/sequenceData/positive/seq2/bbox_seq2/0_endocv2021_positive_978.txt,25,25.00 B,,,OK,0
PolypGen,data/external/PolypGen/PolypGen2021_MultiCenterData_v3/sequenceData/positive/seq2/bbox_seq2/0_endocv2021_positive_980.txt,24,24.00 B,,,OK,0
PolypGen,data/external/PolypGen/PolypGen2021_MultiCenterData_v3/sequenceData/positive/seq2/bbox_seq2/0_endocv2021_positive_981.txt,24,24.00 B,,,OK,0
PolypGen,data/external/PolypGen/PolypGen2021_MultiCenterData_v3/sequenceData/positive/seq2/bbox_seq2/0_endocv2021_positive_984.txt,25,25.00 B,,,OK,0
PolypGen,data/external/PolypGen/PolypGen2021_MultiCenterData_v3/sequenceData/positive/seq2/bbox_seq2/0_endocv2021_positive_987.txt,24,24.00 B,,,OK,0
PolypGen,data/external/PolypGen/PolypGen2021_MultiCenterData_v3/sequenceData/positive/seq2/bbox_seq2/0_endocv2021_positive_992.txt,24,24.00 B,,,OK,0
PolypGen,data/external/PolypGen/PolypGen2021_MultiCenterData_v3/sequenceData/positive/seq2/bbox_seq2/0_endocv2021_positive_993.txt,25,25.00 B,,,OK,0
PolypGen,data/external/PolypGen/PolypGen2021_MultiCenterData_v3/sequenceData/positive/seq2/bbox_seq2/0_endocv2021_positive_994.txt,24,24.00 B,,,OK,0
PolypGen,data/external/PolypGen/PolypGen2021_MultiCenterData_v3/sequenceData/positive/seq2/masks_seq2/0_endocv2021_positive_1000_mask.txt,24,24.00 B,,,OK,0
PolypGen,data/external/PolypGen/PolypGen2021_MultiCenterData_v3/sequenceData/positive/seq2/masks_seq2/0_endocv2021_positive_1009_mask.txt,24,24.00 B,,,OK,0
PolypGen,data/external/PolypGen/PolypGen2021_MultiCenterData_v3/sequenceData/positive/seq2/masks_seq2/0_endocv2021_positive_1011_mask.txt,24,24.00 B,,,OK,0
PolypGen,data/external/PolypGen/PolypGen2021_MultiCenterData_v3/sequenceData/positive/seq2/masks_seq2/0_endocv2021_positive_1012_mask.txt,24,24.00 B,,,OK,0
PolypGen,data/external/PolypGen/PolypGen2021_MultiCenterData_v3/sequenceData/positive/seq2/masks_seq2/0_endocv2021_positive_1013_mask.txt,24,24.00 B,,,OK,0
PolypGen,data/external/PolypGen/PolypGen2021_MultiCenterData_v3/sequenceData/positive/seq2/masks_seq2/0_endocv2021_positive_1014_mask.txt,24,24.00 B,,,OK,0
PolypGen,data/external/PolypGen/PolypGen2021_MultiCenterData_v3/sequenceData/positive/seq2/masks_seq2/0_endocv2021_positive_1017_mask.txt,24,24.00 B,,,OK,0
PolypGen,data/external/PolypGen/PolypGen2021_MultiCenterData_v3/sequenceData/positive/seq2/masks_seq2/0_endocv2021_positive_1018_mask.txt,24,24.00 B,,,OK,0
PolypGen,data/external/PolypGen/PolypGen2021_MultiCenterData_v3/sequenceData/positive/seq2/masks_seq2/0_endocv2021_positive_1020_mask.txt,24,24.00 B,,,OK,0
PolypGen,data/external/PolypGen/PolypGen2021_MultiCenterData_v3/sequenceData/positive/seq2/masks_seq2/0_endocv2021_positive_1021_mask.txt,24,24.00 B,,,OK,0
PolypGen,data/external/PolypGen/PolypGen2021_MultiCenterData_v3/sequenceData/positive/seq2/masks_seq2/0_endocv2021_positive_1028_mask.txt,24,24.00 B,,,OK,0
PolypGen,data/external/PolypGen/PolypGen2021_MultiCenterData_v3/sequenceData/positive/seq2/masks_seq2/0_endocv2021_positive_1045_mask.txt,24,24.00 B,,,OK,0
PolypGen,data/external/PolypGen/PolypGen2021_MultiCenterData_v3/sequenceData/positive/seq2/masks_seq2/0_endocv2021_positive_1051_mask.txt,24,24.00 B,,,OK,0
PolypGen,data/external/PolypGen/PolypGen2021_MultiCenterData_v3/sequenceData/positive/seq2/masks_seq2/0_endocv2021_positive_1060_mask.txt,24,24.00 B,,,OK,0
PolypGen,data/external/PolypGen/PolypGen2021_MultiCenterData_v3/sequenceData/positive/seq2/masks_seq2/0_endocv2021_positive_1062_mask.txt,24,24.00 B,,,OK,0
PolypGen,data/external/PolypGen/PolypGen2021_MultiCenterData_v3/sequenceData/positive/seq2/masks_seq2/0_endocv2021_positive_1063_mask.txt,24,24.00 B,,,OK,0
PolypGen,data/external/PolypGen/PolypGen2021_MultiCenterData_v3/sequenceData/positive/seq2/masks_seq2/0_endocv2021_positive_1066_mask.txt,24,24.00 B,,,OK,0
PolypGen,data/external/PolypGen/PolypGen2021_MultiCenterData_v3/sequenceData/positive/seq2/masks_seq2/0_endocv2021_positive_1067_mask.txt,24,24.00 B,,,OK,0
PolypGen,data/external/PolypGen/PolypGen2021_MultiCenterData_v3/sequenceData/positive/seq2/masks_seq2/0_endocv2021_positive_1072_mask.txt,24,24.00 B,,,OK,0
PolypGen,data/external/PolypGen/PolypGen2021_MultiCenterData_v3/sequenceData/positive/seq2/masks_seq2/0_endocv2021_positive_1079_mask.txt,24,24.00 B,,,OK,0
PolypGen,data/external/PolypGen/PolypGen2021_MultiCenterData_v3/sequenceData/positive/seq2/masks_seq2/0_endocv2021_positive_1083_mask.txt,24,24.00 B,,,OK,0
PolypGen,data/external/PolypGen/PolypGen2021_MultiCenterData_v3/sequenceData/positive/seq2/masks_seq2/0_endocv2021_positive_1085_mask.txt,24,24.00 B,,,OK,0
PolypGen,data/external/PolypGen/PolypGen2021_MultiCenterData_v3/sequenceData/positive/seq2/masks_seq2/0_endocv2021_positive_1086_mask.txt,24,24.00 B,,,OK,0
PolypGen,data/external/PolypGen/PolypGen2021_MultiCenterData_v3/sequenceData/positive/seq2/masks_seq2/0_endocv2021_positive_1088_mask.txt,24,24.00 B,,,OK,0
PolypGen,data/external/PolypGen/PolypGen2021_MultiCenterData_v3/sequenceData/positive/seq2/masks_seq2/0_endocv2021_positive_1096_mask.txt,24,24.00 B,,,OK,0
PolypGen,data/external/PolypGen/PolypGen2021_MultiCenterData_v3/sequenceData/positive/seq2/masks_seq2/0_endocv2021_positive_1099_mask.txt,24,24.00 B,,,OK,0
PolypGen,data/external/PolypGen/PolypGen2021_MultiCenterData_v3/sequenceData/positive/seq2/masks_seq2/0_endocv2021_positive_1101_mask.txt,24,24.00 B,,,OK,0
PolypGen,data/external/PolypGen/PolypGen2021_MultiCenterData_v3/sequenceData/positive/seq2/masks_seq2/0_endocv2021_positive_1112_mask.txt,24,24.00 B,,,OK,0
PolypGen,data/external/PolypGen/PolypGen2021_MultiCenterData_v3/sequenceData/positive/seq2/masks_seq2/0_endocv2021_positive_1115_mask.txt,24,24.00 B,,,OK,0
PolypGen,data/external/PolypGen/PolypGen2021_MultiCenterData_v3/sequenceData/positive/seq2/masks_seq2/0_endocv2021_positive_1128_mask.txt,24,24.00 B,,,OK,0
PolypGen,data/external/PolypGen/PolypGen2021_MultiCenterData_v3/sequenceData/positive/seq2/masks_seq2/0_endocv2021_positive_1136_mask.txt,24,24.00 B,,,OK,0
PolypGen,data/external/PolypGen/PolypGen2021_MultiCenterData_v3/sequenceData/positive/seq2/masks_seq2/0_endocv2021_positive_1139_mask.txt,24,24.00 B,,,OK,0
PolypGen,data/external/PolypGen/PolypGen2021_MultiCenterData_v3/sequenceData/positive/seq2/masks_seq2/0_endocv2021_positive_1140_mask.txt,24,24.00 B,,,OK,0
PolypGen,data/external/PolypGen/PolypGen2021_MultiCenterData_v3/sequenceData/positive/seq2/masks_seq2/0_endocv2021_positive_1143_mask.txt,24,24.00 B,,,OK,0
PolypGen,data/external/PolypGen/PolypGen2021_MultiCenterData_v3/sequenceData/positive/seq2/masks_seq2/0_endocv2021_positive_1152_mask.txt,24,24.00 B,,,OK,0
PolypGen,data/external/PolypGen/PolypGen2021_MultiCenterData_v3/sequenceData/positive/seq2/masks_seq2/0_endocv2021_positive_1154_mask.txt,24,24.00 B,,,OK,0
PolypGen,data/external/PolypGen/PolypGen2021_MultiCenterData_v3/sequenceData/positive/seq2/masks_seq2/0_endocv2021_positive_1160_mask.txt,24,24.00 B,,,OK,0
PolypGen,data/external/PolypGen/PolypGen2021_MultiCenterData_v3/sequenceData/positive/seq2/masks_seq2/0_endocv2021_positive_1167_mask.txt,24,24.00 B,,,OK,0
PolypGen,data/external/PolypGen/PolypGen2021_MultiCenterData_v3/sequenceData/positive/seq2/masks_seq2/0_endocv2021_positive_1179_mask.txt,24,24.00 B,,,OK,0
PolypGen,data/external/PolypGen/PolypGen2021_MultiCenterData_v3/sequenceData/positive/seq2/masks_seq2/0_endocv2021_positive_1181_mask.txt,24,24.00 B,,,OK,0
PolypGen,data/external/PolypGen/PolypGen2021_MultiCenterData_v3/sequenceData/positive/seq2/masks_seq2/0_endocv2021_positive_1183_mask.txt,24,24.00 B,,,OK,0
PolypGen,data/external/PolypGen/PolypGen2021_MultiCenterData_v3/sequenceData/positive/seq2/masks_seq2/0_endocv2021_positive_1186_mask.txt,24,24.00 B,,,OK,0
PolypGen,data/external/PolypGen/PolypGen2021_MultiCenterData_v3/sequenceData/positive/seq2/masks_seq2/0_endocv2021_positive_1187_mask.txt,24,24.00 B,,,OK,0
PolypGen,data/external/PolypGen/PolypGen2021_MultiCenterData_v3/sequenceData/positive/seq2/masks_seq2/0_endocv2021_positive_1188_mask.txt,24,24.00 B,,,OK,0
PolypGen,data/external/PolypGen/PolypGen2021_MultiCenterData_v3/sequenceData/positive/seq2/masks_seq2/0_endocv2021_positive_1194_mask.txt,23,23.00 B,,,OK,0
PolypGen,data/external/PolypGen/PolypGen2021_MultiCenterData_v3/sequenceData/positive/seq2/masks_seq2/0_endocv2021_positive_927_mask.txt,1,1.00 B,,,OK,0
PolypGen,data/external/PolypGen/PolypGen2021_MultiCenterData_v3/sequenceData/positive/seq2/masks_seq2/0_endocv2021_positive_932_mask.txt,1,1.00 B,,,OK,0
PolypGen,data/external/PolypGen/PolypGen2021_MultiCenterData_v3/sequenceData/positive/seq2/masks_seq2/0_endocv2021_positive_935_mask.txt,1,1.00 B,,,OK,0
PolypGen,data/external/PolypGen/PolypGen2021_MultiCenterData_v3/sequenceData/positive/seq2/masks_seq2/0_endocv2021_positive_940_mask.txt,1,1.00 B,,,OK,0
PolypGen,data/external/PolypGen/PolypGen2021_MultiCenterData_v3/sequenceData/positive/seq2/masks_seq2/0_endocv2021_positive_944_mask.txt,25,25.00 B,,,OK,0
PolypGen,data/external/PolypGen/PolypGen2021_MultiCenterData_v3/sequenceData/positive/seq2/masks_seq2/0_endocv2021_positive_963_mask.txt,24,24.00 B,,,OK,0
PolypGen,data/external/PolypGen/PolypGen2021_MultiCenterData_v3/sequenceData/positive/seq2/masks_seq2/0_endocv2021_positive_966_mask.txt,24,24.00 B,,,OK,0
PolypGen,data/external/PolypGen/PolypGen2021_MultiCenterData_v3/sequenceData/positive/seq2/masks_seq2/0_endocv2021_positive_970_mask.txt,25,25.00 B,,,OK,0
PolypGen,data/external/PolypGen/PolypGen2021_MultiCenterData_v3/sequenceData/positive/seq2/masks_seq2/0_endocv2021_positive_973_mask.txt,24,24.00 B,,,OK,0
PolypGen,data/external/PolypGen/PolypGen2021_MultiCenterData_v3/sequenceData/positive/seq2/masks_seq2/0_endocv2021_positive_975_mask.txt,24,24.00 B,,,OK,0
PolypGen,data/external/PolypGen/PolypGen2021_MultiCenterData_v3/sequenceData/positive/seq2/masks_seq2/0_endocv2021_positive_978_mask.txt,25,25.00 B,,,OK,0
PolypGen,data/external/PolypGen/PolypGen2021_MultiCenterData_v3/sequenceData/positive/seq2/masks_seq2/0_endocv2021_positive_980_mask.txt,24,24.00 B,,,OK,0
PolypGen,data/external/PolypGen/PolypGen2021_MultiCenterData_v3/sequenceData/positive/seq2/masks_seq2/0_endocv2021_positive_981_mask.txt,24,24.00 B,,,OK,0
PolypGen,data/external/PolypGen/PolypGen2021_MultiCenterData_v3/sequenceData/positive/seq2/masks_seq2/0_endocv2021_positive_984_mask.txt,25,25.00 B,,,OK,0
PolypGen,data/external/PolypGen/PolypGen2021_MultiCenterData_v3/sequenceData/positive/seq2/masks_seq2/0_endocv2021_positive_987_mask.txt,24,24.00 B,,,OK,0
PolypGen,data/external/PolypGen/PolypGen2021_MultiCenterData_v3/sequenceData/positive/seq2/masks_seq2/0_endocv2021_positive_992_mask.txt,24,24.00 B,,,OK,0
PolypGen,data/external/PolypGen/PolypGen2021_MultiCenterData_v3/sequenceData/positive/seq2/masks_seq2/0_endocv2021_positive_993_mask.txt,25,25.00 B,,,OK,0
PolypGen,data/external/PolypGen/PolypGen2021_MultiCenterData_v3/sequenceData/positive/seq2/masks_seq2/0_endocv2021_positive_994_mask.txt,24,24.00 B,,,OK,0
PolypGen,data/external/PolypGen/PolypGen2021_MultiCenterData_v3/sequenceData/positive/seq20/bbox_seq20/seq5_C6_0.txt,1,1.00 B,,,OK,0
PolypGen,data/external/PolypGen/PolypGen2021_MultiCenterData_v3/sequenceData/positive/seq20/bbox_seq20/seq5_C6_100.txt,1,1.00 B,,,OK,0
PolypGen,data/external/PolypGen/PolypGen2021_MultiCenterData_v3/sequenceData/positive/seq20/bbox_seq20/seq5_C6_1000.txt,1,1.00 B,,,OK,0
PolypGen,data/external/PolypGen/PolypGen2021_MultiCenterData_v3/sequenceData/positive/seq20/bbox_seq20/seq5_C6_1020.txt,21,21.00 B,,,OK,0
PolypGen,data/external/PolypGen/PolypGen2021_MultiCenterData_v3/sequenceData/positive/seq20/bbox_seq20/seq5_C6_120.txt,1,1.00 B,,,OK,0
PolypGen,data/external/PolypGen/PolypGen2021_MultiCenterData_v3/sequenceData/positive/seq20/bbox_seq20/seq5_C6_140.txt,1,1.00 B,,,OK,0
PolypGen,data/external/PolypGen/PolypGen2021_MultiCenterData_v3/sequenceData/positive/seq20/bbox_seq20/seq5_C6_160.txt,1,1.00 B,,,OK,0
PolypGen,data/external/PolypGen/PolypGen2021_MultiCenterData_v3/sequenceData/positive/seq20/bbox_seq20/seq5_C6_180.txt,1,1.00 B,,,OK,0
PolypGen,data/external/PolypGen/PolypGen2021_MultiCenterData_v3/sequenceData/positive/seq20/bbox_seq20/seq5_C6_20.txt,1,1.00 B,,,OK,0
PolypGen,data/external/PolypGen/PolypGen2021_MultiCenterData_v3/sequenceData/positive/seq20/bbox_seq20/seq5_C6_200.txt,1,1.00 B,,,OK,0
PolypGen,data/external/PolypGen/PolypGen2021_MultiCenterData_v3/sequenceData/positive/seq20/bbox_seq20/seq5_C6_220.txt,1,1.00 B,,,OK,0
PolypGen,data/external/PolypGen/PolypGen2021_MultiCenterData_v3/sequenceData/positive/seq20/bbox_seq20/seq5_C6_240.txt,1,1.00 B,,,OK,0
PolypGen,data/external/PolypGen/PolypGen2021_MultiCenterData_v3/sequenceData/positive/seq20/bbox_seq20/seq5_C6_260.txt,1,1.00 B,,,OK,0
PolypGen,data/external/PolypGen/PolypGen2021_MultiCenterData_v3/sequenceData/positive/seq20/bbox_seq20/seq5_C6_280.txt,1,1.00 B,,,OK,0
PolypGen,data/external/PolypGen/PolypGen2021_MultiCenterData_v3/sequenceData/positive/seq20/bbox_seq20/seq5_C6_300.txt,1,1.00 B,,,OK,0
PolypGen,data/external/PolypGen/PolypGen2021_MultiCenterData_v3/sequenceData/positive/seq20/bbox_seq20/seq5_C6_320.txt,22,22.00 B,,,OK,0
PolypGen,data/external/PolypGen/PolypGen2021_MultiCenterData_v3/sequenceData/positive/seq20/bbox_seq20/seq5_C6_340.txt,1,1.00 B,,,OK,0
PolypGen,data/external/PolypGen/PolypGen2021_MultiCenterData_v3/sequenceData/positive/seq20/bbox_seq20/seq5_C6_360.txt,22,22.00 B,,,OK,0
PolypGen,data/external/PolypGen/PolypGen2021_MultiCenterData_v3/sequenceData/positive/seq20/bbox_seq20/seq5_C6_380.txt,1,1.00 B,,,OK,0
PolypGen,data/external/PolypGen/PolypGen2021_MultiCenterData_v3/sequenceData/positive/seq20/bbox_seq20/seq5_C6_40.txt,1,1.00 B,,,OK,0
PolypGen,data/external/PolypGen/PolypGen2021_MultiCenterData_v3/sequenceData/positive/seq20/bbox_seq20/seq5_C6_400.txt,22,22.00 B,,,OK,0
PolypGen,data/external/PolypGen/PolypGen2021_MultiCenterData_v3/sequenceData/positive/seq20/bbox_seq20/seq5_C6_420.txt,22,22.00 B,,,OK,0
PolypGen,data/external/PolypGen/PolypGen2021_MultiCenterData_v3/sequenceData/positive/seq20/bbox_seq20/seq5_C6_440.txt,23,23.00 B,,,OK,0
PolypGen,data/external/PolypGen/PolypGen2021_MultiCenterData_v3/sequenceData/positive/seq20/bbox_seq20/seq5_C6_460.txt,23,23.00 B,,,OK,0
PolypGen,data/external/PolypGen/PolypGen2021_MultiCenterData_v3/sequenceData/positive/seq20/bbox_seq20/seq5_C6_480.txt,23,23.00 B,,,OK,0
PolypGen,data/external/PolypGen/PolypGen2021_MultiCenterData_v3/sequenceData/positive/seq20/bbox_seq20/seq5_C6_500.txt,23,23.00 B,,,OK,0
PolypGen,data/external/PolypGen/PolypGen2021_MultiCenterData_v3/sequenceData/positive/seq20/bbox_seq20/seq5_C6_520.txt,23,23.00 B,,,OK,0
PolypGen,data/external/PolypGen/PolypGen2021_MultiCenterData_v3/sequenceData/positive/seq20/bbox_seq20/seq5_C6_540.txt,23,23.00 B,,,OK,0
PolypGen,data/external/PolypGen/PolypGen2021_MultiCenterData_v3/sequenceData/positive/seq20/bbox_seq20/seq5_C6_560.txt,23,23.00 B,,,OK,0
PolypGen,data/external/PolypGen/PolypGen2021_MultiCenterData_v3/sequenceData/positive/seq20/bbox_seq20/seq5_C6_580.txt,23,23.00 B,,,OK,0
PolypGen,data/external/PolypGen/PolypGen2021_MultiCenterData_v3/sequenceData/positive/seq20/bbox_seq20/seq5_C6_60.txt,1,1.00 B,,,OK,0
PolypGen,data/external/PolypGen/PolypGen2021_MultiCenterData_v3/sequenceData/positive/seq20/bbox_seq20/seq5_C6_600.txt,68,68.00 B,,,OK,0
PolypGen,data/external/PolypGen/PolypGen2021_MultiCenterData_v3/sequenceData/positive/seq20/bbox_seq20/seq5_C6_620.txt,46,46.00 B,,,OK,0
PolypGen,data/external/PolypGen/PolypGen2021_MultiCenterData_v3/sequenceData/positive/seq20/bbox_seq20/seq5_C6_640.txt,69,69.00 B,,,OK,0
PolypGen,data/external/PolypGen/PolypGen2021_MultiCenterData_v3/sequenceData/positive/seq20/bbox_seq20/seq5_C6_660.txt,47,47.00 B,,,OK,0
PolypGen,data/external/PolypGen/PolypGen2021_MultiCenterData_v3/sequenceData/positive/seq20/bbox_seq20/seq5_C6_680.txt,45,45.00 B,,,OK,0
PolypGen,data/external/PolypGen/PolypGen2021_MultiCenterData_v3/sequenceData/positive/seq20/bbox_seq20/seq5_C6_700.txt,24,24.00 B,,,OK,0
PolypGen,data/external/PolypGen/PolypGen2021_MultiCenterData_v3/sequenceData/positive/seq20/bbox_seq20/seq5_C6_720.txt,24,24.00 B,,,OK,0
PolypGen,data/external/PolypGen/PolypGen2021_MultiCenterData_v3/sequenceData/positive/seq20/bbox_seq20/seq5_C6_740.txt,24,24.00 B,,,OK,0
PolypGen,data/external/PolypGen/PolypGen2021_MultiCenterData_v3/sequenceData/positive/seq20/bbox_seq20/seq5_C6_760.txt,24,24.00 B,,,OK,0
PolypGen,data/external/PolypGen/PolypGen2021_MultiCenterData_v3/sequenceData/positive/seq20/bbox_seq20/seq5_C6_780.txt,24,24.00 B,,,OK,0
PolypGen,data/external/PolypGen/PolypGen2021_MultiCenterData_v3/sequenceData/positive/seq20/bbox_seq20/seq5_C6_80.txt,1,1.00 B,,,OK,0
PolypGen,data/external/PolypGen/PolypGen2021_MultiCenterData_v3/sequenceData/positive/seq20/bbox_seq20/seq5_C6_800.txt,24,24.00 B,,,OK,0
PolypGen,data/external/PolypGen/PolypGen2021_MultiCenterData_v3/sequenceData/positive/seq20/bbox_seq20/seq5_C6_820.txt,24,24.00 B,,,OK,0
PolypGen,data/external/PolypGen/PolypGen2021_MultiCenterData_v3/sequenceData/positive/seq20/bbox_seq20/seq5_C6_840.txt,23,23.00 B,,,OK,0
PolypGen,data/external/PolypGen/PolypGen2021_MultiCenterData_v3/sequenceData/positive/seq20/bbox_seq20/seq5_C6_860.txt,23,23.00 B,,,OK,0
PolypGen,data/external/PolypGen/PolypGen2021_MultiCenterData_v3/sequenceData/positive/seq20/bbox_seq20/seq5_C6_880.txt,23,23.00 B,,,OK,0
PolypGen,data/external/PolypGen/PolypGen2021_MultiCenterData_v3/sequenceData/positive/seq20/bbox_seq20/seq5_C6_900.txt,21,21.00 B,,,OK,0
PolypGen,data/external/PolypGen/PolypGen2021_MultiCenterData_v3/sequenceData/positive/seq20/bbox_seq20/seq5_C6_920.txt,21,21.00 B,,,OK,0
PolypGen,data/external/PolypGen/PolypGen2021_MultiCenterData_v3/sequenceData/positive/seq20/bbox_seq20/seq5_C6_940.txt,21,21.00 B,,,OK,0
PolypGen,data/external/PolypGen/PolypGen2021_MultiCenterData_v3/sequenceData/positive/seq20/bbox_seq20/seq5_C6_960.txt,1,1.00 B,,,OK,0
PolypGen,data/external/PolypGen/PolypGen2021_MultiCenterData_v3/sequenceData/positive/seq20/bbox_seq20/seq5_C6_980.txt,1,1.00 B,,,OK,0
PolypGen,data/external/PolypGen/PolypGen2021_MultiCenterData_v3/sequenceData/positive/seq21/bbox_seq21/seq6_C6_0.txt,1,1.00 B,,,OK,0
PolypGen,data/external/PolypGen/PolypGen2021_MultiCenterData_v3/sequenceData/positive/seq21/bbox_seq21/seq6_C6_108.txt,1,1.00 B,,,OK,0
PolypGen,data/external/PolypGen/PolypGen2021_MultiCenterData_v3/sequenceData/positive/seq21/bbox_seq21/seq6_C6_12.txt,1,1.00 B,,,OK,0
PolypGen,data/external/PolypGen/PolypGen2021_MultiCenterData_v3/sequenceData/positive/seq21/bbox_seq21/seq6_C6_120.txt,22,22.00 B,,,OK,0
PolypGen,data/external/PolypGen/PolypGen2021_MultiCenterData_v3/sequenceData/positive/seq21/bbox_seq21/seq6_C6_132.txt,1,1.00 B,,,OK,0
PolypGen,data/external/PolypGen/PolypGen2021_MultiCenterData_v3/sequenceData/positive/seq21/bbox_seq21/seq6_C6_144.txt,22,22.00 B,,,OK,0
PolypGen,data/external/PolypGen/PolypGen2021_MultiCenterData_v3/sequenceData/positive/seq21/bbox_seq21/seq6_C6_156.txt,23,23.00 B,,,OK,0
PolypGen,data/external/PolypGen/PolypGen2021_MultiCenterData_v3/sequenceData/positive/seq21/bbox_seq21/seq6_C6_168.txt,22,22.00 B,,,OK,0
PolypGen,data/external/PolypGen/PolypGen2021_MultiCenterData_v3/sequenceData/positive/seq21/bbox_seq21/seq6_C6_180.txt,21,21.00 B,,,OK,0
PolypGen,data/external/PolypGen/PolypGen2021_MultiCenterData_v3/sequenceData/positive/seq21/bbox_seq21/seq6_C6_192.txt,22,22.00 B,,,OK,0
PolypGen,data/external/PolypGen/PolypGen2021_MultiCenterData_v3/sequenceData/positive/seq21/bbox_seq21/seq6_C6_204.txt,22,22.00 B,,,OK,0
PolypGen,data/external/PolypGen/PolypGen2021_MultiCenterData_v3/sequenceData/positive/seq21/bbox_seq21/seq6_C6_216.txt,46,46.00 B,,,OK,0
PolypGen,data/external/PolypGen/PolypGen2021_MultiCenterData_v3/sequenceData/positive/seq21/bbox_seq21/seq6_C6_228.txt,44,44.00 B,,,OK,0
PolypGen,data/external/PolypGen/PolypGen2021_MultiCenterData_v3/sequenceData/positive/seq21/bbox_seq21/seq6_C6_24.txt,1,1.00 B,,,OK,0
PolypGen,data/external/PolypGen/PolypGen2021_MultiCenterData_v3/sequenceData/positive/seq21/bbox_seq21/seq6_C6_240.txt,67,67.00 B,,,OK,0
PolypGen,data/external/PolypGen/PolypGen2021_MultiCenterData_v3/sequenceData/positive/seq21/bbox_seq21/seq6_C6_252.txt,44,44.00 B,,,OK,0
PolypGen,data/external/PolypGen/PolypGen2021_MultiCenterData_v3/sequenceData/positive/seq21/bbox_seq21/seq6_C6_264.txt,44,44.00 B,,,OK,0
PolypGen,data/external/PolypGen/PolypGen2021_MultiCenterData_v3/sequenceData/positive/seq21/bbox_seq21/seq6_C6_276.txt,44,44.00 B,,,OK,0
PolypGen,data/external/PolypGen/PolypGen2021_MultiCenterData_v3/sequenceData/positive/seq21/bbox_seq21/seq6_C6_288.txt,45,45.00 B,,,OK,0
PolypGen,data/external/PolypGen/PolypGen2021_MultiCenterData_v3/sequenceData/positive/seq21/bbox_seq21/seq6_C6_300.txt,45,45.00 B,,,OK,0
PolypGen,data/external/PolypGen/PolypGen2021_MultiCenterData_v3/sequenceData/positive/seq21/bbox_seq21/seq6_C6_312.txt,45,45.00 B,,,OK,0
PolypGen,data/external/PolypGen/PolypGen2021_MultiCenterData_v3/sequenceData/positive/seq21/bbox_seq21/seq6_C6_324.txt,45,45.00 B,,,OK,0
PolypGen,data/external/PolypGen/PolypGen2021_MultiCenterData_v3/sequenceData/positive/seq21/bbox_seq21/seq6_C6_336.txt,45,45.00 B,,,OK,0
PolypGen,data/external/PolypGen/PolypGen2021_MultiCenterData_v3/sequenceData/positive/seq21/bbox_seq21/seq6_C6_348.txt,45,45.00 B,,,OK,0
PolypGen,data/external/PolypGen/PolypGen2021_MultiCenterData_v3/sequenceData/positive/seq21/bbox_seq21/seq6_C6_36.txt,1,1.00 B,,,OK,0
PolypGen,data/external/PolypGen/PolypGen2021_MultiCenterData_v3/sequenceData/positive/seq21/bbox_seq21/seq6_C6_360.txt,45,45.00 B,,,OK,0
PolypGen,data/external/PolypGen/PolypGen2021_MultiCenterData_v3/sequenceData/positive/seq21/bbox_seq21/seq6_C6_372.txt,45,45.00 B,,,OK,0
PolypGen,data/external/PolypGen/PolypGen2021_MultiCenterData_v3/sequenceData/positive/seq21/bbox_seq21/seq6_C6_384.txt,45,45.00 B,,,OK,0
PolypGen,data/external/PolypGen/PolypGen2021_MultiCenterData_v3/sequenceData/positive/seq21/bbox_seq21/seq6_C6_396.txt,44,44.00 B,,,OK,0
PolypGen,data/external/PolypGen/PolypGen2021_MultiCenterData_v3/sequenceData/positive/seq21/bbox_seq21/seq6_C6_408.txt,23,23.00 B,,,OK,0
PolypGen,data/external/PolypGen/PolypGen2021_MultiCenterData_v3/sequenceData/positive/seq21/bbox_seq21/seq6_C6_420.txt,1,1.00 B,,,OK,0
PolypGen,data/external/PolypGen/PolypGen2021_MultiCenterData_v3/sequenceData/positive/seq21/bbox_seq21/seq6_C6_432.txt,1,1.00 B,,,OK,0
PolypGen,data/external/PolypGen/PolypGen2021_MultiCenterData_v3/sequenceData/positive/seq21/bbox_seq21/seq6_C6_444.txt,1,1.00 B,,,OK,0
PolypGen,data/external/PolypGen/PolypGen2021_MultiCenterData_v3/sequenceData/positive/seq21/bbox_seq21/seq6_C6_456.txt,1,1.00 B,,,OK,0
PolypGen,data/external/PolypGen/PolypGen2021_MultiCenterData_v3/sequenceData/positive/seq21/bbox_seq21/seq6_C6_468.txt,1,1.00 B,,,OK,0
PolypGen,data/external/PolypGen/PolypGen2021_MultiCenterData_v3/sequenceData/positive/seq21/bbox_seq21/seq6_C6_48.txt,1,1.00 B,,,OK,0
PolypGen,data/external/PolypGen/PolypGen2021_MultiCenterData_v3/sequenceData/positive/seq21/bbox_seq21/seq6_C6_480.txt,1,1.00 B,,,OK,0
PolypGen,data/external/PolypGen/PolypGen2021_MultiCenterData_v3/sequenceData/positive/seq21/bbox_seq21/seq6_C6_492.txt,1,1.00 B,,,OK,0
PolypGen,data/external/PolypGen/PolypGen2021_MultiCenterData_v3/sequenceData/positive/seq21/bbox_seq21/seq6_C6_504.txt,1,1.00 B,,,OK,0
PolypGen,data/external/PolypGen/PolypGen2021_MultiCenterData_v3/sequenceData/positive/seq21/bbox_seq21/seq6_C6_516.txt,1,1.00 B,,,OK,0
PolypGen,data/external/PolypGen/PolypGen2021_MultiCenterData_v3/sequenceData/positive/seq21/bbox_seq21/seq6_C6_528.txt,1,1.00 B,,,OK,0
PolypGen,data/external/PolypGen/PolypGen2021_MultiCenterData_v3/sequenceData/positive/seq21/bbox_seq21/seq6_C6_540.txt,1,1.00 B,,,OK,0
PolypGen,data/external/PolypGen/PolypGen2021_MultiCenterData_v3/sequenceData/positive/seq21/bbox_seq21/seq6_C6_552.txt,1,1.00 B,,,OK,0
PolypGen,data/external/PolypGen/PolypGen2021_MultiCenterData_v3/sequenceData/positive/seq21/bbox_seq21/seq6_C6_564.txt,1,1.00 B,,,OK,0
PolypGen,data/external/PolypGen/PolypGen2021_MultiCenterData_v3/sequenceData/positive/seq21/bbox_seq21/seq6_C6_576.txt,1,1.00 B,,,OK,0
PolypGen,data/external/PolypGen/PolypGen2021_MultiCenterData_v3/sequenceData/positive/seq21/bbox_seq21/seq6_C6_588.txt,1,1.00 B,,,OK,0
PolypGen,data/external/PolypGen/PolypGen2021_MultiCenterData_v3/sequenceData/positive/seq21/bbox_seq21/seq6_C6_60.txt,1,1.00 B,,,OK,0
PolypGen,data/external/PolypGen/PolypGen2021_MultiCenterData_v3/sequenceData/positive/seq21/bbox_seq21/seq6_C6_600.txt,1,1.00 B,,,OK,0
PolypGen,data/external/PolypGen/PolypGen2021_MultiCenterData_v3/sequenceData/positive/seq21/bbox_seq21/seq6_C6_612.txt,1,1.00 B,,,OK,0
PolypGen,data/external/PolypGen/PolypGen2021_MultiCenterData_v3/sequenceData/positive/seq21/bbox_seq21/seq6_C6_624.txt,1,1.00 B,,,OK,0
PolypGen,data/external/PolypGen/PolypGen2021_MultiCenterData_v3/sequenceData/positive/seq21/bbox_seq21/seq6_C6_636.txt,1,1.00 B,,,OK,0
PolypGen,data/external/PolypGen/PolypGen2021_MultiCenterData_v3/sequenceData/positive/seq21/bbox_seq21/seq6_C6_648.txt,1,1.00 B,,,OK,0
PolypGen,data/external/PolypGen/PolypGen2021_MultiCenterData_v3/sequenceData/positive/seq21/bbox_seq21/seq6_C6_660.txt,1,1.00 B,,,OK,0
PolypGen,data/external/PolypGen/PolypGen2021_MultiCenterData_v3/sequenceData/positive/seq21/bbox_seq21/seq6_C6_72.txt,1,1.00 B,,,OK,0
PolypGen,data/external/PolypGen/PolypGen2021_MultiCenterData_v3/sequenceData/positive/seq21/bbox_seq21/seq6_C6_84.txt,1,1.00 B,,,OK,0
PolypGen,data/external/PolypGen/PolypGen2021_MultiCenterData_v3/sequenceData/positive/seq21/bbox_seq21/seq6_C6_96.txt,21,21.00 B,,,OK,0
PolypGen,data/external/PolypGen/PolypGen2021_MultiCenterData_v3/sequenceData/positive/seq22/bbox_seq22/seq7_C6_0.txt,21,21.00 B,,,OK,0
PolypGen,data/external/PolypGen/PolypGen2021_MultiCenterData_v3/sequenceData/positive/seq22/bbox_seq22/seq7_C6_1020.txt,21,21.00 B,,,OK,0
PolypGen,data/external/PolypGen/PolypGen2021_MultiCenterData_v3/sequenceData/positive/seq22/bbox_seq22/seq7_C6_1050.txt,20,20.00 B,,,OK,0
PolypGen,data/external/PolypGen/PolypGen2021_MultiCenterData_v3/sequenceData/positive/seq22/bbox_seq22/seq7_C6_1080.txt,1,1.00 B,,,OK,0
PolypGen,data/external/PolypGen/PolypGen2021_MultiCenterData_v3/sequenceData/positive/seq22/bbox_seq22/seq7_C6_1110.txt,21,21.00 B,,,OK,0
PolypGen,data/external/PolypGen/PolypGen2021_MultiCenterData_v3/sequenceData/positive/seq22/bbox_seq22/seq7_C6_1140.txt,21,21.00 B,,,OK,0
PolypGen,data/external/PolypGen/PolypGen2021_MultiCenterData_v3/sequenceData/positive/seq22/bbox_seq22/seq7_C6_1170.txt,20,20.00 B,,,OK,0
PolypGen,data/external/PolypGen/PolypGen2021_MultiCenterData_v3/sequenceData/positive/seq22/bbox_seq22/seq7_C6_120.txt,22,22.00 B,,,OK,0
PolypGen,data/external/PolypGen/PolypGen2021_MultiCenterData_v3/sequenceData/positive/seq22/bbox_seq22/seq7_C6_1200.txt,20,20.00 B,,,OK,0
PolypGen,data/external/PolypGen/PolypGen2021_MultiCenterData_v3/sequenceData/positive/seq22/bbox_seq22/seq7_C6_1230.txt,21,21.00 B,,,OK,0
PolypGen,data/external/PolypGen/PolypGen2021_MultiCenterData_v3/sequenceData/positive/seq22/bbox_seq22/seq7_C6_1260.txt,21,21.00 B,,,OK,0
PolypGen,data/external/PolypGen/PolypGen2021_MultiCenterData_v3/sequenceData/positive/seq22/bbox_seq22/seq7_C6_1290.txt,21,21.00 B,,,OK,0
PolypGen,data/external/PolypGen/PolypGen2021_MultiCenterData_v3/sequenceData/positive/seq22/bbox_seq22/seq7_C6_1320.txt,22,22.00 B,,,OK,0
PolypGen,data/external/PolypGen/PolypGen2021_MultiCenterData_v3/sequenceData/positive/seq22/bbox_seq22/seq7_C6_1350.txt,22,22.00 B,,,OK,0
PolypGen,data/external/PolypGen/PolypGen2021_MultiCenterData_v3/sequenceData/positive/seq22/bbox_seq22/seq7_C6_150.txt,22,22.00 B,,,OK,0
PolypGen,data/external/PolypGen/PolypGen2021_MultiCenterData_v3/sequenceData/positive/seq22/bbox_seq22/seq7_C6_180.txt,23,23.00 B,,,OK,0
PolypGen,data/external/PolypGen/PolypGen2021_MultiCenterData_v3/sequenceData/positive/seq22/bbox_seq22/seq7_C6_210.txt,23,23.00 B,,,OK,0
PolypGen,data/external/PolypGen/PolypGen2021_MultiCenterData_v3/sequenceData/positive/seq22/bbox_seq22/seq7_C6_240.txt,23,23.00 B,,,OK,0
PolypGen,data/external/PolypGen/PolypGen2021_MultiCenterData_v3/sequenceData/positive/seq22/bbox_seq22/seq7_C6_270.txt,23,23.00 B,,,OK,0
PolypGen,data/external/PolypGen/PolypGen2021_MultiCenterData_v3/sequenceData/positive/seq22/bbox_seq22/seq7_C6_30.txt,1,1.00 B,,,OK,0
PolypGen,data/external/PolypGen/PolypGen2021_MultiCenterData_v3/sequenceData/positive/seq22/bbox_seq22/seq7_C6_300.txt,22,22.00 B,,,OK,0
PolypGen,data/external/PolypGen/PolypGen2021_MultiCenterData_v3/sequenceData/positive/seq22/bbox_seq22/seq7_C6_330.txt,21,21.00 B,,,OK,0
PolypGen,data/external/PolypGen/PolypGen2021_MultiCenterData_v3/sequenceData/positive/seq22/bbox_seq22/seq7_C6_360.txt,21,21.00 B,,,OK,0
PolypGen,data/external/PolypGen/PolypGen2021_MultiCenterData_v3/sequenceData/positive/seq22/bbox_seq22/seq7_C6_390.txt,22,22.00 B,,,OK,0
PolypGen,data/external/PolypGen/PolypGen2021_MultiCenterData_v3/sequenceData/positive/seq22/bbox_seq22/seq7_C6_420.txt,22,22.00 B,,,OK,0
PolypGen,data/external/PolypGen/PolypGen2021_MultiCenterData_v3/sequenceData/positive/seq22/bbox_seq22/seq7_C6_450.txt,21,21.00 B,,,OK,0
PolypGen,data/external/PolypGen/PolypGen2021_MultiCenterData_v3/sequenceData/positive/seq22/bbox_seq22/seq7_C6_480.txt,21,21.00 B,,,OK,0
PolypGen,data/external/PolypGen/PolypGen2021_MultiCenterData_v3/sequenceData/positive/seq22/bbox_seq22/seq7_C6_510.txt,21,21.00 B,,,OK,0
PolypGen,data/external/PolypGen/PolypGen2021_MultiCenterData_v3/sequenceData/positive/seq22/bbox_seq22/seq7_C6_540.txt,21,21.00 B,,,OK,0
PolypGen,data/external/PolypGen/PolypGen2021_MultiCenterData_v3/sequenceData/positive/seq22/bbox_seq22/seq7_C6_570.txt,21,21.00 B,,,OK,0
PolypGen,data/external/PolypGen/PolypGen2021_MultiCenterData_v3/sequenceData/positive/seq22/bbox_seq22/seq7_C6_60.txt,21,21.00 B,,,OK,0
PolypGen,data/external/PolypGen/PolypGen2021_MultiCenterData_v3/sequenceData/positive/seq22/bbox_seq22/seq7_C6_600.txt,21,21.00 B,,,OK,0
PolypGen,data/external/PolypGen/PolypGen2021_MultiCenterData_v3/sequenceData/positive/seq22/bbox_seq22/seq7_C6_630.txt,21,21.00 B,,,OK,0
PolypGen,data/external/PolypGen/PolypGen2021_MultiCenterData_v3/sequenceData/positive/seq22/bbox_seq22/seq7_C6_660.txt,22,22.00 B,,,OK,0
PolypGen,data/external/PolypGen/PolypGen2021_MultiCenterData_v3/sequenceData/positive/seq22/bbox_seq22/seq7_C6_690.txt,21,21.00 B,,,OK,0
PolypGen,data/external/PolypGen/PolypGen2021_MultiCenterData_v3/sequenceData/positive/seq22/bbox_seq22/seq7_C6_720.txt,21,21.00 B,,,OK,0
PolypGen,data/external/PolypGen/PolypGen2021_MultiCenterData_v3/sequenceData/positive/seq22/bbox_seq22/seq7_C6_750.txt,21,21.00 B,,,OK,0
PolypGen,data/external/PolypGen/PolypGen2021_MultiCenterData_v3/sequenceData/positive/seq22/bbox_seq22/seq7_C6_780.txt,21,21.00 B,,,OK,0
PolypGen,data/external/PolypGen/PolypGen2021_MultiCenterData_v3/sequenceData/positive/seq22/bbox_seq22/seq7_C6_810.txt,21,21.00 B,,,OK,0
PolypGen,data/external/PolypGen/PolypGen2021_MultiCenterData_v3/sequenceData/positive/seq22/bbox_seq22/seq7_C6_840.txt,21,21.00 B,,,OK,0
PolypGen,data/external/PolypGen/PolypGen2021_MultiCenterData_v3/sequenceData/positive/seq22/bbox_seq22/seq7_C6_870.txt,21,21.00 B,,,OK,0
PolypGen,data/external/PolypGen/PolypGen2021_MultiCenterData_v3/sequenceData/positive/seq22/bbox_seq22/seq7_C6_90.txt,22,22.00 B,,,OK,0
PolypGen,data/external/PolypGen/PolypGen2021_MultiCenterData_v3/sequenceData/positive/seq22/bbox_seq22/seq7_C6_900.txt,21,21.00 B,,,OK,0
PolypGen,data/external/PolypGen/PolypGen2021_MultiCenterData_v3/sequenceData/positive/seq22/bbox_seq22/seq7_C6_930.txt,21,21.00 B,,,OK,0
PolypGen,data/external/PolypGen/PolypGen2021_MultiCenterData_v3/sequenceData/positive/seq22/bbox_seq22/seq7_C6_960.txt,21,21.00 B,,,OK,0
PolypGen,data/external/PolypGen/PolypGen2021_MultiCenterData_v3/sequenceData/positive/seq22/bbox_seq22/seq7_C6_990.txt,21,21.00 B,,,OK,0
PolypGen,data/external/PolypGen/PolypGen2021_MultiCenterData_v3/sequenceData/positive/seq23/bbox_seq23/seq8_C6_0.txt,1,1.00 B,,,OK,0
PolypGen,data/external/PolypGen/PolypGen2021_MultiCenterData_v3/sequenceData/positive/seq23/bbox_seq23/seq8_C6_1040.txt,22,22.00 B,,,OK,0
PolypGen,data/external/PolypGen/PolypGen2021_MultiCenterData_v3/sequenceData/positive/seq23/bbox_seq23/seq8_C6_1120.txt,22,22.00 B,,,OK,0
PolypGen,data/external/PolypGen/PolypGen2021_MultiCenterData_v3/sequenceData/positive/seq23/bbox_seq23/seq8_C6_1200.txt,22,22.00 B,,,OK,0
PolypGen,data/external/PolypGen/PolypGen2021_MultiCenterData_v3/sequenceData/positive/seq23/bbox_seq23/seq8_C6_1280.txt,22,22.00 B,,,OK,0
PolypGen,data/external/PolypGen/PolypGen2021_MultiCenterData_v3/sequenceData/positive/seq23/bbox_seq23/seq8_C6_1360.txt,22,22.00 B,,,OK,0
PolypGen,data/external/PolypGen/PolypGen2021_MultiCenterData_v3/sequenceData/positive/seq23/bbox_seq23/seq8_C6_1440.txt,1,1.00 B,,,OK,0
PolypGen,data/external/PolypGen/PolypGen2021_MultiCenterData_v3/sequenceData/positive/seq23/bbox_seq23/seq8_C6_1520.txt,1,1.00 B,,,OK,0
PolypGen,data/external/PolypGen/PolypGen2021_MultiCenterData_v3/sequenceData/positive/seq23/bbox_seq23/seq8_C6_160.txt,1,1.00 B,,,OK,0
PolypGen,data/external/PolypGen/PolypGen2021_MultiCenterData_v3/sequenceData/positive/seq23/bbox_seq23/seq8_C6_1600.txt,1,1.00 B,,,OK,0
PolypGen,data/external/PolypGen/PolypGen2021_MultiCenterData_v3/sequenceData/positive/seq23/bbox_seq23/seq8_C6_1680.txt,1,1.00 B,,,OK,0
PolypGen,data/external/PolypGen/PolypGen2021_MultiCenterData_v3/sequenceData/positive/seq23/bbox_seq23/seq8_C6_1760.txt,1,1.00 B,,,OK,0
PolypGen,data/external/PolypGen/PolypGen2021_MultiCenterData_v3/sequenceData/positive/seq23/bbox_seq23/seq8_C6_1840.txt,1,1.00 B,,,OK,0
PolypGen,data/external/PolypGen/PolypGen2021_MultiCenterData_v3/sequenceData/positive/seq23/bbox_seq23/seq8_C6_1920.txt,1,1.00 B,,,OK,0
PolypGen,data/external/PolypGen/PolypGen2021_MultiCenterData_v3/sequenceData/positive/seq23/bbox_seq23/seq8_C6_2000.txt,24,24.00 B,,,OK,0
PolypGen,data/external/PolypGen/PolypGen2021_MultiCenterData_v3/sequenceData/positive/seq23/bbox_seq23/seq8_C6_2080.txt,23,23.00 B,,,OK,0
PolypGen,data/external/PolypGen/PolypGen2021_MultiCenterData_v3/sequenceData/positive/seq23/bbox_seq23/seq8_C6_2160.txt,23,23.00 B,,,OK,0
PolypGen,data/external/PolypGen/PolypGen2021_MultiCenterData_v3/sequenceData/positive/seq23/bbox_seq23/seq8_C6_2240.txt,22,22.00 B,,,OK,0
PolypGen,data/external/PolypGen/PolypGen2021_MultiCenterData_v3/sequenceData/positive/seq23/bbox_seq23/seq8_C6_2320.txt,24,24.00 B,,,OK,0
PolypGen,data/external/PolypGen/PolypGen2021_MultiCenterData_v3/sequenceData/positive/seq23/bbox_seq23/seq8_C6_240.txt,1,1.00 B,,,OK,0
PolypGen,data/external/PolypGen/PolypGen2021_MultiCenterData_v3/sequenceData/positive/seq23/bbox_seq23/seq8_C6_2400.txt,23,23.00 B,,,OK,0
PolypGen,data/external/PolypGen/PolypGen2021_MultiCenterData_v3/sequenceData/positive/seq23/bbox_seq23/seq8_C6_2480.txt,22,22.00 B,,,OK,0
PolypGen,data/external/PolypGen/PolypGen2021_MultiCenterData_v3/sequenceData/positive/seq23/bbox_seq23/seq8_C6_2560.txt,24,24.00 B,,,OK,0
PolypGen,data/external/PolypGen/PolypGen2021_MultiCenterData_v3/sequenceData/positive/seq23/bbox_seq23/seq8_C6_2640.txt,24,24.00 B,,,OK,0
PolypGen,data/external/PolypGen/PolypGen2021_MultiCenterData_v3/sequenceData/positive/seq23/bbox_seq23/seq8_C6_2720.txt,1,1.00 B,,,OK,0
PolypGen,data/external/PolypGen/PolypGen2021_MultiCenterData_v3/sequenceData/positive/seq23/bbox_seq23/seq8_C6_2800.txt,23,23.00 B,,,OK,0
PolypGen,data/external/PolypGen/PolypGen2021_MultiCenterData_v3/sequenceData/positive/seq23/bbox_seq23/seq8_C6_2880.txt,22,22.00 B,,,OK,0
PolypGen,data/external/PolypGen/PolypGen2021_MultiCenterData_v3/sequenceData/positive/seq23/bbox_seq23/seq8_C6_2960.txt,23,23.00 B,,,OK,0
PolypGen,data/external/PolypGen/PolypGen2021_MultiCenterData_v3/sequenceData/positive/seq23/bbox_seq23/seq8_C6_3040.txt,1,1.00 B,,,OK,0
PolypGen,data/external/PolypGen/PolypGen2021_MultiCenterData_v3/sequenceData/positive/seq23/bbox_seq23/seq8_C6_3120.txt,23,23.00 B,,,OK,0
PolypGen,data/external/PolypGen/PolypGen2021_MultiCenterData_v3/sequenceData/positive/seq23/bbox_seq23/seq8_C6_320.txt,1,1.00 B,,,OK,0
PolypGen,data/external/PolypGen/PolypGen2021_MultiCenterData_v3/sequenceData/positive/seq23/bbox_seq23/seq8_C6_3200.txt,23,23.00 B,,,OK,0
PolypGen,data/external/PolypGen/PolypGen2021_MultiCenterData_v3/sequenceData/positive/seq23/bbox_seq23/seq8_C6_3280.txt,23,23.00 B,,,OK,0
PolypGen,data/external/PolypGen/PolypGen2021_MultiCenterData_v3/sequenceData/positive/seq23/bbox_seq23/seq8_C6_3360.txt,1,1.00 B,,,OK,0
PolypGen,data/external/PolypGen/PolypGen2021_MultiCenterData_v3/sequenceData/positive/seq23/bbox_seq23/seq8_C6_3440.txt,1,1.00 B,,,OK,0
PolypGen,data/external/PolypGen/PolypGen2021_MultiCenterData_v3/sequenceData/positive/seq23/bbox_seq23/seq8_C6_3520.txt,23,23.00 B,,,OK,0
PolypGen,data/external/PolypGen/PolypGen2021_MultiCenterData_v3/sequenceData/positive/seq23/bbox_seq23/seq8_C6_3600.txt,23,23.00 B,,,OK,0
PolypGen,data/external/PolypGen/PolypGen2021_MultiCenterData_v3/sequenceData/positive/seq23/bbox_seq23/seq8_C6_3680.txt,22,22.00 B,,,OK,0
PolypGen,data/external/PolypGen/PolypGen2021_MultiCenterData_v3/sequenceData/positive/seq23/bbox_seq23/seq8_C6_3760.txt,23,23.00 B,,,OK,0
PolypGen,data/external/PolypGen/PolypGen2021_MultiCenterData_v3/sequenceData/positive/seq23/bbox_seq23/seq8_C6_3840.txt,23,23.00 B,,,OK,0
PolypGen,data/external/PolypGen/PolypGen2021_MultiCenterData_v3/sequenceData/positive/seq23/bbox_seq23/seq8_C6_3920.txt,23,23.00 B,,,OK,0
PolypGen,data/external/PolypGen/PolypGen2021_MultiCenterData_v3/sequenceData/positive/seq23/bbox_seq23/seq8_C6_400.txt,1,1.00 B,,,OK,0
PolypGen,data/external/PolypGen/PolypGen2021_MultiCenterData_v3/sequenceData/positive/seq23/bbox_seq23/seq8_C6_4000.txt,22,22.00 B,,,OK,0
PolypGen,data/external/PolypGen/PolypGen2021_MultiCenterData_v3/sequenceData/positive/seq23/bbox_seq23/seq8_C6_4080.txt,45,45.00 B,,,OK,0
PolypGen,data/external/PolypGen/PolypGen2021_MultiCenterData_v3/sequenceData/positive/seq23/bbox_seq23/seq8_C6_4160.txt,22,22.00 B,,,OK,0
PolypGen,data/external/PolypGen/PolypGen2021_MultiCenterData_v3/sequenceData/positive/seq23/bbox_seq23/seq8_C6_4240.txt,23,23.00 B,,,OK,0
PolypGen,data/external/PolypGen/PolypGen2021_MultiCenterData_v3/sequenceData/positive/seq23/bbox_seq23/seq8_C6_4320.txt,23,23.00 B,,,OK,0
PolypGen,data/external/PolypGen/PolypGen2021_MultiCenterData_v3/sequenceData/positive/seq23/bbox_seq23/seq8_C6_4400.txt,24,24.00 B,,,OK,0
PolypGen,data/external/PolypGen/PolypGen2021_MultiCenterData_v3/sequenceData/positive/seq23/bbox_seq23/seq8_C6_480.txt,22,22.00 B,,,OK,0
PolypGen,data/external/PolypGen/PolypGen2021_MultiCenterData_v3/sequenceData/positive/seq23/bbox_seq23/seq8_C6_560.txt,1,1.00 B,,,OK,0
PolypGen,data/external/PolypGen/PolypGen2021_MultiCenterData_v3/sequenceData/positive/seq23/bbox_seq23/seq8_C6_640.txt,22,22.00 B,,,OK,0
PolypGen,data/external/PolypGen/PolypGen2021_MultiCenterData_v3/sequenceData/positive/seq23/bbox_seq23/seq8_C6_720.txt,22,22.00 B,,,OK,0
PolypGen,data/external/PolypGen/PolypGen2021_MultiCenterData_v3/sequenceData/positive/seq23/bbox_seq23/seq8_C6_80.txt,1,1.00 B,,,OK,0
PolypGen,data/external/PolypGen/PolypGen2021_MultiCenterData_v3/sequenceData/positive/seq23/bbox_seq23/seq8_C6_800.txt,1,1.00 B,,,OK,0
PolypGen,data/external/PolypGen/PolypGen2021_MultiCenterData_v3/sequenceData/positive/seq23/bbox_seq23/seq8_C6_880.txt,1,1.00 B,,,OK,0
PolypGen,data/external/PolypGen/PolypGen2021_MultiCenterData_v3/sequenceData/positive/seq23/bbox_seq23/seq8_C6_960.txt,22,22.00 B,,,OK,0
PolypGen,data/external/PolypGen/PolypGen2021_MultiCenterData_v3/sequenceData/positive/seq3/bbox_seq3/1_endocv2021_positive_262.txt,22,22.00 B,,,OK,0
PolypGen,data/external/PolypGen/PolypGen2021_MultiCenterData_v3/sequenceData/positive/seq3/bbox_seq3/1_endocv2021_positive_265.txt,22,22.00 B,,,OK,0
PolypGen,data/external/PolypGen/PolypGen2021_MultiCenterData_v3/sequenceData/positive/seq3/bbox_seq3/1_endocv2021_positive_266.txt,23,23.00 B,,,OK,0
PolypGen,data/external/PolypGen/PolypGen2021_MultiCenterData_v3/sequenceData/positive/seq3/bbox_seq3/1_endocv2021_positive_273.txt,23,23.00 B,,,OK,0
PolypGen,data/external/PolypGen/PolypGen2021_MultiCenterData_v3/sequenceData/positive/seq3/bbox_seq3/1_endocv2021_positive_275.txt,24,24.00 B,,,OK,0
PolypGen,data/external/PolypGen/PolypGen2021_MultiCenterData_v3/sequenceData/positive/seq3/bbox_seq3/1_endocv2021_positive_280.txt,24,24.00 B,,,OK,0
PolypGen,data/external/PolypGen/PolypGen2021_MultiCenterData_v3/sequenceData/positive/seq3/bbox_seq3/1_endocv2021_positive_294.txt,23,23.00 B,,,OK,0
PolypGen,data/external/PolypGen/PolypGen2021_MultiCenterData_v3/sequenceData/positive/seq3/bbox_seq3/1_endocv2021_positive_296.txt,23,23.00 B,,,OK,0
PolypGen,data/external/PolypGen/PolypGen2021_MultiCenterData_v3/sequenceData/positive/seq3/bbox_seq3/1_endocv2021_positive_301.txt,24,24.00 B,,,OK,0
PolypGen,data/external/PolypGen/PolypGen2021_MultiCenterData_v3/sequenceData/positive/seq3/bbox_seq3/1_endocv2021_positive_303.txt,24,24.00 B,,,OK,0
PolypGen,data/external/PolypGen/PolypGen2021_MultiCenterData_v3/sequenceData/positive/seq3/bbox_seq3/1_endocv2021_positive_305.txt,25,25.00 B,,,OK,0
PolypGen,data/external/PolypGen/PolypGen2021_MultiCenterData_v3/sequenceData/positive/seq3/bbox_seq3/1_endocv2021_positive_308.txt,24,24.00 B,,,OK,0
PolypGen,data/external/PolypGen/PolypGen2021_MultiCenterData_v3/sequenceData/positive/seq3/bbox_seq3/1_endocv2021_positive_321.txt,25,25.00 B,,,OK,0
PolypGen,data/external/PolypGen/PolypGen2021_MultiCenterData_v3/sequenceData/positive/seq3/bbox_seq3/1_endocv2021_positive_323.txt,25,25.00 B,,,OK,0
PolypGen,data/external/PolypGen/PolypGen2021_MultiCenterData_v3/sequenceData/positive/seq3/bbox_seq3/1_endocv2021_positive_343.txt,73,73.00 B,,,OK,0
PolypGen,data/external/PolypGen/PolypGen2021_MultiCenterData_v3/sequenceData/positive/seq4/bbox_seq4/1_endocv2021_positive_357.txt,25,25.00 B,,,OK,0
PolypGen,data/external/PolypGen/PolypGen2021_MultiCenterData_v3/sequenceData/positive/seq4/bbox_seq4/1_endocv2021_positive_361.txt,25,25.00 B,,,OK,0
PolypGen,data/external/PolypGen/PolypGen2021_MultiCenterData_v3/sequenceData/positive/seq4/bbox_seq4/1_endocv2021_positive_368.txt,25,25.00 B,,,OK,0
PolypGen,data/external/PolypGen/PolypGen2021_MultiCenterData_v3/sequenceData/positive/seq4/bbox_seq4/1_endocv2021_positive_374.txt,25,25.00 B,,,OK,0
PolypGen,data/external/PolypGen/PolypGen2021_MultiCenterData_v3/sequenceData/positive/seq4/bbox_seq4/1_endocv2021_positive_375.txt,25,25.00 B,,,OK,0
PolypGen,data/external/PolypGen/PolypGen2021_MultiCenterData_v3/sequenceData/positive/seq4/bbox_seq4/1_endocv2021_positive_376.txt,25,25.00 B,,,OK,0
PolypGen,data/external/PolypGen/PolypGen2021_MultiCenterData_v3/sequenceData/positive/seq4/bbox_seq4/1_endocv2021_positive_381.txt,25,25.00 B,,,OK,0
PolypGen,data/external/PolypGen/PolypGen2021_MultiCenterData_v3/sequenceData/positive/seq4/bbox_seq4/1_endocv2021_positive_384.txt,25,25.00 B,,,OK,0
PolypGen,data/external/PolypGen/PolypGen2021_MultiCenterData_v3/sequenceData/positive/seq4/bbox_seq4/1_endocv2021_positive_387.txt,25,25.00 B,,,OK,0
PolypGen,data/external/PolypGen/PolypGen2021_MultiCenterData_v3/sequenceData/positive/seq4/bbox_seq4/1_endocv2021_positive_393.txt,25,25.00 B,,,OK,0
PolypGen,data/external/PolypGen/PolypGen2021_MultiCenterData_v3/sequenceData/positive/seq4/bbox_seq4/1_endocv2021_positive_394.txt,25,25.00 B,,,OK,0
PolypGen,data/external/PolypGen/PolypGen2021_MultiCenterData_v3/sequenceData/positive/seq4/bbox_seq4/1_endocv2021_positive_396.txt,25,25.00 B,,,OK,0
PolypGen,data/external/PolypGen/PolypGen2021_MultiCenterData_v3/sequenceData/positive/seq4/bbox_seq4/1_endocv2021_positive_398.txt,25,25.00 B,,,OK,0
PolypGen,data/external/PolypGen/PolypGen2021_MultiCenterData_v3/sequenceData/positive/seq4/bbox_seq4/1_endocv2021_positive_399.txt,25,25.00 B,,,OK,0
PolypGen,data/external/PolypGen/PolypGen2021_MultiCenterData_v3/sequenceData/positive/seq4/bbox_seq4/1_endocv2021_positive_400.txt,25,25.00 B,,,OK,0
PolypGen,data/external/PolypGen/PolypGen2021_MultiCenterData_v3/sequenceData/positive/seq4/bbox_seq4/1_endocv2021_positive_407.txt,25,25.00 B,,,OK,0
PolypGen,data/external/PolypGen/PolypGen2021_MultiCenterData_v3/sequenceData/positive/seq4/bbox_seq4/1_endocv2021_positive_409.txt,26,26.00 B,,,OK,0
PolypGen,data/external/PolypGen/PolypGen2021_MultiCenterData_v3/sequenceData/positive/seq4/bbox_seq4/1_endocv2021_positive_413.txt,1,1.00 B,,,OK,0
PolypGen,data/external/PolypGen/PolypGen2021_MultiCenterData_v3/sequenceData/positive/seq4/bbox_seq4/1_endocv2021_positive_415.txt,1,1.00 B,,,OK,0
PolypGen,data/external/PolypGen/PolypGen2021_MultiCenterData_v3/sequenceData/positive/seq4/bbox_seq4/1_endocv2021_positive_423.txt,24,24.00 B,,,OK,0
PolypGen,data/external/PolypGen/PolypGen2021_MultiCenterData_v3/sequenceData/positive/seq4/bbox_seq4/1_endocv2021_positive_424.txt,24,24.00 B,,,OK,0
PolypGen,data/external/PolypGen/PolypGen2021_MultiCenterData_v3/sequenceData/positive/seq4/bbox_seq4/1_endocv2021_positive_441.txt,22,22.00 B,,,OK,0
PolypGen,data/external/PolypGen/PolypGen2021_MultiCenterData_v3/sequenceData/positive/seq4/bbox_seq4/1_endocv2021_positive_445.txt,22,22.00 B,,,OK,0
PolypGen,data/external/PolypGen/PolypGen2021_MultiCenterData_v3/sequenceData/positive/seq4/bbox_seq4/1_endocv2021_positive_449.txt,22,22.00 B,,,OK,0
PolypGen,data/external/PolypGen/PolypGen2021_MultiCenterData_v3/sequenceData/positive/seq4/bbox_seq4/1_endocv2021_positive_452.txt,24,24.00 B,,,OK,0
PolypGen,data/external/PolypGen/PolypGen2021_MultiCenterData_v3/sequenceData/positive/seq4/bbox_seq4/1_endocv2021_positive_455.txt,24,24.00 B,,,OK,0
PolypGen,data/external/PolypGen/PolypGen2021_MultiCenterData_v3/sequenceData/positive/seq4/bbox_seq4/1_endocv2021_positive_458.txt,24,24.00 B,,,OK,0
PolypGen,data/external/PolypGen/PolypGen2021_MultiCenterData_v3/sequenceData/positive/seq4/bbox_seq4/1_endocv2021_positive_462.txt,24,24.00 B,,,OK,0
PolypGen,data/external/PolypGen/PolypGen2021_MultiCenterData_v3/sequenceData/positive/seq4/bbox_seq4/1_endocv2021_positive_467.txt,24,24.00 B,,,OK,0
PolypGen,data/external/PolypGen/PolypGen2021_MultiCenterData_v3/sequenceData/positive/seq4/bbox_seq4/1_endocv2021_positive_468.txt,24,24.00 B,,,OK,0
PolypGen,data/external/PolypGen/PolypGen2021_MultiCenterData_v3/sequenceData/positive/seq4/bbox_seq4/1_endocv2021_positive_472.txt,24,24.00 B,,,OK,0
PolypGen,data/external/PolypGen/PolypGen2021_MultiCenterData_v3/sequenceData/positive/seq4/bbox_seq4/1_endocv2021_positive_477.txt,24,24.00 B,,,OK,0
PolypGen,data/external/PolypGen/PolypGen2021_MultiCenterData_v3/sequenceData/positive/seq4/bbox_seq4/1_endocv2021_positive_478.txt,24,24.00 B,,,OK,0
PolypGen,data/external/PolypGen/PolypGen2021_MultiCenterData_v3/sequenceData/positive/seq4/bbox_seq4/1_endocv2021_positive_480.txt,24,24.00 B,,,OK,0
PolypGen,data/external/PolypGen/PolypGen2021_MultiCenterData_v3/sequenceData/positive/seq4/bbox_seq4/1_endocv2021_positive_481.txt,24,24.00 B,,,OK,0
PolypGen,data/external/PolypGen/PolypGen2021_MultiCenterData_v3/sequenceData/positive/seq4/bbox_seq4/1_endocv2021_positive_484.txt,24,24.00 B,,,OK,0
PolypGen,data/external/PolypGen/PolypGen2021_MultiCenterData_v3/sequenceData/positive/seq4/bbox_seq4/1_endocv2021_positive_486.txt,24,24.00 B,,,OK,0
PolypGen,data/external/PolypGen/PolypGen2021_MultiCenterData_v3/sequenceData/positive/seq4/bbox_seq4/1_endocv2021_positive_487.txt,24,24.00 B,,,OK,0
PolypGen,data/external/PolypGen/PolypGen2021_MultiCenterData_v3/sequenceData/positive/seq4/bbox_seq4/1_endocv2021_positive_493.txt,24,24.00 B,,,OK,0
PolypGen,data/external/PolypGen/PolypGen2021_MultiCenterData_v3/sequenceData/positive/seq4/bbox_seq4/1_endocv2021_positive_499.txt,24,24.00 B,,,OK,0
PolypGen,data/external/PolypGen/PolypGen2021_MultiCenterData_v3/sequenceData/positive/seq4/bbox_seq4/1_endocv2021_positive_504.txt,25,25.00 B,,,OK,0
PolypGen,data/external/PolypGen/PolypGen2021_MultiCenterData_v3/sequenceData/positive/seq4/bbox_seq4/1_endocv2021_positive_505.txt,25,25.00 B,,,OK,0
PolypGen,data/external/PolypGen/PolypGen2021_MultiCenterData_v3/sequenceData/positive/seq4/bbox_seq4/1_endocv2021_positive_513.txt,24,24.00 B,,,OK,0
PolypGen,data/external/PolypGen/PolypGen2021_MultiCenterData_v3/sequenceData/positive/seq4/bbox_seq4/1_endocv2021_positive_517.txt,24,24.00 B,,,OK,0
PolypGen,data/external/PolypGen/PolypGen2021_MultiCenterData_v3/sequenceData/positive/seq4/bbox_seq4/1_endocv2021_positive_518.txt,24,24.00 B,,,OK,0
PolypGen,data/external/PolypGen/PolypGen2021_MultiCenterData_v3/sequenceData/positive/seq4/bbox_seq4/1_endocv2021_positive_524.txt,24,24.00 B,,,OK,0
PolypGen,data/external/PolypGen/PolypGen2021_MultiCenterData_v3/sequenceData/positive/seq4/bbox_seq4/1_endocv2021_positive_528.txt,24,24.00 B,,,OK,0
PolypGen,data/external/PolypGen/PolypGen2021_MultiCenterData_v3/sequenceData/positive/seq4/bbox_seq4/1_endocv2021_positive_529.txt,25,25.00 B,,,OK,0
PolypGen,data/external/PolypGen/PolypGen2021_MultiCenterData_v3/sequenceData/positive/seq5/bbox_seq5/EndoCV2021_seq5_0.txt,22,22.00 B,,,OK,0
PolypGen,data/external/PolypGen/PolypGen2021_MultiCenterData_v3/sequenceData/positive/seq5/bbox_seq5/EndoCV2021_seq5_100.txt,23,23.00 B,,,OK,0
PolypGen,data/external/PolypGen/PolypGen2021_MultiCenterData_v3/sequenceData/positive/seq5/bbox_seq5/EndoCV2021_seq5_104.txt,23,23.00 B,,,OK,0
PolypGen,data/external/PolypGen/PolypGen2021_MultiCenterData_v3/sequenceData/positive/seq5/bbox_seq5/EndoCV2021_seq5_108.txt,23,23.00 B,,,OK,0
PolypGen,data/external/PolypGen/PolypGen2021_MultiCenterData_v3/sequenceData/positive/seq5/bbox_seq5/EndoCV2021_seq5_112.txt,23,23.00 B,,,OK,0
PolypGen,data/external/PolypGen/PolypGen2021_MultiCenterData_v3/sequenceData/positive/seq5/bbox_seq5/EndoCV2021_seq5_116.txt,23,23.00 B,,,OK,0
PolypGen,data/external/PolypGen/PolypGen2021_MultiCenterData_v3/sequenceData/positive/seq5/bbox_seq5/EndoCV2021_seq5_12.txt,22,22.00 B,,,OK,0
PolypGen,data/external/PolypGen/PolypGen2021_MultiCenterData_v3/sequenceData/positive/seq5/bbox_seq5/EndoCV2021_seq5_120.txt,23,23.00 B,,,OK,0
PolypGen,data/external/PolypGen/PolypGen2021_MultiCenterData_v3/sequenceData/positive/seq5/bbox_seq5/EndoCV2021_seq5_124.txt,23,23.00 B,,,OK,0
PolypGen,data/external/PolypGen/PolypGen2021_MultiCenterData_v3/sequenceData/positive/seq5/bbox_seq5/EndoCV2021_seq5_128.txt,23,23.00 B,,,OK,0
PolypGen,data/external/PolypGen/PolypGen2021_MultiCenterData_v3/sequenceData/positive/seq5/bbox_seq5/EndoCV2021_seq5_132.txt,23,23.00 B,,,OK,0
PolypGen,data/external/PolypGen/PolypGen2021_MultiCenterData_v3/sequenceData/positive/seq5/bbox_seq5/EndoCV2021_seq5_136.txt,23,23.00 B,,,OK,0
PolypGen,data/external/PolypGen/PolypGen2021_MultiCenterData_v3/sequenceData/positive/seq5/bbox_seq5/EndoCV2021_seq5_140.txt,23,23.00 B,,,OK,0
PolypGen,data/external/PolypGen/PolypGen2021_MultiCenterData_v3/sequenceData/positive/seq5/bbox_seq5/EndoCV2021_seq5_144.txt,23,23.00 B,,,OK,0
PolypGen,data/external/PolypGen/PolypGen2021_MultiCenterData_v3/sequenceData/positive/seq5/bbox_seq5/EndoCV2021_seq5_148.txt,23,23.00 B,,,OK,0
PolypGen,data/external/PolypGen/PolypGen2021_MultiCenterData_v3/sequenceData/positive/seq5/bbox_seq5/EndoCV2021_seq5_152.txt,23,23.00 B,,,OK,0
PolypGen,data/external/PolypGen/PolypGen2021_MultiCenterData_v3/sequenceData/positive/seq5/bbox_seq5/EndoCV2021_seq5_156.txt,23,23.00 B,,,OK,0
PolypGen,data/external/PolypGen/PolypGen2021_MultiCenterData_v3/sequenceData/positive/seq5/bbox_seq5/EndoCV2021_seq5_16.txt,22,22.00 B,,,OK,0
PolypGen,data/external/PolypGen/PolypGen2021_MultiCenterData_v3/sequenceData/positive/seq5/bbox_seq5/EndoCV2021_seq5_160.txt,23,23.00 B,,,OK,0
PolypGen,data/external/PolypGen/PolypGen2021_MultiCenterData_v3/sequenceData/positive/seq5/bbox_seq5/EndoCV2021_seq5_164.txt,23,23.00 B,,,OK,0
PolypGen,data/external/PolypGen/PolypGen2021_MultiCenterData_v3/sequenceData/positive/seq5/bbox_seq5/EndoCV2021_seq5_168.txt,24,24.00 B,,,OK,0
PolypGen,data/external/PolypGen/PolypGen2021_MultiCenterData_v3/sequenceData/positive/seq5/bbox_seq5/EndoCV2021_seq5_172.txt,24,24.00 B,,,OK,0
PolypGen,data/external/PolypGen/PolypGen2021_MultiCenterData_v3/sequenceData/positive/seq5/bbox_seq5/EndoCV2021_seq5_176.txt,24,24.00 B,,,OK,0
PolypGen,data/external/PolypGen/PolypGen2021_MultiCenterData_v3/sequenceData/positive/seq5/bbox_seq5/EndoCV2021_seq5_180.txt,24,24.00 B,,,OK,0
PolypGen,data/external/PolypGen/PolypGen2021_MultiCenterData_v3/sequenceData/positive/seq5/bbox_seq5/EndoCV2021_seq5_184.txt,24,24.00 B,,,OK,0
PolypGen,data/external/PolypGen/PolypGen2021_MultiCenterData_v3/sequenceData/positive/seq5/bbox_seq5/EndoCV2021_seq5_188.txt,24,24.00 B,,,OK,0
PolypGen,data/external/PolypGen/PolypGen2021_MultiCenterData_v3/sequenceData/positive/seq5/bbox_seq5/EndoCV2021_seq5_192.txt,24,24.00 B,,,OK,0
PolypGen,data/external/PolypGen/PolypGen2021_MultiCenterData_v3/sequenceData/positive/seq5/bbox_seq5/EndoCV2021_seq5_196.txt,24,24.00 B,,,OK,0
PolypGen,data/external/PolypGen/PolypGen2021_MultiCenterData_v3/sequenceData/positive/seq5/bbox_seq5/EndoCV2021_seq5_20.txt,22,22.00 B,,,OK,0
PolypGen,data/external/PolypGen/PolypGen2021_MultiCenterData_v3/sequenceData/positive/seq5/bbox_seq5/EndoCV2021_seq5_200.txt,24,24.00 B,,,OK,0
PolypGen,data/external/PolypGen/PolypGen2021_MultiCenterData_v3/sequenceData/positive/seq5/bbox_seq5/EndoCV2021_seq5_204.txt,24,24.00 B,,,OK,0
PolypGen,data/external/PolypGen/PolypGen2021_MultiCenterData_v3/sequenceData/positive/seq5/bbox_seq5/EndoCV2021_seq5_208.txt,24,24.00 B,,,OK,0
PolypGen,data/external/PolypGen/PolypGen2021_MultiCenterData_v3/sequenceData/positive/seq5/bbox_seq5/EndoCV2021_seq5_212.txt,24,24.00 B,,,OK,0
PolypGen,data/external/PolypGen/PolypGen2021_MultiCenterData_v3/sequenceData/positive/seq5/bbox_seq5/EndoCV2021_seq5_216.txt,24,24.00 B,,,OK,0
PolypGen,data/external/PolypGen/PolypGen2021_MultiCenterData_v3/sequenceData/positive/seq5/bbox_seq5/EndoCV2021_seq5_220.txt,24,24.00 B,,,OK,0
PolypGen,data/external/PolypGen/PolypGen2021_MultiCenterData_v3/sequenceData/positive/seq5/bbox_seq5/EndoCV2021_seq5_224.txt,24,24.00 B,,,OK,0
PolypGen,data/external/PolypGen/PolypGen2021_MultiCenterData_v3/sequenceData/positive/seq5/bbox_seq5/EndoCV2021_seq5_228.txt,24,24.00 B,,,OK,0
PolypGen,data/external/PolypGen/PolypGen2021_MultiCenterData_v3/sequenceData/positive/seq5/bbox_seq5/EndoCV2021_seq5_232.txt,24,24.00 B,,,OK,0
PolypGen,data/external/PolypGen/PolypGen2021_MultiCenterData_v3/sequenceData/positive/seq5/bbox_seq5/EndoCV2021_seq5_236.txt,24,24.00 B,,,OK,0
PolypGen,data/external/PolypGen/PolypGen2021_MultiCenterData_v3/sequenceData/positive/seq5/bbox_seq5/EndoCV2021_seq5_24.txt,22,22.00 B,,,OK,0
PolypGen,data/external/PolypGen/PolypGen2021_MultiCenterData_v3/sequenceData/positive/seq5/bbox_seq5/EndoCV2021_seq5_240.txt,24,24.00 B,,,OK,0
PolypGen,data/external/PolypGen/PolypGen2021_MultiCenterData_v3/sequenceData/positive/seq5/bbox_seq5/EndoCV2021_seq5_244.txt,24,24.00 B,,,OK,0
PolypGen,data/external/PolypGen/PolypGen2021_MultiCenterData_v3/sequenceData/positive/seq5/bbox_seq5/EndoCV2021_seq5_248.txt,24,24.00 B,,,OK,0
PolypGen,data/external/PolypGen/PolypGen2021_MultiCenterData_v3/sequenceData/positive/seq5/bbox_seq5/EndoCV2021_seq5_252.txt,24,24.00 B,,,OK,0
PolypGen,data/external/PolypGen/PolypGen2021_MultiCenterData_v3/sequenceData/positive/seq5/bbox_seq5/EndoCV2021_seq5_256.txt,24,24.00 B,,,OK,0
PolypGen,data/external/PolypGen/PolypGen2021_MultiCenterData_v3/sequenceData/positive/seq5/bbox_seq5/EndoCV2021_seq5_260.txt,23,23.00 B,,,OK,0
PolypGen,data/external/PolypGen/PolypGen2021_MultiCenterData_v3/sequenceData/positive/seq5/bbox_seq5/EndoCV2021_seq5_264.txt,24,24.00 B,,,OK,0
PolypGen,data/external/PolypGen/PolypGen2021_MultiCenterData_v3/sequenceData/positive/seq5/bbox_seq5/EndoCV2021_seq5_268.txt,23,23.00 B,,,OK,0
PolypGen,data/external/PolypGen/PolypGen2021_MultiCenterData_v3/sequenceData/positive/seq5/bbox_seq5/EndoCV2021_seq5_272.txt,23,23.00 B,,,OK,0
PolypGen,data/external/PolypGen/PolypGen2021_MultiCenterData_v3/sequenceData/positive/seq5/bbox_seq5/EndoCV2021_seq5_276.txt,23,23.00 B,,,OK,0
PolypGen,data/external/PolypGen/PolypGen2021_MultiCenterData_v3/sequenceData/positive/seq5/bbox_seq5/EndoCV2021_seq5_28.txt,22,22.00 B,,,OK,0
PolypGen,data/external/PolypGen/PolypGen2021_MultiCenterData_v3/sequenceData/positive/seq5/bbox_seq5/EndoCV2021_seq5_280.txt,23,23.00 B,,,OK,0
PolypGen,data/external/PolypGen/PolypGen2021_MultiCenterData_v3/sequenceData/positive/seq5/bbox_seq5/EndoCV2021_seq5_284.txt,23,23.00 B,,,OK,0
PolypGen,data/external/PolypGen/PolypGen2021_MultiCenterData_v3/sequenceData/positive/seq5/bbox_seq5/EndoCV2021_seq5_288.txt,23,23.00 B,,,OK,0
PolypGen,data/external/PolypGen/PolypGen2021_MultiCenterData_v3/sequenceData/positive/seq5/bbox_seq5/EndoCV2021_seq5_292.txt,23,23.00 B,,,OK,0
PolypGen,data/external/PolypGen/PolypGen2021_MultiCenterData_v3/sequenceData/positive/seq5/bbox_seq5/EndoCV2021_seq5_296.txt,23,23.00 B,,,OK,0
PolypGen,data/external/PolypGen/PolypGen2021_MultiCenterData_v3/sequenceData/positive/seq5/bbox_seq5/EndoCV2021_seq5_300.txt,23,23.00 B,,,OK,0
PolypGen,data/external/PolypGen/PolypGen2021_MultiCenterData_v3/sequenceData/positive/seq5/bbox_seq5/EndoCV2021_seq5_304.txt,23,23.00 B,,,OK,0
PolypGen,data/external/PolypGen/PolypGen2021_MultiCenterData_v3/sequenceData/positive/seq5/bbox_seq5/EndoCV2021_seq5_308.txt,23,23.00 B,,,OK,0
PolypGen,data/external/PolypGen/PolypGen2021_MultiCenterData_v3/sequenceData/positive/seq5/bbox_seq5/EndoCV2021_seq5_312.txt,23,23.00 B,,,OK,0
PolypGen,data/external/PolypGen/PolypGen2021_MultiCenterData_v3/sequenceData/positive/seq5/bbox_seq5/EndoCV2021_seq5_316.txt,23,23.00 B,,,OK,0
PolypGen,data/external/PolypGen/PolypGen2021_MultiCenterData_v3/sequenceData/positive/seq5/bbox_seq5/EndoCV2021_seq5_32.txt,22,22.00 B,,,OK,0
PolypGen,data/external/PolypGen/PolypGen2021_MultiCenterData_v3/sequenceData/positive/seq5/bbox_seq5/EndoCV2021_seq5_320.txt,23,23.00 B,,,OK,0
PolypGen,data/external/PolypGen/PolypGen2021_MultiCenterData_v3/sequenceData/positive/seq5/bbox_seq5/EndoCV2021_seq5_324.txt,1,1.00 B,,,OK,0
PolypGen,data/external/PolypGen/PolypGen2021_MultiCenterData_v3/sequenceData/positive/seq5/bbox_seq5/EndoCV2021_seq5_328.txt,1,1.00 B,,,OK,0
PolypGen,data/external/PolypGen/PolypGen2021_MultiCenterData_v3/sequenceData/positive/seq5/bbox_seq5/EndoCV2021_seq5_332.txt,1,1.00 B,,,OK,0
PolypGen,data/external/PolypGen/PolypGen2021_MultiCenterData_v3/sequenceData/positive/seq5/bbox_seq5/EndoCV2021_seq5_336.txt,1,1.00 B,,,OK,0
PolypGen,data/external/PolypGen/PolypGen2021_MultiCenterData_v3/sequenceData/positive/seq5/bbox_seq5/EndoCV2021_seq5_340.txt,1,1.00 B,,,OK,0
PolypGen,data/external/PolypGen/PolypGen2021_MultiCenterData_v3/sequenceData/positive/seq5/bbox_seq5/EndoCV2021_seq5_344.txt,1,1.00 B,,,OK,0
PolypGen,data/external/PolypGen/PolypGen2021_MultiCenterData_v3/sequenceData/positive/seq5/bbox_seq5/EndoCV2021_seq5_348.txt,1,1.00 B,,,OK,0
PolypGen,data/external/PolypGen/PolypGen2021_MultiCenterData_v3/sequenceData/positive/seq5/bbox_seq5/EndoCV2021_seq5_352.txt,1,1.00 B,,,OK,0
PolypGen,data/external/PolypGen/PolypGen2021_MultiCenterData_v3/sequenceData/positive/seq5/bbox_seq5/EndoCV2021_seq5_356.txt,1,1.00 B,,,OK,0
PolypGen,data/external/PolypGen/PolypGen2021_MultiCenterData_v3/sequenceData/positive/seq5/bbox_seq5/EndoCV2021_seq5_36.txt,22,22.00 B,,,OK,0
PolypGen,data/external/PolypGen/PolypGen2021_MultiCenterData_v3/sequenceData/positive/seq5/bbox_seq5/EndoCV2021_seq5_360.txt,1,1.00 B,,,OK,0
PolypGen,data/external/PolypGen/PolypGen2021_MultiCenterData_v3/sequenceData/positive/seq5/bbox_seq5/EndoCV2021_seq5_364.txt,1,1.00 B,,,OK,0
PolypGen,data/external/PolypGen/PolypGen2021_MultiCenterData_v3/sequenceData/positive/seq5/bbox_seq5/EndoCV2021_seq5_368.txt,24,24.00 B,,,OK,0
PolypGen,data/external/PolypGen/PolypGen2021_MultiCenterData_v3/sequenceData/positive/seq5/bbox_seq5/EndoCV2021_seq5_372.txt,24,24.00 B,,,OK,0
PolypGen,data/external/PolypGen/PolypGen2021_MultiCenterData_v3/sequenceData/positive/seq5/bbox_seq5/EndoCV2021_seq5_376.txt,24,24.00 B,,,OK,0
PolypGen,data/external/PolypGen/PolypGen2021_MultiCenterData_v3/sequenceData/positive/seq5/bbox_seq5/EndoCV2021_seq5_380.txt,24,24.00 B,,,OK,0
PolypGen,data/external/PolypGen/PolypGen2021_MultiCenterData_v3/sequenceData/positive/seq5/bbox_seq5/EndoCV2021_seq5_384.txt,24,24.00 B,,,OK,0
PolypGen,data/external/PolypGen/PolypGen2021_MultiCenterData_v3/sequenceData/positive/seq5/bbox_seq5/EndoCV2021_seq5_388.txt,24,24.00 B,,,OK,0
PolypGen,data/external/PolypGen/PolypGen2021_MultiCenterData_v3/sequenceData/positive/seq5/bbox_seq5/EndoCV2021_seq5_392.txt,24,24.00 B,,,OK,0
PolypGen,data/external/PolypGen/PolypGen2021_MultiCenterData_v3/sequenceData/positive/seq5/bbox_seq5/EndoCV2021_seq5_396.txt,24,24.00 B,,,OK,0
PolypGen,data/external/PolypGen/PolypGen2021_MultiCenterData_v3/sequenceData/positive/seq5/bbox_seq5/EndoCV2021_seq5_4.txt,22,22.00 B,,,OK,0
PolypGen,data/external/PolypGen/PolypGen2021_MultiCenterData_v3/sequenceData/positive/seq5/bbox_seq5/EndoCV2021_seq5_40.txt,22,22.00 B,,,OK,0
PolypGen,data/external/PolypGen/PolypGen2021_MultiCenterData_v3/sequenceData/positive/seq5/bbox_seq5/EndoCV2021_seq5_400.txt,24,24.00 B,,,OK,0
PolypGen,data/external/PolypGen/PolypGen2021_MultiCenterData_v3/sequenceData/positive/seq5/bbox_seq5/EndoCV2021_seq5_404.txt,24,24.00 B,,,OK,0
PolypGen,data/external/PolypGen/PolypGen2021_MultiCenterData_v3/sequenceData/positive/seq5/bbox_seq5/EndoCV2021_seq5_408.txt,24,24.00 B,,,OK,0
PolypGen,data/external/PolypGen/PolypGen2021_MultiCenterData_v3/sequenceData/positive/seq5/bbox_seq5/EndoCV2021_seq5_412.txt,24,24.00 B,,,OK,0
PolypGen,data/external/PolypGen/PolypGen2021_MultiCenterData_v3/sequenceData/positive/seq5/bbox_seq5/EndoCV2021_seq5_416.txt,24,24.00 B,,,OK,0
PolypGen,data/external/PolypGen/PolypGen2021_MultiCenterData_v3/sequenceData/positive/seq5/bbox_seq5/EndoCV2021_seq5_420.txt,24,24.00 B,,,OK,0
PolypGen,data/external/PolypGen/PolypGen2021_MultiCenterData_v3/sequenceData/positive/seq5/bbox_seq5/EndoCV2021_seq5_424.txt,24,24.00 B,,,OK,0
PolypGen,data/external/PolypGen/PolypGen2021_MultiCenterData_v3/sequenceData/positive/seq5/bbox_seq5/EndoCV2021_seq5_428.txt,24,24.00 B,,,OK,0
PolypGen,data/external/PolypGen/PolypGen2021_MultiCenterData_v3/sequenceData/positive/seq5/bbox_seq5/EndoCV2021_seq5_432.txt,24,24.00 B,,,OK,0
PolypGen,data/external/PolypGen/PolypGen2021_MultiCenterData_v3/sequenceData/positive/seq5/bbox_seq5/EndoCV2021_seq5_436.txt,24,24.00 B,,,OK,0
PolypGen,data/external/PolypGen/PolypGen2021_MultiCenterData_v3/sequenceData/positive/seq5/bbox_seq5/EndoCV2021_seq5_44.txt,23,23.00 B,,,OK,0
PolypGen,data/external/PolypGen/PolypGen2021_MultiCenterData_v3/sequenceData/positive/seq5/bbox_seq5/EndoCV2021_seq5_440.txt,24,24.00 B,,,OK,0
PolypGen,data/external/PolypGen/PolypGen2021_MultiCenterData_v3/sequenceData/positive/seq5/bbox_seq5/EndoCV2021_seq5_444.txt,23,23.00 B,,,OK,0
PolypGen,data/external/PolypGen/PolypGen2021_MultiCenterData_v3/sequenceData/positive/seq5/bbox_seq5/EndoCV2021_seq5_448.txt,22,22.00 B,,,OK,0
PolypGen,data/external/PolypGen/PolypGen2021_MultiCenterData_v3/sequenceData/positive/seq5/bbox_seq5/EndoCV2021_seq5_452.txt,22,22.00 B,,,OK,0
PolypGen,data/external/PolypGen/PolypGen2021_MultiCenterData_v3/sequenceData/positive/seq5/bbox_seq5/EndoCV2021_seq5_456.txt,22,22.00 B,,,OK,0
PolypGen,data/external/PolypGen/PolypGen2021_MultiCenterData_v3/sequenceData/positive/seq5/bbox_seq5/EndoCV2021_seq5_460.txt,23,23.00 B,,,OK,0
PolypGen,data/external/PolypGen/PolypGen2021_MultiCenterData_v3/sequenceData/positive/seq5/bbox_seq5/EndoCV2021_seq5_464.txt,24,24.00 B,,,OK,0
PolypGen,data/external/PolypGen/PolypGen2021_MultiCenterData_v3/sequenceData/positive/seq5/bbox_seq5/EndoCV2021_seq5_468.txt,1,1.00 B,,,OK,0
PolypGen,data/external/PolypGen/PolypGen2021_MultiCenterData_v3/sequenceData/positive/seq5/bbox_seq5/EndoCV2021_seq5_472.txt,24,24.00 B,,,OK,0
PolypGen,data/external/PolypGen/PolypGen2021_MultiCenterData_v3/sequenceData/positive/seq5/bbox_seq5/EndoCV2021_seq5_476.txt,1,1.00 B,,,OK,0
PolypGen,data/external/PolypGen/PolypGen2021_MultiCenterData_v3/sequenceData/positive/seq5/bbox_seq5/EndoCV2021_seq5_48.txt,23,23.00 B,,,OK,0
PolypGen,data/external/PolypGen/PolypGen2021_MultiCenterData_v3/sequenceData/positive/seq5/bbox_seq5/EndoCV2021_seq5_480.txt,1,1.00 B,,,OK,0
PolypGen,data/external/PolypGen/PolypGen2021_MultiCenterData_v3/sequenceData/positive/seq5/bbox_seq5/EndoCV2021_seq5_484.txt,1,1.00 B,,,OK,0
PolypGen,data/external/PolypGen/PolypGen2021_MultiCenterData_v3/sequenceData/positive/seq5/bbox_seq5/EndoCV2021_seq5_488.txt,1,1.00 B,,,OK,0
PolypGen,data/external/PolypGen/PolypGen2021_MultiCenterData_v3/sequenceData/positive/seq5/bbox_seq5/EndoCV2021_seq5_492.txt,1,1.00 B,,,OK,0
PolypGen,data/external/PolypGen/PolypGen2021_MultiCenterData_v3/sequenceData/positive/seq5/bbox_seq5/EndoCV2021_seq5_496.txt,1,1.00 B,,,OK,0
PolypGen,data/external/PolypGen/PolypGen2021_MultiCenterData_v3/sequenceData/positive/seq5/bbox_seq5/EndoCV2021_seq5_500.txt,1,1.00 B,,,OK,0
PolypGen,data/external/PolypGen/PolypGen2021_MultiCenterData_v3/sequenceData/positive/seq5/bbox_seq5/EndoCV2021_seq5_504.txt,1,1.00 B,,,OK,0
PolypGen,data/external/PolypGen/PolypGen2021_MultiCenterData_v3/sequenceData/positive/seq5/bbox_seq5/EndoCV2021_seq5_508.txt,1,1.00 B,,,OK,0
PolypGen,data/external/PolypGen/PolypGen2021_MultiCenterData_v3/sequenceData/positive/seq5/bbox_seq5/EndoCV2021_seq5_512.txt,1,1.00 B,,,OK,0
PolypGen,data/external/PolypGen/PolypGen2021_MultiCenterData_v3/sequenceData/positive/seq5/bbox_seq5/EndoCV2021_seq5_516.txt,1,1.00 B,,,OK,0
PolypGen,data/external/PolypGen/PolypGen2021_MultiCenterData_v3/sequenceData/positive/seq5/bbox_seq5/EndoCV2021_seq5_52.txt,23,23.00 B,,,OK,0
PolypGen,data/external/PolypGen/PolypGen2021_MultiCenterData_v3/sequenceData/positive/seq5/bbox_seq5/EndoCV2021_seq5_520.txt,1,1.00 B,,,OK,0
PolypGen,data/external/PolypGen/PolypGen2021_MultiCenterData_v3/sequenceData/positive/seq5/bbox_seq5/EndoCV2021_seq5_524.txt,1,1.00 B,,,OK,0
PolypGen,data/external/PolypGen/PolypGen2021_MultiCenterData_v3/sequenceData/positive/seq5/bbox_seq5/EndoCV2021_seq5_528.txt,1,1.00 B,,,OK,0
PolypGen,data/external/PolypGen/PolypGen2021_MultiCenterData_v3/sequenceData/positive/seq5/bbox_seq5/EndoCV2021_seq5_532.txt,1,1.00 B,,,OK,0
PolypGen,data/external/PolypGen/PolypGen2021_MultiCenterData_v3/sequenceData/positive/seq5/bbox_seq5/EndoCV2021_seq5_536.txt,1,1.00 B,,,OK,0
PolypGen,data/external/PolypGen/PolypGen2021_MultiCenterData_v3/sequenceData/positive/seq5/bbox_seq5/EndoCV2021_seq5_540.txt,1,1.00 B,,,OK,0
PolypGen,data/external/PolypGen/PolypGen2021_MultiCenterData_v3/sequenceData/positive/seq5/bbox_seq5/EndoCV2021_seq5_544.txt,1,1.00 B,,,OK,0
PolypGen,data/external/PolypGen/PolypGen2021_MultiCenterData_v3/sequenceData/positive/seq5/bbox_seq5/EndoCV2021_seq5_548.txt,1,1.00 B,,,OK,0
PolypGen,data/external/PolypGen/PolypGen2021_MultiCenterData_v3/sequenceData/positive/seq5/bbox_seq5/EndoCV2021_seq5_552.txt,1,1.00 B,,,OK,0
PolypGen,data/external/PolypGen/PolypGen2021_MultiCenterData_v3/sequenceData/positive/seq5/bbox_seq5/EndoCV2021_seq5_556.txt,1,1.00 B,,,OK,0
PolypGen,data/external/PolypGen/PolypGen2021_MultiCenterData_v3/sequenceData/positive/seq5/bbox_seq5/EndoCV2021_seq5_56.txt,23,23.00 B,,,OK,0
PolypGen,data/external/PolypGen/PolypGen2021_MultiCenterData_v3/sequenceData/positive/seq5/bbox_seq5/EndoCV2021_seq5_560.txt,1,1.00 B,,,OK,0
PolypGen,data/external/PolypGen/PolypGen2021_MultiCenterData_v3/sequenceData/positive/seq5/bbox_seq5/EndoCV2021_seq5_564.txt,1,1.00 B,,,OK,0
PolypGen,data/external/PolypGen/PolypGen2021_MultiCenterData_v3/sequenceData/positive/seq5/bbox_seq5/EndoCV2021_seq5_568.txt,1,1.00 B,,,OK,0
PolypGen,data/external/PolypGen/PolypGen2021_MultiCenterData_v3/sequenceData/positive/seq5/bbox_seq5/EndoCV2021_seq5_572.txt,1,1.00 B,,,OK,0
PolypGen,data/external/PolypGen/PolypGen2021_MultiCenterData_v3/sequenceData/positive/seq5/bbox_seq5/EndoCV2021_seq5_576.txt,1,1.00 B,,,OK,0
PolypGen,data/external/PolypGen/PolypGen2021_MultiCenterData_v3/sequenceData/positive/seq5/bbox_seq5/EndoCV2021_seq5_580.txt,1,1.00 B,,,OK,0
PolypGen,data/external/PolypGen/PolypGen2021_MultiCenterData_v3/sequenceData/positive/seq5/bbox_seq5/EndoCV2021_seq5_584.txt,1,1.00 B,,,OK,0
PolypGen,data/external/PolypGen/PolypGen2021_MultiCenterData_v3/sequenceData/positive/seq5/bbox_seq5/EndoCV2021_seq5_588.txt,1,1.00 B,,,OK,0
PolypGen,data/external/PolypGen/PolypGen2021_MultiCenterData_v3/sequenceData/positive/seq5/bbox_seq5/EndoCV2021_seq5_592.txt,1,1.00 B,,,OK,0
PolypGen,data/external/PolypGen/PolypGen2021_MultiCenterData_v3/sequenceData/positive/seq5/bbox_seq5/EndoCV2021_seq5_596.txt,1,1.00 B,,,OK,0
PolypGen,data/external/PolypGen/PolypGen2021_MultiCenterData_v3/sequenceData/positive/seq5/bbox_seq5/EndoCV2021_seq5_60.txt,22,22.00 B,,,OK,0
PolypGen,data/external/PolypGen/PolypGen2021_MultiCenterData_v3/sequenceData/positive/seq5/bbox_seq5/EndoCV2021_seq5_600.txt,1,1.00 B,,,OK,0
PolypGen,data/external/PolypGen/PolypGen2021_MultiCenterData_v3/sequenceData/positive/seq5/bbox_seq5/EndoCV2021_seq5_604.txt,1,1.00 B,,,OK,0
PolypGen,data/external/PolypGen/PolypGen2021_MultiCenterData_v3/sequenceData/positive/seq5/bbox_seq5/EndoCV2021_seq5_608.txt,1,1.00 B,,,OK,0
PolypGen,data/external/PolypGen/PolypGen2021_MultiCenterData_v3/sequenceData/positive/seq5/bbox_seq5/EndoCV2021_seq5_612.txt,1,1.00 B,,,OK,0
PolypGen,data/external/PolypGen/PolypGen2021_MultiCenterData_v3/sequenceData/positive/seq5/bbox_seq5/EndoCV2021_seq5_616.txt,1,1.00 B,,,OK,0
PolypGen,data/external/PolypGen/PolypGen2021_MultiCenterData_v3/sequenceData/positive/seq5/bbox_seq5/EndoCV2021_seq5_620.txt,1,1.00 B,,,OK,0
PolypGen,data/external/PolypGen/PolypGen2021_MultiCenterData_v3/sequenceData/positive/seq5/bbox_seq5/EndoCV2021_seq5_624.txt,1,1.00 B,,,OK,0
PolypGen,data/external/PolypGen/PolypGen2021_MultiCenterData_v3/sequenceData/positive/seq5/bbox_seq5/EndoCV2021_seq5_628.txt,24,24.00 B,,,OK,0
PolypGen,data/external/PolypGen/PolypGen2021_MultiCenterData_v3/sequenceData/positive/seq5/bbox_seq5/EndoCV2021_seq5_632.txt,24,24.00 B,,,OK,0
PolypGen,data/external/PolypGen/PolypGen2021_MultiCenterData_v3/sequenceData/positive/seq5/bbox_seq5/EndoCV2021_seq5_636.txt,24,24.00 B,,,OK,0
PolypGen,data/external/PolypGen/PolypGen2021_MultiCenterData_v3/sequenceData/positive/seq5/bbox_seq5/EndoCV2021_seq5_64.txt,22,22.00 B,,,OK,0
PolypGen,data/external/PolypGen/PolypGen2021_MultiCenterData_v3/sequenceData/positive/seq5/bbox_seq5/EndoCV2021_seq5_640.txt,24,24.00 B,,,OK,0
PolypGen,data/external/PolypGen/PolypGen2021_MultiCenterData_v3/sequenceData/positive/seq5/bbox_seq5/EndoCV2021_seq5_644.txt,24,24.00 B,,,OK,0
PolypGen,data/external/PolypGen/PolypGen2021_MultiCenterData_v3/sequenceData/positive/seq5/bbox_seq5/EndoCV2021_seq5_648.txt,24,24.00 B,,,OK,0
PolypGen,data/external/PolypGen/PolypGen2021_MultiCenterData_v3/sequenceData/positive/seq5/bbox_seq5/EndoCV2021_seq5_652.txt,24,24.00 B,,,OK,0
PolypGen,data/external/PolypGen/PolypGen2021_MultiCenterData_v3/sequenceData/positive/seq5/bbox_seq5/EndoCV2021_seq5_656.txt,24,24.00 B,,,OK,0
PolypGen,data/external/PolypGen/PolypGen2021_MultiCenterData_v3/sequenceData/positive/seq5/bbox_seq5/EndoCV2021_seq5_660.txt,24,24.00 B,,,OK,0
PolypGen,data/external/PolypGen/PolypGen2021_MultiCenterData_v3/sequenceData/positive/seq5/bbox_seq5/EndoCV2021_seq5_664.txt,24,24.00 B,,,OK,0
PolypGen,data/external/PolypGen/PolypGen2021_MultiCenterData_v3/sequenceData/positive/seq5/bbox_seq5/EndoCV2021_seq5_668.txt,24,24.00 B,,,OK,0
PolypGen,data/external/PolypGen/PolypGen2021_MultiCenterData_v3/sequenceData/positive/seq5/bbox_seq5/EndoCV2021_seq5_672.txt,24,24.00 B,,,OK,0
PolypGen,data/external/PolypGen/PolypGen2021_MultiCenterData_v3/sequenceData/positive/seq5/bbox_seq5/EndoCV2021_seq5_676.txt,24,24.00 B,,,OK,0
PolypGen,data/external/PolypGen/PolypGen2021_MultiCenterData_v3/sequenceData/positive/seq5/bbox_seq5/EndoCV2021_seq5_68.txt,23,23.00 B,,,OK,0
PolypGen,data/external/PolypGen/PolypGen2021_MultiCenterData_v3/sequenceData/positive/seq5/bbox_seq5/EndoCV2021_seq5_680.txt,72,72.00 B,,,OK,0
PolypGen,data/external/PolypGen/PolypGen2021_MultiCenterData_v3/sequenceData/positive/seq5/bbox_seq5/EndoCV2021_seq5_684.txt,23,23.00 B,,,OK,0
PolypGen,data/external/PolypGen/PolypGen2021_MultiCenterData_v3/sequenceData/positive/seq5/bbox_seq5/EndoCV2021_seq5_688.txt,23,23.00 B,,,OK,0
PolypGen,data/external/PolypGen/PolypGen2021_MultiCenterData_v3/sequenceData/positive/seq5/bbox_seq5/EndoCV2021_seq5_692.txt,23,23.00 B,,,OK,0
PolypGen,data/external/PolypGen/PolypGen2021_MultiCenterData_v3/sequenceData/positive/seq5/bbox_seq5/EndoCV2021_seq5_696.txt,23,23.00 B,,,OK,0
PolypGen,data/external/PolypGen/PolypGen2021_MultiCenterData_v3/sequenceData/positive/seq5/bbox_seq5/EndoCV2021_seq5_700.txt,24,24.00 B,,,OK,0
PolypGen,data/external/PolypGen/PolypGen2021_MultiCenterData_v3/sequenceData/positive/seq5/bbox_seq5/EndoCV2021_seq5_704.txt,24,24.00 B,,,OK,0
PolypGen,data/external/PolypGen/PolypGen2021_MultiCenterData_v3/sequenceData/positive/seq5/bbox_seq5/EndoCV2021_seq5_708.txt,24,24.00 B,,,OK,0
PolypGen,data/external/PolypGen/PolypGen2021_MultiCenterData_v3/sequenceData/positive/seq5/bbox_seq5/EndoCV2021_seq5_712.txt,24,24.00 B,,,OK,0
PolypGen,data/external/PolypGen/PolypGen2021_MultiCenterData_v3/sequenceData/positive/seq5/bbox_seq5/EndoCV2021_seq5_716.txt,24,24.00 B,,,OK,0
PolypGen,data/external/PolypGen/PolypGen2021_MultiCenterData_v3/sequenceData/positive/seq5/bbox_seq5/EndoCV2021_seq5_72.txt,23,23.00 B,,,OK,0
PolypGen,data/external/PolypGen/PolypGen2021_MultiCenterData_v3/sequenceData/positive/seq5/bbox_seq5/EndoCV2021_seq5_720.txt,24,24.00 B,,,OK,0
PolypGen,data/external/PolypGen/PolypGen2021_MultiCenterData_v3/sequenceData/positive/seq5/bbox_seq5/EndoCV2021_seq5_724.txt,24,24.00 B,,,OK,0
PolypGen,data/external/PolypGen/PolypGen2021_MultiCenterData_v3/sequenceData/positive/seq5/bbox_seq5/EndoCV2021_seq5_728.txt,24,24.00 B,,,OK,0
PolypGen,data/external/PolypGen/PolypGen2021_MultiCenterData_v3/sequenceData/positive/seq5/bbox_seq5/EndoCV2021_seq5_732.txt,1,1.00 B,,,OK,0
PolypGen,data/external/PolypGen/PolypGen2021_MultiCenterData_v3/sequenceData/positive/seq5/bbox_seq5/EndoCV2021_seq5_736.txt,24,24.00 B,,,OK,0
PolypGen,data/external/PolypGen/PolypGen2021_MultiCenterData_v3/sequenceData/positive/seq5/bbox_seq5/EndoCV2021_seq5_740.txt,24,24.00 B,,,OK,0
PolypGen,data/external/PolypGen/PolypGen2021_MultiCenterData_v3/sequenceData/positive/seq5/bbox_seq5/EndoCV2021_seq5_744.txt,24,24.00 B,,,OK,0
PolypGen,data/external/PolypGen/PolypGen2021_MultiCenterData_v3/sequenceData/positive/seq5/bbox_seq5/EndoCV2021_seq5_748.txt,24,24.00 B,,,OK,0
PolypGen,data/external/PolypGen/PolypGen2021_MultiCenterData_v3/sequenceData/positive/seq5/bbox_seq5/EndoCV2021_seq5_752.txt,23,23.00 B,,,OK,0
PolypGen,data/external/PolypGen/PolypGen2021_MultiCenterData_v3/sequenceData/positive/seq5/bbox_seq5/EndoCV2021_seq5_756.txt,23,23.00 B,,,OK,0
PolypGen,data/external/PolypGen/PolypGen2021_MultiCenterData_v3/sequenceData/positive/seq5/bbox_seq5/EndoCV2021_seq5_76.txt,23,23.00 B,,,OK,0
PolypGen,data/external/PolypGen/PolypGen2021_MultiCenterData_v3/sequenceData/positive/seq5/bbox_seq5/EndoCV2021_seq5_760.txt,21,21.00 B,,,OK,0
PolypGen,data/external/PolypGen/PolypGen2021_MultiCenterData_v3/sequenceData/positive/seq5/bbox_seq5/EndoCV2021_seq5_764.txt,22,22.00 B,,,OK,0
PolypGen,data/external/PolypGen/PolypGen2021_MultiCenterData_v3/sequenceData/positive/seq5/bbox_seq5/EndoCV2021_seq5_768.txt,22,22.00 B,,,OK,0
PolypGen,data/external/PolypGen/PolypGen2021_MultiCenterData_v3/sequenceData/positive/seq5/bbox_seq5/EndoCV2021_seq5_772.txt,22,22.00 B,,,OK,0
PolypGen,data/external/PolypGen/PolypGen2021_MultiCenterData_v3/sequenceData/positive/seq5/bbox_seq5/EndoCV2021_seq5_776.txt,23,23.00 B,,,OK,0
PolypGen,data/external/PolypGen/PolypGen2021_MultiCenterData_v3/sequenceData/positive/seq5/bbox_seq5/EndoCV2021_seq5_780.txt,24,24.00 B,,,OK,0
PolypGen,data/external/PolypGen/PolypGen2021_MultiCenterData_v3/sequenceData/positive/seq5/bbox_seq5/EndoCV2021_seq5_784.txt,23,23.00 B,,,OK,0
PolypGen,data/external/PolypGen/PolypGen2021_MultiCenterData_v3/sequenceData/positive/seq5/bbox_seq5/EndoCV2021_seq5_788.txt,23,23.00 B,,,OK,0
PolypGen,data/external/PolypGen/PolypGen2021_MultiCenterData_v3/sequenceData/positive/seq5/bbox_seq5/EndoCV2021_seq5_792.txt,23,23.00 B,,,OK,0
PolypGen,data/external/PolypGen/PolypGen2021_MultiCenterData_v3/sequenceData/positive/seq5/bbox_seq5/EndoCV2021_seq5_796.txt,23,23.00 B,,,OK,0
PolypGen,data/external/PolypGen/PolypGen2021_MultiCenterData_v3/sequenceData/positive/seq5/bbox_seq5/EndoCV2021_seq5_8.txt,22,22.00 B,,,OK,0
PolypGen,data/external/PolypGen/PolypGen2021_MultiCenterData_v3/sequenceData/positive/seq5/bbox_seq5/EndoCV2021_seq5_80.txt,23,23.00 B,,,OK,0
PolypGen,data/external/PolypGen/PolypGen2021_MultiCenterData_v3/sequenceData/positive/seq5/bbox_seq5/EndoCV2021_seq5_800.txt,24,24.00 B,,,OK,0
PolypGen,data/external/PolypGen/PolypGen2021_MultiCenterData_v3/sequenceData/positive/seq5/bbox_seq5/EndoCV2021_seq5_804.txt,23,23.00 B,,,OK,0
PolypGen,data/external/PolypGen/PolypGen2021_MultiCenterData_v3/sequenceData/positive/seq5/bbox_seq5/EndoCV2021_seq5_808.txt,23,23.00 B,,,OK,0
PolypGen,data/external/PolypGen/PolypGen2021_MultiCenterData_v3/sequenceData/positive/seq5/bbox_seq5/EndoCV2021_seq5_812.txt,23,23.00 B,,,OK,0
PolypGen,data/external/PolypGen/PolypGen2021_MultiCenterData_v3/sequenceData/positive/seq5/bbox_seq5/EndoCV2021_seq5_816.txt,23,23.00 B,,,OK,0
PolypGen,data/external/PolypGen/PolypGen2021_MultiCenterData_v3/sequenceData/positive/seq5/bbox_seq5/EndoCV2021_seq5_820.txt,23,23.00 B,,,OK,0
PolypGen,data/external/PolypGen/PolypGen2021_MultiCenterData_v3/sequenceData/positive/seq5/bbox_seq5/EndoCV2021_seq5_824.txt,23,23.00 B,,,OK,0
PolypGen,data/external/PolypGen/PolypGen2021_MultiCenterData_v3/sequenceData/positive/seq5/bbox_seq5/EndoCV2021_seq5_828.txt,23,23.00 B,,,OK,0
PolypGen,data/external/PolypGen/PolypGen2021_MultiCenterData_v3/sequenceData/positive/seq5/bbox_seq5/EndoCV2021_seq5_832.txt,23,23.00 B,,,OK,0
PolypGen,data/external/PolypGen/PolypGen2021_MultiCenterData_v3/sequenceData/positive/seq5/bbox_seq5/EndoCV2021_seq5_836.txt,23,23.00 B,,,OK,0
PolypGen,data/external/PolypGen/PolypGen2021_MultiCenterData_v3/sequenceData/positive/seq5/bbox_seq5/EndoCV2021_seq5_84.txt,23,23.00 B,,,OK,0
PolypGen,data/external/PolypGen/PolypGen2021_MultiCenterData_v3/sequenceData/positive/seq5/bbox_seq5/EndoCV2021_seq5_840.txt,23,23.00 B,,,OK,0
PolypGen,data/external/PolypGen/PolypGen2021_MultiCenterData_v3/sequenceData/positive/seq5/bbox_seq5/EndoCV2021_seq5_844.txt,23,23.00 B,,,OK,0
PolypGen,data/external/PolypGen/PolypGen2021_MultiCenterData_v3/sequenceData/positive/seq5/bbox_seq5/EndoCV2021_seq5_848.txt,23,23.00 B,,,OK,0
PolypGen,data/external/PolypGen/PolypGen2021_MultiCenterData_v3/sequenceData/positive/seq5/bbox_seq5/EndoCV2021_seq5_852.txt,23,23.00 B,,,OK,0
PolypGen,data/external/PolypGen/PolypGen2021_MultiCenterData_v3/sequenceData/positive/seq5/bbox_seq5/EndoCV2021_seq5_856.txt,23,23.00 B,,,OK,0
PolypGen,data/external/PolypGen/PolypGen2021_MultiCenterData_v3/sequenceData/positive/seq5/bbox_seq5/EndoCV2021_seq5_860.txt,22,22.00 B,,,OK,0
PolypGen,data/external/PolypGen/PolypGen2021_MultiCenterData_v3/sequenceData/positive/seq5/bbox_seq5/EndoCV2021_seq5_864.txt,22,22.00 B,,,OK,0
PolypGen,data/external/PolypGen/PolypGen2021_MultiCenterData_v3/sequenceData/positive/seq5/bbox_seq5/EndoCV2021_seq5_868.txt,22,22.00 B,,,OK,0
PolypGen,data/external/PolypGen/PolypGen2021_MultiCenterData_v3/sequenceData/positive/seq5/bbox_seq5/EndoCV2021_seq5_872.txt,21,21.00 B,,,OK,0
PolypGen,data/external/PolypGen/PolypGen2021_MultiCenterData_v3/sequenceData/positive/seq5/bbox_seq5/EndoCV2021_seq5_876.txt,21,21.00 B,,,OK,0
PolypGen,data/external/PolypGen/PolypGen2021_MultiCenterData_v3/sequenceData/positive/seq5/bbox_seq5/EndoCV2021_seq5_88.txt,23,23.00 B,,,OK,0
PolypGen,data/external/PolypGen/PolypGen2021_MultiCenterData_v3/sequenceData/positive/seq5/bbox_seq5/EndoCV2021_seq5_880.txt,20,20.00 B,,,OK,0
PolypGen,data/external/PolypGen/PolypGen2021_MultiCenterData_v3/sequenceData/positive/seq5/bbox_seq5/EndoCV2021_seq5_884.txt,20,20.00 B,,,OK,0
PolypGen,data/external/PolypGen/PolypGen2021_MultiCenterData_v3/sequenceData/positive/seq5/bbox_seq5/EndoCV2021_seq5_888.txt,20,20.00 B,,,OK,0
PolypGen,data/external/PolypGen/PolypGen2021_MultiCenterData_v3/sequenceData/positive/seq5/bbox_seq5/EndoCV2021_seq5_892.txt,20,20.00 B,,,OK,0
PolypGen,data/external/PolypGen/PolypGen2021_MultiCenterData_v3/sequenceData/positive/seq5/bbox_seq5/EndoCV2021_seq5_896.txt,20,20.00 B,,,OK,0
PolypGen,data/external/PolypGen/PolypGen2021_MultiCenterData_v3/sequenceData/positive/seq5/bbox_seq5/EndoCV2021_seq5_900.txt,20,20.00 B,,,OK,0
PolypGen,data/external/PolypGen/PolypGen2021_MultiCenterData_v3/sequenceData/positive/seq5/bbox_seq5/EndoCV2021_seq5_904.txt,21,21.00 B,,,OK,0
PolypGen,data/external/PolypGen/PolypGen2021_MultiCenterData_v3/sequenceData/positive/seq5/bbox_seq5/EndoCV2021_seq5_908.txt,21,21.00 B,,,OK,0
PolypGen,data/external/PolypGen/PolypGen2021_MultiCenterData_v3/sequenceData/positive/seq5/bbox_seq5/EndoCV2021_seq5_912.txt,21,21.00 B,,,OK,0
PolypGen,data/external/PolypGen/PolypGen2021_MultiCenterData_v3/sequenceData/positive/seq5/bbox_seq5/EndoCV2021_seq5_916.txt,21,21.00 B,,,OK,0
PolypGen,data/external/PolypGen/PolypGen2021_MultiCenterData_v3/sequenceData/positive/seq5/bbox_seq5/EndoCV2021_seq5_92.txt,23,23.00 B,,,OK,0
PolypGen,data/external/PolypGen/PolypGen2021_MultiCenterData_v3/sequenceData/positive/seq5/bbox_seq5/EndoCV2021_seq5_920.txt,21,21.00 B,,,OK,0
PolypGen,data/external/PolypGen/PolypGen2021_MultiCenterData_v3/sequenceData/positive/seq5/bbox_seq5/EndoCV2021_seq5_924.txt,21,21.00 B,,,OK,0
PolypGen,data/external/PolypGen/PolypGen2021_MultiCenterData_v3/sequenceData/positive/seq5/bbox_seq5/EndoCV2021_seq5_928.txt,21,21.00 B,,,OK,0
PolypGen,data/external/PolypGen/PolypGen2021_MultiCenterData_v3/sequenceData/positive/seq5/bbox_seq5/EndoCV2021_seq5_932.txt,21,21.00 B,,,OK,0
PolypGen,data/external/PolypGen/PolypGen2021_MultiCenterData_v3/sequenceData/positive/seq5/bbox_seq5/EndoCV2021_seq5_936.txt,21,21.00 B,,,OK,0
PolypGen,data/external/PolypGen/PolypGen2021_MultiCenterData_v3/sequenceData/positive/seq5/bbox_seq5/EndoCV2021_seq5_940.txt,21,21.00 B,,,OK,0
PolypGen,data/external/PolypGen/PolypGen2021_MultiCenterData_v3/sequenceData/positive/seq5/bbox_seq5/EndoCV2021_seq5_944.txt,21,21.00 B,,,OK,0
PolypGen,data/external/PolypGen/PolypGen2021_MultiCenterData_v3/sequenceData/positive/seq5/bbox_seq5/EndoCV2021_seq5_948.txt,21,21.00 B,,,OK,0
PolypGen,data/external/PolypGen/PolypGen2021_MultiCenterData_v3/sequenceData/positive/seq5/bbox_seq5/EndoCV2021_seq5_952.txt,20,20.00 B,,,OK,0
PolypGen,data/external/PolypGen/PolypGen2021_MultiCenterData_v3/sequenceData/positive/seq5/bbox_seq5/EndoCV2021_seq5_956.txt,20,20.00 B,,,OK,0
PolypGen,data/external/PolypGen/PolypGen2021_MultiCenterData_v3/sequenceData/positive/seq5/bbox_seq5/EndoCV2021_seq5_96.txt,22,22.00 B,,,OK,0
PolypGen,data/external/PolypGen/PolypGen2021_MultiCenterData_v3/sequenceData/positive/seq5/bbox_seq5/EndoCV2021_seq5_960.txt,20,20.00 B,,,OK,0
PolypGen,data/external/PolypGen/PolypGen2021_MultiCenterData_v3/sequenceData/positive/seq5/bbox_seq5/EndoCV2021_seq5_964.txt,19,19.00 B,,,OK,0
PolypGen,data/external/PolypGen/PolypGen2021_MultiCenterData_v3/sequenceData/positive/seq5/bbox_seq5/EndoCV2021_seq5_968.txt,20,20.00 B,,,OK,0
PolypGen,data/external/PolypGen/PolypGen2021_MultiCenterData_v3/sequenceData/positive/seq5/bbox_seq5/EndoCV2021_seq5_972.txt,21,21.00 B,,,OK,0
PolypGen,data/external/PolypGen/PolypGen2021_MultiCenterData_v3/sequenceData/positive/seq5/bbox_seq5/EndoCV2021_seq5_976.txt,20,20.00 B,,,OK,0
PolypGen,data/external/PolypGen/PolypGen2021_MultiCenterData_v3/sequenceData/positive/seq5/bbox_seq5/EndoCV2021_seq5_980.txt,22,22.00 B,,,OK,0
PolypGen,data/external/PolypGen/PolypGen2021_MultiCenterData_v3/sequenceData/positive/seq5/bbox_seq5/EndoCV2021_seq5_984.txt,23,23.00 B,,,OK,0
PolypGen,data/external/PolypGen/PolypGen2021_MultiCenterData_v3/sequenceData/positive/seq5/bbox_seq5/EndoCV2021_seq5_988.txt,23,23.00 B,,,OK,0
PolypGen,data/external/PolypGen/PolypGen2021_MultiCenterData_v3/sequenceData/positive/seq5/bbox_seq5/EndoCV2021_seq5_992.txt,23,23.00 B,,,OK,0
PolypGen,data/external/PolypGen/PolypGen2021_MultiCenterData_v3/sequenceData/positive/seq5/bbox_seq5/EndoCV2021_seq5_996.txt,23,23.00 B,,,OK,0
PolypGen,data/external/PolypGen/PolypGen2021_MultiCenterData_v3/sequenceData/positive/seq6/bbox_seq6/2_endocv2021_positive_1086.txt,1,1.00 B,,,OK,0
PolypGen,data/external/PolypGen/PolypGen2021_MultiCenterData_v3/sequenceData/positive/seq6/bbox_seq6/2_endocv2021_positive_1090.txt,1,1.00 B,,,OK,0
PolypGen,data/external/PolypGen/PolypGen2021_MultiCenterData_v3/sequenceData/positive/seq6/bbox_seq6/2_endocv2021_positive_1092.txt,1,1.00 B,,,OK,0
PolypGen,data/external/PolypGen/PolypGen2021_MultiCenterData_v3/sequenceData/positive/seq6/bbox_seq6/2_endocv2021_positive_1096.txt,1,1.00 B,,,OK,0
PolypGen,data/external/PolypGen/PolypGen2021_MultiCenterData_v3/sequenceData/positive/seq6/bbox_seq6/2_endocv2021_positive_1098.txt,1,1.00 B,,,OK,0
PolypGen,data/external/PolypGen/PolypGen2021_MultiCenterData_v3/sequenceData/positive/seq6/bbox_seq6/2_endocv2021_positive_1101.txt,1,1.00 B,,,OK,0
PolypGen,data/external/PolypGen/PolypGen2021_MultiCenterData_v3/sequenceData/positive/seq6/bbox_seq6/2_endocv2021_positive_1103.txt,1,1.00 B,,,OK,0
PolypGen,data/external/PolypGen/PolypGen2021_MultiCenterData_v3/sequenceData/positive/seq6/bbox_seq6/2_endocv2021_positive_1109.txt,1,1.00 B,,,OK,0
PolypGen,data/external/PolypGen/PolypGen2021_MultiCenterData_v3/sequenceData/positive/seq6/bbox_seq6/2_endocv2021_positive_1112.txt,1,1.00 B,,,OK,0
PolypGen,data/external/PolypGen/PolypGen2021_MultiCenterData_v3/sequenceData/positive/seq6/bbox_seq6/2_endocv2021_positive_1113.txt,1,1.00 B,,,OK,0
PolypGen,data/external/PolypGen/PolypGen2021_MultiCenterData_v3/sequenceData/positive/seq6/bbox_seq6/2_endocv2021_positive_1117.txt,1,1.00 B,,,OK,0
PolypGen,data/external/PolypGen/PolypGen2021_MultiCenterData_v3/sequenceData/positive/seq6/bbox_seq6/2_endocv2021_positive_1123.txt,1,1.00 B,,,OK,0
PolypGen,data/external/PolypGen/PolypGen2021_MultiCenterData_v3/sequenceData/positive/seq6/bbox_seq6/2_endocv2021_positive_1129.txt,1,1.00 B,,,OK,0
PolypGen,data/external/PolypGen/PolypGen2021_MultiCenterData_v3/sequenceData/positive/seq6/bbox_seq6/2_endocv2021_positive_1134.txt,1,1.00 B,,,OK,0
PolypGen,data/external/PolypGen/PolypGen2021_MultiCenterData_v3/sequenceData/positive/seq6/bbox_seq6/2_endocv2021_positive_1139.txt,1,1.00 B,,,OK,0
PolypGen,data/external/PolypGen/PolypGen2021_MultiCenterData_v3/sequenceData/positive/seq6/bbox_seq6/2_endocv2021_positive_1141.txt,1,1.00 B,,,OK,0
PolypGen,data/external/PolypGen/PolypGen2021_MultiCenterData_v3/sequenceData/positive/seq6/bbox_seq6/2_endocv2021_positive_1152.txt,1,1.00 B,,,OK,0
PolypGen,data/external/PolypGen/PolypGen2021_MultiCenterData_v3/sequenceData/positive/seq6/bbox_seq6/2_endocv2021_positive_1160.txt,1,1.00 B,,,OK,0
PolypGen,data/external/PolypGen/PolypGen2021_MultiCenterData_v3/sequenceData/positive/seq6/bbox_seq6/2_endocv2021_positive_1166.txt,1,1.00 B,,,OK,0
PolypGen,data/external/PolypGen/PolypGen2021_MultiCenterData_v3/sequenceData/positive/seq6/bbox_seq6/2_endocv2021_positive_1167.txt,1,1.00 B,,,OK,0
PolypGen,data/external/PolypGen/PolypGen2021_MultiCenterData_v3/sequenceData/positive/seq6/bbox_seq6/2_endocv2021_positive_1170.txt,1,1.00 B,,,OK,0
PolypGen,data/external/PolypGen/PolypGen2021_MultiCenterData_v3/sequenceData/positive/seq6/bbox_seq6/2_endocv2021_positive_1173.txt,1,1.00 B,,,OK,0
PolypGen,data/external/PolypGen/PolypGen2021_MultiCenterData_v3/sequenceData/positive/seq6/bbox_seq6/2_endocv2021_positive_1179.txt,1,1.00 B,,,OK,0
PolypGen,data/external/PolypGen/PolypGen2021_MultiCenterData_v3/sequenceData/positive/seq6/bbox_seq6/2_endocv2021_positive_1191.txt,1,1.00 B,,,OK,0
PolypGen,data/external/PolypGen/PolypGen2021_MultiCenterData_v3/sequenceData/positive/seq6/bbox_seq6/2_endocv2021_positive_1195.txt,21,21.00 B,,,OK,0
PolypGen,data/external/PolypGen/PolypGen2021_MultiCenterData_v3/sequenceData/positive/seq6/bbox_seq6/2_endocv2021_positive_1197.txt,43,43.00 B,,,OK,0
PolypGen,data/external/PolypGen/PolypGen2021_MultiCenterData_v3/sequenceData/positive/seq6/bbox_seq6/2_endocv2021_positive_1198.txt,21,21.00 B,,,OK,0
PolypGen,data/external/PolypGen/PolypGen2021_MultiCenterData_v3/sequenceData/positive/seq6/bbox_seq6/2_endocv2021_positive_1211.txt,21,21.00 B,,,OK,0
PolypGen,data/external/PolypGen/PolypGen2021_MultiCenterData_v3/sequenceData/positive/seq6/bbox_seq6/2_endocv2021_positive_1217.txt,21,21.00 B,,,OK,0
PolypGen,data/external/PolypGen/PolypGen2021_MultiCenterData_v3/sequenceData/positive/seq6/bbox_seq6/2_endocv2021_positive_1220.txt,21,21.00 B,,,OK,0
PolypGen,data/external/PolypGen/PolypGen2021_MultiCenterData_v3/sequenceData/positive/seq6/bbox_seq6/2_endocv2021_positive_1221.txt,21,21.00 B,,,OK,0
PolypGen,data/external/PolypGen/PolypGen2021_MultiCenterData_v3/sequenceData/positive/seq6/bbox_seq6/2_endocv2021_positive_1223.txt,21,21.00 B,,,OK,0
PolypGen,data/external/PolypGen/PolypGen2021_MultiCenterData_v3/sequenceData/positive/seq6/bbox_seq6/2_endocv2021_positive_1226.txt,21,21.00 B,,,OK,0
PolypGen,data/external/PolypGen/PolypGen2021_MultiCenterData_v3/sequenceData/positive/seq6/bbox_seq6/2_endocv2021_positive_1230.txt,21,21.00 B,,,OK,0
PolypGen,data/external/PolypGen/PolypGen2021_MultiCenterData_v3/sequenceData/positive/seq6/bbox_seq6/2_endocv2021_positive_1234.txt,21,21.00 B,,,OK,0
PolypGen,data/external/PolypGen/PolypGen2021_MultiCenterData_v3/sequenceData/positive/seq6/bbox_seq6/2_endocv2021_positive_1236.txt,21,21.00 B,,,OK,0
PolypGen,data/external/PolypGen/PolypGen2021_MultiCenterData_v3/sequenceData/positive/seq6/bbox_seq6/2_endocv2021_positive_1238.txt,21,21.00 B,,,OK,0
PolypGen,data/external/PolypGen/PolypGen2021_MultiCenterData_v3/sequenceData/positive/seq6/bbox_seq6/2_endocv2021_positive_1239.txt,21,21.00 B,,,OK,0
PolypGen,data/external/PolypGen/PolypGen2021_MultiCenterData_v3/sequenceData/positive/seq6/bbox_seq6/2_endocv2021_positive_1241.txt,21,21.00 B,,,OK,0
PolypGen,data/external/PolypGen/PolypGen2021_MultiCenterData_v3/sequenceData/positive/seq6/bbox_seq6/2_endocv2021_positive_1252.txt,22,22.00 B,,,OK,0
PolypGen,data/external/PolypGen/PolypGen2021_MultiCenterData_v3/sequenceData/positive/seq6/bbox_seq6/2_endocv2021_positive_1254.txt,22,22.00 B,,,OK,0
PolypGen,data/external/PolypGen/PolypGen2021_MultiCenterData_v3/sequenceData/positive/seq6/bbox_seq6/2_endocv2021_positive_1259.txt,23,23.00 B,,,OK,0
PolypGen,data/external/PolypGen/PolypGen2021_MultiCenterData_v3/sequenceData/positive/seq6/bbox_seq6/2_endocv2021_positive_1260.txt,23,23.00 B,,,OK,0
PolypGen,data/external/PolypGen/PolypGen2021_MultiCenterData_v3/sequenceData/positive/seq6/bbox_seq6/2_endocv2021_positive_1261.txt,23,23.00 B,,,OK,0
PolypGen,data/external/PolypGen/PolypGen2021_MultiCenterData_v3/sequenceData/positive/seq6/bbox_seq6/2_endocv2021_positive_1263.txt,23,23.00 B,,,OK,0
PolypGen,data/external/PolypGen/PolypGen2021_MultiCenterData_v3/sequenceData/positive/seq6/bbox_seq6/2_endocv2021_positive_1266.txt,23,23.00 B,,,OK,0
PolypGen,data/external/PolypGen/PolypGen2021_MultiCenterData_v3/sequenceData/positive/seq6/bbox_seq6/2_endocv2021_positive_1271.txt,23,23.00 B,,,OK,0
PolypGen,data/external/PolypGen/PolypGen2021_MultiCenterData_v3/sequenceData/positive/seq6/bbox_seq6/2_endocv2021_positive_1274.txt,23,23.00 B,,,OK,0
PolypGen,data/external/PolypGen/PolypGen2021_MultiCenterData_v3/sequenceData/positive/seq6/bbox_seq6/2_endocv2021_positive_1280.txt,23,23.00 B,,,OK,0
PolypGen,data/external/PolypGen/PolypGen2021_MultiCenterData_v3/sequenceData/positive/seq6/bbox_seq6/2_endocv2021_positive_1283.txt,23,23.00 B,,,OK,0
PolypGen,data/external/PolypGen/PolypGen2021_MultiCenterData_v3/sequenceData/positive/seq6/bbox_seq6/2_endocv2021_positive_1289.txt,23,23.00 B,,,OK,0
PolypGen,data/external/PolypGen/PolypGen2021_MultiCenterData_v3/sequenceData/positive/seq6/bbox_seq6/2_endocv2021_positive_1292.txt,23,23.00 B,,,OK,0
PolypGen,data/external/PolypGen/PolypGen2021_MultiCenterData_v3/sequenceData/positive/seq6/bbox_seq6/2_endocv2021_positive_1295.txt,23,23.00 B,,,OK,0
PolypGen,data/external/PolypGen/PolypGen2021_MultiCenterData_v3/sequenceData/positive/seq6/bbox_seq6/2_endocv2021_positive_1296.txt,23,23.00 B,,,OK,0
PolypGen,data/external/PolypGen/PolypGen2021_MultiCenterData_v3/sequenceData/positive/seq6/bbox_seq6/2_endocv2021_positive_1297.txt,23,23.00 B,,,OK,0
PolypGen,data/external/PolypGen/PolypGen2021_MultiCenterData_v3/sequenceData/positive/seq6/bbox_seq6/2_endocv2021_positive_1298.txt,23,23.00 B,,,OK,0
PolypGen,data/external/PolypGen/PolypGen2021_MultiCenterData_v3/sequenceData/positive/seq6/bbox_seq6/2_endocv2021_positive_1300.txt,23,23.00 B,,,OK,0
PolypGen,data/external/PolypGen/PolypGen2021_MultiCenterData_v3/sequenceData/positive/seq6/bbox_seq6/2_endocv2021_positive_1301.txt,23,23.00 B,,,OK,0
PolypGen,data/external/PolypGen/PolypGen2021_MultiCenterData_v3/sequenceData/positive/seq6/bbox_seq6/2_endocv2021_positive_1313.txt,23,23.00 B,,,OK,0
PolypGen,data/external/PolypGen/PolypGen2021_MultiCenterData_v3/sequenceData/positive/seq6/bbox_seq6/2_endocv2021_positive_1314.txt,23,23.00 B,,,OK,0
PolypGen,data/external/PolypGen/PolypGen2021_MultiCenterData_v3/sequenceData/positive/seq6/bbox_seq6/2_endocv2021_positive_1318.txt,23,23.00 B,,,OK,0
PolypGen,data/external/PolypGen/PolypGen2021_MultiCenterData_v3/sequenceData/positive/seq6/bbox_seq6/2_endocv2021_positive_1321.txt,23,23.00 B,,,OK,0
PolypGen,data/external/PolypGen/PolypGen2021_MultiCenterData_v3/sequenceData/positive/seq6/bbox_seq6/2_endocv2021_positive_1328.txt,23,23.00 B,,,OK,0
PolypGen,data/external/PolypGen/PolypGen2021_MultiCenterData_v3/sequenceData/positive/seq6/bbox_seq6/2_endocv2021_positive_1331.txt,23,23.00 B,,,OK,0
PolypGen,data/external/PolypGen/PolypGen2021_MultiCenterData_v3/sequenceData/positive/seq6/bbox_seq6/2_endocv2021_positive_1332.txt,23,23.00 B,,,OK,0
PolypGen,data/external/PolypGen/PolypGen2021_MultiCenterData_v3/sequenceData/positive/seq6/bbox_seq6/2_endocv2021_positive_1340.txt,23,23.00 B,,,OK,0
PolypGen,data/external/PolypGen/PolypGen2021_MultiCenterData_v3/sequenceData/positive/seq6/bbox_seq6/2_endocv2021_positive_1341.txt,23,23.00 B,,,OK,0
PolypGen,data/external/PolypGen/PolypGen2021_MultiCenterData_v3/sequenceData/positive/seq6/bbox_seq6/2_endocv2021_positive_1342.txt,23,23.00 B,,,OK,0
PolypGen,data/external/PolypGen/PolypGen2021_MultiCenterData_v3/sequenceData/positive/seq6/bbox_seq6/2_endocv2021_positive_1347.txt,23,23.00 B,,,OK,0
PolypGen,data/external/PolypGen/PolypGen2021_MultiCenterData_v3/sequenceData/positive/seq6/bbox_seq6/2_endocv2021_positive_1353.txt,23,23.00 B,,,OK,0
PolypGen,data/external/PolypGen/PolypGen2021_MultiCenterData_v3/sequenceData/positive/seq6/bbox_seq6/2_endocv2021_positive_1357.txt,22,22.00 B,,,OK,0
PolypGen,data/external/PolypGen/PolypGen2021_MultiCenterData_v3/sequenceData/positive/seq6/bbox_seq6/2_endocv2021_positive_1362.txt,22,22.00 B,,,OK,0
PolypGen,data/external/PolypGen/PolypGen2021_MultiCenterData_v3/sequenceData/positive/seq6/bbox_seq6/2_endocv2021_positive_1364.txt,22,22.00 B,,,OK,0
PolypGen,data/external/PolypGen/PolypGen2021_MultiCenterData_v3/sequenceData/positive/seq6/bbox_seq6/2_endocv2021_positive_1365.txt,22,22.00 B,,,OK,0
PolypGen,data/external/PolypGen/PolypGen2021_MultiCenterData_v3/sequenceData/positive/seq6/bbox_seq6/2_endocv2021_positive_1369.txt,22,22.00 B,,,OK,0
PolypGen,data/external/PolypGen/PolypGen2021_MultiCenterData_v3/sequenceData/positive/seq6/bbox_seq6/2_endocv2021_positive_1373.txt,23,23.00 B,,,OK,0
PolypGen,data/external/PolypGen/PolypGen2021_MultiCenterData_v3/sequenceData/positive/seq6/bbox_seq6/2_endocv2021_positive_1377.txt,23,23.00 B,,,OK,0
PolypGen,data/external/PolypGen/PolypGen2021_MultiCenterData_v3/sequenceData/positive/seq6/bbox_seq6/2_endocv2021_positive_1381.txt,23,23.00 B,,,OK,0
PolypGen,data/external/PolypGen/PolypGen2021_MultiCenterData_v3/sequenceData/positive/seq6/bbox_seq6/2_endocv2021_positive_1389.txt,23,23.00 B,,,OK,0
PolypGen,data/external/PolypGen/PolypGen2021_MultiCenterData_v3/sequenceData/positive/seq6/bbox_seq6/2_endocv2021_positive_1390.txt,23,23.00 B,,,OK,0
PolypGen,data/external/PolypGen/PolypGen2021_MultiCenterData_v3/sequenceData/positive/seq6/bbox_seq6/2_endocv2021_positive_1403.txt,21,21.00 B,,,OK,0
PolypGen,data/external/PolypGen/PolypGen2021_MultiCenterData_v3/sequenceData/positive/seq6/bbox_seq6/2_endocv2021_positive_1413.txt,22,22.00 B,,,OK,0
PolypGen,data/external/PolypGen/PolypGen2021_MultiCenterData_v3/sequenceData/positive/seq6/bbox_seq6/2_endocv2021_positive_1422.txt,23,23.00 B,,,OK,0
PolypGen,data/external/PolypGen/PolypGen2021_MultiCenterData_v3/sequenceData/positive/seq6/bbox_seq6/2_endocv2021_positive_1437.txt,23,23.00 B,,,OK,0
PolypGen,data/external/PolypGen/PolypGen2021_MultiCenterData_v3/sequenceData/positive/seq6/bbox_seq6/2_endocv2021_positive_1440.txt,23,23.00 B,,,OK,0
PolypGen,data/external/PolypGen/PolypGen2021_MultiCenterData_v3/sequenceData/positive/seq6/bbox_seq6/2_endocv2021_positive_1442.txt,23,23.00 B,,,OK,0
PolypGen,data/external/PolypGen/PolypGen2021_MultiCenterData_v3/sequenceData/positive/seq6/bbox_seq6/2_endocv2021_positive_1464.txt,1,1.00 B,,,OK,0
PolypGen,data/external/PolypGen/PolypGen2021_MultiCenterData_v3/sequenceData/positive/seq6/bbox_seq6/2_endocv2021_positive_1466.txt,1,1.00 B,,,OK,0
PolypGen,data/external/PolypGen/PolypGen2021_MultiCenterData_v3/sequenceData/positive/seq6/bbox_seq6/2_endocv2021_positive_1474.txt,1,1.00 B,,,OK,0
PolypGen,data/external/PolypGen/PolypGen2021_MultiCenterData_v3/sequenceData/positive/seq6/bbox_seq6/2_endocv2021_positive_1475.txt,1,1.00 B,,,OK,0
PolypGen,data/external/PolypGen/PolypGen2021_MultiCenterData_v3/sequenceData/positive/seq6/bbox_seq6/2_endocv2021_positive_1478.txt,1,1.00 B,,,OK,0
PolypGen,data/external/PolypGen/PolypGen2021_MultiCenterData_v3/sequenceData/positive/seq7/bbox_seq7/3_endocv2021_positive_110.txt,1,1.00 B,,,OK,0
PolypGen,data/external/PolypGen/PolypGen2021_MultiCenterData_v3/sequenceData/positive/seq7/bbox_seq7/3_endocv2021_positive_123.txt,1,1.00 B,,,OK,0
PolypGen,data/external/PolypGen/PolypGen2021_MultiCenterData_v3/sequenceData/positive/seq7/bbox_seq7/3_endocv2021_positive_124.txt,1,1.00 B,,,OK,0
PolypGen,data/external/PolypGen/PolypGen2021_MultiCenterData_v3/sequenceData/positive/seq7/bbox_seq7/3_endocv2021_positive_129.txt,1,1.00 B,,,OK,0
PolypGen,data/external/PolypGen/PolypGen2021_MultiCenterData_v3/sequenceData/positive/seq7/bbox_seq7/3_endocv2021_positive_130.txt,1,1.00 B,,,OK,0
PolypGen,data/external/PolypGen/PolypGen2021_MultiCenterData_v3/sequenceData/positive/seq7/bbox_seq7/3_endocv2021_positive_135.txt,1,1.00 B,,,OK,0
PolypGen,data/external/PolypGen/PolypGen2021_MultiCenterData_v3/sequenceData/positive/seq7/bbox_seq7/3_endocv2021_positive_137.txt,1,1.00 B,,,OK,0
PolypGen,data/external/PolypGen/PolypGen2021_MultiCenterData_v3/sequenceData/positive/seq7/bbox_seq7/3_endocv2021_positive_155.txt,1,1.00 B,,,OK,0
PolypGen,data/external/PolypGen/PolypGen2021_MultiCenterData_v3/sequenceData/positive/seq7/bbox_seq7/3_endocv2021_positive_163.txt,1,1.00 B,,,OK,0
PolypGen,data/external/PolypGen/PolypGen2021_MultiCenterData_v3/sequenceData/positive/seq7/bbox_seq7/3_endocv2021_positive_168.txt,1,1.00 B,,,OK,0
PolypGen,data/external/PolypGen/PolypGen2021_MultiCenterData_v3/sequenceData/positive/seq7/bbox_seq7/3_endocv2021_positive_177.txt,1,1.00 B,,,OK,0
PolypGen,data/external/PolypGen/PolypGen2021_MultiCenterData_v3/sequenceData/positive/seq7/bbox_seq7/3_endocv2021_positive_178.txt,1,1.00 B,,,OK,0
PolypGen,data/external/PolypGen/PolypGen2021_MultiCenterData_v3/sequenceData/positive/seq7/bbox_seq7/3_endocv2021_positive_179.txt,1,1.00 B,,,OK,0
PolypGen,data/external/PolypGen/PolypGen2021_MultiCenterData_v3/sequenceData/positive/seq7/bbox_seq7/3_endocv2021_positive_181.txt,1,1.00 B,,,OK,0
PolypGen,data/external/PolypGen/PolypGen2021_MultiCenterData_v3/sequenceData/positive/seq7/bbox_seq7/3_endocv2021_positive_186.txt,1,1.00 B,,,OK,0
PolypGen,data/external/PolypGen/PolypGen2021_MultiCenterData_v3/sequenceData/positive/seq7/bbox_seq7/3_endocv2021_positive_192.txt,1,1.00 B,,,OK,0
PolypGen,data/external/PolypGen/PolypGen2021_MultiCenterData_v3/sequenceData/positive/seq7/bbox_seq7/3_endocv2021_positive_198.txt,1,1.00 B,,,OK,0
PolypGen,data/external/PolypGen/PolypGen2021_MultiCenterData_v3/sequenceData/positive/seq7/bbox_seq7/3_endocv2021_positive_200.txt,1,1.00 B,,,OK,0
PolypGen,data/external/PolypGen/PolypGen2021_MultiCenterData_v3/sequenceData/positive/seq7/bbox_seq7/3_endocv2021_positive_212.txt,1,1.00 B,,,OK,0
PolypGen,data/external/PolypGen/PolypGen2021_MultiCenterData_v3/sequenceData/positive/seq7/bbox_seq7/3_endocv2021_positive_218.txt,1,1.00 B,,,OK,0
PolypGen,data/external/PolypGen/PolypGen2021_MultiCenterData_v3/sequenceData/positive/seq7/bbox_seq7/3_endocv2021_positive_229.txt,1,1.00 B,,,OK,0
PolypGen,data/external/PolypGen/PolypGen2021_MultiCenterData_v3/sequenceData/positive/seq7/bbox_seq7/3_endocv2021_positive_237.txt,1,1.00 B,,,OK,0
PolypGen,data/external/PolypGen/PolypGen2021_MultiCenterData_v3/sequenceData/positive/seq7/bbox_seq7/3_endocv2021_positive_238.txt,1,1.00 B,,,OK,0
PolypGen,data/external/PolypGen/PolypGen2021_MultiCenterData_v3/sequenceData/positive/seq7/bbox_seq7/3_endocv2021_positive_243.txt,1,1.00 B,,,OK,0
PolypGen,data/external/PolypGen/PolypGen2021_MultiCenterData_v3/sequenceData/positive/seq7/bbox_seq7/3_endocv2021_positive_247.txt,1,1.00 B,,,OK,0
PolypGen,data/external/PolypGen/PolypGen2021_MultiCenterData_v3/sequenceData/positive/seq7/bbox_seq7/3_endocv2021_positive_253.txt,1,1.00 B,,,OK,0
PolypGen,data/external/PolypGen/PolypGen2021_MultiCenterData_v3/sequenceData/positive/seq7/bbox_seq7/3_endocv2021_positive_255.txt,1,1.00 B,,,OK,0
PolypGen,data/external/PolypGen/PolypGen2021_MultiCenterData_v3/sequenceData/positive/seq7/bbox_seq7/3_endocv2021_positive_262.txt,1,1.00 B,,,OK,0
PolypGen,data/external/PolypGen/PolypGen2021_MultiCenterData_v3/sequenceData/positive/seq7/bbox_seq7/3_endocv2021_positive_270.txt,1,1.00 B,,,OK,0
PolypGen,data/external/PolypGen/PolypGen2021_MultiCenterData_v3/sequenceData/positive/seq7/bbox_seq7/3_endocv2021_positive_277.txt,1,1.00 B,,,OK,0
PolypGen,data/external/PolypGen/PolypGen2021_MultiCenterData_v3/sequenceData/positive/seq7/bbox_seq7/3_endocv2021_positive_280.txt,1,1.00 B,,,OK,0
PolypGen,data/external/PolypGen/PolypGen2021_MultiCenterData_v3/sequenceData/positive/seq7/bbox_seq7/3_endocv2021_positive_282.txt,1,1.00 B,,,OK,0
PolypGen,data/external/PolypGen/PolypGen2021_MultiCenterData_v3/sequenceData/positive/seq7/bbox_seq7/3_endocv2021_positive_44.txt,1,1.00 B,,,OK,0
PolypGen,data/external/PolypGen/PolypGen2021_MultiCenterData_v3/sequenceData/positive/seq7/bbox_seq7/3_endocv2021_positive_46.txt,1,1.00 B,,,OK,0
PolypGen,data/external/PolypGen/PolypGen2021_MultiCenterData_v3/sequenceData/positive/seq7/bbox_seq7/3_endocv2021_positive_49.txt,1,1.00 B,,,OK,0
PolypGen,data/external/PolypGen/PolypGen2021_MultiCenterData_v3/sequenceData/positive/seq7/bbox_seq7/3_endocv2021_positive_50.txt,1,1.00 B,,,OK,0
PolypGen,data/external/PolypGen/PolypGen2021_MultiCenterData_v3/sequenceData/positive/seq7/bbox_seq7/3_endocv2021_positive_51.txt,1,1.00 B,,,OK,0
PolypGen,data/external/PolypGen/PolypGen2021_MultiCenterData_v3/sequenceData/positive/seq7/bbox_seq7/3_endocv2021_positive_53.txt,1,1.00 B,,,OK,0
PolypGen,data/external/PolypGen/PolypGen2021_MultiCenterData_v3/sequenceData/positive/seq7/bbox_seq7/3_endocv2021_positive_54.txt,1,1.00 B,,,OK,0
PolypGen,data/external/PolypGen/PolypGen2021_MultiCenterData_v3/sequenceData/positive/seq7/bbox_seq7/3_endocv2021_positive_58.txt,1,1.00 B,,,OK,0
PolypGen,data/external/PolypGen/PolypGen2021_MultiCenterData_v3/sequenceData/positive/seq7/bbox_seq7/3_endocv2021_positive_61.txt,1,1.00 B,,,OK,0
PolypGen,data/external/PolypGen/PolypGen2021_MultiCenterData_v3/sequenceData/positive/seq7/bbox_seq7/3_endocv2021_positive_63.txt,1,1.00 B,,,OK,0
PolypGen,data/external/PolypGen/PolypGen2021_MultiCenterData_v3/sequenceData/positive/seq7/bbox_seq7/3_endocv2021_positive_64.txt,1,1.00 B,,,OK,0
PolypGen,data/external/PolypGen/PolypGen2021_MultiCenterData_v3/sequenceData/positive/seq7/bbox_seq7/3_endocv2021_positive_75.txt,1,1.00 B,,,OK,0
PolypGen,data/external/PolypGen/PolypGen2021_MultiCenterData_v3/sequenceData/positive/seq7/bbox_seq7/3_endocv2021_positive_86.txt,1,1.00 B,,,OK,0
PolypGen,data/external/PolypGen/PolypGen2021_MultiCenterData_v3/sequenceData/positive/seq7/bbox_seq7/3_endocv2021_positive_88.txt,1,1.00 B,,,OK,0
PolypGen,data/external/PolypGen/PolypGen2021_MultiCenterData_v3/sequenceData/positive/seq7/bbox_seq7/3_endocv2021_positive_92.txt,1,1.00 B,,,OK,0
PolypGen,data/external/PolypGen/PolypGen2021_MultiCenterData_v3/sequenceData/positive/seq7/bbox_seq7/3_endocv2021_positive_98.txt,1,1.00 B,,,OK,0
PolypGen,data/external/PolypGen/PolypGen2021_MultiCenterData_v3/sequenceData/positive/seq7/masks_seq7/3_endocv2021_positive_110_mask.txt,24,24.00 B,,,OK,0
PolypGen,data/external/PolypGen/PolypGen2021_MultiCenterData_v3/sequenceData/positive/seq7/masks_seq7/3_endocv2021_positive_123_mask.txt,1,1.00 B,,,OK,0
PolypGen,data/external/PolypGen/PolypGen2021_MultiCenterData_v3/sequenceData/positive/seq7/masks_seq7/3_endocv2021_positive_124_mask.txt,1,1.00 B,,,OK,0
PolypGen,data/external/PolypGen/PolypGen2021_MultiCenterData_v3/sequenceData/positive/seq7/masks_seq7/3_endocv2021_positive_129_mask.txt,1,1.00 B,,,OK,0
PolypGen,data/external/PolypGen/PolypGen2021_MultiCenterData_v3/sequenceData/positive/seq7/masks_seq7/3_endocv2021_positive_130_mask.txt,1,1.00 B,,,OK,0
PolypGen,data/external/PolypGen/PolypGen2021_MultiCenterData_v3/sequenceData/positive/seq7/masks_seq7/3_endocv2021_positive_135_mask.txt,1,1.00 B,,,OK,0
PolypGen,data/external/PolypGen/PolypGen2021_MultiCenterData_v3/sequenceData/positive/seq7/masks_seq7/3_endocv2021_positive_137_mask.txt,1,1.00 B,,,OK,0
PolypGen,data/external/PolypGen/PolypGen2021_MultiCenterData_v3/sequenceData/positive/seq7/masks_seq7/3_endocv2021_positive_155_mask.txt,1,1.00 B,,,OK,0
PolypGen,data/external/PolypGen/PolypGen2021_MultiCenterData_v3/sequenceData/positive/seq7/masks_seq7/3_endocv2021_positive_163_mask.txt,1,1.00 B,,,OK,0
PolypGen,data/external/PolypGen/PolypGen2021_MultiCenterData_v3/sequenceData/positive/seq7/masks_seq7/3_endocv2021_positive_168_mask.txt,1,1.00 B,,,OK,0
PolypGen,data/external/PolypGen/PolypGen2021_MultiCenterData_v3/sequenceData/positive/seq7/masks_seq7/3_endocv2021_positive_177_mask.txt,1,1.00 B,,,OK,0
PolypGen,data/external/PolypGen/PolypGen2021_MultiCenterData_v3/sequenceData/positive/seq7/masks_seq7/3_endocv2021_positive_178_mask.txt,1,1.00 B,,,OK,0
PolypGen,data/external/PolypGen/PolypGen2021_MultiCenterData_v3/sequenceData/positive/seq7/masks_seq7/3_endocv2021_positive_179_mask.txt,1,1.00 B,,,OK,0
PolypGen,data/external/PolypGen/PolypGen2021_MultiCenterData_v3/sequenceData/positive/seq7/masks_seq7/3_endocv2021_positive_181_mask.txt,1,1.00 B,,,OK,0
PolypGen,data/external/PolypGen/PolypGen2021_MultiCenterData_v3/sequenceData/positive/seq7/masks_seq7/3_endocv2021_positive_186_mask.txt,1,1.00 B,,,OK,0
PolypGen,data/external/PolypGen/PolypGen2021_MultiCenterData_v3/sequenceData/positive/seq7/masks_seq7/3_endocv2021_positive_192_mask.txt,1,1.00 B,,,OK,0
PolypGen,data/external/PolypGen/PolypGen2021_MultiCenterData_v3/sequenceData/positive/seq7/masks_seq7/3_endocv2021_positive_198_mask.txt,1,1.00 B,,,OK,0
PolypGen,data/external/PolypGen/PolypGen2021_MultiCenterData_v3/sequenceData/positive/seq7/masks_seq7/3_endocv2021_positive_200_mask.txt,1,1.00 B,,,OK,0
PolypGen,data/external/PolypGen/PolypGen2021_MultiCenterData_v3/sequenceData/positive/seq7/masks_seq7/3_endocv2021_positive_212_mask.txt,1,1.00 B,,,OK,0
PolypGen,data/external/PolypGen/PolypGen2021_MultiCenterData_v3/sequenceData/positive/seq7/masks_seq7/3_endocv2021_positive_218_mask.txt,1,1.00 B,,,OK,0
PolypGen,data/external/PolypGen/PolypGen2021_MultiCenterData_v3/sequenceData/positive/seq7/masks_seq7/3_endocv2021_positive_229_mask.txt,1,1.00 B,,,OK,0
PolypGen,data/external/PolypGen/PolypGen2021_MultiCenterData_v3/sequenceData/positive/seq7/masks_seq7/3_endocv2021_positive_237_mask.txt,1,1.00 B,,,OK,0
PolypGen,data/external/PolypGen/PolypGen2021_MultiCenterData_v3/sequenceData/positive/seq7/masks_seq7/3_endocv2021_positive_238_mask.txt,1,1.00 B,,,OK,0
PolypGen,data/external/PolypGen/PolypGen2021_MultiCenterData_v3/sequenceData/positive/seq7/masks_seq7/3_endocv2021_positive_243_mask.txt,1,1.00 B,,,OK,0
PolypGen,data/external/PolypGen/PolypGen2021_MultiCenterData_v3/sequenceData/positive/seq7/masks_seq7/3_endocv2021_positive_247_mask.txt,1,1.00 B,,,OK,0
PolypGen,data/external/PolypGen/PolypGen2021_MultiCenterData_v3/sequenceData/positive/seq7/masks_seq7/3_endocv2021_positive_253_mask.txt,1,1.00 B,,,OK,0
PolypGen,data/external/PolypGen/PolypGen2021_MultiCenterData_v3/sequenceData/positive/seq7/masks_seq7/3_endocv2021_positive_255_mask.txt,1,1.00 B,,,OK,0
PolypGen,data/external/PolypGen/PolypGen2021_MultiCenterData_v3/sequenceData/positive/seq7/masks_seq7/3_endocv2021_positive_262_mask.txt,1,1.00 B,,,OK,0
PolypGen,data/external/PolypGen/PolypGen2021_MultiCenterData_v3/sequenceData/positive/seq7/masks_seq7/3_endocv2021_positive_270_mask.txt,1,1.00 B,,,OK,0
PolypGen,data/external/PolypGen/PolypGen2021_MultiCenterData_v3/sequenceData/positive/seq7/masks_seq7/3_endocv2021_positive_277_mask.txt,1,1.00 B,,,OK,0
PolypGen,data/external/PolypGen/PolypGen2021_MultiCenterData_v3/sequenceData/positive/seq7/masks_seq7/3_endocv2021_positive_280_mask.txt,1,1.00 B,,,OK,0
PolypGen,data/external/PolypGen/PolypGen2021_MultiCenterData_v3/sequenceData/positive/seq7/masks_seq7/3_endocv2021_positive_282_mask.txt,1,1.00 B,,,OK,0
PolypGen,data/external/PolypGen/PolypGen2021_MultiCenterData_v3/sequenceData/positive/seq7/masks_seq7/3_endocv2021_positive_44_mask.txt,1,1.00 B,,,OK,0
PolypGen,data/external/PolypGen/PolypGen2021_MultiCenterData_v3/sequenceData/positive/seq7/masks_seq7/3_endocv2021_positive_46_mask.txt,1,1.00 B,,,OK,0
PolypGen,data/external/PolypGen/PolypGen2021_MultiCenterData_v3/sequenceData/positive/seq7/masks_seq7/3_endocv2021_positive_49_mask.txt,1,1.00 B,,,OK,0
PolypGen,data/external/PolypGen/PolypGen2021_MultiCenterData_v3/sequenceData/positive/seq7/masks_seq7/3_endocv2021_positive_50_mask.txt,1,1.00 B,,,OK,0
PolypGen,data/external/PolypGen/PolypGen2021_MultiCenterData_v3/sequenceData/positive/seq7/masks_seq7/3_endocv2021_positive_51_mask.txt,1,1.00 B,,,OK,0
PolypGen,data/external/PolypGen/PolypGen2021_MultiCenterData_v3/sequenceData/positive/seq7/masks_seq7/3_endocv2021_positive_53_mask.txt,1,1.00 B,,,OK,0
PolypGen,data/external/PolypGen/PolypGen2021_MultiCenterData_v3/sequenceData/positive/seq7/masks_seq7/3_endocv2021_positive_54_mask.txt,1,1.00 B,,,OK,0
PolypGen,data/external/PolypGen/PolypGen2021_MultiCenterData_v3/sequenceData/positive/seq7/masks_seq7/3_endocv2021_positive_58_mask.txt,1,1.00 B,,,OK,0
PolypGen,data/external/PolypGen/PolypGen2021_MultiCenterData_v3/sequenceData/positive/seq7/masks_seq7/3_endocv2021_positive_61_mask.txt,1,1.00 B,,,OK,0
PolypGen,data/external/PolypGen/PolypGen2021_MultiCenterData_v3/sequenceData/positive/seq7/masks_seq7/3_endocv2021_positive_63_mask.txt,1,1.00 B,,,OK,0
PolypGen,data/external/PolypGen/PolypGen2021_MultiCenterData_v3/sequenceData/positive/seq7/masks_seq7/3_endocv2021_positive_64_mask.txt,1,1.00 B,,,OK,0
PolypGen,data/external/PolypGen/PolypGen2021_MultiCenterData_v3/sequenceData/positive/seq7/masks_seq7/3_endocv2021_positive_75_mask.txt,1,1.00 B,,,OK,0
PolypGen,data/external/PolypGen/PolypGen2021_MultiCenterData_v3/sequenceData/positive/seq7/masks_seq7/3_endocv2021_positive_86_mask.txt,1,1.00 B,,,OK,0
PolypGen,data/external/PolypGen/PolypGen2021_MultiCenterData_v3/sequenceData/positive/seq7/masks_seq7/3_endocv2021_positive_88_mask.txt,1,1.00 B,,,OK,0
PolypGen,data/external/PolypGen/PolypGen2021_MultiCenterData_v3/sequenceData/positive/seq7/masks_seq7/3_endocv2021_positive_92_mask.txt,1,1.00 B,,,OK,0
PolypGen,data/external/PolypGen/PolypGen2021_MultiCenterData_v3/sequenceData/positive/seq7/masks_seq7/3_endocv2021_positive_98_mask.txt,1,1.00 B,,,OK,0
PolypGen,data/external/PolypGen/PolypGen2021_MultiCenterData_v3/sequenceData/positive/seq8/bbox_seq8/3_endocv2021_positive_1001.txt,22,22.00 B,,,OK,0
PolypGen,data/external/PolypGen/PolypGen2021_MultiCenterData_v3/sequenceData/positive/seq8/bbox_seq8/3_endocv2021_positive_1013.txt,21,21.00 B,,,OK,0
PolypGen,data/external/PolypGen/PolypGen2021_MultiCenterData_v3/sequenceData/positive/seq8/bbox_seq8/3_endocv2021_positive_1019.txt,22,22.00 B,,,OK,0
PolypGen,data/external/PolypGen/PolypGen2021_MultiCenterData_v3/sequenceData/positive/seq8/bbox_seq8/3_endocv2021_positive_1023.txt,21,21.00 B,,,OK,0
PolypGen,data/external/PolypGen/PolypGen2021_MultiCenterData_v3/sequenceData/positive/seq8/bbox_seq8/3_endocv2021_positive_1030.txt,21,21.00 B,,,OK,0
PolypGen,data/external/PolypGen/PolypGen2021_MultiCenterData_v3/sequenceData/positive/seq8/bbox_seq8/3_endocv2021_positive_1031.txt,21,21.00 B,,,OK,0
PolypGen,data/external/PolypGen/PolypGen2021_MultiCenterData_v3/sequenceData/positive/seq8/bbox_seq8/3_endocv2021_positive_1036.txt,22,22.00 B,,,OK,0
PolypGen,data/external/PolypGen/PolypGen2021_MultiCenterData_v3/sequenceData/positive/seq8/bbox_seq8/3_endocv2021_positive_1041.txt,44,44.00 B,,,OK,0
PolypGen,data/external/PolypGen/PolypGen2021_MultiCenterData_v3/sequenceData/positive/seq8/bbox_seq8/3_endocv2021_positive_1044.txt,20,20.00 B,,,OK,0
PolypGen,data/external/PolypGen/PolypGen2021_MultiCenterData_v3/sequenceData/positive/seq8/bbox_seq8/3_endocv2021_positive_1048.txt,1,1.00 B,,,OK,0
PolypGen,data/external/PolypGen/PolypGen2021_MultiCenterData_v3/sequenceData/positive/seq8/bbox_seq8/3_endocv2021_positive_1050.txt,1,1.00 B,,,OK,0
PolypGen,data/external/PolypGen/PolypGen2021_MultiCenterData_v3/sequenceData/positive/seq8/bbox_seq8/3_endocv2021_positive_1052.txt,23,23.00 B,,,OK,0
PolypGen,data/external/PolypGen/PolypGen2021_MultiCenterData_v3/sequenceData/positive/seq8/bbox_seq8/3_endocv2021_positive_1054.txt,23,23.00 B,,,OK,0
PolypGen,data/external/PolypGen/PolypGen2021_MultiCenterData_v3/sequenceData/positive/seq8/bbox_seq8/3_endocv2021_positive_1065.txt,24,24.00 B,,,OK,0
PolypGen,data/external/PolypGen/PolypGen2021_MultiCenterData_v3/sequenceData/positive/seq8/bbox_seq8/3_endocv2021_positive_1067.txt,23,23.00 B,,,OK,0
PolypGen,data/external/PolypGen/PolypGen2021_MultiCenterData_v3/sequenceData/positive/seq8/bbox_seq8/3_endocv2021_positive_1084.txt,1,1.00 B,,,OK,0
PolypGen,data/external/PolypGen/PolypGen2021_MultiCenterData_v3/sequenceData/positive/seq8/bbox_seq8/3_endocv2021_positive_1089.txt,1,1.00 B,,,OK,0
PolypGen,data/external/PolypGen/PolypGen2021_MultiCenterData_v3/sequenceData/positive/seq8/bbox_seq8/3_endocv2021_positive_1102.txt,1,1.00 B,,,OK,0
PolypGen,data/external/PolypGen/PolypGen2021_MultiCenterData_v3/sequenceData/positive/seq8/bbox_seq8/3_endocv2021_positive_724.txt,20,20.00 B,,,OK,0
PolypGen,data/external/PolypGen/PolypGen2021_MultiCenterData_v3/sequenceData/positive/seq8/bbox_seq8/3_endocv2021_positive_725.txt,21,21.00 B,,,OK,0
PolypGen,data/external/PolypGen/PolypGen2021_MultiCenterData_v3/sequenceData/positive/seq8/bbox_seq8/3_endocv2021_positive_728.txt,20,20.00 B,,,OK,0
PolypGen,data/external/PolypGen/PolypGen2021_MultiCenterData_v3/sequenceData/positive/seq8/bbox_seq8/3_endocv2021_positive_731.txt,42,42.00 B,,,OK,0
PolypGen,data/external/PolypGen/PolypGen2021_MultiCenterData_v3/sequenceData/positive/seq8/bbox_seq8/3_endocv2021_positive_734.txt,22,22.00 B,,,OK,0
PolypGen,data/external/PolypGen/PolypGen2021_MultiCenterData_v3/sequenceData/positive/seq8/bbox_seq8/3_endocv2021_positive_751.txt,22,22.00 B,,,OK,0
PolypGen,data/external/PolypGen/PolypGen2021_MultiCenterData_v3/sequenceData/positive/seq8/bbox_seq8/3_endocv2021_positive_757.txt,22,22.00 B,,,OK,0
PolypGen,data/external/PolypGen/PolypGen2021_MultiCenterData_v3/sequenceData/positive/seq8/bbox_seq8/3_endocv2021_positive_759.txt,21,21.00 B,,,OK,0
PolypGen,data/external/PolypGen/PolypGen2021_MultiCenterData_v3/sequenceData/positive/seq8/bbox_seq8/3_endocv2021_positive_761.txt,22,22.00 B,,,OK,0
PolypGen,data/external/PolypGen/PolypGen2021_MultiCenterData_v3/sequenceData/positive/seq8/bbox_seq8/3_endocv2021_positive_766.txt,20,20.00 B,,,OK,0
PolypGen,data/external/PolypGen/PolypGen2021_MultiCenterData_v3/sequenceData/positive/seq8/bbox_seq8/3_endocv2021_positive_767.txt,20,20.00 B,,,OK,0
PolypGen,data/external/PolypGen/PolypGen2021_MultiCenterData_v3/sequenceData/positive/seq8/bbox_seq8/3_endocv2021_positive_781.txt,1,1.00 B,,,OK,0
PolypGen,data/external/PolypGen/PolypGen2021_MultiCenterData_v3/sequenceData/positive/seq8/bbox_seq8/3_endocv2021_positive_783.txt,1,1.00 B,,,OK,0
PolypGen,data/external/PolypGen/PolypGen2021_MultiCenterData_v3/sequenceData/positive/seq8/bbox_seq8/3_endocv2021_positive_804.txt,1,1.00 B,,,OK,0
PolypGen,data/external/PolypGen/PolypGen2021_MultiCenterData_v3/sequenceData/positive/seq8/bbox_seq8/3_endocv2021_positive_805.txt,1,1.00 B,,,OK,0
PolypGen,data/external/PolypGen/PolypGen2021_MultiCenterData_v3/sequenceData/positive/seq8/bbox_seq8/3_endocv2021_positive_808.txt,1,1.00 B,,,OK,0
PolypGen,data/external/PolypGen/PolypGen2021_MultiCenterData_v3/sequenceData/positive/seq8/bbox_seq8/3_endocv2021_positive_809.txt,1,1.00 B,,,OK,0
PolypGen,data/external/PolypGen/PolypGen2021_MultiCenterData_v3/sequenceData/positive/seq8/bbox_seq8/3_endocv2021_positive_811.txt,1,1.00 B,,,OK,0
PolypGen,data/external/PolypGen/PolypGen2021_MultiCenterData_v3/sequenceData/positive/seq8/bbox_seq8/3_endocv2021_positive_820.txt,1,1.00 B,,,OK,0
PolypGen,data/external/PolypGen/PolypGen2021_MultiCenterData_v3/sequenceData/positive/seq8/bbox_seq8/3_endocv2021_positive_821.txt,1,1.00 B,,,OK,0
PolypGen,data/external/PolypGen/PolypGen2021_MultiCenterData_v3/sequenceData/positive/seq8/bbox_seq8/3_endocv2021_positive_826.txt,20,20.00 B,,,OK,0
PolypGen,data/external/PolypGen/PolypGen2021_MultiCenterData_v3/sequenceData/positive/seq8/bbox_seq8/3_endocv2021_positive_833.txt,20,20.00 B,,,OK,0
PolypGen,data/external/PolypGen/PolypGen2021_MultiCenterData_v3/sequenceData/positive/seq8/bbox_seq8/3_endocv2021_positive_834.txt,21,21.00 B,,,OK,0
PolypGen,data/external/PolypGen/PolypGen2021_MultiCenterData_v3/sequenceData/positive/seq8/bbox_seq8/3_endocv2021_positive_840.txt,21,21.00 B,,,OK,0
PolypGen,data/external/PolypGen/PolypGen2021_MultiCenterData_v3/sequenceData/positive/seq8/bbox_seq8/3_endocv2021_positive_845.txt,20,20.00 B,,,OK,0
PolypGen,data/external/PolypGen/PolypGen2021_MultiCenterData_v3/sequenceData/positive/seq8/bbox_seq8/3_endocv2021_positive_847.txt,21,21.00 B,,,OK,0
PolypGen,data/external/PolypGen/PolypGen2021_MultiCenterData_v3/sequenceData/positive/seq8/bbox_seq8/3_endocv2021_positive_851.txt,20,20.00 B,,,OK,0
PolypGen,data/external/PolypGen/PolypGen2021_MultiCenterData_v3/sequenceData/positive/seq8/bbox_seq8/3_endocv2021_positive_853.txt,20,20.00 B,,,OK,0
PolypGen,data/external/PolypGen/PolypGen2021_MultiCenterData_v3/sequenceData/positive/seq8/bbox_seq8/3_endocv2021_positive_858.txt,21,21.00 B,,,OK,0
PolypGen,data/external/PolypGen/PolypGen2021_MultiCenterData_v3/sequenceData/positive/seq8/bbox_seq8/3_endocv2021_positive_861.txt,41,41.00 B,,,OK,0
PolypGen,data/external/PolypGen/PolypGen2021_MultiCenterData_v3/sequenceData/positive/seq8/bbox_seq8/3_endocv2021_positive_865.txt,22,22.00 B,,,OK,0
PolypGen,data/external/PolypGen/PolypGen2021_MultiCenterData_v3/sequenceData/positive/seq8/bbox_seq8/3_endocv2021_positive_866.txt,22,22.00 B,,,OK,0
PolypGen,data/external/PolypGen/PolypGen2021_MultiCenterData_v3/sequenceData/positive/seq8/bbox_seq8/3_endocv2021_positive_871.txt,22,22.00 B,,,OK,0
PolypGen,data/external/PolypGen/PolypGen2021_MultiCenterData_v3/sequenceData/positive/seq8/bbox_seq8/3_endocv2021_positive_873.txt,22,22.00 B,,,OK,0
PolypGen,data/external/PolypGen/PolypGen2021_MultiCenterData_v3/sequenceData/positive/seq8/bbox_seq8/3_endocv2021_positive_874.txt,22,22.00 B,,,OK,0
PolypGen,data/external/PolypGen/PolypGen2021_MultiCenterData_v3/sequenceData/positive/seq8/bbox_seq8/3_endocv2021_positive_875.txt,22,22.00 B,,,OK,0
PolypGen,data/external/PolypGen/PolypGen2021_MultiCenterData_v3/sequenceData/positive/seq8/bbox_seq8/3_endocv2021_positive_876.txt,22,22.00 B,,,OK,0
PolypGen,data/external/PolypGen/PolypGen2021_MultiCenterData_v3/sequenceData/positive/seq8/bbox_seq8/3_endocv2021_positive_877.txt,22,22.00 B,,,OK,0
PolypGen,data/external/PolypGen/PolypGen2021_MultiCenterData_v3/sequenceData/positive/seq8/bbox_seq8/3_endocv2021_positive_878.txt,44,44.00 B,,,OK,0
PolypGen,data/external/PolypGen/PolypGen2021_MultiCenterData_v3/sequenceData/positive/seq8/bbox_seq8/3_endocv2021_positive_881.txt,22,22.00 B,,,OK,0
PolypGen,data/external/PolypGen/PolypGen2021_MultiCenterData_v3/sequenceData/positive/seq8/bbox_seq8/3_endocv2021_positive_885.txt,22,22.00 B,,,OK,0
PolypGen,data/external/PolypGen/PolypGen2021_MultiCenterData_v3/sequenceData/positive/seq8/bbox_seq8/3_endocv2021_positive_889.txt,22,22.00 B,,,OK,0
PolypGen,data/external/PolypGen/PolypGen2021_MultiCenterData_v3/sequenceData/positive/seq8/bbox_seq8/3_endocv2021_positive_891.txt,22,22.00 B,,,OK,0
PolypGen,data/external/PolypGen/PolypGen2021_MultiCenterData_v3/sequenceData/positive/seq8/bbox_seq8/3_endocv2021_positive_893.txt,22,22.00 B,,,OK,0
PolypGen,data/external/PolypGen/PolypGen2021_MultiCenterData_v3/sequenceData/positive/seq8/bbox_seq8/3_endocv2021_positive_894.txt,22,22.00 B,,,OK,0
PolypGen,data/external/PolypGen/PolypGen2021_MultiCenterData_v3/sequenceData/positive/seq8/bbox_seq8/3_endocv2021_positive_899.txt,1,1.00 B,,,OK,0
PolypGen,data/external/PolypGen/PolypGen2021_MultiCenterData_v3/sequenceData/positive/seq8/bbox_seq8/3_endocv2021_positive_901.txt,1,1.00 B,,,OK,0
PolypGen,data/external/PolypGen/PolypGen2021_MultiCenterData_v3/sequenceData/positive/seq8/bbox_seq8/3_endocv2021_positive_929.txt,22,22.00 B,,,OK,0
PolypGen,data/external/PolypGen/PolypGen2021_MultiCenterData_v3/sequenceData/positive/seq8/bbox_seq8/3_endocv2021_positive_941.txt,1,1.00 B,,,OK,0
PolypGen,data/external/PolypGen/PolypGen2021_MultiCenterData_v3/sequenceData/positive/seq8/bbox_seq8/3_endocv2021_positive_943.txt,1,1.00 B,,,OK,0
PolypGen,data/external/PolypGen/PolypGen2021_MultiCenterData_v3/sequenceData/positive/seq8/bbox_seq8/3_endocv2021_positive_954.txt,1,1.00 B,,,OK,0
PolypGen,data/external/PolypGen/PolypGen2021_MultiCenterData_v3/sequenceData/positive/seq8/bbox_seq8/3_endocv2021_positive_965.txt,22,22.00 B,,,OK,0
PolypGen,data/external/PolypGen/PolypGen2021_MultiCenterData_v3/sequenceData/positive/seq8/bbox_seq8/3_endocv2021_positive_972.txt,22,22.00 B,,,OK,0
PolypGen,data/external/PolypGen/PolypGen2021_MultiCenterData_v3/sequenceData/positive/seq8/bbox_seq8/3_endocv2021_positive_985.txt,22,22.00 B,,,OK,0
PolypGen,data/external/PolypGen/PolypGen2021_MultiCenterData_v3/sequenceData/positive/seq8/bbox_seq8/3_endocv2021_positive_993.txt,22,22.00 B,,,OK,0
PolypGen,data/external/PolypGen/PolypGen2021_MultiCenterData_v3/sequenceData/positive/seq8/masks_seq8/3_endocv2021_positive_1001_mask.txt,22,22.00 B,,,OK,0
PolypGen,data/external/PolypGen/PolypGen2021_MultiCenterData_v3/sequenceData/positive/seq8/masks_seq8/3_endocv2021_positive_1013_mask.txt,21,21.00 B,,,OK,0
PolypGen,data/external/PolypGen/PolypGen2021_MultiCenterData_v3/sequenceData/positive/seq8/masks_seq8/3_endocv2021_positive_1019_mask.txt,22,22.00 B,,,OK,0
PolypGen,data/external/PolypGen/PolypGen2021_MultiCenterData_v3/sequenceData/positive/seq8/masks_seq8/3_endocv2021_positive_1023_mask.txt,21,21.00 B,,,OK,0
PolypGen,data/external/PolypGen/PolypGen2021_MultiCenterData_v3/sequenceData/positive/seq8/masks_seq8/3_endocv2021_positive_1030_mask.txt,21,21.00 B,,,OK,0
PolypGen,data/external/PolypGen/PolypGen2021_MultiCenterData_v3/sequenceData/positive/seq8/masks_seq8/3_endocv2021_positive_1031_mask.txt,21,21.00 B,,,OK,0
PolypGen,data/external/PolypGen/PolypGen2021_MultiCenterData_v3/sequenceData/positive/seq8/masks_seq8/3_endocv2021_positive_1036_mask.txt,22,22.00 B,,,OK,0
PolypGen,data/external/PolypGen/PolypGen2021_MultiCenterData_v3/sequenceData/positive/seq8/masks_seq8/3_endocv2021_positive_1041_mask.txt,44,44.00 B,,,OK,0
PolypGen,data/external/PolypGen/PolypGen2021_MultiCenterData_v3/sequenceData/positive/seq8/masks_seq8/3_endocv2021_positive_1044_mask.txt,20,20.00 B,,,OK,0
PolypGen,data/external/PolypGen/PolypGen2021_MultiCenterData_v3/sequenceData/positive/seq8/masks_seq8/3_endocv2021_positive_1048_mask.txt,1,1.00 B,,,OK,0
PolypGen,data/external/PolypGen/PolypGen2021_MultiCenterData_v3/sequenceData/positive/seq8/masks_seq8/3_endocv2021_positive_1050_mask.txt,1,1.00 B,,,OK,0
PolypGen,data/external/PolypGen/PolypGen2021_MultiCenterData_v3/sequenceData/positive/seq8/masks_seq8/3_endocv2021_positive_1052_mask.txt,23,23.00 B,,,OK,0
PolypGen,data/external/PolypGen/PolypGen2021_MultiCenterData_v3/sequenceData/positive/seq8/masks_seq8/3_endocv2021_positive_1054_mask.txt,23,23.00 B,,,OK,0
PolypGen,data/external/PolypGen/PolypGen2021_MultiCenterData_v3/sequenceData/positive/seq8/masks_seq8/3_endocv2021_positive_1065_mask.txt,24,24.00 B,,,OK,0
PolypGen,data/external/PolypGen/PolypGen2021_MultiCenterData_v3/sequenceData/positive/seq8/masks_seq8/3_endocv2021_positive_1067_mask.txt,23,23.00 B,,,OK,0
PolypGen,data/external/PolypGen/PolypGen2021_MultiCenterData_v3/sequenceData/positive/seq8/masks_seq8/3_endocv2021_positive_1084_mask.txt,1,1.00 B,,,OK,0
PolypGen,data/external/PolypGen/PolypGen2021_MultiCenterData_v3/sequenceData/positive/seq8/masks_seq8/3_endocv2021_positive_1089_mask.txt,1,1.00 B,,,OK,0
PolypGen,data/external/PolypGen/PolypGen2021_MultiCenterData_v3/sequenceData/positive/seq8/masks_seq8/3_endocv2021_positive_1102_mask.txt,1,1.00 B,,,OK,0
PolypGen,data/external/PolypGen/PolypGen2021_MultiCenterData_v3/sequenceData/positive/seq8/masks_seq8/3_endocv2021_positive_724_mask.txt,20,20.00 B,,,OK,0
PolypGen,data/external/PolypGen/PolypGen2021_MultiCenterData_v3/sequenceData/positive/seq8/masks_seq8/3_endocv2021_positive_725_mask.txt,21,21.00 B,,,OK,0
PolypGen,data/external/PolypGen/PolypGen2021_MultiCenterData_v3/sequenceData/positive/seq8/masks_seq8/3_endocv2021_positive_728_mask.txt,20,20.00 B,,,OK,0
PolypGen,data/external/PolypGen/PolypGen2021_MultiCenterData_v3/sequenceData/positive/seq8/masks_seq8/3_endocv2021_positive_731_mask.txt,22,22.00 B,,,OK,0
PolypGen,data/external/PolypGen/PolypGen2021_MultiCenterData_v3/sequenceData/positive/seq8/masks_seq8/3_endocv2021_positive_734_mask.txt,1,1.00 B,,,OK,0
PolypGen,data/external/PolypGen/PolypGen2021_MultiCenterData_v3/sequenceData/positive/seq8/masks_seq8/3_endocv2021_positive_751_mask.txt,44,44.00 B,,,OK,0
PolypGen,data/external/PolypGen/PolypGen2021_MultiCenterData_v3/sequenceData/positive/seq8/masks_seq8/3_endocv2021_positive_757_mask.txt,22,22.00 B,,,OK,0
PolypGen,data/external/PolypGen/PolypGen2021_MultiCenterData_v3/sequenceData/positive/seq8/masks_seq8/3_endocv2021_positive_759_mask.txt,21,21.00 B,,,OK,0
PolypGen,data/external/PolypGen/PolypGen2021_MultiCenterData_v3/sequenceData/positive/seq8/masks_seq8/3_endocv2021_positive_761_mask.txt,22,22.00 B,,,OK,0
PolypGen,data/external/PolypGen/PolypGen2021_MultiCenterData_v3/sequenceData/positive/seq8/masks_seq8/3_endocv2021_positive_766_mask.txt,20,20.00 B,,,OK,0
PolypGen,data/external/PolypGen/PolypGen2021_MultiCenterData_v3/sequenceData/positive/seq8/masks_seq8/3_endocv2021_positive_767_mask.txt,20,20.00 B,,,OK,0
PolypGen,data/external/PolypGen/PolypGen2021_MultiCenterData_v3/sequenceData/positive/seq8/masks_seq8/3_endocv2021_positive_781_mask.txt,1,1.00 B,,,OK,0
PolypGen,data/external/PolypGen/PolypGen2021_MultiCenterData_v3/sequenceData/positive/seq8/masks_seq8/3_endocv2021_positive_783_mask.txt,1,1.00 B,,,OK,0
PolypGen,data/external/PolypGen/PolypGen2021_MultiCenterData_v3/sequenceData/positive/seq8/masks_seq8/3_endocv2021_positive_804_mask.txt,1,1.00 B,,,OK,0
PolypGen,data/external/PolypGen/PolypGen2021_MultiCenterData_v3/sequenceData/positive/seq8/masks_seq8/3_endocv2021_positive_805_mask.txt,1,1.00 B,,,OK,0
PolypGen,data/external/PolypGen/PolypGen2021_MultiCenterData_v3/sequenceData/positive/seq8/masks_seq8/3_endocv2021_positive_808_mask.txt,1,1.00 B,,,OK,0
PolypGen,data/external/PolypGen/PolypGen2021_MultiCenterData_v3/sequenceData/positive/seq8/masks_seq8/3_endocv2021_positive_809_mask.txt,1,1.00 B,,,OK,0
PolypGen,data/external/PolypGen/PolypGen2021_MultiCenterData_v3/sequenceData/positive/seq8/masks_seq8/3_endocv2021_positive_811_mask.txt,1,1.00 B,,,OK,0
PolypGen,data/external/PolypGen/PolypGen2021_MultiCenterData_v3/sequenceData/positive/seq8/masks_seq8/3_endocv2021_positive_820_mask.txt,1,1.00 B,,,OK,0
PolypGen,data/external/PolypGen/PolypGen2021_MultiCenterData_v3/sequenceData/positive/seq8/masks_seq8/3_endocv2021_positive_821_mask.txt,1,1.00 B,,,OK,0
PolypGen,data/external/PolypGen/PolypGen2021_MultiCenterData_v3/sequenceData/positive/seq8/masks_seq8/3_endocv2021_positive_826_mask.txt,20,20.00 B,,,OK,0
PolypGen,data/external/PolypGen/PolypGen2021_MultiCenterData_v3/sequenceData/positive/seq8/masks_seq8/3_endocv2021_positive_833_mask.txt,20,20.00 B,,,OK,0
PolypGen,data/external/PolypGen/PolypGen2021_MultiCenterData_v3/sequenceData/positive/seq8/masks_seq8/3_endocv2021_positive_834_mask.txt,21,21.00 B,,,OK,0
PolypGen,data/external/PolypGen/PolypGen2021_MultiCenterData_v3/sequenceData/positive/seq8/masks_seq8/3_endocv2021_positive_840_mask.txt,21,21.00 B,,,OK,0
PolypGen,data/external/PolypGen/PolypGen2021_MultiCenterData_v3/sequenceData/positive/seq8/masks_seq8/3_endocv2021_positive_845_mask.txt,20,20.00 B,,,OK,0
PolypGen,data/external/PolypGen/PolypGen2021_MultiCenterData_v3/sequenceData/positive/seq8/masks_seq8/3_endocv2021_positive_847_mask.txt,21,21.00 B,,,OK,0
PolypGen,data/external/PolypGen/PolypGen2021_MultiCenterData_v3/sequenceData/positive/seq8/masks_seq8/3_endocv2021_positive_851_mask.txt,20,20.00 B,,,OK,0
PolypGen,data/external/PolypGen/PolypGen2021_MultiCenterData_v3/sequenceData/positive/seq8/masks_seq8/3_endocv2021_positive_853_mask.txt,20,20.00 B,,,OK,0
PolypGen,data/external/PolypGen/PolypGen2021_MultiCenterData_v3/sequenceData/positive/seq8/masks_seq8/3_endocv2021_positive_858_mask.txt,21,21.00 B,,,OK,0
PolypGen,data/external/PolypGen/PolypGen2021_MultiCenterData_v3/sequenceData/positive/seq8/masks_seq8/3_endocv2021_positive_861_mask.txt,41,41.00 B,,,OK,0
PolypGen,data/external/PolypGen/PolypGen2021_MultiCenterData_v3/sequenceData/positive/seq8/masks_seq8/3_endocv2021_positive_865_mask.txt,22,22.00 B,,,OK,0
PolypGen,data/external/PolypGen/PolypGen2021_MultiCenterData_v3/sequenceData/positive/seq8/masks_seq8/3_endocv2021_positive_866_mask.txt,22,22.00 B,,,OK,0
PolypGen,data/external/PolypGen/PolypGen2021_MultiCenterData_v3/sequenceData/positive/seq8/masks_seq8/3_endocv2021_positive_871_mask.txt,22,22.00 B,,,OK,0
PolypGen,data/external/PolypGen/PolypGen2021_MultiCenterData_v3/sequenceData/positive/seq8/masks_seq8/3_endocv2021_positive_873_mask.txt,22,22.00 B,,,OK,0
PolypGen,data/external/PolypGen/PolypGen2021_MultiCenterData_v3/sequenceData/positive/seq8/masks_seq8/3_endocv2021_positive_874_mask.txt,22,22.00 B,,,OK,0
PolypGen,data/external/PolypGen/PolypGen2021_MultiCenterData_v3/sequenceData/positive/seq8/masks_seq8/3_endocv2021_positive_875_mask.txt,22,22.00 B,,,OK,0
PolypGen,data/external/PolypGen/PolypGen2021_MultiCenterData_v3/sequenceData/positive/seq8/masks_seq8/3_endocv2021_positive_876_mask.txt,22,22.00 B,,,OK,0
PolypGen,data/external/PolypGen/PolypGen2021_MultiCenterData_v3/sequenceData/positive/seq8/masks_seq8/3_endocv2021_positive_877_mask.txt,22,22.00 B,,,OK,0
PolypGen,data/external/PolypGen/PolypGen2021_MultiCenterData_v3/sequenceData/positive/seq8/masks_seq8/3_endocv2021_positive_878_mask.txt,44,44.00 B,,,OK,0
PolypGen,data/external/PolypGen/PolypGen2021_MultiCenterData_v3/sequenceData/positive/seq8/masks_seq8/3_endocv2021_positive_881_mask.txt,22,22.00 B,,,OK,0
PolypGen,data/external/PolypGen/PolypGen2021_MultiCenterData_v3/sequenceData/positive/seq8/masks_seq8/3_endocv2021_positive_885_mask.txt,22,22.00 B,,,OK,0
PolypGen,data/external/PolypGen/PolypGen2021_MultiCenterData_v3/sequenceData/positive/seq8/masks_seq8/3_endocv2021_positive_889_mask.txt,22,22.00 B,,,OK,0
PolypGen,data/external/PolypGen/PolypGen2021_MultiCenterData_v3/sequenceData/positive/seq8/masks_seq8/3_endocv2021_positive_891_mask.txt,22,22.00 B,,,OK,0
PolypGen,data/external/PolypGen/PolypGen2021_MultiCenterData_v3/sequenceData/positive/seq8/masks_seq8/3_endocv2021_positive_893_mask.txt,22,22.00 B,,,OK,0
PolypGen,data/external/PolypGen/PolypGen2021_MultiCenterData_v3/sequenceData/positive/seq8/masks_seq8/3_endocv2021_positive_894_mask.txt,22,22.00 B,,,OK,0
PolypGen,data/external/PolypGen/PolypGen2021_MultiCenterData_v3/sequenceData/positive/seq8/masks_seq8/3_endocv2021_positive_899_mask.txt,1,1.00 B,,,OK,0
PolypGen,data/external/PolypGen/PolypGen2021_MultiCenterData_v3/sequenceData/positive/seq8/masks_seq8/3_endocv2021_positive_901_mask.txt,1,1.00 B,,,OK,0
PolypGen,data/external/PolypGen/PolypGen2021_MultiCenterData_v3/sequenceData/positive/seq8/masks_seq8/3_endocv2021_positive_929_mask.txt,22,22.00 B,,,OK,0
PolypGen,data/external/PolypGen/PolypGen2021_MultiCenterData_v3/sequenceData/positive/seq8/masks_seq8/3_endocv2021_positive_941_mask.txt,1,1.00 B,,,OK,0
PolypGen,data/external/PolypGen/PolypGen2021_MultiCenterData_v3/sequenceData/positive/seq8/masks_seq8/3_endocv2021_positive_943_mask.txt,1,1.00 B,,,OK,0
PolypGen,data/external/PolypGen/PolypGen2021_MultiCenterData_v3/sequenceData/positive/seq8/masks_seq8/3_endocv2021_positive_954_mask.txt,1,1.00 B,,,OK,0
PolypGen,data/external/PolypGen/PolypGen2021_MultiCenterData_v3/sequenceData/positive/seq8/masks_seq8/3_endocv2021_positive_965_mask.txt,22,22.00 B,,,OK,0
PolypGen,data/external/PolypGen/PolypGen2021_MultiCenterData_v3/sequenceData/positive/seq8/masks_seq8/3_endocv2021_positive_972_mask.txt,22,22.00 B,,,OK,0
PolypGen,data/external/PolypGen/PolypGen2021_MultiCenterData_v3/sequenceData/positive/seq8/masks_seq8/3_endocv2021_positive_985_mask.txt,22,22.00 B,,,OK,0
PolypGen,data/external/PolypGen/PolypGen2021_MultiCenterData_v3/sequenceData/positive/seq8/masks_seq8/3_endocv2021_positive_993_mask.txt,22,22.00 B,,,OK,0
PolypGen,data/external/PolypGen/PolypGen2021_MultiCenterData_v3/sequenceData/positive/seq9/bbox_seq9/7_endocv2021_positive_173.txt,1,1.00 B,,,OK,0
PolypGen,data/external/PolypGen/PolypGen2021_MultiCenterData_v3/sequenceData/positive/seq9/bbox_seq9/7_endocv2021_positive_182.txt,1,1.00 B,,,OK,0
PolypGen,data/external/PolypGen/PolypGen2021_MultiCenterData_v3/sequenceData/positive/seq9/bbox_seq9/7_endocv2021_positive_183.txt,1,1.00 B,,,OK,0
PolypGen,data/external/PolypGen/PolypGen2021_MultiCenterData_v3/sequenceData/positive/seq9/bbox_seq9/7_endocv2021_positive_191.txt,25,25.00 B,,,OK,0
PolypGen,data/external/PolypGen/PolypGen2021_MultiCenterData_v3/sequenceData/positive/seq9/bbox_seq9/7_endocv2021_positive_193.txt,25,25.00 B,,,OK,0
PolypGen,data/external/PolypGen/PolypGen2021_MultiCenterData_v3/sequenceData/positive/seq9/bbox_seq9/7_endocv2021_positive_194.txt,25,25.00 B,,,OK,0
PolypGen,data/external/PolypGen/PolypGen2021_MultiCenterData_v3/sequenceData/positive/seq9/bbox_seq9/7_endocv2021_positive_197.txt,24,24.00 B,,,OK,0
PolypGen,data/external/PolypGen/PolypGen2021_MultiCenterData_v3/sequenceData/positive/seq9/bbox_seq9/7_endocv2021_positive_198.txt,24,24.00 B,,,OK,0
PolypGen,data/external/PolypGen/PolypGen2021_MultiCenterData_v3/sequenceData/positive/seq9/bbox_seq9/7_endocv2021_positive_203.txt,25,25.00 B,,,OK,0
PolypGen,data/external/PolypGen/PolypGen2021_MultiCenterData_v3/sequenceData/positive/seq9/bbox_seq9/7_endocv2021_positive_206.txt,25,25.00 B,,,OK,0
PolypGen,data/external/PolypGen/PolypGen2021_MultiCenterData_v3/sequenceData/positive/seq9/bbox_seq9/7_endocv2021_positive_211.txt,25,25.00 B,,,OK,0
PolypGen,data/external/PolypGen/PolypGen2021_MultiCenterData_v3/sequenceData/positive/seq9/bbox_seq9/7_endocv2021_positive_218.txt,25,25.00 B,,,OK,0
PolypGen,data/external/PolypGen/PolypGen2021_MultiCenterData_v3/sequenceData/positive/seq9/bbox_seq9/7_endocv2021_positive_225.txt,25,25.00 B,,,OK,0
PolypGen,data/external/PolypGen/PolypGen2021_MultiCenterData_v3/sequenceData/positive/seq9/bbox_seq9/7_endocv2021_positive_227.txt,25,25.00 B,,,OK,0
PolypGen,data/external/PolypGen/PolypGen2021_MultiCenterData_v3/sequenceData/positive/seq9/bbox_seq9/7_endocv2021_positive_228.txt,25,25.00 B,,,OK,0
PolypGen,data/external/PolypGen/PolypGen2021_MultiCenterData_v3/sequenceData/positive/seq9/bbox_seq9/7_endocv2021_positive_229.txt,25,25.00 B,,,OK,0
PolypGen,data/external/PolypGen/PolypGen2021_MultiCenterData_v3/sequenceData/positive/seq9/bbox_seq9/7_endocv2021_positive_234.txt,25,25.00 B,,,OK,0
PolypGen,data/external/PolypGen/PolypGen2021_MultiCenterData_v3/sequenceData/positive/seq9/bbox_seq9/7_endocv2021_positive_256.txt,25,25.00 B,,,OK,0
PolypGen,data/external/PolypGen/PolypGen2021_MultiCenterData_v3/sequenceData/positive/seq9/bbox_seq9/7_endocv2021_positive_260.txt,24,24.00 B,,,OK,0
PolypGen,data/external/PolypGen/PolypGen2021_MultiCenterData_v3/sequenceData/positive/seq9/bbox_seq9/7_endocv2021_positive_261.txt,24,24.00 B,,,OK,0
PolypGen,data/external/PolypGen/PolypGen2021_MultiCenterData_v3/sequenceData/positive/seq9/bbox_seq9/7_endocv2021_positive_264.txt,1,1.00 B,,,OK,0
PolypGen,data/external/PolypGen/PolypGen2021_MultiCenterData_v3/sequenceData/positive/seq9/bbox_seq9/7_endocv2021_positive_266.txt,1,1.00 B,,,OK,0
PolypGen,data/external/PolypGen/PolypGen2021_MultiCenterData_v3/sequenceData/positive/seq9/bbox_seq9/7_endocv2021_positive_269.txt,1,1.00 B,,,OK,0
PolypGen,data/external/PolypGen/PolypGen2021_MultiCenterData_v3/sequenceData/positive/seq9/bbox_seq9/7_endocv2021_positive_275.txt,1,1.00 B,,,OK,0
PolypGen,data/external/PolypGen/PolypGen2021_MultiCenterData_v3/sequenceData/positive/seq9/bbox_seq9/7_endocv2021_positive_277.txt,1,1.00 B,,,OK,0
PolypGen,data/external/PolypGen/PolypGen2021_MultiCenterData_v3/sequenceData/positive/seq9/bbox_seq9/7_endocv2021_positive_279.txt,1,1.00 B,,,OK,0
PolypGen,data/external/PolypGen/PolypGen2021_MultiCenterData_v3/sequenceData/positive/seq9/bbox_seq9/7_endocv2021_positive_301.txt,24,24.00 B,,,OK,0
PolypGen,data/external/PolypGen/PolypGen2021_MultiCenterData_v3/sequenceData/positive/seq9/bbox_seq9/7_endocv2021_positive_303.txt,25,25.00 B,,,OK,0
PolypGen,data/external/PolypGen/PolypGen2021_MultiCenterData_v3/sequenceData/positive/seq9/bbox_seq9/7_endocv2021_positive_305.txt,24,24.00 B,,,OK,0
PolypGen,data/external/PolypGen/PolypGen2021_MultiCenterData_v3/sequenceData/positive/seq9/bbox_seq9/7_endocv2021_positive_317.txt,24,24.00 B,,,OK,0
PolypGen,data/external/PolypGen/PolypGen2021_MultiCenterData_v3/sequenceData/positive/seq9/bbox_seq9/7_endocv2021_positive_318.txt,24,24.00 B,,,OK,0
PolypGen,data/external/PolypGen/PolypGen2021_MultiCenterData_v3/sequenceData/positive/seq9/bbox_seq9/7_endocv2021_positive_327.txt,24,24.00 B,,,OK,0
PolypGen,data/external/PolypGen/PolypGen2021_MultiCenterData_v3/sequenceData/positive/seq9/bbox_seq9/7_endocv2021_positive_328.txt,24,24.00 B,,,OK,0
PolypGen,data/external/PolypGen/PolypGen2021_MultiCenterData_v3/sequenceData/positive/seq9/bbox_seq9/7_endocv2021_positive_331.txt,24,24.00 B,,,OK,0
PolypGen,data/external/PolypGen/PolypGen2021_MultiCenterData_v3/sequenceData/positive/seq9/bbox_seq9/7_endocv2021_positive_332.txt,24,24.00 B,,,OK,0
PolypGen,data/external/PolypGen/PolypGen2021_MultiCenterData_v3/sequenceData/positive/seq9/bbox_seq9/7_endocv2021_positive_335.txt,24,24.00 B,,,OK,0
PolypGen,data/external/PolypGen/PolypGen2021_MultiCenterData_v3/sequenceData/positive/seq9/bbox_seq9/7_endocv2021_positive_336.txt,24,24.00 B,,,OK,0
PolypGen,data/external/PolypGen/PolypGen2021_MultiCenterData_v3/sequenceData/positive/seq9/bbox_seq9/7_endocv2021_positive_341.txt,24,24.00 B,,,OK,0
PolypGen,data/external/PolypGen/PolypGen2021_MultiCenterData_v3/sequenceData/positive/seq9/bbox_seq9/7_endocv2021_positive_348.txt,24,24.00 B,,,OK,0
PolypGen,data/external/PolypGen/PolypGen2021_MultiCenterData_v3/sequenceData/positive/seq9/bbox_seq9/7_endocv2021_positive_353.txt,24,24.00 B,,,OK,0
PolypGen,data/external/PolypGen/PolypGen2021_MultiCenterData_v3/sequenceData/positive/seq9/bbox_seq9/7_endocv2021_positive_359.txt,25,25.00 B,,,OK,0
PolypGen,data/external/PolypGen/PolypGen2021_MultiCenterData_v3/sequenceData/positive/seq9/bbox_seq9/7_endocv2021_positive_380.txt,25,25.00 B,,,OK,0
PolypGen,data/external/PolypGen/PolypGen2021_MultiCenterData_v3/sequenceData/positive/seq9/bbox_seq9/7_endocv2021_positive_385.txt,24,24.00 B,,,OK,0
PolypGen,data/external/PolypGen/PolypGen2021_MultiCenterData_v3/sequenceData/positive/seq9/bbox_seq9/7_endocv2021_positive_392.txt,25,25.00 B,,,OK,0
PolypGen,data/external/PolypGen/PolypGen2021_MultiCenterData_v3/sequenceData/positive/seq9/bbox_seq9/7_endocv2021_positive_412.txt,25,25.00 B,,,OK,0
PolypGen,data/external/PolypGen/PolypGen2021_MultiCenterData_v3/sequenceData/positive/seq9/bbox_seq9/7_endocv2021_positive_417.txt,25,25.00 B,,,OK,0
PolypGen,data/external/PolypGen/PolypGen2021_MultiCenterData_v3/sequenceData/positive/seq9/bbox_seq9/7_endocv2021_positive_419.txt,25,25.00 B,,,OK,0
PolypGen,data/external/PolypGen/PolypGen2021_MultiCenterData_v3/sequenceData/positive/seq9/bbox_seq9/7_endocv2021_positive_420.txt,25,25.00 B,,,OK,0
PolypGen,data/external/PolypGen/PolypGen2021_MultiCenterData_v3/sequenceData/positive/seq9/bbox_seq9/7_endocv2021_positive_427.txt,25,25.00 B,,,OK,0
PolypGen,data/external/PolypGen/PolypGen2021_MultiCenterData_v3/sequenceData/positive/seq9/bbox_seq9/7_endocv2021_positive_439.txt,25,25.00 B,,,OK,0
PolypGen,data/external/PolypGen/PolypGen2021_MultiCenterData_v3/sequenceData/positive/seq9/bbox_seq9/7_endocv2021_positive_441.txt,25,25.00 B,,,OK,0
PolypGen,data/external/PolypGen/__MACOSX/PolypGen2021_MultiCenterData_v3/._fileStructure_directories.txt,176,176.00 B,,,OK,0
Prostate158,cross_modality_prostate_mri/data/extracted/Prostate158/prostate158_train/train.csv,20373,19.90 KiB,119,ID|t2|adc|dwi|t2_anatomy_reader1|t2_tumor_reader1|adc_tumor_reader1|t2_anatomy_reader2|adc_tumor_reader2,OK,0
Prostate158,cross_modality_prostate_mri/data/extracted/Prostate158/prostate158_train/valid.csv,3529,3.45 KiB,20,ID|t2|adc|dwi|t2_anatomy_reader1|t2_tumor_reader1|adc_tumor_reader1|t2_anatomy_reader2|adc_tumor_reader2,OK,0
