dataset,path,signal_hit_count,examples
Prostate158,code/Q1X_CM2A_prostate158_official_manifest_t2_resolver_and_slice_preflight_fix2.py,40,"L14:- t2_anatomy_reader1 || L15: || L16:Fix2 therefore resolves the SOURCE image/label pair from those official CSV || L17:manifests, then verifies file existence and exact image/label geometry. || L18: ### L39:OUT = Path(r""F:\MEDSEG_SAFETTA\outputs"") || L40: || L41:CM1_DIR = OUT / ""Q1X_CM1_prostate_mri_schema_and_source_label_audit_fix3_v1"" || L42:CM1_LOCK = CM1_DIR / ""CM1_PROSTATE_MRI_SCHEMA_LOCK.json"" || L43:EXPECTED_CM1_LOCK_SHA = ( ### L54: || L55:DECISION_PASS = ( || L56:""SOURCE_T2_SERIES_AND_SLICE_SAMPLE_UNIT_LOCKED_READY_FOR_CM2B_PREPROCESSING_LOCK"" || L57:) || L58: ### L152: || L153: || L154:def load_official_source_manifest(): || L155:print(""\n===== PROSTATE158 OFFICIAL CSV MANIFEST RESOLUTION ====="") || L156: ### L228:dup = out[out[""case_key""].duplicated(keep=False)] || L229:raise RuntimeError( || L230:""Official source manifest case IDs are not unique:\n"" || L231:+ dup.to_string(index=False) || L232:) ### L245: || L246: || L247:def verify_source_geometry_and_slices(nib, manifest: pd.DataFrame): || L248:print(""\n===== PROSTATE158 OFFICIAL IMAGE/LABEL GEOMETRY AUDIT ====="") || L249: ### L280:if any(v not in (0, 1, 2) for v in vals): || L281:raise RuntimeError( || L282:f""{r.case_key}: unexpected source label values {vals}"" || L283:) || L284: ### L310:""slice_axis"": 2, || L311:""n_slices"": n_slices, || L312:""n_source_gt_positive_slices"": n_positive, || L313:""n_source_gt_empty_slices"": n_slices - n_positive, || L314:""whole_gland_rule"": ""annotation > 0"","
Prostate158,code/Q1X_CM2A_prostate158_official_manifest_t2_resolver_and_slice_preflight_fix3.py,39,"L14:- t2_anatomy_reader1 || L15: || L16:Fix2 therefore resolves the SOURCE image/label pair from those official CSV || L17:manifests, then verifies file existence and exact image/label geometry. || L18: ### L39:OUT = Path(r""F:\MEDSEG_SAFETTA\outputs"") || L40: || L41:CM1_DIR = OUT / ""Q1X_CM1_prostate_mri_schema_and_source_label_audit_fix3_v1"" || L42:CM1_LOCK = CM1_DIR / ""CM1_PROSTATE_MRI_SCHEMA_LOCK.json"" || L43:EXPECTED_CM1_LOCK_SHA = ( ### L54: || L55:DECISION_PASS = ( || L56:""SOURCE_T2_SERIES_AND_SLICE_SAMPLE_UNIT_LOCKED_READY_FOR_CM2B_PREPROCESSING_LOCK"" || L57:) || L58: ### L152: || L153: || L154:def load_official_source_manifest(): || L155:print(""\n===== PROSTATE158 OFFICIAL CSV MANIFEST RESOLUTION ====="") || L156: ### L232:dup = out[out[""case_key""].duplicated(keep=False)] || L233:raise RuntimeError( || L234:""Official source manifest case IDs are not unique:\n"" || L235:+ dup.to_string(index=False) || L236:) ### L249: || L250: || L251:def verify_source_geometry_and_slices(nib, manifest: pd.DataFrame): || L252:print(""\n===== PROSTATE158 OFFICIAL IMAGE/LABEL GEOMETRY AUDIT ====="") || L253: ### L284:if any(v not in (0, 1, 2) for v in vals): || L285:raise RuntimeError( || L286:f""{r.case_key}: unexpected source label values {vals}"" || L287:) || L288: ### L314:""slice_axis"": 2, || L315:""n_slices"": n_slices, || L316:""n_source_gt_positive_slices"": n_positive, || L317:""n_source_gt_empty_slices"": n_slices - n_positive, || L318:""whole_gland_rule"": ""annotation > 0"","
Prostate158,code/Q1X_CM2A_prostate158_t2_geometry_resolver_and_slice_preflight_fix1.py,40,"L10:------- || L11:1) Gate the exact CM1 Fix3 lock. || L12:2) Resolve the exact Prostate158 SOURCE T2 volume for each of 139 cases using || L13:SOURCE annotation geometry only. || L14:3) Do NOT use filename heuristics to break ties. ### L11:1) Gate the exact CM1 Fix3 lock. || L12:2) Resolve the exact Prostate158 SOURCE T2 volume for each of 139 cases using || L13:SOURCE annotation geometry only. || L14:3) Do NOT use filename heuristics to break ties. || L15:4) Audit SOURCE slice counts / positive-slice distribution. ### L13:SOURCE annotation geometry only. || L14:3) Do NOT use filename heuristics to break ties. || L15:4) Audit SOURCE slice counts / positive-slice distribution. || L16:5) Build a PROMISE12 image-only axial-slice manifest from image MHD headers || L17:without opening reference-mask RAW payloads. ### L42:OUT = Path(r""F:\MEDSEG_SAFETTA\outputs"") || L43: || L44:CM1_DIR = OUT / ""Q1X_CM1_prostate_mri_schema_and_source_label_audit_fix3_v1"" || L45:CM1_LOCK = CM1_DIR / ""CM1_PROSTATE_MRI_SCHEMA_LOCK.json"" || L46:EXPECTED_CM1_LOCK_SHA = ( ### L57: || L58:DECISION_PASS = ( || L59:""SOURCE_T2_SERIES_AND_SLICE_SAMPLE_UNIT_LOCKED_READY_FOR_CM2B_PREPROCESSING_LOCK"" || L60:) || L61: ### L135: || L136: || L137:def resolve_source_t2(nib): || L138:print(""\n===== PROSTATE158 EXACT T2 GEOMETRY RESOLUTION ====="") || L139: ### L241: || L242: || L243:def audit_source_slice_distribution(nib, selected_map): || L244:print(""\n===== SOURCE SLICE DISTRIBUTION ====="") || L245: ### L242: || L243:def audit_source_slice_distribution(nib, selected_map): || L244:print(""\n===== SOURCE SLICE DISTRIBUTION ====="") || L245: || L246:case_rows = []"
Prostate158,code/Q1X_CM3_source_oof_segmentation_training_and_prediction_lock_fix1.py,70,"L3: || L4:"""""" || L5:Q1X_CM3_source_oof_segmentation_training_and_prediction_lock_fix1.py || L6: || L7:SafeTTA Q1 enhancement — CM3. ### L9:Scientific role || L10:--------------- || L11:Train the frozen three-family SOURCE segmentation panel under the exact CM2B || L12:protocol and generate patient-separated 5-fold out-of-fold (OOF) SOURCE || L13:predictions for Prostate158. ### L10:--------------- || L11:Train the frozen three-family SOURCE segmentation panel under the exact CM2B || L12:protocol and generate patient-separated 5-fold out-of-fold (OOF) SOURCE || L13:predictions for Prostate158. || L14: ### L20:This script: || L21:1) verifies the exact CM2B lock and all child artifacts; || L22:2) builds a SOURCE-only preprocessed memmap cache; || L23:3) runs a batch-size-8 forward/backward preflight for all three families; || L24:4) trains 5 patient-level folds per family; ### L23:3) runs a batch-size-8 forward/backward preflight for all three families; || L24:4) trains 5 patient-level folds per family; || L25:5) selects checkpoints by mean patient-level 3D whole-gland Dice; || L26:6) writes OOF probabilities and binary SOURCE masks for every SOURCE slice; || L27:7) writes fold/model metrics and a lineage lock. ### L24:4) trains 5 patient-level folds per family; || L25:5) selects checkpoints by mean patient-level 3D whole-gland Dice; || L26:6) writes OOF probabilities and binary SOURCE masks for every SOURCE slice; || L27:7) writes fold/model metrics and a lineage lock. || L28: ### L32:- fit the SafeTTA safety model; || L33:- tune on PROMISE12; || L34:- train final all-source external models. || L35: || L36:Resume behavior ### L36:Resume behavior || L37:--------------- || L38:The stage is resumable. Each fold writes a last-state checkpoint containing || L39:optimizer/scaler/RNG state. Existing completed folds are reused only after || L40:their completion metadata and best checkpoint are found."
Prostate158,code/Q1X_CM3_source_oof_segmentation_training_and_prediction_lock_fix2.py,71,"L3: || L4:"""""" || L5:Q1X_CM3_source_oof_segmentation_training_and_prediction_lock_fix1.py || L6: || L7:SafeTTA Q1 enhancement — CM3. ### L9:Scientific role || L10:--------------- || L11:Train the frozen three-family SOURCE segmentation panel under the exact CM2B || L12:protocol and generate patient-separated 5-fold out-of-fold (OOF) SOURCE || L13:predictions for Prostate158. ### L10:--------------- || L11:Train the frozen three-family SOURCE segmentation panel under the exact CM2B || L12:protocol and generate patient-separated 5-fold out-of-fold (OOF) SOURCE || L13:predictions for Prostate158. || L14: ### L20:This script: || L21:1) verifies the exact CM2B lock and all child artifacts; || L22:2) builds a SOURCE-only preprocessed memmap cache; || L23:3) runs a batch-size-8 forward/backward preflight for all three families; || L24:4) trains 5 patient-level folds per family; ### L23:3) runs a batch-size-8 forward/backward preflight for all three families; || L24:4) trains 5 patient-level folds per family; || L25:5) selects checkpoints by mean patient-level 3D whole-gland Dice; || L26:6) writes OOF probabilities and binary SOURCE masks for every SOURCE slice; || L27:7) writes fold/model metrics and a lineage lock. ### L24:4) trains 5 patient-level folds per family; || L25:5) selects checkpoints by mean patient-level 3D whole-gland Dice; || L26:6) writes OOF probabilities and binary SOURCE masks for every SOURCE slice; || L27:7) writes fold/model metrics and a lineage lock. || L28: ### L32:- fit the SafeTTA safety model; || L33:- tune on PROMISE12; || L34:- train final all-source external models. || L35: || L36:Resume behavior ### L36:Resume behavior || L37:--------------- || L38:The stage is resumable. Each fold writes a last-state checkpoint containing || L39:optimizer/scaler/RNG state. Existing completed folds are reused only after || L40:their completion metadata and best checkpoint are found."
Prostate158,code/Q1X_CM3_source_oof_segmentation_training_and_prediction_lock_fix3.py,89,"L3: || L4:"""""" || L5:Q1X_CM3_source_oof_segmentation_training_and_prediction_lock_fix1.py || L6: || L7:SafeTTA Q1 enhancement — CM3. ### L9:Scientific role || L10:--------------- || L11:Train the frozen three-family SOURCE segmentation panel under the exact CM2B || L12:protocol and generate patient-separated 5-fold out-of-fold (OOF) SOURCE || L13:predictions for Prostate158. ### L10:--------------- || L11:Train the frozen three-family SOURCE segmentation panel under the exact CM2B || L12:protocol and generate patient-separated 5-fold out-of-fold (OOF) SOURCE || L13:predictions for Prostate158. || L14: ### L20:This script: || L21:1) verifies the exact CM2B lock and all child artifacts; || L22:2) builds a SOURCE-only preprocessed memmap cache; || L23:3) runs a batch-size-8 forward/backward preflight for all three families; || L24:4) trains 5 patient-level folds per family; ### L23:3) runs a batch-size-8 forward/backward preflight for all three families; || L24:4) trains 5 patient-level folds per family; || L25:5) selects checkpoints by mean patient-level 3D whole-gland Dice; || L26:6) writes OOF probabilities and binary SOURCE masks for every SOURCE slice; || L27:7) writes fold/model metrics and a lineage lock. ### L24:4) trains 5 patient-level folds per family; || L25:5) selects checkpoints by mean patient-level 3D whole-gland Dice; || L26:6) writes OOF probabilities and binary SOURCE masks for every SOURCE slice; || L27:7) writes fold/model metrics and a lineage lock. || L28: ### L32:- fit the SafeTTA safety model; || L33:- tune on PROMISE12; || L34:- train final all-source external models. || L35: || L36:Resume behavior ### L36:Resume behavior || L37:--------------- || L38:The stage is resumable. Each fold writes a last-state checkpoint containing || L39:optimizer/scaler/RNG state. Existing completed folds are reused only after || L40:their completion metadata and best checkpoint are found."
Prostate158,code/Q1X_CM4A_source_oof_exact_batch_replay_audit_fix3.py,22,"L3: || L4:"""""" || L5:Q1X_CM4A_source_oof_exact_batch_replay_audit_fix3.py || L6: || L7:Read-only CM4A replay audit. ### L47:CM3_DIR = ( || L48:OUT || L49:/ ""Q1X_CM3_source_oof_segmentation_training_and_prediction_lock_fix3_v1"" || L50:) || L51:CM3_LOCK = CM3_DIR / ""CM3_SOURCE_OOF_SEGMENTATION_PANEL_LOCK.json"" ### L49:/ ""Q1X_CM3_source_oof_segmentation_training_and_prediction_lock_fix3_v1"" || L50:) || L51:CM3_LOCK = CM3_DIR / ""CM3_SOURCE_OOF_SEGMENTATION_PANEL_LOCK.json"" || L52:EXPECTED_CM3_LOCK_SHA = ( || L53:""4cfbe8f108f53e014973111d96244c666bfabd13eb022675fa31a34edaae7cec"" ### L56:CM3_HELPER = ( || L57:CODE || L58:/ ""Q1X_CM3_source_oof_segmentation_training_and_prediction_lock_fix3.py"" || L59:) || L60:EXPECTED_CM3_HELPER_SHA = ( ### L64:DEFAULT_OUTPUT = ( || L65:OUT || L66:/ ""Q1X_CM4A_source_oof_exact_batch_replay_audit_fix3_v1"" || L67:) || L68: ### L161: || L162:def main(): || L163:print(""===== Q1X CM4A FIX3 EXACT-BATCH SOURCE OOF REPLAY AUDIT ====="") || L164:print(""MODE=READ_ONLY_DIAGNOSTIC"") || L165:print(""REPLAY_BATCH_SIZE=8"") ### L199:configure_exact_cm3_runtime(torch) || L200: || L201:cache_meta_path = Path(cm3[""source_cache_meta""]) || L202:if sha256_file(cache_meta_path) != cm3[""source_cache_meta_sha256""]: || L203:raise RuntimeError(""CM3 source cache meta SHA mismatch."") ### L200: || L201:cache_meta_path = Path(cm3[""source_cache_meta""]) || L202:if sha256_file(cache_meta_path) != cm3[""source_cache_meta_sha256""]: || L203:raise RuntimeError(""CM3 source cache meta SHA mismatch."") || L204:"
Prostate158,code/Q1X_CM4A_source_oof_replay_numerical_boundary_audit_fix2.py,24,"L3: || L4:"""""" || L5:Q1X_CM4A_source_oof_replay_numerical_boundary_audit_fix2.py || L6: || L7:Read-only diagnostic after CM4A Fix1 stopped because exact binary replay of ### L9: || L10:This script does NOT run TENT and does NOT access PROMISE12. || L11:It compares, for every SOURCE slice and family: || L12:1) frozen CM3 OOF float16 probabilities; || L13:2) frozen CM3 OOF uint8 masks; ### L12:1) frozen CM3 OOF float16 probabilities; || L13:2) frozen CM3 OOF uint8 masks; || L14:3) replayed checkpoint probabilities using the same preprocessing/model. || L15: || L16:The goal is to determine whether binary mismatches are only threshold-boundary ### L38:CM3_DIR = ( || L39:OUT || L40:/ ""Q1X_CM3_source_oof_segmentation_training_and_prediction_lock_fix3_v1"" || L41:) || L42:CM3_LOCK = CM3_DIR / ""CM3_SOURCE_OOF_SEGMENTATION_PANEL_LOCK.json"" ### L40:/ ""Q1X_CM3_source_oof_segmentation_training_and_prediction_lock_fix3_v1"" || L41:) || L42:CM3_LOCK = CM3_DIR / ""CM3_SOURCE_OOF_SEGMENTATION_PANEL_LOCK.json"" || L43:EXPECTED_CM3_LOCK_SHA = ( || L44:""4cfbe8f108f53e014973111d96244c666bfabd13eb022675fa31a34edaae7cec"" ### L47:CM3_HELPER = ( || L48:CODE || L49:/ ""Q1X_CM3_source_oof_segmentation_training_and_prediction_lock_fix3.py"" || L50:) || L51:EXPECTED_CM3_HELPER_SHA = ( ### L55:DEFAULT_OUTPUT = ( || L56:OUT || L57:/ ""Q1X_CM4A_source_oof_replay_numerical_boundary_audit_fix2_v1"" || L58:) || L59: ### L109: || L110: || L111:def load_source_tensor(image_memmap, global_index, torch, device): || L112:image = np.asarray( || L113:image_memmap[int(global_index)],"
Prostate158,code/Q1X_CM4A_source_oof_tent1_outcome_asset_lock_fix1.py,130,"L3: || L4:"""""" || L5:Q1X_CM4A_source_oof_tent1_outcome_asset_lock_fix1.py || L6: || L7:SafeTTA Q1 enhancement — CM4A. ### L10:------- || L11:Use the frozen CM3 patient-separated OOF prostate segmentation models to || L12:construct the SOURCE-only counterfactual outcome asset: || L13: || L14:SOURCE vs A1_TENT_1STEP ### L12:construct the SOURCE-only counterfactual outcome asset: || L13: || L14:SOURCE vs A1_TENT_1STEP || L15: || L16:for every Prostate158 axial slice and every frozen model family. ### L17: || L18:This stage: || L19:- uses SOURCE GT (allowed); || L20:- does NOT access PROMISE12; || L21:- does NOT fit the safety predictor; ### L32:- episodic reset = YES || L33:- normalization-affine parameters only || L34:- source prediction from untouched checkpoint in eval mode || L35: || L36:Architecture-compatible normalization: ### L37:- UNet: BatchNorm2d affine || L38:- DeepLabV3-R50: ordinary BatchNorm2d affine; ASPP pooled singleton-unsafe || L39:BN stays eval with source running statistics; Dropout stays eval || L40:- SegFormer-B0: LayerNorm + compatible BatchNorm2d affine; Dropout stays eval || L41: ### L66: || L67:VERSION = ""2026-09-05-Q1X-CM4A-v1-fix1"" || L68:BUILD = ""Q1X_CM4A_SOURCE_OOF_TENT1_OUTCOME_ASSET_LOCK_FIX1"" || L69: || L70:ROOT = Path(r""F:\MEDSEG_SAFETTA"") ### L74:CM3_DIR = ( || L75:OUT || L76:/ ""Q1X_CM3_source_oof_segmentation_training_and_prediction_lock_fix3_v1"" || L77:) || L78:CM3_LOCK = CM3_DIR / ""CM3_SOURCE_OOF_SEGMENTATION_PANEL_LOCK.json"""
Prostate158,code/Q1X_CM4A_source_oof_tent1_outcome_asset_lock_fix4 (1).py,115,"L3: || L4:"""""" || L5:Q1X_CM4A_source_oof_tent1_outcome_asset_lock_fix4.py || L6: || L7:SafeTTA Q1 enhancement — CM4A. ### L10:------- || L11:Use the frozen CM3 patient-separated OOF prostate segmentation models to || L12:construct the SOURCE-only counterfactual outcome asset: || L13: || L14:SOURCE vs A1_TENT_1STEP ### L12:construct the SOURCE-only counterfactual outcome asset: || L13: || L14:SOURCE vs A1_TENT_1STEP || L15: || L16:for every Prostate158 axial slice and every frozen model family. ### L17: || L18:This stage: || L19:- uses SOURCE GT (allowed); || L20:- uses the frozen CM3 OOF mask as the SOURCE baseline; || L21:- requires the CM4A Fix3 exact batch-8 replay audit to have PASSed with ### L18:This stage: || L19:- uses SOURCE GT (allowed); || L20:- uses the frozen CM3 OOF mask as the SOURCE baseline; || L21:- requires the CM4A Fix3 exact batch-8 replay audit to have PASSed with || L22:zero binary mismatches across all 15 family/fold combinations; ### L35:- episodic reset = YES || L36:- normalization-affine parameters only || L37:- source prediction from untouched checkpoint in eval mode || L38: || L39:Architecture-compatible normalization: ### L40:- UNet: BatchNorm2d affine || L41:- DeepLabV3-R50: ordinary BatchNorm2d affine; ASPP pooled singleton-unsafe || L42:BN stays eval with source running statistics; Dropout stays eval || L43:- SegFormer-B0: LayerNorm + compatible BatchNorm2d affine; Dropout stays eval || L44: ### L69: || L70:VERSION = ""2026-09-05-Q1X-CM4A-v1-fix4"" || L71:BUILD = ""Q1X_CM4A_SOURCE_OOF_TENT1_OUTCOME_ASSET_LOCK_FIX4"" || L72: || L73:ROOT = Path(r""F:\MEDSEG_SAFETTA"")"
Prostate158,code/Q1X_CM4A_source_oof_tent1_outcome_asset_lock_fix4.py,115,"L3: || L4:"""""" || L5:Q1X_CM4A_source_oof_tent1_outcome_asset_lock_fix4.py || L6: || L7:SafeTTA Q1 enhancement — CM4A. ### L10:------- || L11:Use the frozen CM3 patient-separated OOF prostate segmentation models to || L12:construct the SOURCE-only counterfactual outcome asset: || L13: || L14:SOURCE vs A1_TENT_1STEP ### L12:construct the SOURCE-only counterfactual outcome asset: || L13: || L14:SOURCE vs A1_TENT_1STEP || L15: || L16:for every Prostate158 axial slice and every frozen model family. ### L17: || L18:This stage: || L19:- uses SOURCE GT (allowed); || L20:- uses the frozen CM3 OOF mask as the SOURCE baseline; || L21:- requires the CM4A Fix3 exact batch-8 replay audit to have PASSed with ### L18:This stage: || L19:- uses SOURCE GT (allowed); || L20:- uses the frozen CM3 OOF mask as the SOURCE baseline; || L21:- requires the CM4A Fix3 exact batch-8 replay audit to have PASSed with || L22:zero binary mismatches across all 15 family/fold combinations; ### L35:- episodic reset = YES || L36:- normalization-affine parameters only || L37:- source prediction from untouched checkpoint in eval mode || L38: || L39:Architecture-compatible normalization: ### L40:- UNet: BatchNorm2d affine || L41:- DeepLabV3-R50: ordinary BatchNorm2d affine; ASPP pooled singleton-unsafe || L42:BN stays eval with source running statistics; Dropout stays eval || L43:- SegFormer-B0: LayerNorm + compatible BatchNorm2d affine; Dropout stays eval || L44: ### L69: || L70:VERSION = ""2026-09-05-Q1X-CM4A-v1-fix4"" || L71:BUILD = ""Q1X_CM4A_SOURCE_OOF_TENT1_OUTCOME_ASSET_LOCK_FIX4"" || L72: || L73:ROOT = Path(r""F:\MEDSEG_SAFETTA"")"
Prostate158,code/Q1X_CM4B_mri_source_prediction_conditioned_safety_grouped_oof_fix1.py,75,"L3: || L4:"""""" || L5:Q1X_CM4B_mri_source_prediction_conditioned_safety_grouped_oof_fix1.py || L6: || L7:SafeTTA Q1 enhancement — CM4B. ### L9:Purpose || L10:------- || L11:Confirm on the new prostate-MRI SOURCE task whether the frozen || L12:prediction-conditioned semantic safety representation can rank TENT1 HARM || L13:before adaptation. ### L13:before adaptation. || L14: || L15:This stage is SOURCE only: || L16:- Prostate158 images + frozen CM3 SOURCE OOF masks; || L17:- CM4A SOURCE TENT1 outcome labels; ### L14: || L15:This stage is SOURCE only: || L16:- Prostate158 images + frozen CM3 SOURCE OOF masks; || L17:- CM4A SOURCE TENT1 outcome labels; || L18:- frozen DINOv2-base image encoder; ### L15:This stage is SOURCE only: || L16:- Prostate158 images + frozen CM3 SOURCE OOF masks; || L17:- CM4A SOURCE TENT1 outcome labels; || L18:- frozen DINOv2-base image encoder; || L19:- patient-grouped 5-fold OOF safety evaluation. ### L22:No target calibration. || L23:No operating-point threshold selection. || L24:No final all-source safety head fitting. || L25: || L26:Primary representation ### L28:Frozen cross-task framework: || L29:DINOv2-base patch tokens (224x224, 16x16 patches) || L30:+ SOURCE-prediction conditioning: || L31:352x352 SOURCE mask -> 16x16 occupancy using exact 22x22 blocks || L32:foreground weighted token mean (768) ### L29:DINOv2-base patch tokens (224x224, 16x16 patches) || L30:+ SOURCE-prediction conditioning: || L31:352x352 SOURCE mask -> 16x16 occupancy using exact 22x22 blocks || L32:foreground weighted token mean (768) || L33:background weighted token mean (768)"
Prostate158,code/Q1X_CM4C_final_source_safety_estimator_and_threshold_lock_fix1.py,66,"L3: || L4:"""""" || L5:Q1X_CM4C_final_source_safety_estimator_and_threshold_lock_fix1.py || L6: || L7:SafeTTA Q1 enhancement — CM4C. ### L9:Purpose || L10:------- || L11:Freeze the final MRI SOURCE safety estimator and the SOURCE operating point || L12:before any PROMISE12 safety inference/evaluation. || L13: ### L12:before any PROMISE12 safety inference/evaluation. || L13: || L14:Inputs are SOURCE only: || L15:- CM4B prediction-conditioned DINO+M2 feature asset; || L16:- CM4B patient-grouped OOF Final scores; ### L15:- CM4B prediction-conditioned DINO+M2 feature asset; || L16:- CM4B patient-grouped OOF Final scores; || L17:- CM4A SOURCE TENT1 HARM labels. || L18: || L19:This stage: ### L18: || L19:This stage: || L20:1) derives the frozen SOURCE operating point from cross-fitted OOF Final scores; || L21:2) fits the final all-SOURCE prediction-conditioned safety estimator; || L22:3) serializes all source-only preprocessing/classifier components; ### L19:This stage: || L20:1) derives the frozen SOURCE operating point from cross-fitted OOF Final scores; || L21:2) fits the final all-SOURCE prediction-conditioned safety estimator; || L22:3) serializes all source-only preprocessing/classifier components; || L23:4) locks the DINOv2 identity and score semantics for future target scoring. ### L20:1) derives the frozen SOURCE operating point from cross-fitted OOF Final scores; || L21:2) fits the final all-SOURCE prediction-conditioned safety estimator; || L22:3) serializes all source-only preprocessing/classifier components; || L23:4) locks the DINOv2 identity and score semantics for future target scoring. || L24: ### L41: || L42:VERSION = ""2026-09-05-Q1X-CM4C-v1-fix1"" || L43:BUILD = ""Q1X_CM4C_FINAL_SOURCE_SAFETY_ESTIMATOR_AND_THRESHOLD_LOCK_FIX1"" || L44: || L45:ROOT = Path(r""F:\MEDSEG_SAFETTA"")"
Prostate158,code/Q1X_CM4C_final_source_safety_estimator_and_threshold_lock_fix2.py,81,"L3: || L4:"""""" || L5:Q1X_CM4C_final_source_safety_estimator_and_threshold_lock_fix1.py || L6: || L7:SafeTTA Q1 enhancement — CM4C. ### L9:Purpose || L10:------- || L11:Freeze the final MRI SOURCE safety estimator and the SOURCE operating point || L12:before any PROMISE12 safety inference/evaluation. || L13: ### L12:before any PROMISE12 safety inference/evaluation. || L13: || L14:Inputs are SOURCE only: || L15:- CM4B prediction-conditioned DINO+M2 feature asset; || L16:- CM4B patient-grouped OOF Final scores; ### L15:- CM4B prediction-conditioned DINO+M2 feature asset; || L16:- CM4B patient-grouped OOF Final scores; || L17:- CM4A SOURCE TENT1 HARM labels. || L18: || L19:This stage: ### L18: || L19:This stage: || L20:1) derives the frozen SOURCE operating point from cross-fitted OOF Final scores; || L21:2) fits the final all-SOURCE prediction-conditioned safety estimator; || L22:3) serializes all source-only preprocessing/classifier components; ### L19:This stage: || L20:1) derives the frozen SOURCE operating point from cross-fitted OOF Final scores; || L21:2) fits the final all-SOURCE prediction-conditioned safety estimator; || L22:3) serializes all source-only preprocessing/classifier components; || L23:4) locks the DINOv2 identity and score semantics for future target scoring. ### L20:1) derives the frozen SOURCE operating point from cross-fitted OOF Final scores; || L21:2) fits the final all-SOURCE prediction-conditioned safety estimator; || L22:3) serializes all source-only preprocessing/classifier components; || L23:4) locks the DINOv2 identity and score semantics for future target scoring. || L24: ### L41: || L42:VERSION = ""2026-09-05-Q1X-CM4C-v1-fix2"" || L43:BUILD = ""Q1X_CM4C_FINAL_SOURCE_SAFETY_ESTIMATOR_AND_THRESHOLD_LOCK_FIX2"" || L44: || L45:ROOT = Path(r""F:\MEDSEG_SAFETTA"")"
Prostate158,code/Q1X_CM4D_final_all_source_segmentation_models_lock_fix1.py,79,"L3: || L4:"""""" || L5:Q1X_CM4D_final_all_source_segmentation_models_lock_fix1.py || L6: || L7:SafeTTA Q1 enhancement — CM4D. ### L9:Purpose || L10:------- || L11:Train exactly one final all-SOURCE prostate segmentation model per frozen || L12:family before any PROMISE12 image is used. || L13: ### L14:CM2B already froze: || L15:- one final model per family; || L16:- all 139 SOURCE patients; || L17:- final duration derived from SOURCE OOF only; || L18:- PROMISE12 cannot be used for epoch/model selection. ### L15:- one final model per family; || L16:- all 139 SOURCE patients; || L17:- final duration derived from SOURCE OOF only; || L18:- PROMISE12 cannot be used for epoch/model selection. || L19: ### L26:- SegFormer_B0    [39,34,50,28,48] -> 39 epochs || L27: || L28:No early stopping and no SOURCE validation/model selection are performed in || L29:the all-SOURCE refit. A descriptive all-SOURCE training-set sanity Dice is || L30:computed only after the fixed-duration training is finished and cannot change ### L27: || L28:No early stopping and no SOURCE validation/model selection are performed in || L29:the all-SOURCE refit. A descriptive all-SOURCE training-set sanity Dice is || L30:computed only after the fixed-duration training is finished and cannot change || L31:the model. ### L48: || L49:VERSION = ""2026-09-05-Q1X-CM4D-v1-fix1"" || L50:BUILD = ""Q1X_CM4D_FINAL_ALL_SOURCE_SEGMENTATION_MODELS_LOCK_FIX1"" || L51: || L52:ROOT = Path(r""F:\MEDSEG_SAFETTA"") ### L56:CM3_DIR = ( || L57:OUT || L58:/ ""Q1X_CM3_source_oof_segmentation_training_and_prediction_lock_fix3_v1"" || L59:) || L60:CM3_LOCK = CM3_DIR / ""CM3_SOURCE_OOF_SEGMENTATION_PANEL_LOCK.json"""
Prostate158,code/Q1X_CM4D_final_all_source_segmentation_models_lock_fix2.py,93,"L3: || L4:"""""" || L5:Q1X_CM4D_final_all_source_segmentation_models_lock_fix1.py || L6: || L7:SafeTTA Q1 enhancement — CM4D. ### L9:Purpose || L10:------- || L11:Train exactly one final all-SOURCE prostate segmentation model per frozen || L12:family before any PROMISE12 image is used. || L13: ### L14:CM2B already froze: || L15:- one final model per family; || L16:- all 139 SOURCE patients; || L17:- final duration derived from SOURCE OOF only; || L18:- PROMISE12 cannot be used for epoch/model selection. ### L15:- one final model per family; || L16:- all 139 SOURCE patients; || L17:- final duration derived from SOURCE OOF only; || L18:- PROMISE12 cannot be used for epoch/model selection. || L19: ### L26:- SegFormer_B0    [39,34,50,28,48] -> 39 epochs || L27: || L28:No early stopping and no SOURCE validation/model selection are performed in || L29:the all-SOURCE refit. A descriptive all-SOURCE training-set sanity Dice is || L30:computed only after the fixed-duration training is finished and cannot change ### L27: || L28:No early stopping and no SOURCE validation/model selection are performed in || L29:the all-SOURCE refit. A descriptive all-SOURCE training-set sanity Dice is || L30:computed only after the fixed-duration training is finished and cannot change || L31:the model. ### L48: || L49:VERSION = ""2026-09-05-Q1X-CM4D-v1-fix2"" || L50:BUILD = ""Q1X_CM4D_FINAL_ALL_SOURCE_SEGMENTATION_MODELS_LOCK_FIX2"" || L51: || L52:ROOT = Path(r""F:\MEDSEG_SAFETTA"") ### L56:CM3_DIR = ( || L57:OUT || L58:/ ""Q1X_CM3_source_oof_segmentation_training_and_prediction_lock_fix3_v1"" || L59:) || L60:CM3_LOCK = CM3_DIR / ""CM3_SOURCE_OOF_SEGMENTATION_PANEL_LOCK.json"""
PROMISE12,code/Q1X_CM5A_promise12_gt_free_prediction_tent1_safety_scoring_lock_fix1.py,97,"L12:- PROMISE12 image MHD headers; || L13:- PROMISE12 image RAW payloads; || L14:- frozen SOURCE segmentation models; || L15:- frozen SOURCE safety estimator; || L16:- frozen SOURCE operating point; ### L13:- PROMISE12 image RAW payloads; || L14:- frozen SOURCE segmentation models; || L15:- frozen SOURCE safety estimator; || L16:- frozen SOURCE operating point; || L17:- TENT1; ### L14:- frozen SOURCE segmentation models; || L15:- frozen SOURCE safety estimator; || L16:- frozen SOURCE operating point; || L17:- TENT1; || L18:- frozen DINOv2 representation. ### L31:Full-mode outputs: || L32:1) image-only target preprocessing cache (all 50 patients / all 1377 slices); || L33:2) frozen SOURCE predictions for three final all-SOURCE segmenters; || L34:3) episodic one-slice A1_TENT_1STEP predictions; || L35:4) prediction-conditioned DINOv2+M2 target representations; ### L34:3) episodic one-slice A1_TENT_1STEP predictions; || L35:4) prediction-conditioned DINOv2+M2 target representations; || L36:5) frozen final SOURCE safety scores; || L37:6) decisions under the frozen SOURCE deployment threshold. || L38: ### L35:4) prediction-conditioned DINOv2+M2 target representations; || L36:5) frozen final SOURCE safety scores; || L37:6) decisions under the frozen SOURCE deployment threshold. || L38: || L39:No target operating-point transport is performed here. CM5B uses the locked ### L91:CM4C_LOCK = ( || L92:OUT || L93:/ ""Q1X_CM4C_final_source_safety_estimator_and_threshold_lock_fix2_v1"" || L94:/ ""CM4C_FINAL_SOURCE_SAFETY_ESTIMATOR_LOCK.json"" || L95:) ### L92:OUT || L93:/ ""Q1X_CM4C_final_source_safety_estimator_and_threshold_lock_fix2_v1"" || L94:/ ""CM4C_FINAL_SOURCE_SAFETY_ESTIMATOR_LOCK.json"" || L95:) || L96:EXPECTED_CM4C_LOCK_SHA = ("
PROMISE12,code/Q1X_CM5B_unlabeled_support_aware_operating_point_transport_lock_fix1.py,119,"L16:conditional stability in the frozen safety representation z: || L17: || L18:P_target(HARM | z, action) ~= P_source(HARM | z, action) || L19: || L20:Unlabeled target data cannot identify arbitrary conditional shift. Therefore ### L19: || L20:Unlabeled target data cannot identify arbitrary conditional shift. Therefore || L21:CM5B explicitly audits overlap/support and abstains if the weighted SOURCE HARM || L22:support is inadequate. || L23: ### L24:Primary transport || L25:----------------- || L26:1) Transform SOURCE and target raw CondDINO+M2 features through the already || L27:frozen final SOURCE safety preprocessing into z = PCA64+M2 standardized space. || L28:2) Estimate p_target(z)/p_source(z) with patient-cross-fitted logistic domain ### L25:----------------- || L26:1) Transform SOURCE and target raw CondDINO+M2 features through the already || L27:frozen final SOURCE safety preprocessing into z = PCA64+M2 standardized space. || L28:2) Estimate p_target(z)/p_source(z) with patient-cross-fitted logistic domain || L29:classifiers, separately for each model family. ### L26:1) Transform SOURCE and target raw CondDINO+M2 features through the already || L27:frozen final SOURCE safety preprocessing into z = PCA64+M2 standardized space. || L28:2) Estimate p_target(z)/p_source(z) with patient-cross-fitted logistic domain || L29:classifiers, separately for each model family. || L30:3) Stabilize source density-ratio weights by mean normalization within family ### L28:2) Estimate p_target(z)/p_source(z) with patient-cross-fitted logistic domain || L29:classifiers, separately for each model family. || L30:3) Stabilize source density-ratio weights by mean normalization within family || L31:and a preregistered maximum normalized weight of 10. || L32:4) On patient-grouped cross-fitted SOURCE safety scores (score_Final), use ### L30:3) Stabilize source density-ratio weights by mean normalization within family || L31:and a preregistered maximum normalized weight of 10. || L32:4) On patient-grouped cross-fitted SOURCE safety scores (score_Final), use || L33:source HARM labels + density-ratio weights to estimate target-weighted HARM || L34:recall. ### L31:and a preregistered maximum normalized weight of 10. || L32:4) On patient-grouped cross-fitted SOURCE safety scores (score_Final), use || L33:source HARM labels + density-ratio weights to estimate target-weighted HARM || L34:recall. || L35:5) Use a patient-cluster bootstrap to choose a conservative OOF-space threshold:"
PROMISE12,code/Q1X_CM5B_unlabeled_support_aware_operating_point_transport_lock_fix2.py,135,"L16:conditional stability in the frozen safety representation z: || L17: || L18:P_target(HARM | z, action) ~= P_source(HARM | z, action) || L19: || L20:Unlabeled target data cannot identify arbitrary conditional shift. Therefore ### L19: || L20:Unlabeled target data cannot identify arbitrary conditional shift. Therefore || L21:CM5B explicitly audits overlap/support and abstains if the weighted SOURCE HARM || L22:support is inadequate. || L23: ### L24:Primary transport || L25:----------------- || L26:1) Transform SOURCE and target raw CondDINO+M2 features through the already || L27:frozen final SOURCE safety preprocessing into z = PCA64+M2 standardized space. || L28:2) Estimate p_target(z)/p_source(z) with patient-cross-fitted logistic domain ### L25:----------------- || L26:1) Transform SOURCE and target raw CondDINO+M2 features through the already || L27:frozen final SOURCE safety preprocessing into z = PCA64+M2 standardized space. || L28:2) Estimate p_target(z)/p_source(z) with patient-cross-fitted logistic domain || L29:classifiers, separately for each model family. ### L26:1) Transform SOURCE and target raw CondDINO+M2 features through the already || L27:frozen final SOURCE safety preprocessing into z = PCA64+M2 standardized space. || L28:2) Estimate p_target(z)/p_source(z) with patient-cross-fitted logistic domain || L29:classifiers, separately for each model family. || L30:3) Stabilize source density-ratio weights by mean normalization within family ### L28:2) Estimate p_target(z)/p_source(z) with patient-cross-fitted logistic domain || L29:classifiers, separately for each model family. || L30:3) Stabilize source density-ratio weights by mean normalization within family || L31:and a preregistered maximum normalized weight of 10. || L32:4) On patient-grouped cross-fitted SOURCE safety scores (score_Final), use ### L30:3) Stabilize source density-ratio weights by mean normalization within family || L31:and a preregistered maximum normalized weight of 10. || L32:4) On patient-grouped cross-fitted SOURCE safety scores (score_Final), use || L33:source HARM labels + density-ratio weights to estimate target-weighted HARM || L34:recall. ### L31:and a preregistered maximum normalized weight of 10. || L32:4) On patient-grouped cross-fitted SOURCE safety scores (score_Final), use || L33:source HARM labels + density-ratio weights to estimate target-weighted HARM || L34:recall. || L35:5) Use a patient-cluster bootstrap to choose a conservative OOF-space threshold:"
PROMISE12,code/Q1X_CM6_promise12_gt_reveal_locked_policy_evaluation_fix1.py,37,"L10: || L11:It evaluates only policies that were already locked before GT: || L12:1) fixed SOURCE deployment threshold; || L13:2) naive unlabeled target-quantile baseline; || L14:3) support-aware transport -- here prospectively locked as ABSTAIN; ### L22: || L23:HARM remains exactly: || L24:DeltaDice = TENT1 slice Dice - SOURCE slice Dice || L25:HARM iff DeltaDice <= -0.02 || L26: ### L632:""beneficial"", || L633:""delta_dice"", || L634:""source_dice"", || L635:""tent1_dice"", || L636:} ### L645:for family in FAMILIES: || L646:side = pred_sidecars[family] || L647:src_path = Path(side[""source_masks""]) || L648:tent_path = Path(side[""tent1_masks""]) || L649: ### L648:tent_path = Path(side[""tent1_masks""]) || L649: || L650:if sha256_file(src_path) != side[""source_masks_sha256""]: || L651:raise RuntimeError( || L652:f""{family} SOURCE target-mask SHA mismatch."" ### L650:if sha256_file(src_path) != side[""source_masks_sha256""]: || L651:raise RuntimeError( || L652:f""{family} SOURCE target-mask SHA mismatch."" || L653:) || L654:if sha256_file(tent_path) != side[""tent1_masks_sha256""]: ### L662:if src.shape != (N_SLICES, PACKED_BYTES): || L663:raise RuntimeError( || L664:f""{family} SOURCE packed-mask shape changed."" || L665:) || L666:if tent.shape != (N_SLICES, PACKED_BYTES): ### L670: || L671:masks[family] = { || L672:""source"": src, || L673:""tent"": tent, || L674:}"
PROMISE12,code/Q1X_CM7A_promise12_external_ranking_baseline_audit_fix1.py,128,"L34:Baselines || L35:--------- || L36:1) SOURCE_ENTROPY || L37:Mean pixelwise Bernoulli entropy from frozen SOURCE eval logits. || L38: ### L35:--------- || L36:1) SOURCE_ENTROPY || L37:Mean pixelwise Bernoulli entropy from frozen SOURCE eval logits. || L38: || L39:2) SOURCE_LOW_CONFIDENCE ### L37:Mean pixelwise Bernoulli entropy from frozen SOURCE eval logits. || L38: || L39:2) SOURCE_LOW_CONFIDENCE || L40:Mean [1 - max(p,1-p)] from frozen SOURCE eval logits. || L41: ### L38: || L39:2) SOURCE_LOW_CONFIDENCE || L40:Mean [1 - max(p,1-p)] from frozen SOURCE eval logits. || L41: || L42:3) M2 ### L41: || L42:3) M2 || L43:source_fg_fraction + source_boundary_density. || L44:SOURCE-only median imputer + StandardScaler + balanced LR. || L45: ### L42:3) M2 || L43:source_fg_fraction + source_boundary_density. || L44:SOURCE-only median imputer + StandardScaler + balanced LR. || L45: || L46:4) DINO_CLS ### L46:4) DINO_CLS || L47:frozen DINOv2-base [CLS] 768. || L48:SOURCE-only median imputer + randomized whiten PCA64 + || L49:StandardScaler + balanced LR. || L50: ### L51:5) CondDINO || L52:frozen prediction-conditioned FG768+BG768. || L53:SOURCE-only median imputer + randomized whiten PCA64 + || L54:StandardScaler + balanced LR. || L55:"
PROMISE12,code/Q1X_CM7A_promise12_external_ranking_baseline_audit_fix2.py,132,"L34:Baselines || L35:--------- || L36:1) SOURCE_ENTROPY || L37:Mean pixelwise Bernoulli entropy from frozen SOURCE eval logits. || L38: ### L35:--------- || L36:1) SOURCE_ENTROPY || L37:Mean pixelwise Bernoulli entropy from frozen SOURCE eval logits. || L38: || L39:2) SOURCE_LOW_CONFIDENCE ### L37:Mean pixelwise Bernoulli entropy from frozen SOURCE eval logits. || L38: || L39:2) SOURCE_LOW_CONFIDENCE || L40:Mean [1 - max(p,1-p)] from frozen SOURCE eval logits. || L41: ### L38: || L39:2) SOURCE_LOW_CONFIDENCE || L40:Mean [1 - max(p,1-p)] from frozen SOURCE eval logits. || L41: || L42:3) M2 ### L41: || L42:3) M2 || L43:source_fg_fraction + source_boundary_density. || L44:SOURCE-only median imputer + StandardScaler + balanced LR. || L45: ### L42:3) M2 || L43:source_fg_fraction + source_boundary_density. || L44:SOURCE-only median imputer + StandardScaler + balanced LR. || L45: || L46:4) DINO_CLS ### L46:4) DINO_CLS || L47:frozen DINOv2-base [CLS] 768. || L48:SOURCE-only median imputer + randomized whiten PCA64 + || L49:StandardScaler + balanced LR. || L50: ### L51:5) CondDINO || L52:frozen prediction-conditioned FG768+BG768. || L53:SOURCE-only median imputer + randomized whiten PCA64 + || L54:StandardScaler + balanced LR. || L55:"
PROMISE12,code/Q1X_CM7B_promise12_matched_coverage_utility_audit_fix1.py,23,"L20:Primary comparisons || L21:------------------- || L22:Frozen SafeTTA fixed-SOURCE gate || L23:vs || L24:Random adaptation at exactly the same number of adapted slices PER FAMILY. ### L25: || L26:Metrics: || L27:- prevented HARM fraction (= HARM recall of retain-SOURCE gate); || L28:- mean patient-level 3D deployed Dice; || L29:- mean slice deployed Dice. ### L170:""risk_score"", || L171:""harmful"", || L172:""source_dice"", || L173:""tent1_dice"", || L174:""source_tp"", ### L172:""source_dice"", || L173:""tent1_dice"", || L174:""source_tp"", || L175:""source_fp"", || L176:""source_fn"", ### L173:""tent1_dice"", || L174:""source_tp"", || L175:""source_fp"", || L176:""source_fn"", || L177:""tent_tp"", ### L174:""source_tp"", || L175:""source_fp"", || L176:""source_fn"", || L177:""tent_tp"", || L178:""tent_fp"", ### L225:adapt = np.asarray(adapt_mask, dtype=bool) || L226: || L227:source_tp = df[""source_tp""].to_numpy(dtype=np.float64) || L228:source_fp = df[""source_fp""].to_numpy(dtype=np.float64) || L229:source_fn = df[""source_fn""].to_numpy(dtype=np.float64) ### L226: || L227:source_tp = df[""source_tp""].to_numpy(dtype=np.float64) || L228:source_fp = df[""source_fp""].to_numpy(dtype=np.float64) || L229:source_fn = df[""source_fn""].to_numpy(dtype=np.float64) || L230:"
NeoPolyp,code/Q1_R02_segformer_b0_three_seed_source_training_v1.py,60,"L3: || L4:"""""" || L5:Q1-R02 — SegFormer-B0 Three-Seed Source Training || L6: || L7:Frozen architecture: ### L11:20260820, 20260821, 20260822 || L12: || L13:This script trains source-only segmentation models. It must not use target || L14:data or utility labels. || L15: ### L41: || L42:VERSION = ""2026-08-19-Q1-R02-v1"" || L43:BUILD = ""Q1_R02_SEGFORMER_B0_THREE_SEED_SOURCE_TRAINING"" || L44: || L45:ROOT = Path(r""F:\MEDSEG_SAFETTA"") ### L44: || L45:ROOT = Path(r""F:\MEDSEG_SAFETTA"") || L46:OUTPUT_DIR = ROOT / ""outputs"" / ""Q1_R02_segformer_b0_three_seed_source_training_v1"" || L47: || L48:PROTOCOL = ( ### L49:ROOT || L50:/ ""docs"" || L51:/ ""Q1_R02_segformer_b0_three_seed_source_training_preregistered_protocol_v1.md"" || L52:) || L53:EXPECTED_PROTOCOL_SHA256 = ( ### L66:EXPECTED_Q1_R01C_DECISION = ""READY_TO_IMPLEMENT_SEGFORMER_B0_TRAINING"" || L67: || L68:R01C_SOURCE_CANDIDATES = Q1_R01C_DIR / ""source_data_interface_candidates.csv"" || L69:R01C_CODE_CANDIDATES = Q1_R01C_DIR / ""training_code_reference_candidates.csv"" || L70:R01C_SOURCE_PROTOCOL = Q1_R01C_DIR / ""source_protocol_evidence.json"" ### L68:R01C_SOURCE_CANDIDATES = Q1_R01C_DIR / ""source_data_interface_candidates.csv"" || L69:R01C_CODE_CANDIDATES = Q1_R01C_DIR / ""training_code_reference_candidates.csv"" || L70:R01C_SOURCE_PROTOCOL = Q1_R01C_DIR / ""source_protocol_evidence.json"" || L71: || L72:ARCHITECTURE = ""SegFormer-B0"" ### L118: || L119:DECISION_READY = ""SEGFORMER_B0_THREE_STATE_PANEL_READY"" || L120:DECISION_SOURCE = ""SOURCE_INTERFACE_RESOLUTION_REQUIRED"" || L121:DECISION_CUDA = ""CUDA_REQUIRED_FOR_Q1_R02"" || L122:DECISION_INIT = ""SEGFORMER_PRETRAINED_INITIALIZATION_FAILURE"""
NeoPolyp,code/Q1_R02_segformer_b0_three_seed_source_training_v1_fix1.py,87,"L3: || L4:"""""" || L5:Q1-R02 — SegFormer-B0 Three-Seed Source Training || L6: || L7:Frozen architecture: ### L11:20260820, 20260821, 20260822 || L12: || L13:This script trains source-only segmentation models. It must not use target || L14:data or utility labels. || L15: ### L41: || L42:VERSION = ""2026-08-19-Q1-R02-v1-fix1"" || L43:BUILD = ""Q1_R02_SEGFORMER_B0_THREE_SEED_SOURCE_TRAINING_SOURCE_RESOLVER_FIX1"" || L44: || L45:ROOT = Path(r""F:\MEDSEG_SAFETTA"") ### L44: || L45:ROOT = Path(r""F:\MEDSEG_SAFETTA"") || L46:OUTPUT_DIR = ROOT / ""outputs"" / ""Q1_R02_segformer_b0_three_seed_source_training_v1"" || L47: || L48:PROTOCOL = ( ### L49:ROOT || L50:/ ""docs"" || L51:/ ""Q1_R02_segformer_b0_three_seed_source_training_preregistered_protocol_v1.md"" || L52:) || L53:EXPECTED_PROTOCOL_SHA256 = ( ### L66:EXPECTED_Q1_R01C_DECISION = ""READY_TO_IMPLEMENT_SEGFORMER_B0_TRAINING"" || L67: || L68:R01C_SOURCE_CANDIDATES = Q1_R01C_DIR / ""source_data_interface_candidates.csv"" || L69:R01C_CODE_CANDIDATES = Q1_R01C_DIR / ""training_code_reference_candidates.csv"" || L70:R01C_SOURCE_PROTOCOL = Q1_R01C_DIR / ""source_protocol_evidence.json"" ### L68:R01C_SOURCE_CANDIDATES = Q1_R01C_DIR / ""source_data_interface_candidates.csv"" || L69:R01C_CODE_CANDIDATES = Q1_R01C_DIR / ""training_code_reference_candidates.csv"" || L70:R01C_SOURCE_PROTOCOL = Q1_R01C_DIR / ""source_protocol_evidence.json"" || L71: || L72:ARCHITECTURE = ""SegFormer-B0"" ### L118: || L119:DECISION_READY = ""SEGFORMER_B0_THREE_STATE_PANEL_READY"" || L120:DECISION_SOURCE = ""SOURCE_INTERFACE_RESOLUTION_REQUIRED"" || L121:DECISION_CUDA = ""CUDA_REQUIRED_FOR_Q1_R02"" || L122:DECISION_INIT = ""SEGFORMER_PRETRAINED_INITIALIZATION_FAILURE"""
NeoPolyp,code/Q1_R02_segformer_b0_three_seed_source_training_v1_fix2.py,118,"L3: || L4:"""""" || L5:Q1-R02 — SegFormer-B0 Three-Seed Source Training || L6: || L7:Frozen architecture: ### L11:20260820, 20260821, 20260822 || L12: || L13:This script trains source-only segmentation models. It must not use target || L14:data or utility labels. || L15: ### L41: || L42:VERSION = ""2026-08-19-Q1-R02-v1-fix2"" || L43:BUILD = ""Q1_R02_SEGFORMER_B0_THREE_SEED_SOURCE_TRAINING_SOURCE_LAYOUT_DIAGNOSTIC_FIX2"" || L44: || L45:ROOT = Path(r""F:\MEDSEG_SAFETTA"") ### L44: || L45:ROOT = Path(r""F:\MEDSEG_SAFETTA"") || L46:OUTPUT_DIR = ROOT / ""outputs"" / ""Q1_R02_segformer_b0_three_seed_source_training_v1"" || L47: || L48:PROTOCOL = ( ### L49:ROOT || L50:/ ""docs"" || L51:/ ""Q1_R02_segformer_b0_three_seed_source_training_preregistered_protocol_v1.md"" || L52:) || L53:EXPECTED_PROTOCOL_SHA256 = ( ### L66:EXPECTED_Q1_R01C_DECISION = ""READY_TO_IMPLEMENT_SEGFORMER_B0_TRAINING"" || L67: || L68:R01C_SOURCE_CANDIDATES = Q1_R01C_DIR / ""source_data_interface_candidates.csv"" || L69:R01C_CODE_CANDIDATES = Q1_R01C_DIR / ""training_code_reference_candidates.csv"" || L70:R01C_SOURCE_PROTOCOL = Q1_R01C_DIR / ""source_protocol_evidence.json"" ### L68:R01C_SOURCE_CANDIDATES = Q1_R01C_DIR / ""source_data_interface_candidates.csv"" || L69:R01C_CODE_CANDIDATES = Q1_R01C_DIR / ""training_code_reference_candidates.csv"" || L70:R01C_SOURCE_PROTOCOL = Q1_R01C_DIR / ""source_protocol_evidence.json"" || L71: || L72:ARCHITECTURE = ""SegFormer-B0"" ### L118: || L119:DECISION_READY = ""SEGFORMER_B0_THREE_STATE_PANEL_READY"" || L120:DECISION_SOURCE = ""SOURCE_INTERFACE_RESOLUTION_REQUIRED"" || L121:DECISION_CUDA = ""CUDA_REQUIRED_FOR_Q1_R02"" || L122:DECISION_INIT = ""SEGFORMER_PRETRAINED_INITIALIZATION_FAILURE"""
NeoPolyp,code/Q1_R02_segformer_b0_three_seed_source_training_v1_fix3.py,172,"L3: || L4:"""""" || L5:Q1-R02 — SegFormer-B0 Three-Seed Source Training || L6: || L7:Frozen architecture: ### L11:20260820, 20260821, 20260822 || L12: || L13:This script trains source-only segmentation models. It must not use target || L14:data or utility labels. || L15: ### L41: || L42:VERSION = ""2026-08-19-Q1-R02-v1-fix3"" || L43:BUILD = ""Q1_R02_SEGFORMER_B0_THREE_SEED_SOURCE_TRAINING_FROZEN_VAL_RECONSTRUCTION_FIX3"" || L44: || L45:ROOT = Path(r""F:\MEDSEG_SAFETTA"") ### L44: || L45:ROOT = Path(r""F:\MEDSEG_SAFETTA"") || L46:OUTPUT_DIR = ROOT / ""outputs"" / ""Q1_R02_segformer_b0_three_seed_source_training_v1"" || L47: || L48:PROTOCOL = ( ### L49:ROOT || L50:/ ""docs"" || L51:/ ""Q1_R02_segformer_b0_three_seed_source_training_preregistered_protocol_v1.md"" || L52:) || L53:EXPECTED_PROTOCOL_SHA256 = ( ### L66:EXPECTED_Q1_R01C_DECISION = ""READY_TO_IMPLEMENT_SEGFORMER_B0_TRAINING"" || L67: || L68:R01C_SOURCE_CANDIDATES = Q1_R01C_DIR / ""source_data_interface_candidates.csv"" || L69:R01C_CODE_CANDIDATES = Q1_R01C_DIR / ""training_code_reference_candidates.csv"" || L70:R01C_SOURCE_PROTOCOL = Q1_R01C_DIR / ""source_protocol_evidence.json"" ### L68:R01C_SOURCE_CANDIDATES = Q1_R01C_DIR / ""source_data_interface_candidates.csv"" || L69:R01C_CODE_CANDIDATES = Q1_R01C_DIR / ""training_code_reference_candidates.csv"" || L70:R01C_SOURCE_PROTOCOL = Q1_R01C_DIR / ""source_protocol_evidence.json"" || L71: || L72:Q1_S00A_DIR = ( ### L84:ROOT || L85:/ ""outputs"" || L86:/ ""S07_B_pranet_source_side_counterfactual_utility_dataset_v1"" || L87:) || L88:S07B_UTILITY = S07B_DIR / ""source_side_counterfactual_utility_table.csv"""
NeoPolyp,code/Q1_R02_segformer_b0_three_seed_source_training_v1_fix4.py,251,"L3: || L4:"""""" || L5:Q1-R02 — SegFormer-B0 Three-Seed Source Training || L6: || L7:Frozen architecture: ### L11:20260820, 20260821, 20260822 || L12: || L13:This script trains source-only segmentation models. It must not use target || L14:data or utility labels. || L15: ### L41: || L42:VERSION = ""2026-08-19-Q1-R02-v1-fix4"" || L43:BUILD = ""Q1_R02_SEGFORMER_B0_THREE_SEED_SOURCE_TRAINING_ORIGINAL_SOURCE_PROVENANCE_AUDIT_FIX4"" || L44: || L45:ROOT = Path(r""F:\MEDSEG_SAFETTA"") ### L44: || L45:ROOT = Path(r""F:\MEDSEG_SAFETTA"") || L46:OUTPUT_DIR = ROOT / ""outputs"" / ""Q1_R02_segformer_b0_three_seed_source_training_v1"" || L47: || L48:PROTOCOL = ( ### L49:ROOT || L50:/ ""docs"" || L51:/ ""Q1_R02_segformer_b0_three_seed_source_training_preregistered_protocol_v1.md"" || L52:) || L53:EXPECTED_PROTOCOL_SHA256 = ( ### L66:EXPECTED_Q1_R01C_DECISION = ""READY_TO_IMPLEMENT_SEGFORMER_B0_TRAINING"" || L67: || L68:R01C_SOURCE_CANDIDATES = Q1_R01C_DIR / ""source_data_interface_candidates.csv"" || L69:R01C_CODE_CANDIDATES = Q1_R01C_DIR / ""training_code_reference_candidates.csv"" || L70:R01C_SOURCE_PROTOCOL = Q1_R01C_DIR / ""source_protocol_evidence.json"" ### L68:R01C_SOURCE_CANDIDATES = Q1_R01C_DIR / ""source_data_interface_candidates.csv"" || L69:R01C_CODE_CANDIDATES = Q1_R01C_DIR / ""training_code_reference_candidates.csv"" || L70:R01C_SOURCE_PROTOCOL = Q1_R01C_DIR / ""source_protocol_evidence.json"" || L71: || L72:R01C_SELECTED_PANEL = ( ### L100:ROOT || L101:/ ""outputs"" || L102:/ ""S07_B_pranet_source_side_counterfactual_utility_dataset_v1"" || L103:) || L104:S07B_UTILITY = S07B_DIR / ""source_side_counterfactual_utility_table.csv"""
NeoPolyp,code/Q1_R02_segformer_b0_three_seed_source_training_v1_fix5.py,312,"L3: || L4:"""""" || L5:Q1-R02 — SegFormer-B0 Three-Seed Source Training || L6: || L7:Frozen architecture: ### L11:20260820, 20260821, 20260822 || L12: || L13:This script trains source-only segmentation models. It must not use target || L14:data or utility labels. || L15: ### L41: || L42:VERSION = ""2026-08-19-Q1-R02-v1-fix5"" || L43:BUILD = ""Q1_R02_SEGFORMER_B0_THREE_SEED_SOURCE_TRAINING_S01_MANIFEST_INTERFACE_FIX5"" || L44: || L45:ROOT = Path(r""F:\MEDSEG_SAFETTA"") ### L44: || L45:ROOT = Path(r""F:\MEDSEG_SAFETTA"") || L46:OUTPUT_DIR = ROOT / ""outputs"" / ""Q1_R02_segformer_b0_three_seed_source_training_v1_fix5"" || L47: || L48:PROTOCOL = ( ### L49:ROOT || L50:/ ""docs"" || L51:/ ""Q1_R02_segformer_b0_three_seed_source_training_preregistered_protocol_v1_fix1.md"" || L52:) || L53:EXPECTED_PROTOCOL_SHA256 = ( ### L71:) || L72:EXPECTED_S01_ROLE_COUNTS = { || L73:""source_train"": 1305, || L74:""source_val"": 145, || L75:""seen_sanity"": 162, ### L72:EXPECTED_S01_ROLE_COUNTS = { || L73:""source_train"": 1305, || L74:""source_val"": 145, || L75:""seen_sanity"": 162, || L76:""unseen_locked"": 636, ### L77:} || L78:EXPECTED_S01_TOTAL = 2248 || L79:EXPECTED_SOURCE_POOL = 1450 || L80: || L81:Q1_R01C_DIR = ("
NeoPolyp,code/Q1_R02_segformer_b0_three_seed_source_training_v1_fix6.py,316,"L3: || L4:"""""" || L5:Q1-R02 — SegFormer-B0 Three-Seed Source Training || L6: || L7:Frozen architecture: ### L11:20260820, 20260821, 20260822 || L12: || L13:This script trains source-only segmentation models. It must not use target || L14:data or utility labels. || L15: ### L41: || L42:VERSION = ""2026-08-19-Q1-R02-v1-fix6"" || L43:BUILD = ""Q1_R02_SEGFORMER_B0_THREE_SEED_SOURCE_TRAINING_S01_MANIFEST_INTERFACE_FIX6"" || L44: || L45:ROOT = Path(r""F:\MEDSEG_SAFETTA"") ### L44: || L45:ROOT = Path(r""F:\MEDSEG_SAFETTA"") || L46:OUTPUT_DIR = ROOT / ""outputs"" / ""Q1_R02_segformer_b0_three_seed_source_training_v1_fix6"" || L47: || L48:PROTOCOL = ( ### L49:ROOT || L50:/ ""docs"" || L51:/ ""Q1_R02_segformer_b0_three_seed_source_training_preregistered_protocol_v1_fix2.md"" || L52:) || L53:EXPECTED_PROTOCOL_SHA256 = ( ### L71:) || L72:EXPECTED_S01_ROLE_COUNTS = { || L73:""source_train"": 1305, || L74:""source_val"": 145, || L75:""seen_sanity"": 162, ### L72:EXPECTED_S01_ROLE_COUNTS = { || L73:""source_train"": 1305, || L74:""source_val"": 145, || L75:""seen_sanity"": 162, || L76:""unseen_locked"": 636, ### L77:} || L78:EXPECTED_S01_TOTAL = 2248 || L79:EXPECTED_SOURCE_POOL = 1450 || L80: || L81:Q1_R01C_DIR = ("
NeoPolyp,code/Q1_R02_segformer_b0_three_seed_source_training_v1_fix7.py,320,"L3: || L4:"""""" || L5:Q1-R02 — SegFormer-B0 Three-Seed Source Training || L6: || L7:Frozen architecture: ### L11:20260820, 20260821, 20260822 || L12: || L13:This script trains source-only segmentation models. It must not use target || L14:data or utility labels. || L15: ### L41: || L42:VERSION = ""2026-08-19-Q1-R02-v1-fix7"" || L43:BUILD = ""Q1_R02_SEGFORMER_B0_THREE_SEED_SOURCE_TRAINING_SAFETENSORS_FIX7"" || L44: || L45:ROOT = Path(r""F:\MEDSEG_SAFETTA"") ### L44: || L45:ROOT = Path(r""F:\MEDSEG_SAFETTA"") || L46:OUTPUT_DIR = ROOT / ""outputs"" / ""Q1_R02_segformer_b0_three_seed_source_training_v1_fix7"" || L47: || L48:PROTOCOL = ( ### L49:ROOT || L50:/ ""docs"" || L51:/ ""Q1_R02_segformer_b0_three_seed_source_training_preregistered_protocol_v1_fix3.md"" || L52:) || L53:EXPECTED_PROTOCOL_SHA256 = ( ### L71:) || L72:EXPECTED_S01_ROLE_COUNTS = { || L73:""source_train"": 1305, || L74:""source_val"": 145, || L75:""seen_sanity"": 162, ### L72:EXPECTED_S01_ROLE_COUNTS = { || L73:""source_train"": 1305, || L74:""source_val"": 145, || L75:""seen_sanity"": 162, || L76:""unseen_locked"": 636, ### L77:} || L78:EXPECTED_S01_TOTAL = 2248 || L79:EXPECTED_SOURCE_POOL = 1450 || L80: || L81:Q1_R01C_DIR = ("
NeoPolyp,code/Q1_R05B2_source_only_paot_predictor_lock_v1.py,55,"L3: || L4:"""""" || L5:Q1-R05B2 — Freeze source-only PAOT HARM/BENEFIT predictors. || L6: || L7:No target data. ### L28: || L29:VERSION = ""2026-08-19-Q1-R05B2-v1"" || L30:BUILD = ""Q1_R05B2_SOURCE_ONLY_PAOT_PREDICTOR_LOCK"" || L31: || L32:ROOT = Path(r""F:\MEDSEG_SAFETTA"") ### L34:PROTOCOL = ( || L35:ROOT / ""docs"" || L36:/ ""Q1_R05B2_source_only_paot_predictor_lock_preregistered_protocol_v1.md"" || L37:) || L38:EXPECTED_PROTOCOL_SHA256 = ""85ce6e60fa8002895709e3eccfbaeea24930af00bed46f3cfc0bebd010e89993"" ### L40:R03_DIR = ( || L41:ROOT / ""outputs"" || L42:/ ""Q1_R03_nine_state_heterogeneous_source_utility_asset_v1_fix2"" || L43:) || L44:R03_LOCK = R03_DIR / ""Q1_R03_NINE_STATE_SOURCE_UTILITY_LOCK.json"" ### L42:/ ""Q1_R03_nine_state_heterogeneous_source_utility_asset_v1_fix2"" || L43:) || L44:R03_LOCK = R03_DIR / ""Q1_R03_NINE_STATE_SOURCE_UTILITY_LOCK.json"" || L45:EXPECTED_R03_LOCK_SHA256 = ( || L46:""2c773f5eb70bedb50e2c231ef2512c06dff5ecca425eb43b2719637c1bc06dad"" ### L46:""2c773f5eb70bedb50e2c231ef2512c06dff5ecca425eb43b2719637c1bc06dad"" || L47:) || L48:R03_TABLE = R03_DIR / ""nine_state_source_utility_table.csv"" || L49:EXPECTED_R03_TABLE_SHA256 = ( || L50:""969ef666c4e54d0b6f3152709b99a601ff3b82ce6b9f26d46efeb23e53960642"" ### L65:OUTPUT_DIR = ( || L66:ROOT / ""outputs"" || L67:/ ""Q1_R05B2_source_only_paot_predictor_lock_v1"" || L68:) || L69: ### L74:) || L75: || L76:SOURCE_FEATURE_NAMES = [ || L77:""source_entropy_mean"", || L78:""source_entropy_std"","
NeoPolyp,code/Q1_R05D0_neopolyp_backup_confirmatory_target_selection_lock_v1.py,7,"L39:R05B2_LOCK = ( || L40:ROOT / ""outputs"" || L41:/ ""Q1_R05B2_source_only_paot_predictor_lock_v1"" || L42:/ ""Q1_R05B2_SOURCE_PAOT_PREDICTOR_LOCK.json"" || L43:) ### L40:ROOT / ""outputs"" || L41:/ ""Q1_R05B2_source_only_paot_predictor_lock_v1"" || L42:/ ""Q1_R05B2_SOURCE_PAOT_PREDICTOR_LOCK.json"" || L43:) || L44:EXPECTED_R05B2_LOCK_SHA256 = ( ### L45:""bd182ac600afbb24b3a62ebd326931ab23c7cf6b873a2178e33500395c70f211"" || L46:) || L47:EXPECTED_R05B2_DECISION = ""SOURCE_ONLY_PAOT_PREDICTORS_LOCKED"" || L48:EXPECTED_PAOT_PACKAGES = 12 || L49: ### L92:""inference"", || L93:""tta"", || L94:""checkpoint"", || L95:""train_gt"", || L96:) ### L467:f""Build: {BUILD}"", || L468:"""", || L469:""Frozen source predictor:"", || L470:f""  R05B2 lock={EXPECTED_R05B2_LOCK_SHA256}"", || L471:f""  predictor packages={upstream['predictor_packages']}"", ### L536:""protocol_sha256"": EXPECTED_PROTOCOL_SHA256, || L537:""r05b2_lock_sha256"": EXPECTED_R05B2_LOCK_SHA256, || L538:""frozen_source_paot_predictor_packages"": EXPECTED_PAOT_PACKAGES, || L539:""backup_confirmatory_dataset"": ""BKAI-IGH NeoPolyp-Small"", || L540:""frozen_target_pool"": ""official_1000_train_plus_train_gt"", ### L603:# Local outcome/use semantics. || L604:uses = local_outcome_use_hits( || L605:""BKAI-IGH-NeoPolyp source_dice prediction TTA train_gt"" || L606:) || L607:assert ""dice"" in uses"
NeoPolyp,code/Q1_R05D1_neopolyp_acquisition_pairing_duplicate_qc_v1.py,10,"L560:if not package_path.exists(): || L561:raise FileNotFoundError(package_path) || L562:provider_assertion = bool(args.official_source) || L563:acquisition_mode = ""user_supplied_official_package"" || L564:else: ### L572:if not provider_assertion: || L573:raise RuntimeError( || L574:""--official-source is required for user-supplied package."" || L575:) || L576: ### L768:""acquisition_mode"": acquisition_mode, || L769:""competition"": KAGGLE_COMPETITION, || L770:""official_source_asserted"": bool(provider_assertion), || L771:""package_path"": str(package_path), || L772:""data_root"": str(data_root), ### L811:f""  package={package_path}"", || L812:f""  data_root={data_root}"", || L813:f""  official_source_asserted={'YES' if provider_assertion else 'NO'}"", || L814:"""", || L815:""Structure:"", ### L874:""r05b2_lock_sha256"": EXPECTED_R05B2_LOCK_SHA256, || L875:""competition"": KAGGLE_COMPETITION, || L876:""official_source_asserted"": bool(provider_assertion), || L877:""candidate_cases"": EXPECTED_PAIRS, || L878:""resolved_images"": len(images), ### L968:# Static guard: GT is never passed to canonical_rgb_sha256 in duplicate_qc. || L969:import inspect || L970:source = inspect.getsource(duplicate_qc) || L971:assert ""canonical_rgb_sha256(image_path)"" in source || L972:assert ""canonical_rgb_sha256(gt_path)"" not in source ### L969:import inspect || L970:source = inspect.getsource(duplicate_qc) || L971:assert ""canonical_rgb_sha256(image_path)"" in source || L972:assert ""canonical_rgb_sha256(gt_path)"" not in source || L973: ### L970:source = inspect.getsource(duplicate_qc) || L971:assert ""canonical_rgb_sha256(image_path)"" in source || L972:assert ""canonical_rgb_sha256(gt_path)"" not in source || L973: || L974:print(""FROZEN_1000_PAIR_COUNT_TEST_PASS"")"
NeoPolyp,code/Q1_R05D1_neopolyp_acquisition_pairing_duplicate_qc_v1_fix2.py,15,"L592:if not package_path.exists(): || L593:raise FileNotFoundError(package_path) || L594:provider_assertion = bool(args.official_source) || L595:acquisition_mode = ""user_supplied_official_package"" || L596:else: ### L604:if not provider_assertion: || L605:raise RuntimeError( || L606:""--official-source is required for user-supplied package."" || L607:) || L608: ### L800:""acquisition_mode"": acquisition_mode, || L801:""competition"": KAGGLE_COMPETITION, || L802:""official_source_asserted"": bool(provider_assertion), || L803:""package_path"": str(package_path), || L804:""data_root"": str(data_root), ### L843:f""  package={package_path}"", || L844:f""  data_root={data_root}"", || L845:f""  official_source_asserted={'YES' if provider_assertion else 'NO'}"", || L846:"""", || L847:""Structure:"", ### L906:""r05b2_lock_sha256"": EXPECTED_R05B2_LOCK_SHA256, || L907:""competition"": KAGGLE_COMPETITION, || L908:""official_source_asserted"": bool(provider_assertion), || L909:""candidate_cases"": EXPECTED_PAIRS, || L910:""resolved_images"": len(images), ### L1000:# Static guard: GT is never passed to canonical_rgb_sha256 in duplicate_qc. || L1001:import inspect || L1002:source = inspect.getsource(duplicate_qc) || L1003:assert ""canonical_rgb_sha256(image_path)"" in source || L1004:assert ""canonical_rgb_sha256(gt_path)"" not in source ### L1001:import inspect || L1002:source = inspect.getsource(duplicate_qc) || L1003:assert ""canonical_rgb_sha256(image_path)"" in source || L1004:assert ""canonical_rgb_sha256(gt_path)"" not in source || L1005: ### L1002:source = inspect.getsource(duplicate_qc) || L1003:assert ""canonical_rgb_sha256(image_path)"" in source || L1004:assert ""canonical_rgb_sha256(gt_path)"" not in source || L1005: || L1006:import inspect"
NeoPolyp,code/Q1_R05D2_neopolyp_prospective_paot_probability_lock_v1_fix1.py,110,"L62:R05B2_DIR = ( || L63:ROOT / ""outputs"" || L64:/ ""Q1_R05B2_source_only_paot_predictor_lock_v1"" || L65:) || L66:R05B2_LOCK = R05B2_DIR / ""Q1_R05B2_SOURCE_PAOT_PREDICTOR_LOCK.json"" ### L64:/ ""Q1_R05B2_source_only_paot_predictor_lock_v1"" || L65:) || L66:R05B2_LOCK = R05B2_DIR / ""Q1_R05B2_SOURCE_PAOT_PREDICTOR_LOCK.json"" || L67:EXPECTED_R05B2_LOCK_SHA256 = ( || L68:""bd182ac600afbb24b3a62ebd326931ab23c7cf6b873a2178e33500395c70f211"" ### L68:""bd182ac600afbb24b3a62ebd326931ab23c7cf6b873a2178e33500395c70f211"" || L69:) || L70:EXPECTED_R05B2_DECISION = ""SOURCE_ONLY_PAOT_PREDICTORS_LOCKED"" || L71:PREDICTOR_PACKAGES = R05B2_DIR / ""predictor_packages.json"" || L72:REFERENCE_STATS = R05B2_DIR / ""model_reference_statistics.csv"" ### L74:R03_DIR = ( || L75:ROOT / ""outputs"" || L76:/ ""Q1_R03_nine_state_heterogeneous_source_utility_asset_v1_fix2"" || L77:) || L78:R03_LOCK = R03_DIR / ""Q1_R03_NINE_STATE_SOURCE_UTILITY_LOCK.json"" ### L76:/ ""Q1_R03_nine_state_heterogeneous_source_utility_asset_v1_fix2"" || L77:) || L78:R03_LOCK = R03_DIR / ""Q1_R03_NINE_STATE_SOURCE_UTILITY_LOCK.json"" || L79:EXPECTED_R03_LOCK_SHA256 = ( || L80:""2c773f5eb70bedb50e2c231ef2512c06dff5ecca425eb43b2719637c1bc06dad"" ### L80:""2c773f5eb70bedb50e2c231ef2512c06dff5ecca425eb43b2719637c1bc06dad"" || L81:) || L82:EXPECTED_R03_DECISION = ""NINE_STATE_SOURCE_UTILITY_ASSET_READY"" || L83: || L84:R03_SCRIPT = ( ### L84:R03_SCRIPT = ( || L85:ROOT / ""code"" || L86:/ ""Q1_R03_nine_state_heterogeneous_source_utility_asset_v1_fix2.py"" || L87:) || L88:EXPECTED_R03_SCRIPT_SHA256 = ( ### L90:) || L91: || L92:PRANET_HELPER = ROOT / ""code"" / ""S03_B_build_source_side_safettta_gate_v1.py"" || L93:EXPECTED_PRANET_HELPER_SHA256 = ( || L94:""07ac65247216dea376e8996cbfbc98c54c62157ecdd1e9b7d9b539b5a74a2b5c"""
NeoPolyp,code/Q1_R05D3_neopolyp_source_a1_prediction_lock_v1_fix1.py,122,"L3: || L4:"""""" || L5:Q1-R05D3 FIX1 — Freeze NeoPolyp SOURCE + A1_TENT_1STEP predictions. || L6: || L7:Scientific boundary: ### L38: || L39:VERSION = ""2026-08-19-Q1-R05D3-v1-fix1"" || L40:BUILD = ""Q1_R05D3_NEOPOLYP_SOURCE_A1_PREDICTION_LOCK_FIX1"" || L41: || L42:ROOT = Path(r""F:\MEDSEG_SAFETTA"") ### L44:PROTOCOL = ( || L45:ROOT / ""docs"" || L46:/ ""Q1_R05D3_neopolyp_source_a1_prediction_lock_preregistered_protocol_v1_fix1.md"" || L47:) || L48:EXPECTED_PROTOCOL_SHA256 = ""e980b7491e50206b48ee98069429036391bc8f35dc29c886cb193d411925e03e"" ### L81:R03_DIR = ( || L82:ROOT / ""outputs"" || L83:/ ""Q1_R03_nine_state_heterogeneous_source_utility_asset_v1_fix2"" || L84:) || L85:R03_LOCK = R03_DIR / ""Q1_R03_NINE_STATE_SOURCE_UTILITY_LOCK.json"" ### L83:/ ""Q1_R03_nine_state_heterogeneous_source_utility_asset_v1_fix2"" || L84:) || L85:R03_LOCK = R03_DIR / ""Q1_R03_NINE_STATE_SOURCE_UTILITY_LOCK.json"" || L86:EXPECTED_R03_LOCK_SHA256 = ( || L87:""2c773f5eb70bedb50e2c231ef2512c06dff5ecca425eb43b2719637c1bc06dad"" ### L87:""2c773f5eb70bedb50e2c231ef2512c06dff5ecca425eb43b2719637c1bc06dad"" || L88:) || L89:EXPECTED_R03_DECISION = ""NINE_STATE_SOURCE_UTILITY_ASSET_READY"" || L90: || L91:R03_SCRIPT = ( ### L91:R03_SCRIPT = ( || L92:ROOT / ""code"" || L93:/ ""Q1_R03_nine_state_heterogeneous_source_utility_asset_v1_fix2.py"" || L94:) || L95:EXPECTED_R03_SCRIPT_SHA256 = ( ### L97:) || L98: || L99:PRANET_HELPER = ROOT / ""code"" / ""S03_B_build_source_side_safettta_gate_v1.py"" || L100:EXPECTED_PRANET_HELPER_SHA256 = ( || L101:""07ac65247216dea376e8996cbfbc98c54c62157ecdd1e9b7d9b539b5a74a2b5c"""
NeoPolyp,code/Q1_R05D4_neopolyp_gt_reveal_paot_confirmatory_evaluation_v1.py,32,"L8:- verifies frozen D1/D2/D3 artifacts; || L9:- decodes the 1000 target GT masks for the first time; || L10:- computes frozen SOURCE/A1 Dice and DeltaDice; || L11:- derives HARM/NEUTRAL/BENEFIT; || L12:- evaluates already-locked D2 probabilities; ### L72:R05D3_DIR = ( || L73:ROOT / ""outputs"" || L74:/ ""Q1_R05D3_neopolyp_source_a1_prediction_lock_v1_fix1"" || L75:) || L76:R05D3_LOCK = R05D3_DIR / ""Q1_R05D3_NEOPOLYP_SOURCE_A1_PREDICTION_LOCK.json"" ### L74:/ ""Q1_R05D3_neopolyp_source_a1_prediction_lock_v1_fix1"" || L75:) || L76:R05D3_LOCK = R05D3_DIR / ""Q1_R05D3_NEOPOLYP_SOURCE_A1_PREDICTION_LOCK.json"" || L77:EXPECTED_R05D3_LOCK_SHA256 = ( || L78:""3da08e5ed0780a00788a297b1127d9eb460224326b11e9e30eefce2b3fb48c9a"" ### L78:""3da08e5ed0780a00788a297b1127d9eb460224326b11e9e30eefce2b3fb48c9a"" || L79:) || L80:EXPECTED_R05D3_DECISION = ""NEOPOLYP_SOURCE_A1_PREDICTIONS_LOCKED"" || L81: || L82:R05D3_SCRIPT = ( ### L82:R05D3_SCRIPT = ( || L83:ROOT / ""code"" || L84:/ ""Q1_R05D3_neopolyp_source_a1_prediction_lock_v1_fix1.py"" || L85:) || L86:EXPECTED_R05D3_SCRIPT_SHA256 = ( ### L259:if int(d3.get(""model_case_rows"", -1)) != EXPECTED_MODEL_CASES: || L260:raise RuntimeError(""D3 model-case count changed."") || L261:if int(d3.get(""source_prediction_masks"", -1)) != EXPECTED_MODEL_CASES: || L262:raise RuntimeError(""D3 SOURCE-mask count changed."") || L263:if int(d3.get(""a1_prediction_masks"", -1)) != EXPECTED_MODEL_CASES: ### L260:raise RuntimeError(""D3 model-case count changed."") || L261:if int(d3.get(""source_prediction_masks"", -1)) != EXPECTED_MODEL_CASES: || L262:raise RuntimeError(""D3 SOURCE-mask count changed."") || L263:if int(d3.get(""a1_prediction_masks"", -1)) != EXPECTED_MODEL_CASES: || L264:raise RuntimeError(""D3 A1-mask count changed."") ### L446:""model_state_id"", || L447:""training_seed"", || L448:""checkpoint_sha256"", || L449:*PROB_FIELDS.values(), || L450:}"
NeoPolyp,code/Q1_R06A_source_only_architecture_robust_harm_risk_envelope_v1.py,62,"L3: || L4:"""""" || L5:Q1-R06A — Source-only architecture-robust prospective HARM risk envelope. || L6: || L7:Methods: ### L36: || L37:VERSION = ""2026-08-19-Q1-R06A-v1"" || L38:BUILD = ""Q1_R06A_SOURCE_ONLY_ARCHITECTURE_ROBUST_HARM_RISK_ENVELOPE"" || L39: || L40:ROOT = Path(r""F:\MEDSEG_SAFETTA"") ### L42:PROTOCOL = ( || L43:ROOT / ""docs"" || L44:/ ""Q1_R06A_source_only_architecture_robust_harm_risk_envelope_preregistered_protocol_v1.md"" || L45:) || L46:EXPECTED_PROTOCOL_SHA256 = ""35a087ccea82c811c7a8158d41498395eb4fc33ec71530e7f777c3e7cbc800e9"" ### L48:R03_DIR = ( || L49:ROOT / ""outputs"" || L50:/ ""Q1_R03_nine_state_heterogeneous_source_utility_asset_v1_fix2"" || L51:) || L52:R03_LOCK = R03_DIR / ""Q1_R03_NINE_STATE_SOURCE_UTILITY_LOCK.json"" ### L50:/ ""Q1_R03_nine_state_heterogeneous_source_utility_asset_v1_fix2"" || L51:) || L52:R03_LOCK = R03_DIR / ""Q1_R03_NINE_STATE_SOURCE_UTILITY_LOCK.json"" || L53:R03_TABLE = R03_DIR / ""nine_state_source_utility_table.csv"" || L54: ### L51:) || L52:R03_LOCK = R03_DIR / ""Q1_R03_NINE_STATE_SOURCE_UTILITY_LOCK.json"" || L53:R03_TABLE = R03_DIR / ""nine_state_source_utility_table.csv"" || L54: || L55:EXPECTED_R03_LOCK_SHA256 = ( ### L59:""969ef666c4e54d0b6f3152709b99a601ff3b82ce6b9f26d46efeb23e53960642"" || L60:) || L61:EXPECTED_R03_DECISION = ""NINE_STATE_SOURCE_UTILITY_ASSET_READY"" || L62: || L63:R04_LOCK = ( ### L73:OUTPUT_DIR = ( || L74:ROOT / ""outputs"" || L75:/ ""Q1_R06A_source_only_architecture_robust_harm_risk_envelope_v1"" || L76:) || L77:"
NeoPolyp,code/Q1_R06B_source_only_nested_recall_anchored_harmguard_gate_v1.py,96,"L3: || L4:"""""" || L5:Q1-R06B — Source-only nested recall-anchored HarmGuard gate. || L6: || L7:Risk estimator: ### L9: || L10:Threshold: || L11:inner source-only OOF; || L12:>=90% HARM recall in EACH of the two training architectures; || L13:tau = min(per-family maximum admissible threshold). ### L37: || L38:VERSION = ""2026-08-19-Q1-R06B-v1"" || L39:BUILD = ""Q1_R06B_SOURCE_ONLY_NESTED_RECALL_ANCHORED_HARMGUARD_GATE"" || L40: || L41:ROOT = Path(r""F:\MEDSEG_SAFETTA"") ### L43:PROTOCOL = ( || L44:ROOT / ""docs"" || L45:/ ""Q1_R06B_source_only_nested_recall_anchored_harmguard_gate_preregistered_protocol_v1.md"" || L46:) || L47:EXPECTED_PROTOCOL_SHA256 = ""bae3cfc4eb20b2f90959dbb410aa194fb4badb595307f74fdf2fa49f73aed46a"" ### L49:R03_DIR = ( || L50:ROOT / ""outputs"" || L51:/ ""Q1_R03_nine_state_heterogeneous_source_utility_asset_v1_fix2"" || L52:) || L53:R03_LOCK = R03_DIR / ""Q1_R03_NINE_STATE_SOURCE_UTILITY_LOCK.json"" ### L51:/ ""Q1_R03_nine_state_heterogeneous_source_utility_asset_v1_fix2"" || L52:) || L53:R03_LOCK = R03_DIR / ""Q1_R03_NINE_STATE_SOURCE_UTILITY_LOCK.json"" || L54:R03_TABLE = R03_DIR / ""nine_state_source_utility_table.csv"" || L55: ### L52:) || L53:R03_LOCK = R03_DIR / ""Q1_R03_NINE_STATE_SOURCE_UTILITY_LOCK.json"" || L54:R03_TABLE = R03_DIR / ""nine_state_source_utility_table.csv"" || L55: || L56:EXPECTED_R03_LOCK_SHA256 = ( ### L60:""969ef666c4e54d0b6f3152709b99a601ff3b82ce6b9f26d46efeb23e53960642"" || L61:) || L62:EXPECTED_R03_DECISION = ""NINE_STATE_SOURCE_UTILITY_ASSET_READY"" || L63: || L64:R06A_DIR = ("
NeoPolyp,code/Q1_R07A_neopolyp_external_predictability_control_gap_audit_v1.py,35,"L84:COVERAGE_MIN = 0.30 || L85:BENEFIT_RETENTION_MIN = 0.50 || L86:GATE_MINUS_SOURCE_DICE_MIN = -0.005 || L87:PREDICTABILITY_AUROC_MIN = 0.70 || L88: ### L200:""model_family"", || L201:""model_state_id"", || L202:""source_dice"", || L203:""a1_dice"", || L204:""delta_dice"", ### L225:h = int(r[""harm_label""]) || L226:b = int(r[""benefit_label""]) || L227:sd = float(r[""source_dice""]) || L228:ad = float(r[""a1_dice""]) || L229:dd = float(r[""delta_dice""]) ### L251:""harm"": h, || L252:""benefit"": b, || L253:""source_dice"": sd, || L254:""action_dice"": ad, || L255:}) ### L255:}) || L256: || L257:source_summary_path = artifact_path_from_lock( || L258:R06C_DIR, || L259:r06c, ### L260:""architecture_frontier_summary.csv"", || L261:) || L262:source_summary, _ = read_csv(source_summary_path) || L263: || L264:return r06c, d2, d4, outcomes_path, parsed, source_summary ### L262:source_summary, _ = read_csv(source_summary_path) || L263: || L264:return r06c, d2, d4, outcomes_path, parsed, source_summary || L265: || L266: ### L288:harm = np.asarray([r[""harm""] for r in subset], dtype=np.int64) || L289:benefit = np.asarray([r[""benefit""] for r in subset], dtype=np.int64) || L290:source = np.asarray([r[""source_dice""] for r in subset], dtype=np.float64) || L291:action = np.asarray([r[""action_dice""] for r in subset], dtype=np.float64) || L292:"
NeoPolyp,code/Q1_R08B0_mnms_source_only_deeplab_pilot_v1.py,105,"L3: || L4:r"""""" || L5:Q1-R08B0 — M&Ms source-only DeepLabV3-R50 pilot. || L6: || L7:Target images/masks are never opened. ### L29: || L30:VERSION = ""2026-08-19-Q1-R08B0-v1"" || L31:BUILD = ""Q1_R08B0_MNMS_SOURCE_ONLY_DEEPLABV3_R50_PILOT"" || L32: || L33:ROOT = Path(r""F:\MEDSEG_SAFETTA"") ### L35:PROTOCOL = ( || L36:ROOT / ""docs"" || L37:/ ""Q1_R08B0_mnms_source_only_deeplab_pilot_preregistered_protocol_v1.md"" || L38:) || L39:EXPECTED_PROTOCOL_SHA256 = ""fb39a60314aa6eb0db56802f2d7d14b570e465533f7964ec2982430652b286b3"" ### L61:OUTPUT_DIR = ( || L62:ROOT / ""outputs"" || L63:/ ""Q1_R08B0_mnms_source_only_deeplab_pilot_v1"" || L64:) || L65: ### L96:FEASIBILITY_DICE = 0.70 || L97: || L98:READY = ""MNMS_SOURCE_ONLY_SEGMENTATION_PILOT_READY"" || L99:INSUFFICIENT = ""MNMS_SOURCE_ONLY_SEGMENTATION_PILOT_INSUFFICIENT"" || L100: ### L97: || L98:READY = ""MNMS_SOURCE_ONLY_SEGMENTATION_PILOT_READY"" || L99:INSUFFICIENT = ""MNMS_SOURCE_ONLY_SEGMENTATION_PILOT_INSUFFICIENT"" || L100: || L101: ### L351: || L352:# --------------------------------------------------------------------------- || L353:# Frozen source splits || L354:# --------------------------------------------------------------------------- || L355: ### L354:# --------------------------------------------------------------------------- || L355: || L356:def split_source_subjects( || L357:source_rows: list[dict], || L358:source_vendor: str,"
NeoPolyp,code/Q1_R08B1_mnms_heterogeneous_source_only_panel_v1.py,126,"L3: || L4:r"""""" || L5:Q1-R08B1 — Formal heterogeneous M&Ms source-only model-state panel. || L6: || L7:Architectures: ### L49: || L50:VERSION = ""2026-08-20-Q1-R08B1-v1"" || L51:BUILD = ""Q1_R08B1_MNMS_HETEROGENEOUS_SOURCE_ONLY_PANEL"" || L52: || L53:PROTOCOL = ROOT / ""docs"" / ""Q1_R08B1_mnms_heterogeneous_source_only_panel_preregistered_protocol_v1.md"" ### L51:BUILD = ""Q1_R08B1_MNMS_HETEROGENEOUS_SOURCE_ONLY_PANEL"" || L52: || L53:PROTOCOL = ROOT / ""docs"" / ""Q1_R08B1_mnms_heterogeneous_source_only_panel_preregistered_protocol_v1.md"" || L54:EXPECTED_PROTOCOL_SHA256 = ""7064ec5a3d4223fda0b7154187b442ff65eac23c2f2769ae06f88a03f533105a"" || L55: ### L59:EXPECTED_R08A2_DECISION = ""MNMS_COMPACT_BA_ASSET_READY"" || L60: || L61:R08B0_DIR = ROOT / ""outputs"" / ""Q1_R08B0_mnms_source_only_deeplab_pilot_v1"" || L62:R08B0_LOCK = R08B0_DIR / ""Q1_R08B0_MNMS_SOURCE_ONLY_PILOT_LOCK.json"" || L63:R08B0_SPLIT = R08B0_DIR / ""source_split_manifest.csv"" ### L60: || L61:R08B0_DIR = ROOT / ""outputs"" / ""Q1_R08B0_mnms_source_only_deeplab_pilot_v1"" || L62:R08B0_LOCK = R08B0_DIR / ""Q1_R08B0_MNMS_SOURCE_ONLY_PILOT_LOCK.json"" || L63:R08B0_SPLIT = R08B0_DIR / ""source_split_manifest.csv"" || L64:EXPECTED_R08B0_LOCK_SHA256 = ""393fae163812613b9d7980236deb75d1b5d80d6c52fc98de8e9d461e514a5582"" ### L61:R08B0_DIR = ROOT / ""outputs"" / ""Q1_R08B0_mnms_source_only_deeplab_pilot_v1"" || L62:R08B0_LOCK = R08B0_DIR / ""Q1_R08B0_MNMS_SOURCE_ONLY_PILOT_LOCK.json"" || L63:R08B0_SPLIT = R08B0_DIR / ""source_split_manifest.csv"" || L64:EXPECTED_R08B0_LOCK_SHA256 = ""393fae163812613b9d7980236deb75d1b5d80d6c52fc98de8e9d461e514a5582"" || L65:EXPECTED_R08B0_DECISION = ""MNMS_SOURCE_ONLY_SEGMENTATION_PILOT_READY"" ### L63:R08B0_SPLIT = R08B0_DIR / ""source_split_manifest.csv"" || L64:EXPECTED_R08B0_LOCK_SHA256 = ""393fae163812613b9d7980236deb75d1b5d80d6c52fc98de8e9d461e514a5582"" || L65:EXPECTED_R08B0_DECISION = ""MNMS_SOURCE_ONLY_SEGMENTATION_PILOT_READY"" || L66: || L67:DATA_DIR = ROOT / ""data"" / ""processed"" / ""MnMs_R08A2_BA_compact_v1"" ### L67:DATA_DIR = ROOT / ""data"" / ""processed"" / ""MnMs_R08A2_BA_compact_v1"" || L68:CASE_MANIFEST = DATA_DIR / ""case_manifest.csv"" || L69:OUTPUT_DIR = ROOT / ""outputs"" / ""Q1_R08B1_mnms_heterogeneous_source_only_panel_v1"" || L70: || L71:ARCHITECTURES = (""deeplabv3_r50"", ""fcn_r50"", ""segformer_b0"")"
NeoPolyp,code/Q1_R08B1_mnms_heterogeneous_source_only_panel_v1_fix1.py,126,"L3: || L4:r"""""" || L5:Q1-R08B1 — Formal heterogeneous M&Ms source-only model-state panel. || L6: || L7:Architectures: ### L49: || L50:VERSION = ""2026-08-20-Q1-R08B1-v1-fix1"" || L51:BUILD = ""Q1_R08B1_MNMS_HETEROGENEOUS_SOURCE_ONLY_PANEL"" || L52: || L53:PROTOCOL = ROOT / ""docs"" / ""Q1_R08B1_mnms_heterogeneous_source_only_panel_preregistered_protocol_v1.md"" ### L51:BUILD = ""Q1_R08B1_MNMS_HETEROGENEOUS_SOURCE_ONLY_PANEL"" || L52: || L53:PROTOCOL = ROOT / ""docs"" / ""Q1_R08B1_mnms_heterogeneous_source_only_panel_preregistered_protocol_v1.md"" || L54:EXPECTED_PROTOCOL_SHA256 = ""7064ec5a3d4223fda0b7154187b442ff65eac23c2f2769ae06f88a03f533105a"" || L55: ### L59:EXPECTED_R08A2_DECISION = ""MNMS_COMPACT_BA_ASSET_READY"" || L60: || L61:R08B0_DIR = ROOT / ""outputs"" / ""Q1_R08B0_mnms_source_only_deeplab_pilot_v1"" || L62:R08B0_LOCK = R08B0_DIR / ""Q1_R08B0_MNMS_SOURCE_ONLY_PILOT_LOCK.json"" || L63:R08B0_SPLIT = R08B0_DIR / ""source_split_manifest.csv"" ### L60: || L61:R08B0_DIR = ROOT / ""outputs"" / ""Q1_R08B0_mnms_source_only_deeplab_pilot_v1"" || L62:R08B0_LOCK = R08B0_DIR / ""Q1_R08B0_MNMS_SOURCE_ONLY_PILOT_LOCK.json"" || L63:R08B0_SPLIT = R08B0_DIR / ""source_split_manifest.csv"" || L64:EXPECTED_R08B0_LOCK_SHA256 = ""393fae163812613b9d7980236deb75d1b5d80d6c52fc98de8e9d461e514a5582"" ### L61:R08B0_DIR = ROOT / ""outputs"" / ""Q1_R08B0_mnms_source_only_deeplab_pilot_v1"" || L62:R08B0_LOCK = R08B0_DIR / ""Q1_R08B0_MNMS_SOURCE_ONLY_PILOT_LOCK.json"" || L63:R08B0_SPLIT = R08B0_DIR / ""source_split_manifest.csv"" || L64:EXPECTED_R08B0_LOCK_SHA256 = ""393fae163812613b9d7980236deb75d1b5d80d6c52fc98de8e9d461e514a5582"" || L65:EXPECTED_R08B0_DECISION = ""MNMS_SOURCE_ONLY_SEGMENTATION_PILOT_READY"" ### L63:R08B0_SPLIT = R08B0_DIR / ""source_split_manifest.csv"" || L64:EXPECTED_R08B0_LOCK_SHA256 = ""393fae163812613b9d7980236deb75d1b5d80d6c52fc98de8e9d461e514a5582"" || L65:EXPECTED_R08B0_DECISION = ""MNMS_SOURCE_ONLY_SEGMENTATION_PILOT_READY"" || L66: || L67:DATA_DIR = ROOT / ""data"" / ""processed"" / ""MnMs_R08A2_BA_compact_v1"" ### L67:DATA_DIR = ROOT / ""data"" / ""processed"" / ""MnMs_R08A2_BA_compact_v1"" || L68:CASE_MANIFEST = DATA_DIR / ""case_manifest.csv"" || L69:OUTPUT_DIR = ROOT / ""outputs"" / ""Q1_R08B1_mnms_heterogeneous_source_only_panel_v1"" || L70: || L71:ARCHITECTURES = (""deeplabv3_r50"", ""fcn_r50"", ""segformer_b0"")"
NeoPolyp,code/Q1_R08C1_mnms_source_only_harm_predictability_audit_v1.py,5,"L2:# -*- coding: utf-8 -*- || L3:"""""" || L4:Q1-R08C1 Source-only HARM Predictability Audit || L5:"""""" || L6: ### L75:groups = df[""subject_id""].astype(str).values || L76: || L77:print(""===== Q1-R08C1 SOURCE-ONLY HARM PREDICTABILITY AUDIT ====="") || L78:print(""Version:"", VERSION) || L79:print(""rows="", len(df)) ### L137:}, f, indent=2) || L138: || L139:print(""Decision: MNMS_SOURCE_ONLY_HARM_PREDICTABILITY_COMPLETE"") || L140: || L141: ### L144:p.add_argument(""--self-test"", action=""store_true"") || L145:p.add_argument(""--asset"", || L146:default=r""F:\MEDSEG_SAFETTA\outputs\Q1_R08C0_mnms_source_utility_asset_v1"") || L147:p.add_argument(""--output"", || L148:default=r""F:\MEDSEG_SAFETTA\outputs\Q1_R08C1_mnms_source_only_harm_predictability_audit_v1"") ### L146:default=r""F:\MEDSEG_SAFETTA\outputs\Q1_R08C0_mnms_source_utility_asset_v1"") || L147:p.add_argument(""--output"", || L148:default=r""F:\MEDSEG_SAFETTA\outputs\Q1_R08C1_mnms_source_only_harm_predictability_audit_v1"") || L149:args = p.parse_args() || L150:"
NeoPolyp,code/Q1_R08C1_mnms_source_only_harm_predictability_audit_v1_fix1.py,9,"L4:"""""" || L5:Q1-R08C1 FIX1 || L6:M&Ms Source-only HARM Predictability Audit || L7: || L8:Input: ### L7: || L8:Input: || L9:Q1_R08C0/source_utility_table.csv || L10: || L11:Label: ### L67: || L68:def main_run(args): || L69:csv_path = Path(args.asset) / ""source_utility_table.csv"" || L70: || L71:if not csv_path.exists(): ### L88:drop_cols = { || L89:""direction"", || L90:""source_vendor"", || L91:""target_vendor"", || L92:""architecture"", ### L94:""subject_id"", || L95:""centre"", || L96:""source_group_fold"", || L97:""perturbation"", || L98:""outcome"" ### L109:).fillna(0) || L110: || L111:print(""===== Q1-R08C1 FIX1 SOURCE-ONLY HARM PREDICTABILITY ====="") || L112:print(""Version:"", VERSION) || L113:print(""rows="", len(df)) ### L176:}, f, indent=2) || L177: || L178:print(""Decision: MNMS_SOURCE_ONLY_HARM_PREDICTABILITY_COMPLETE"") || L179: || L180: ### L189:parser.add_argument( || L190:""--asset"", || L191:default=r""F:\MEDSEG_SAFETTA\outputs\Q1_R08C0_mnms_source_utility_asset_v1"" || L192:) || L193:"
NeoPolyp,code/Q1_R08E1_neopolyp_frozen_risk_inference_v1.py,24,"L7: || L8:Purpose: || L9:Generate external NeoPolyp risk scores using the frozen source-only || L10:harm predictor. || L11: ### L17: || L18:Input: || L19:A prepared NeoPolyp table containing frozen source-only uncertainty || L20:features plus source/A1 outcomes. || L21: ### L18:Input: || L19:A prepared NeoPolyp table containing frozen source-only uncertainty || L20:features plus source/A1 outcomes. || L21: || L22:Output: ### L47:def build_frozen_predictor(): || L48:# R08C1 frozen model family. || L49:# Coefficients should be injected from the locked source-only training artifact. || L50:return Pipeline([ || L51:(""scaler"", StandardScaler()), ### L68: || L69:feature_cols = [ || L70:""source_entropy_mean"", || L71:""source_entropy_std"", || L72:""source_entropy_q10"", ### L69:feature_cols = [ || L70:""source_entropy_mean"", || L71:""source_entropy_std"", || L72:""source_entropy_q10"", || L73:""source_entropy_q50"", ### L70:""source_entropy_mean"", || L71:""source_entropy_std"", || L72:""source_entropy_q10"", || L73:""source_entropy_q50"", || L74:""source_entropy_q90"", ### L71:""source_entropy_std"", || L72:""source_entropy_q10"", || L73:""source_entropy_q50"", || L74:""source_entropy_q90"", || L75:""source_prob_mean"","
NeoPolyp,code/Q1_R08E1_neopolyp_frozen_risk_inference_v1_fix2.py,21,"L8:Uses: || L9:- R08E0p5 frozen harm predictor artifact || L10:- NeoPolyp source-only uncertainty features || L11: || L12:No: ### L29: || L30:FEATURES = [ || L31:""source_entropy_mean"", || L32:""source_entropy_std"", || L33:""source_entropy_q10"", ### L30:FEATURES = [ || L31:""source_entropy_mean"", || L32:""source_entropy_std"", || L33:""source_entropy_q10"", || L34:""source_entropy_q50"", ### L31:""source_entropy_mean"", || L32:""source_entropy_std"", || L33:""source_entropy_q10"", || L34:""source_entropy_q50"", || L35:""source_entropy_q90"", ### L32:""source_entropy_std"", || L33:""source_entropy_q10"", || L34:""source_entropy_q50"", || L35:""source_entropy_q90"", || L36:""source_prob_mean"", ### L33:""source_entropy_q10"", || L34:""source_entropy_q50"", || L35:""source_entropy_q90"", || L36:""source_prob_mean"", || L37:""source_prob_std"", ### L34:""source_entropy_q50"", || L35:""source_entropy_q90"", || L36:""source_prob_mean"", || L37:""source_prob_std"", || L38:""source_prob_q10"", ### L35:""source_entropy_q90"", || L36:""source_prob_mean"", || L37:""source_prob_std"", || L38:""source_prob_q10"", || L39:""source_prob_q50"","
NeoPolyp,code/Q1_R08E1_pre_neopolyp_feature_assembly_v1.py,24,"L25: || L26:RENAME = { || L27:""paot_mrz19_harm_probability"": ""source_entropy_mean"", || L28:""paot_mrz19_benefit_probability"": ""source_prob_mean"", || L29:""paot_raw19_harm_probability"": ""source_logit_abs_mean"", ### L26:RENAME = { || L27:""paot_mrz19_harm_probability"": ""source_entropy_mean"", || L28:""paot_mrz19_benefit_probability"": ""source_prob_mean"", || L29:""paot_raw19_harm_probability"": ""source_logit_abs_mean"", || L30:""paot_raw19_benefit_probability"": ""source_confidence_mean"", ### L27:""paot_mrz19_harm_probability"": ""source_entropy_mean"", || L28:""paot_mrz19_benefit_probability"": ""source_prob_mean"", || L29:""paot_raw19_harm_probability"": ""source_logit_abs_mean"", || L30:""paot_raw19_benefit_probability"": ""source_confidence_mean"", || L31:} ### L28:""paot_mrz19_benefit_probability"": ""source_prob_mean"", || L29:""paot_raw19_harm_probability"": ""source_logit_abs_mean"", || L30:""paot_raw19_benefit_probability"": ""source_confidence_mean"", || L31:} || L32: ### L58: || L59:feature_cols = [ || L60:""source_entropy_mean"", || L61:""source_entropy_std"", || L62:""source_entropy_q10"", ### L59:feature_cols = [ || L60:""source_entropy_mean"", || L61:""source_entropy_std"", || L62:""source_entropy_q10"", || L63:""source_entropy_q50"", ### L60:""source_entropy_mean"", || L61:""source_entropy_std"", || L62:""source_entropy_q10"", || L63:""source_entropy_q50"", || L64:""source_entropy_q90"", ### L61:""source_entropy_std"", || L62:""source_entropy_q10"", || L63:""source_entropy_q50"", || L64:""source_entropy_q90"", || L65:""source_prob_mean"","
NeoPolyp,code/Q1_R08E1_pre_neopolyp_feature_assembly_v1_fix1.py,25,"L15: || L16:FEATURES = [ || L17:""source_entropy_mean"", || L18:""source_entropy_std"", || L19:""source_entropy_q10"", ### L16:FEATURES = [ || L17:""source_entropy_mean"", || L18:""source_entropy_std"", || L19:""source_entropy_q10"", || L20:""source_entropy_q50"", ### L17:""source_entropy_mean"", || L18:""source_entropy_std"", || L19:""source_entropy_q10"", || L20:""source_entropy_q50"", || L21:""source_entropy_q90"", ### L18:""source_entropy_std"", || L19:""source_entropy_q10"", || L20:""source_entropy_q50"", || L21:""source_entropy_q90"", || L22:""source_prob_mean"", ### L19:""source_entropy_q10"", || L20:""source_entropy_q50"", || L21:""source_entropy_q90"", || L22:""source_prob_mean"", || L23:""source_prob_std"", ### L20:""source_entropy_q50"", || L21:""source_entropy_q90"", || L22:""source_prob_mean"", || L23:""source_prob_std"", || L24:""source_prob_q10"", ### L21:""source_entropy_q90"", || L22:""source_prob_mean"", || L23:""source_prob_std"", || L24:""source_prob_q10"", || L25:""source_prob_q50"", ### L22:""source_prob_mean"", || L23:""source_prob_std"", || L24:""source_prob_q10"", || L25:""source_prob_q50"", || L26:""source_prob_q90"","
NeoPolyp,code/Q1_R08F0_neopolyp_frozen_risk_aware_external_validation_v1.py,4,"L7: || L8:Purpose: || L9:External validation of the frozen source-only risk-aware TTA policy. || L10: || L11:Frozen: ### L20: || L21:Input: || L22:NeoPolyp source/A1 predictions and GT-derived outcomes. || L23: || L24:This script only evaluates the frozen policy. ### L54:required = { || L55:""risk_score"", || L56:""source_dice"", || L57:""a1_dice"", || L58:""outcome"" ### L73:use_tent, || L74:df[""a1_dice""].values, || L75:df[""source_dice""].values || L76:) || L77:"
NeoPolyp,code/Q1_R08F0_neopolyp_frozen_risk_aware_external_validation_v1_fix1.py,7,"L43:required = [ || L44:""risk_score"", || L45:""source_dice"", || L46:""a1_dice"", || L47:] ### L56: || L57:df[""policy""] = ""A1_TENT"" || L58:df.loc[df[""risk_score""] >= threshold, ""policy""] = ""SOURCE"" || L59: || L60:df[""selected_dice""] = df[""a1_dice""] ### L60:df[""selected_dice""] = df[""a1_dice""] || L61:df.loc[ || L62:df[""policy""] == ""SOURCE"", || L63:""selected_dice"" || L64:] = df.loc[ ### L63:""selected_dice"" || L64:] = df.loc[ || L65:df[""policy""] == ""SOURCE"", || L66:""source_dice"" || L67:] ### L64:] = df.loc[ || L65:df[""policy""] == ""SOURCE"", || L66:""source_dice"" || L67:] || L68: ### L71:""rows"": int(len(df)), || L72:""threshold"": threshold, || L73:""source_rows"": int((df.policy == ""SOURCE"").sum()), || L74:""tent_rows"": int((df.policy == ""A1_TENT"").sum()), || L75:""mean_source_dice"": float(df.source_dice.mean()), ### L73:""source_rows"": int((df.policy == ""SOURCE"").sum()), || L74:""tent_rows"": int((df.policy == ""A1_TENT"").sum()), || L75:""mean_source_dice"": float(df.source_dice.mean()), || L76:""mean_a1_dice"": float(df.a1_dice.mean()), || L77:""mean_selected_dice"": float(df.selected_dice.mean()),"
NeoPolyp,code/Q1_R10H2_NeoPolyp_external_labeled_panel_builder_fix1.py,33,"L31: || L32:RAW_FEATURES = [ || L33:""source_entropy_mean"", || L34:""source_entropy_std"", || L35:""source_entropy_q10"", ### L32:RAW_FEATURES = [ || L33:""source_entropy_mean"", || L34:""source_entropy_std"", || L35:""source_entropy_q10"", || L36:""source_entropy_q50"", ### L33:""source_entropy_mean"", || L34:""source_entropy_std"", || L35:""source_entropy_q10"", || L36:""source_entropy_q50"", || L37:""source_entropy_q90"", ### L34:""source_entropy_std"", || L35:""source_entropy_q10"", || L36:""source_entropy_q50"", || L37:""source_entropy_q90"", || L38:""source_prob_mean"", ### L35:""source_entropy_q10"", || L36:""source_entropy_q50"", || L37:""source_entropy_q90"", || L38:""source_prob_mean"", || L39:""source_prob_std"", ### L36:""source_entropy_q50"", || L37:""source_entropy_q90"", || L38:""source_prob_mean"", || L39:""source_prob_std"", || L40:""source_prob_q10"", ### L37:""source_entropy_q90"", || L38:""source_prob_mean"", || L39:""source_prob_std"", || L40:""source_prob_q10"", || L41:""source_prob_q50"", ### L38:""source_prob_mean"", || L39:""source_prob_std"", || L40:""source_prob_q10"", || L41:""source_prob_q50"", || L42:""source_prob_q90"","
PolypGen,code/Q1_R10L1B_polypgen_unique_static_manifest_lock_fix1.py,6,"L13:- one unmatched image stem and one unmatched mask stem in C3. || L14: || L15:Before source-training overlap audit or any external inference, freeze a || L16:deduplicated static-image manifest. || L17: ### L158:expected = ( || L159:""POLYPGEN_OFFICIAL_SINGLEFRAME_TECHNICALLY_READY_"" || L160:""SOURCE_TRAINING_OVERLAP_UNRESOLVED"" || L161:) || L162:if prev.get(""decision"") != expected: ### L205: || L206:# ------------------------------------------------------------------ || L207:# Recompute hashes from source files; do not trust cached values only. || L208:# ------------------------------------------------------------------ || L209:rgb_hash = [] ### L439:decision = ( || L440:""POLYPGEN_STATIC_UNIQUE_MANIFEST_LOCKED_"" || L441:""PENDING_SOURCE_TRAINING_AUDIT"" || L442:) || L443: ### L456:""model_inference_run"": False, || L457:""performance_evaluated"": False, || L458:""source_training_overlap_status"": ""PENDING_R10L2"", || L459:""locked_manifest"": str(manifest_out), || L460:} ### L471:print(""MODEL INFERENCE RUN: NO"") || L472:print(""PERFORMANCE EVALUATED: NO"") || L473:print(""SOURCE-TRAINING OVERLAP STATUS: PENDING_R10L2"") || L474:print(""\nOutputs:"") || L475:print(manifest_out)"
PolypGen,code/Q1_R10L1B_polypgen_unique_static_manifest_lock_fix2.py,6,"L13:- one unmatched image stem and one unmatched mask stem in C3. || L14: || L15:Before source-training overlap audit or any external inference, freeze a || L16:deduplicated static-image manifest. || L17: ### L158:expected = ( || L159:""POLYPGEN_OFFICIAL_SINGLEFRAME_TECHNICALLY_READY_"" || L160:""SOURCE_TRAINING_OVERLAP_UNRESOLVED"" || L161:) || L162:if prev.get(""decision"") != expected: ### L205: || L206:# ------------------------------------------------------------------ || L207:# Recompute hashes from source files; do not trust cached values only. || L208:# ------------------------------------------------------------------ || L209:rgb_hash = [] ### L477:decision = ( || L478:""POLYPGEN_STATIC_UNIQUE_MANIFEST_LOCKED_"" || L479:""PENDING_SOURCE_TRAINING_AUDIT"" || L480:) || L481: ### L496:""model_inference_run"": False, || L497:""performance_evaluated"": False, || L498:""source_training_overlap_status"": ""PENDING_R10L2"", || L499:""locked_manifest"": str(manifest_out), || L500:} ### L511:print(""MODEL INFERENCE RUN: NO"") || L512:print(""PERFORMANCE EVALUATED: NO"") || L513:print(""SOURCE-TRAINING OVERLAP STATUS: PENDING_R10L2"") || L514:print(""\nOutputs:"") || L515:print(manifest_out)"
PolypGen,code/Q1_R10L1B_polypgen_unique_static_manifest_lock_fix3.py,6,"L13:- one unmatched image stem and one unmatched mask stem in C3. || L14: || L15:Before source-training overlap audit or any external inference, freeze a || L16:deduplicated static-image manifest. || L17: ### L158:expected = ( || L159:""POLYPGEN_OFFICIAL_SINGLEFRAME_TECHNICALLY_READY_"" || L160:""SOURCE_TRAINING_OVERLAP_UNRESOLVED"" || L161:) || L162:if prev.get(""decision"") != expected: ### L205: || L206:# ------------------------------------------------------------------ || L207:# Recompute hashes from source files; do not trust cached values only. || L208:# ------------------------------------------------------------------ || L209:rgb_hash = [] ### L513:decision = ( || L514:""POLYPGEN_STATIC_UNIQUE_MANIFEST_LOCKED_"" || L515:""PENDING_SOURCE_TRAINING_AUDIT"" || L516:) || L517: ### L536:""model_inference_run"": False, || L537:""performance_evaluated"": False, || L538:""source_training_overlap_status"": ""PENDING_R10L2"", || L539:""locked_manifest"": str(manifest_out), || L540:} ### L551:print(""MODEL INFERENCE RUN: NO"") || L552:print(""PERFORMANCE EVALUATED: NO"") || L553:print(""SOURCE-TRAINING OVERLAP STATUS: PENDING_R10L2"") || L554:print(""\nOutputs:"") || L555:print(manifest_out)"
PolypGen,code/Q1_R10L1_polypgen_external_cohort_asset_audit_fix1.py,10,"L23:Important: || L24:This audit can establish technical pairing + no exact NeoPolyp duplication. || L25:It CANNOT by itself prove that PolypGen was absent from the original source || L26:segmentation-model training data. That remains a separate lineage gate. || L27:"""""" ### L53:DEFAULT_R10L0_LOCK = ( || L54:""F:/MEDSEG_SAFETTA/outputs/"" || L55:""Q1_R10L0_final_source_safety_estimator_lock_fix3_v1/"" || L56:""R10L0_FINAL_SOURCE_ESTIMATOR_LOCK.json"" || L57:) ### L54:""F:/MEDSEG_SAFETTA/outputs/"" || L55:""Q1_R10L0_final_source_safety_estimator_lock_fix3_v1/"" || L56:""R10L0_FINAL_SOURCE_ESTIMATOR_LOCK.json"" || L57:) || L58: ### L192:print(""METHOD TUNING: NONE"") || L193:print(""THRESHOLD TUNING: NONE"") || L194:print(""SOURCE ESTIMATOR REFIT: NONE"") || L195:print(""CANDIDATE ROOT:"", root) || L196:print() ### L198:print(""PolypGen root exists:"", root.exists(), root) || L199:print(""NeoPolyp manifest exists:"", neo_manifest_path.exists()) || L200:print(""R10L0 source lock exists:"", r10l0_lock_path.exists()) || L201: || L202:if not r10l0_lock_path.exists(): ### L207: || L208:expected = ( || L209:""FINAL_SOURCE_ESTIMATOR_LOCKED_FOR_INDEPENDENT_EXTERNAL_VALIDATION"" || L210:) || L211:if lock.get(""decision"") != expected: ### L211:if lock.get(""decision"") != expected: || L212:raise AssertionError( || L213:""R10L0 source estimator is not in the expected frozen state."" || L214:) || L215: ### L432:decision = ( || L433:""POLYPGEN_TECHNICAL_PAIRING_READY_"" || L434:""SOURCE_TRAINING_OVERLAP_UNRESOLVED"" || L435:) || L436:else:"
PolypGen,code/Q1_R10L1_polypgen_official_singleframe_asset_audit_fix2.py,9,"L44:7) write center-aware locked manifest. || L45: || L46:Source-training overlap remains a separate R10L2 gate. || L47:"""""" || L48: ### L73:DEFAULT_R10L0_LOCK = ( || L74:""F:/MEDSEG_SAFETTA/outputs/"" || L75:""Q1_R10L0_final_source_safety_estimator_lock_fix3_v1/"" || L76:""R10L0_FINAL_SOURCE_ESTIMATOR_LOCK.json"" || L77:) ### L74:""F:/MEDSEG_SAFETTA/outputs/"" || L75:""Q1_R10L0_final_source_safety_estimator_lock_fix3_v1/"" || L76:""R10L0_FINAL_SOURCE_ESTIMATOR_LOCK.json"" || L77:) || L78: ### L210:print(""METHOD TUNING: NONE"") || L211:print(""THRESHOLD TUNING: NONE"") || L212:print(""SOURCE ESTIMATOR REFIT: NONE"") || L213:print(""ROOT:"", root) || L214:print() ### L231: || L232:expected_lock = ( || L233:""FINAL_SOURCE_ESTIMATOR_LOCKED_FOR_INDEPENDENT_EXTERNAL_VALIDATION"" || L234:) || L235:if lock.get(""decision"") != expected_lock: ### L234:) || L235:if lock.get(""decision"") != expected_lock: || L236:raise AssertionError(""R10L0 source estimator lock is not frozen."") || L237: || L238:# ------------------------------------------------------------------ ### L511:decision = ( || L512:""POLYPGEN_OFFICIAL_SINGLEFRAME_TECHNICALLY_READY_"" || L513:""SOURCE_TRAINING_OVERLAP_UNRESOLVED"" || L514:) || L515:else: ### L537:""within_polypgen_duplicate_rows"": within_duplicate_rows, || L538:""exact_neopolyp_rgb_duplicates"": exact_dups, || L539:""source_training_overlap_status"": ""UNRESOLVED"", || L540:""model_inference_run"": False, || L541:""external_performance_evaluated"": False,"
PolypGen,code/Q1_R10L3A_polypgen_source_a1_prediction_lock_fix1.py,70,"L3: || L4:"""""" || L5:Q1_R10L3A_polypgen_source_a1_prediction_lock_fix1.py || L6: || L7:First prospective PolypGen model execution after the independence gate. ### L9:PURPOSE || L10:------- || L11:Run the exact already-frozen SOURCE vs A1_TENT_1STEP counterfactual for all || L12:1532 locked PolypGen static cases x 9 frozen model states, while keeping || L13:PolypGen GT completely unopened. ### L17:and reuses its frozen state runners: || L18: || L19:- PraNet: exact S03-B SOURCE + episodic 1-step TENT || L20:- DeepLabV3-R50: exact singleton-safe S05-C SOURCE + episodic 1-step TENT || L21:- SegFormer-B0: exact R03 SOURCE + episodic 1-step TENT ### L18: || L19:- PraNet: exact S03-B SOURCE + episodic 1-step TENT || L20:- DeepLabV3-R50: exact singleton-safe S05-C SOURCE + episodic 1-step TENT || L21:- SegFormer-B0: exact R03 SOURCE + episodic 1-step TENT || L22: ### L19:- PraNet: exact S03-B SOURCE + episodic 1-step TENT || L20:- DeepLabV3-R50: exact singleton-safe S05-C SOURCE + episodic 1-step TENT || L21:- SegFormer-B0: exact R03 SOURCE + episodic 1-step TENT || L22: || L23:Frozen action: ### L38:- target calibration/tuning/threshold fitting: NO || L39: || L40:Outputs SOURCE and A1 masks only, packed exactly as the authoritative R05D3 || L41:implementation: 352x352 binary masks, row-major, np.packbits(bitorder=""little""). || L42:"""""" ### L66: || L67:VERSION = ""2026-08-26-Q1-R10L3A-v1-fix1"" || L68:BUILD = ""Q1_R10L3A_POLYPGEN_SOURCE_A1_PREDICTION_LOCK_FIX1"" || L69: || L70:ROOT = Path(r""F:\MEDSEG_SAFETTA"") ### L72:R05D3_SCRIPT = ( || L73:ROOT / ""code"" || L74:/ ""Q1_R05D3_neopolyp_source_a1_prediction_lock_v1_fix1.py"" || L75:) || L76:EXPECTED_R05D3_SCRIPT_SHA256 = ("
PolypGen,code/Q1_R10L3A_polypgen_source_a1_prediction_lock_fix2.py,76,"L3: || L4:"""""" || L5:Q1_R10L3A_polypgen_source_a1_prediction_lock_fix2.py || L6: || L7:First prospective PolypGen model execution after the independence gate. ### L9:PURPOSE || L10:------- || L11:Run the exact already-frozen SOURCE vs A1_TENT_1STEP counterfactual for all || L12:1532 locked PolypGen static cases x 9 frozen model states, while keeping || L13:PolypGen GT completely unopened. ### L17:and reuses its frozen state runners: || L18: || L19:- PraNet: exact S03-B SOURCE + episodic 1-step TENT || L20:- DeepLabV3-R50: exact singleton-safe S05-C SOURCE + episodic 1-step TENT || L21:- SegFormer-B0: exact R03 SOURCE + episodic 1-step TENT ### L18: || L19:- PraNet: exact S03-B SOURCE + episodic 1-step TENT || L20:- DeepLabV3-R50: exact singleton-safe S05-C SOURCE + episodic 1-step TENT || L21:- SegFormer-B0: exact R03 SOURCE + episodic 1-step TENT || L22: ### L19:- PraNet: exact S03-B SOURCE + episodic 1-step TENT || L20:- DeepLabV3-R50: exact singleton-safe S05-C SOURCE + episodic 1-step TENT || L21:- SegFormer-B0: exact R03 SOURCE + episodic 1-step TENT || L22: || L23:Frozen action: ### L38:- target calibration/tuning/threshold fitting: NO || L39: || L40:Outputs SOURCE and A1 masks only, packed exactly as the authoritative R05D3 || L41:implementation: 352x352 binary masks, row-major, np.packbits(bitorder=""little""). || L42:"""""" ### L66: || L67:VERSION = ""2026-08-26-Q1-R10L3A-v1-fix2"" || L68:BUILD = ""Q1_R10L3A_POLYPGEN_SOURCE_A1_PREDICTION_LOCK_FIX2"" || L69: || L70:ROOT = Path(r""F:\MEDSEG_SAFETTA"") ### L72:R05D3_SCRIPT = ( || L73:ROOT / ""code"" || L74:/ ""Q1_R05D3_neopolyp_source_a1_prediction_lock_v1_fix1.py"" || L75:) || L76:EXPECTED_R05D3_SCRIPT_SHA256 = ("
PolypGen,code/Q1_R10L3B_polypgen_frozen_safety_score_lock_fix1.py,41,"L13:Per model-case: || L14:1) RGB -> frozen facebook/dinov2-base, direct bicubic 224x224; || L15:2) read SOURCE mask only (A1 value access forbidden); || L16:3) SOURCE 352x352 -> exact 22x22 block occupancy -> 16x16; || L17:4) foreground-weighted patch mean 768-D; ### L14:1) RGB -> frozen facebook/dinov2-base, direct bicubic 224x224; || L15:2) read SOURCE mask only (A1 value access forbidden); || L16:3) SOURCE 352x352 -> exact 22x22 block occupancy -> 16x16; || L17:4) foreground-weighted patch mean 768-D; || L18:5) background-weighted patch mean 768-D; ### L70:R10L3A_DIR = ( || L71:ROOT / ""outputs"" || L72:/ ""Q1_R10L3A_polypgen_source_a1_prediction_lock_fix2_v1"" || L73:) || L74:R10L3A_LOCK = ( ### L74:R10L3A_LOCK = ( || L75:R10L3A_DIR || L76:/ ""R10L3A_POLYPGEN_SOURCE_A1_PREDICTION_LOCK.json"" || L77:) || L78:EXPECTED_R10L3A_LOCK_SHA256 = ( ### L80:) || L81:EXPECTED_R10L3A_DECISION = ( || L82:""POLYPGEN_SOURCE_A1_PREDICTIONS_LOCKED_BEFORE_GT_REVEAL"" || L83:) || L84:R10L3A_RGB_MANIFEST = ( ### L98:R10J1_SCRIPT = ( || L99:ROOT / ""code"" || L100:/ ""Q1_R10J1_source_mask_morphology_feature_builder_fix1.py"" || L101:) || L102:R10K2D_LOCK = ( ### L108:R10L0_DIR = ( || L109:ROOT / ""outputs"" || L110:/ ""Q1_R10L0_final_source_safety_estimator_lock_fix3_v1"" || L111:) || L112:R10L0_LOCK = R10L0_DIR / ""R10L0_FINAL_SOURCE_ESTIMATOR_LOCK.json"" ### L110:/ ""Q1_R10L0_final_source_safety_estimator_lock_fix3_v1"" || L111:) || L112:R10L0_LOCK = R10L0_DIR / ""R10L0_FINAL_SOURCE_ESTIMATOR_LOCK.json"" || L113:R10L0_PCA = R10L0_DIR / ""R10L0_final_condDINO_PCA64.joblib"" || L114:R10L0_HEAD = R10L0_DIR / ""R10L0_final_safety_head.joblib"""
PolypGen,code/Q1_R10L3C_polypgen_gt_reveal_prospective_external_evaluation_fix1.py,35,"L6: || L7:FIRST PolypGen GT reveal after: || L8:- R10L3A SOURCE/A1 prediction lock; || L9:- R10L3B frozen safety-score lock. || L10: ### L12:1) verifies all frozen upstream locks/artifacts; || L13:2) reveals only the already-locked 1532 PolypGen GT masks; || L14:3) computes SOURCE Dice, A1 Dice, DeltaDice; || L15:4) applies the exact frozen development outcome rule: || L16:HARM    if DeltaDice <= -0.02 ### L74:) || L75:EXPECTED_POLYPGEN_MANIFEST_DECISION = ( || L76:""POLYPGEN_STATIC_UNIQUE_MANIFEST_LOCKED_PENDING_SOURCE_TRAINING_AUDIT"" || L77:) || L78: ### L79:INDEPENDENCE_LOCK = ( || L80:ROOT / ""outputs"" || L81:/ ""Q1_R10L2B_authoritative_s01_source_training_overlap_lock_fix1_v1"" || L82:/ ""R10L2B_INDEPENDENCE_GATE_LOCK.json"" || L83:) ### L89:R10L3A_DIR = ( || L90:ROOT / ""outputs"" || L91:/ ""Q1_R10L3A_polypgen_source_a1_prediction_lock_fix2_v1"" || L92:) || L93:R10L3A_LOCK = ( ### L93:R10L3A_LOCK = ( || L94:R10L3A_DIR || L95:/ ""R10L3A_POLYPGEN_SOURCE_A1_PREDICTION_LOCK.json"" || L96:) || L97:EXPECTED_R10L3A_LOCK_SHA256 = ( ### L99:) || L100:EXPECTED_R10L3A_DECISION = ( || L101:""POLYPGEN_SOURCE_A1_PREDICTIONS_LOCKED_BEFORE_GT_REVEAL"" || L102:) || L103:R10L3A_MODEL_CASE_MANIFEST = ( ### L213:) || L214:if int( || L215:indep.get(""total_source_development_exact_polypgen_overlaps"", -1) || L216:) != 0: || L217:raise RuntimeError(""Source-development exact overlap is not zero."")"
NeoPolyp,code/Q1_R11C_neopolyp_tent2_prediction_lock_fix1.py,63,"L11:semantics. || L12: || L13:Reads NeoPolyp RGB and frozen R05D3 SOURCE masks for parity only. || L14:Does NOT read R05D3 A1 mask values, NeoPolyp GT, safety scores, or PolypGen data. || L15:"""""" ### L41:EXPECTED_R11B_DECISION = ""R11B_CANDIDATE_ACTION_SEMANTICS_FROZEN"" || L42: || L43:R05D3_SCRIPT = ROOT / ""code"" / ""Q1_R05D3_neopolyp_source_a1_prediction_lock_v1_fix1.py"" || L44:EXPECTED_R05D3_SCRIPT_SHA256 = ""df22d6f3054257743d1f12d9e757323ea9f4a052b7642eb4ab610da46ff21251"" || L45:R05D3_DIR = ROOT / ""outputs"" / ""Q1_R05D3_neopolyp_source_a1_prediction_lock_v1_fix1"" ### L43:R05D3_SCRIPT = ROOT / ""code"" / ""Q1_R05D3_neopolyp_source_a1_prediction_lock_v1_fix1.py"" || L44:EXPECTED_R05D3_SCRIPT_SHA256 = ""df22d6f3054257743d1f12d9e757323ea9f4a052b7642eb4ab610da46ff21251"" || L45:R05D3_DIR = ROOT / ""outputs"" / ""Q1_R05D3_neopolyp_source_a1_prediction_lock_v1_fix1"" || L46:R05D3_LOCK = R05D3_DIR / ""Q1_R05D3_NEOPOLYP_SOURCE_A1_PREDICTION_LOCK.json"" || L47:EXPECTED_R05D3_LOCK_SHA256 = ""3da08e5ed0780a00788a297b1127d9eb460224326b11e9e30eefce2b3fb48c9a"" ### L44:EXPECTED_R05D3_SCRIPT_SHA256 = ""df22d6f3054257743d1f12d9e757323ea9f4a052b7642eb4ab610da46ff21251"" || L45:R05D3_DIR = ROOT / ""outputs"" / ""Q1_R05D3_neopolyp_source_a1_prediction_lock_v1_fix1"" || L46:R05D3_LOCK = R05D3_DIR / ""Q1_R05D3_NEOPOLYP_SOURCE_A1_PREDICTION_LOCK.json"" || L47:EXPECTED_R05D3_LOCK_SHA256 = ""3da08e5ed0780a00788a297b1127d9eb460224326b11e9e30eefce2b3fb48c9a"" || L48:EXPECTED_R05D3_DECISION = ""NEOPOLYP_SOURCE_A1_PREDICTIONS_LOCKED"" ### L46:R05D3_LOCK = R05D3_DIR / ""Q1_R05D3_NEOPOLYP_SOURCE_A1_PREDICTION_LOCK.json"" || L47:EXPECTED_R05D3_LOCK_SHA256 = ""3da08e5ed0780a00788a297b1127d9eb460224326b11e9e30eefce2b3fb48c9a"" || L48:EXPECTED_R05D3_DECISION = ""NEOPOLYP_SOURCE_A1_PREDICTIONS_LOCKED"" || L49: || L50:S07B_SCRIPT = ROOT / ""code"" / ""S07_B_build_pranet_source_side_counterfactual_utility_dataset_v1.py"" ### L48:EXPECTED_R05D3_DECISION = ""NEOPOLYP_SOURCE_A1_PREDICTIONS_LOCKED"" || L49: || L50:S07B_SCRIPT = ROOT / ""code"" / ""S07_B_build_pranet_source_side_counterfactual_utility_dataset_v1.py"" || L51:POLYPGEN_LOCK = ROOT / ""outputs"" / ""Q1_R10L3C_polypgen_gt_reveal_prospective_external_evaluation_fix1_v1"" / ""R10L3C_POLYPGEN_PROSPECTIVE_EXTERNAL_EVALUATION_LOC || L52:EXPECTED_POLYPGEN_DECISION = ""POLYPGEN_PROSPECTIVE_EXTERNAL_EVALUATION_COMPLETE_NO_RETUNING"" ### L68:INDEX_FIELDS = [ || L69:""row_index"", ""sample_id"", ""image_path"", ""image_raw_sha256"", || L70:""model_family"", ""model_state_id"", ""training_seed"", ""checkpoint_sha256"", || L71:""source_foreground_pixels"", ""a2_foreground_pixels"", || L72:""source_a2_changed_pixels"", ""step1_entropy_loss"", ""step2_entropy_loss"", ### L69:""row_index"", ""sample_id"", ""image_path"", ""image_raw_sha256"", || L70:""model_family"", ""model_state_id"", ""training_seed"", ""checkpoint_sha256"", || L71:""source_foreground_pixels"", ""a2_foreground_pixels"", || L72:""source_a2_changed_pixels"", ""step1_entropy_loss"", ""step2_entropy_loss"", || L73:]"
NeoPolyp,code/Q1_R12B_full_neopolyp_sar_prediction_lock_fix1.py,57,"L61:) || L62: || L63:R05D3_SCRIPT = CODE / ""Q1_R05D3_neopolyp_source_a1_prediction_lock_v1_fix1.py"" || L64:EXPECTED_R05D3_SHA = ( || L65:""df22d6f3054257743d1f12d9e757323ea9f4a052b7642eb4ab610da46ff21251"" ### L93:""model_state_id"", || L94:""training_seed"", || L95:""checkpoint_sha256"", || L96:""source_foreground_pixels"", || L97:""sar_foreground_pixels"", ### L94:""training_seed"", || L95:""checkpoint_sha256"", || L96:""source_foreground_pixels"", || L97:""sar_foreground_pixels"", || L98:""source_sar_changed_pixels"", ### L96:""source_foreground_pixels"", || L97:""sar_foreground_pixels"", || L98:""source_sar_changed_pixels"", || L99:""reliable_pixels_first"", || L100:""reliable_pixels_second"", ### L223: || L224: || L225:def load_reference_source_pack(r12, r05, state): || L226:x = r12.source_pack(r05, state) || L227:if x.shape != (CASES, PACKED_BYTES): ### L224: || L225:def load_reference_source_pack(r12, r05, state): || L226:x = r12.source_pack(r05, state) || L227:if x.shape != (CASES, PACKED_BYTES): || L228:raise RuntimeError(f""Frozen SOURCE pack shape={x.shape}"") ### L226:x = r12.source_pack(r05, state) || L227:if x.shape != (CASES, PACKED_BYTES): || L228:raise RuntimeError(f""Frozen SOURCE pack shape={x.shape}"") || L229:return x || L230: ### L234:target, || L235:i, || L236:source_mask, || L237:sar_mask, || L238:n1,"
NeoPolyp,code/Q1_R13B_full_neopolyp_pl_conf90_prediction_lock_fix1.py,56,"L52:EXPECTED_R13A_DECISION = ""PL_CONF90_THREE_FAMILY_TECHNICAL_NONDEGENERACY_PASS"" || L53: || L54:R05D3_SCRIPT = CODE/""Q1_R05D3_neopolyp_source_a1_prediction_lock_v1_fix1.py"" || L55:EXPECTED_R05D3_SHA = ""df22d6f3054257743d1f12d9e757323ea9f4a052b7642eb4ab610da46ff21251"" || L56:R05D3_OUT = OUT/""Q1_R05D3_neopolyp_source_a1_prediction_lock_v1_fix1"" ### L54:R05D3_SCRIPT = CODE/""Q1_R05D3_neopolyp_source_a1_prediction_lock_v1_fix1.py"" || L55:EXPECTED_R05D3_SHA = ""df22d6f3054257743d1f12d9e757323ea9f4a052b7642eb4ab610da46ff21251"" || L56:R05D3_OUT = OUT/""Q1_R05D3_neopolyp_source_a1_prediction_lock_v1_fix1"" || L57: || L58:R12D_LOCK = ( ### L71:STATE_FIELDS = [ || L72:""row_index"",""sample_id"",""image_path"",""image_raw_sha256"", || L73:""model_family"",""model_state_id"",""training_seed"",""checkpoint_sha256"", || L74:""source_foreground_pixels"",""pl_foreground_pixels"", || L75:""source_pl_changed_pixels"",""confident_pixels"",""total_pixels"", ### L72:""row_index"",""sample_id"",""image_path"",""image_raw_sha256"", || L73:""model_family"",""model_state_id"",""training_seed"",""checkpoint_sha256"", || L74:""source_foreground_pixels"",""pl_foreground_pixels"", || L75:""source_pl_changed_pixels"",""confident_pixels"",""total_pixels"", || L76:""confident_fraction"",""pl_loss"",""parameter_max_abs_delta"",""updated"", ### L73:""model_family"",""model_state_id"",""training_seed"",""checkpoint_sha256"", || L74:""source_foreground_pixels"",""pl_foreground_pixels"", || L75:""source_pl_changed_pixels"",""confident_pixels"",""total_pixels"", || L76:""confident_fraction"",""pl_loss"",""parameter_max_abs_delta"",""updated"", || L77:] ### L143:if int(sem.get(""steps"",-1)) != 1: || L144:raise RuntimeError(""R13A steps mismatch"") || L145:if not bool(sem.get(""episodic_source_reset"",False)): || L146:raise RuntimeError(""R13A episodic reset mismatch"") || L147:if not bool(sem.get(""same_case_post_update_prediction"",False)): ### L173:return str(path.relative_to(build_dir)).replace(""\\"",""/"") || L174: || L175:def load_source_pack(r13a, r05, state): || L176:arr=r13a.source_pack(r05,state) || L177:if arr.shape!=(CASES,PACKED_BYTES): ### L174: || L175:def load_source_pack(r13a, r05, state): || L176:arr=r13a.source_pack(r05,state) || L177:if arr.shape!=(CASES,PACKED_BYTES): || L178:raise RuntimeError(f""SOURCE pack shape={arr.shape}"")"
NeoPolyp,code/Q1_R13B_full_neopolyp_pl_conf90_prediction_lock_fix2.py,67,"L10:Critical correction relative to R13B Fix1: || L11:- restore trainable adaptation parameters AND all mutable model buffers || L12:before every SOURCE teacher forward; || L13:- restore both again before the adaptation forward; || L14:- restore both after the final same-case post-update prediction. ### L62:) || L63: || L64:R05D3_SCRIPT = CODE/""Q1_R05D3_neopolyp_source_a1_prediction_lock_v1_fix1.py"" || L65:EXPECTED_R05D3_SHA = ""df22d6f3054257743d1f12d9e757323ea9f4a052b7642eb4ab610da46ff21251"" || L66:R05D3_OUT = OUT/""Q1_R05D3_neopolyp_source_a1_prediction_lock_v1_fix1"" ### L64:R05D3_SCRIPT = CODE/""Q1_R05D3_neopolyp_source_a1_prediction_lock_v1_fix1.py"" || L65:EXPECTED_R05D3_SHA = ""df22d6f3054257743d1f12d9e757323ea9f4a052b7642eb4ab610da46ff21251"" || L66:R05D3_OUT = OUT/""Q1_R05D3_neopolyp_source_a1_prediction_lock_v1_fix1"" || L67: || L68:R12D_LOCK = ( ### L81:STATE_FIELDS = [ || L82:""row_index"",""sample_id"",""image_path"",""image_raw_sha256"", || L83:""model_family"",""model_state_id"",""training_seed"",""checkpoint_sha256"", || L84:""source_foreground_pixels"",""pl_foreground_pixels"", || L85:""source_pl_changed_pixels"",""confident_pixels"",""total_pixels"", ### L82:""row_index"",""sample_id"",""image_path"",""image_raw_sha256"", || L83:""model_family"",""model_state_id"",""training_seed"",""checkpoint_sha256"", || L84:""source_foreground_pixels"",""pl_foreground_pixels"", || L85:""source_pl_changed_pixels"",""confident_pixels"",""total_pixels"", || L86:""confident_fraction"",""pl_loss"",""parameter_max_abs_delta"", ### L83:""model_family"",""model_state_id"",""training_seed"",""checkpoint_sha256"", || L84:""source_foreground_pixels"",""pl_foreground_pixels"", || L85:""source_pl_changed_pixels"",""confident_pixels"",""total_pixels"", || L86:""confident_fraction"",""pl_loss"",""parameter_max_abs_delta"", || L87:""buffer_max_abs_delta_after_adaptation"",""updated"", ### L165:if int(sem.get(""steps"",-1)) != 1: || L166:raise RuntimeError(""R13A steps mismatch"") || L167:if not bool(sem.get(""episodic_source_reset"",False)): || L168:raise RuntimeError(""R13A episodic reset mismatch"") || L169:comps=sem.get(""episodic_reset_components"",[]) ### L202: || L203: || L204:def load_source_pack(r13a, r05, state): || L205:arr=r13a.source_pack(r05,state) || L206:if arr.shape!=(CASES,PACKED_BYTES):"
SUNSEG,code/Q1_R14B2_sunseg_deep_schema_pairing_identity_audit_fix2.py,5,"L6: || L7:Supersedes R14B2 fix1 pairing counts because the official TAR contains macOS || L8:AppleDouble/resource-fork members such as ""._case..."" that were incorrectly || L9:counted as image/GT members by the first audit. || L10: ### L495: || L496:artifact_rows = [ || L497:{""source"": ""raw_tar"", ""reason"": k, ""count"": v} || L498:for k, v in raw_excluded.most_common() || L499:] + [ ### L498:for k, v in raw_excluded.most_common() || L499:] + [ || L500:{""source"": ""annotation_zip"", ""reason"": k, ""count"": v} || L501:for k, v in ann_excluded.most_common() || L502:] ### L502:] || L503:artifact_csv = args.output_dir / ""R14B2_fix2_filtered_member_summary.csv"" || L504:write_csv(artifact_csv, artifact_rows, [""source"", ""reason"", ""count""]) || L505: || L506:# Frame count per physical case and per clip. ### L529:""supersedes"": ""Q1_R14B2_sunseg_deep_schema_pairing_identity_audit_fix1"", || L530:""reason_for_fix"": ( || L531:""R14B2 fix1 counted macOS AppleDouble/resource-fork members "" || L532:""such as ._case* as Frame/GT entries."" || L533:),"
SUNSEG,code/Q1_R14B3_sunseg_unseen_case_balanced_candidate_lock_fix1.py,3,"L21:- extract archives; || L22:- decode RGB or GT pixels; || L23:- run SOURCE/TTA inference; || L24:- read safety scores or outcomes; || L25:- claim contamination-free independence. ### L256:out[""sampling_rank_within_case""] = rank || L257:out[""sampling_hash""] = h || L258:out[""source_split_label""] = split_label(r) || L259:out[""precontamination_status""] = ""SELECTED_PENDING_CONTAMINATION"" || L260:selected.append(out) ### L285:raise RuntimeError(f""Sampling ranks invalid for {case_id}."") || L286: || L287:selected_split_counts = Counter(r[""source_split_label""] for r in selected) || L288:selected_clip_count = len({(r[""cluster_id""], r[""clip_id""]) for r in selected}) || L289:"
NeoPolyp,code/Q1_R14B4B2_neopolyp_historical_hash_code_lineage_audit_fix1.py,2,"L8:`image_rgb_pixel_sha256` in the authoritative R05D1 pipeline. || L9: || L10:This stage reads source/lock text only. || L11: || L12:NO image pixels. ### L423:""RECONSTRUCT_EXACT_PIXEL_HASH_RECIPE_FROM_HISTORICAL_CODE"" || L424:if status == ""PASS"" || L425:else ""LOCATE_ARCHIVED_R05D1_SOURCE_OR_PROVENANCE_RECORD"" || L426:), || L427:}"
SUNSEG,code/Q1_R14B4B2_neopolyp_historical_hash_code_lineage_audit_fix1.py,2,"L8:`image_rgb_pixel_sha256` in the authoritative R05D1 pipeline. || L9: || L10:This stage reads source/lock text only. || L11: || L12:NO image pixels. ### L423:""RECONSTRUCT_EXACT_PIXEL_HASH_RECIPE_FROM_HISTORICAL_CODE"" || L424:if status == ""PASS"" || L425:else ""LOCATE_ARCHIVED_R05D1_SOURCE_OR_PROVENANCE_RECORD"" || L426:), || L427:}"
NeoPolyp,code/Q1_R14B4B3_neopolyp_exact_historical_hash_recipe_verification_fix1.py,7,"L8:------- || L9:Verify the exact historical NeoPolyp pixel-hash recipe recovered from the || L10:authoritative R05D1 source code. || L11: || L12:Historical recipe recovered from R05D1: ### L111: || L112: || L113:def extract_function_source(script_path: Path, function_name: str) -> str: || L114:text = script_path.read_text(encoding=""utf-8"") || L115:tree = ast.parse(text) ### L182:raise RuntimeError(""Historical R05D1 fix2 script SHA mismatch."") || L183: || L184:source = extract_function_source( || L185:args.historical_script, || L186:""canonical_rgb_sha256"", ### L187:) || L188: || L189:print(""\n===== HISTORICAL FUNCTION SOURCE ====="") || L190:print(source) || L191: ### L188: || L189:print(""\n===== HISTORICAL FUNCTION SOURCE ====="") || L190:print(source) || L191: || L192:missing_snippets = [ ### L191: || L192:missing_snippets = [ || L193:s for s in EXPECTED_FUNCTION_SNIPPETS if s not in source || L194:] || L195:if missing_snippets: ### L195:if missing_snippets: || L196:raise RuntimeError( || L197:""Historical canonical_rgb_sha256 source does not match "" || L198:f""the recovered recipe. Missing: {missing_snippets}"" || L199:)"
SUNSEG,code/Q1_R14B4B3_neopolyp_exact_historical_hash_recipe_verification_fix1.py,7,"L8:------- || L9:Verify the exact historical NeoPolyp pixel-hash recipe recovered from the || L10:authoritative R05D1 source code. || L11: || L12:Historical recipe recovered from R05D1: ### L111: || L112: || L113:def extract_function_source(script_path: Path, function_name: str) -> str: || L114:text = script_path.read_text(encoding=""utf-8"") || L115:tree = ast.parse(text) ### L182:raise RuntimeError(""Historical R05D1 fix2 script SHA mismatch."") || L183: || L184:source = extract_function_source( || L185:args.historical_script, || L186:""canonical_rgb_sha256"", ### L187:) || L188: || L189:print(""\n===== HISTORICAL FUNCTION SOURCE ====="") || L190:print(source) || L191: ### L188: || L189:print(""\n===== HISTORICAL FUNCTION SOURCE ====="") || L190:print(source) || L191: || L192:missing_snippets = [ ### L191: || L192:missing_snippets = [ || L193:s for s in EXPECTED_FUNCTION_SNIPPETS if s not in source || L194:] || L195:if missing_snippets: ### L195:if missing_snippets: || L196:raise RuntimeError( || L197:""Historical canonical_rgb_sha256 source does not match "" || L198:f""the recovered recipe. Missing: {missing_snippets}"" || L199:)"
SUNSEG,code/Q1_R14B4B_sunseg_selected_rgb_contamination_audit_fix1.py,6,"L37: || L38:No GT pixels are read. || L39:No SOURCE/TTA inference is performed. || L40:No safety scores or target outcomes are accessed. || L41:No target tuning occurs. ### L454:""physical_case_id"": src[""physical_case_id""], || L455:""clip_id"": src[""clip_id""], || L456:""source_split_label"": src[""source_split_label""], || L457:""frame_member"": member_name, || L458:""file_sha256"": sha256_bytes(blob), ### L629:""physical_case_id"": s[""physical_case_id""], || L630:""clip_id"": s[""clip_id""], || L631:""source_split_label"": s[""source_split_label""], || L632:""frame_member"": s[""frame_member""], || L633:""width"": s[""width""], ### L713:raise RuntimeError(""R14B3 lock is not PASS."") || L714: || L715:# Resolve S01 source files without guessing. || L716:s01_root, s01_root_validations = discover_s01_root( || L717:s01_rows, args.s01_root ### L791:[ || L792:""pair_key"", ""cluster_id"", ""physical_case_id"", ""clip_id"", || L793:""source_split_label"", ""frame_member"", ""width"", ""height"", || L794:""file_sha256"", ""rgb_pixel_sha256"", ""dhash64_hex"", || L795:], ### L945:}, || L946:""next_stage"": ( || L947:""R14C_SUNSEG_SOURCE_TENT1_PL_PREDICTION_LOCK_PRE_GT"" || L948:if final_locked || L949:else ""RESOLVE_R14B4B_REVIEW_BEFORE_ANY_INFERENCE"""
SUNSEG,code/Q1_R14B4B_sunseg_selected_rgb_contamination_audit_fix2.py,4,"L653:""physical_case_id"": src[""physical_case_id""], || L654:""clip_id"": src[""clip_id""], || L655:""source_split_label"": src[""source_split_label""], || L656:""frame_member"": name, || L657:""file_sha256"": sha256_bytes(blob), ### L909:""physical_case_id"": s[""physical_case_id""], || L910:""clip_id"": s[""clip_id""], || L911:""source_split_label"": s[""source_split_label""], || L912:""frame_member"": s[""frame_member""], || L913:""width"": s[""width""], ### L1229:""physical_case_id"", || L1230:""clip_id"", || L1231:""source_split_label"", || L1232:""frame_member"", || L1233:""width"", ### L1464:}, || L1465:""next_stage"": ( || L1466:""R14C_SUNSEG_SOURCE_TENT1_PL_PREDICTION_LOCK_PRE_GT"" || L1467:if final_locked || L1468:else ""RESOLVE_R14B4B_FIX2_REVIEW_BEFORE_ANY_INFERENCE"""
SUNSEG,code/Q1_R14B4B_sunseg_selected_rgb_contamination_audit_fix3.py,4,"L641:""physical_case_id"": src[""physical_case_id""], || L642:""clip_id"": src[""clip_id""], || L643:""source_split_label"": src[""source_split_label""], || L644:""frame_member"": name, || L645:""file_sha256"": sha256_bytes(blob), ### L915:""physical_case_id"": s[""physical_case_id""], || L916:""clip_id"": s[""clip_id""], || L917:""source_split_label"": s[""source_split_label""], || L918:""frame_member"": s[""frame_member""], || L919:""width"": s[""width""], ### L1237:""physical_case_id"", || L1238:""clip_id"", || L1239:""source_split_label"", || L1240:""frame_member"", || L1241:""width"", ### L1472:}, || L1473:""next_stage"": ( || L1474:""R14C_SUNSEG_SOURCE_TENT1_PL_PREDICTION_LOCK_PRE_GT"" || L1475:if final_locked || L1476:else ""RESOLVE_R14B4B_FIX3_REVIEW_BEFORE_ANY_INFERENCE"""
SUNSEG,code/Q1_R14C0_sunseg_preGT_prediction_runtime_lineage_preflight_fix1.py,30,"L13:49-case cohort; || L14:- the final manifest SHA is unchanged from R14B3 (no exclusions); || L15:- the historical SOURCE/TENT1 prediction script is present; || L16:- the historical PL_CONF90 prediction script is present; || L17:- both scripts contain the expected frozen adaptation semantics; ### L16:- the historical PL_CONF90 prediction script is present; || L17:- both scripts contain the expected frozen adaptation semantics; || L18:- exactly 9 source-only checkpoints are discoverable under the known project || L19:output root using family/seed/name constraints; || L20:- checkpoint SHA256 values are printed and frozen for the next prediction stage. ### L18:- exactly 9 source-only checkpoints are discoverable under the known project || L19:output root using family/seed/name constraints; || L20:- checkpoint SHA256 values are printed and frozen for the next prediction stage. || L21: || L22:This stage performs NO: ### L29:- target tuning. || L30: || L31:It exists to prevent guessing model/checkpoint/runtime lineage in R14C1. || L32:"""""" || L33: ### L68: || L69:R05D3_CANDIDATES = ( || L70:""Q1_R05D3_neopolyp_source_a1_prediction_lock_v1_fix1.py"", || L71:""Q1_R05D3_neopolyp_source_a1_prediction_lock_v1.py"", || L72:) ### L69:R05D3_CANDIDATES = ( || L70:""Q1_R05D3_neopolyp_source_a1_prediction_lock_v1_fix1.py"", || L71:""Q1_R05D3_neopolyp_source_a1_prediction_lock_v1.py"", || L72:) || L73: ### L81:""DeepLabV3-R50"": { || L82:""seeds"": (""20260817"", ""20260818"", ""20260819""), || L83:""checkpoint_name"": ""best_source_val_dice.pt"", || L84:""path_tokens"": (""deeplab"",), || L85:}, ### L86:""PraNet"": { || L87:""seeds"": (""20260817"", ""20260818"", ""20260819""), || L88:""checkpoint_name"": ""best_source_val_dice.pt"", || L89:""path_tokens"": (""pranet"",), || L90:},"
SUNSEG,code/Q1_R14C0_sunseg_preGT_prediction_runtime_lineage_preflight_fix2.py,30,"L13:49-case cohort; || L14:- the final manifest SHA is unchanged from R14B3 (no exclusions); || L15:- the historical SOURCE/TENT1 prediction script is present; || L16:- the historical PL_CONF90 prediction script is present; || L17:- both scripts contain the expected frozen adaptation semantics; ### L16:- the historical PL_CONF90 prediction script is present; || L17:- both scripts contain the expected frozen adaptation semantics; || L18:- exactly 9 source-only checkpoints are discoverable under the known project || L19:output root using family/seed/name constraints; || L20:- checkpoint SHA256 values are printed and frozen for the next prediction stage. ### L18:- exactly 9 source-only checkpoints are discoverable under the known project || L19:output root using family/seed/name constraints; || L20:- checkpoint SHA256 values are printed and frozen for the next prediction stage. || L21: || L22:This stage performs NO: ### L29:- target tuning. || L30: || L31:It exists to prevent guessing model/checkpoint/runtime lineage in R14C1. || L32:"""""" || L33: ### L68: || L69:R05D3_CANDIDATES = ( || L70:""Q1_R05D3_neopolyp_source_a1_prediction_lock_v1_fix1.py"", || L71:""Q1_R05D3_neopolyp_source_a1_prediction_lock_v1.py"", || L72:) ### L69:R05D3_CANDIDATES = ( || L70:""Q1_R05D3_neopolyp_source_a1_prediction_lock_v1_fix1.py"", || L71:""Q1_R05D3_neopolyp_source_a1_prediction_lock_v1.py"", || L72:) || L73: ### L80:""DeepLabV3-R50"": { || L81:""seeds"": (""20260817"", ""20260818"", ""20260819""), || L82:""checkpoint_name"": ""best_source_val_dice.pt"", || L83:""path_tokens"": (""deeplab"",), || L84:}, ### L85:""PraNet"": { || L86:""seeds"": (""20260817"", ""20260818"", ""20260819""), || L87:""checkpoint_name"": ""best_source_val_dice.pt"", || L88:""path_tokens"": (""pranet"",), || L89:},"
SUNSEG,code/Q1_R14C0_sunseg_preGT_prediction_runtime_lineage_preflight_fix3.py,40,"L13:49-case cohort; || L14:- the final manifest SHA is unchanged from R14B3 (no exclusions); || L15:- the historical SOURCE/TENT1 prediction script is present; || L16:- the historical PL_CONF90 prediction script is present; || L17:- both scripts contain the expected frozen adaptation semantics; ### L16:- the historical PL_CONF90 prediction script is present; || L17:- both scripts contain the expected frozen adaptation semantics; || L18:- exactly 9 source-only checkpoints are discoverable under the known project || L19:output root using family/seed/name constraints; || L20:- checkpoint SHA256 values are printed and frozen for the next prediction stage. ### L18:- exactly 9 source-only checkpoints are discoverable under the known project || L19:output root using family/seed/name constraints; || L20:- checkpoint SHA256 values are printed and frozen for the next prediction stage. || L21: || L22:This stage performs NO: ### L29:- target tuning. || L30: || L31:It exists to prevent guessing model/checkpoint/runtime lineage in R14C1. || L32:"""""" || L33: ### L72: || L73:R05D3_CANDIDATES = ( || L74:""Q1_R05D3_neopolyp_source_a1_prediction_lock_v1_fix1.py"", || L75:""Q1_R05D3_neopolyp_source_a1_prediction_lock_v1.py"", || L76:) ### L73:R05D3_CANDIDATES = ( || L74:""Q1_R05D3_neopolyp_source_a1_prediction_lock_v1_fix1.py"", || L75:""Q1_R05D3_neopolyp_source_a1_prediction_lock_v1.py"", || L76:) || L77: ### L84:""DeepLabV3-R50"": { || L85:""seeds"": (""20260817"", ""20260818"", ""20260819""), || L86:""checkpoint_name"": ""best_source_val_dice.pt"", || L87:""path_tokens"": (""deeplab"",), || L88:}, ### L89:""PraNet"": { || L90:""seeds"": (""20260817"", ""20260818"", ""20260819""), || L91:""checkpoint_name"": ""best_source_val_dice.pt"", || L92:""path_tokens"": (""pranet"",), || L93:},"
SUNSEG,code/Q1_R14C0_sunseg_preGT_prediction_runtime_lineage_preflight_fix4.py,40,"L13:49-case cohort; || L14:- the final manifest SHA is unchanged from R14B3 (no exclusions); || L15:- the historical SOURCE/TENT1 prediction script is present; || L16:- the historical PL_CONF90 prediction script is present; || L17:- both scripts contain the expected frozen adaptation semantics; ### L16:- the historical PL_CONF90 prediction script is present; || L17:- both scripts contain the expected frozen adaptation semantics; || L18:- exactly 9 source-only checkpoints are discoverable under the known project || L19:output root using family/seed/name constraints; || L20:- checkpoint SHA256 values are printed and frozen for the next prediction stage. ### L18:- exactly 9 source-only checkpoints are discoverable under the known project || L19:output root using family/seed/name constraints; || L20:- checkpoint SHA256 values are printed and frozen for the next prediction stage. || L21: || L22:This stage performs NO: ### L29:- target tuning. || L30: || L31:It exists to prevent guessing model/checkpoint/runtime lineage in R14C1. || L32:"""""" || L33: ### L73: || L74:R05D3_CANDIDATES = ( || L75:""Q1_R05D3_neopolyp_source_a1_prediction_lock_v1_fix1.py"", || L76:""Q1_R05D3_neopolyp_source_a1_prediction_lock_v1.py"", || L77:) ### L74:R05D3_CANDIDATES = ( || L75:""Q1_R05D3_neopolyp_source_a1_prediction_lock_v1_fix1.py"", || L76:""Q1_R05D3_neopolyp_source_a1_prediction_lock_v1.py"", || L77:) || L78: ### L85:""DeepLabV3-R50"": { || L86:""seeds"": (""20260817"", ""20260818"", ""20260819""), || L87:""checkpoint_name"": ""best_source_val_dice.pt"", || L88:""path_tokens"": (""deeplab"",), || L89:}, ### L90:""PraNet"": { || L91:""seeds"": (""20260817"", ""20260818"", ""20260819""), || L92:""checkpoint_name"": ""best_source_val_dice.pt"", || L93:""path_tokens"": (""pranet"",), || L94:},"
SUNSEG,code/Q1_R14C1A_sunseg_prediction_lineage_canonicalization_fix1.py,66,"L17:- 9 model states || L18:- 8,820 model-frame rows || L19:- SOURCE/TENT1/PL predictions locked before GT reveal || L20:- no GT/Dice/HARM/safety-score access || L21: ### L64:OUT = ROOT / ""outputs"" || L65: || L66:SOURCE_DIR = ( || L67:OUT || L68:/ ""Q1_R14C1_sunseg_source_tent1_pl_prediction_lock_preGT_fix2_v1"" ### L66:SOURCE_DIR = ( || L67:OUT || L68:/ ""Q1_R14C1_sunseg_source_tent1_pl_prediction_lock_preGT_fix2_v1"" || L69:) || L70:DEST_DIR = ( ### L70:DEST_DIR = ( || L71:OUT || L72:/ ""Q1_R14C1_sunseg_source_tent1_pl_prediction_lock_preGT_fix3_v1"" || L73:) || L74: ### L73:) || L74: || L75:SOURCE_TOP_LOCK = ( || L76:SOURCE_DIR || L77:/ ""R14C1_SUNSEG_SOURCE_TENT1_PL_PREDICTION_LOCK.json"" ### L74: || L75:SOURCE_TOP_LOCK = ( || L76:SOURCE_DIR || L77:/ ""R14C1_SUNSEG_SOURCE_TENT1_PL_PREDICTION_LOCK.json"" || L78:) ### L75:SOURCE_TOP_LOCK = ( || L76:SOURCE_DIR || L77:/ ""R14C1_SUNSEG_SOURCE_TENT1_PL_PREDICTION_LOCK.json"" || L78:) || L79:SOURCE_GLOBAL_CSV = ( ### L77:/ ""R14C1_SUNSEG_SOURCE_TENT1_PL_PREDICTION_LOCK.json"" || L78:) || L79:SOURCE_GLOBAL_CSV = ( || L80:SOURCE_DIR || L81:/ ""R14C1_SUNSEG_MODEL_FRAME_PREDICTION_MANIFEST.csv"""
SUNSEG,code/Q1_R14C1_sunseg_source_tent1_pl_prediction_lock_preGT_fix1.py,100,"L3: || L4:"""""" || L5:Q1_R14C1_sunseg_source_tent1_pl_prediction_lock_preGT_fix1.py || L6: || L7:Prospective SUN-SEG confirmatory prediction lock BEFORE any GT reveal. ### L10:- 980 RGB frames || L11:- 49 physical caseNN clusters || L12:- 9 frozen source-only model states || L13:- 8,820 model-frame rows || L14: ### L14: || L15:Actions: || L16:- SOURCE || L17:- A1_TENT_1STEP || L18:- A4_PL_CONF90_1STEP ### L19: || L20:Implementation lineage: || L21:- SOURCE + TENT1 execution reuses the authoritative historical R05D3 functions. || L22:- PL execution reuses the authoritative historical R13B Fix2 functions. || L23:- R05D3/R13B case-count globals are changed ONLY from NeoPolyp 1000 to the ### L23:- R05D3/R13B case-count globals are changed ONLY from NeoPolyp 1000 to the || L24:already frozen SUN cohort size 980. Action/model semantics are unchanged. || L25:- R13B receives the SUN SOURCE packed masks produced by R05D3 and enforces its || L26:own exact SOURCE parity before PL adaptation. || L27: ### L24:already frozen SUN cohort size 980. Action/model semantics are unchanged. || L25:- R13B receives the SUN SOURCE packed masks produced by R05D3 and enforces its || L26:own exact SOURCE parity before PL adaptation. || L27: || L28:Strict pre-GT boundary: ### L96: || L97:R05D3_SCRIPT = ( || L98:CODE / ""Q1_R05D3_neopolyp_source_a1_prediction_lock_v1_fix1.py"" || L99:) || L100:R13B_SCRIPT = ( ### L105:) || L106:R03_SCRIPT = ( || L107:CODE / ""Q1_R03_nine_state_heterogeneous_source_utility_asset_v1_fix2.py"" || L108:) || L109:"
SUNSEG,code/Q1_R14C1_sunseg_source_tent1_pl_prediction_lock_preGT_fix2.py,101,"L3: || L4:"""""" || L5:Q1_R14C1_sunseg_source_tent1_pl_prediction_lock_preGT_fix2.py || L6: || L7:Prospective SUN-SEG confirmatory prediction lock BEFORE any GT reveal. ### L10:- 980 RGB frames || L11:- 49 physical caseNN clusters || L12:- 9 frozen source-only model states || L13:- 8,820 model-frame rows || L14: ### L14: || L15:Actions: || L16:- SOURCE || L17:- A1_TENT_1STEP || L18:- A4_PL_CONF90_1STEP ### L19: || L20:Implementation lineage: || L21:- SOURCE + TENT1 execution reuses the authoritative historical R05D3 functions. || L22:- PL execution reuses the authoritative historical R13B Fix2 functions. || L23:- R05D3/R13B case-count globals are changed ONLY from NeoPolyp 1000 to the ### L23:- R05D3/R13B case-count globals are changed ONLY from NeoPolyp 1000 to the || L24:already frozen SUN cohort size 980. Action/model semantics are unchanged. || L25:- R13B receives the SUN SOURCE packed masks produced by R05D3 and enforces its || L26:own exact SOURCE parity before PL adaptation. || L27: ### L24:already frozen SUN cohort size 980. Action/model semantics are unchanged. || L25:- R13B receives the SUN SOURCE packed masks produced by R05D3 and enforces its || L26:own exact SOURCE parity before PL adaptation. || L27: || L28:Strict pre-GT boundary: ### L96: || L97:R05D3_SCRIPT = ( || L98:CODE / ""Q1_R05D3_neopolyp_source_a1_prediction_lock_v1_fix1.py"" || L99:) || L100:R13B_SCRIPT = ( ### L105:) || L106:R03_SCRIPT = ( || L107:CODE / ""Q1_R03_nine_state_heterogeneous_source_utility_asset_v1_fix2.py"" || L108:) || L109:"
SUNSEG,code/Q1_R14C2A_frozen_safety_estimator_lineage_schema_preflight_fix1.py,27,"L7:Purpose || L8:------- || L9:Pre-GT lineage/schema preflight before applying the frozen R10L0 source-safety || L10:estimator to the canonical SUN-SEG R14C1 predictions. || L11: ### L17:3) exact frozen threshold is 0.300584763193734; || L18:4) serialized estimator schemas can be loaded and inspected; || L19:5) historical code implementing the CondDINO image+source-mask representation || L20:is located from the project source tree, rather than reconstructed from || L21:memory or guessed; ### L18:4) serialized estimator schemas can be loaded and inspected; || L19:5) historical code implementing the CondDINO image+source-mask representation || L20:is located from the project source tree, rather than reconstructed from || L21:memory or guessed; || L22:6) candidate historical code containing the DINOv2 base / source-mask / ### L20:is located from the project source tree, rather than reconstructed from || L21:memory or guessed; || L22:6) candidate historical code containing the DINOv2 base / source-mask / || L23:foreground-background pooling / PCA-input dtype lock is printed for the || L24:next scoring stage. ### L26:Forbidden: || L27:- SUN RGB decoding || L28:- SUN SOURCE-mask decoding || L29:- DINO inference || L30:- target feature extraction ### L54:R14C1_DIR = ( || L55:OUT || L56:/ ""Q1_R14C1_sunseg_source_tent1_pl_prediction_lock_preGT_fix3_v1"" || L57:) || L58:R14C1_LOCK = ( ### L58:R14C1_LOCK = ( || L59:R14C1_DIR || L60:/ ""R14C1_SUNSEG_SOURCE_TENT1_PL_PREDICTION_LOCK.json"" || L61:) || L62:R14C1_GLOBAL = ( ### L67:R10L0_DIR = ( || L68:OUT || L69:/ ""Q1_R10L0_final_source_safety_estimator_lock_fix3_v1"" || L70:) || L71:PCA_PATH = R10L0_DIR / ""R10L0_final_condDINO_PCA64.joblib"""
SUNSEG,code/Q1_R14C2A_frozen_safety_estimator_lineage_schema_preflight_fix2.py,27,"L7:Purpose || L8:------- || L9:Pre-GT lineage/schema preflight before applying the frozen R10L0 source-safety || L10:estimator to the canonical SUN-SEG R14C1 predictions. || L11: ### L17:3) exact frozen threshold is 0.300584763193734; || L18:4) serialized estimator schemas can be loaded and inspected; || L19:5) historical code implementing the CondDINO image+source-mask representation || L20:is located from the project source tree, rather than reconstructed from || L21:memory or guessed; ### L18:4) serialized estimator schemas can be loaded and inspected; || L19:5) historical code implementing the CondDINO image+source-mask representation || L20:is located from the project source tree, rather than reconstructed from || L21:memory or guessed; || L22:6) candidate historical code containing the DINOv2 base / source-mask / ### L20:is located from the project source tree, rather than reconstructed from || L21:memory or guessed; || L22:6) candidate historical code containing the DINOv2 base / source-mask / || L23:foreground-background pooling / PCA-input dtype lock is printed for the || L24:next scoring stage. ### L26:Forbidden: || L27:- SUN RGB decoding || L28:- SUN SOURCE-mask decoding || L29:- DINO inference || L30:- target feature extraction ### L54:R14C1_DIR = ( || L55:OUT || L56:/ ""Q1_R14C1_sunseg_source_tent1_pl_prediction_lock_preGT_fix3_v1"" || L57:) || L58:R14C1_LOCK = ( ### L58:R14C1_LOCK = ( || L59:R14C1_DIR || L60:/ ""R14C1_SUNSEG_SOURCE_TENT1_PL_PREDICTION_LOCK.json"" || L61:) || L62:R14C1_GLOBAL = ( ### L67:R10L0_DIR = ( || L68:OUT || L69:/ ""Q1_R10L0_final_source_safety_estimator_lock_fix3_v1"" || L70:) || L71:PCA_PATH = R10L0_DIR / ""R10L0_final_condDINO_PCA64.joblib"""
SUNSEG,code/Q1_R14C2B_sunseg_frozen_safety_score_lock_preGT_fix1.py,61,"L16:Per SUN model-frame row: || L17:1) RGB -> frozen facebook/dinov2-base, direct bicubic 224x224; || L18:2) read PRE-ADAPTATION SOURCE mask only; || L19:3) SOURCE 352x352 -> exact 22x22 block occupancy -> 16x16; || L20:4) foreground-weighted patch mean 768-D; ### L17:1) RGB -> frozen facebook/dinov2-base, direct bicubic 224x224; || L18:2) read PRE-ADAPTATION SOURCE mask only; || L19:3) SOURCE 352x352 -> exact 22x22 block occupancy -> 16x16; || L20:4) foreground-weighted patch mean 768-D; || L21:5) background-weighted patch mean 768-D; ### L73:R14C1_DIR = ( || L74:OUT || L75:/ ""Q1_R14C1_sunseg_source_tent1_pl_prediction_lock_preGT_fix3_v1"" || L76:) || L77:R14C1_LOCK = ( ### L77:R14C1_LOCK = ( || L78:R14C1_DIR || L79:/ ""R14C1_SUNSEG_SOURCE_TENT1_PL_PREDICTION_LOCK.json"" || L80:) || L81:R14C1_GLOBAL = ( ### L91:) || L92:EXPECTED_R14C1_DECISION = ( || L93:""SUNSEG_SOURCE_TENT1_PL_PREDICTIONS_LOCKED_BEFORE_GT_REVEAL"" || L94:) || L95:EXPECTED_R14C1_CANONICAL_DECISION = ( ### L94:) || L95:EXPECTED_R14C1_CANONICAL_DECISION = ( || L96:""SUNSEG_SOURCE_TENT1_PL_PREDICTIONS_CANONICALIZED_BEFORE_GT_REVEAL"" || L97:) || L98:EXPECTED_FINAL_MANIFEST_SHA = ( ### L129:R10J1_SCRIPT = ( || L130:CODE || L131:/ ""Q1_R10J1_source_mask_morphology_feature_builder_fix1.py"" || L132:) || L133: ### L140: || L141:# Completed prior external deployment lock is used to cryptographically || L142:# recover the authoritative R10J1 source-code SHA used by R10L3B. || L143:POLYPGEN_R10L3B_LOCK = ( || L144:OUT"
SUNSEG,code/Q1_R14C3A_sunseg_gt_reveal_outcome_lineage_preflight_fix1.py,6,"L13: || L14:1) R14C2B frozen safety-score lock is PASS and SHA-locked; || L15:2) R14C1 canonical SOURCE/TENT1/PL prediction lock is unchanged; || L16:3) the frozen 980-frame / 49-case SUN confirmatory manifest is unchanged; || L17:4) the confirmatory manifest contains exactly one GT member per selected RGB; ### L20:- NeoPolyp PL GT reveal (R13C); || L21:- PolypGen independent external GT reveal/evaluation (R10L3C, if present); || L22:6) source code blocks/constants defining Dice, DeltaDice, HARM/NEUTRAL/BENEFIT || L23:and no-retuning semantics are printed and frozen by SHA. || L24: ### L75:R14C1_DIR = ( || L76:OUT || L77:/ ""Q1_R14C1_sunseg_source_tent1_pl_prediction_lock_preGT_fix3_v1"" || L78:) || L79:R14C1_LOCK = ( ### L79:R14C1_LOCK = ( || L80:R14C1_DIR || L81:/ ""R14C1_SUNSEG_SOURCE_TENT1_PL_PREDICTION_LOCK.json"" || L82:) || L83:EXPECTED_R14C1_LOCK_SHA = ( ### L200:""outcome"", || L201:""threshold"", || L202:""source"", || L203:""a1"", || L204:""pl_"", ### L247:def semantic_constants(text: str): || L248:"""""" || L249:Print source lines likely to freeze exact class/threshold semantics. || L250:"""""" || L251:keys = ("
SUNSEG,code/Q1_R14C3B_sunseg_gt_reveal_dual_action_frozen_score_evaluation_fix1.py,44,"L6: || L7:FIRST SUN-SEG GT pixel reveal after: || L8:- R14C1 SOURCE/TENT1/PL prediction lock; || L9:- R14C2B frozen pre-GT safety-score lock; || L10:- R14C3A outcome-semantics lineage preflight. ### L12:Primary scientific question || L13:--------------------------- || L14:Does the already-frozen SOURCE-conditioned safety score rank actual adaptation || L15:harm under BOTH: || L16:A1_TENT_1STEP ### L19: || L20:Frozen outcome rule (historical R05D4/R13C/R10L3C): || L21:delta_dice = adapted_dice - source_dice || L22:HARM     if delta_dice <= -0.02 || L23:BENEFIT  if delta_dice >= +0.02 ### L82:R14C1_DIR = ( || L83:OUT || L84:/ ""Q1_R14C1_sunseg_source_tent1_pl_prediction_lock_preGT_fix3_v1"" || L85:) || L86:R14C1_LOCK = ( ### L86:R14C1_LOCK = ( || L87:R14C1_DIR || L88:/ ""R14C1_SUNSEG_SOURCE_TENT1_PL_PREDICTION_LOCK.json"" || L89:) || L90:R14C1_GLOBAL = ( ### L440:raise RuntimeError(""R05D4 zero-one Dice changed."") || L441: || L442:print(""delta = adapted_dice - source_dice"") || L443:print(""HARM: delta <= -0.02"") || L444:print(""BENEFIT: delta >= +0.02"") ### L459:""cluster_id"", || L460:""clip_id"", || L461:""source_split_label"", || L462:""frame_member"", || L463:""gt_member"", ### L609:""cluster_id"", || L610:""clip_id"", || L611:""source_split_label"", || L612:""model_family"", || L613:""model_state_id"","
SUNSEG,code/Q1_R14C3C_sunseg_confirmatory_result_audit_and_claim_freeze_fix1.py,3,"L138:""model_inference_run_in_r14c3b"", || L139:""tta_run_in_r14c3b"", || L140:""source_predictions_modified"", || L141:""tent1_predictions_modified"", || L142:""pl_predictions_modified"", ### L496:paper_claim = ( || L497:""On an untouched SUN-SEG cohort, the frozen pre-adaptation "" || L498:""SOURCE-conditioned safety score retained statistically supported "" || L499:""harm-ranking signal for both TENT1 and PL_CONF90 despite severe "" || L500:""adaptation-action outcome shift. However, the frozen high-recall "" ### L548:""status"": ""PASS"", || L549:""decision"": DECISION, || L550:""source_result"": { || L551:""r14c3b_lock_path"": str(R14C3B_LOCK), || L552:""r14c3b_lock_sha256"": EXPECTED_R14C3B_LOCK_SHA,"
PolypGen,code/Q1_R16A_source_quality_control_polypgen_v1.py,37,"L2:# -*- coding: utf-8 -*- || L3:"""""" || L4:Q1_R16A_source_quality_control_polypgen_v1.py || L5: || L6:SafeTTA R16-A reviewer-defense experiment: ### L6:SafeTTA R16-A reviewer-defense experiment: || L7:Does the frozen SafeTTA risk score contain information about future adaptation || L8:harm beyond current SOURCE segmentation quality? || L9: || L10:This is a POST-REVEAL explanatory audit only. SOURCE Dice is allowed here only ### L8:harm beyond current SOURCE segmentation quality? || L9: || L10:This is a POST-REVEAL explanatory audit only. SOURCE Dice is allowed here only || L11:as an explanatory covariate and is NEVER fed into the deployed SafeTTA model. || L12: ### L12: || L13:Frozen preregistration: || L14:Q1_R16_preregister_learned_reliability_and_source_quality_v1.md || L15: || L16:Default inputs: ### L18: || L19:Default output: || L20:F:\\MEDSEG_SAFETTA\\outputs\\Q1_R16A_source_quality_control_polypgen_v1\\ || L21: || L22:Safety: ### L24:- does not refit/recalibrate SafeTTA; || L25:- does not change any external threshold; || L26:- does not use SOURCE Dice for deployment; || L27:- requires a PolypGen row table matching the frozen evaluation panel. || L28: ### L28: || L29:Main explanatory comparison: || L30:M_quality      : HARM ~ z(SOURCE_Dice) + architecture_family || L31:M_quality+risk : HARM ~ z(SOURCE_Dice) + z(SafeTTA_risk) + architecture_family || L32: ### L29:Main explanatory comparison: || L30:M_quality      : HARM ~ z(SOURCE_Dice) + architecture_family || L31:M_quality+risk : HARM ~ z(SOURCE_Dice) + z(SafeTTA_risk) + architecture_family || L32: || L33:Statistics:"
PolypGen,code/Q1_R16A_source_quality_control_polypgen_v1_fix1.py,40,"L2:# -*- coding: utf-8 -*- || L3:"""""" || L4:Q1_R16A_source_quality_control_polypgen_v1_fix1.py || L5: || L6:Fix1 for SafeTTA R16-A. ### L18:- The physical-ID column is selected only if it yields exactly 1,532 unique || L19:physical images. || L20:- SOURCE Dice, SafeTTA risk, HARM/DeltaDice, and family columns are resolved || L21:only from audit-declared candidate roles / conservative aliases. || L22:- Numeric/range checks are applied before a column is accepted. ### L25: || L26:Scientific protocol is unchanged: || L27:M_quality      : HARM ~ z(SOURCE_Dice) + architecture_family || L28:M_quality+risk : HARM ~ z(SOURCE_Dice) + z(SafeTTA_risk) + architecture_family || L29: ### L26:Scientific protocol is unchanged: || L27:M_quality      : HARM ~ z(SOURCE_Dice) + architecture_family || L28:M_quality+risk : HARM ~ z(SOURCE_Dice) + z(SafeTTA_risk) + architecture_family || L29: || L30:This is a POST-REVEAL explanatory audit only. ### L29: || L30:This is a POST-REVEAL explanatory audit only. || L31:SOURCE Dice is never used as a deployable SafeTTA input. || L32:"""""" || L33: ### L54: || L55: || L56:VERSION = ""2026-09-08-Q1-R16A-SOURCE-QUALITY-CONTROL-POLYPGEN-v1-fix1"" || L57: || L58:DEFAULT_ROOT = Path(r""F:\MEDSEG_SAFETTA"") ### L58:DEFAULT_ROOT = Path(r""F:\MEDSEG_SAFETTA"") || L59:DEFAULT_AUDIT = DEFAULT_ROOT / r""outputs\Q1_R16A_reviewer_defense_input_audit_v1\CANDIDATE_TABLES.csv"" || L60:DEFAULT_OUT = DEFAULT_ROOT / r""outputs\Q1_R16A_source_quality_control_polypgen_v1_fix1"" || L61: || L62:EXPECTED_ROWS = 13788 ### L77:""model_name"", ""model"", ""state_family"", ""model_state"", ""state"", || L78:], || L79:""source_dice"": [ || L80:""source_dice"", ""src_dice"", ""dice_source"", ""dice_src"", || L81:""baseline_dice"", ""pre_dice"", ""dice_before"", ""source_slice_dice"","
PolypGen,code/Q1_R16A_source_quality_control_polypgen_v1_fix2.py,72,"L2:# -*- coding: utf-8 -*- || L3:"""""" || L4:Q1_R16A_source_quality_control_polypgen_v1_fix2.py || L5: || L6:SafeTTA R16-A fix2 ### L21:4) Identify model/family/state keys from content. || L22:5) First prefer a single exact table containing: || L23:physical ID + SOURCE Dice + SafeTTA risk + HARM/DeltaDice + family. || L24:6) If no such table exists, reconstruct only by an *exact key join* between || L25:frozen tables. Row-order joins are prohibited. ### L28: || L29:Scientific analysis is unchanged from the frozen R16 preregistration: || L30:M_quality      : HARM ~ z(SOURCE_Dice) + architecture_family || L31:M_quality+risk : HARM ~ z(SOURCE_Dice) + z(SafeTTA_risk) || L32:+ architecture_family ### L29:Scientific analysis is unchanged from the frozen R16 preregistration: || L30:M_quality      : HARM ~ z(SOURCE_Dice) + architecture_family || L31:M_quality+risk : HARM ~ z(SOURCE_Dice) + z(SafeTTA_risk) || L32:+ architecture_family || L33: ### L33: || L34:This is a POST-REVEAL explanatory audit only. || L35:SOURCE Dice is never a deployable SafeTTA input. || L36:"""""" || L37: ### L60: || L61: || L62:VERSION = ""2026-09-08-Q1-R16A-SOURCE-QUALITY-CONTROL-POLYPGEN-v1-fix2"" || L63: || L64:DEFAULT_ROOT = Path(r""F:\MEDSEG_SAFETTA"") ### L64:DEFAULT_ROOT = Path(r""F:\MEDSEG_SAFETTA"") || L65:DEFAULT_AUDIT = DEFAULT_ROOT / r""outputs\Q1_R16A_reviewer_defense_input_audit_v1\CANDIDATE_TABLES.csv"" || L66:DEFAULT_OUT = DEFAULT_ROOT / r""outputs\Q1_R16A_source_quality_control_polypgen_v1_fix2"" || L67: || L68:EXPECTED_ROWS = 13788 ### L86:) || L87:STATE_HINTS = ( || L88:""state"", ""model_state"", ""checkpoint"", ""ckpt"", ""model_id"", ""run_id"", || L89:""seed"", ""model"", ""run"", ""checkpoint_sha"", ""sha"", || L90:)"
NeoPolyp,code/S01_B_train_pranet_source_only_frozen_seeds_v1.py,73,"L3: || L4:r"""""" || L5:S01-B: PraNet source-only training for one of the three frozen seeds. || L6: || L7:Scientific safety: ### L7:Scientific safety: || L8:- Reads the full S01 manifest only as metadata. || L9:- Opens image/mask files ONLY for roles source_train and source_val. || L10:- Does NOT open seen_sanity or unseen_locked images/masks. || L11:- Does NOT compute target metrics. ### L10:- Does NOT open seen_sanity or unseen_locked images/masks. || L11:- Does NOT compute target metrics. || L12:- Checkpoint selection uses source_val mean Dice only. || L13: || L14:Architecture: ### L28:- random scale in {0.75, 1.0, 1.25}, then crop/pad to 352 || L29:- ImageNet normalization || L30:- source_val mean Dice selects the best checkpoint || L31: || L32:Project root: ### L91: || L92:EXPECTED_ROLE_COUNTS = { || L93:""source_train"": 1305, || L94:""source_val"": 145, || L95:""seen_sanity"": 162, ### L92:EXPECTED_ROLE_COUNTS = { || L93:""source_train"": 1305, || L94:""source_val"": 145, || L95:""seen_sanity"": 162, || L96:""unseen_locked"": 636, ### L190: || L191: || L192:def resolve_source_rows(rows: List[dict], role: str) -> List[dict]: || L193:if role not in {""source_train"", ""source_val""}: || L194:raise RuntimeError( ### L191: || L192:def resolve_source_rows(rows: List[dict], role: str) -> List[dict]: || L193:if role not in {""source_train"", ""source_val""}: || L194:raise RuntimeError( || L195:f""Safety stop: S01-B may only open source_train/source_val, got {role}"""
NeoPolyp,code/S01_B_train_pranet_source_only_seed20260817_v1_fix1.py,73,"L3: || L4:r"""""" || L5:S01-B: PraNet source-only pilot training, frozen seed 20260817. || L6: || L7:Scientific safety: ### L7:Scientific safety: || L8:- Reads the full S01 manifest only as metadata. || L9:- Opens image/mask files ONLY for roles source_train and source_val. || L10:- Does NOT open seen_sanity or unseen_locked images/masks. || L11:- Does NOT compute target metrics. ### L10:- Does NOT open seen_sanity or unseen_locked images/masks. || L11:- Does NOT compute target metrics. || L12:- Checkpoint selection uses source_val mean Dice only. || L13: || L14:Architecture: ### L28:- random scale in {0.75, 1.0, 1.25}, then crop/pad to 352 || L29:- ImageNet normalization || L30:- source_val mean Dice selects the best checkpoint || L31: || L32:Project root: ### L77:) || L78: || L79:DEFAULT_OUTPUT = ROOT / ""outputs"" / ""S01_B_pranet_source_only_seed20260817_v1"" || L80: || L81:SEED = 20260817 ### L90: || L91:EXPECTED_ROLE_COUNTS = { || L92:""source_train"": 1305, || L93:""source_val"": 145, || L94:""seen_sanity"": 162, ### L91:EXPECTED_ROLE_COUNTS = { || L92:""source_train"": 1305, || L93:""source_val"": 145, || L94:""seen_sanity"": 162, || L95:""unseen_locked"": 636, ### L189: || L190: || L191:def resolve_source_rows(rows: List[dict], role: str) -> List[dict]: || L192:if role not in {""source_train"", ""source_val""}: || L193:raise RuntimeError("
NeoPolyp,code/S01_C_lock_and_evaluate_source_only_frozen_seeds_v1.py,47,"L3: || L4:r"""""" || L5:S01-C: Lock and evaluate Source-Only predictions for all three frozen seeds. || L6: || L7:Scientific sequence ### L9:PHASE 1 (NO LABELS): || L10:- Read only evaluation images (roles: seen_sanity, unseen_locked). || L11:- Load the three already-frozen S01-B checkpoints. || L12:- Generate final PraNet logits at 352x352. || L13:- Save logits as float16 NPZ files. ### L24:- Report each seed separately. NO ensemble is created. || L25: || L26:No checkpoint/model/hyperparameter selection uses seen_sanity or unseen_locked. || L27:No TTA is performed. || L28: ### L27:No TTA is performed. || L28: || L29:Frozen checkpoints: || L30:- seed 20260817 || L31:- seed 20260818 ### L54: || L55:VERSION = ""2026-08-17-S01-C-v1"" || L56:BUILD = ""S01_C_LOCK_SOURCE_ONLY_BEFORE_LABEL_REVEAL"" || L57: || L58:ROOT = Path(r""F:\MEDSEG_SAFETTA"") ### L61:EXPECTED_MANIFEST_SHA256 = ""afb4bc1175af004819538cdbb22ee7a10f1be48035945c7e0d50fd2bbe2e3dc7"" || L62: || L63:TRAINING_HELPER = ROOT / ""code"" / ""S01_B_train_pranet_source_only_frozen_seeds_v1.py"" || L64:EXPECTED_TRAINING_HELPER_SHA256 = ""2b2c9c1b75ff60bd087b403e43dc77468b31cbd54fb607481cc80ab47182b67a"" || L65: ### L64:EXPECTED_TRAINING_HELPER_SHA256 = ""2b2c9c1b75ff60bd087b403e43dc77468b31cbd54fb607481cc80ab47182b67a"" || L65: || L66:OUTPUT_DIR = ROOT / ""outputs"" / ""S01_C_source_only_frozen_seeds_evaluation_v1"" || L67: || L68:IMAGE_SIZE = 352 ### L69:SEEDS = (20260817, 20260818, 20260819) || L70: || L71:CHECKPOINTS = { || L72:20260817: { || L73:""path"": ROOT / ""outputs"" / ""S01_B_pranet_source_only_seed20260817_v1"" / ""checkpoints"" / ""best_source_val_dice.pt"","
NeoPolyp,code/S01_C_lock_and_evaluate_source_only_frozen_seeds_v1_fix1.py,46,"L3: || L4:r"""""" || L5:S01-C: Lock and evaluate Source-Only predictions for all three frozen seeds. || L6: || L7:Scientific sequence ### L9:PHASE 1 (NO LABELS): || L10:- Read only evaluation images (roles: seen_sanity, unseen_locked). || L11:- Load the three already-frozen S01-B checkpoints. || L12:- Generate final PraNet logits at 352x352. || L13:- Save logits as float16 NPZ files. ### L24:- Report each seed separately. NO ensemble is created. || L25: || L26:No checkpoint/model/hyperparameter selection uses seen_sanity or unseen_locked. || L27:No TTA is performed. || L28: ### L27:No TTA is performed. || L28: || L29:Frozen checkpoints: || L30:- seed 20260817 || L31:- seed 20260818 ### L61:EXPECTED_MANIFEST_SHA256 = ""afb4bc1175af004819538cdbb22ee7a10f1be48035945c7e0d50fd2bbe2e3dc7"" || L62: || L63:TRAINING_HELPER = ROOT / ""code"" / ""S01_B_train_pranet_source_only_frozen_seeds_v1.py"" || L64:EXPECTED_TRAINING_HELPER_SHA256 = ""2b2c9c1b75ff60bd087b403e43dc77468b31cbd54fb607481cc80ab47182b67a"" || L65: ### L64:EXPECTED_TRAINING_HELPER_SHA256 = ""2b2c9c1b75ff60bd087b403e43dc77468b31cbd54fb607481cc80ab47182b67a"" || L65: || L66:OUTPUT_DIR = ROOT / ""outputs"" / ""S01_C_source_only_frozen_seeds_evaluation_v1"" || L67: || L68:IMAGE_SIZE = 352 ### L69:SEEDS = (20260817, 20260818, 20260819) || L70: || L71:CHECKPOINTS = { || L72:20260817: { || L73:""path"": ROOT / ""outputs"" / ""S01_B_pranet_source_only_seed20260817_v1"" / ""checkpoints"" / ""best_source_val_dice.pt"", ### L71:CHECKPOINTS = { || L72:20260817: { || L73:""path"": ROOT / ""outputs"" / ""S01_B_pranet_source_only_seed20260817_v1"" / ""checkpoints"" / ""best_source_val_dice.pt"", || L74:""sha256"": ""ef623c0f1207bab02377ec17932db43fe2fd1843dca858cc79ef87ead29b975a"", || L75:""source_val_dice"": 0.895586,"
NeoPolyp,code/S05_B_train_deeplabv3_resnet50_source_only_frozen_seeds_v1.py,65,"L3: || L4:r"""""" || L5:S05-B: Train second-backbone DeepLabV3-ResNet50 source-only models. || L6: || L7:Safety: ### L6: || L7:Safety: || L8:- opens source_train/source_val only; || L9:- never opens seen_sanity/unseen_locked; || L10:- checkpoint selection uses source_val mean Dice only; ### L8:- opens source_train/source_val only; || L9:- never opens seen_sanity/unseen_locked; || L10:- checkpoint selection uses source_val mean Dice only; || L11:- three seeds are frozen in advance. || L12: ### L52: || L53:VERSION = ""2026-08-17-S05-B-v1"" || L54:BUILD = ""S05_B_DEEPLABV3_R50_SOURCE_ONLY_FROZEN_SEEDS"" || L55: || L56:DATA_ROOT = ROOT / ""data"" / ""processed"" / ""S00_polyp_locked_v1"" ### L74: || L75:EXPECTED_ROLE_COUNTS = { || L76:""source_train"": 1305, || L77:""source_val"": 145, || L78:""seen_sanity"": 162, ### L75:EXPECTED_ROLE_COUNTS = { || L76:""source_train"": 1305, || L77:""source_val"": 145, || L78:""seen_sanity"": 162, || L79:""unseen_locked"": 636, ### L173: || L174: || L175:def resolve_source_rows(rows: List[dict], role: str) -> List[dict]: || L176:if role not in {""source_train"", ""source_val""}: || L177:raise RuntimeError( ### L174: || L175:def resolve_source_rows(rows: List[dict], role: str) -> List[dict]: || L176:if role not in {""source_train"", ""source_val""}: || L177:raise RuntimeError( || L178:f""Safety stop: S05-B may only open source_train/source_val; got {role}"""
NeoPolyp,code/S05_B_train_deeplabv3_resnet50_source_only_frozen_seeds_v1_fix1.py,68,"L3: || L4:r"""""" || L5:S05-B: Train second-backbone DeepLabV3-ResNet50 source-only models. || L6: || L7:Safety: ### L6: || L7:Safety: || L8:- opens source_train/source_val only; || L9:- never opens seen_sanity/unseen_locked; || L10:- checkpoint selection uses source_val mean Dice only; ### L8:- opens source_train/source_val only; || L9:- never opens seen_sanity/unseen_locked; || L10:- checkpoint selection uses source_val mean Dice only; || L11:- three seeds are frozen in advance. || L12: ### L76: || L77:EXPECTED_ROLE_COUNTS = { || L78:""source_train"": 1305, || L79:""source_val"": 145, || L80:""seen_sanity"": 162, ### L77:EXPECTED_ROLE_COUNTS = { || L78:""source_train"": 1305, || L79:""source_val"": 145, || L80:""seen_sanity"": 162, || L81:""unseen_locked"": 636, ### L175: || L176: || L177:def resolve_source_rows(rows: List[dict], role: str) -> List[dict]: || L178:if role not in {""source_train"", ""source_val""}: || L179:raise RuntimeError( ### L176: || L177:def resolve_source_rows(rows: List[dict], role: str) -> List[dict]: || L178:if role not in {""source_train"", ""source_val""}: || L179:raise RuntimeError( || L180:f""Safety stop: S05-B may only open source_train/source_val; got {role}"" ### L178:if role not in {""source_train"", ""source_val""}: || L179:raise RuntimeError( || L180:f""Safety stop: S05-B may only open source_train/source_val; got {role}"" || L181:) || L182:selected = [r for r in rows if r[""s01_role""] == role]"
NeoPolyp,code/S05_B_train_deeplabv3_resnet50_source_only_frozen_seeds_v1_fix2.py,82,"L3: || L4:r"""""" || L5:S05-B: Train second-backbone DeepLabV3-ResNet50 source-only models. || L6: || L7:Safety: ### L6: || L7:Safety: || L8:- opens source_train/source_val only; || L9:- never opens seen_sanity/unseen_locked; || L10:- checkpoint selection uses source_val mean Dice only; ### L8:- opens source_train/source_val only; || L9:- never opens seen_sanity/unseen_locked; || L10:- checkpoint selection uses source_val mean Dice only; || L11:- three seeds are frozen in advance. || L12: ### L76: || L77:EXPECTED_ROLE_COUNTS = { || L78:""source_train"": 1305, || L79:""source_val"": 145, || L80:""seen_sanity"": 162, ### L77:EXPECTED_ROLE_COUNTS = { || L78:""source_train"": 1305, || L79:""source_val"": 145, || L80:""seen_sanity"": 162, || L81:""unseen_locked"": 636, ### L175: || L176: || L177:def resolve_source_rows(rows: List[dict], role: str) -> List[dict]: || L178:if role not in {""source_train"", ""source_val""}: || L179:raise RuntimeError( ### L176: || L177:def resolve_source_rows(rows: List[dict], role: str) -> List[dict]: || L178:if role not in {""source_train"", ""source_val""}: || L179:raise RuntimeError( || L180:f""Safety stop: S05-B may only open source_train/source_val; got {role}"" ### L178:if role not in {""source_train"", ""source_val""}: || L179:raise RuntimeError( || L180:f""Safety stop: S05-B may only open source_train/source_val; got {role}"" || L181:) || L182:selected = [r for r in rows if r[""s01_role""] == role]"
NeoPolyp,code/S05_C_build_deeplab_source_side_safettta_gate_v1.py,135,"L3: || L4:"""""" || L5:S05-C: Build and lock the DeepLabV3-specific SafeTTA-v1 source-side gate. || L6: || L7:No target images, masks, predictions, or target DeltaDice are accessed. ### L41: || L42:VERSION = ""2026-08-18-S05-C-v1"" || L43:BUILD = ""S05_C_DEEPLAB_SOURCE_GATE_SINGLETON_SAFE_TENT"" || L44: || L45:DATA_ROOT = ROOT / ""data"" / ""processed"" / ""S00_polyp_locked_v1"" ### L48:EXPECTED_MANIFEST_SHA256 = ""afb4bc1175af004819538cdbb22ee7a10f1be48035945c7e0d50fd2bbe2e3dc7"" || L49: || L50:PROTOCOL = ROOT / ""docs"" / ""S05_C_deeplab_source_side_gate_protocol_v1.md"" || L51:EXPECTED_PROTOCOL_SHA256 = ""b04a1cb1d82c97b18fdc01cd936f5fc3899960ccf46469eca0324c08415c0552"" || L52: ### L53:TRAINING_HELPER = ( || L54:ROOT / ""code"" || L55:/ ""S05_B_train_deeplabv3_resnet50_source_only_frozen_seeds_v1_fix2.py"" || L56:) || L57:EXPECTED_TRAINING_HELPER_SHA256 = ""7d0fd5192a9af40dbae0aeac692a65641745fbef2e986f1cd4e163a59ad93a31"" ### L57:EXPECTED_TRAINING_HELPER_SHA256 = ""7d0fd5192a9af40dbae0aeac692a65641745fbef2e986f1cd4e163a59ad93a31"" || L58: || L59:OUTPUT_DIR = ROOT / ""outputs"" / ""S05_C_deeplab_source_side_safettta_gate_v1"" || L60: || L61:SEEDS = (20260817, 20260818, 20260819) ### L60: || L61:SEEDS = (20260817, 20260818, 20260819) || L62:SOURCE_VAL_N = 145 || L63:IMAGE_SIZE = 352 || L64: ### L63:IMAGE_SIZE = 352 || L64: || L65:CHECKPOINTS = { || L66:20260817: { || L67:""path"": ROOT / ""outputs"" ### L66:20260817: { || L67:""path"": ROOT / ""outputs"" || L68:/ ""S05_B_deeplabv3_r50_source_only_seed20260817_v1"" || L69:/ ""checkpoints"" / ""best_source_val_dice.pt"", || L70:""sha256"": ""d63f914e337295652627c773332d8e7382fbcd6a39d69805e1316dcc759605a2"","
NeoPolyp,code/S05_D_deeplab_locked_target_replication_v1.py,68,"L6: || L7:PHASE A: || L8:target images only -> Source/TENT logits -> 24 features -> frozen gate || L9:-> SHA lock. No target masks or target metrics. || L10: ### L51:S05C_HELPER = ( || L52:ROOT / ""code"" || L53:/ ""S05_C_build_deeplab_source_side_safettta_gate_v1.py"" || L54:) || L55:EXPECTED_S05C_HELPER_SHA256 = ""ab1d98f9847b2e338f07ec26ff426f9cd428e68da4813b90e2227782319aa424"" ### L56: || L57:GATE_ARTIFACT = ( || L58:ROOT / ""outputs"" / ""S05_C_deeplab_source_side_safettta_gate_v1"" || L59:/ ""SafeTTA_v1_DEEPLAB_SOURCE_LOCKED_GATE.json"" || L60:) ### L57:GATE_ARTIFACT = ( || L58:ROOT / ""outputs"" / ""S05_C_deeplab_source_side_safettta_gate_v1"" || L59:/ ""SafeTTA_v1_DEEPLAB_SOURCE_LOCKED_GATE.json"" || L60:) || L61:EXPECTED_GATE_SHA256 = ""cfa1d67d43d291bff32c243ebfc6b98aedc873c18fcafd901961a4b779b11b31"" ### L70:IMAGE_SIZE = 352 || L71: || L72:CHECKPOINTS = { || L73:20260817: { || L74:""path"": ROOT / ""outputs"" ### L73:20260817: { || L74:""path"": ROOT / ""outputs"" || L75:/ ""S05_B_deeplabv3_r50_source_only_seed20260817_v1"" || L76:/ ""checkpoints"" / ""best_source_val_dice.pt"", || L77:""sha256"": ""d63f914e337295652627c773332d8e7382fbcd6a39d69805e1316dcc759605a2"", ### L74:""path"": ROOT / ""outputs"" || L75:/ ""S05_B_deeplabv3_r50_source_only_seed20260817_v1"" || L76:/ ""checkpoints"" / ""best_source_val_dice.pt"", || L77:""sha256"": ""d63f914e337295652627c773332d8e7382fbcd6a39d69805e1316dcc759605a2"", || L78:}, ### L79:20260818: { || L80:""path"": ROOT / ""outputs"" || L81:/ ""S05_B_deeplabv3_r50_source_only_seed20260818_v1"" || L82:/ ""checkpoints"" / ""best_source_val_dice.pt"", || L83:""sha256"": ""d4ede45d5b30f62fdbc92cd9aa8fc84e0d5a52073d5ef2c3ac36baa09a56eb25"","
NeoPolyp,code/S05_D_deeplab_locked_target_replication_v1_fix1.py,68,"L6: || L7:PHASE A: || L8:target images only -> Source/TENT logits -> 24 features -> frozen gate || L9:-> SHA lock. No target masks or target metrics. || L10: ### L51:S05C_HELPER = ( || L52:ROOT / ""code"" || L53:/ ""S05_C_build_deeplab_source_side_safettta_gate_v1.py"" || L54:) || L55:EXPECTED_S05C_HELPER_SHA256 = ""ab1d98f9847b2e338f07ec26ff426f9cd428e68da4813b90e2227782319aa424"" ### L56: || L57:GATE_ARTIFACT = ( || L58:ROOT / ""outputs"" / ""S05_C_deeplab_source_side_safettta_gate_v1"" || L59:/ ""SafeTTA_v1_DEEPLAB_SOURCE_LOCKED_GATE.json"" || L60:) ### L57:GATE_ARTIFACT = ( || L58:ROOT / ""outputs"" / ""S05_C_deeplab_source_side_safettta_gate_v1"" || L59:/ ""SafeTTA_v1_DEEPLAB_SOURCE_LOCKED_GATE.json"" || L60:) || L61:EXPECTED_GATE_SHA256 = ""cfa1d67d43d291bff32c243ebfc6b98aedc873c18fcafd901961a4b779b11b31"" ### L70:IMAGE_SIZE = 352 || L71: || L72:CHECKPOINTS = { || L73:20260817: { || L74:""path"": ROOT / ""outputs"" ### L73:20260817: { || L74:""path"": ROOT / ""outputs"" || L75:/ ""S05_B_deeplabv3_r50_source_only_seed20260817_v1"" || L76:/ ""checkpoints"" / ""best_source_val_dice.pt"", || L77:""sha256"": ""d63f914e337295652627c773332d8e7382fbcd6a39d69805e1316dcc759605a2"", ### L74:""path"": ROOT / ""outputs"" || L75:/ ""S05_B_deeplabv3_r50_source_only_seed20260817_v1"" || L76:/ ""checkpoints"" / ""best_source_val_dice.pt"", || L77:""sha256"": ""d63f914e337295652627c773332d8e7382fbcd6a39d69805e1316dcc759605a2"", || L78:}, ### L79:20260818: { || L80:""path"": ROOT / ""outputs"" || L81:/ ""S05_B_deeplabv3_r50_source_only_seed20260818_v1"" || L82:/ ""checkpoints"" / ""best_source_val_dice.pt"", || L83:""sha256"": ""d4ede45d5b30f62fdbc92cd9aa8fc84e0d5a52073d5ef2c3ac36baa09a56eb25"","
NeoPolyp,code/S05_D_deeplab_locked_target_replication_v1_fix2.py,71,"L6: || L7:PHASE A: || L8:target images only -> Source/TENT logits -> 24 features -> frozen gate || L9:-> SHA lock. No target masks or target metrics. || L10: ### L51:S05C_HELPER = ( || L52:ROOT / ""code"" || L53:/ ""S05_C_build_deeplab_source_side_safettta_gate_v1.py"" || L54:) || L55:EXPECTED_S05C_HELPER_SHA256 = ""ab1d98f9847b2e338f07ec26ff426f9cd428e68da4813b90e2227782319aa424"" ### L57: || L58:GATE_ARTIFACT = ( || L59:ROOT / ""outputs"" / ""S05_C_deeplab_source_side_safettta_gate_v1"" || L60:/ ""SafeTTA_v1_DEEPLAB_SOURCE_LOCKED_GATE.json"" || L61:) ### L58:GATE_ARTIFACT = ( || L59:ROOT / ""outputs"" / ""S05_C_deeplab_source_side_safettta_gate_v1"" || L60:/ ""SafeTTA_v1_DEEPLAB_SOURCE_LOCKED_GATE.json"" || L61:) || L62:EXPECTED_GATE_SHA256 = ""cfa1d67d43d291bff32c243ebfc6b98aedc873c18fcafd901961a4b779b11b31"" ### L75:IMAGE_SIZE = 352 || L76: || L77:CHECKPOINTS = { || L78:20260817: { || L79:""path"": ROOT / ""outputs"" ### L78:20260817: { || L79:""path"": ROOT / ""outputs"" || L80:/ ""S05_B_deeplabv3_r50_source_only_seed20260817_v1"" || L81:/ ""checkpoints"" / ""best_source_val_dice.pt"", || L82:""sha256"": ""d63f914e337295652627c773332d8e7382fbcd6a39d69805e1316dcc759605a2"", ### L79:""path"": ROOT / ""outputs"" || L80:/ ""S05_B_deeplabv3_r50_source_only_seed20260817_v1"" || L81:/ ""checkpoints"" / ""best_source_val_dice.pt"", || L82:""sha256"": ""d63f914e337295652627c773332d8e7382fbcd6a39d69805e1316dcc759605a2"", || L83:}, ### L84:20260818: { || L85:""path"": ROOT / ""outputs"" || L86:/ ""S05_B_deeplabv3_r50_source_only_seed20260818_v1"" || L87:/ ""checkpoints"" / ""best_source_val_dice.pt"", || L88:""sha256"": ""d4ede45d5b30f62fdbc92cd9aa8fc84e0d5a52073d5ef2c3ac36baa09a56eb25"","
PolypGen,code/S06_C_polypgen_dual_backbone_no_label_inference_lock_v1.py,34,"L5:S06-C: untouched PolypGen dual-backbone NO-LABEL inference + SHA lock. || L6: || L7:Allowed: PolypGen IMAGE bytes, frozen Source/TENT inference, 24 unlabeled || L8:features, frozen SafeTTA decisions. || L9:Forbidden: PolypGen MASK bytes, GT metrics, refitting, recalibration. ### L50:EXPECTED_ARCHIVE_SHA256 = ""a22f956a9f0fc3f941927108a3de8217fc61f1944c7eda598536dbabc27dbff3"" || L51: || L52:PRANET_HELPER = ROOT / ""code"" / ""S03_B_build_source_side_safettta_gate_v1.py"" || L53:EXPECTED_PRANET_HELPER_SHA256 = ""07ac65247216dea376e8996cbfbc98c54c62157ecdd1e9b7d9b539b5a74a2b5c"" || L54:PRANET_TRAINING_HELPER = ROOT / ""code"" / ""S01_B_train_pranet_source_only_frozen_seeds_v1.py"" ### L52:PRANET_HELPER = ROOT / ""code"" / ""S03_B_build_source_side_safettta_gate_v1.py"" || L53:EXPECTED_PRANET_HELPER_SHA256 = ""07ac65247216dea376e8996cbfbc98c54c62157ecdd1e9b7d9b539b5a74a2b5c"" || L54:PRANET_TRAINING_HELPER = ROOT / ""code"" / ""S01_B_train_pranet_source_only_frozen_seeds_v1.py"" || L55:EXPECTED_PRANET_TRAINING_HELPER_SHA256 = ""2b2c9c1b75ff60bd087b403e43dc77468b31cbd54fb607481cc80ab47182b67a"" || L56:PRANET_GATE = ROOT / ""outputs"" / ""S03_B_source_side_safettta_gate_v1"" / ""SafeTTA_v1_SOURCE_LOCKED_GATE.json"" ### L54:PRANET_TRAINING_HELPER = ROOT / ""code"" / ""S01_B_train_pranet_source_only_frozen_seeds_v1.py"" || L55:EXPECTED_PRANET_TRAINING_HELPER_SHA256 = ""2b2c9c1b75ff60bd087b403e43dc77468b31cbd54fb607481cc80ab47182b67a"" || L56:PRANET_GATE = ROOT / ""outputs"" / ""S03_B_source_side_safettta_gate_v1"" / ""SafeTTA_v1_SOURCE_LOCKED_GATE.json"" || L57:EXPECTED_PRANET_GATE_SHA256 = ""a71696fd3730dae19bda7a66405a5314022c1eb11acca6604ddcb7ccd1b82e2f"" || L58: ### L57:EXPECTED_PRANET_GATE_SHA256 = ""a71696fd3730dae19bda7a66405a5314022c1eb11acca6604ddcb7ccd1b82e2f"" || L58: || L59:DEEPLAB_HELPER = ROOT / ""code"" / ""S05_C_build_deeplab_source_side_safettta_gate_v1.py"" || L60:EXPECTED_DEEPLAB_HELPER_SHA256 = ""ab1d98f9847b2e338f07ec26ff426f9cd428e68da4813b90e2227782319aa424"" || L61:DEEPLAB_TRAINING_HELPER = ROOT / ""code"" / ""S05_B_train_deeplabv3_resnet50_source_only_frozen_seeds_v1_fix2.py"" ### L59:DEEPLAB_HELPER = ROOT / ""code"" / ""S05_C_build_deeplab_source_side_safettta_gate_v1.py"" || L60:EXPECTED_DEEPLAB_HELPER_SHA256 = ""ab1d98f9847b2e338f07ec26ff426f9cd428e68da4813b90e2227782319aa424"" || L61:DEEPLAB_TRAINING_HELPER = ROOT / ""code"" / ""S05_B_train_deeplabv3_resnet50_source_only_frozen_seeds_v1_fix2.py"" || L62:EXPECTED_DEEPLAB_TRAINING_HELPER_SHA256 = ""7d0fd5192a9af40dbae0aeac692a65641745fbef2e986f1cd4e163a59ad93a31"" || L63:DEEPLAB_GATE = ROOT / ""outputs"" / ""S05_C_deeplab_source_side_safettta_gate_v1"" / ""SafeTTA_v1_DEEPLAB_SOURCE_LOCKED_GATE.json"" ### L61:DEEPLAB_TRAINING_HELPER = ROOT / ""code"" / ""S05_B_train_deeplabv3_resnet50_source_only_frozen_seeds_v1_fix2.py"" || L62:EXPECTED_DEEPLAB_TRAINING_HELPER_SHA256 = ""7d0fd5192a9af40dbae0aeac692a65641745fbef2e986f1cd4e163a59ad93a31"" || L63:DEEPLAB_GATE = ROOT / ""outputs"" / ""S05_C_deeplab_source_side_safettta_gate_v1"" / ""SafeTTA_v1_DEEPLAB_SOURCE_LOCKED_GATE.json"" || L64:EXPECTED_DEEPLAB_GATE_SHA256 = ""cfa1d67d43d291bff32c243ebfc6b98aedc873c18fcafd901961a4b779b11b31"" || L65:EXPECTED_DEEPLAB_TAU = 0.3938344633 ### L73:EXPECTED_OBSERVATIONS = EXPECTED_IMAGES * len(SEEDS) * len(ARCHITECTURES) || L74:PASS_DECISION = ""S06_C_DUAL_BACKBONE_NO_LABEL_GLOBAL_LOCK_PASS_READY_FOR_S06D_GT_REVEAL"" || L75:EXPECTED_CHECKPOINTS = { || L76:""pranet"": { || L77:20260817: ""ef623c0f1207bab02377ec17932db43fe2fd1843dca858cc79ef87ead29b975a"","
PolypGen,code/S06_C_polypgen_dual_backbone_no_label_inference_lock_v1_fix1.py,34,"L5:S06-C: untouched PolypGen dual-backbone NO-LABEL inference + SHA lock. || L6: || L7:Allowed: PolypGen IMAGE bytes, frozen Source/TENT inference, 24 unlabeled || L8:features, frozen SafeTTA decisions. || L9:Forbidden: PolypGen MASK bytes, GT metrics, refitting, recalibration. ### L50:EXPECTED_ARCHIVE_SHA256 = ""a22f956a9f0fc3f941927108a3de8217fc61f1944c7eda598536dbabc27dbff3"" || L51: || L52:PRANET_HELPER = ROOT / ""code"" / ""S03_B_build_source_side_safettta_gate_v1.py"" || L53:EXPECTED_PRANET_HELPER_SHA256 = ""07ac65247216dea376e8996cbfbc98c54c62157ecdd1e9b7d9b539b5a74a2b5c"" || L54:PRANET_TRAINING_HELPER = ROOT / ""code"" / ""S01_B_train_pranet_source_only_frozen_seeds_v1.py"" ### L52:PRANET_HELPER = ROOT / ""code"" / ""S03_B_build_source_side_safettta_gate_v1.py"" || L53:EXPECTED_PRANET_HELPER_SHA256 = ""07ac65247216dea376e8996cbfbc98c54c62157ecdd1e9b7d9b539b5a74a2b5c"" || L54:PRANET_TRAINING_HELPER = ROOT / ""code"" / ""S01_B_train_pranet_source_only_frozen_seeds_v1.py"" || L55:EXPECTED_PRANET_TRAINING_HELPER_SHA256 = ""2b2c9c1b75ff60bd087b403e43dc77468b31cbd54fb607481cc80ab47182b67a"" || L56:PRANET_GATE = ROOT / ""outputs"" / ""S03_B_source_side_safettta_gate_v1"" / ""SafeTTA_v1_SOURCE_LOCKED_GATE.json"" ### L54:PRANET_TRAINING_HELPER = ROOT / ""code"" / ""S01_B_train_pranet_source_only_frozen_seeds_v1.py"" || L55:EXPECTED_PRANET_TRAINING_HELPER_SHA256 = ""2b2c9c1b75ff60bd087b403e43dc77468b31cbd54fb607481cc80ab47182b67a"" || L56:PRANET_GATE = ROOT / ""outputs"" / ""S03_B_source_side_safettta_gate_v1"" / ""SafeTTA_v1_SOURCE_LOCKED_GATE.json"" || L57:EXPECTED_PRANET_GATE_SHA256 = ""a71696fd3730dae19bda7a66405a5314022c1eb11acca6604ddcb7ccd1b82e2f"" || L58: ### L57:EXPECTED_PRANET_GATE_SHA256 = ""a71696fd3730dae19bda7a66405a5314022c1eb11acca6604ddcb7ccd1b82e2f"" || L58: || L59:DEEPLAB_HELPER = ROOT / ""code"" / ""S05_C_build_deeplab_source_side_safettta_gate_v1.py"" || L60:EXPECTED_DEEPLAB_HELPER_SHA256 = ""ab1d98f9847b2e338f07ec26ff426f9cd428e68da4813b90e2227782319aa424"" || L61:DEEPLAB_TRAINING_HELPER = ROOT / ""code"" / ""S05_B_train_deeplabv3_resnet50_source_only_frozen_seeds_v1_fix2.py"" ### L59:DEEPLAB_HELPER = ROOT / ""code"" / ""S05_C_build_deeplab_source_side_safettta_gate_v1.py"" || L60:EXPECTED_DEEPLAB_HELPER_SHA256 = ""ab1d98f9847b2e338f07ec26ff426f9cd428e68da4813b90e2227782319aa424"" || L61:DEEPLAB_TRAINING_HELPER = ROOT / ""code"" / ""S05_B_train_deeplabv3_resnet50_source_only_frozen_seeds_v1_fix2.py"" || L62:EXPECTED_DEEPLAB_TRAINING_HELPER_SHA256 = ""7d0fd5192a9af40dbae0aeac692a65641745fbef2e986f1cd4e163a59ad93a31"" || L63:DEEPLAB_GATE = ROOT / ""outputs"" / ""S05_C_deeplab_source_side_safettta_gate_v1"" / ""SafeTTA_v1_DEEPLAB_SOURCE_LOCKED_GATE.json"" ### L61:DEEPLAB_TRAINING_HELPER = ROOT / ""code"" / ""S05_B_train_deeplabv3_resnet50_source_only_frozen_seeds_v1_fix2.py"" || L62:EXPECTED_DEEPLAB_TRAINING_HELPER_SHA256 = ""7d0fd5192a9af40dbae0aeac692a65641745fbef2e986f1cd4e163a59ad93a31"" || L63:DEEPLAB_GATE = ROOT / ""outputs"" / ""S05_C_deeplab_source_side_safettta_gate_v1"" / ""SafeTTA_v1_DEEPLAB_SOURCE_LOCKED_GATE.json"" || L64:EXPECTED_DEEPLAB_GATE_SHA256 = ""cfa1d67d43d291bff32c243ebfc6b98aedc873c18fcafd901961a4b779b11b31"" || L65:EXPECTED_DEEPLAB_TAU = 0.3938344633 ### L73:EXPECTED_OBSERVATIONS = EXPECTED_IMAGES * len(SEEDS) * len(ARCHITECTURES) || L74:PASS_DECISION = ""S06_C_DUAL_BACKBONE_NO_LABEL_GLOBAL_LOCK_PASS_READY_FOR_S06D_GT_REVEAL"" || L75:EXPECTED_CHECKPOINTS = { || L76:""pranet"": { || L77:20260817: ""ef623c0f1207bab02377ec17932db43fe2fd1843dca858cc79ef87ead29b975a"","
PolypGen,code/S06_D_polypgen_external_gt_reveal_evaluation_v1.py,29,"L224:if accepted != int(p_harm < tau): || L225:raise RuntimeError(f""Decision arithmetic mismatch: {key} {r['external_id']}"") || L226:text = ""ACCEPT_TENT"" if accepted else ""REJECT_TENT_USE_SOURCE"" || L227:if r[""decision""] != text: || L228:raise RuntimeError(f""Decision text mismatch: {key} {r['external_id']}"") ### L291:centers = data[""centers""].tolist() || L292:image_members = data[""image_members""].tolist() || L293:source_logits = data[""source_logits""] || L294:tent_logits = data[""tent_logits""] || L295:if ids != expected_ids: ### L295:if ids != expected_ids: || L296:raise RuntimeError(f""NPZ order mismatch: {architecture} seed={seed}"") || L297:if source_logits.shape != (EXPECTED_IMAGES, IMAGE_SIZE, IMAGE_SIZE): || L298:raise RuntimeError(f""Source logit shape mismatch: {architecture} seed={seed}"") || L299:if tent_logits.shape != source_logits.shape: ### L296:raise RuntimeError(f""NPZ order mismatch: {architecture} seed={seed}"") || L297:if source_logits.shape != (EXPECTED_IMAGES, IMAGE_SIZE, IMAGE_SIZE): || L298:raise RuntimeError(f""Source logit shape mismatch: {architecture} seed={seed}"") || L299:if tent_logits.shape != source_logits.shape: || L300:raise RuntimeError(f""TENT logit shape mismatch: {architecture} seed={seed}"") ### L297:if source_logits.shape != (EXPECTED_IMAGES, IMAGE_SIZE, IMAGE_SIZE): || L298:raise RuntimeError(f""Source logit shape mismatch: {architecture} seed={seed}"") || L299:if tent_logits.shape != source_logits.shape: || L300:raise RuntimeError(f""TENT logit shape mismatch: {architecture} seed={seed}"") || L301: ### L314:raise RuntimeError(f""GT mask changed during evaluation: {external_id}"") || L315: || L316:source_dice, source_iou = metrics_from_logit(source_logits[i], gt) || L317:tent_dice, tent_iou = metrics_from_logit(tent_logits[i], gt) || L318:accepted = int(d[""tent_accepted""]) == 1 ### L317:tent_dice, tent_iou = metrics_from_logit(tent_logits[i], gt) || L318:accepted = int(d[""tent_accepted""]) == 1 || L319:safe_dice, safe_iou = ((tent_dice, tent_iou) if accepted else (source_dice, source_iou)) || L320:oracle_dice = max(source_dice, tent_dice) || L321:oracle_iou = max(source_iou, tent_iou) ### L318:accepted = int(d[""tent_accepted""]) == 1 || L319:safe_dice, safe_iou = ((tent_dice, tent_iou) if accepted else (source_dice, source_iou)) || L320:oracle_dice = max(source_dice, tent_dice) || L321:oracle_iou = max(source_iou, tent_iou) || L322:tent_delta = tent_dice - source_dice"
PolypGen,code/S06_D_polypgen_external_gt_reveal_evaluation_v1_fix1.py,29,"L244:if accepted != int(p_harm < tau): || L245:raise RuntimeError(f""Decision arithmetic mismatch: {key} {r['external_id']}"") || L246:text = ""ACCEPT_TENT"" if accepted else ""REJECT_TENT_USE_SOURCE"" || L247:if r[""decision""] != text: || L248:raise RuntimeError(f""Decision text mismatch: {key} {r['external_id']}"") ### L342:centers = data[""centers""].tolist() || L343:image_members = data[""image_members""].tolist() || L344:source_logits = data[""source_logits""] || L345:tent_logits = data[""tent_logits""] || L346:if ids != expected_ids: ### L346:if ids != expected_ids: || L347:raise RuntimeError(f""NPZ order mismatch: {architecture} seed={seed}"") || L348:if source_logits.shape != (EXPECTED_IMAGES, IMAGE_SIZE, IMAGE_SIZE): || L349:raise RuntimeError(f""Source logit shape mismatch: {architecture} seed={seed}"") || L350:if tent_logits.shape != source_logits.shape: ### L347:raise RuntimeError(f""NPZ order mismatch: {architecture} seed={seed}"") || L348:if source_logits.shape != (EXPECTED_IMAGES, IMAGE_SIZE, IMAGE_SIZE): || L349:raise RuntimeError(f""Source logit shape mismatch: {architecture} seed={seed}"") || L350:if tent_logits.shape != source_logits.shape: || L351:raise RuntimeError(f""TENT logit shape mismatch: {architecture} seed={seed}"") ### L348:if source_logits.shape != (EXPECTED_IMAGES, IMAGE_SIZE, IMAGE_SIZE): || L349:raise RuntimeError(f""Source logit shape mismatch: {architecture} seed={seed}"") || L350:if tent_logits.shape != source_logits.shape: || L351:raise RuntimeError(f""TENT logit shape mismatch: {architecture} seed={seed}"") || L352: ### L365:raise RuntimeError(f""GT mask changed during evaluation: {external_id}"") || L366: || L367:source_dice, source_iou = metrics_from_logit(source_logits[i], gt) || L368:tent_dice, tent_iou = metrics_from_logit(tent_logits[i], gt) || L369:accepted = int(d[""tent_accepted""]) == 1 ### L368:tent_dice, tent_iou = metrics_from_logit(tent_logits[i], gt) || L369:accepted = int(d[""tent_accepted""]) == 1 || L370:safe_dice, safe_iou = ((tent_dice, tent_iou) if accepted else (source_dice, source_iou)) || L371:oracle_dice = max(source_dice, tent_dice) || L372:oracle_iou = max(source_iou, tent_iou) ### L369:accepted = int(d[""tent_accepted""]) == 1 || L370:safe_dice, safe_iou = ((tent_dice, tent_iou) if accepted else (source_dice, source_iou)) || L371:oracle_dice = max(source_dice, tent_dice) || L372:oracle_iou = max(source_iou, tent_iou) || L373:tent_delta = tent_dice - source_dice"
PolypGen,code/S06_E_polypgen_external_image_clustered_statistics_v1.py,32,"L155:""external_id"", || L156:""center"", || L157:""source_dice"", || L158:""tent_dice"", || L159:""safettta_dice"", ### L231:) || L232: || L233:source = np.asarray( || L234:[float(r[""source_dice""]) for r in members], || L235:dtype=np.float64, ### L232: || L233:source = np.asarray( || L234:[float(r[""source_dice""]) for r in members], || L235:dtype=np.float64, || L236:) ### L276:""external_id"": external_id, || L277:""center"": center, || L278:""source_mean"": float(source.mean()), || L279:""tent_mean"": float(tent.mean()), || L280:""safe_mean"": float(safe.mean()), ### L280:""safe_mean"": float(safe.mean()), || L281:""oracle_mean"": float(oracle.mean()), || L282:""safe_minus_source_mean"": float( || L283:(safe - source).mean() || L284:), ### L281:""oracle_mean"": float(oracle.mean()), || L282:""safe_minus_source_mean"": float( || L283:(safe - source).mean() || L284:), || L285:""safe_minus_tent_mean"": float( ### L328:) || L329: || L330:safe_source = float(np.mean([ || L331:c[""safe_minus_source_mean""] || L332:for c in clusters ### L329: || L330:safe_source = float(np.mean([ || L331:c[""safe_minus_source_mean""] || L332:for c in clusters || L333:]))"
NeoPolyp,code/S07_B_build_pranet_source_side_counterfactual_utility_dataset_v1.py,85,"L3: || L4:"""""" || L5:S07-B: PraNet source-side counterfactual utility dataset construction. || L6: || L7:SOURCE-VAL only. No utility estimator is trained here. ### L5:S07-B: PraNet source-side counterfactual utility dataset construction. || L6: || L7:SOURCE-VAL only. No utility estimator is trained here. || L8:"""""" || L9: ### L27: || L28:VERSION = ""2026-08-18-S07-B-v1"" || L29:BUILD = ""S07_B_PRANET_SOURCE_SIDE_A1_A2_COUNTERFACTUAL_UTILITY_DATASET"" || L30: || L31:ROOT = Path(r""F:\MEDSEG_SAFETTA"") ### L33:EXPECTED_PROTOCOL_SHA256 = ""8a0aa3eaf708d6d12c55e13e1e84f8cdd80310a19673666d99d8089738911ab2"" || L34: || L35:S03B_HELPER = ROOT / ""code"" / ""S03_B_build_source_side_safettta_gate_v1.py"" || L36:EXPECTED_S03B_HELPER_SHA256 = ""07ac65247216dea376e8996cbfbc98c54c62157ecdd1e9b7d9b539b5a74a2b5c"" || L37: ### L36:EXPECTED_S03B_HELPER_SHA256 = ""07ac65247216dea376e8996cbfbc98c54c62157ecdd1e9b7d9b539b5a74a2b5c"" || L37: || L38:TRAINING_HELPER = ROOT / ""code"" / ""S01_B_train_pranet_source_only_frozen_seeds_v1.py"" || L39:EXPECTED_TRAINING_HELPER_SHA256 = ""2b2c9c1b75ff60bd087b403e43dc77468b31cbd54fb607481cc80ab47182b67a"" || L40: ### L39:EXPECTED_TRAINING_HELPER_SHA256 = ""2b2c9c1b75ff60bd087b403e43dc77468b31cbd54fb607481cc80ab47182b67a"" || L40: || L41:OUTPUT_DIR = ROOT / ""outputs"" / ""S07_B_pranet_source_side_counterfactual_utility_dataset_v1"" || L42: || L43:SEEDS = (20260817, 20260818, 20260819) ### L42: || L43:SEEDS = (20260817, 20260818, 20260819) || L44:SOURCE_VAL_N = 145 || L45:N_FOLDS = 5 || L46: ### L66:BENEFIT_THRESHOLD = +0.02 || L67: || L68:EXPECTED_BASE_CASES = SOURCE_VAL_N * len(PERTURBATIONS) * len(SEEDS) || L69:EXPECTED_ACTION_ROWS = EXPECTED_BASE_CASES * len(ACTIONS) || L70:"
NeoPolyp,code/S07_C_pranet_grouped_oof_quantile_utility_feasibility_v1.py,66,"L3: || L4:"""""" || L5:S07-C: PraNet grouped source-side OOF quantile utility feasibility. || L6: || L7:Input: ### L6: || L7:Input: || L8:- Frozen S07-B source-side counterfactual utility dataset only. || L9: || L10:Frozen method: ### L11:- Action-specific GradientBoostingRegressor quantile models. || L12:- Q10/Q50/Q90. || L13:- 5 frozen source-image group folds. || L14:- Final deployment decision: || L15:candidate adaptation = argmax(Q10_A1, Q10_A2), tie A1 > A2 ### L15:candidate adaptation = argmax(Q10_A1, Q10_A2), tie A1 > A2 || L16:select adaptation only if its Q10 > 0 || L17:otherwise SOURCE. || L18: || L19:No target-domain data are opened. ### L52:S07B_DIR = ( || L53:ROOT / ""outputs"" || L54:/ ""S07_B_pranet_source_side_counterfactual_utility_dataset_v1"" || L55:) || L56:S07B_LOCK = ( ### L62:UTILITY_TABLE = ( || L63:S07B_DIR || L64:/ ""source_side_counterfactual_utility_table.csv"" || L65:) || L66:EXPECTED_UTILITY_TABLE_SHA256 = ""f8d36a10a41db8255847526312b8b2794d3d18c81a8d7b152a210b3c07bd0678"" ### L76:) || L77:ACTION_TIE_ORDER = ( || L78:""SOURCE"", || L79:""A1_TENT_1STEP"", || L80:""A2_TENT_2STEP"", ### L88: || L89:N_FOLDS = 5 || L90:SOURCE_GROUPS = 145 || L91:EXPECTED_ROWS_PER_ACTION = 4350 || L92:EXPECTED_TOTAL_ROWS = 8700"
NeoPolyp,code/S07_C_pranet_grouped_oof_quantile_utility_feasibility_v1_fix1.py,70,"L3: || L4:"""""" || L5:S07-C: PraNet grouped source-side OOF quantile utility feasibility. || L6: || L7:Input: ### L6: || L7:Input: || L8:- Frozen S07-B source-side counterfactual utility dataset only. || L9: || L10:Frozen method: ### L11:- Action-specific GradientBoostingRegressor quantile models. || L12:- Q10/Q50/Q90. || L13:- 5 frozen source-image group folds. || L14:- Final deployment decision: || L15:candidate adaptation = argmax(Q10_A1, Q10_A2), tie A1 > A2 ### L15:candidate adaptation = argmax(Q10_A1, Q10_A2), tie A1 > A2 || L16:select adaptation only if its Q10 > 0 || L17:otherwise SOURCE. || L18: || L19:No target-domain data are opened. ### L52:S07B_DIR = ( || L53:ROOT / ""outputs"" || L54:/ ""S07_B_pranet_source_side_counterfactual_utility_dataset_v1"" || L55:) || L56:S07B_LOCK = ( ### L62:UTILITY_TABLE = ( || L63:S07B_DIR || L64:/ ""source_side_counterfactual_utility_table.csv"" || L65:) || L66:EXPECTED_UTILITY_TABLE_SHA256 = ""f8d36a10a41db8255847526312b8b2794d3d18c81a8d7b152a210b3c07bd0678"" ### L76:) || L77:ACTION_TIE_ORDER = ( || L78:""SOURCE"", || L79:""A1_TENT_1STEP"", || L80:""A2_TENT_2STEP"", ### L88: || L89:N_FOLDS = 5 || L90:SOURCE_GROUPS = 145 || L91:EXPECTED_ROWS_PER_ACTION = 4350 || L92:EXPECTED_TOTAL_ROWS = 8700"
NeoPolyp,code/S07_D_source_only_utility_ranking_postmortem_audit_v1.py,17,"L18: || L19:VERSION = ""2026-08-19-S07-D-v1"" || L20:BUILD = ""S07_D_SOURCE_ONLY_UTILITY_RANKING_POSTMORTEM"" || L21: || L22:ROOT = Path(r""F:\MEDSEG_SAFETTA"") ### L24:PROTOCOL = ( || L25:ROOT / ""docs"" || L26:/ ""S07_D_source_only_utility_ranking_postmortem_protocol_v1.md"" || L27:) || L28:EXPECTED_PROTOCOL_SHA256 = ""85c0debe4b2b1bad264149d207604162054ab667792b41c41bfccbe3d2f00dac"" ### L59:OUTPUT_DIR = ( || L60:ROOT / ""outputs"" || L61:/ ""S07_D_source_only_utility_ranking_postmortem_v1"" || L62:) || L63: ### L436:pairwise_regrets.append(adapt_oracle_delta - predicted_delta) || L437: || L438:# Source wins all zero/negative ties; A1 wins exact positive A1/A2 ties. || L439:if max(d1, d2) <= 0.0: || L440:oracle = ""SOURCE"" ### L438:# Source wins all zero/negative ties; A1 wins exact positive A1/A2 ties. || L439:if max(d1, d2) <= 0.0: || L440:oracle = ""SOURCE"" || L441:elif d1 >= d2: || L442:oracle = ""A1_TENT_1STEP"" ### L451:""true_delta_of_predicted_adaptation"": predicted_delta, || L452:""true_adaptation_oracle_delta"": adapt_oracle_delta, || L453:""source_inclusive_oracle_action"": oracle, || L454:""source_inclusive_oracle_delta"": max(0.0, d1, d2), || L455:}) ### L452:""true_adaptation_oracle_delta"": adapt_oracle_delta, || L453:""source_inclusive_oracle_action"": oracle, || L454:""source_inclusive_oracle_delta"": max(0.0, d1, d2), || L455:}) || L456: ### L466:), || L467:""pairwise_mean_regret"": float(np.mean(pairwise_regrets)), || L468:""source_inclusive_oracle_counts"": { || L469:key: int(value) || L470:for key, value in sorted(oracle_counts.items())"
NeoPolyp,code/S07_F_pranet_scrr_source_grouped_oof_feasibility_v1.py,97,"L3: || L4:"""""" || L5:S07-F: PraNet SCRR source-grouped OOF representation feasibility. || L6: || L7:Frozen scope: ### L6: || L7:Frozen scope: || L8:- 145 source-val image groups || L9:- 10 source-side perturbations || L10:- 3 frozen PraNet seeds ### L7:Frozen scope: || L8:- 145 source-val image groups || L9:- 10 source-side perturbations || L10:- 3 frozen PraNet seeds || L11:- A1 one-step TENT and A2 two-step TENT ### L15:- utility + harm + benefit multitask heads || L16:- exact 30 epochs, no early stopping, no scheduler || L17:- 5 grouped OOF folds by original source image || L18: || L19:No deployment policy is created in this stage. ### L18: || L19:No deployment policy is created in this stage. || L20:No non-source evaluation data are opened. || L21:"""""" || L22: ### L46: || L47:VERSION = ""2026-08-19-S07-F-v1"" || L48:BUILD = ""S07_F_PRANET_SCRR_SOURCE_GROUPED_OOF_REPRESENTATION_FEASIBILITY"" || L49: || L50:ROOT = Path(r""F:\MEDSEG_SAFETTA"") ### L58:S07D_LOCK = ( || L59:ROOT / ""outputs"" || L60:/ ""S07_D_source_only_utility_ranking_postmortem_v1"" || L61:/ ""S07_D_SOURCE_ONLY_POSTMORTEM_LOCK.json"" || L62:) ### L59:ROOT / ""outputs"" || L60:/ ""S07_D_source_only_utility_ranking_postmortem_v1"" || L61:/ ""S07_D_SOURCE_ONLY_POSTMORTEM_LOCK.json"" || L62:) || L63:EXPECTED_S07D_LOCK_SHA256 = ""d7b5fb20f8188af78750f194dc17d8b3721b7b2471b1ee323b0373ad16a6ebba"""
NeoPolyp,code/S07_F_pranet_scrr_source_grouped_oof_feasibility_v1_fix1.py,100,"L3: || L4:"""""" || L5:S07-F: PraNet SCRR source-grouped OOF representation feasibility. || L6: || L7:Frozen scope: ### L6: || L7:Frozen scope: || L8:- 145 source-val image groups || L9:- 10 source-side perturbations || L10:- 3 frozen PraNet seeds ### L7:Frozen scope: || L8:- 145 source-val image groups || L9:- 10 source-side perturbations || L10:- 3 frozen PraNet seeds || L11:- A1 one-step TENT and A2 two-step TENT ### L15:- utility + harm + benefit multitask heads || L16:- exact 30 epochs, no early stopping, no scheduler || L17:- 5 grouped OOF folds by original source image || L18: || L19:No deployment policy is created in this stage. ### L18: || L19:No deployment policy is created in this stage. || L20:No non-source evaluation data are opened. || L21:"""""" || L22: ### L58:S07D_LOCK = ( || L59:ROOT / ""outputs"" || L60:/ ""S07_D_source_only_utility_ranking_postmortem_v1"" || L61:/ ""S07_D_SOURCE_ONLY_POSTMORTEM_LOCK.json"" || L62:) ### L59:ROOT / ""outputs"" || L60:/ ""S07_D_source_only_utility_ranking_postmortem_v1"" || L61:/ ""S07_D_SOURCE_ONLY_POSTMORTEM_LOCK.json"" || L62:) || L63:EXPECTED_S07D_LOCK_SHA256 = ""d7b5fb20f8188af78750f194dc17d8b3721b7b2471b1ee323b0373ad16a6ebba"" ### L65:S07B_LOCK = ( || L66:ROOT / ""outputs"" || L67:/ ""S07_B_pranet_source_side_counterfactual_utility_dataset_v1"" || L68:/ ""S07_B_COUNTERFACTUAL_UTILITY_DATASET_LOCK.json"" || L69:)"
Prostate158,release/SafeTTA_clean_test_v102/experiments/mri_prostate_promise/Q1X_CM3_source_oof_segmentation_training_and_prediction_lock_fix3.py,89,"L3: || L4:"""""" || L5:Q1X_CM3_source_oof_segmentation_training_and_prediction_lock_fix1.py || L6: || L7:SafeTTA Q1 enhancement — CM3. ### L9:Scientific role || L10:--------------- || L11:Train the frozen three-family SOURCE segmentation panel under the exact CM2B || L12:protocol and generate patient-separated 5-fold out-of-fold (OOF) SOURCE || L13:predictions for Prostate158. ### L10:--------------- || L11:Train the frozen three-family SOURCE segmentation panel under the exact CM2B || L12:protocol and generate patient-separated 5-fold out-of-fold (OOF) SOURCE || L13:predictions for Prostate158. || L14: ### L20:This script: || L21:1) verifies the exact CM2B lock and all child artifacts; || L22:2) builds a SOURCE-only preprocessed memmap cache; || L23:3) runs a batch-size-8 forward/backward preflight for all three families; || L24:4) trains 5 patient-level folds per family; ### L23:3) runs a batch-size-8 forward/backward preflight for all three families; || L24:4) trains 5 patient-level folds per family; || L25:5) selects checkpoints by mean patient-level 3D whole-gland Dice; || L26:6) writes OOF probabilities and binary SOURCE masks for every SOURCE slice; || L27:7) writes fold/model metrics and a lineage lock. ### L24:4) trains 5 patient-level folds per family; || L25:5) selects checkpoints by mean patient-level 3D whole-gland Dice; || L26:6) writes OOF probabilities and binary SOURCE masks for every SOURCE slice; || L27:7) writes fold/model metrics and a lineage lock. || L28: ### L32:- fit the SafeTTA safety model; || L33:- tune on PROMISE12; || L34:- train final all-source external models. || L35: || L36:Resume behavior ### L36:Resume behavior || L37:--------------- || L38:The stage is resumable. Each fold writes a last-state checkpoint containing || L39:optimizer/scaler/RNG state. Existing completed folds are reused only after || L40:their completion metadata and best checkpoint are found."
Prostate158,release/SafeTTA_clean_test_v102/experiments/mri_prostate_promise/Q1X_CM4A_source_oof_tent1_outcome_asset_lock_fix4.py,115,"L3: || L4:"""""" || L5:Q1X_CM4A_source_oof_tent1_outcome_asset_lock_fix4.py || L6: || L7:SafeTTA Q1 enhancement — CM4A. ### L10:------- || L11:Use the frozen CM3 patient-separated OOF prostate segmentation models to || L12:construct the SOURCE-only counterfactual outcome asset: || L13: || L14:SOURCE vs A1_TENT_1STEP ### L12:construct the SOURCE-only counterfactual outcome asset: || L13: || L14:SOURCE vs A1_TENT_1STEP || L15: || L16:for every Prostate158 axial slice and every frozen model family. ### L17: || L18:This stage: || L19:- uses SOURCE GT (allowed); || L20:- uses the frozen CM3 OOF mask as the SOURCE baseline; || L21:- requires the CM4A Fix3 exact batch-8 replay audit to have PASSed with ### L18:This stage: || L19:- uses SOURCE GT (allowed); || L20:- uses the frozen CM3 OOF mask as the SOURCE baseline; || L21:- requires the CM4A Fix3 exact batch-8 replay audit to have PASSed with || L22:zero binary mismatches across all 15 family/fold combinations; ### L35:- episodic reset = YES || L36:- normalization-affine parameters only || L37:- source prediction from untouched checkpoint in eval mode || L38: || L39:Architecture-compatible normalization: ### L40:- UNet: BatchNorm2d affine || L41:- DeepLabV3-R50: ordinary BatchNorm2d affine; ASPP pooled singleton-unsafe || L42:BN stays eval with source running statistics; Dropout stays eval || L43:- SegFormer-B0: LayerNorm + compatible BatchNorm2d affine; Dropout stays eval || L44: ### L69: || L70:VERSION = ""2026-09-05-Q1X-CM4A-v1-fix4"" || L71:BUILD = ""Q1X_CM4A_SOURCE_OOF_TENT1_OUTCOME_ASSET_LOCK_FIX4"" || L72: || L73:ROOT = Path(r""F:\MEDSEG_SAFETTA"")"
Prostate158,release/SafeTTA_clean_test_v102/experiments/mri_prostate_promise/Q1X_CM4B_mri_source_prediction_conditioned_safety_grouped_oof_fix1.py,75,"L3: || L4:"""""" || L5:Q1X_CM4B_mri_source_prediction_conditioned_safety_grouped_oof_fix1.py || L6: || L7:SafeTTA Q1 enhancement — CM4B. ### L9:Purpose || L10:------- || L11:Confirm on the new prostate-MRI SOURCE task whether the frozen || L12:prediction-conditioned semantic safety representation can rank TENT1 HARM || L13:before adaptation. ### L13:before adaptation. || L14: || L15:This stage is SOURCE only: || L16:- Prostate158 images + frozen CM3 SOURCE OOF masks; || L17:- CM4A SOURCE TENT1 outcome labels; ### L14: || L15:This stage is SOURCE only: || L16:- Prostate158 images + frozen CM3 SOURCE OOF masks; || L17:- CM4A SOURCE TENT1 outcome labels; || L18:- frozen DINOv2-base image encoder; ### L15:This stage is SOURCE only: || L16:- Prostate158 images + frozen CM3 SOURCE OOF masks; || L17:- CM4A SOURCE TENT1 outcome labels; || L18:- frozen DINOv2-base image encoder; || L19:- patient-grouped 5-fold OOF safety evaluation. ### L22:No target calibration. || L23:No operating-point threshold selection. || L24:No final all-source safety head fitting. || L25: || L26:Primary representation ### L28:Frozen cross-task framework: || L29:DINOv2-base patch tokens (224x224, 16x16 patches) || L30:+ SOURCE-prediction conditioning: || L31:352x352 SOURCE mask -> 16x16 occupancy using exact 22x22 blocks || L32:foreground weighted token mean (768) ### L29:DINOv2-base patch tokens (224x224, 16x16 patches) || L30:+ SOURCE-prediction conditioning: || L31:352x352 SOURCE mask -> 16x16 occupancy using exact 22x22 blocks || L32:foreground weighted token mean (768) || L33:background weighted token mean (768)"
Prostate158,release/SafeTTA_clean_test_v102/experiments/mri_prostate_promise/Q1X_CM4C_final_source_safety_estimator_and_threshold_lock_fix2.py,81,"L3: || L4:"""""" || L5:Q1X_CM4C_final_source_safety_estimator_and_threshold_lock_fix1.py || L6: || L7:SafeTTA Q1 enhancement — CM4C. ### L9:Purpose || L10:------- || L11:Freeze the final MRI SOURCE safety estimator and the SOURCE operating point || L12:before any PROMISE12 safety inference/evaluation. || L13: ### L12:before any PROMISE12 safety inference/evaluation. || L13: || L14:Inputs are SOURCE only: || L15:- CM4B prediction-conditioned DINO+M2 feature asset; || L16:- CM4B patient-grouped OOF Final scores; ### L15:- CM4B prediction-conditioned DINO+M2 feature asset; || L16:- CM4B patient-grouped OOF Final scores; || L17:- CM4A SOURCE TENT1 HARM labels. || L18: || L19:This stage: ### L18: || L19:This stage: || L20:1) derives the frozen SOURCE operating point from cross-fitted OOF Final scores; || L21:2) fits the final all-SOURCE prediction-conditioned safety estimator; || L22:3) serializes all source-only preprocessing/classifier components; ### L19:This stage: || L20:1) derives the frozen SOURCE operating point from cross-fitted OOF Final scores; || L21:2) fits the final all-SOURCE prediction-conditioned safety estimator; || L22:3) serializes all source-only preprocessing/classifier components; || L23:4) locks the DINOv2 identity and score semantics for future target scoring. ### L20:1) derives the frozen SOURCE operating point from cross-fitted OOF Final scores; || L21:2) fits the final all-SOURCE prediction-conditioned safety estimator; || L22:3) serializes all source-only preprocessing/classifier components; || L23:4) locks the DINOv2 identity and score semantics for future target scoring. || L24: ### L41: || L42:VERSION = ""2026-09-05-Q1X-CM4C-v1-fix2"" || L43:BUILD = ""Q1X_CM4C_FINAL_SOURCE_SAFETY_ESTIMATOR_AND_THRESHOLD_LOCK_FIX2"" || L44: || L45:ROOT = Path(r""F:\MEDSEG_SAFETTA"")"
Prostate158,release/SafeTTA_clean_test_v102/experiments/mri_prostate_promise/Q1X_CM4D_final_all_source_segmentation_models_lock_fix2.py,93,"L3: || L4:"""""" || L5:Q1X_CM4D_final_all_source_segmentation_models_lock_fix1.py || L6: || L7:SafeTTA Q1 enhancement — CM4D. ### L9:Purpose || L10:------- || L11:Train exactly one final all-SOURCE prostate segmentation model per frozen || L12:family before any PROMISE12 image is used. || L13: ### L14:CM2B already froze: || L15:- one final model per family; || L16:- all 139 SOURCE patients; || L17:- final duration derived from SOURCE OOF only; || L18:- PROMISE12 cannot be used for epoch/model selection. ### L15:- one final model per family; || L16:- all 139 SOURCE patients; || L17:- final duration derived from SOURCE OOF only; || L18:- PROMISE12 cannot be used for epoch/model selection. || L19: ### L26:- SegFormer_B0    [39,34,50,28,48] -> 39 epochs || L27: || L28:No early stopping and no SOURCE validation/model selection are performed in || L29:the all-SOURCE refit. A descriptive all-SOURCE training-set sanity Dice is || L30:computed only after the fixed-duration training is finished and cannot change ### L27: || L28:No early stopping and no SOURCE validation/model selection are performed in || L29:the all-SOURCE refit. A descriptive all-SOURCE training-set sanity Dice is || L30:computed only after the fixed-duration training is finished and cannot change || L31:the model. ### L48: || L49:VERSION = ""2026-09-05-Q1X-CM4D-v1-fix2"" || L50:BUILD = ""Q1X_CM4D_FINAL_ALL_SOURCE_SEGMENTATION_MODELS_LOCK_FIX2"" || L51: || L52:ROOT = Path(r""F:\MEDSEG_SAFETTA"") ### L56:CM3_DIR = ( || L57:OUT || L58:/ ""Q1X_CM3_source_oof_segmentation_training_and_prediction_lock_fix3_v1"" || L59:) || L60:CM3_LOCK = CM3_DIR / ""CM3_SOURCE_OOF_SEGMENTATION_PANEL_LOCK.json"""
PROMISE12,release/SafeTTA_clean_test_v102/experiments/mri_prostate_promise/Q1X_CM5A_promise12_gt_free_prediction_tent1_safety_scoring_lock_fix1.py,97,"L12:- PROMISE12 image MHD headers; || L13:- PROMISE12 image RAW payloads; || L14:- frozen SOURCE segmentation models; || L15:- frozen SOURCE safety estimator; || L16:- frozen SOURCE operating point; ### L13:- PROMISE12 image RAW payloads; || L14:- frozen SOURCE segmentation models; || L15:- frozen SOURCE safety estimator; || L16:- frozen SOURCE operating point; || L17:- TENT1; ### L14:- frozen SOURCE segmentation models; || L15:- frozen SOURCE safety estimator; || L16:- frozen SOURCE operating point; || L17:- TENT1; || L18:- frozen DINOv2 representation. ### L31:Full-mode outputs: || L32:1) image-only target preprocessing cache (all 50 patients / all 1377 slices); || L33:2) frozen SOURCE predictions for three final all-SOURCE segmenters; || L34:3) episodic one-slice A1_TENT_1STEP predictions; || L35:4) prediction-conditioned DINOv2+M2 target representations; ### L34:3) episodic one-slice A1_TENT_1STEP predictions; || L35:4) prediction-conditioned DINOv2+M2 target representations; || L36:5) frozen final SOURCE safety scores; || L37:6) decisions under the frozen SOURCE deployment threshold. || L38: ### L35:4) prediction-conditioned DINOv2+M2 target representations; || L36:5) frozen final SOURCE safety scores; || L37:6) decisions under the frozen SOURCE deployment threshold. || L38: || L39:No target operating-point transport is performed here. CM5B uses the locked ### L91:CM4C_LOCK = ( || L92:OUT || L93:/ ""Q1X_CM4C_final_source_safety_estimator_and_threshold_lock_fix2_v1"" || L94:/ ""CM4C_FINAL_SOURCE_SAFETY_ESTIMATOR_LOCK.json"" || L95:) ### L92:OUT || L93:/ ""Q1X_CM4C_final_source_safety_estimator_and_threshold_lock_fix2_v1"" || L94:/ ""CM4C_FINAL_SOURCE_SAFETY_ESTIMATOR_LOCK.json"" || L95:) || L96:EXPECTED_CM4C_LOCK_SHA = ("
PROMISE12,release/SafeTTA_clean_test_v102/experiments/mri_prostate_promise/Q1X_CM5B_unlabeled_support_aware_operating_point_transport_lock_fix2.py,135,"L16:conditional stability in the frozen safety representation z: || L17: || L18:P_target(HARM | z, action) ~= P_source(HARM | z, action) || L19: || L20:Unlabeled target data cannot identify arbitrary conditional shift. Therefore ### L19: || L20:Unlabeled target data cannot identify arbitrary conditional shift. Therefore || L21:CM5B explicitly audits overlap/support and abstains if the weighted SOURCE HARM || L22:support is inadequate. || L23: ### L24:Primary transport || L25:----------------- || L26:1) Transform SOURCE and target raw CondDINO+M2 features through the already || L27:frozen final SOURCE safety preprocessing into z = PCA64+M2 standardized space. || L28:2) Estimate p_target(z)/p_source(z) with patient-cross-fitted logistic domain ### L25:----------------- || L26:1) Transform SOURCE and target raw CondDINO+M2 features through the already || L27:frozen final SOURCE safety preprocessing into z = PCA64+M2 standardized space. || L28:2) Estimate p_target(z)/p_source(z) with patient-cross-fitted logistic domain || L29:classifiers, separately for each model family. ### L26:1) Transform SOURCE and target raw CondDINO+M2 features through the already || L27:frozen final SOURCE safety preprocessing into z = PCA64+M2 standardized space. || L28:2) Estimate p_target(z)/p_source(z) with patient-cross-fitted logistic domain || L29:classifiers, separately for each model family. || L30:3) Stabilize source density-ratio weights by mean normalization within family ### L28:2) Estimate p_target(z)/p_source(z) with patient-cross-fitted logistic domain || L29:classifiers, separately for each model family. || L30:3) Stabilize source density-ratio weights by mean normalization within family || L31:and a preregistered maximum normalized weight of 10. || L32:4) On patient-grouped cross-fitted SOURCE safety scores (score_Final), use ### L30:3) Stabilize source density-ratio weights by mean normalization within family || L31:and a preregistered maximum normalized weight of 10. || L32:4) On patient-grouped cross-fitted SOURCE safety scores (score_Final), use || L33:source HARM labels + density-ratio weights to estimate target-weighted HARM || L34:recall. ### L31:and a preregistered maximum normalized weight of 10. || L32:4) On patient-grouped cross-fitted SOURCE safety scores (score_Final), use || L33:source HARM labels + density-ratio weights to estimate target-weighted HARM || L34:recall. || L35:5) Use a patient-cluster bootstrap to choose a conservative OOF-space threshold:"
PROMISE12,release/SafeTTA_clean_test_v102/experiments/mri_prostate_promise/Q1X_CM6_promise12_gt_reveal_locked_policy_evaluation_fix1.py,37,"L10: || L11:It evaluates only policies that were already locked before GT: || L12:1) fixed SOURCE deployment threshold; || L13:2) naive unlabeled target-quantile baseline; || L14:3) support-aware transport -- here prospectively locked as ABSTAIN; ### L22: || L23:HARM remains exactly: || L24:DeltaDice = TENT1 slice Dice - SOURCE slice Dice || L25:HARM iff DeltaDice <= -0.02 || L26: ### L632:""beneficial"", || L633:""delta_dice"", || L634:""source_dice"", || L635:""tent1_dice"", || L636:} ### L645:for family in FAMILIES: || L646:side = pred_sidecars[family] || L647:src_path = Path(side[""source_masks""]) || L648:tent_path = Path(side[""tent1_masks""]) || L649: ### L648:tent_path = Path(side[""tent1_masks""]) || L649: || L650:if sha256_file(src_path) != side[""source_masks_sha256""]: || L651:raise RuntimeError( || L652:f""{family} SOURCE target-mask SHA mismatch."" ### L650:if sha256_file(src_path) != side[""source_masks_sha256""]: || L651:raise RuntimeError( || L652:f""{family} SOURCE target-mask SHA mismatch."" || L653:) || L654:if sha256_file(tent_path) != side[""tent1_masks_sha256""]: ### L662:if src.shape != (N_SLICES, PACKED_BYTES): || L663:raise RuntimeError( || L664:f""{family} SOURCE packed-mask shape changed."" || L665:) || L666:if tent.shape != (N_SLICES, PACKED_BYTES): ### L670: || L671:masks[family] = { || L672:""source"": src, || L673:""tent"": tent, || L674:}"
PROMISE12,release/SafeTTA_clean_test_v102/experiments/mri_prostate_promise/Q1X_CM7A_promise12_external_ranking_baseline_audit_fix2.py,132,"L34:Baselines || L35:--------- || L36:1) SOURCE_ENTROPY || L37:Mean pixelwise Bernoulli entropy from frozen SOURCE eval logits. || L38: ### L35:--------- || L36:1) SOURCE_ENTROPY || L37:Mean pixelwise Bernoulli entropy from frozen SOURCE eval logits. || L38: || L39:2) SOURCE_LOW_CONFIDENCE ### L37:Mean pixelwise Bernoulli entropy from frozen SOURCE eval logits. || L38: || L39:2) SOURCE_LOW_CONFIDENCE || L40:Mean [1 - max(p,1-p)] from frozen SOURCE eval logits. || L41: ### L38: || L39:2) SOURCE_LOW_CONFIDENCE || L40:Mean [1 - max(p,1-p)] from frozen SOURCE eval logits. || L41: || L42:3) M2 ### L41: || L42:3) M2 || L43:source_fg_fraction + source_boundary_density. || L44:SOURCE-only median imputer + StandardScaler + balanced LR. || L45: ### L42:3) M2 || L43:source_fg_fraction + source_boundary_density. || L44:SOURCE-only median imputer + StandardScaler + balanced LR. || L45: || L46:4) DINO_CLS ### L46:4) DINO_CLS || L47:frozen DINOv2-base [CLS] 768. || L48:SOURCE-only median imputer + randomized whiten PCA64 + || L49:StandardScaler + balanced LR. || L50: ### L51:5) CondDINO || L52:frozen prediction-conditioned FG768+BG768. || L53:SOURCE-only median imputer + randomized whiten PCA64 + || L54:StandardScaler + balanced LR. || L55:"
PROMISE12,release/SafeTTA_clean_test_v102/experiments/mri_prostate_promise/Q1X_CM7B_promise12_matched_coverage_utility_audit_fix1.py,23,"L20:Primary comparisons || L21:------------------- || L22:Frozen SafeTTA fixed-SOURCE gate || L23:vs || L24:Random adaptation at exactly the same number of adapted slices PER FAMILY. ### L25: || L26:Metrics: || L27:- prevented HARM fraction (= HARM recall of retain-SOURCE gate); || L28:- mean patient-level 3D deployed Dice; || L29:- mean slice deployed Dice. ### L170:""risk_score"", || L171:""harmful"", || L172:""source_dice"", || L173:""tent1_dice"", || L174:""source_tp"", ### L172:""source_dice"", || L173:""tent1_dice"", || L174:""source_tp"", || L175:""source_fp"", || L176:""source_fn"", ### L173:""tent1_dice"", || L174:""source_tp"", || L175:""source_fp"", || L176:""source_fn"", || L177:""tent_tp"", ### L174:""source_tp"", || L175:""source_fp"", || L176:""source_fn"", || L177:""tent_tp"", || L178:""tent_fp"", ### L225:adapt = np.asarray(adapt_mask, dtype=bool) || L226: || L227:source_tp = df[""source_tp""].to_numpy(dtype=np.float64) || L228:source_fp = df[""source_fp""].to_numpy(dtype=np.float64) || L229:source_fn = df[""source_fn""].to_numpy(dtype=np.float64) ### L226: || L227:source_tp = df[""source_tp""].to_numpy(dtype=np.float64) || L228:source_fp = df[""source_fp""].to_numpy(dtype=np.float64) || L229:source_fn = df[""source_fn""].to_numpy(dtype=np.float64) || L230:"
PolypGen,release/SafeTTA_clean_test_v102/experiments/polypgen/Q1_R10L1B_polypgen_unique_static_manifest_lock_fix3.py,6,"L13:- one unmatched image stem and one unmatched mask stem in C3. || L14: || L15:Before source-training overlap audit or any external inference, freeze a || L16:deduplicated static-image manifest. || L17: ### L158:expected = ( || L159:""POLYPGEN_OFFICIAL_SINGLEFRAME_TECHNICALLY_READY_"" || L160:""SOURCE_TRAINING_OVERLAP_UNRESOLVED"" || L161:) || L162:if prev.get(""decision"") != expected: ### L205: || L206:# ------------------------------------------------------------------ || L207:# Recompute hashes from source files; do not trust cached values only. || L208:# ------------------------------------------------------------------ || L209:rgb_hash = [] ### L513:decision = ( || L514:""POLYPGEN_STATIC_UNIQUE_MANIFEST_LOCKED_"" || L515:""PENDING_SOURCE_TRAINING_AUDIT"" || L516:) || L517: ### L536:""model_inference_run"": False, || L537:""performance_evaluated"": False, || L538:""source_training_overlap_status"": ""PENDING_R10L2"", || L539:""locked_manifest"": str(manifest_out), || L540:} ### L551:print(""MODEL INFERENCE RUN: NO"") || L552:print(""PERFORMANCE EVALUATED: NO"") || L553:print(""SOURCE-TRAINING OVERLAP STATUS: PENDING_R10L2"") || L554:print(""\nOutputs:"") || L555:print(manifest_out)"
PolypGen,release/SafeTTA_clean_test_v102/experiments/polypgen/Q1_R10L3A_polypgen_source_a1_prediction_lock_fix2.py,76,"L3: || L4:"""""" || L5:Q1_R10L3A_polypgen_source_a1_prediction_lock_fix2.py || L6: || L7:First prospective PolypGen model execution after the independence gate. ### L9:PURPOSE || L10:------- || L11:Run the exact already-frozen SOURCE vs A1_TENT_1STEP counterfactual for all || L12:1532 locked PolypGen static cases x 9 frozen model states, while keeping || L13:PolypGen GT completely unopened. ### L17:and reuses its frozen state runners: || L18: || L19:- PraNet: exact S03-B SOURCE + episodic 1-step TENT || L20:- DeepLabV3-R50: exact singleton-safe S05-C SOURCE + episodic 1-step TENT || L21:- SegFormer-B0: exact R03 SOURCE + episodic 1-step TENT ### L18: || L19:- PraNet: exact S03-B SOURCE + episodic 1-step TENT || L20:- DeepLabV3-R50: exact singleton-safe S05-C SOURCE + episodic 1-step TENT || L21:- SegFormer-B0: exact R03 SOURCE + episodic 1-step TENT || L22: ### L19:- PraNet: exact S03-B SOURCE + episodic 1-step TENT || L20:- DeepLabV3-R50: exact singleton-safe S05-C SOURCE + episodic 1-step TENT || L21:- SegFormer-B0: exact R03 SOURCE + episodic 1-step TENT || L22: || L23:Frozen action: ### L38:- target calibration/tuning/threshold fitting: NO || L39: || L40:Outputs SOURCE and A1 masks only, packed exactly as the authoritative R05D3 || L41:implementation: 352x352 binary masks, row-major, np.packbits(bitorder=""little""). || L42:"""""" ### L66: || L67:VERSION = ""2026-08-26-Q1-R10L3A-v1-fix2"" || L68:BUILD = ""Q1_R10L3A_POLYPGEN_SOURCE_A1_PREDICTION_LOCK_FIX2"" || L69: || L70:ROOT = Path(r""F:\MEDSEG_SAFETTA"") ### L72:R05D3_SCRIPT = ( || L73:ROOT / ""code"" || L74:/ ""Q1_R05D3_neopolyp_source_a1_prediction_lock_v1_fix1.py"" || L75:) || L76:EXPECTED_R05D3_SCRIPT_SHA256 = ("
PolypGen,release/SafeTTA_clean_test_v102/experiments/polypgen/Q1_R10L3B_polypgen_frozen_safety_score_lock_fix1.py,41,"L13:Per model-case: || L14:1) RGB -> frozen facebook/dinov2-base, direct bicubic 224x224; || L15:2) read SOURCE mask only (A1 value access forbidden); || L16:3) SOURCE 352x352 -> exact 22x22 block occupancy -> 16x16; || L17:4) foreground-weighted patch mean 768-D; ### L14:1) RGB -> frozen facebook/dinov2-base, direct bicubic 224x224; || L15:2) read SOURCE mask only (A1 value access forbidden); || L16:3) SOURCE 352x352 -> exact 22x22 block occupancy -> 16x16; || L17:4) foreground-weighted patch mean 768-D; || L18:5) background-weighted patch mean 768-D; ### L70:R10L3A_DIR = ( || L71:ROOT / ""outputs"" || L72:/ ""Q1_R10L3A_polypgen_source_a1_prediction_lock_fix2_v1"" || L73:) || L74:R10L3A_LOCK = ( ### L74:R10L3A_LOCK = ( || L75:R10L3A_DIR || L76:/ ""R10L3A_POLYPGEN_SOURCE_A1_PREDICTION_LOCK.json"" || L77:) || L78:EXPECTED_R10L3A_LOCK_SHA256 = ( ### L80:) || L81:EXPECTED_R10L3A_DECISION = ( || L82:""POLYPGEN_SOURCE_A1_PREDICTIONS_LOCKED_BEFORE_GT_REVEAL"" || L83:) || L84:R10L3A_RGB_MANIFEST = ( ### L98:R10J1_SCRIPT = ( || L99:ROOT / ""code"" || L100:/ ""Q1_R10J1_source_mask_morphology_feature_builder_fix1.py"" || L101:) || L102:R10K2D_LOCK = ( ### L108:R10L0_DIR = ( || L109:ROOT / ""outputs"" || L110:/ ""Q1_R10L0_final_source_safety_estimator_lock_fix3_v1"" || L111:) || L112:R10L0_LOCK = R10L0_DIR / ""R10L0_FINAL_SOURCE_ESTIMATOR_LOCK.json"" ### L110:/ ""Q1_R10L0_final_source_safety_estimator_lock_fix3_v1"" || L111:) || L112:R10L0_LOCK = R10L0_DIR / ""R10L0_FINAL_SOURCE_ESTIMATOR_LOCK.json"" || L113:R10L0_PCA = R10L0_DIR / ""R10L0_final_condDINO_PCA64.joblib"" || L114:R10L0_HEAD = R10L0_DIR / ""R10L0_final_safety_head.joblib"""
PolypGen,release/SafeTTA_clean_test_v102/experiments/polypgen/Q1_R10L3C_polypgen_gt_reveal_prospective_external_evaluation_fix1.py,35,"L6: || L7:FIRST PolypGen GT reveal after: || L8:- R10L3A SOURCE/A1 prediction lock; || L9:- R10L3B frozen safety-score lock. || L10: ### L12:1) verifies all frozen upstream locks/artifacts; || L13:2) reveals only the already-locked 1532 PolypGen GT masks; || L14:3) computes SOURCE Dice, A1 Dice, DeltaDice; || L15:4) applies the exact frozen development outcome rule: || L16:HARM    if DeltaDice <= -0.02 ### L74:) || L75:EXPECTED_POLYPGEN_MANIFEST_DECISION = ( || L76:""POLYPGEN_STATIC_UNIQUE_MANIFEST_LOCKED_PENDING_SOURCE_TRAINING_AUDIT"" || L77:) || L78: ### L79:INDEPENDENCE_LOCK = ( || L80:ROOT / ""outputs"" || L81:/ ""Q1_R10L2B_authoritative_s01_source_training_overlap_lock_fix1_v1"" || L82:/ ""R10L2B_INDEPENDENCE_GATE_LOCK.json"" || L83:) ### L89:R10L3A_DIR = ( || L90:ROOT / ""outputs"" || L91:/ ""Q1_R10L3A_polypgen_source_a1_prediction_lock_fix2_v1"" || L92:) || L93:R10L3A_LOCK = ( ### L93:R10L3A_LOCK = ( || L94:R10L3A_DIR || L95:/ ""R10L3A_POLYPGEN_SOURCE_A1_PREDICTION_LOCK.json"" || L96:) || L97:EXPECTED_R10L3A_LOCK_SHA256 = ( ### L99:) || L100:EXPECTED_R10L3A_DECISION = ( || L101:""POLYPGEN_SOURCE_A1_PREDICTIONS_LOCKED_BEFORE_GT_REVEAL"" || L102:) || L103:R10L3A_MODEL_CASE_MANIFEST = ( ### L213:) || L214:if int( || L215:indep.get(""total_source_development_exact_polypgen_overlaps"", -1) || L216:) != 0: || L217:raise RuntimeError(""Source-development exact overlap is not zero."")"
PolypGen,release/SafeTTA_clean_test_v102/experiments/reviewer_defense/Q1_R16A_source_quality_control_polypgen_v1_fix2.py,72,"L2:# -*- coding: utf-8 -*- || L3:"""""" || L4:Q1_R16A_source_quality_control_polypgen_v1_fix2.py || L5: || L6:SafeTTA R16-A fix2 ### L21:4) Identify model/family/state keys from content. || L22:5) First prefer a single exact table containing: || L23:physical ID + SOURCE Dice + SafeTTA risk + HARM/DeltaDice + family. || L24:6) If no such table exists, reconstruct only by an *exact key join* between || L25:frozen tables. Row-order joins are prohibited. ### L28: || L29:Scientific analysis is unchanged from the frozen R16 preregistration: || L30:M_quality      : HARM ~ z(SOURCE_Dice) + architecture_family || L31:M_quality+risk : HARM ~ z(SOURCE_Dice) + z(SafeTTA_risk) || L32:+ architecture_family ### L29:Scientific analysis is unchanged from the frozen R16 preregistration: || L30:M_quality      : HARM ~ z(SOURCE_Dice) + architecture_family || L31:M_quality+risk : HARM ~ z(SOURCE_Dice) + z(SafeTTA_risk) || L32:+ architecture_family || L33: ### L33: || L34:This is a POST-REVEAL explanatory audit only. || L35:SOURCE Dice is never a deployable SafeTTA input. || L36:"""""" || L37: ### L60: || L61: || L62:VERSION = ""2026-09-08-Q1-R16A-SOURCE-QUALITY-CONTROL-POLYPGEN-v1-fix2"" || L63: || L64:DEFAULT_ROOT = Path(r""F:\MEDSEG_SAFETTA"") ### L64:DEFAULT_ROOT = Path(r""F:\MEDSEG_SAFETTA"") || L65:DEFAULT_AUDIT = DEFAULT_ROOT / r""outputs\Q1_R16A_reviewer_defense_input_audit_v1\CANDIDATE_TABLES.csv"" || L66:DEFAULT_OUT = DEFAULT_ROOT / r""outputs\Q1_R16A_source_quality_control_polypgen_v1_fix2"" || L67: || L68:EXPECTED_ROWS = 13788 ### L86:) || L87:STATE_HINTS = ( || L88:""state"", ""model_state"", ""checkpoint"", ""ckpt"", ""model_id"", ""run_id"", || L89:""seed"", ""model"", ""run"", ""checkpoint_sha"", ""sha"", || L90:)"
NeoPolyp,release/SafeTTA_clean_test_v102/experiments/source_training/Q1_R02_segformer_b0_three_seed_source_training_v1_fix7.py,320,"L3: || L4:"""""" || L5:Q1-R02 — SegFormer-B0 Three-Seed Source Training || L6: || L7:Frozen architecture: ### L11:20260820, 20260821, 20260822 || L12: || L13:This script trains source-only segmentation models. It must not use target || L14:data or utility labels. || L15: ### L41: || L42:VERSION = ""2026-08-19-Q1-R02-v1-fix7"" || L43:BUILD = ""Q1_R02_SEGFORMER_B0_THREE_SEED_SOURCE_TRAINING_SAFETENSORS_FIX7"" || L44: || L45:ROOT = Path(r""F:\MEDSEG_SAFETTA"") ### L44: || L45:ROOT = Path(r""F:\MEDSEG_SAFETTA"") || L46:OUTPUT_DIR = ROOT / ""outputs"" / ""Q1_R02_segformer_b0_three_seed_source_training_v1_fix7"" || L47: || L48:PROTOCOL = ( ### L49:ROOT || L50:/ ""docs"" || L51:/ ""Q1_R02_segformer_b0_three_seed_source_training_preregistered_protocol_v1_fix3.md"" || L52:) || L53:EXPECTED_PROTOCOL_SHA256 = ( ### L71:) || L72:EXPECTED_S01_ROLE_COUNTS = { || L73:""source_train"": 1305, || L74:""source_val"": 145, || L75:""seen_sanity"": 162, ### L72:EXPECTED_S01_ROLE_COUNTS = { || L73:""source_train"": 1305, || L74:""source_val"": 145, || L75:""seen_sanity"": 162, || L76:""unseen_locked"": 636, ### L77:} || L78:EXPECTED_S01_TOTAL = 2248 || L79:EXPECTED_SOURCE_POOL = 1450 || L80: || L81:Q1_R01C_DIR = ("
NeoPolyp,release/SafeTTA_clean_test_v102/experiments/source_training/S01_B_train_pranet_source_only_frozen_seeds_v1.py,73,"L3: || L4:r"""""" || L5:S01-B: PraNet source-only training for one of the three frozen seeds. || L6: || L7:Scientific safety: ### L7:Scientific safety: || L8:- Reads the full S01 manifest only as metadata. || L9:- Opens image/mask files ONLY for roles source_train and source_val. || L10:- Does NOT open seen_sanity or unseen_locked images/masks. || L11:- Does NOT compute target metrics. ### L10:- Does NOT open seen_sanity or unseen_locked images/masks. || L11:- Does NOT compute target metrics. || L12:- Checkpoint selection uses source_val mean Dice only. || L13: || L14:Architecture: ### L28:- random scale in {0.75, 1.0, 1.25}, then crop/pad to 352 || L29:- ImageNet normalization || L30:- source_val mean Dice selects the best checkpoint || L31: || L32:Project root: ### L91: || L92:EXPECTED_ROLE_COUNTS = { || L93:""source_train"": 1305, || L94:""source_val"": 145, || L95:""seen_sanity"": 162, ### L92:EXPECTED_ROLE_COUNTS = { || L93:""source_train"": 1305, || L94:""source_val"": 145, || L95:""seen_sanity"": 162, || L96:""unseen_locked"": 636, ### L190: || L191: || L192:def resolve_source_rows(rows: List[dict], role: str) -> List[dict]: || L193:if role not in {""source_train"", ""source_val""}: || L194:raise RuntimeError( ### L191: || L192:def resolve_source_rows(rows: List[dict], role: str) -> List[dict]: || L193:if role not in {""source_train"", ""source_val""}: || L194:raise RuntimeError( || L195:f""Safety stop: S01-B may only open source_train/source_val, got {role}"""
NeoPolyp,release/SafeTTA_clean_test_v102/experiments/source_training/S01_B_train_pranet_source_only_seed20260817_v1_fix1.py,73,"L3: || L4:r"""""" || L5:S01-B: PraNet source-only pilot training, frozen seed 20260817. || L6: || L7:Scientific safety: ### L7:Scientific safety: || L8:- Reads the full S01 manifest only as metadata. || L9:- Opens image/mask files ONLY for roles source_train and source_val. || L10:- Does NOT open seen_sanity or unseen_locked images/masks. || L11:- Does NOT compute target metrics. ### L10:- Does NOT open seen_sanity or unseen_locked images/masks. || L11:- Does NOT compute target metrics. || L12:- Checkpoint selection uses source_val mean Dice only. || L13: || L14:Architecture: ### L28:- random scale in {0.75, 1.0, 1.25}, then crop/pad to 352 || L29:- ImageNet normalization || L30:- source_val mean Dice selects the best checkpoint || L31: || L32:Project root: ### L77:) || L78: || L79:DEFAULT_OUTPUT = ROOT / ""outputs"" / ""S01_B_pranet_source_only_seed20260817_v1"" || L80: || L81:SEED = 20260817 ### L90: || L91:EXPECTED_ROLE_COUNTS = { || L92:""source_train"": 1305, || L93:""source_val"": 145, || L94:""seen_sanity"": 162, ### L91:EXPECTED_ROLE_COUNTS = { || L92:""source_train"": 1305, || L93:""source_val"": 145, || L94:""seen_sanity"": 162, || L95:""unseen_locked"": 636, ### L189: || L190: || L191:def resolve_source_rows(rows: List[dict], role: str) -> List[dict]: || L192:if role not in {""source_train"", ""source_val""}: || L193:raise RuntimeError("
NeoPolyp,release/SafeTTA_clean_test_v102/experiments/source_training/S01_C_lock_and_evaluate_source_only_frozen_seeds_v1_fix1.py,46,"L3: || L4:r"""""" || L5:S01-C: Lock and evaluate Source-Only predictions for all three frozen seeds. || L6: || L7:Scientific sequence ### L9:PHASE 1 (NO LABELS): || L10:- Read only evaluation images (roles: seen_sanity, unseen_locked). || L11:- Load the three already-frozen S01-B checkpoints. || L12:- Generate final PraNet logits at 352x352. || L13:- Save logits as float16 NPZ files. ### L24:- Report each seed separately. NO ensemble is created. || L25: || L26:No checkpoint/model/hyperparameter selection uses seen_sanity or unseen_locked. || L27:No TTA is performed. || L28: ### L27:No TTA is performed. || L28: || L29:Frozen checkpoints: || L30:- seed 20260817 || L31:- seed 20260818 ### L61:EXPECTED_MANIFEST_SHA256 = ""afb4bc1175af004819538cdbb22ee7a10f1be48035945c7e0d50fd2bbe2e3dc7"" || L62: || L63:TRAINING_HELPER = ROOT / ""code"" / ""S01_B_train_pranet_source_only_frozen_seeds_v1.py"" || L64:EXPECTED_TRAINING_HELPER_SHA256 = ""2b2c9c1b75ff60bd087b403e43dc77468b31cbd54fb607481cc80ab47182b67a"" || L65: ### L64:EXPECTED_TRAINING_HELPER_SHA256 = ""2b2c9c1b75ff60bd087b403e43dc77468b31cbd54fb607481cc80ab47182b67a"" || L65: || L66:OUTPUT_DIR = ROOT / ""outputs"" / ""S01_C_source_only_frozen_seeds_evaluation_v1"" || L67: || L68:IMAGE_SIZE = 352 ### L69:SEEDS = (20260817, 20260818, 20260819) || L70: || L71:CHECKPOINTS = { || L72:20260817: { || L73:""path"": ROOT / ""outputs"" / ""S01_B_pranet_source_only_seed20260817_v1"" / ""checkpoints"" / ""best_source_val_dice.pt"", ### L71:CHECKPOINTS = { || L72:20260817: { || L73:""path"": ROOT / ""outputs"" / ""S01_B_pranet_source_only_seed20260817_v1"" / ""checkpoints"" / ""best_source_val_dice.pt"", || L74:""sha256"": ""ef623c0f1207bab02377ec17932db43fe2fd1843dca858cc79ef87ead29b975a"", || L75:""source_val_dice"": 0.895586,"
NeoPolyp,release/SafeTTA_clean_test_v102/experiments/source_training/S05_B_train_deeplabv3_resnet50_source_only_frozen_seeds_v1_fix2.py,82,"L3: || L4:r"""""" || L5:S05-B: Train second-backbone DeepLabV3-ResNet50 source-only models. || L6: || L7:Safety: ### L6: || L7:Safety: || L8:- opens source_train/source_val only; || L9:- never opens seen_sanity/unseen_locked; || L10:- checkpoint selection uses source_val mean Dice only; ### L8:- opens source_train/source_val only; || L9:- never opens seen_sanity/unseen_locked; || L10:- checkpoint selection uses source_val mean Dice only; || L11:- three seeds are frozen in advance. || L12: ### L76: || L77:EXPECTED_ROLE_COUNTS = { || L78:""source_train"": 1305, || L79:""source_val"": 145, || L80:""seen_sanity"": 162, ### L77:EXPECTED_ROLE_COUNTS = { || L78:""source_train"": 1305, || L79:""source_val"": 145, || L80:""seen_sanity"": 162, || L81:""unseen_locked"": 636, ### L175: || L176: || L177:def resolve_source_rows(rows: List[dict], role: str) -> List[dict]: || L178:if role not in {""source_train"", ""source_val""}: || L179:raise RuntimeError( ### L176: || L177:def resolve_source_rows(rows: List[dict], role: str) -> List[dict]: || L178:if role not in {""source_train"", ""source_val""}: || L179:raise RuntimeError( || L180:f""Safety stop: S05-B may only open source_train/source_val; got {role}"" ### L178:if role not in {""source_train"", ""source_val""}: || L179:raise RuntimeError( || L180:f""Safety stop: S05-B may only open source_train/source_val; got {role}"" || L181:) || L182:selected = [r for r in rows if r[""s01_role""] == role]"
SUNSEG,release/SafeTTA_clean_test_v102/experiments/sunseg/Q1_R14B4B_sunseg_selected_rgb_contamination_audit_fix3.py,4,"L641:""physical_case_id"": src[""physical_case_id""], || L642:""clip_id"": src[""clip_id""], || L643:""source_split_label"": src[""source_split_label""], || L644:""frame_member"": name, || L645:""file_sha256"": sha256_bytes(blob), ### L915:""physical_case_id"": s[""physical_case_id""], || L916:""clip_id"": s[""clip_id""], || L917:""source_split_label"": s[""source_split_label""], || L918:""frame_member"": s[""frame_member""], || L919:""width"": s[""width""], ### L1237:""physical_case_id"", || L1238:""clip_id"", || L1239:""source_split_label"", || L1240:""frame_member"", || L1241:""width"", ### L1472:}, || L1473:""next_stage"": ( || L1474:""R14C_SUNSEG_SOURCE_TENT1_PL_PREDICTION_LOCK_PRE_GT"" || L1475:if final_locked || L1476:else ""RESOLVE_R14B4B_FIX3_REVIEW_BEFORE_ANY_INFERENCE"""
SUNSEG,release/SafeTTA_clean_test_v102/experiments/sunseg/Q1_R14C0_sunseg_preGT_prediction_runtime_lineage_preflight_fix4.py,40,"L13:49-case cohort; || L14:- the final manifest SHA is unchanged from R14B3 (no exclusions); || L15:- the historical SOURCE/TENT1 prediction script is present; || L16:- the historical PL_CONF90 prediction script is present; || L17:- both scripts contain the expected frozen adaptation semantics; ### L16:- the historical PL_CONF90 prediction script is present; || L17:- both scripts contain the expected frozen adaptation semantics; || L18:- exactly 9 source-only checkpoints are discoverable under the known project || L19:output root using family/seed/name constraints; || L20:- checkpoint SHA256 values are printed and frozen for the next prediction stage. ### L18:- exactly 9 source-only checkpoints are discoverable under the known project || L19:output root using family/seed/name constraints; || L20:- checkpoint SHA256 values are printed and frozen for the next prediction stage. || L21: || L22:This stage performs NO: ### L29:- target tuning. || L30: || L31:It exists to prevent guessing model/checkpoint/runtime lineage in R14C1. || L32:"""""" || L33: ### L73: || L74:R05D3_CANDIDATES = ( || L75:""Q1_R05D3_neopolyp_source_a1_prediction_lock_v1_fix1.py"", || L76:""Q1_R05D3_neopolyp_source_a1_prediction_lock_v1.py"", || L77:) ### L74:R05D3_CANDIDATES = ( || L75:""Q1_R05D3_neopolyp_source_a1_prediction_lock_v1_fix1.py"", || L76:""Q1_R05D3_neopolyp_source_a1_prediction_lock_v1.py"", || L77:) || L78: ### L85:""DeepLabV3-R50"": { || L86:""seeds"": (""20260817"", ""20260818"", ""20260819""), || L87:""checkpoint_name"": ""best_source_val_dice.pt"", || L88:""path_tokens"": (""deeplab"",), || L89:}, ### L90:""PraNet"": { || L91:""seeds"": (""20260817"", ""20260818"", ""20260819""), || L92:""checkpoint_name"": ""best_source_val_dice.pt"", || L93:""path_tokens"": (""pranet"",), || L94:},"
SUNSEG,release/SafeTTA_clean_test_v102/experiments/sunseg/Q1_R14C1A_sunseg_prediction_lineage_canonicalization_fix1.py,66,"L17:- 9 model states || L18:- 8,820 model-frame rows || L19:- SOURCE/TENT1/PL predictions locked before GT reveal || L20:- no GT/Dice/HARM/safety-score access || L21: ### L64:OUT = ROOT / ""outputs"" || L65: || L66:SOURCE_DIR = ( || L67:OUT || L68:/ ""Q1_R14C1_sunseg_source_tent1_pl_prediction_lock_preGT_fix2_v1"" ### L66:SOURCE_DIR = ( || L67:OUT || L68:/ ""Q1_R14C1_sunseg_source_tent1_pl_prediction_lock_preGT_fix2_v1"" || L69:) || L70:DEST_DIR = ( ### L70:DEST_DIR = ( || L71:OUT || L72:/ ""Q1_R14C1_sunseg_source_tent1_pl_prediction_lock_preGT_fix3_v1"" || L73:) || L74: ### L73:) || L74: || L75:SOURCE_TOP_LOCK = ( || L76:SOURCE_DIR || L77:/ ""R14C1_SUNSEG_SOURCE_TENT1_PL_PREDICTION_LOCK.json"" ### L74: || L75:SOURCE_TOP_LOCK = ( || L76:SOURCE_DIR || L77:/ ""R14C1_SUNSEG_SOURCE_TENT1_PL_PREDICTION_LOCK.json"" || L78:) ### L75:SOURCE_TOP_LOCK = ( || L76:SOURCE_DIR || L77:/ ""R14C1_SUNSEG_SOURCE_TENT1_PL_PREDICTION_LOCK.json"" || L78:) || L79:SOURCE_GLOBAL_CSV = ( ### L77:/ ""R14C1_SUNSEG_SOURCE_TENT1_PL_PREDICTION_LOCK.json"" || L78:) || L79:SOURCE_GLOBAL_CSV = ( || L80:SOURCE_DIR || L81:/ ""R14C1_SUNSEG_MODEL_FRAME_PREDICTION_MANIFEST.csv"""
SUNSEG,release/SafeTTA_clean_test_v102/experiments/sunseg/Q1_R14C1_sunseg_source_tent1_pl_prediction_lock_preGT_fix2.py,101,"L3: || L4:"""""" || L5:Q1_R14C1_sunseg_source_tent1_pl_prediction_lock_preGT_fix2.py || L6: || L7:Prospective SUN-SEG confirmatory prediction lock BEFORE any GT reveal. ### L10:- 980 RGB frames || L11:- 49 physical caseNN clusters || L12:- 9 frozen source-only model states || L13:- 8,820 model-frame rows || L14: ### L14: || L15:Actions: || L16:- SOURCE || L17:- A1_TENT_1STEP || L18:- A4_PL_CONF90_1STEP ### L19: || L20:Implementation lineage: || L21:- SOURCE + TENT1 execution reuses the authoritative historical R05D3 functions. || L22:- PL execution reuses the authoritative historical R13B Fix2 functions. || L23:- R05D3/R13B case-count globals are changed ONLY from NeoPolyp 1000 to the ### L23:- R05D3/R13B case-count globals are changed ONLY from NeoPolyp 1000 to the || L24:already frozen SUN cohort size 980. Action/model semantics are unchanged. || L25:- R13B receives the SUN SOURCE packed masks produced by R05D3 and enforces its || L26:own exact SOURCE parity before PL adaptation. || L27: ### L24:already frozen SUN cohort size 980. Action/model semantics are unchanged. || L25:- R13B receives the SUN SOURCE packed masks produced by R05D3 and enforces its || L26:own exact SOURCE parity before PL adaptation. || L27: || L28:Strict pre-GT boundary: ### L96: || L97:R05D3_SCRIPT = ( || L98:CODE / ""Q1_R05D3_neopolyp_source_a1_prediction_lock_v1_fix1.py"" || L99:) || L100:R13B_SCRIPT = ( ### L105:) || L106:R03_SCRIPT = ( || L107:CODE / ""Q1_R03_nine_state_heterogeneous_source_utility_asset_v1_fix2.py"" || L108:) || L109:"
SUNSEG,release/SafeTTA_clean_test_v102/experiments/sunseg/Q1_R14C2B_sunseg_frozen_safety_score_lock_preGT_fix1.py,61,"L16:Per SUN model-frame row: || L17:1) RGB -> frozen facebook/dinov2-base, direct bicubic 224x224; || L18:2) read PRE-ADAPTATION SOURCE mask only; || L19:3) SOURCE 352x352 -> exact 22x22 block occupancy -> 16x16; || L20:4) foreground-weighted patch mean 768-D; ### L17:1) RGB -> frozen facebook/dinov2-base, direct bicubic 224x224; || L18:2) read PRE-ADAPTATION SOURCE mask only; || L19:3) SOURCE 352x352 -> exact 22x22 block occupancy -> 16x16; || L20:4) foreground-weighted patch mean 768-D; || L21:5) background-weighted patch mean 768-D; ### L73:R14C1_DIR = ( || L74:OUT || L75:/ ""Q1_R14C1_sunseg_source_tent1_pl_prediction_lock_preGT_fix3_v1"" || L76:) || L77:R14C1_LOCK = ( ### L77:R14C1_LOCK = ( || L78:R14C1_DIR || L79:/ ""R14C1_SUNSEG_SOURCE_TENT1_PL_PREDICTION_LOCK.json"" || L80:) || L81:R14C1_GLOBAL = ( ### L91:) || L92:EXPECTED_R14C1_DECISION = ( || L93:""SUNSEG_SOURCE_TENT1_PL_PREDICTIONS_LOCKED_BEFORE_GT_REVEAL"" || L94:) || L95:EXPECTED_R14C1_CANONICAL_DECISION = ( ### L94:) || L95:EXPECTED_R14C1_CANONICAL_DECISION = ( || L96:""SUNSEG_SOURCE_TENT1_PL_PREDICTIONS_CANONICALIZED_BEFORE_GT_REVEAL"" || L97:) || L98:EXPECTED_FINAL_MANIFEST_SHA = ( ### L129:R10J1_SCRIPT = ( || L130:CODE || L131:/ ""Q1_R10J1_source_mask_morphology_feature_builder_fix1.py"" || L132:) || L133: ### L140: || L141:# Completed prior external deployment lock is used to cryptographically || L142:# recover the authoritative R10J1 source-code SHA used by R10L3B. || L143:POLYPGEN_R10L3B_LOCK = ( || L144:OUT"
SUNSEG,release/SafeTTA_clean_test_v102/experiments/sunseg/Q1_R14C3B_sunseg_gt_reveal_dual_action_frozen_score_evaluation_fix1.py,44,"L6: || L7:FIRST SUN-SEG GT pixel reveal after: || L8:- R14C1 SOURCE/TENT1/PL prediction lock; || L9:- R14C2B frozen pre-GT safety-score lock; || L10:- R14C3A outcome-semantics lineage preflight. ### L12:Primary scientific question || L13:--------------------------- || L14:Does the already-frozen SOURCE-conditioned safety score rank actual adaptation || L15:harm under BOTH: || L16:A1_TENT_1STEP ### L19: || L20:Frozen outcome rule (historical R05D4/R13C/R10L3C): || L21:delta_dice = adapted_dice - source_dice || L22:HARM     if delta_dice <= -0.02 || L23:BENEFIT  if delta_dice >= +0.02 ### L82:R14C1_DIR = ( || L83:OUT || L84:/ ""Q1_R14C1_sunseg_source_tent1_pl_prediction_lock_preGT_fix3_v1"" || L85:) || L86:R14C1_LOCK = ( ### L86:R14C1_LOCK = ( || L87:R14C1_DIR || L88:/ ""R14C1_SUNSEG_SOURCE_TENT1_PL_PREDICTION_LOCK.json"" || L89:) || L90:R14C1_GLOBAL = ( ### L440:raise RuntimeError(""R05D4 zero-one Dice changed."") || L441: || L442:print(""delta = adapted_dice - source_dice"") || L443:print(""HARM: delta <= -0.02"") || L444:print(""BENEFIT: delta >= +0.02"") ### L459:""cluster_id"", || L460:""clip_id"", || L461:""source_split_label"", || L462:""frame_member"", || L463:""gt_member"", ### L609:""cluster_id"", || L610:""clip_id"", || L611:""source_split_label"", || L612:""model_family"", || L613:""model_state_id"","
Prostate158,release/SafeTTA_clean_test_v102/experiments/tta_actions/Q1X_CM4A_source_oof_tent1_outcome_asset_lock_fix4.py,115,"L3: || L4:"""""" || L5:Q1X_CM4A_source_oof_tent1_outcome_asset_lock_fix4.py || L6: || L7:SafeTTA Q1 enhancement — CM4A. ### L10:------- || L11:Use the frozen CM3 patient-separated OOF prostate segmentation models to || L12:construct the SOURCE-only counterfactual outcome asset: || L13: || L14:SOURCE vs A1_TENT_1STEP ### L12:construct the SOURCE-only counterfactual outcome asset: || L13: || L14:SOURCE vs A1_TENT_1STEP || L15: || L16:for every Prostate158 axial slice and every frozen model family. ### L17: || L18:This stage: || L19:- uses SOURCE GT (allowed); || L20:- uses the frozen CM3 OOF mask as the SOURCE baseline; || L21:- requires the CM4A Fix3 exact batch-8 replay audit to have PASSed with ### L18:This stage: || L19:- uses SOURCE GT (allowed); || L20:- uses the frozen CM3 OOF mask as the SOURCE baseline; || L21:- requires the CM4A Fix3 exact batch-8 replay audit to have PASSed with || L22:zero binary mismatches across all 15 family/fold combinations; ### L35:- episodic reset = YES || L36:- normalization-affine parameters only || L37:- source prediction from untouched checkpoint in eval mode || L38: || L39:Architecture-compatible normalization: ### L40:- UNet: BatchNorm2d affine || L41:- DeepLabV3-R50: ordinary BatchNorm2d affine; ASPP pooled singleton-unsafe || L42:BN stays eval with source running statistics; Dropout stays eval || L43:- SegFormer-B0: LayerNorm + compatible BatchNorm2d affine; Dropout stays eval || L44: ### L69: || L70:VERSION = ""2026-09-05-Q1X-CM4A-v1-fix4"" || L71:BUILD = ""Q1X_CM4A_SOURCE_OOF_TENT1_OUTCOME_ASSET_LOCK_FIX4"" || L72: || L73:ROOT = Path(r""F:\MEDSEG_SAFETTA"")"
NeoPolyp,release/SafeTTA_clean_test_v102/experiments/tta_actions/Q1_R13B_full_neopolyp_pl_conf90_prediction_lock_fix2.py,67,"L10:Critical correction relative to R13B Fix1: || L11:- restore trainable adaptation parameters AND all mutable model buffers || L12:before every SOURCE teacher forward; || L13:- restore both again before the adaptation forward; || L14:- restore both after the final same-case post-update prediction. ### L62:) || L63: || L64:R05D3_SCRIPT = CODE/""Q1_R05D3_neopolyp_source_a1_prediction_lock_v1_fix1.py"" || L65:EXPECTED_R05D3_SHA = ""df22d6f3054257743d1f12d9e757323ea9f4a052b7642eb4ab610da46ff21251"" || L66:R05D3_OUT = OUT/""Q1_R05D3_neopolyp_source_a1_prediction_lock_v1_fix1"" ### L64:R05D3_SCRIPT = CODE/""Q1_R05D3_neopolyp_source_a1_prediction_lock_v1_fix1.py"" || L65:EXPECTED_R05D3_SHA = ""df22d6f3054257743d1f12d9e757323ea9f4a052b7642eb4ab610da46ff21251"" || L66:R05D3_OUT = OUT/""Q1_R05D3_neopolyp_source_a1_prediction_lock_v1_fix1"" || L67: || L68:R12D_LOCK = ( ### L81:STATE_FIELDS = [ || L82:""row_index"",""sample_id"",""image_path"",""image_raw_sha256"", || L83:""model_family"",""model_state_id"",""training_seed"",""checkpoint_sha256"", || L84:""source_foreground_pixels"",""pl_foreground_pixels"", || L85:""source_pl_changed_pixels"",""confident_pixels"",""total_pixels"", ### L82:""row_index"",""sample_id"",""image_path"",""image_raw_sha256"", || L83:""model_family"",""model_state_id"",""training_seed"",""checkpoint_sha256"", || L84:""source_foreground_pixels"",""pl_foreground_pixels"", || L85:""source_pl_changed_pixels"",""confident_pixels"",""total_pixels"", || L86:""confident_fraction"",""pl_loss"",""parameter_max_abs_delta"", ### L83:""model_family"",""model_state_id"",""training_seed"",""checkpoint_sha256"", || L84:""source_foreground_pixels"",""pl_foreground_pixels"", || L85:""source_pl_changed_pixels"",""confident_pixels"",""total_pixels"", || L86:""confident_fraction"",""pl_loss"",""parameter_max_abs_delta"", || L87:""buffer_max_abs_delta_after_adaptation"",""updated"", ### L165:if int(sem.get(""steps"",-1)) != 1: || L166:raise RuntimeError(""R13A steps mismatch"") || L167:if not bool(sem.get(""episodic_source_reset"",False)): || L168:raise RuntimeError(""R13A episodic reset mismatch"") || L169:comps=sem.get(""episodic_reset_components"",[]) ### L202: || L203: || L204:def load_source_pack(r13a, r05, state): || L205:arr=r13a.source_pack(r05,state) || L206:if arr.shape!=(CASES,PACKED_BYTES):"
SUNSEG,release/SafeTTA_clean_test_v102/experiments/tta_actions/Q1_R14C1_sunseg_source_tent1_pl_prediction_lock_preGT_fix2.py,101,"L3: || L4:"""""" || L5:Q1_R14C1_sunseg_source_tent1_pl_prediction_lock_preGT_fix2.py || L6: || L7:Prospective SUN-SEG confirmatory prediction lock BEFORE any GT reveal. ### L10:- 980 RGB frames || L11:- 49 physical caseNN clusters || L12:- 9 frozen source-only model states || L13:- 8,820 model-frame rows || L14: ### L14: || L15:Actions: || L16:- SOURCE || L17:- A1_TENT_1STEP || L18:- A4_PL_CONF90_1STEP ### L19: || L20:Implementation lineage: || L21:- SOURCE + TENT1 execution reuses the authoritative historical R05D3 functions. || L22:- PL execution reuses the authoritative historical R13B Fix2 functions. || L23:- R05D3/R13B case-count globals are changed ONLY from NeoPolyp 1000 to the ### L23:- R05D3/R13B case-count globals are changed ONLY from NeoPolyp 1000 to the || L24:already frozen SUN cohort size 980. Action/model semantics are unchanged. || L25:- R13B receives the SUN SOURCE packed masks produced by R05D3 and enforces its || L26:own exact SOURCE parity before PL adaptation. || L27: ### L24:already frozen SUN cohort size 980. Action/model semantics are unchanged. || L25:- R13B receives the SUN SOURCE packed masks produced by R05D3 and enforces its || L26:own exact SOURCE parity before PL adaptation. || L27: || L28:Strict pre-GT boundary: ### L96: || L97:R05D3_SCRIPT = ( || L98:CODE / ""Q1_R05D3_neopolyp_source_a1_prediction_lock_v1_fix1.py"" || L99:) || L100:R13B_SCRIPT = ( ### L105:) || L106:R03_SCRIPT = ( || L107:CODE / ""Q1_R03_nine_state_heterogeneous_source_utility_asset_v1_fix2.py"" || L108:) || L109:"
Prostate158,release/SafeTTA_clean_test_v102/method_core/mri/Q1X_CM4B_mri_source_prediction_conditioned_safety_grouped_oof_fix1.py,75,"L3: || L4:"""""" || L5:Q1X_CM4B_mri_source_prediction_conditioned_safety_grouped_oof_fix1.py || L6: || L7:SafeTTA Q1 enhancement — CM4B. ### L9:Purpose || L10:------- || L11:Confirm on the new prostate-MRI SOURCE task whether the frozen || L12:prediction-conditioned semantic safety representation can rank TENT1 HARM || L13:before adaptation. ### L13:before adaptation. || L14: || L15:This stage is SOURCE only: || L16:- Prostate158 images + frozen CM3 SOURCE OOF masks; || L17:- CM4A SOURCE TENT1 outcome labels; ### L14: || L15:This stage is SOURCE only: || L16:- Prostate158 images + frozen CM3 SOURCE OOF masks; || L17:- CM4A SOURCE TENT1 outcome labels; || L18:- frozen DINOv2-base image encoder; ### L15:This stage is SOURCE only: || L16:- Prostate158 images + frozen CM3 SOURCE OOF masks; || L17:- CM4A SOURCE TENT1 outcome labels; || L18:- frozen DINOv2-base image encoder; || L19:- patient-grouped 5-fold OOF safety evaluation. ### L22:No target calibration. || L23:No operating-point threshold selection. || L24:No final all-source safety head fitting. || L25: || L26:Primary representation ### L28:Frozen cross-task framework: || L29:DINOv2-base patch tokens (224x224, 16x16 patches) || L30:+ SOURCE-prediction conditioning: || L31:352x352 SOURCE mask -> 16x16 occupancy using exact 22x22 blocks || L32:foreground weighted token mean (768) ### L29:DINOv2-base patch tokens (224x224, 16x16 patches) || L30:+ SOURCE-prediction conditioning: || L31:352x352 SOURCE mask -> 16x16 occupancy using exact 22x22 blocks || L32:foreground weighted token mean (768) || L33:background weighted token mean (768)"
Prostate158,release/SafeTTA_clean_test_v102/method_core/mri/Q1X_CM4C_final_source_safety_estimator_and_threshold_lock_fix2.py,81,"L3: || L4:"""""" || L5:Q1X_CM4C_final_source_safety_estimator_and_threshold_lock_fix1.py || L6: || L7:SafeTTA Q1 enhancement — CM4C. ### L9:Purpose || L10:------- || L11:Freeze the final MRI SOURCE safety estimator and the SOURCE operating point || L12:before any PROMISE12 safety inference/evaluation. || L13: ### L12:before any PROMISE12 safety inference/evaluation. || L13: || L14:Inputs are SOURCE only: || L15:- CM4B prediction-conditioned DINO+M2 feature asset; || L16:- CM4B patient-grouped OOF Final scores; ### L15:- CM4B prediction-conditioned DINO+M2 feature asset; || L16:- CM4B patient-grouped OOF Final scores; || L17:- CM4A SOURCE TENT1 HARM labels. || L18: || L19:This stage: ### L18: || L19:This stage: || L20:1) derives the frozen SOURCE operating point from cross-fitted OOF Final scores; || L21:2) fits the final all-SOURCE prediction-conditioned safety estimator; || L22:3) serializes all source-only preprocessing/classifier components; ### L19:This stage: || L20:1) derives the frozen SOURCE operating point from cross-fitted OOF Final scores; || L21:2) fits the final all-SOURCE prediction-conditioned safety estimator; || L22:3) serializes all source-only preprocessing/classifier components; || L23:4) locks the DINOv2 identity and score semantics for future target scoring. ### L20:1) derives the frozen SOURCE operating point from cross-fitted OOF Final scores; || L21:2) fits the final all-SOURCE prediction-conditioned safety estimator; || L22:3) serializes all source-only preprocessing/classifier components; || L23:4) locks the DINOv2 identity and score semantics for future target scoring. || L24: ### L41: || L42:VERSION = ""2026-09-05-Q1X-CM4C-v1-fix2"" || L43:BUILD = ""Q1X_CM4C_FINAL_SOURCE_SAFETY_ESTIMATOR_AND_THRESHOLD_LOCK_FIX2"" || L44: || L45:ROOT = Path(r""F:\MEDSEG_SAFETTA"")"
Prostate158,release/SafeTTA_clean_test_v102/method_core/mri/Q1X_CM4D_final_all_source_segmentation_models_lock_fix2.py,93,"L3: || L4:"""""" || L5:Q1X_CM4D_final_all_source_segmentation_models_lock_fix1.py || L6: || L7:SafeTTA Q1 enhancement — CM4D. ### L9:Purpose || L10:------- || L11:Train exactly one final all-SOURCE prostate segmentation model per frozen || L12:family before any PROMISE12 image is used. || L13: ### L14:CM2B already froze: || L15:- one final model per family; || L16:- all 139 SOURCE patients; || L17:- final duration derived from SOURCE OOF only; || L18:- PROMISE12 cannot be used for epoch/model selection. ### L15:- one final model per family; || L16:- all 139 SOURCE patients; || L17:- final duration derived from SOURCE OOF only; || L18:- PROMISE12 cannot be used for epoch/model selection. || L19: ### L26:- SegFormer_B0    [39,34,50,28,48] -> 39 epochs || L27: || L28:No early stopping and no SOURCE validation/model selection are performed in || L29:the all-SOURCE refit. A descriptive all-SOURCE training-set sanity Dice is || L30:computed only after the fixed-duration training is finished and cannot change ### L27: || L28:No early stopping and no SOURCE validation/model selection are performed in || L29:the all-SOURCE refit. A descriptive all-SOURCE training-set sanity Dice is || L30:computed only after the fixed-duration training is finished and cannot change || L31:the model. ### L48: || L49:VERSION = ""2026-09-05-Q1X-CM4D-v1-fix2"" || L50:BUILD = ""Q1X_CM4D_FINAL_ALL_SOURCE_SEGMENTATION_MODELS_LOCK_FIX2"" || L51: || L52:ROOT = Path(r""F:\MEDSEG_SAFETTA"") ### L56:CM3_DIR = ( || L57:OUT || L58:/ ""Q1X_CM3_source_oof_segmentation_training_and_prediction_lock_fix3_v1"" || L59:) || L60:CM3_LOCK = CM3_DIR / ""CM3_SOURCE_OOF_SEGMENTATION_PANEL_LOCK.json"""
PROMISE12,release/SafeTTA_clean_test_v102/method_core/mri/Q1X_CM5A_promise12_gt_free_prediction_tent1_safety_scoring_lock_fix1.py,97,"L12:- PROMISE12 image MHD headers; || L13:- PROMISE12 image RAW payloads; || L14:- frozen SOURCE segmentation models; || L15:- frozen SOURCE safety estimator; || L16:- frozen SOURCE operating point; ### L13:- PROMISE12 image RAW payloads; || L14:- frozen SOURCE segmentation models; || L15:- frozen SOURCE safety estimator; || L16:- frozen SOURCE operating point; || L17:- TENT1; ### L14:- frozen SOURCE segmentation models; || L15:- frozen SOURCE safety estimator; || L16:- frozen SOURCE operating point; || L17:- TENT1; || L18:- frozen DINOv2 representation. ### L31:Full-mode outputs: || L32:1) image-only target preprocessing cache (all 50 patients / all 1377 slices); || L33:2) frozen SOURCE predictions for three final all-SOURCE segmenters; || L34:3) episodic one-slice A1_TENT_1STEP predictions; || L35:4) prediction-conditioned DINOv2+M2 target representations; ### L34:3) episodic one-slice A1_TENT_1STEP predictions; || L35:4) prediction-conditioned DINOv2+M2 target representations; || L36:5) frozen final SOURCE safety scores; || L37:6) decisions under the frozen SOURCE deployment threshold. || L38: ### L35:4) prediction-conditioned DINOv2+M2 target representations; || L36:5) frozen final SOURCE safety scores; || L37:6) decisions under the frozen SOURCE deployment threshold. || L38: || L39:No target operating-point transport is performed here. CM5B uses the locked ### L91:CM4C_LOCK = ( || L92:OUT || L93:/ ""Q1X_CM4C_final_source_safety_estimator_and_threshold_lock_fix2_v1"" || L94:/ ""CM4C_FINAL_SOURCE_SAFETY_ESTIMATOR_LOCK.json"" || L95:) ### L92:OUT || L93:/ ""Q1X_CM4C_final_source_safety_estimator_and_threshold_lock_fix2_v1"" || L94:/ ""CM4C_FINAL_SOURCE_SAFETY_ESTIMATOR_LOCK.json"" || L95:) || L96:EXPECTED_CM4C_LOCK_SHA = ("
PROMISE12,release/SafeTTA_clean_test_v102/method_core/mri/Q1X_CM5B_unlabeled_support_aware_operating_point_transport_lock_fix2.py,135,"L16:conditional stability in the frozen safety representation z: || L17: || L18:P_target(HARM | z, action) ~= P_source(HARM | z, action) || L19: || L20:Unlabeled target data cannot identify arbitrary conditional shift. Therefore ### L19: || L20:Unlabeled target data cannot identify arbitrary conditional shift. Therefore || L21:CM5B explicitly audits overlap/support and abstains if the weighted SOURCE HARM || L22:support is inadequate. || L23: ### L24:Primary transport || L25:----------------- || L26:1) Transform SOURCE and target raw CondDINO+M2 features through the already || L27:frozen final SOURCE safety preprocessing into z = PCA64+M2 standardized space. || L28:2) Estimate p_target(z)/p_source(z) with patient-cross-fitted logistic domain ### L25:----------------- || L26:1) Transform SOURCE and target raw CondDINO+M2 features through the already || L27:frozen final SOURCE safety preprocessing into z = PCA64+M2 standardized space. || L28:2) Estimate p_target(z)/p_source(z) with patient-cross-fitted logistic domain || L29:classifiers, separately for each model family. ### L26:1) Transform SOURCE and target raw CondDINO+M2 features through the already || L27:frozen final SOURCE safety preprocessing into z = PCA64+M2 standardized space. || L28:2) Estimate p_target(z)/p_source(z) with patient-cross-fitted logistic domain || L29:classifiers, separately for each model family. || L30:3) Stabilize source density-ratio weights by mean normalization within family ### L28:2) Estimate p_target(z)/p_source(z) with patient-cross-fitted logistic domain || L29:classifiers, separately for each model family. || L30:3) Stabilize source density-ratio weights by mean normalization within family || L31:and a preregistered maximum normalized weight of 10. || L32:4) On patient-grouped cross-fitted SOURCE safety scores (score_Final), use ### L30:3) Stabilize source density-ratio weights by mean normalization within family || L31:and a preregistered maximum normalized weight of 10. || L32:4) On patient-grouped cross-fitted SOURCE safety scores (score_Final), use || L33:source HARM labels + density-ratio weights to estimate target-weighted HARM || L34:recall. ### L31:and a preregistered maximum normalized weight of 10. || L32:4) On patient-grouped cross-fitted SOURCE safety scores (score_Final), use || L33:source HARM labels + density-ratio weights to estimate target-weighted HARM || L34:recall. || L35:5) Use a patient-cluster bootstrap to choose a conservative OOF-space threshold:"
PROMISE12,release/SafeTTA_clean_test_v102/method_core/mri/Q1X_CM6_promise12_gt_reveal_locked_policy_evaluation_fix1.py,37,"L10: || L11:It evaluates only policies that were already locked before GT: || L12:1) fixed SOURCE deployment threshold; || L13:2) naive unlabeled target-quantile baseline; || L14:3) support-aware transport -- here prospectively locked as ABSTAIN; ### L22: || L23:HARM remains exactly: || L24:DeltaDice = TENT1 slice Dice - SOURCE slice Dice || L25:HARM iff DeltaDice <= -0.02 || L26: ### L632:""beneficial"", || L633:""delta_dice"", || L634:""source_dice"", || L635:""tent1_dice"", || L636:} ### L645:for family in FAMILIES: || L646:side = pred_sidecars[family] || L647:src_path = Path(side[""source_masks""]) || L648:tent_path = Path(side[""tent1_masks""]) || L649: ### L648:tent_path = Path(side[""tent1_masks""]) || L649: || L650:if sha256_file(src_path) != side[""source_masks_sha256""]: || L651:raise RuntimeError( || L652:f""{family} SOURCE target-mask SHA mismatch."" ### L650:if sha256_file(src_path) != side[""source_masks_sha256""]: || L651:raise RuntimeError( || L652:f""{family} SOURCE target-mask SHA mismatch."" || L653:) || L654:if sha256_file(tent_path) != side[""tent1_masks_sha256""]: ### L662:if src.shape != (N_SLICES, PACKED_BYTES): || L663:raise RuntimeError( || L664:f""{family} SOURCE packed-mask shape changed."" || L665:) || L666:if tent.shape != (N_SLICES, PACKED_BYTES): ### L670: || L671:masks[family] = { || L672:""source"": src, || L673:""tent"": tent, || L674:}"
PROMISE12,release/SafeTTA_clean_test_v102/method_core/mri/Q1X_CM7A_promise12_external_ranking_baseline_audit_fix2.py,132,"L34:Baselines || L35:--------- || L36:1) SOURCE_ENTROPY || L37:Mean pixelwise Bernoulli entropy from frozen SOURCE eval logits. || L38: ### L35:--------- || L36:1) SOURCE_ENTROPY || L37:Mean pixelwise Bernoulli entropy from frozen SOURCE eval logits. || L38: || L39:2) SOURCE_LOW_CONFIDENCE ### L37:Mean pixelwise Bernoulli entropy from frozen SOURCE eval logits. || L38: || L39:2) SOURCE_LOW_CONFIDENCE || L40:Mean [1 - max(p,1-p)] from frozen SOURCE eval logits. || L41: ### L38: || L39:2) SOURCE_LOW_CONFIDENCE || L40:Mean [1 - max(p,1-p)] from frozen SOURCE eval logits. || L41: || L42:3) M2 ### L41: || L42:3) M2 || L43:source_fg_fraction + source_boundary_density. || L44:SOURCE-only median imputer + StandardScaler + balanced LR. || L45: ### L42:3) M2 || L43:source_fg_fraction + source_boundary_density. || L44:SOURCE-only median imputer + StandardScaler + balanced LR. || L45: || L46:4) DINO_CLS ### L46:4) DINO_CLS || L47:frozen DINOv2-base [CLS] 768. || L48:SOURCE-only median imputer + randomized whiten PCA64 + || L49:StandardScaler + balanced LR. || L50: ### L51:5) CondDINO || L52:frozen prediction-conditioned FG768+BG768. || L53:SOURCE-only median imputer + randomized whiten PCA64 + || L54:StandardScaler + balanced LR. || L55:"
PROMISE12,release/SafeTTA_clean_test_v102/method_core/mri/Q1X_CM7B_promise12_matched_coverage_utility_audit_fix1.py,23,"L20:Primary comparisons || L21:------------------- || L22:Frozen SafeTTA fixed-SOURCE gate || L23:vs || L24:Random adaptation at exactly the same number of adapted slices PER FAMILY. ### L25: || L26:Metrics: || L27:- prevented HARM fraction (= HARM recall of retain-SOURCE gate); || L28:- mean patient-level 3D deployed Dice; || L29:- mean slice deployed Dice. ### L170:""risk_score"", || L171:""harmful"", || L172:""source_dice"", || L173:""tent1_dice"", || L174:""source_tp"", ### L172:""source_dice"", || L173:""tent1_dice"", || L174:""source_tp"", || L175:""source_fp"", || L176:""source_fn"", ### L173:""tent1_dice"", || L174:""source_tp"", || L175:""source_fp"", || L176:""source_fn"", || L177:""tent_tp"", ### L174:""source_tp"", || L175:""source_fp"", || L176:""source_fn"", || L177:""tent_tp"", || L178:""tent_fp"", ### L225:adapt = np.asarray(adapt_mask, dtype=bool) || L226: || L227:source_tp = df[""source_tp""].to_numpy(dtype=np.float64) || L228:source_fp = df[""source_fp""].to_numpy(dtype=np.float64) || L229:source_fn = df[""source_fn""].to_numpy(dtype=np.float64) ### L226: || L227:source_tp = df[""source_tp""].to_numpy(dtype=np.float64) || L228:source_fp = df[""source_fp""].to_numpy(dtype=np.float64) || L229:source_fn = df[""source_fn""].to_numpy(dtype=np.float64) || L230:"
Prostate158,release/SafeTTA_clean_test_v102/method_core/tta_actions/Q1X_CM4A_source_oof_tent1_outcome_asset_lock_fix4.py,115,"L3: || L4:"""""" || L5:Q1X_CM4A_source_oof_tent1_outcome_asset_lock_fix4.py || L6: || L7:SafeTTA Q1 enhancement — CM4A. ### L10:------- || L11:Use the frozen CM3 patient-separated OOF prostate segmentation models to || L12:construct the SOURCE-only counterfactual outcome asset: || L13: || L14:SOURCE vs A1_TENT_1STEP ### L12:construct the SOURCE-only counterfactual outcome asset: || L13: || L14:SOURCE vs A1_TENT_1STEP || L15: || L16:for every Prostate158 axial slice and every frozen model family. ### L17: || L18:This stage: || L19:- uses SOURCE GT (allowed); || L20:- uses the frozen CM3 OOF mask as the SOURCE baseline; || L21:- requires the CM4A Fix3 exact batch-8 replay audit to have PASSed with ### L18:This stage: || L19:- uses SOURCE GT (allowed); || L20:- uses the frozen CM3 OOF mask as the SOURCE baseline; || L21:- requires the CM4A Fix3 exact batch-8 replay audit to have PASSed with || L22:zero binary mismatches across all 15 family/fold combinations; ### L35:- episodic reset = YES || L36:- normalization-affine parameters only || L37:- source prediction from untouched checkpoint in eval mode || L38: || L39:Architecture-compatible normalization: ### L40:- UNet: BatchNorm2d affine || L41:- DeepLabV3-R50: ordinary BatchNorm2d affine; ASPP pooled singleton-unsafe || L42:BN stays eval with source running statistics; Dropout stays eval || L43:- SegFormer-B0: LayerNorm + compatible BatchNorm2d affine; Dropout stays eval || L44: ### L69: || L70:VERSION = ""2026-09-05-Q1X-CM4A-v1-fix4"" || L71:BUILD = ""Q1X_CM4A_SOURCE_OOF_TENT1_OUTCOME_ASSET_LOCK_FIX4"" || L72: || L73:ROOT = Path(r""F:\MEDSEG_SAFETTA"")"
NeoPolyp,release/SafeTTA_clean_test_v102/method_core/tta_actions/Q1_R13B_full_neopolyp_pl_conf90_prediction_lock_fix2.py,67,"L10:Critical correction relative to R13B Fix1: || L11:- restore trainable adaptation parameters AND all mutable model buffers || L12:before every SOURCE teacher forward; || L13:- restore both again before the adaptation forward; || L14:- restore both after the final same-case post-update prediction. ### L62:) || L63: || L64:R05D3_SCRIPT = CODE/""Q1_R05D3_neopolyp_source_a1_prediction_lock_v1_fix1.py"" || L65:EXPECTED_R05D3_SHA = ""df22d6f3054257743d1f12d9e757323ea9f4a052b7642eb4ab610da46ff21251"" || L66:R05D3_OUT = OUT/""Q1_R05D3_neopolyp_source_a1_prediction_lock_v1_fix1"" ### L64:R05D3_SCRIPT = CODE/""Q1_R05D3_neopolyp_source_a1_prediction_lock_v1_fix1.py"" || L65:EXPECTED_R05D3_SHA = ""df22d6f3054257743d1f12d9e757323ea9f4a052b7642eb4ab610da46ff21251"" || L66:R05D3_OUT = OUT/""Q1_R05D3_neopolyp_source_a1_prediction_lock_v1_fix1"" || L67: || L68:R12D_LOCK = ( ### L81:STATE_FIELDS = [ || L82:""row_index"",""sample_id"",""image_path"",""image_raw_sha256"", || L83:""model_family"",""model_state_id"",""training_seed"",""checkpoint_sha256"", || L84:""source_foreground_pixels"",""pl_foreground_pixels"", || L85:""source_pl_changed_pixels"",""confident_pixels"",""total_pixels"", ### L82:""row_index"",""sample_id"",""image_path"",""image_raw_sha256"", || L83:""model_family"",""model_state_id"",""training_seed"",""checkpoint_sha256"", || L84:""source_foreground_pixels"",""pl_foreground_pixels"", || L85:""source_pl_changed_pixels"",""confident_pixels"",""total_pixels"", || L86:""confident_fraction"",""pl_loss"",""parameter_max_abs_delta"", ### L83:""model_family"",""model_state_id"",""training_seed"",""checkpoint_sha256"", || L84:""source_foreground_pixels"",""pl_foreground_pixels"", || L85:""source_pl_changed_pixels"",""confident_pixels"",""total_pixels"", || L86:""confident_fraction"",""pl_loss"",""parameter_max_abs_delta"", || L87:""buffer_max_abs_delta_after_adaptation"",""updated"", ### L165:if int(sem.get(""steps"",-1)) != 1: || L166:raise RuntimeError(""R13A steps mismatch"") || L167:if not bool(sem.get(""episodic_source_reset"",False)): || L168:raise RuntimeError(""R13A episodic reset mismatch"") || L169:comps=sem.get(""episodic_reset_components"",[]) ### L202: || L203: || L204:def load_source_pack(r13a, r05, state): || L205:arr=r13a.source_pack(r05,state) || L206:if arr.shape!=(CASES,PACKED_BYTES):"
SUNSEG,release/SafeTTA_clean_test_v102/method_core/tta_actions/Q1_R14C1_sunseg_source_tent1_pl_prediction_lock_preGT_fix2.py,101,"L3: || L4:"""""" || L5:Q1_R14C1_sunseg_source_tent1_pl_prediction_lock_preGT_fix2.py || L6: || L7:Prospective SUN-SEG confirmatory prediction lock BEFORE any GT reveal. ### L10:- 980 RGB frames || L11:- 49 physical caseNN clusters || L12:- 9 frozen source-only model states || L13:- 8,820 model-frame rows || L14: ### L14: || L15:Actions: || L16:- SOURCE || L17:- A1_TENT_1STEP || L18:- A4_PL_CONF90_1STEP ### L19: || L20:Implementation lineage: || L21:- SOURCE + TENT1 execution reuses the authoritative historical R05D3 functions. || L22:- PL execution reuses the authoritative historical R13B Fix2 functions. || L23:- R05D3/R13B case-count globals are changed ONLY from NeoPolyp 1000 to the ### L23:- R05D3/R13B case-count globals are changed ONLY from NeoPolyp 1000 to the || L24:already frozen SUN cohort size 980. Action/model semantics are unchanged. || L25:- R13B receives the SUN SOURCE packed masks produced by R05D3 and enforces its || L26:own exact SOURCE parity before PL adaptation. || L27: ### L24:already frozen SUN cohort size 980. Action/model semantics are unchanged. || L25:- R13B receives the SUN SOURCE packed masks produced by R05D3 and enforces its || L26:own exact SOURCE parity before PL adaptation. || L27: || L28:Strict pre-GT boundary: ### L96: || L97:R05D3_SCRIPT = ( || L98:CODE / ""Q1_R05D3_neopolyp_source_a1_prediction_lock_v1_fix1.py"" || L99:) || L100:R13B_SCRIPT = ( ### L105:) || L106:R03_SCRIPT = ( || L107:CODE / ""Q1_R03_nine_state_heterogeneous_source_utility_asset_v1_fix2.py"" || L108:) || L109:"
