path,datasets,signal_hit_count,examples
code/Q1X_CM1_prostate_mri_schema_and_source_label_audit_fix1.py,,41,"L3: || L4:"""""" || L5:Q1X_CM1_prostate_mri_schema_and_source_label_audit_fix1.py || L6: || L7:Cross-modality Q1 enhancement experiment: CM1 archive extraction, schema audit, ### L6: || L7:Cross-modality Q1 enhancement experiment: CM1 archive extraction, schema audit, || L8:and SOURCE-label encoding audit. || L9: || L10:Scientific role: ### L11:- preserve the exact CM0 dataset lock; || L12:- safely extract official archives to a new branch-local staging area; || L13:- decode Prostate158 SOURCE annotations only; || L14:- inventory/validate PROMISE12 image/reference pairing WITHOUT decoding || L15:PROMISE12 reference-mask voxel values; ### L14:- inventory/validate PROMISE12 image/reference pairing WITHOUT decoding || L15:PROMISE12 reference-mask voxel values; || L16:- freeze the exact source whole-gland mapping only if supported by the || L17:Prostate158 annotation values actually observed. || L18: ### L36: || L37:VERSION = ""2026-09-04-Q1X-CM1-v1-fix1"" || L38:BUILD = ""Q1X_CM1_PROSTATE_MRI_SCHEMA_AND_SOURCE_LABEL_AUDIT_FIX1"" || L39: || L40:ROOT = Path(r""F:\MEDSEG_SAFETTA\cross_modality_prostate_mri"") ### L39: || L40:ROOT = Path(r""F:\MEDSEG_SAFETTA\cross_modality_prostate_mri"") || L41:OUT = Path(r""F:\MEDSEG_SAFETTA\outputs"") || L42: || L43:CM0_DIR = OUT / ""Q1X_CM0_prostate_mri_data_acquisition_integrity_audit_fix1_v1"" ### L61:P12_EXTRACT = EXTRACT_ROOT / ""PROMISE12"" || L62: || L63:DEFAULT_OUTPUT = OUT / ""Q1X_CM1_prostate_mri_schema_and_source_label_audit_fix1_v1"" || L64: || L65:DECISION_PASS = ( ### L64: || L65:DECISION_PASS = ( || L66:""SOURCE_SCHEMA_AND_LABEL_ENCODING_LOCKED_READY_FOR_CM2_PREPROCESSING_PROTOCOL"" || L67:) || L68:"
code/Q1X_CM1_prostate_mri_schema_and_source_label_audit_fix2.py,,33,"L3: || L4:"""""" || L5:Q1X_CM1_prostate_mri_schema_and_source_label_audit_fix2.py || L6: || L7:CM1 Fix2: preserve all CM0 and Prostate158 checks, but replace the overly ### L47: || L48:VERSION = ""2026-09-04-Q1X-CM1-v1-fix2"" || L49:BUILD = ""Q1X_CM1_PROSTATE_MRI_SCHEMA_AND_SOURCE_LABEL_AUDIT_FIX2"" || L50: || L51:ROOT = Path(r""F:\MEDSEG_SAFETTA\cross_modality_prostate_mri"") ### L50: || L51:ROOT = Path(r""F:\MEDSEG_SAFETTA\cross_modality_prostate_mri"") || L52:OUT = Path(r""F:\MEDSEG_SAFETTA\outputs"") || L53: || L54:CM0_DIR = OUT / ""Q1X_CM0_prostate_mri_data_acquisition_integrity_audit_fix1_v1"" ### L72:P12_EXTRACT = EXTRACT_ROOT / ""PROMISE12"" || L73: || L74:DEFAULT_OUTPUT = OUT / ""Q1X_CM1_prostate_mri_schema_and_source_label_audit_fix2_v1"" || L75: || L76:DECISION_PASS = ( ### L75: || L76:DECISION_PASS = ( || L77:""SOURCE_SCHEMA_AND_LABEL_ENCODING_LOCKED_READY_FOR_CM2_PREPROCESSING_PROTOCOL"" || L78:) || L79: ### L146:except Exception as e: || L147:raise RuntimeError( || L148:""nibabel is required for the Prostate158 SOURCE NIfTI schema audit."" || L149:) from e || L150:return nib ### L191: || L192: || L193:def audit_prostate158_source(nib): || L194:print(""\n===== PROSTATE158 SOURCE SCHEMA AUDIT ====="") || L195:files = all_files(P158_EXTRACT) ### L192: || L193:def audit_prostate158_source(nib): || L194:print(""\n===== PROSTATE158 SOURCE SCHEMA AUDIT ====="") || L195:files = all_files(P158_EXTRACT) || L196:classes = defaultdict(list)"
code/Q1X_CM1_prostate_mri_schema_and_source_label_audit_fix3.py,,33,"L3: || L4:"""""" || L5:Q1X_CM1_prostate_mri_schema_and_source_label_audit_fix2.py || L6: || L7:CM1 Fix2: preserve all CM0 and Prostate158 checks, but replace the overly ### L49: || L50:VERSION = ""2026-09-04-Q1X-CM1-v1-fix3"" || L51:BUILD = ""Q1X_CM1_PROSTATE_MRI_SCHEMA_AND_SOURCE_LABEL_AUDIT_FIX3"" || L52: || L53:ROOT = Path(r""F:\MEDSEG_SAFETTA\cross_modality_prostate_mri"") ### L52: || L53:ROOT = Path(r""F:\MEDSEG_SAFETTA\cross_modality_prostate_mri"") || L54:OUT = Path(r""F:\MEDSEG_SAFETTA\outputs"") || L55: || L56:CM0_DIR = OUT / ""Q1X_CM0_prostate_mri_data_acquisition_integrity_audit_fix1_v1"" ### L74:P12_EXTRACT = EXTRACT_ROOT / ""PROMISE12"" || L75: || L76:DEFAULT_OUTPUT = OUT / ""Q1X_CM1_prostate_mri_schema_and_source_label_audit_fix3_v1"" || L77: || L78:DECISION_PASS = ( ### L77: || L78:DECISION_PASS = ( || L79:""SOURCE_SCHEMA_AND_LABEL_ENCODING_LOCKED_READY_FOR_CM2_PREPROCESSING_PROTOCOL"" || L80:) || L81: ### L149:except Exception as e: || L150:raise RuntimeError( || L151:""nibabel is required for the Prostate158 SOURCE NIfTI schema audit."" || L152:) from e || L153:return nib ### L194: || L195: || L196:def audit_prostate158_source(nib): || L197:print(""\n===== PROSTATE158 SOURCE SCHEMA AUDIT ====="") || L198:files = all_files(P158_EXTRACT) ### L195: || L196:def audit_prostate158_source(nib): || L197:print(""\n===== PROSTATE158 SOURCE SCHEMA AUDIT ====="") || L198:files = all_files(P158_EXTRACT) || L199:classes = defaultdict(list)"
code/Q1X_CM2A_prostate158_official_manifest_t2_resolver_and_slice_preflight_fix2.py,Prostate158,51,"L14:- t2_anatomy_reader1 || L15: || L16:Fix2 therefore resolves the SOURCE image/label pair from those official CSV || L17:manifests, then verifies file existence and exact image/label geometry. || L18: ### L37: || L38:ROOT = Path(r""F:\MEDSEG_SAFETTA\cross_modality_prostate_mri"") || L39:OUT = Path(r""F:\MEDSEG_SAFETTA\outputs"") || L40: || L41:CM1_DIR = OUT / ""Q1X_CM1_prostate_mri_schema_and_source_label_audit_fix3_v1"" ### L39:OUT = Path(r""F:\MEDSEG_SAFETTA\outputs"") || L40: || L41:CM1_DIR = OUT / ""Q1X_CM1_prostate_mri_schema_and_source_label_audit_fix3_v1"" || L42:CM1_LOCK = CM1_DIR / ""CM1_PROSTATE_MRI_SCHEMA_LOCK.json"" || L43:EXPECTED_CM1_LOCK_SHA = ( ### L48:P12_ROOT = ROOT / ""data"" / ""extracted"" / ""PROMISE12"" || L49: || L50:DEFAULT_OUTPUT = ( || L51:OUT || L52:/ ""Q1X_CM2A_prostate158_official_manifest_t2_resolver_and_slice_preflight_fix2_v1"" ### L54: || L55:DECISION_PASS = ( || L56:""SOURCE_T2_SERIES_AND_SLICE_SAMPLE_UNIT_LOCKED_READY_FOR_CM2B_PREPROCESSING_LOCK"" || L57:) || L58: ### L152: || L153: || L154:def load_official_source_manifest(): || L155:print(""\n===== PROSTATE158 OFFICIAL CSV MANIFEST RESOLUTION ====="") || L156: ### L228:dup = out[out[""case_key""].duplicated(keep=False)] || L229:raise RuntimeError( || L230:""Official source manifest case IDs are not unique:\n"" || L231:+ dup.to_string(index=False) || L232:) ### L245: || L246: || L247:def verify_source_geometry_and_slices(nib, manifest: pd.DataFrame): || L248:print(""\n===== PROSTATE158 OFFICIAL IMAGE/LABEL GEOMETRY AUDIT ====="") || L249:"
code/Q1X_CM2A_prostate158_official_manifest_t2_resolver_and_slice_preflight_fix3.py,Prostate158,50,"L14:- t2_anatomy_reader1 || L15: || L16:Fix2 therefore resolves the SOURCE image/label pair from those official CSV || L17:manifests, then verifies file existence and exact image/label geometry. || L18: ### L37: || L38:ROOT = Path(r""F:\MEDSEG_SAFETTA\cross_modality_prostate_mri"") || L39:OUT = Path(r""F:\MEDSEG_SAFETTA\outputs"") || L40: || L41:CM1_DIR = OUT / ""Q1X_CM1_prostate_mri_schema_and_source_label_audit_fix3_v1"" ### L39:OUT = Path(r""F:\MEDSEG_SAFETTA\outputs"") || L40: || L41:CM1_DIR = OUT / ""Q1X_CM1_prostate_mri_schema_and_source_label_audit_fix3_v1"" || L42:CM1_LOCK = CM1_DIR / ""CM1_PROSTATE_MRI_SCHEMA_LOCK.json"" || L43:EXPECTED_CM1_LOCK_SHA = ( ### L48:P12_ROOT = ROOT / ""data"" / ""extracted"" / ""PROMISE12"" || L49: || L50:DEFAULT_OUTPUT = ( || L51:OUT || L52:/ ""Q1X_CM2A_prostate158_official_manifest_t2_resolver_and_slice_preflight_fix3_v1"" ### L54: || L55:DECISION_PASS = ( || L56:""SOURCE_T2_SERIES_AND_SLICE_SAMPLE_UNIT_LOCKED_READY_FOR_CM2B_PREPROCESSING_LOCK"" || L57:) || L58: ### L152: || L153: || L154:def load_official_source_manifest(): || L155:print(""\n===== PROSTATE158 OFFICIAL CSV MANIFEST RESOLUTION ====="") || L156: ### L232:dup = out[out[""case_key""].duplicated(keep=False)] || L233:raise RuntimeError( || L234:""Official source manifest case IDs are not unique:\n"" || L235:+ dup.to_string(index=False) || L236:) ### L249: || L250: || L251:def verify_source_geometry_and_slices(nib, manifest: pd.DataFrame): || L252:print(""\n===== PROSTATE158 OFFICIAL IMAGE/LABEL GEOMETRY AUDIT ====="") || L253:"
code/Q1X_CM2A_prostate158_t2_geometry_resolver_and_slice_preflight_fix1.py,Prostate158,52,"L10:------- || L11:1) Gate the exact CM1 Fix3 lock. || L12:2) Resolve the exact Prostate158 SOURCE T2 volume for each of 139 cases using || L13:SOURCE annotation geometry only. || L14:3) Do NOT use filename heuristics to break ties. ### L11:1) Gate the exact CM1 Fix3 lock. || L12:2) Resolve the exact Prostate158 SOURCE T2 volume for each of 139 cases using || L13:SOURCE annotation geometry only. || L14:3) Do NOT use filename heuristics to break ties. || L15:4) Audit SOURCE slice counts / positive-slice distribution. ### L13:SOURCE annotation geometry only. || L14:3) Do NOT use filename heuristics to break ties. || L15:4) Audit SOURCE slice counts / positive-slice distribution. || L16:5) Build a PROMISE12 image-only axial-slice manifest from image MHD headers || L17:without opening reference-mask RAW payloads. ### L40: || L41:ROOT = Path(r""F:\MEDSEG_SAFETTA\cross_modality_prostate_mri"") || L42:OUT = Path(r""F:\MEDSEG_SAFETTA\outputs"") || L43: || L44:CM1_DIR = OUT / ""Q1X_CM1_prostate_mri_schema_and_source_label_audit_fix3_v1"" ### L42:OUT = Path(r""F:\MEDSEG_SAFETTA\outputs"") || L43: || L44:CM1_DIR = OUT / ""Q1X_CM1_prostate_mri_schema_and_source_label_audit_fix3_v1"" || L45:CM1_LOCK = CM1_DIR / ""CM1_PROSTATE_MRI_SCHEMA_LOCK.json"" || L46:EXPECTED_CM1_LOCK_SHA = ( ### L51:P12_ROOT = ROOT / ""data"" / ""extracted"" / ""PROMISE12"" || L52: || L53:DEFAULT_OUTPUT = ( || L54:OUT || L55:/ ""Q1X_CM2A_prostate158_t2_geometry_resolver_and_slice_preflight_fix1_v1"" ### L57: || L58:DECISION_PASS = ( || L59:""SOURCE_T2_SERIES_AND_SLICE_SAMPLE_UNIT_LOCKED_READY_FOR_CM2B_PREPROCESSING_LOCK"" || L60:) || L61: ### L135: || L136: || L137:def resolve_source_t2(nib): || L138:print(""\n===== PROSTATE158 EXACT T2 GEOMETRY RESOLUTION ====="") || L139:"
code/Q1X_CM3_source_oof_segmentation_training_and_prediction_lock_fix1.py,Prostate158,92,"L3: || L4:"""""" || L5:Q1X_CM3_source_oof_segmentation_training_and_prediction_lock_fix1.py || L6: || L7:SafeTTA Q1 enhancement — CM3. ### L9:Scientific role || L10:--------------- || L11:Train the frozen three-family SOURCE segmentation panel under the exact CM2B || L12:protocol and generate patient-separated 5-fold out-of-fold (OOF) SOURCE || L13:predictions for Prostate158. ### L10:--------------- || L11:Train the frozen three-family SOURCE segmentation panel under the exact CM2B || L12:protocol and generate patient-separated 5-fold out-of-fold (OOF) SOURCE || L13:predictions for Prostate158. || L14: ### L20:This script: || L21:1) verifies the exact CM2B lock and all child artifacts; || L22:2) builds a SOURCE-only preprocessed memmap cache; || L23:3) runs a batch-size-8 forward/backward preflight for all three families; || L24:4) trains 5 patient-level folds per family; ### L23:3) runs a batch-size-8 forward/backward preflight for all three families; || L24:4) trains 5 patient-level folds per family; || L25:5) selects checkpoints by mean patient-level 3D whole-gland Dice; || L26:6) writes OOF probabilities and binary SOURCE masks for every SOURCE slice; || L27:7) writes fold/model metrics and a lineage lock. ### L24:4) trains 5 patient-level folds per family; || L25:5) selects checkpoints by mean patient-level 3D whole-gland Dice; || L26:6) writes OOF probabilities and binary SOURCE masks for every SOURCE slice; || L27:7) writes fold/model metrics and a lineage lock. || L28: ### L32:- fit the SafeTTA safety model; || L33:- tune on PROMISE12; || L34:- train final all-source external models. || L35: || L36:Resume behavior ### L36:Resume behavior || L37:--------------- || L38:The stage is resumable. Each fold writes a last-state checkpoint containing || L39:optimizer/scaler/RNG state. Existing completed folds are reused only after || L40:their completion metadata and best checkpoint are found."
code/Q1X_CM3_source_oof_segmentation_training_and_prediction_lock_fix2.py,Prostate158,93,"L3: || L4:"""""" || L5:Q1X_CM3_source_oof_segmentation_training_and_prediction_lock_fix1.py || L6: || L7:SafeTTA Q1 enhancement — CM3. ### L9:Scientific role || L10:--------------- || L11:Train the frozen three-family SOURCE segmentation panel under the exact CM2B || L12:protocol and generate patient-separated 5-fold out-of-fold (OOF) SOURCE || L13:predictions for Prostate158. ### L10:--------------- || L11:Train the frozen three-family SOURCE segmentation panel under the exact CM2B || L12:protocol and generate patient-separated 5-fold out-of-fold (OOF) SOURCE || L13:predictions for Prostate158. || L14: ### L20:This script: || L21:1) verifies the exact CM2B lock and all child artifacts; || L22:2) builds a SOURCE-only preprocessed memmap cache; || L23:3) runs a batch-size-8 forward/backward preflight for all three families; || L24:4) trains 5 patient-level folds per family; ### L23:3) runs a batch-size-8 forward/backward preflight for all three families; || L24:4) trains 5 patient-level folds per family; || L25:5) selects checkpoints by mean patient-level 3D whole-gland Dice; || L26:6) writes OOF probabilities and binary SOURCE masks for every SOURCE slice; || L27:7) writes fold/model metrics and a lineage lock. ### L24:4) trains 5 patient-level folds per family; || L25:5) selects checkpoints by mean patient-level 3D whole-gland Dice; || L26:6) writes OOF probabilities and binary SOURCE masks for every SOURCE slice; || L27:7) writes fold/model metrics and a lineage lock. || L28: ### L32:- fit the SafeTTA safety model; || L33:- tune on PROMISE12; || L34:- train final all-source external models. || L35: || L36:Resume behavior ### L36:Resume behavior || L37:--------------- || L38:The stage is resumable. Each fold writes a last-state checkpoint containing || L39:optimizer/scaler/RNG state. Existing completed folds are reused only after || L40:their completion metadata and best checkpoint are found."
code/Q1X_CM3_source_oof_segmentation_training_and_prediction_lock_fix3.py,Prostate158,116,"L3: || L4:"""""" || L5:Q1X_CM3_source_oof_segmentation_training_and_prediction_lock_fix1.py || L6: || L7:SafeTTA Q1 enhancement — CM3. ### L9:Scientific role || L10:--------------- || L11:Train the frozen three-family SOURCE segmentation panel under the exact CM2B || L12:protocol and generate patient-separated 5-fold out-of-fold (OOF) SOURCE || L13:predictions for Prostate158. ### L10:--------------- || L11:Train the frozen three-family SOURCE segmentation panel under the exact CM2B || L12:protocol and generate patient-separated 5-fold out-of-fold (OOF) SOURCE || L13:predictions for Prostate158. || L14: ### L20:This script: || L21:1) verifies the exact CM2B lock and all child artifacts; || L22:2) builds a SOURCE-only preprocessed memmap cache; || L23:3) runs a batch-size-8 forward/backward preflight for all three families; || L24:4) trains 5 patient-level folds per family; ### L23:3) runs a batch-size-8 forward/backward preflight for all three families; || L24:4) trains 5 patient-level folds per family; || L25:5) selects checkpoints by mean patient-level 3D whole-gland Dice; || L26:6) writes OOF probabilities and binary SOURCE masks for every SOURCE slice; || L27:7) writes fold/model metrics and a lineage lock. ### L24:4) trains 5 patient-level folds per family; || L25:5) selects checkpoints by mean patient-level 3D whole-gland Dice; || L26:6) writes OOF probabilities and binary SOURCE masks for every SOURCE slice; || L27:7) writes fold/model metrics and a lineage lock. || L28: ### L32:- fit the SafeTTA safety model; || L33:- tune on PROMISE12; || L34:- train final all-source external models. || L35: || L36:Resume behavior ### L36:Resume behavior || L37:--------------- || L38:The stage is resumable. Each fold writes a last-state checkpoint containing || L39:optimizer/scaler/RNG state. Existing completed folds are reused only after || L40:their completion metadata and best checkpoint are found."
code/Q1X_CM4A_source_oof_exact_batch_replay_audit_fix3.py,Prostate158,25,"L3: || L4:"""""" || L5:Q1X_CM4A_source_oof_exact_batch_replay_audit_fix3.py || L6: || L7:Read-only CM4A replay audit. ### L42: || L43:ROOT = Path(r""F:\MEDSEG_SAFETTA"") || L44:OUT = ROOT / ""outputs"" || L45:CODE = ROOT / ""code"" || L46: ### L47:CM3_DIR = ( || L48:OUT || L49:/ ""Q1X_CM3_source_oof_segmentation_training_and_prediction_lock_fix3_v1"" || L50:) || L51:CM3_LOCK = CM3_DIR / ""CM3_SOURCE_OOF_SEGMENTATION_PANEL_LOCK.json"" ### L49:/ ""Q1X_CM3_source_oof_segmentation_training_and_prediction_lock_fix3_v1"" || L50:) || L51:CM3_LOCK = CM3_DIR / ""CM3_SOURCE_OOF_SEGMENTATION_PANEL_LOCK.json"" || L52:EXPECTED_CM3_LOCK_SHA = ( || L53:""4cfbe8f108f53e014973111d96244c666bfabd13eb022675fa31a34edaae7cec"" ### L56:CM3_HELPER = ( || L57:CODE || L58:/ ""Q1X_CM3_source_oof_segmentation_training_and_prediction_lock_fix3.py"" || L59:) || L60:EXPECTED_CM3_HELPER_SHA = ( ### L62:) || L63: || L64:DEFAULT_OUTPUT = ( || L65:OUT || L66:/ ""Q1X_CM4A_source_oof_exact_batch_replay_audit_fix3_v1"" ### L64:DEFAULT_OUTPUT = ( || L65:OUT || L66:/ ""Q1X_CM4A_source_oof_exact_batch_replay_audit_fix3_v1"" || L67:) || L68: ### L161: || L162:def main(): || L163:print(""===== Q1X CM4A FIX3 EXACT-BATCH SOURCE OOF REPLAY AUDIT ====="") || L164:print(""MODE=READ_ONLY_DIAGNOSTIC"") || L165:print(""REPLAY_BATCH_SIZE=8"")"
code/Q1X_CM4A_source_oof_replay_numerical_boundary_audit_fix2.py,Prostate158,27,"L3: || L4:"""""" || L5:Q1X_CM4A_source_oof_replay_numerical_boundary_audit_fix2.py || L6: || L7:Read-only diagnostic after CM4A Fix1 stopped because exact binary replay of ### L9: || L10:This script does NOT run TENT and does NOT access PROMISE12. || L11:It compares, for every SOURCE slice and family: || L12:1) frozen CM3 OOF float16 probabilities; || L13:2) frozen CM3 OOF uint8 masks; ### L12:1) frozen CM3 OOF float16 probabilities; || L13:2) frozen CM3 OOF uint8 masks; || L14:3) replayed checkpoint probabilities using the same preprocessing/model. || L15: || L16:The goal is to determine whether binary mismatches are only threshold-boundary ### L33: || L34:ROOT = Path(r""F:\MEDSEG_SAFETTA"") || L35:OUT = ROOT / ""outputs"" || L36:CODE = ROOT / ""code"" || L37: ### L38:CM3_DIR = ( || L39:OUT || L40:/ ""Q1X_CM3_source_oof_segmentation_training_and_prediction_lock_fix3_v1"" || L41:) || L42:CM3_LOCK = CM3_DIR / ""CM3_SOURCE_OOF_SEGMENTATION_PANEL_LOCK.json"" ### L40:/ ""Q1X_CM3_source_oof_segmentation_training_and_prediction_lock_fix3_v1"" || L41:) || L42:CM3_LOCK = CM3_DIR / ""CM3_SOURCE_OOF_SEGMENTATION_PANEL_LOCK.json"" || L43:EXPECTED_CM3_LOCK_SHA = ( || L44:""4cfbe8f108f53e014973111d96244c666bfabd13eb022675fa31a34edaae7cec"" ### L47:CM3_HELPER = ( || L48:CODE || L49:/ ""Q1X_CM3_source_oof_segmentation_training_and_prediction_lock_fix3.py"" || L50:) || L51:EXPECTED_CM3_HELPER_SHA = ( ### L53:) || L54: || L55:DEFAULT_OUTPUT = ( || L56:OUT || L57:/ ""Q1X_CM4A_source_oof_replay_numerical_boundary_audit_fix2_v1"""
code/Q1X_CM4A_source_oof_tent1_outcome_asset_lock_fix1.py,Prostate158,151,"L3: || L4:"""""" || L5:Q1X_CM4A_source_oof_tent1_outcome_asset_lock_fix1.py || L6: || L7:SafeTTA Q1 enhancement — CM4A. ### L10:------- || L11:Use the frozen CM3 patient-separated OOF prostate segmentation models to || L12:construct the SOURCE-only counterfactual outcome asset: || L13: || L14:SOURCE vs A1_TENT_1STEP ### L12:construct the SOURCE-only counterfactual outcome asset: || L13: || L14:SOURCE vs A1_TENT_1STEP || L15: || L16:for every Prostate158 axial slice and every frozen model family. ### L17: || L18:This stage: || L19:- uses SOURCE GT (allowed); || L20:- does NOT access PROMISE12; || L21:- does NOT fit the safety predictor; ### L32:- episodic reset = YES || L33:- normalization-affine parameters only || L34:- source prediction from untouched checkpoint in eval mode || L35: || L36:Architecture-compatible normalization: ### L37:- UNet: BatchNorm2d affine || L38:- DeepLabV3-R50: ordinary BatchNorm2d affine; ASPP pooled singleton-unsafe || L39:BN stays eval with source running statistics; Dropout stays eval || L40:- SegFormer-B0: LayerNorm + compatible BatchNorm2d affine; Dropout stays eval || L41: ### L66: || L67:VERSION = ""2026-09-05-Q1X-CM4A-v1-fix1"" || L68:BUILD = ""Q1X_CM4A_SOURCE_OOF_TENT1_OUTCOME_ASSET_LOCK_FIX1"" || L69: || L70:ROOT = Path(r""F:\MEDSEG_SAFETTA"") ### L69: || L70:ROOT = Path(r""F:\MEDSEG_SAFETTA"") || L71:OUT = ROOT / ""outputs"" || L72:CODE = ROOT / ""code"" || L73:"
code/Q1X_CM4A_source_oof_tent1_outcome_asset_lock_fix4 (1).py,Prostate158,136,"L3: || L4:"""""" || L5:Q1X_CM4A_source_oof_tent1_outcome_asset_lock_fix4.py || L6: || L7:SafeTTA Q1 enhancement — CM4A. ### L10:------- || L11:Use the frozen CM3 patient-separated OOF prostate segmentation models to || L12:construct the SOURCE-only counterfactual outcome asset: || L13: || L14:SOURCE vs A1_TENT_1STEP ### L12:construct the SOURCE-only counterfactual outcome asset: || L13: || L14:SOURCE vs A1_TENT_1STEP || L15: || L16:for every Prostate158 axial slice and every frozen model family. ### L17: || L18:This stage: || L19:- uses SOURCE GT (allowed); || L20:- uses the frozen CM3 OOF mask as the SOURCE baseline; || L21:- requires the CM4A Fix3 exact batch-8 replay audit to have PASSed with ### L18:This stage: || L19:- uses SOURCE GT (allowed); || L20:- uses the frozen CM3 OOF mask as the SOURCE baseline; || L21:- requires the CM4A Fix3 exact batch-8 replay audit to have PASSed with || L22:zero binary mismatches across all 15 family/fold combinations; ### L35:- episodic reset = YES || L36:- normalization-affine parameters only || L37:- source prediction from untouched checkpoint in eval mode || L38: || L39:Architecture-compatible normalization: ### L40:- UNet: BatchNorm2d affine || L41:- DeepLabV3-R50: ordinary BatchNorm2d affine; ASPP pooled singleton-unsafe || L42:BN stays eval with source running statistics; Dropout stays eval || L43:- SegFormer-B0: LayerNorm + compatible BatchNorm2d affine; Dropout stays eval || L44: ### L69: || L70:VERSION = ""2026-09-05-Q1X-CM4A-v1-fix4"" || L71:BUILD = ""Q1X_CM4A_SOURCE_OOF_TENT1_OUTCOME_ASSET_LOCK_FIX4"" || L72: || L73:ROOT = Path(r""F:\MEDSEG_SAFETTA"")"
code/Q1X_CM4A_source_oof_tent1_outcome_asset_lock_fix4.py,Prostate158,136,"L3: || L4:"""""" || L5:Q1X_CM4A_source_oof_tent1_outcome_asset_lock_fix4.py || L6: || L7:SafeTTA Q1 enhancement — CM4A. ### L10:------- || L11:Use the frozen CM3 patient-separated OOF prostate segmentation models to || L12:construct the SOURCE-only counterfactual outcome asset: || L13: || L14:SOURCE vs A1_TENT_1STEP ### L12:construct the SOURCE-only counterfactual outcome asset: || L13: || L14:SOURCE vs A1_TENT_1STEP || L15: || L16:for every Prostate158 axial slice and every frozen model family. ### L17: || L18:This stage: || L19:- uses SOURCE GT (allowed); || L20:- uses the frozen CM3 OOF mask as the SOURCE baseline; || L21:- requires the CM4A Fix3 exact batch-8 replay audit to have PASSed with ### L18:This stage: || L19:- uses SOURCE GT (allowed); || L20:- uses the frozen CM3 OOF mask as the SOURCE baseline; || L21:- requires the CM4A Fix3 exact batch-8 replay audit to have PASSed with || L22:zero binary mismatches across all 15 family/fold combinations; ### L35:- episodic reset = YES || L36:- normalization-affine parameters only || L37:- source prediction from untouched checkpoint in eval mode || L38: || L39:Architecture-compatible normalization: ### L40:- UNet: BatchNorm2d affine || L41:- DeepLabV3-R50: ordinary BatchNorm2d affine; ASPP pooled singleton-unsafe || L42:BN stays eval with source running statistics; Dropout stays eval || L43:- SegFormer-B0: LayerNorm + compatible BatchNorm2d affine; Dropout stays eval || L44: ### L69: || L70:VERSION = ""2026-09-05-Q1X-CM4A-v1-fix4"" || L71:BUILD = ""Q1X_CM4A_SOURCE_OOF_TENT1_OUTCOME_ASSET_LOCK_FIX4"" || L72: || L73:ROOT = Path(r""F:\MEDSEG_SAFETTA"")"
code/Q1X_CM4B_mri_source_prediction_conditioned_safety_grouped_oof_fix1.py,Prostate158,82,"L3: || L4:"""""" || L5:Q1X_CM4B_mri_source_prediction_conditioned_safety_grouped_oof_fix1.py || L6: || L7:SafeTTA Q1 enhancement — CM4B. ### L9:Purpose || L10:------- || L11:Confirm on the new prostate-MRI SOURCE task whether the frozen || L12:prediction-conditioned semantic safety representation can rank TENT1 HARM || L13:before adaptation. ### L13:before adaptation. || L14: || L15:This stage is SOURCE only: || L16:- Prostate158 images + frozen CM3 SOURCE OOF masks; || L17:- CM4A SOURCE TENT1 outcome labels; ### L14: || L15:This stage is SOURCE only: || L16:- Prostate158 images + frozen CM3 SOURCE OOF masks; || L17:- CM4A SOURCE TENT1 outcome labels; || L18:- frozen DINOv2-base image encoder; ### L15:This stage is SOURCE only: || L16:- Prostate158 images + frozen CM3 SOURCE OOF masks; || L17:- CM4A SOURCE TENT1 outcome labels; || L18:- frozen DINOv2-base image encoder; || L19:- patient-grouped 5-fold OOF safety evaluation. ### L22:No target calibration. || L23:No operating-point threshold selection. || L24:No final all-source safety head fitting. || L25: || L26:Primary representation ### L28:Frozen cross-task framework: || L29:DINOv2-base patch tokens (224x224, 16x16 patches) || L30:+ SOURCE-prediction conditioning: || L31:352x352 SOURCE mask -> 16x16 occupancy using exact 22x22 blocks || L32:foreground weighted token mean (768) ### L29:DINOv2-base patch tokens (224x224, 16x16 patches) || L30:+ SOURCE-prediction conditioning: || L31:352x352 SOURCE mask -> 16x16 occupancy using exact 22x22 blocks || L32:foreground weighted token mean (768) || L33:background weighted token mean (768)"
code/Q1X_CM4C_final_source_safety_estimator_and_threshold_lock_fix1.py,Prostate158,72,"L3: || L4:"""""" || L5:Q1X_CM4C_final_source_safety_estimator_and_threshold_lock_fix1.py || L6: || L7:SafeTTA Q1 enhancement — CM4C. ### L9:Purpose || L10:------- || L11:Freeze the final MRI SOURCE safety estimator and the SOURCE operating point || L12:before any PROMISE12 safety inference/evaluation. || L13: ### L12:before any PROMISE12 safety inference/evaluation. || L13: || L14:Inputs are SOURCE only: || L15:- CM4B prediction-conditioned DINO+M2 feature asset; || L16:- CM4B patient-grouped OOF Final scores; ### L15:- CM4B prediction-conditioned DINO+M2 feature asset; || L16:- CM4B patient-grouped OOF Final scores; || L17:- CM4A SOURCE TENT1 HARM labels. || L18: || L19:This stage: ### L18: || L19:This stage: || L20:1) derives the frozen SOURCE operating point from cross-fitted OOF Final scores; || L21:2) fits the final all-SOURCE prediction-conditioned safety estimator; || L22:3) serializes all source-only preprocessing/classifier components; ### L19:This stage: || L20:1) derives the frozen SOURCE operating point from cross-fitted OOF Final scores; || L21:2) fits the final all-SOURCE prediction-conditioned safety estimator; || L22:3) serializes all source-only preprocessing/classifier components; || L23:4) locks the DINOv2 identity and score semantics for future target scoring. ### L20:1) derives the frozen SOURCE operating point from cross-fitted OOF Final scores; || L21:2) fits the final all-SOURCE prediction-conditioned safety estimator; || L22:3) serializes all source-only preprocessing/classifier components; || L23:4) locks the DINOv2 identity and score semantics for future target scoring. || L24: ### L41: || L42:VERSION = ""2026-09-05-Q1X-CM4C-v1-fix1"" || L43:BUILD = ""Q1X_CM4C_FINAL_SOURCE_SAFETY_ESTIMATOR_AND_THRESHOLD_LOCK_FIX1"" || L44: || L45:ROOT = Path(r""F:\MEDSEG_SAFETTA"")"
code/Q1X_CM4C_final_source_safety_estimator_and_threshold_lock_fix2.py,Prostate158,87,"L3: || L4:"""""" || L5:Q1X_CM4C_final_source_safety_estimator_and_threshold_lock_fix1.py || L6: || L7:SafeTTA Q1 enhancement — CM4C. ### L9:Purpose || L10:------- || L11:Freeze the final MRI SOURCE safety estimator and the SOURCE operating point || L12:before any PROMISE12 safety inference/evaluation. || L13: ### L12:before any PROMISE12 safety inference/evaluation. || L13: || L14:Inputs are SOURCE only: || L15:- CM4B prediction-conditioned DINO+M2 feature asset; || L16:- CM4B patient-grouped OOF Final scores; ### L15:- CM4B prediction-conditioned DINO+M2 feature asset; || L16:- CM4B patient-grouped OOF Final scores; || L17:- CM4A SOURCE TENT1 HARM labels. || L18: || L19:This stage: ### L18: || L19:This stage: || L20:1) derives the frozen SOURCE operating point from cross-fitted OOF Final scores; || L21:2) fits the final all-SOURCE prediction-conditioned safety estimator; || L22:3) serializes all source-only preprocessing/classifier components; ### L19:This stage: || L20:1) derives the frozen SOURCE operating point from cross-fitted OOF Final scores; || L21:2) fits the final all-SOURCE prediction-conditioned safety estimator; || L22:3) serializes all source-only preprocessing/classifier components; || L23:4) locks the DINOv2 identity and score semantics for future target scoring. ### L20:1) derives the frozen SOURCE operating point from cross-fitted OOF Final scores; || L21:2) fits the final all-SOURCE prediction-conditioned safety estimator; || L22:3) serializes all source-only preprocessing/classifier components; || L23:4) locks the DINOv2 identity and score semantics for future target scoring. || L24: ### L41: || L42:VERSION = ""2026-09-05-Q1X-CM4C-v1-fix2"" || L43:BUILD = ""Q1X_CM4C_FINAL_SOURCE_SAFETY_ESTIMATOR_AND_THRESHOLD_LOCK_FIX2"" || L44: || L45:ROOT = Path(r""F:\MEDSEG_SAFETTA"")"
code/Q1X_CM4D_final_all_source_segmentation_models_lock_fix1.py,Prostate158,92,"L3: || L4:"""""" || L5:Q1X_CM4D_final_all_source_segmentation_models_lock_fix1.py || L6: || L7:SafeTTA Q1 enhancement — CM4D. ### L9:Purpose || L10:------- || L11:Train exactly one final all-SOURCE prostate segmentation model per frozen || L12:family before any PROMISE12 image is used. || L13: ### L14:CM2B already froze: || L15:- one final model per family; || L16:- all 139 SOURCE patients; || L17:- final duration derived from SOURCE OOF only; || L18:- PROMISE12 cannot be used for epoch/model selection. ### L15:- one final model per family; || L16:- all 139 SOURCE patients; || L17:- final duration derived from SOURCE OOF only; || L18:- PROMISE12 cannot be used for epoch/model selection. || L19: ### L26:- SegFormer_B0    [39,34,50,28,48] -> 39 epochs || L27: || L28:No early stopping and no SOURCE validation/model selection are performed in || L29:the all-SOURCE refit. A descriptive all-SOURCE training-set sanity Dice is || L30:computed only after the fixed-duration training is finished and cannot change ### L27: || L28:No early stopping and no SOURCE validation/model selection are performed in || L29:the all-SOURCE refit. A descriptive all-SOURCE training-set sanity Dice is || L30:computed only after the fixed-duration training is finished and cannot change || L31:the model. ### L48: || L49:VERSION = ""2026-09-05-Q1X-CM4D-v1-fix1"" || L50:BUILD = ""Q1X_CM4D_FINAL_ALL_SOURCE_SEGMENTATION_MODELS_LOCK_FIX1"" || L51: || L52:ROOT = Path(r""F:\MEDSEG_SAFETTA"") ### L51: || L52:ROOT = Path(r""F:\MEDSEG_SAFETTA"") || L53:OUT = ROOT / ""outputs"" || L54:CODE = ROOT / ""code"" || L55:"
code/Q1X_CM4D_final_all_source_segmentation_models_lock_fix2.py,Prostate158,106,"L3: || L4:"""""" || L5:Q1X_CM4D_final_all_source_segmentation_models_lock_fix1.py || L6: || L7:SafeTTA Q1 enhancement — CM4D. ### L9:Purpose || L10:------- || L11:Train exactly one final all-SOURCE prostate segmentation model per frozen || L12:family before any PROMISE12 image is used. || L13: ### L14:CM2B already froze: || L15:- one final model per family; || L16:- all 139 SOURCE patients; || L17:- final duration derived from SOURCE OOF only; || L18:- PROMISE12 cannot be used for epoch/model selection. ### L15:- one final model per family; || L16:- all 139 SOURCE patients; || L17:- final duration derived from SOURCE OOF only; || L18:- PROMISE12 cannot be used for epoch/model selection. || L19: ### L26:- SegFormer_B0    [39,34,50,28,48] -> 39 epochs || L27: || L28:No early stopping and no SOURCE validation/model selection are performed in || L29:the all-SOURCE refit. A descriptive all-SOURCE training-set sanity Dice is || L30:computed only after the fixed-duration training is finished and cannot change ### L27: || L28:No early stopping and no SOURCE validation/model selection are performed in || L29:the all-SOURCE refit. A descriptive all-SOURCE training-set sanity Dice is || L30:computed only after the fixed-duration training is finished and cannot change || L31:the model. ### L48: || L49:VERSION = ""2026-09-05-Q1X-CM4D-v1-fix2"" || L50:BUILD = ""Q1X_CM4D_FINAL_ALL_SOURCE_SEGMENTATION_MODELS_LOCK_FIX2"" || L51: || L52:ROOT = Path(r""F:\MEDSEG_SAFETTA"") ### L51: || L52:ROOT = Path(r""F:\MEDSEG_SAFETTA"") || L53:OUT = ROOT / ""outputs"" || L54:CODE = ROOT / ""code"" || L55:"
code/Q1X_CM5A_promise12_gt_free_prediction_tent1_safety_scoring_lock_fix1.py,PROMISE12,113,"L12:- PROMISE12 image MHD headers; || L13:- PROMISE12 image RAW payloads; || L14:- frozen SOURCE segmentation models; || L15:- frozen SOURCE safety estimator; || L16:- frozen SOURCE operating point; ### L13:- PROMISE12 image RAW payloads; || L14:- frozen SOURCE segmentation models; || L15:- frozen SOURCE safety estimator; || L16:- frozen SOURCE operating point; || L17:- TENT1; ### L14:- frozen SOURCE segmentation models; || L15:- frozen SOURCE safety estimator; || L16:- frozen SOURCE operating point; || L17:- TENT1; || L18:- frozen DINOv2 representation. ### L29:Segmentation members are never opened. || L30: || L31:Full-mode outputs: || L32:1) image-only target preprocessing cache (all 50 patients / all 1377 slices); || L33:2) frozen SOURCE predictions for three final all-SOURCE segmenters; ### L31:Full-mode outputs: || L32:1) image-only target preprocessing cache (all 50 patients / all 1377 slices); || L33:2) frozen SOURCE predictions for three final all-SOURCE segmenters; || L34:3) episodic one-slice A1_TENT_1STEP predictions; || L35:4) prediction-conditioned DINOv2+M2 target representations; ### L34:3) episodic one-slice A1_TENT_1STEP predictions; || L35:4) prediction-conditioned DINOv2+M2 target representations; || L36:5) frozen final SOURCE safety scores; || L37:6) decisions under the frozen SOURCE deployment threshold. || L38: ### L35:4) prediction-conditioned DINOv2+M2 target representations; || L36:5) frozen final SOURCE safety scores; || L37:6) decisions under the frozen SOURCE deployment threshold. || L38: || L39:No target operating-point transport is performed here. CM5B uses the locked ### L63: || L64:ROOT = Path(r""F:\MEDSEG_SAFETTA"") || L65:OUT = ROOT / ""outputs"" || L66:CODE = ROOT / ""code"" || L67:"
code/Q1X_CM5B_unlabeled_support_aware_operating_point_transport_lock_fix1.py,PROMISE12,132,"L16:conditional stability in the frozen safety representation z: || L17: || L18:P_target(HARM | z, action) ~= P_source(HARM | z, action) || L19: || L20:Unlabeled target data cannot identify arbitrary conditional shift. Therefore ### L19: || L20:Unlabeled target data cannot identify arbitrary conditional shift. Therefore || L21:CM5B explicitly audits overlap/support and abstains if the weighted SOURCE HARM || L22:support is inadequate. || L23: ### L24:Primary transport || L25:----------------- || L26:1) Transform SOURCE and target raw CondDINO+M2 features through the already || L27:frozen final SOURCE safety preprocessing into z = PCA64+M2 standardized space. || L28:2) Estimate p_target(z)/p_source(z) with patient-cross-fitted logistic domain ### L25:----------------- || L26:1) Transform SOURCE and target raw CondDINO+M2 features through the already || L27:frozen final SOURCE safety preprocessing into z = PCA64+M2 standardized space. || L28:2) Estimate p_target(z)/p_source(z) with patient-cross-fitted logistic domain || L29:classifiers, separately for each model family. ### L26:1) Transform SOURCE and target raw CondDINO+M2 features through the already || L27:frozen final SOURCE safety preprocessing into z = PCA64+M2 standardized space. || L28:2) Estimate p_target(z)/p_source(z) with patient-cross-fitted logistic domain || L29:classifiers, separately for each model family. || L30:3) Stabilize source density-ratio weights by mean normalization within family ### L28:2) Estimate p_target(z)/p_source(z) with patient-cross-fitted logistic domain || L29:classifiers, separately for each model family. || L30:3) Stabilize source density-ratio weights by mean normalization within family || L31:and a preregistered maximum normalized weight of 10. || L32:4) On patient-grouped cross-fitted SOURCE safety scores (score_Final), use ### L30:3) Stabilize source density-ratio weights by mean normalization within family || L31:and a preregistered maximum normalized weight of 10. || L32:4) On patient-grouped cross-fitted SOURCE safety scores (score_Final), use || L33:source HARM labels + density-ratio weights to estimate target-weighted HARM || L34:recall. ### L31:and a preregistered maximum normalized weight of 10. || L32:4) On patient-grouped cross-fitted SOURCE safety scores (score_Final), use || L33:source HARM labels + density-ratio weights to estimate target-weighted HARM || L34:recall. || L35:5) Use a patient-cluster bootstrap to choose a conservative OOF-space threshold:"
code/Q1X_CM5B_unlabeled_support_aware_operating_point_transport_lock_fix2.py,PROMISE12,148,"L16:conditional stability in the frozen safety representation z: || L17: || L18:P_target(HARM | z, action) ~= P_source(HARM | z, action) || L19: || L20:Unlabeled target data cannot identify arbitrary conditional shift. Therefore ### L19: || L20:Unlabeled target data cannot identify arbitrary conditional shift. Therefore || L21:CM5B explicitly audits overlap/support and abstains if the weighted SOURCE HARM || L22:support is inadequate. || L23: ### L24:Primary transport || L25:----------------- || L26:1) Transform SOURCE and target raw CondDINO+M2 features through the already || L27:frozen final SOURCE safety preprocessing into z = PCA64+M2 standardized space. || L28:2) Estimate p_target(z)/p_source(z) with patient-cross-fitted logistic domain ### L25:----------------- || L26:1) Transform SOURCE and target raw CondDINO+M2 features through the already || L27:frozen final SOURCE safety preprocessing into z = PCA64+M2 standardized space. || L28:2) Estimate p_target(z)/p_source(z) with patient-cross-fitted logistic domain || L29:classifiers, separately for each model family. ### L26:1) Transform SOURCE and target raw CondDINO+M2 features through the already || L27:frozen final SOURCE safety preprocessing into z = PCA64+M2 standardized space. || L28:2) Estimate p_target(z)/p_source(z) with patient-cross-fitted logistic domain || L29:classifiers, separately for each model family. || L30:3) Stabilize source density-ratio weights by mean normalization within family ### L28:2) Estimate p_target(z)/p_source(z) with patient-cross-fitted logistic domain || L29:classifiers, separately for each model family. || L30:3) Stabilize source density-ratio weights by mean normalization within family || L31:and a preregistered maximum normalized weight of 10. || L32:4) On patient-grouped cross-fitted SOURCE safety scores (score_Final), use ### L30:3) Stabilize source density-ratio weights by mean normalization within family || L31:and a preregistered maximum normalized weight of 10. || L32:4) On patient-grouped cross-fitted SOURCE safety scores (score_Final), use || L33:source HARM labels + density-ratio weights to estimate target-weighted HARM || L34:recall. ### L31:and a preregistered maximum normalized weight of 10. || L32:4) On patient-grouped cross-fitted SOURCE safety scores (score_Final), use || L33:source HARM labels + density-ratio weights to estimate target-weighted HARM || L34:recall. || L35:5) Use a patient-cluster bootstrap to choose a conservative OOF-space threshold:"
code/Q1X_CM6_promise12_gt_reveal_locked_policy_evaluation_fix1.py,PROMISE12,52,"L10: || L11:It evaluates only policies that were already locked before GT: || L12:1) fixed SOURCE deployment threshold; || L13:2) naive unlabeled target-quantile baseline; || L14:3) support-aware transport -- here prospectively locked as ABSTAIN; ### L22: || L23:HARM remains exactly: || L24:DeltaDice = TENT1 slice Dice - SOURCE slice Dice || L25:HARM iff DeltaDice <= -0.02 || L26: ### L49: || L50:ROOT = Path(r""F:\MEDSEG_SAFETTA"") || L51:OUT = ROOT / ""outputs"" || L52:CODE = ROOT / ""code"" || L53: ### L90:) || L91: || L92:DEFAULT_OUTPUT = ( || L93:OUT || L94:/ ""Q1X_CM6_promise12_gt_reveal_locked_policy_evaluation_fix1_v1"" ### L632:""beneficial"", || L633:""delta_dice"", || L634:""source_dice"", || L635:""tent1_dice"", || L636:} ### L645:for family in FAMILIES: || L646:side = pred_sidecars[family] || L647:src_path = Path(side[""source_masks""]) || L648:tent_path = Path(side[""tent1_masks""]) || L649: ### L648:tent_path = Path(side[""tent1_masks""]) || L649: || L650:if sha256_file(src_path) != side[""source_masks_sha256""]: || L651:raise RuntimeError( || L652:f""{family} SOURCE target-mask SHA mismatch."" ### L650:if sha256_file(src_path) != side[""source_masks_sha256""]: || L651:raise RuntimeError( || L652:f""{family} SOURCE target-mask SHA mismatch."" || L653:) || L654:if sha256_file(tent_path) != side[""tent1_masks_sha256""]:"
code/Q1X_CM7A_promise12_external_ranking_baseline_audit_fix1.py,PROMISE12,147,"L34:Baselines || L35:--------- || L36:1) SOURCE_ENTROPY || L37:Mean pixelwise Bernoulli entropy from frozen SOURCE eval logits. || L38: ### L35:--------- || L36:1) SOURCE_ENTROPY || L37:Mean pixelwise Bernoulli entropy from frozen SOURCE eval logits. || L38: || L39:2) SOURCE_LOW_CONFIDENCE ### L37:Mean pixelwise Bernoulli entropy from frozen SOURCE eval logits. || L38: || L39:2) SOURCE_LOW_CONFIDENCE || L40:Mean [1 - max(p,1-p)] from frozen SOURCE eval logits. || L41: ### L38: || L39:2) SOURCE_LOW_CONFIDENCE || L40:Mean [1 - max(p,1-p)] from frozen SOURCE eval logits. || L41: || L42:3) M2 ### L41: || L42:3) M2 || L43:source_fg_fraction + source_boundary_density. || L44:SOURCE-only median imputer + StandardScaler + balanced LR. || L45: ### L42:3) M2 || L43:source_fg_fraction + source_boundary_density. || L44:SOURCE-only median imputer + StandardScaler + balanced LR. || L45: || L46:4) DINO_CLS ### L46:4) DINO_CLS || L47:frozen DINOv2-base [CLS] 768. || L48:SOURCE-only median imputer + randomized whiten PCA64 + || L49:StandardScaler + balanced LR. || L50: ### L51:5) CondDINO || L52:frozen prediction-conditioned FG768+BG768. || L53:SOURCE-only median imputer + randomized whiten PCA64 + || L54:StandardScaler + balanced LR. || L55:"
code/Q1X_CM7A_promise12_external_ranking_baseline_audit_fix2.py,PROMISE12,151,"L34:Baselines || L35:--------- || L36:1) SOURCE_ENTROPY || L37:Mean pixelwise Bernoulli entropy from frozen SOURCE eval logits. || L38: ### L35:--------- || L36:1) SOURCE_ENTROPY || L37:Mean pixelwise Bernoulli entropy from frozen SOURCE eval logits. || L38: || L39:2) SOURCE_LOW_CONFIDENCE ### L37:Mean pixelwise Bernoulli entropy from frozen SOURCE eval logits. || L38: || L39:2) SOURCE_LOW_CONFIDENCE || L40:Mean [1 - max(p,1-p)] from frozen SOURCE eval logits. || L41: ### L38: || L39:2) SOURCE_LOW_CONFIDENCE || L40:Mean [1 - max(p,1-p)] from frozen SOURCE eval logits. || L41: || L42:3) M2 ### L41: || L42:3) M2 || L43:source_fg_fraction + source_boundary_density. || L44:SOURCE-only median imputer + StandardScaler + balanced LR. || L45: ### L42:3) M2 || L43:source_fg_fraction + source_boundary_density. || L44:SOURCE-only median imputer + StandardScaler + balanced LR. || L45: || L46:4) DINO_CLS ### L46:4) DINO_CLS || L47:frozen DINOv2-base [CLS] 768. || L48:SOURCE-only median imputer + randomized whiten PCA64 + || L49:StandardScaler + balanced LR. || L50: ### L51:5) CondDINO || L52:frozen prediction-conditioned FG768+BG768. || L53:SOURCE-only median imputer + randomized whiten PCA64 + || L54:StandardScaler + balanced LR. || L55:"
code/Q1X_CM7B_promise12_matched_coverage_utility_audit_fix1.py,PROMISE12,36,"L20:Primary comparisons || L21:------------------- || L22:Frozen SafeTTA fixed-SOURCE gate || L23:vs || L24:Random adaptation at exactly the same number of adapted slices PER FAMILY. ### L25: || L26:Metrics: || L27:- prevented HARM fraction (= HARM recall of retain-SOURCE gate); || L28:- mean patient-level 3D deployed Dice; || L29:- mean slice deployed Dice. ### L54: || L55:ROOT = Path(r""F:\MEDSEG_SAFETTA"") || L56:OUT = ROOT / ""outputs"" || L57: || L58:CM6_LOCK = ( ### L74:) || L75: || L76:DEFAULT_OUTPUT = ( || L77:OUT || L78:/ ""Q1X_CM7B_promise12_matched_coverage_utility_audit_fix1_v1"" ### L170:""risk_score"", || L171:""harmful"", || L172:""source_dice"", || L173:""tent1_dice"", || L174:""source_tp"", ### L172:""source_dice"", || L173:""tent1_dice"", || L174:""source_tp"", || L175:""source_fp"", || L176:""source_fn"", ### L173:""tent1_dice"", || L174:""source_tp"", || L175:""source_fp"", || L176:""source_fn"", || L177:""tent_tp"", ### L174:""source_tp"", || L175:""source_fp"", || L176:""source_fn"", || L177:""tent_tp"", || L178:""tent_fp"","
code/Q1_R02R_standardized_source_dataset_panel_reset_audit_v1.py,,83,"L3: || L4:"""""" || L5:Q1-R02R — Standardized Source Dataset & Panel Reset Audit || L6: || L7:Filesystem / filename audit only: ### L7:Filesystem / filename audit only: || L8:- NO image decoding || L9:- NO checkpoint loading || L10:- NO training || L11:- NO inference ### L10:- NO training || L11:- NO inference || L12:- NO random source split || L13: || L14:Goal: ### L36: || L37:VERSION = ""2026-08-19-Q1-R02R-v1"" || L38:BUILD = ""Q1_R02R_STANDARDIZED_SOURCE_DATASET_PANEL_RESET_AUDIT"" || L39: || L40:ROOT = Path(r""F:\MEDSEG_SAFETTA"") ### L39: || L40:ROOT = Path(r""F:\MEDSEG_SAFETTA"") || L41:OUTPUT_DIR = ( || L42:ROOT || L43:/ ""outputs"" ### L41:OUTPUT_DIR = ( || L42:ROOT || L43:/ ""outputs"" || L44:/ ""Q1_R02R_standardized_source_dataset_panel_reset_audit_v1"" || L45:) ### L42:ROOT || L43:/ ""outputs"" || L44:/ ""Q1_R02R_standardized_source_dataset_panel_reset_audit_v1"" || L45:) || L46: ### L48:ROOT || L49:/ ""docs"" || L50:/ ""Q1_R02R_standardized_source_dataset_panel_reset_audit_preregistered_protocol_v1.md"" || L51:) || L52:EXPECTED_PROTOCOL_SHA256 = ("
code/Q1_R02_segformer_b0_three_seed_source_training_v1.py,,92,"L3: || L4:"""""" || L5:Q1-R02 — SegFormer-B0 Three-Seed Source Training || L6: || L7:Frozen architecture: ### L11:20260820, 20260821, 20260822 || L12: || L13:This script trains source-only segmentation models. It must not use target || L14:data or utility labels. || L15: ### L41: || L42:VERSION = ""2026-08-19-Q1-R02-v1"" || L43:BUILD = ""Q1_R02_SEGFORMER_B0_THREE_SEED_SOURCE_TRAINING"" || L44: || L45:ROOT = Path(r""F:\MEDSEG_SAFETTA"") ### L44: || L45:ROOT = Path(r""F:\MEDSEG_SAFETTA"") || L46:OUTPUT_DIR = ROOT / ""outputs"" / ""Q1_R02_segformer_b0_three_seed_source_training_v1"" || L47: || L48:PROTOCOL = ( ### L49:ROOT || L50:/ ""docs"" || L51:/ ""Q1_R02_segformer_b0_three_seed_source_training_preregistered_protocol_v1.md"" || L52:) || L53:EXPECTED_PROTOCOL_SHA256 = ( ### L57:Q1_R01C_DIR = ( || L58:ROOT || L59:/ ""outputs"" || L60:/ ""Q1_R01C_third_architecture_selection_training_plan_v1"" || L61:) ### L66:EXPECTED_Q1_R01C_DECISION = ""READY_TO_IMPLEMENT_SEGFORMER_B0_TRAINING"" || L67: || L68:R01C_SOURCE_CANDIDATES = Q1_R01C_DIR / ""source_data_interface_candidates.csv"" || L69:R01C_CODE_CANDIDATES = Q1_R01C_DIR / ""training_code_reference_candidates.csv"" || L70:R01C_SOURCE_PROTOCOL = Q1_R01C_DIR / ""source_protocol_evidence.json"" ### L68:R01C_SOURCE_CANDIDATES = Q1_R01C_DIR / ""source_data_interface_candidates.csv"" || L69:R01C_CODE_CANDIDATES = Q1_R01C_DIR / ""training_code_reference_candidates.csv"" || L70:R01C_SOURCE_PROTOCOL = Q1_R01C_DIR / ""source_protocol_evidence.json"" || L71: || L72:ARCHITECTURE = ""SegFormer-B0"""
code/Q1_R02_segformer_b0_three_seed_source_training_v1_fix1.py,,119,"L3: || L4:"""""" || L5:Q1-R02 — SegFormer-B0 Three-Seed Source Training || L6: || L7:Frozen architecture: ### L11:20260820, 20260821, 20260822 || L12: || L13:This script trains source-only segmentation models. It must not use target || L14:data or utility labels. || L15: ### L41: || L42:VERSION = ""2026-08-19-Q1-R02-v1-fix1"" || L43:BUILD = ""Q1_R02_SEGFORMER_B0_THREE_SEED_SOURCE_TRAINING_SOURCE_RESOLVER_FIX1"" || L44: || L45:ROOT = Path(r""F:\MEDSEG_SAFETTA"") ### L44: || L45:ROOT = Path(r""F:\MEDSEG_SAFETTA"") || L46:OUTPUT_DIR = ROOT / ""outputs"" / ""Q1_R02_segformer_b0_three_seed_source_training_v1"" || L47: || L48:PROTOCOL = ( ### L49:ROOT || L50:/ ""docs"" || L51:/ ""Q1_R02_segformer_b0_three_seed_source_training_preregistered_protocol_v1.md"" || L52:) || L53:EXPECTED_PROTOCOL_SHA256 = ( ### L57:Q1_R01C_DIR = ( || L58:ROOT || L59:/ ""outputs"" || L60:/ ""Q1_R01C_third_architecture_selection_training_plan_v1"" || L61:) ### L66:EXPECTED_Q1_R01C_DECISION = ""READY_TO_IMPLEMENT_SEGFORMER_B0_TRAINING"" || L67: || L68:R01C_SOURCE_CANDIDATES = Q1_R01C_DIR / ""source_data_interface_candidates.csv"" || L69:R01C_CODE_CANDIDATES = Q1_R01C_DIR / ""training_code_reference_candidates.csv"" || L70:R01C_SOURCE_PROTOCOL = Q1_R01C_DIR / ""source_protocol_evidence.json"" ### L68:R01C_SOURCE_CANDIDATES = Q1_R01C_DIR / ""source_data_interface_candidates.csv"" || L69:R01C_CODE_CANDIDATES = Q1_R01C_DIR / ""training_code_reference_candidates.csv"" || L70:R01C_SOURCE_PROTOCOL = Q1_R01C_DIR / ""source_protocol_evidence.json"" || L71: || L72:ARCHITECTURE = ""SegFormer-B0"""
code/Q1_R02_segformer_b0_three_seed_source_training_v1_fix2.py,,153,"L3: || L4:"""""" || L5:Q1-R02 — SegFormer-B0 Three-Seed Source Training || L6: || L7:Frozen architecture: ### L11:20260820, 20260821, 20260822 || L12: || L13:This script trains source-only segmentation models. It must not use target || L14:data or utility labels. || L15: ### L41: || L42:VERSION = ""2026-08-19-Q1-R02-v1-fix2"" || L43:BUILD = ""Q1_R02_SEGFORMER_B0_THREE_SEED_SOURCE_TRAINING_SOURCE_LAYOUT_DIAGNOSTIC_FIX2"" || L44: || L45:ROOT = Path(r""F:\MEDSEG_SAFETTA"") ### L44: || L45:ROOT = Path(r""F:\MEDSEG_SAFETTA"") || L46:OUTPUT_DIR = ROOT / ""outputs"" / ""Q1_R02_segformer_b0_three_seed_source_training_v1"" || L47: || L48:PROTOCOL = ( ### L49:ROOT || L50:/ ""docs"" || L51:/ ""Q1_R02_segformer_b0_three_seed_source_training_preregistered_protocol_v1.md"" || L52:) || L53:EXPECTED_PROTOCOL_SHA256 = ( ### L57:Q1_R01C_DIR = ( || L58:ROOT || L59:/ ""outputs"" || L60:/ ""Q1_R01C_third_architecture_selection_training_plan_v1"" || L61:) ### L66:EXPECTED_Q1_R01C_DECISION = ""READY_TO_IMPLEMENT_SEGFORMER_B0_TRAINING"" || L67: || L68:R01C_SOURCE_CANDIDATES = Q1_R01C_DIR / ""source_data_interface_candidates.csv"" || L69:R01C_CODE_CANDIDATES = Q1_R01C_DIR / ""training_code_reference_candidates.csv"" || L70:R01C_SOURCE_PROTOCOL = Q1_R01C_DIR / ""source_protocol_evidence.json"" ### L68:R01C_SOURCE_CANDIDATES = Q1_R01C_DIR / ""source_data_interface_candidates.csv"" || L69:R01C_CODE_CANDIDATES = Q1_R01C_DIR / ""training_code_reference_candidates.csv"" || L70:R01C_SOURCE_PROTOCOL = Q1_R01C_DIR / ""source_protocol_evidence.json"" || L71: || L72:ARCHITECTURE = ""SegFormer-B0"""
code/Q1_R02_segformer_b0_three_seed_source_training_v1_fix3.py,,212,"L3: || L4:"""""" || L5:Q1-R02 — SegFormer-B0 Three-Seed Source Training || L6: || L7:Frozen architecture: ### L11:20260820, 20260821, 20260822 || L12: || L13:This script trains source-only segmentation models. It must not use target || L14:data or utility labels. || L15: ### L41: || L42:VERSION = ""2026-08-19-Q1-R02-v1-fix3"" || L43:BUILD = ""Q1_R02_SEGFORMER_B0_THREE_SEED_SOURCE_TRAINING_FROZEN_VAL_RECONSTRUCTION_FIX3"" || L44: || L45:ROOT = Path(r""F:\MEDSEG_SAFETTA"") ### L44: || L45:ROOT = Path(r""F:\MEDSEG_SAFETTA"") || L46:OUTPUT_DIR = ROOT / ""outputs"" / ""Q1_R02_segformer_b0_three_seed_source_training_v1"" || L47: || L48:PROTOCOL = ( ### L49:ROOT || L50:/ ""docs"" || L51:/ ""Q1_R02_segformer_b0_three_seed_source_training_preregistered_protocol_v1.md"" || L52:) || L53:EXPECTED_PROTOCOL_SHA256 = ( ### L57:Q1_R01C_DIR = ( || L58:ROOT || L59:/ ""outputs"" || L60:/ ""Q1_R01C_third_architecture_selection_training_plan_v1"" || L61:) ### L66:EXPECTED_Q1_R01C_DECISION = ""READY_TO_IMPLEMENT_SEGFORMER_B0_TRAINING"" || L67: || L68:R01C_SOURCE_CANDIDATES = Q1_R01C_DIR / ""source_data_interface_candidates.csv"" || L69:R01C_CODE_CANDIDATES = Q1_R01C_DIR / ""training_code_reference_candidates.csv"" || L70:R01C_SOURCE_PROTOCOL = Q1_R01C_DIR / ""source_protocol_evidence.json"" ### L68:R01C_SOURCE_CANDIDATES = Q1_R01C_DIR / ""source_data_interface_candidates.csv"" || L69:R01C_CODE_CANDIDATES = Q1_R01C_DIR / ""training_code_reference_candidates.csv"" || L70:R01C_SOURCE_PROTOCOL = Q1_R01C_DIR / ""source_protocol_evidence.json"" || L71: || L72:Q1_S00A_DIR = ("
code/Q1_R02_segformer_b0_three_seed_source_training_v1_fix4.py,,296,"L3: || L4:"""""" || L5:Q1-R02 — SegFormer-B0 Three-Seed Source Training || L6: || L7:Frozen architecture: ### L11:20260820, 20260821, 20260822 || L12: || L13:This script trains source-only segmentation models. It must not use target || L14:data or utility labels. || L15: ### L41: || L42:VERSION = ""2026-08-19-Q1-R02-v1-fix4"" || L43:BUILD = ""Q1_R02_SEGFORMER_B0_THREE_SEED_SOURCE_TRAINING_ORIGINAL_SOURCE_PROVENANCE_AUDIT_FIX4"" || L44: || L45:ROOT = Path(r""F:\MEDSEG_SAFETTA"") ### L44: || L45:ROOT = Path(r""F:\MEDSEG_SAFETTA"") || L46:OUTPUT_DIR = ROOT / ""outputs"" / ""Q1_R02_segformer_b0_three_seed_source_training_v1"" || L47: || L48:PROTOCOL = ( ### L49:ROOT || L50:/ ""docs"" || L51:/ ""Q1_R02_segformer_b0_three_seed_source_training_preregistered_protocol_v1.md"" || L52:) || L53:EXPECTED_PROTOCOL_SHA256 = ( ### L57:Q1_R01C_DIR = ( || L58:ROOT || L59:/ ""outputs"" || L60:/ ""Q1_R01C_third_architecture_selection_training_plan_v1"" || L61:) ### L66:EXPECTED_Q1_R01C_DECISION = ""READY_TO_IMPLEMENT_SEGFORMER_B0_TRAINING"" || L67: || L68:R01C_SOURCE_CANDIDATES = Q1_R01C_DIR / ""source_data_interface_candidates.csv"" || L69:R01C_CODE_CANDIDATES = Q1_R01C_DIR / ""training_code_reference_candidates.csv"" || L70:R01C_SOURCE_PROTOCOL = Q1_R01C_DIR / ""source_protocol_evidence.json"" ### L68:R01C_SOURCE_CANDIDATES = Q1_R01C_DIR / ""source_data_interface_candidates.csv"" || L69:R01C_CODE_CANDIDATES = Q1_R01C_DIR / ""training_code_reference_candidates.csv"" || L70:R01C_SOURCE_PROTOCOL = Q1_R01C_DIR / ""source_protocol_evidence.json"" || L71: || L72:R01C_SELECTED_PANEL = ("
code/Q1_R02_segformer_b0_three_seed_source_training_v1_fix5.py,,357,"L3: || L4:"""""" || L5:Q1-R02 — SegFormer-B0 Three-Seed Source Training || L6: || L7:Frozen architecture: ### L11:20260820, 20260821, 20260822 || L12: || L13:This script trains source-only segmentation models. It must not use target || L14:data or utility labels. || L15: ### L41: || L42:VERSION = ""2026-08-19-Q1-R02-v1-fix5"" || L43:BUILD = ""Q1_R02_SEGFORMER_B0_THREE_SEED_SOURCE_TRAINING_S01_MANIFEST_INTERFACE_FIX5"" || L44: || L45:ROOT = Path(r""F:\MEDSEG_SAFETTA"") ### L44: || L45:ROOT = Path(r""F:\MEDSEG_SAFETTA"") || L46:OUTPUT_DIR = ROOT / ""outputs"" / ""Q1_R02_segformer_b0_three_seed_source_training_v1_fix5"" || L47: || L48:PROTOCOL = ( ### L49:ROOT || L50:/ ""docs"" || L51:/ ""Q1_R02_segformer_b0_three_seed_source_training_preregistered_protocol_v1_fix1.md"" || L52:) || L53:EXPECTED_PROTOCOL_SHA256 = ( ### L71:) || L72:EXPECTED_S01_ROLE_COUNTS = { || L73:""source_train"": 1305, || L74:""source_val"": 145, || L75:""seen_sanity"": 162, ### L72:EXPECTED_S01_ROLE_COUNTS = { || L73:""source_train"": 1305, || L74:""source_val"": 145, || L75:""seen_sanity"": 162, || L76:""unseen_locked"": 636, ### L77:} || L78:EXPECTED_S01_TOTAL = 2248 || L79:EXPECTED_SOURCE_POOL = 1450 || L80: || L81:Q1_R01C_DIR = ("
code/Q1_R02_segformer_b0_three_seed_source_training_v1_fix6.py,,361,"L3: || L4:"""""" || L5:Q1-R02 — SegFormer-B0 Three-Seed Source Training || L6: || L7:Frozen architecture: ### L11:20260820, 20260821, 20260822 || L12: || L13:This script trains source-only segmentation models. It must not use target || L14:data or utility labels. || L15: ### L41: || L42:VERSION = ""2026-08-19-Q1-R02-v1-fix6"" || L43:BUILD = ""Q1_R02_SEGFORMER_B0_THREE_SEED_SOURCE_TRAINING_S01_MANIFEST_INTERFACE_FIX6"" || L44: || L45:ROOT = Path(r""F:\MEDSEG_SAFETTA"") ### L44: || L45:ROOT = Path(r""F:\MEDSEG_SAFETTA"") || L46:OUTPUT_DIR = ROOT / ""outputs"" / ""Q1_R02_segformer_b0_three_seed_source_training_v1_fix6"" || L47: || L48:PROTOCOL = ( ### L49:ROOT || L50:/ ""docs"" || L51:/ ""Q1_R02_segformer_b0_three_seed_source_training_preregistered_protocol_v1_fix2.md"" || L52:) || L53:EXPECTED_PROTOCOL_SHA256 = ( ### L71:) || L72:EXPECTED_S01_ROLE_COUNTS = { || L73:""source_train"": 1305, || L74:""source_val"": 145, || L75:""seen_sanity"": 162, ### L72:EXPECTED_S01_ROLE_COUNTS = { || L73:""source_train"": 1305, || L74:""source_val"": 145, || L75:""seen_sanity"": 162, || L76:""unseen_locked"": 636, ### L77:} || L78:EXPECTED_S01_TOTAL = 2248 || L79:EXPECTED_SOURCE_POOL = 1450 || L80: || L81:Q1_R01C_DIR = ("
code/Q1_R02_segformer_b0_three_seed_source_training_v1_fix7.py,,374,"L3: || L4:"""""" || L5:Q1-R02 — SegFormer-B0 Three-Seed Source Training || L6: || L7:Frozen architecture: ### L11:20260820, 20260821, 20260822 || L12: || L13:This script trains source-only segmentation models. It must not use target || L14:data or utility labels. || L15: ### L41: || L42:VERSION = ""2026-08-19-Q1-R02-v1-fix7"" || L43:BUILD = ""Q1_R02_SEGFORMER_B0_THREE_SEED_SOURCE_TRAINING_SAFETENSORS_FIX7"" || L44: || L45:ROOT = Path(r""F:\MEDSEG_SAFETTA"") ### L44: || L45:ROOT = Path(r""F:\MEDSEG_SAFETTA"") || L46:OUTPUT_DIR = ROOT / ""outputs"" / ""Q1_R02_segformer_b0_three_seed_source_training_v1_fix7"" || L47: || L48:PROTOCOL = ( ### L49:ROOT || L50:/ ""docs"" || L51:/ ""Q1_R02_segformer_b0_three_seed_source_training_preregistered_protocol_v1_fix3.md"" || L52:) || L53:EXPECTED_PROTOCOL_SHA256 = ( ### L71:) || L72:EXPECTED_S01_ROLE_COUNTS = { || L73:""source_train"": 1305, || L74:""source_val"": 145, || L75:""seen_sanity"": 162, ### L72:EXPECTED_S01_ROLE_COUNTS = { || L73:""source_train"": 1305, || L74:""source_val"": 145, || L75:""seen_sanity"": 162, || L76:""unseen_locked"": 636, ### L77:} || L78:EXPECTED_S01_TOTAL = 2248 || L79:EXPECTED_SOURCE_POOL = 1450 || L80: || L81:Q1_R01C_DIR = ("
code/Q1_R03_nine_state_heterogeneous_source_utility_asset_v1_fix1.py,,244,"L3: || L4:"""""" || L5:Q1-R03 — Nine-State Heterogeneous Source Utility Asset Completion. || L6: || L7:Source-side only. No target data. No utility predictor is fitted here. ### L5:Q1-R03 — Nine-State Heterogeneous Source Utility Asset Completion. || L6: || L7:Source-side only. No target data. No utility predictor is fitted here. || L8: || L9:Typical usage: ### L8: || L9:Typical usage: || L10:python Q1_R03_nine_state_heterogeneous_source_utility_asset_v1.py --self-test || L11:python Q1_R03_nine_state_heterogeneous_source_utility_asset_v1.py --preflight-only || L12:python Q1_R03_nine_state_heterogeneous_source_utility_asset_v1.py ### L9:Typical usage: || L10:python Q1_R03_nine_state_heterogeneous_source_utility_asset_v1.py --self-test || L11:python Q1_R03_nine_state_heterogeneous_source_utility_asset_v1.py --preflight-only || L12:python Q1_R03_nine_state_heterogeneous_source_utility_asset_v1.py || L13:python Q1_R03_nine_state_heterogeneous_source_utility_asset_v1.py --resume ### L10:python Q1_R03_nine_state_heterogeneous_source_utility_asset_v1.py --self-test || L11:python Q1_R03_nine_state_heterogeneous_source_utility_asset_v1.py --preflight-only || L12:python Q1_R03_nine_state_heterogeneous_source_utility_asset_v1.py || L13:python Q1_R03_nine_state_heterogeneous_source_utility_asset_v1.py --resume || L14:"""""" ### L11:python Q1_R03_nine_state_heterogeneous_source_utility_asset_v1.py --preflight-only || L12:python Q1_R03_nine_state_heterogeneous_source_utility_asset_v1.py || L13:python Q1_R03_nine_state_heterogeneous_source_utility_asset_v1.py --resume || L14:"""""" || L15: ### L37: || L38:VERSION = ""2026-08-19-Q1-R03-v1-fix1"" || L39:BUILD = ""Q1_R03_NINE_STATE_HETEROGENEOUS_SOURCE_UTILITY_ASSET_DEEPLAB_PARITY_FIX1"" || L40: || L41:ROOT = Path(r""F:\MEDSEG_SAFETTA"") ### L40: || L41:ROOT = Path(r""F:\MEDSEG_SAFETTA"") || L42:OUTPUT_DIR = ROOT / ""outputs"" / ""Q1_R03_nine_state_heterogeneous_source_utility_asset_v1_fix1"" || L43: || L44:PROTOCOL = ("
code/Q1_R03_nine_state_heterogeneous_source_utility_asset_v1_fix2.py,,259,"L3: || L4:"""""" || L5:Q1-R03 — Nine-State Heterogeneous Source Utility Asset Completion. || L6: || L7:Source-side only. No target data. No utility predictor is fitted here. ### L5:Q1-R03 — Nine-State Heterogeneous Source Utility Asset Completion. || L6: || L7:Source-side only. No target data. No utility predictor is fitted here. || L8: || L9:Typical usage: ### L8: || L9:Typical usage: || L10:python Q1_R03_nine_state_heterogeneous_source_utility_asset_v1.py --self-test || L11:python Q1_R03_nine_state_heterogeneous_source_utility_asset_v1.py --preflight-only || L12:python Q1_R03_nine_state_heterogeneous_source_utility_asset_v1.py ### L9:Typical usage: || L10:python Q1_R03_nine_state_heterogeneous_source_utility_asset_v1.py --self-test || L11:python Q1_R03_nine_state_heterogeneous_source_utility_asset_v1.py --preflight-only || L12:python Q1_R03_nine_state_heterogeneous_source_utility_asset_v1.py || L13:python Q1_R03_nine_state_heterogeneous_source_utility_asset_v1.py --resume ### L10:python Q1_R03_nine_state_heterogeneous_source_utility_asset_v1.py --self-test || L11:python Q1_R03_nine_state_heterogeneous_source_utility_asset_v1.py --preflight-only || L12:python Q1_R03_nine_state_heterogeneous_source_utility_asset_v1.py || L13:python Q1_R03_nine_state_heterogeneous_source_utility_asset_v1.py --resume || L14:"""""" ### L11:python Q1_R03_nine_state_heterogeneous_source_utility_asset_v1.py --preflight-only || L12:python Q1_R03_nine_state_heterogeneous_source_utility_asset_v1.py || L13:python Q1_R03_nine_state_heterogeneous_source_utility_asset_v1.py --resume || L14:"""""" || L15: ### L37: || L38:VERSION = ""2026-08-19-Q1-R03-v1-fix2"" || L39:BUILD = ""Q1_R03_NINE_STATE_HETEROGENEOUS_SOURCE_UTILITY_ASSET_DETERMINISTIC_PARITY_FIX2"" || L40: || L41:ROOT = Path(r""F:\MEDSEG_SAFETTA"") ### L43:# This must be set before importing torch. || L44:os.environ.setdefault(""CUBLAS_WORKSPACE_CONFIG"", "":4096:8"") || L45:OUTPUT_DIR = ROOT / ""outputs"" / ""Q1_R03_nine_state_heterogeneous_source_utility_asset_v1_fix2"" || L46: || L47:PROTOCOL = ("
code/Q1_R05B2_source_only_paot_predictor_lock_v1.py,,66,"L3: || L4:"""""" || L5:Q1-R05B2 — Freeze source-only PAOT HARM/BENEFIT predictors. || L6: || L7:No target data. ### L28: || L29:VERSION = ""2026-08-19-Q1-R05B2-v1"" || L30:BUILD = ""Q1_R05B2_SOURCE_ONLY_PAOT_PREDICTOR_LOCK"" || L31: || L32:ROOT = Path(r""F:\MEDSEG_SAFETTA"") ### L34:PROTOCOL = ( || L35:ROOT / ""docs"" || L36:/ ""Q1_R05B2_source_only_paot_predictor_lock_preregistered_protocol_v1.md"" || L37:) || L38:EXPECTED_PROTOCOL_SHA256 = ""85ce6e60fa8002895709e3eccfbaeea24930af00bed46f3cfc0bebd010e89993"" ### L39: || L40:R03_DIR = ( || L41:ROOT / ""outputs"" || L42:/ ""Q1_R03_nine_state_heterogeneous_source_utility_asset_v1_fix2"" || L43:) ### L40:R03_DIR = ( || L41:ROOT / ""outputs"" || L42:/ ""Q1_R03_nine_state_heterogeneous_source_utility_asset_v1_fix2"" || L43:) || L44:R03_LOCK = R03_DIR / ""Q1_R03_NINE_STATE_SOURCE_UTILITY_LOCK.json"" ### L42:/ ""Q1_R03_nine_state_heterogeneous_source_utility_asset_v1_fix2"" || L43:) || L44:R03_LOCK = R03_DIR / ""Q1_R03_NINE_STATE_SOURCE_UTILITY_LOCK.json"" || L45:EXPECTED_R03_LOCK_SHA256 = ( || L46:""2c773f5eb70bedb50e2c231ef2512c06dff5ecca425eb43b2719637c1bc06dad"" ### L46:""2c773f5eb70bedb50e2c231ef2512c06dff5ecca425eb43b2719637c1bc06dad"" || L47:) || L48:R03_TABLE = R03_DIR / ""nine_state_source_utility_table.csv"" || L49:EXPECTED_R03_TABLE_SHA256 = ( || L50:""969ef666c4e54d0b6f3152709b99a601ff3b82ce6b9f26d46efeb23e53960642"" ### L52: || L53:R04_LOCK = ( || L54:ROOT / ""outputs"" || L55:/ ""Q1_R04_model_relative_prospective_utility_feasibility_loao_v1_fix1"" || L56:/ ""Q1_R04_MODEL_RELATIVE_UTILITY_LOCK.json"""
code/Q1_R05D0_neopolyp_backup_confirmatory_target_selection_lock_v1.py,NeoPolyp,20,"L38: || L39:R05B2_LOCK = ( || L40:ROOT / ""outputs"" || L41:/ ""Q1_R05B2_source_only_paot_predictor_lock_v1"" || L42:/ ""Q1_R05B2_SOURCE_PAOT_PREDICTOR_LOCK.json"" ### L39:R05B2_LOCK = ( || L40:ROOT / ""outputs"" || L41:/ ""Q1_R05B2_source_only_paot_predictor_lock_v1"" || L42:/ ""Q1_R05B2_SOURCE_PAOT_PREDICTOR_LOCK.json"" || L43:) ### L40:ROOT / ""outputs"" || L41:/ ""Q1_R05B2_source_only_paot_predictor_lock_v1"" || L42:/ ""Q1_R05B2_SOURCE_PAOT_PREDICTOR_LOCK.json"" || L43:) || L44:EXPECTED_R05B2_LOCK_SHA256 = ( ### L45:""bd182ac600afbb24b3a62ebd326931ab23c7cf6b873a2178e33500395c70f211"" || L46:) || L47:EXPECTED_R05B2_DECISION = ""SOURCE_ONLY_PAOT_PREDICTORS_LOCKED"" || L48:EXPECTED_PAOT_PACKAGES = 12 || L49: ### L48:EXPECTED_PAOT_PACKAGES = 12 || L49: || L50:OUTPUT_DIR = ( || L51:ROOT / ""outputs"" || L52:/ ""Q1_R05D0_neopolyp_backup_confirmatory_target_selection_lock_v1"" ### L49: || L50:OUTPUT_DIR = ( || L51:ROOT / ""outputs"" || L52:/ ""Q1_R05D0_neopolyp_backup_confirmatory_target_selection_lock_v1"" || L53:) ### L55:DISQUALIFY_ROOTS = ( || L56:ROOT / ""data"", || L57:ROOT / ""outputs"", || L58:ROOT / ""cache"", || L59:) ### L92:""inference"", || L93:""tta"", || L94:""checkpoint"", || L95:""train_gt"", || L96:)"
code/Q1_R05D1_neopolyp_acquisition_pairing_duplicate_qc_v1.py,NeoPolyp,20,"L41: || L42:R05D0_LOCK = ( || L43:ROOT / ""outputs"" || L44:/ ""Q1_R05D0_neopolyp_backup_confirmatory_target_selection_lock_v1"" || L45:/ ""Q1_R05D0_NEOPOLYP_SELECTION_LOCK.json"" ### L57:DEFAULT_EXTRACTED = RAW_ROOT / ""extracted"" || L58: || L59:OUTPUT_DIR = ( || L60:ROOT / ""outputs"" || L61:/ ""Q1_R05D1_neopolyp_acquisition_pairing_duplicate_qc_v1"" ### L58: || L59:OUTPUT_DIR = ( || L60:ROOT / ""outputs"" || L61:/ ""Q1_R05D1_neopolyp_acquisition_pairing_duplicate_qc_v1"" || L62:) ### L533:ensure_not_c_drive(args.raw_root) || L534: || L535:if args.output_dir.exists(): || L536:raise FileExistsError(args.output_dir) || L537: ### L534: || L535:if args.output_dir.exists(): || L536:raise FileExistsError(args.output_dir) || L537: || L538:build_dir = Path(str(args.output_dir) + ""__building"") ### L536:raise FileExistsError(args.output_dir) || L537: || L538:build_dir = Path(str(args.output_dir) + ""__building"") || L539:if build_dir.exists(): || L540:raise FileExistsError(build_dir) ### L560:if not package_path.exists(): || L561:raise FileNotFoundError(package_path) || L562:provider_assertion = bool(args.official_source) || L563:acquisition_mode = ""user_supplied_official_package"" || L564:else: ### L572:if not provider_assertion: || L573:raise RuntimeError( || L574:""--official-source is required for user-supplied package."" || L575:) || L576:"
code/Q1_R05D1_neopolyp_acquisition_pairing_duplicate_qc_v1_fix2.py,NeoPolyp,25,"L41: || L42:R05D0_LOCK = ( || L43:ROOT / ""outputs"" || L44:/ ""Q1_R05D0_neopolyp_backup_confirmatory_target_selection_lock_v1"" || L45:/ ""Q1_R05D0_NEOPOLYP_SELECTION_LOCK.json"" ### L57:DEFAULT_EXTRACTED = RAW_ROOT / ""extracted"" || L58: || L59:OUTPUT_DIR = ( || L60:ROOT / ""outputs"" || L61:/ ""Q1_R05D1_neopolyp_acquisition_pairing_duplicate_qc_v1_fix2"" ### L58: || L59:OUTPUT_DIR = ( || L60:ROOT / ""outputs"" || L61:/ ""Q1_R05D1_neopolyp_acquisition_pairing_duplicate_qc_v1_fix2"" || L62:) ### L565:ensure_not_c_drive(args.raw_root) || L566: || L567:if args.output_dir.exists(): || L568:raise FileExistsError(args.output_dir) || L569: ### L566: || L567:if args.output_dir.exists(): || L568:raise FileExistsError(args.output_dir) || L569: || L570:build_dir = Path(str(args.output_dir) + ""__building"") ### L568:raise FileExistsError(args.output_dir) || L569: || L570:build_dir = Path(str(args.output_dir) + ""__building"") || L571:if build_dir.exists(): || L572:raise FileExistsError(build_dir) ### L592:if not package_path.exists(): || L593:raise FileNotFoundError(package_path) || L594:provider_assertion = bool(args.official_source) || L595:acquisition_mode = ""user_supplied_official_package"" || L596:else: ### L604:if not provider_assertion: || L605:raise RuntimeError( || L606:""--official-source is required for user-supplied package."" || L607:) || L608:"
code/Q1_R05D2_neopolyp_prospective_paot_probability_lock_v1_fix1.py,NeoPolyp,145,"L50: || L51:R05D1_DIR = ( || L52:ROOT / ""outputs"" || L53:/ ""Q1_R05D1_neopolyp_acquisition_pairing_duplicate_qc_v1_fix2"" || L54:) ### L61: || L62:R05B2_DIR = ( || L63:ROOT / ""outputs"" || L64:/ ""Q1_R05B2_source_only_paot_predictor_lock_v1"" || L65:) ### L62:R05B2_DIR = ( || L63:ROOT / ""outputs"" || L64:/ ""Q1_R05B2_source_only_paot_predictor_lock_v1"" || L65:) || L66:R05B2_LOCK = R05B2_DIR / ""Q1_R05B2_SOURCE_PAOT_PREDICTOR_LOCK.json"" ### L64:/ ""Q1_R05B2_source_only_paot_predictor_lock_v1"" || L65:) || L66:R05B2_LOCK = R05B2_DIR / ""Q1_R05B2_SOURCE_PAOT_PREDICTOR_LOCK.json"" || L67:EXPECTED_R05B2_LOCK_SHA256 = ( || L68:""bd182ac600afbb24b3a62ebd326931ab23c7cf6b873a2178e33500395c70f211"" ### L68:""bd182ac600afbb24b3a62ebd326931ab23c7cf6b873a2178e33500395c70f211"" || L69:) || L70:EXPECTED_R05B2_DECISION = ""SOURCE_ONLY_PAOT_PREDICTORS_LOCKED"" || L71:PREDICTOR_PACKAGES = R05B2_DIR / ""predictor_packages.json"" || L72:REFERENCE_STATS = R05B2_DIR / ""model_reference_statistics.csv"" ### L73: || L74:R03_DIR = ( || L75:ROOT / ""outputs"" || L76:/ ""Q1_R03_nine_state_heterogeneous_source_utility_asset_v1_fix2"" || L77:) ### L74:R03_DIR = ( || L75:ROOT / ""outputs"" || L76:/ ""Q1_R03_nine_state_heterogeneous_source_utility_asset_v1_fix2"" || L77:) || L78:R03_LOCK = R03_DIR / ""Q1_R03_NINE_STATE_SOURCE_UTILITY_LOCK.json"" ### L76:/ ""Q1_R03_nine_state_heterogeneous_source_utility_asset_v1_fix2"" || L77:) || L78:R03_LOCK = R03_DIR / ""Q1_R03_NINE_STATE_SOURCE_UTILITY_LOCK.json"" || L79:EXPECTED_R03_LOCK_SHA256 = ( || L80:""2c773f5eb70bedb50e2c231ef2512c06dff5ecca425eb43b2719637c1bc06dad"""
code/Q1_R05D3_neopolyp_source_a1_prediction_lock_v1_fix1.py,NeoPolyp,150,"L3: || L4:"""""" || L5:Q1-R05D3 FIX1 — Freeze NeoPolyp SOURCE + A1_TENT_1STEP predictions. || L6: || L7:Scientific boundary: ### L38: || L39:VERSION = ""2026-08-19-Q1-R05D3-v1-fix1"" || L40:BUILD = ""Q1_R05D3_NEOPOLYP_SOURCE_A1_PREDICTION_LOCK_FIX1"" || L41: || L42:ROOT = Path(r""F:\MEDSEG_SAFETTA"") ### L44:PROTOCOL = ( || L45:ROOT / ""docs"" || L46:/ ""Q1_R05D3_neopolyp_source_a1_prediction_lock_preregistered_protocol_v1_fix1.md"" || L47:) || L48:EXPECTED_PROTOCOL_SHA256 = ""e980b7491e50206b48ee98069429036391bc8f35dc29c886cb193d411925e03e"" ### L49: || L50:R05D1_DIR = ( || L51:ROOT / ""outputs"" || L52:/ ""Q1_R05D1_neopolyp_acquisition_pairing_duplicate_qc_v1_fix2"" || L53:) ### L59: || L60:R05D2_DIR = ( || L61:ROOT / ""outputs"" || L62:/ ""Q1_R05D2_neopolyp_prospective_paot_probability_lock_v1_fix1"" || L63:) ### L80: || L81:R03_DIR = ( || L82:ROOT / ""outputs"" || L83:/ ""Q1_R03_nine_state_heterogeneous_source_utility_asset_v1_fix2"" || L84:) ### L81:R03_DIR = ( || L82:ROOT / ""outputs"" || L83:/ ""Q1_R03_nine_state_heterogeneous_source_utility_asset_v1_fix2"" || L84:) || L85:R03_LOCK = R03_DIR / ""Q1_R03_NINE_STATE_SOURCE_UTILITY_LOCK.json"" ### L83:/ ""Q1_R03_nine_state_heterogeneous_source_utility_asset_v1_fix2"" || L84:) || L85:R03_LOCK = R03_DIR / ""Q1_R03_NINE_STATE_SOURCE_UTILITY_LOCK.json"" || L86:EXPECTED_R03_LOCK_SHA256 = ( || L87:""2c773f5eb70bedb50e2c231ef2512c06dff5ecca425eb43b2719637c1bc06dad"""
code/Q1_R05D4_neopolyp_gt_reveal_paot_confirmatory_evaluation_v1.py,NeoPolyp,45,"L8:- verifies frozen D1/D2/D3 artifacts; || L9:- decodes the 1000 target GT masks for the first time; || L10:- computes frozen SOURCE/A1 Dice and DeltaDice; || L11:- derives HARM/NEUTRAL/BENEFIT; || L12:- evaluates already-locked D2 probabilities; ### L48: || L49:R05D1_DIR = ( || L50:ROOT / ""outputs"" || L51:/ ""Q1_R05D1_neopolyp_acquisition_pairing_duplicate_qc_v1_fix2"" || L52:) ### L58: || L59:R05D2_DIR = ( || L60:ROOT / ""outputs"" || L61:/ ""Q1_R05D2_neopolyp_prospective_paot_probability_lock_v1_fix1"" || L62:) ### L71: || L72:R05D3_DIR = ( || L73:ROOT / ""outputs"" || L74:/ ""Q1_R05D3_neopolyp_source_a1_prediction_lock_v1_fix1"" || L75:) ### L72:R05D3_DIR = ( || L73:ROOT / ""outputs"" || L74:/ ""Q1_R05D3_neopolyp_source_a1_prediction_lock_v1_fix1"" || L75:) || L76:R05D3_LOCK = R05D3_DIR / ""Q1_R05D3_NEOPOLYP_SOURCE_A1_PREDICTION_LOCK.json"" ### L74:/ ""Q1_R05D3_neopolyp_source_a1_prediction_lock_v1_fix1"" || L75:) || L76:R05D3_LOCK = R05D3_DIR / ""Q1_R05D3_NEOPOLYP_SOURCE_A1_PREDICTION_LOCK.json"" || L77:EXPECTED_R05D3_LOCK_SHA256 = ( || L78:""3da08e5ed0780a00788a297b1127d9eb460224326b11e9e30eefce2b3fb48c9a"" ### L78:""3da08e5ed0780a00788a297b1127d9eb460224326b11e9e30eefce2b3fb48c9a"" || L79:) || L80:EXPECTED_R05D3_DECISION = ""NEOPOLYP_SOURCE_A1_PREDICTIONS_LOCKED"" || L81: || L82:R05D3_SCRIPT = ( ### L82:R05D3_SCRIPT = ( || L83:ROOT / ""code"" || L84:/ ""Q1_R05D3_neopolyp_source_a1_prediction_lock_v1_fix1.py"" || L85:) || L86:EXPECTED_R05D3_SCRIPT_SHA256 = ("
code/Q1_R06A_source_only_architecture_robust_harm_risk_envelope_v1.py,,73,"L3: || L4:"""""" || L5:Q1-R06A — Source-only architecture-robust prospective HARM risk envelope. || L6: || L7:Methods: ### L36: || L37:VERSION = ""2026-08-19-Q1-R06A-v1"" || L38:BUILD = ""Q1_R06A_SOURCE_ONLY_ARCHITECTURE_ROBUST_HARM_RISK_ENVELOPE"" || L39: || L40:ROOT = Path(r""F:\MEDSEG_SAFETTA"") ### L42:PROTOCOL = ( || L43:ROOT / ""docs"" || L44:/ ""Q1_R06A_source_only_architecture_robust_harm_risk_envelope_preregistered_protocol_v1.md"" || L45:) || L46:EXPECTED_PROTOCOL_SHA256 = ""35a087ccea82c811c7a8158d41498395eb4fc33ec71530e7f777c3e7cbc800e9"" ### L47: || L48:R03_DIR = ( || L49:ROOT / ""outputs"" || L50:/ ""Q1_R03_nine_state_heterogeneous_source_utility_asset_v1_fix2"" || L51:) ### L48:R03_DIR = ( || L49:ROOT / ""outputs"" || L50:/ ""Q1_R03_nine_state_heterogeneous_source_utility_asset_v1_fix2"" || L51:) || L52:R03_LOCK = R03_DIR / ""Q1_R03_NINE_STATE_SOURCE_UTILITY_LOCK.json"" ### L50:/ ""Q1_R03_nine_state_heterogeneous_source_utility_asset_v1_fix2"" || L51:) || L52:R03_LOCK = R03_DIR / ""Q1_R03_NINE_STATE_SOURCE_UTILITY_LOCK.json"" || L53:R03_TABLE = R03_DIR / ""nine_state_source_utility_table.csv"" || L54: ### L51:) || L52:R03_LOCK = R03_DIR / ""Q1_R03_NINE_STATE_SOURCE_UTILITY_LOCK.json"" || L53:R03_TABLE = R03_DIR / ""nine_state_source_utility_table.csv"" || L54: || L55:EXPECTED_R03_LOCK_SHA256 = ( ### L59:""969ef666c4e54d0b6f3152709b99a601ff3b82ce6b9f26d46efeb23e53960642"" || L60:) || L61:EXPECTED_R03_DECISION = ""NINE_STATE_SOURCE_UTILITY_ASSET_READY"" || L62: || L63:R04_LOCK = ("
code/Q1_R06B_source_only_nested_recall_anchored_harmguard_gate_v1.py,,107,"L3: || L4:"""""" || L5:Q1-R06B — Source-only nested recall-anchored HarmGuard gate. || L6: || L7:Risk estimator: ### L9: || L10:Threshold: || L11:inner source-only OOF; || L12:>=90% HARM recall in EACH of the two training architectures; || L13:tau = min(per-family maximum admissible threshold). ### L37: || L38:VERSION = ""2026-08-19-Q1-R06B-v1"" || L39:BUILD = ""Q1_R06B_SOURCE_ONLY_NESTED_RECALL_ANCHORED_HARMGUARD_GATE"" || L40: || L41:ROOT = Path(r""F:\MEDSEG_SAFETTA"") ### L43:PROTOCOL = ( || L44:ROOT / ""docs"" || L45:/ ""Q1_R06B_source_only_nested_recall_anchored_harmguard_gate_preregistered_protocol_v1.md"" || L46:) || L47:EXPECTED_PROTOCOL_SHA256 = ""bae3cfc4eb20b2f90959dbb410aa194fb4badb595307f74fdf2fa49f73aed46a"" ### L48: || L49:R03_DIR = ( || L50:ROOT / ""outputs"" || L51:/ ""Q1_R03_nine_state_heterogeneous_source_utility_asset_v1_fix2"" || L52:) ### L49:R03_DIR = ( || L50:ROOT / ""outputs"" || L51:/ ""Q1_R03_nine_state_heterogeneous_source_utility_asset_v1_fix2"" || L52:) || L53:R03_LOCK = R03_DIR / ""Q1_R03_NINE_STATE_SOURCE_UTILITY_LOCK.json"" ### L51:/ ""Q1_R03_nine_state_heterogeneous_source_utility_asset_v1_fix2"" || L52:) || L53:R03_LOCK = R03_DIR / ""Q1_R03_NINE_STATE_SOURCE_UTILITY_LOCK.json"" || L54:R03_TABLE = R03_DIR / ""nine_state_source_utility_table.csv"" || L55: ### L52:) || L53:R03_LOCK = R03_DIR / ""Q1_R03_NINE_STATE_SOURCE_UTILITY_LOCK.json"" || L54:R03_TABLE = R03_DIR / ""nine_state_source_utility_table.csv"" || L55: || L56:EXPECTED_R03_LOCK_SHA256 = ("
code/Q1_R07A_neopolyp_external_predictability_control_gap_audit_v1.py,NeoPolyp,47,"L42: || L43:R06C_DIR = ( || L44:ROOT / ""outputs"" || L45:/ ""Q1_R06C_scalar_harm_risk_gate_feasibility_frontier_audit_v1"" || L46:) ### L52: || L53:R05D2_DIR = ( || L54:ROOT / ""outputs"" || L55:/ ""Q1_R05D2_neopolyp_prospective_paot_probability_lock_v1_fix1"" || L56:) ### L62: || L63:R05D4_DIR = ( || L64:ROOT / ""outputs"" || L65:/ ""Q1_R05D4_neopolyp_gt_reveal_paot_confirmatory_evaluation_v1"" || L66:) ### L71:EXPECTED_R05D4_DECISION = ""NEOPOLYP_PAOT_CONFIRMATION_FAIL"" || L72: || L73:OUTPUT_DIR = ( || L74:ROOT / ""outputs"" || L75:/ ""Q1_R07A_neopolyp_external_predictability_control_gap_audit_v1"" ### L72: || L73:OUTPUT_DIR = ( || L74:ROOT / ""outputs"" || L75:/ ""Q1_R07A_neopolyp_external_predictability_control_gap_audit_v1"" || L76:) ### L84:COVERAGE_MIN = 0.30 || L85:BENEFIT_RETENTION_MIN = 0.50 || L86:GATE_MINUS_SOURCE_DICE_MIN = -0.005 || L87:PREDICTABILITY_AUROC_MIN = 0.70 || L88: ### L200:""model_family"", || L201:""model_state_id"", || L202:""source_dice"", || L203:""a1_dice"", || L204:""delta_dice"", ### L225:h = int(r[""harm_label""]) || L226:b = int(r[""benefit_label""]) || L227:sd = float(r[""source_dice""]) || L228:ad = float(r[""a1_dice""]) || L229:dd = float(r[""delta_dice""])"
code/Q1_R08B0_mnms_source_only_deeplab_pilot_v1.py,,123,"L3: || L4:r"""""" || L5:Q1-R08B0 — M&Ms source-only DeepLabV3-R50 pilot. || L6: || L7:Target images/masks are never opened. ### L29: || L30:VERSION = ""2026-08-19-Q1-R08B0-v1"" || L31:BUILD = ""Q1_R08B0_MNMS_SOURCE_ONLY_DEEPLABV3_R50_PILOT"" || L32: || L33:ROOT = Path(r""F:\MEDSEG_SAFETTA"") ### L35:PROTOCOL = ( || L36:ROOT / ""docs"" || L37:/ ""Q1_R08B0_mnms_source_only_deeplab_pilot_preregistered_protocol_v1.md"" || L38:) || L39:EXPECTED_PROTOCOL_SHA256 = ""fb39a60314aa6eb0db56802f2d7d14b570e465533f7964ec2982430652b286b3"" ### L40: || L41:R08A2_DIR = ( || L42:ROOT / ""outputs"" || L43:/ ""Q1_R08A2_mnms_zip_streaming_compact_preprocessing_v1"" || L44:) ### L59:CASE_MANIFEST = DATA_DIR / ""case_manifest.csv"" || L60: || L61:OUTPUT_DIR = ( || L62:ROOT / ""outputs"" || L63:/ ""Q1_R08B0_mnms_source_only_deeplab_pilot_v1"" ### L60: || L61:OUTPUT_DIR = ( || L62:ROOT / ""outputs"" || L63:/ ""Q1_R08B0_mnms_source_only_deeplab_pilot_v1"" || L64:) ### L61:OUTPUT_DIR = ( || L62:ROOT / ""outputs"" || L63:/ ""Q1_R08B0_mnms_source_only_deeplab_pilot_v1"" || L64:) || L65: ### L96:FEASIBILITY_DICE = 0.70 || L97: || L98:READY = ""MNMS_SOURCE_ONLY_SEGMENTATION_PILOT_READY"" || L99:INSUFFICIENT = ""MNMS_SOURCE_ONLY_SEGMENTATION_PILOT_INSUFFICIENT"" || L100:"
code/Q1_R08B1_mnms_heterogeneous_source_only_panel_v1.py,,142,"L3: || L4:r"""""" || L5:Q1-R08B1 — Formal heterogeneous M&Ms source-only model-state panel. || L6: || L7:Architectures: ### L49: || L50:VERSION = ""2026-08-20-Q1-R08B1-v1"" || L51:BUILD = ""Q1_R08B1_MNMS_HETEROGENEOUS_SOURCE_ONLY_PANEL"" || L52: || L53:PROTOCOL = ROOT / ""docs"" / ""Q1_R08B1_mnms_heterogeneous_source_only_panel_preregistered_protocol_v1.md"" ### L51:BUILD = ""Q1_R08B1_MNMS_HETEROGENEOUS_SOURCE_ONLY_PANEL"" || L52: || L53:PROTOCOL = ROOT / ""docs"" / ""Q1_R08B1_mnms_heterogeneous_source_only_panel_preregistered_protocol_v1.md"" || L54:EXPECTED_PROTOCOL_SHA256 = ""7064ec5a3d4223fda0b7154187b442ff65eac23c2f2769ae06f88a03f533105a"" || L55: ### L54:EXPECTED_PROTOCOL_SHA256 = ""7064ec5a3d4223fda0b7154187b442ff65eac23c2f2769ae06f88a03f533105a"" || L55: || L56:R08A2_DIR = ROOT / ""outputs"" / ""Q1_R08A2_mnms_zip_streaming_compact_preprocessing_v1"" || L57:R08A2_LOCK = R08A2_DIR / ""Q1_R08A2_MNMS_COMPACT_BA_ASSET_LOCK.json"" || L58:EXPECTED_R08A2_LOCK_SHA256 = ""e7df0cb2228a8b1f405ec97b78674763d48a4bd9a061017ef2cb61f67640c4c9"" ### L59:EXPECTED_R08A2_DECISION = ""MNMS_COMPACT_BA_ASSET_READY"" || L60: || L61:R08B0_DIR = ROOT / ""outputs"" / ""Q1_R08B0_mnms_source_only_deeplab_pilot_v1"" || L62:R08B0_LOCK = R08B0_DIR / ""Q1_R08B0_MNMS_SOURCE_ONLY_PILOT_LOCK.json"" || L63:R08B0_SPLIT = R08B0_DIR / ""source_split_manifest.csv"" ### L60: || L61:R08B0_DIR = ROOT / ""outputs"" / ""Q1_R08B0_mnms_source_only_deeplab_pilot_v1"" || L62:R08B0_LOCK = R08B0_DIR / ""Q1_R08B0_MNMS_SOURCE_ONLY_PILOT_LOCK.json"" || L63:R08B0_SPLIT = R08B0_DIR / ""source_split_manifest.csv"" || L64:EXPECTED_R08B0_LOCK_SHA256 = ""393fae163812613b9d7980236deb75d1b5d80d6c52fc98de8e9d461e514a5582"" ### L61:R08B0_DIR = ROOT / ""outputs"" / ""Q1_R08B0_mnms_source_only_deeplab_pilot_v1"" || L62:R08B0_LOCK = R08B0_DIR / ""Q1_R08B0_MNMS_SOURCE_ONLY_PILOT_LOCK.json"" || L63:R08B0_SPLIT = R08B0_DIR / ""source_split_manifest.csv"" || L64:EXPECTED_R08B0_LOCK_SHA256 = ""393fae163812613b9d7980236deb75d1b5d80d6c52fc98de8e9d461e514a5582"" || L65:EXPECTED_R08B0_DECISION = ""MNMS_SOURCE_ONLY_SEGMENTATION_PILOT_READY"" ### L63:R08B0_SPLIT = R08B0_DIR / ""source_split_manifest.csv"" || L64:EXPECTED_R08B0_LOCK_SHA256 = ""393fae163812613b9d7980236deb75d1b5d80d6c52fc98de8e9d461e514a5582"" || L65:EXPECTED_R08B0_DECISION = ""MNMS_SOURCE_ONLY_SEGMENTATION_PILOT_READY"" || L66: || L67:DATA_DIR = ROOT / ""data"" / ""processed"" / ""MnMs_R08A2_BA_compact_v1"""
code/Q1_R08B1_mnms_heterogeneous_source_only_panel_v1_fix1.py,,142,"L3: || L4:r"""""" || L5:Q1-R08B1 — Formal heterogeneous M&Ms source-only model-state panel. || L6: || L7:Architectures: ### L49: || L50:VERSION = ""2026-08-20-Q1-R08B1-v1-fix1"" || L51:BUILD = ""Q1_R08B1_MNMS_HETEROGENEOUS_SOURCE_ONLY_PANEL"" || L52: || L53:PROTOCOL = ROOT / ""docs"" / ""Q1_R08B1_mnms_heterogeneous_source_only_panel_preregistered_protocol_v1.md"" ### L51:BUILD = ""Q1_R08B1_MNMS_HETEROGENEOUS_SOURCE_ONLY_PANEL"" || L52: || L53:PROTOCOL = ROOT / ""docs"" / ""Q1_R08B1_mnms_heterogeneous_source_only_panel_preregistered_protocol_v1.md"" || L54:EXPECTED_PROTOCOL_SHA256 = ""7064ec5a3d4223fda0b7154187b442ff65eac23c2f2769ae06f88a03f533105a"" || L55: ### L54:EXPECTED_PROTOCOL_SHA256 = ""7064ec5a3d4223fda0b7154187b442ff65eac23c2f2769ae06f88a03f533105a"" || L55: || L56:R08A2_DIR = ROOT / ""outputs"" / ""Q1_R08A2_mnms_zip_streaming_compact_preprocessing_v1"" || L57:R08A2_LOCK = R08A2_DIR / ""Q1_R08A2_MNMS_COMPACT_BA_ASSET_LOCK.json"" || L58:EXPECTED_R08A2_LOCK_SHA256 = ""e7df0cb2228a8b1f405ec97b78674763d48a4bd9a061017ef2cb61f67640c4c9"" ### L59:EXPECTED_R08A2_DECISION = ""MNMS_COMPACT_BA_ASSET_READY"" || L60: || L61:R08B0_DIR = ROOT / ""outputs"" / ""Q1_R08B0_mnms_source_only_deeplab_pilot_v1"" || L62:R08B0_LOCK = R08B0_DIR / ""Q1_R08B0_MNMS_SOURCE_ONLY_PILOT_LOCK.json"" || L63:R08B0_SPLIT = R08B0_DIR / ""source_split_manifest.csv"" ### L60: || L61:R08B0_DIR = ROOT / ""outputs"" / ""Q1_R08B0_mnms_source_only_deeplab_pilot_v1"" || L62:R08B0_LOCK = R08B0_DIR / ""Q1_R08B0_MNMS_SOURCE_ONLY_PILOT_LOCK.json"" || L63:R08B0_SPLIT = R08B0_DIR / ""source_split_manifest.csv"" || L64:EXPECTED_R08B0_LOCK_SHA256 = ""393fae163812613b9d7980236deb75d1b5d80d6c52fc98de8e9d461e514a5582"" ### L61:R08B0_DIR = ROOT / ""outputs"" / ""Q1_R08B0_mnms_source_only_deeplab_pilot_v1"" || L62:R08B0_LOCK = R08B0_DIR / ""Q1_R08B0_MNMS_SOURCE_ONLY_PILOT_LOCK.json"" || L63:R08B0_SPLIT = R08B0_DIR / ""source_split_manifest.csv"" || L64:EXPECTED_R08B0_LOCK_SHA256 = ""393fae163812613b9d7980236deb75d1b5d80d6c52fc98de8e9d461e514a5582"" || L65:EXPECTED_R08B0_DECISION = ""MNMS_SOURCE_ONLY_SEGMENTATION_PILOT_READY"" ### L63:R08B0_SPLIT = R08B0_DIR / ""source_split_manifest.csv"" || L64:EXPECTED_R08B0_LOCK_SHA256 = ""393fae163812613b9d7980236deb75d1b5d80d6c52fc98de8e9d461e514a5582"" || L65:EXPECTED_R08B0_DECISION = ""MNMS_SOURCE_ONLY_SEGMENTATION_PILOT_READY"" || L66: || L67:DATA_DIR = ROOT / ""data"" / ""processed"" / ""MnMs_R08A2_BA_compact_v1"""
code/Q1_R08C0_mnms_source_utility_asset_v1.py,,165,"L2:# -*- coding: utf-8 -*- || L3: || L4:""""""Q1-R08C0 — M&Ms source-only SOURCE-vs-A1 utility asset. || L5: || L6:Target images and masks are never opened. ### L34: || L35:VERSION = ""2026-08-20-Q1-R08C0-v1"" || L36:BUILD = ""Q1_R08C0_MNMS_SOURCE_ONLY_UTILITY_ASSET"" || L37: || L38:PROTOCOL = ROOT / ""docs"" / ""Q1_R08C0_mnms_source_utility_asset_preregistered_protocol_v1.md"" ### L36:BUILD = ""Q1_R08C0_MNMS_SOURCE_ONLY_UTILITY_ASSET"" || L37: || L38:PROTOCOL = ROOT / ""docs"" / ""Q1_R08C0_mnms_source_utility_asset_preregistered_protocol_v1.md"" || L39:EXPECTED_PROTOCOL_SHA256 = ""c5e0b125a13e5c35772c0be55685fbe08bc2365bc03f061084849ebcf5e45075"" || L40: ### L39:EXPECTED_PROTOCOL_SHA256 = ""c5e0b125a13e5c35772c0be55685fbe08bc2365bc03f061084849ebcf5e45075"" || L40: || L41:R08B1_DIR = ROOT / ""outputs"" / ""Q1_R08B1_mnms_heterogeneous_source_only_panel_v1"" || L42:R08B1_LOCK = R08B1_DIR / ""Q1_R08B1_MNMS_HETEROGENEOUS_SOURCE_PANEL_LOCK.json"" || L43:EXPECTED_R08B1_LOCK_SHA256 = ""f3af46f44ca2db3a0d8d36dea2f2ce476d86d1b1926c43651d09626e8f76e478"" ### L40: || L41:R08B1_DIR = ROOT / ""outputs"" / ""Q1_R08B1_mnms_heterogeneous_source_only_panel_v1"" || L42:R08B1_LOCK = R08B1_DIR / ""Q1_R08B1_MNMS_HETEROGENEOUS_SOURCE_PANEL_LOCK.json"" || L43:EXPECTED_R08B1_LOCK_SHA256 = ""f3af46f44ca2db3a0d8d36dea2f2ce476d86d1b1926c43651d09626e8f76e478"" || L44:EXPECTED_R08B1_DECISION = ""MNMS_HETEROGENEOUS_SOURCE_PANEL_READY"" ### L42:R08B1_LOCK = R08B1_DIR / ""Q1_R08B1_MNMS_HETEROGENEOUS_SOURCE_PANEL_LOCK.json"" || L43:EXPECTED_R08B1_LOCK_SHA256 = ""f3af46f44ca2db3a0d8d36dea2f2ce476d86d1b1926c43651d09626e8f76e478"" || L44:EXPECTED_R08B1_DECISION = ""MNMS_HETEROGENEOUS_SOURCE_PANEL_READY"" || L45:SOURCE_SPLIT = R08B1_DIR / ""inherited_source_split_manifest.csv"" || L46:OUTPUT_DIR = ROOT / ""outputs"" / ""Q1_R08C0_mnms_source_utility_asset_v1"" ### L43:EXPECTED_R08B1_LOCK_SHA256 = ""f3af46f44ca2db3a0d8d36dea2f2ce476d86d1b1926c43651d09626e8f76e478"" || L44:EXPECTED_R08B1_DECISION = ""MNMS_HETEROGENEOUS_SOURCE_PANEL_READY"" || L45:SOURCE_SPLIT = R08B1_DIR / ""inherited_source_split_manifest.csv"" || L46:OUTPUT_DIR = ROOT / ""outputs"" / ""Q1_R08C0_mnms_source_utility_asset_v1"" || L47: ### L44:EXPECTED_R08B1_DECISION = ""MNMS_HETEROGENEOUS_SOURCE_PANEL_READY"" || L45:SOURCE_SPLIT = R08B1_DIR / ""inherited_source_split_manifest.csv"" || L46:OUTPUT_DIR = ROOT / ""outputs"" / ""Q1_R08C0_mnms_source_utility_asset_v1"" || L47: || L48:ARCHITECTURES = (""deeplabv3_r50"", ""fcn_r50"", ""segformer_b0"")"
code/Q1_R08C1_mnms_source_only_harm_predictability_audit_v1.py,,11,"L2:# -*- coding: utf-8 -*- || L3:"""""" || L4:Q1-R08C1 Source-only HARM Predictability Audit || L5:"""""" || L6: ### L75:groups = df[""subject_id""].astype(str).values || L76: || L77:print(""===== Q1-R08C1 SOURCE-ONLY HARM PREDICTABILITY AUDIT ====="") || L78:print(""Version:"", VERSION) || L79:print(""rows="", len(df)) ### L84: || L85:gkf = GroupKFold(5) || L86:outputs = [] || L87: || L88:for name, model in models().items(): ### L114:) || L115: || L116:outputs.append({ || L117:""model"": name, || L118:""AUROC"": auc, ### L121:}) || L122: || L123:out = Path(args.output) || L124:out.mkdir(parents=True, exist_ok=True) || L125: ### L124:out.mkdir(parents=True, exist_ok=True) || L125: || L126:pd.DataFrame(outputs).to_csv( || L127:out / ""harm_predictability_summary.csv"", || L128:index=False ### L134:""target_used"": False, || L135:""rows"": len(df), || L136:""results"": outputs || L137:}, f, indent=2) || L138: ### L137:}, f, indent=2) || L138: || L139:print(""Decision: MNMS_SOURCE_ONLY_HARM_PREDICTABILITY_COMPLETE"") || L140: || L141:"
code/Q1_R08C1_mnms_source_only_harm_predictability_audit_v1_fix1.py,,11,"L4:"""""" || L5:Q1-R08C1 FIX1 || L6:M&Ms Source-only HARM Predictability Audit || L7: || L8:Input: ### L7: || L8:Input: || L9:Q1_R08C0/source_utility_table.csv || L10: || L11:Label: ### L67: || L68:def main_run(args): || L69:csv_path = Path(args.asset) / ""source_utility_table.csv"" || L70: || L71:if not csv_path.exists(): ### L88:drop_cols = { || L89:""direction"", || L90:""source_vendor"", || L91:""target_vendor"", || L92:""architecture"", ### L94:""subject_id"", || L95:""centre"", || L96:""source_group_fold"", || L97:""perturbation"", || L98:""outcome"" ### L109:).fillna(0) || L110: || L111:print(""===== Q1-R08C1 FIX1 SOURCE-ONLY HARM PREDICTABILITY ====="") || L112:print(""Version:"", VERSION) || L113:print(""rows="", len(df)) ### L159:}) || L160: || L161:out = Path(args.output) || L162:out.mkdir(parents=True, exist_ok=True) || L163: ### L176:}, f, indent=2) || L177: || L178:print(""Decision: MNMS_SOURCE_ONLY_HARM_PREDICTABILITY_COMPLETE"") || L179: || L180:"
code/Q1_R08D0p5_source_risk_replay_v1.py,,31,"L4:"""""" || L5:Q1-R08D0p5 || L6:Source risk replay from frozen predictor. || L7: || L8:Purpose: ### L7: || L8:Purpose: || L9:Generate row-level source risk scores for distribution audit. || L10: || L11:Uses: ### L10: || L11:Uses: || L12:- R08C0 source utility table || L13:- R08E0p5 frozen harm predictor || L14: ### L28: || L29:FEATURES = [ || L30:""source_entropy_mean"", || L31:""source_entropy_std"", || L32:""source_entropy_q10"", ### L29:FEATURES = [ || L30:""source_entropy_mean"", || L31:""source_entropy_std"", || L32:""source_entropy_q10"", || L33:""source_entropy_q50"", ### L30:""source_entropy_mean"", || L31:""source_entropy_std"", || L32:""source_entropy_q10"", || L33:""source_entropy_q50"", || L34:""source_entropy_q90"", ### L31:""source_entropy_std"", || L32:""source_entropy_q10"", || L33:""source_entropy_q50"", || L34:""source_entropy_q90"", || L35:""source_prob_mean"", ### L32:""source_entropy_q10"", || L33:""source_entropy_q50"", || L34:""source_entropy_q90"", || L35:""source_prob_mean"", || L36:""source_prob_std"","
code/Q1_R08E1_neopolyp_frozen_risk_inference_v1.py,NeoPolyp,28,"L7: || L8:Purpose: || L9:Generate external NeoPolyp risk scores using the frozen source-only || L10:harm predictor. || L11: ### L17: || L18:Input: || L19:A prepared NeoPolyp table containing frozen source-only uncertainty || L20:features plus source/A1 outcomes. || L21: ### L18:Input: || L19:A prepared NeoPolyp table containing frozen source-only uncertainty || L20:features plus source/A1 outcomes. || L21: || L22:Output: ### L20:features plus source/A1 outcomes. || L21: || L22:Output: || L23:neopolyp_risk_validation_table.csv || L24:"""""" ### L47:def build_frozen_predictor(): || L48:# R08C1 frozen model family. || L49:# Coefficients should be injected from the locked source-only training artifact. || L50:return Pipeline([ || L51:(""scaler"", StandardScaler()), ### L68: || L69:feature_cols = [ || L70:""source_entropy_mean"", || L71:""source_entropy_std"", || L72:""source_entropy_q10"", ### L69:feature_cols = [ || L70:""source_entropy_mean"", || L71:""source_entropy_std"", || L72:""source_entropy_q10"", || L73:""source_entropy_q50"", ### L70:""source_entropy_mean"", || L71:""source_entropy_std"", || L72:""source_entropy_q10"", || L73:""source_entropy_q50"", || L74:""source_entropy_q90"","
code/Q1_R08E1_neopolyp_frozen_risk_inference_v1_fix2.py,NeoPolyp,25,"L8:Uses: || L9:- R08E0p5 frozen harm predictor artifact || L10:- NeoPolyp source-only uncertainty features || L11: || L12:No: ### L29: || L30:FEATURES = [ || L31:""source_entropy_mean"", || L32:""source_entropy_std"", || L33:""source_entropy_q10"", ### L30:FEATURES = [ || L31:""source_entropy_mean"", || L32:""source_entropy_std"", || L33:""source_entropy_q10"", || L34:""source_entropy_q50"", ### L31:""source_entropy_mean"", || L32:""source_entropy_std"", || L33:""source_entropy_q10"", || L34:""source_entropy_q50"", || L35:""source_entropy_q90"", ### L32:""source_entropy_std"", || L33:""source_entropy_q10"", || L34:""source_entropy_q50"", || L35:""source_entropy_q90"", || L36:""source_prob_mean"", ### L33:""source_entropy_q10"", || L34:""source_entropy_q50"", || L35:""source_entropy_q90"", || L36:""source_prob_mean"", || L37:""source_prob_std"", ### L34:""source_entropy_q50"", || L35:""source_entropy_q90"", || L36:""source_prob_mean"", || L37:""source_prob_std"", || L38:""source_prob_q10"", ### L35:""source_entropy_q90"", || L36:""source_prob_mean"", || L37:""source_prob_std"", || L38:""source_prob_q10"", || L39:""source_prob_q50"","
code/Q1_R08E1_pre_neopolyp_feature_assembly_v1.py,NeoPolyp,29,"L25: || L26:RENAME = { || L27:""paot_mrz19_harm_probability"": ""source_entropy_mean"", || L28:""paot_mrz19_benefit_probability"": ""source_prob_mean"", || L29:""paot_raw19_harm_probability"": ""source_logit_abs_mean"", ### L26:RENAME = { || L27:""paot_mrz19_harm_probability"": ""source_entropy_mean"", || L28:""paot_mrz19_benefit_probability"": ""source_prob_mean"", || L29:""paot_raw19_harm_probability"": ""source_logit_abs_mean"", || L30:""paot_raw19_benefit_probability"": ""source_confidence_mean"", ### L27:""paot_mrz19_harm_probability"": ""source_entropy_mean"", || L28:""paot_mrz19_benefit_probability"": ""source_prob_mean"", || L29:""paot_raw19_harm_probability"": ""source_logit_abs_mean"", || L30:""paot_raw19_benefit_probability"": ""source_confidence_mean"", || L31:} ### L28:""paot_mrz19_benefit_probability"": ""source_prob_mean"", || L29:""paot_raw19_harm_probability"": ""source_logit_abs_mean"", || L30:""paot_raw19_benefit_probability"": ""source_confidence_mean"", || L31:} || L32: ### L58: || L59:feature_cols = [ || L60:""source_entropy_mean"", || L61:""source_entropy_std"", || L62:""source_entropy_q10"", ### L59:feature_cols = [ || L60:""source_entropy_mean"", || L61:""source_entropy_std"", || L62:""source_entropy_q10"", || L63:""source_entropy_q50"", ### L60:""source_entropy_mean"", || L61:""source_entropy_std"", || L62:""source_entropy_q10"", || L63:""source_entropy_q50"", || L64:""source_entropy_q90"", ### L61:""source_entropy_std"", || L62:""source_entropy_q10"", || L63:""source_entropy_q50"", || L64:""source_entropy_q90"", || L65:""source_prob_mean"","
code/Q1_R08E1_pre_neopolyp_feature_assembly_v1_fix1.py,NeoPolyp,30,"L15: || L16:FEATURES = [ || L17:""source_entropy_mean"", || L18:""source_entropy_std"", || L19:""source_entropy_q10"", ### L16:FEATURES = [ || L17:""source_entropy_mean"", || L18:""source_entropy_std"", || L19:""source_entropy_q10"", || L20:""source_entropy_q50"", ### L17:""source_entropy_mean"", || L18:""source_entropy_std"", || L19:""source_entropy_q10"", || L20:""source_entropy_q50"", || L21:""source_entropy_q90"", ### L18:""source_entropy_std"", || L19:""source_entropy_q10"", || L20:""source_entropy_q50"", || L21:""source_entropy_q90"", || L22:""source_prob_mean"", ### L19:""source_entropy_q10"", || L20:""source_entropy_q50"", || L21:""source_entropy_q90"", || L22:""source_prob_mean"", || L23:""source_prob_std"", ### L20:""source_entropy_q50"", || L21:""source_entropy_q90"", || L22:""source_prob_mean"", || L23:""source_prob_std"", || L24:""source_prob_q10"", ### L21:""source_entropy_q90"", || L22:""source_prob_mean"", || L23:""source_prob_std"", || L24:""source_prob_q10"", || L25:""source_prob_q50"", ### L22:""source_prob_mean"", || L23:""source_prob_std"", || L24:""source_prob_q10"", || L25:""source_prob_q50"", || L26:""source_prob_q90"","
code/Q1_R08F0_neopolyp_frozen_risk_aware_external_validation_v1.py,NeoPolyp,7,"L7: || L8:Purpose: || L9:External validation of the frozen source-only risk-aware TTA policy. || L10: || L11:Frozen: ### L20: || L21:Input: || L22:NeoPolyp source/A1 predictions and GT-derived outcomes. || L23: || L24:This script only evaluates the frozen policy. ### L54:required = { || L55:""risk_score"", || L56:""source_dice"", || L57:""a1_dice"", || L58:""outcome"" ### L73:use_tent, || L74:df[""a1_dice""].values, || L75:df[""source_dice""].values || L76:) || L77: ### L112:print(f""{k}={v}"") || L113: || L114:out = Path(args.output) || L115:out.mkdir(parents=True, exist_ok=True) || L116: ### L144: || L145:parser.add_argument( || L146:""--output"", || L147:default=r""F:\MEDSEG_SAFETTA\outputs\Q1_R08F0_neopolyp_frozen_risk_validation_v1"" || L148:) ### L145:parser.add_argument( || L146:""--output"", || L147:default=r""F:\MEDSEG_SAFETTA\outputs\Q1_R08F0_neopolyp_frozen_risk_validation_v1"" || L148:) || L149:"
code/Q1_R08F0_neopolyp_frozen_risk_aware_external_validation_v1_fix1.py,NeoPolyp,11,"L43:required = [ || L44:""risk_score"", || L45:""source_dice"", || L46:""a1_dice"", || L47:] ### L56: || L57:df[""policy""] = ""A1_TENT"" || L58:df.loc[df[""risk_score""] >= threshold, ""policy""] = ""SOURCE"" || L59: || L60:df[""selected_dice""] = df[""a1_dice""] ### L60:df[""selected_dice""] = df[""a1_dice""] || L61:df.loc[ || L62:df[""policy""] == ""SOURCE"", || L63:""selected_dice"" || L64:] = df.loc[ ### L63:""selected_dice"" || L64:] = df.loc[ || L65:df[""policy""] == ""SOURCE"", || L66:""source_dice"" || L67:] ### L64:] = df.loc[ || L65:df[""policy""] == ""SOURCE"", || L66:""source_dice"" || L67:] || L68: ### L71:""rows"": int(len(df)), || L72:""threshold"": threshold, || L73:""source_rows"": int((df.policy == ""SOURCE"").sum()), || L74:""tent_rows"": int((df.policy == ""A1_TENT"").sum()), || L75:""mean_source_dice"": float(df.source_dice.mean()), ### L73:""source_rows"": int((df.policy == ""SOURCE"").sum()), || L74:""tent_rows"": int((df.policy == ""A1_TENT"").sum()), || L75:""mean_source_dice"": float(df.source_dice.mean()), || L76:""mean_a1_dice"": float(df.a1_dice.mean()), || L77:""mean_selected_dice"": float(df.selected_dice.mean()), ### L80:} || L81: || L82:out = Path(args.output) || L83:out.mkdir(parents=True, exist_ok=True) || L84:"
code/Q1_R10H2_NeoPolyp_external_labeled_panel_builder_fix1.py,NeoPolyp,41,"L31: || L32:RAW_FEATURES = [ || L33:""source_entropy_mean"", || L34:""source_entropy_std"", || L35:""source_entropy_q10"", ### L32:RAW_FEATURES = [ || L33:""source_entropy_mean"", || L34:""source_entropy_std"", || L35:""source_entropy_q10"", || L36:""source_entropy_q50"", ### L33:""source_entropy_mean"", || L34:""source_entropy_std"", || L35:""source_entropy_q10"", || L36:""source_entropy_q50"", || L37:""source_entropy_q90"", ### L34:""source_entropy_std"", || L35:""source_entropy_q10"", || L36:""source_entropy_q50"", || L37:""source_entropy_q90"", || L38:""source_prob_mean"", ### L35:""source_entropy_q10"", || L36:""source_entropy_q50"", || L37:""source_entropy_q90"", || L38:""source_prob_mean"", || L39:""source_prob_std"", ### L36:""source_entropy_q50"", || L37:""source_entropy_q90"", || L38:""source_prob_mean"", || L39:""source_prob_std"", || L40:""source_prob_q10"", ### L37:""source_entropy_q90"", || L38:""source_prob_mean"", || L39:""source_prob_std"", || L40:""source_prob_q10"", || L41:""source_prob_q50"", ### L38:""source_prob_mean"", || L39:""source_prob_std"", || L40:""source_prob_q10"", || L41:""source_prob_q50"", || L42:""source_prob_q90"","
code/Q1_R10I1_source_relation_stability_LOMO_feasibility_fix1.py,,93,"L4: || L5:"""""" || L6:Q1_R10I1_source_relation_stability_LOMO_feasibility_fix1.py || L7: || L8:Purpose ### L17: || L18:Safety transfer depends more on STABILITY OF FEATURE-LABEL RELATIONSHIPS || L19:across source environments than on marginal feature-distribution stability. || L20: || L21:Protocol ### L23:Leave-One-Model-Family-Out (LOMO): || L24:- target family = held-out model family || L25:- other two families = labeled source environments || L26:- 5-fold StratifiedGroupKFold by sample_id || L27:- target labels are evaluation-only ### L29:Feature selection for RELATION_STABLE_FILTER: || L30:For each outer fold and each candidate feature: || L31:1) compute univariate AUROC separately in the two SOURCE families, || L32:using source-training cases only; || L33:2) retain the feature iff BOTH source-family AUROCs show the same direction ### L30:For each outer fold and each candidate feature: || L31:1) compute univariate AUROC separately in the two SOURCE families, || L32:using source-training cases only; || L33:2) retain the feature iff BOTH source-family AUROCs show the same direction || L34:and each has at least MIN_SIGNAL=0.05 distance from random: ### L31:1) compute univariate AUROC separately in the two SOURCE families, || L32:using source-training cases only; || L33:2) retain the feature iff BOTH source-family AUROCs show the same direction || L34:and each has at least MIN_SIGNAL=0.05 distance from random: || L35:both >= 0.55  OR  both <= 0.45 ### L74: || L75:DEFAULT_PANEL = ( || L76:""F:/MEDSEG_SAFETTA/outputs/"" || L77:""Q1_R10A0_invariant_feature_table_v1/"" || L78:""invariant_feature_table.csv"" ### L79:) || L80: || L81:DEFAULT_OUTPUT = ( || L82:""F:/MEDSEG_SAFETTA/outputs/"" || L83:""Q1_R10I1_source_relation_stability_LOMO_feasibility_fix1_v1"""
code/Q1_R10J0_source_prediction_npz_relocation_schema_audit_fix2.py,,38,"L4: || L5:"""""" || L6:Q1_R10J0_source_prediction_npz_relocation_schema_audit_fix2.py || L7: || L8:Purpose ### L16:1) Read the frozen R05D3 manifest. || L17:2) Extract the 9 expected NPZ basenames. || L18:3) Recursively search F:/MEDSEG_SAFETTA/outputs for exact basename matches. || L19:4) If an expected basename has: || L20:- one exact match: accept it; ### L27:- inspect all 9 NPZ schemas; || L28:- print keys / shapes / dtypes / ranges; || L29:- identify source-only prediction-array candidates by key name. || L30: || L31:AUDIT ONLY ### L51: || L52:DEFAULT_MANIFEST = ( || L53:""F:/MEDSEG_SAFETTA/outputs/"" || L54:""Q1_R05D3_neopolyp_source_a1_prediction_lock_v1_fix1/"" || L55:""model_case_prediction_manifest.csv"" ### L52:DEFAULT_MANIFEST = ( || L53:""F:/MEDSEG_SAFETTA/outputs/"" || L54:""Q1_R05D3_neopolyp_source_a1_prediction_lock_v1_fix1/"" || L55:""model_case_prediction_manifest.csv"" || L56:) ### L57: || L58:DEFAULT_OUTCOMES = ( || L59:""F:/MEDSEG_SAFETTA/outputs/"" || L60:""Q1_R05D4_neopolyp_gt_reveal_paot_confirmatory_evaluation_v1/"" || L61:""model_case_outcomes.csv"" ### L62:) || L63: || L64:DEFAULT_SEARCH_ROOT = ""F:/MEDSEG_SAFETTA/outputs"" || L65: || L66:DEFAULT_OUTPUT = ( ### L64:DEFAULT_SEARCH_ROOT = ""F:/MEDSEG_SAFETTA/outputs"" || L65: || L66:DEFAULT_OUTPUT = ( || L67:""F:/MEDSEG_SAFETTA/outputs/"" || L68:""Q1_R10J0_source_prediction_npz_relocation_schema_audit_fix2_v1"""
code/Q1_R10J0_source_prediction_npz_schema_audit_fix1.py,,37,"L4: || L5:"""""" || L6:Q1_R10J0_source_prediction_npz_schema_audit_fix1.py || L7: || L8:Purpose ### L11:- macro target AUROC ~0.806 || L12:- worst-family AUROC ~0.768 || L13:- source-only R90 threshold transfers to recall ~0.899 || L14:- but macro FPR remains ~0.562 || L15:- oracle target R90 FPR is similarly weak, so threshold calibration is NOT the ### L40: || L41:DEFAULT_MANIFEST = ( || L42:""F:/MEDSEG_SAFETTA/outputs/"" || L43:""Q1_R05D3_neopolyp_source_a1_prediction_lock_v1_fix1/"" || L44:""model_case_prediction_manifest.csv"" ### L41:DEFAULT_MANIFEST = ( || L42:""F:/MEDSEG_SAFETTA/outputs/"" || L43:""Q1_R05D3_neopolyp_source_a1_prediction_lock_v1_fix1/"" || L44:""model_case_prediction_manifest.csv"" || L45:) ### L46: || L47:DEFAULT_OUTCOMES = ( || L48:""F:/MEDSEG_SAFETTA/outputs/"" || L49:""Q1_R05D4_neopolyp_gt_reveal_paot_confirmatory_evaluation_v1/"" || L50:""model_case_outcomes.csv"" ### L51:) || L52: || L53:DEFAULT_OUTPUT = ( || L54:""F:/MEDSEG_SAFETTA/outputs/"" || L55:""Q1_R10J0_source_prediction_npz_schema_audit_fix1_v1"" ### L52: || L53:DEFAULT_OUTPUT = ( || L54:""F:/MEDSEG_SAFETTA/outputs/"" || L55:""Q1_R10J0_source_prediction_npz_schema_audit_fix1_v1"" || L56:) ### L53:DEFAULT_OUTPUT = ( || L54:""F:/MEDSEG_SAFETTA/outputs/"" || L55:""Q1_R10J0_source_prediction_npz_schema_audit_fix1_v1"" || L56:) || L57:"
code/Q1_R10J1_source_mask_morphology_feature_builder_fix1.py,,48,"L4: || L5:"""""" || L6:Q1_R10J1_source_mask_morphology_feature_builder_fix1.py || L7: || L8:Build a frozen richer PRE-ADAPTATION morphology representation from the ### L7: || L8:Build a frozen richer PRE-ADAPTATION morphology representation from the || L9:R05D3-locked binary SOURCE masks only. || L10: || L11:Feature construction reads ONLY source_masks_packed.  a1_masks_packed is ### L9:R05D3-locked binary SOURCE masks only. || L10: || L11:Feature construction reads ONLY source_masks_packed.  a1_masks_packed is || L12:checked only as a schema key and its values are never accessed. || L13: ### L37: || L38:DEFAULT_MANIFEST = ( || L39:""F:/MEDSEG_SAFETTA/outputs/"" || L40:""Q1_R10J0_source_prediction_npz_relocation_schema_audit_fix2_v1/"" || L41:""model_case_prediction_manifest_relocated_fix2.csv"" ### L38:DEFAULT_MANIFEST = ( || L39:""F:/MEDSEG_SAFETTA/outputs/"" || L40:""Q1_R10J0_source_prediction_npz_relocation_schema_audit_fix2_v1/"" || L41:""model_case_prediction_manifest_relocated_fix2.csv"" || L42:) ### L43: || L44:DEFAULT_OUTCOMES = ( || L45:""F:/MEDSEG_SAFETTA/outputs/"" || L46:""Q1_R05D4_neopolyp_gt_reveal_paot_confirmatory_evaluation_v1/"" || L47:""model_case_outcomes.csv"" ### L49: || L50:DEFAULT_R10A0 = ( || L51:""F:/MEDSEG_SAFETTA/outputs/"" || L52:""Q1_R10A0_invariant_feature_table_v1/"" || L53:""invariant_feature_table.csv"" ### L54:) || L55: || L56:DEFAULT_OUTPUT = ( || L57:""F:/MEDSEG_SAFETTA/outputs/"" || L58:""Q1_R10J1_source_mask_morphology_feature_builder_fix1_v1"""
code/Q1_R10L0_final_source_safety_estimator_lock_fix1.py,,25,"L3: || L4:"""""" || L5:Q1_R10L0_final_source_safety_estimator_lock_fix1.py || L6: || L7:Purpose ### L7:Purpose || L8:------- || L9:After R10K2D freezes the confirmed method, fit ONE final source safety || L10:estimator on the complete NeoPolyp development cohort, before any independent || L11:external-cohort outcome is inspected. ### L81: || L82:DEFAULT_K2D_LOCK = ( || L83:""F:/MEDSEG_SAFETTA/outputs/"" || L84:""Q1_R10K2D_confirmed_method_freeze_fix1_v1/"" || L85:""R10K2D_CONFIRMED_METHOD_LOCK.json"" ### L87: || L88:DEFAULT_IMAGE_MANIFEST = ( || L89:""F:/MEDSEG_SAFETTA/outputs/"" || L90:""Q1_R05D1_neopolyp_acquisition_pairing_duplicate_qc_v1_fix2/"" || L91:""frozen_confirmatory_manifest.csv"" ### L93: || L94:DEFAULT_STATE_METADATA = ( || L95:""F:/MEDSEG_SAFETTA/outputs/"" || L96:""Q1_R10K2A_dinov2_image_mask_representation_lock_fix1_v1/"" || L97:""R10K2A_state_metadata_no_labels.csv"" ### L99: || L100:DEFAULT_STATE_FEATURES = ( || L101:""F:/MEDSEG_SAFETTA/outputs/"" || L102:""Q1_R10K2A_dinov2_image_mask_representation_lock_fix1_v1/"" || L103:""R10K2A_mask_conditioned_dinov2_features.npz"" ### L105: || L106:DEFAULT_MORPH = ( || L107:""F:/MEDSEG_SAFETTA/outputs/"" || L108:""Q1_R10J1_source_mask_morphology_feature_builder_fix1_v1/"" || L109:""source_mask_morphology_features_labeled.csv"" ### L106:DEFAULT_MORPH = ( || L107:""F:/MEDSEG_SAFETTA/outputs/"" || L108:""Q1_R10J1_source_mask_morphology_feature_builder_fix1_v1/"" || L109:""source_mask_morphology_features_labeled.csv"" || L110:)"
code/Q1_R10L0_final_source_safety_estimator_lock_fix2.py,,25,"L3: || L4:"""""" || L5:Q1_R10L0_final_source_safety_estimator_lock_fix2.py || L6: || L7:Purpose ### L7:Purpose || L8:------- || L9:After R10K2D freezes the confirmed method, fit ONE final source safety || L10:estimator on the complete NeoPolyp development cohort, before any independent || L11:external-cohort outcome is inspected. ### L81: || L82:DEFAULT_K2D_LOCK = ( || L83:""F:/MEDSEG_SAFETTA/outputs/"" || L84:""Q1_R10K2D_confirmed_method_freeze_fix1_v1/"" || L85:""R10K2D_CONFIRMED_METHOD_LOCK.json"" ### L87: || L88:DEFAULT_IMAGE_MANIFEST = ( || L89:""F:/MEDSEG_SAFETTA/outputs/"" || L90:""Q1_R05D1_neopolyp_acquisition_pairing_duplicate_qc_v1_fix2/"" || L91:""frozen_confirmatory_manifest.csv"" ### L93: || L94:DEFAULT_STATE_METADATA = ( || L95:""F:/MEDSEG_SAFETTA/outputs/"" || L96:""Q1_R10K2A_dinov2_image_mask_representation_lock_fix1_v1/"" || L97:""R10K2A_state_metadata_no_labels.csv"" ### L99: || L100:DEFAULT_STATE_FEATURES = ( || L101:""F:/MEDSEG_SAFETTA/outputs/"" || L102:""Q1_R10K2A_dinov2_image_mask_representation_lock_fix1_v1/"" || L103:""R10K2A_mask_conditioned_dinov2_features.npz"" ### L105: || L106:DEFAULT_MORPH = ( || L107:""F:/MEDSEG_SAFETTA/outputs/"" || L108:""Q1_R10J1_source_mask_morphology_feature_builder_fix1_v1/"" || L109:""source_mask_morphology_features_labeled.csv"" ### L106:DEFAULT_MORPH = ( || L107:""F:/MEDSEG_SAFETTA/outputs/"" || L108:""Q1_R10J1_source_mask_morphology_feature_builder_fix1_v1/"" || L109:""source_mask_morphology_features_labeled.csv"" || L110:)"
code/Q1_R10L0_final_source_safety_estimator_lock_fix3.py,,25,"L3: || L4:"""""" || L5:Q1_R10L0_final_source_safety_estimator_lock_fix3.py || L6: || L7:Purpose ### L7:Purpose || L8:------- || L9:After R10K2D freezes the confirmed method, fit ONE final source safety || L10:estimator on the complete NeoPolyp development cohort, before any independent || L11:external-cohort outcome is inspected. ### L81: || L82:DEFAULT_K2D_LOCK = ( || L83:""F:/MEDSEG_SAFETTA/outputs/"" || L84:""Q1_R10K2D_confirmed_method_freeze_fix1_v1/"" || L85:""R10K2D_CONFIRMED_METHOD_LOCK.json"" ### L87: || L88:DEFAULT_IMAGE_MANIFEST = ( || L89:""F:/MEDSEG_SAFETTA/outputs/"" || L90:""Q1_R05D1_neopolyp_acquisition_pairing_duplicate_qc_v1_fix2/"" || L91:""frozen_confirmatory_manifest.csv"" ### L93: || L94:DEFAULT_STATE_METADATA = ( || L95:""F:/MEDSEG_SAFETTA/outputs/"" || L96:""Q1_R10K2A_dinov2_image_mask_representation_lock_fix1_v1/"" || L97:""R10K2A_state_metadata_no_labels.csv"" ### L99: || L100:DEFAULT_STATE_FEATURES = ( || L101:""F:/MEDSEG_SAFETTA/outputs/"" || L102:""Q1_R10K2A_dinov2_image_mask_representation_lock_fix1_v1/"" || L103:""R10K2A_mask_conditioned_dinov2_features.npz"" ### L105: || L106:DEFAULT_MORPH = ( || L107:""F:/MEDSEG_SAFETTA/outputs/"" || L108:""Q1_R10J1_source_mask_morphology_feature_builder_fix1_v1/"" || L109:""source_mask_morphology_features_labeled.csv"" ### L106:DEFAULT_MORPH = ( || L107:""F:/MEDSEG_SAFETTA/outputs/"" || L108:""Q1_R10J1_source_mask_morphology_feature_builder_fix1_v1/"" || L109:""source_mask_morphology_features_labeled.csv"" || L110:)"
code/Q1_R10L1B_polypgen_unique_static_manifest_lock_fix1.py,PolypGen,14,"L13:- one unmatched image stem and one unmatched mask stem in C3. || L14: || L15:Before source-training overlap audit or any external inference, freeze a || L16:deduplicated static-image manifest. || L17: ### L48: || L49:DEFAULT_R10L1_MANIFEST = ( || L50:""F:/MEDSEG_SAFETTA/outputs/"" || L51:""Q1_R10L1_polypgen_official_singleframe_asset_audit_fix2_v1/"" || L52:""R10L1_polypgen_official_singleframe_manifest.csv"" ### L54: || L55:DEFAULT_R10L1_SUMMARY = ( || L56:""F:/MEDSEG_SAFETTA/outputs/"" || L57:""Q1_R10L1_polypgen_official_singleframe_asset_audit_fix2_v1/"" || L58:""R10L1_summary.json"" ### L64:) || L65: || L66:DEFAULT_OUTPUT = ( || L67:""F:/MEDSEG_SAFETTA/outputs/"" || L68:""Q1_R10L1B_polypgen_unique_static_manifest_lock_fix1_v1"" ### L65: || L66:DEFAULT_OUTPUT = ( || L67:""F:/MEDSEG_SAFETTA/outputs/"" || L68:""Q1_R10L1B_polypgen_unique_static_manifest_lock_fix1_v1"" || L69:) ### L122:) || L123:ap.add_argument( || L124:""--output_dir"", || L125:default=DEFAULT_OUTPUT, || L126:) ### L123:ap.add_argument( || L124:""--output_dir"", || L125:default=DEFAULT_OUTPUT, || L126:) || L127:args = ap.parse_args() ### L130:summary_path = Path(args.r10l1_summary) || L131:root = Path(args.polypgen_root) || L132:out = Path(args.output_dir) || L133:out.mkdir(parents=True, exist_ok=True) || L134:"
code/Q1_R10L1B_polypgen_unique_static_manifest_lock_fix2.py,PolypGen,14,"L13:- one unmatched image stem and one unmatched mask stem in C3. || L14: || L15:Before source-training overlap audit or any external inference, freeze a || L16:deduplicated static-image manifest. || L17: ### L48: || L49:DEFAULT_R10L1_MANIFEST = ( || L50:""F:/MEDSEG_SAFETTA/outputs/"" || L51:""Q1_R10L1_polypgen_official_singleframe_asset_audit_fix2_v1/"" || L52:""R10L1_polypgen_official_singleframe_manifest.csv"" ### L54: || L55:DEFAULT_R10L1_SUMMARY = ( || L56:""F:/MEDSEG_SAFETTA/outputs/"" || L57:""Q1_R10L1_polypgen_official_singleframe_asset_audit_fix2_v1/"" || L58:""R10L1_summary.json"" ### L64:) || L65: || L66:DEFAULT_OUTPUT = ( || L67:""F:/MEDSEG_SAFETTA/outputs/"" || L68:""Q1_R10L1B_polypgen_unique_static_manifest_lock_fix2_v1"" ### L65: || L66:DEFAULT_OUTPUT = ( || L67:""F:/MEDSEG_SAFETTA/outputs/"" || L68:""Q1_R10L1B_polypgen_unique_static_manifest_lock_fix2_v1"" || L69:) ### L122:) || L123:ap.add_argument( || L124:""--output_dir"", || L125:default=DEFAULT_OUTPUT, || L126:) ### L123:ap.add_argument( || L124:""--output_dir"", || L125:default=DEFAULT_OUTPUT, || L126:) || L127:args = ap.parse_args() ### L130:summary_path = Path(args.r10l1_summary) || L131:root = Path(args.polypgen_root) || L132:out = Path(args.output_dir) || L133:out.mkdir(parents=True, exist_ok=True) || L134:"
code/Q1_R10L1B_polypgen_unique_static_manifest_lock_fix3.py,PolypGen,16,"L13:- one unmatched image stem and one unmatched mask stem in C3. || L14: || L15:Before source-training overlap audit or any external inference, freeze a || L16:deduplicated static-image manifest. || L17: ### L48: || L49:DEFAULT_R10L1_MANIFEST = ( || L50:""F:/MEDSEG_SAFETTA/outputs/"" || L51:""Q1_R10L1_polypgen_official_singleframe_asset_audit_fix2_v1/"" || L52:""R10L1_polypgen_official_singleframe_manifest.csv"" ### L54: || L55:DEFAULT_R10L1_SUMMARY = ( || L56:""F:/MEDSEG_SAFETTA/outputs/"" || L57:""Q1_R10L1_polypgen_official_singleframe_asset_audit_fix2_v1/"" || L58:""R10L1_summary.json"" ### L64:) || L65: || L66:DEFAULT_OUTPUT = ( || L67:""F:/MEDSEG_SAFETTA/outputs/"" || L68:""Q1_R10L1B_polypgen_unique_static_manifest_lock_fix3_v1"" ### L65: || L66:DEFAULT_OUTPUT = ( || L67:""F:/MEDSEG_SAFETTA/outputs/"" || L68:""Q1_R10L1B_polypgen_unique_static_manifest_lock_fix3_v1"" || L69:) ### L122:) || L123:ap.add_argument( || L124:""--output_dir"", || L125:default=DEFAULT_OUTPUT, || L126:) ### L123:ap.add_argument( || L124:""--output_dir"", || L125:default=DEFAULT_OUTPUT, || L126:) || L127:args = ap.parse_args() ### L130:summary_path = Path(args.r10l1_summary) || L131:root = Path(args.polypgen_root) || L132:out = Path(args.output_dir) || L133:out.mkdir(parents=True, exist_ok=True) || L134:"
code/Q1_R10L1_polypgen_external_cohort_asset_audit_fix1.py,PolypGen,19,"L23:Important: || L24:This audit can establish technical pairing + no exact NeoPolyp duplication. || L25:It CANNOT by itself prove that PolypGen was absent from the original source || L26:segmentation-model training data. That remains a separate lineage gate. || L27:"""""" ### L46: || L47:DEFAULT_NEOPOLYP_MANIFEST = ( || L48:""F:/MEDSEG_SAFETTA/outputs/"" || L49:""Q1_R05D1_neopolyp_acquisition_pairing_duplicate_qc_v1_fix2/"" || L50:""frozen_confirmatory_manifest.csv"" ### L52: || L53:DEFAULT_R10L0_LOCK = ( || L54:""F:/MEDSEG_SAFETTA/outputs/"" || L55:""Q1_R10L0_final_source_safety_estimator_lock_fix3_v1/"" || L56:""R10L0_FINAL_SOURCE_ESTIMATOR_LOCK.json"" ### L53:DEFAULT_R10L0_LOCK = ( || L54:""F:/MEDSEG_SAFETTA/outputs/"" || L55:""Q1_R10L0_final_source_safety_estimator_lock_fix3_v1/"" || L56:""R10L0_FINAL_SOURCE_ESTIMATOR_LOCK.json"" || L57:) ### L54:""F:/MEDSEG_SAFETTA/outputs/"" || L55:""Q1_R10L0_final_source_safety_estimator_lock_fix3_v1/"" || L56:""R10L0_FINAL_SOURCE_ESTIMATOR_LOCK.json"" || L57:) || L58: ### L57:) || L58: || L59:DEFAULT_OUTPUT = ( || L60:""F:/MEDSEG_SAFETTA/outputs/"" || L61:""Q1_R10L1_polypgen_external_cohort_asset_audit_fix1_v1"" ### L58: || L59:DEFAULT_OUTPUT = ( || L60:""F:/MEDSEG_SAFETTA/outputs/"" || L61:""Q1_R10L1_polypgen_external_cohort_asset_audit_fix1_v1"" || L62:) ### L174:) || L175:ap.add_argument( || L176:""--output_dir"", || L177:default=DEFAULT_OUTPUT, || L178:)"
code/Q1_R10L1_polypgen_official_singleframe_asset_audit_fix2.py,PolypGen,17,"L44:7) write center-aware locked manifest. || L45: || L46:Source-training overlap remains a separate R10L2 gate. || L47:"""""" || L48: ### L66: || L67:DEFAULT_NEOPOLYP_MANIFEST = ( || L68:""F:/MEDSEG_SAFETTA/outputs/"" || L69:""Q1_R05D1_neopolyp_acquisition_pairing_duplicate_qc_v1_fix2/"" || L70:""frozen_confirmatory_manifest.csv"" ### L72: || L73:DEFAULT_R10L0_LOCK = ( || L74:""F:/MEDSEG_SAFETTA/outputs/"" || L75:""Q1_R10L0_final_source_safety_estimator_lock_fix3_v1/"" || L76:""R10L0_FINAL_SOURCE_ESTIMATOR_LOCK.json"" ### L73:DEFAULT_R10L0_LOCK = ( || L74:""F:/MEDSEG_SAFETTA/outputs/"" || L75:""Q1_R10L0_final_source_safety_estimator_lock_fix3_v1/"" || L76:""R10L0_FINAL_SOURCE_ESTIMATOR_LOCK.json"" || L77:) ### L74:""F:/MEDSEG_SAFETTA/outputs/"" || L75:""Q1_R10L0_final_source_safety_estimator_lock_fix3_v1/"" || L76:""R10L0_FINAL_SOURCE_ESTIMATOR_LOCK.json"" || L77:) || L78: ### L77:) || L78: || L79:DEFAULT_OUTPUT = ( || L80:""F:/MEDSEG_SAFETTA/outputs/"" || L81:""Q1_R10L1_polypgen_official_singleframe_asset_audit_fix2_v1"" ### L78: || L79:DEFAULT_OUTPUT = ( || L80:""F:/MEDSEG_SAFETTA/outputs/"" || L81:""Q1_R10L1_polypgen_official_singleframe_asset_audit_fix2_v1"" || L82:) ### L188:) || L189:ap.add_argument( || L190:""--output_dir"", || L191:default=DEFAULT_OUTPUT, || L192:)"
code/Q1_R10L2A_source_training_lineage_discovery_audit_fix1.py,,49,"L3: || L4:"""""" || L5:Q1_R10L2A_source_training_lineage_discovery_audit_fix1.py || L6: || L7:Purpose ### L7:Purpose || L8:------- || L9:Before any PolypGen inference, recover the ACTUAL source-training lineage of || L10:the nine frozen segmentation model states. || L11: ### L14:Inputs || L15:------ || L16:1) R10K1 exact checkpoint-recovery table (9 frozen states) || L17:2) R10L1B frozen 1532-case unique PolypGen static manifest || L18:3) MEDSEG_SAFETTA project root ### L20:Audit strategy || L21:-------------- || L22:A. Recover each frozen checkpoint path and derive its training-run directory. || L23:B. Inspect only training-run artifacts and matching code artifacts for: || L24:- explicit dataset/data-root references; ### L41:--------------------------- || L42:Zero overlap is only considered confirmed for a model state when an explicit || L43:source-training image manifest/path list is recovered for that state. || L44: || L45:If historical artifacts do not expose the exact train-image list, the script ### L60: || L61: || L62:DEFAULT_CHECKPOINT_RECOVERY = ( || L63:""F:/MEDSEG_SAFETTA/outputs/"" || L64:""Q1_R10K1_higher_level_representation_asset_audit_fix1_v1/"" ### L61: || L62:DEFAULT_CHECKPOINT_RECOVERY = ( || L63:""F:/MEDSEG_SAFETTA/outputs/"" || L64:""Q1_R10K1_higher_level_representation_asset_audit_fix1_v1/"" || L65:""R10K1_checkpoint_recovery.csv"" ### L63:""F:/MEDSEG_SAFETTA/outputs/"" || L64:""Q1_R10K1_higher_level_representation_asset_audit_fix1_v1/"" || L65:""R10K1_checkpoint_recovery.csv"" || L66:) || L67:"
code/Q1_R10L2B_authoritative_s01_source_training_overlap_lock_fix1.py,,88,"L3: || L4:"""""" || L5:Q1_R10L2B_authoritative_s01_source_training_overlap_lock_fix1.py || L6: || L7:Purpose ### L23: || L24:This audit verifies: || L25:1) the exact 9 frozen checkpoint states; || L26:2) the family training-code lineage to the same S01 manifest; || L27:3) the current S01 manifest SHA and frozen role counts; ### L26:2) the family training-code lineage to the same S01 manifest; || L27:3) the current S01 manifest SHA and frozen role counts; || L28:4) all source_train + source_val image files against manifest SHA256 metadata; || L29:5) exact RGB SHA256 overlap against the locked 1532-case PolypGen cohort. || L30: ### L29:5) exact RGB SHA256 overlap against the locked 1532-case PolypGen cohort. || L30: || L31:source_val is included because it selected checkpoints and therefore belongs || L32:to the development lineage. || L33: ### L58: || L59:EXPECTED_ROLE_COUNTS = { || L60:""source_train"": 1305, || L61:""source_val"": 145, || L62:""seen_sanity"": 162, ### L59:EXPECTED_ROLE_COUNTS = { || L60:""source_train"": 1305, || L61:""source_val"": 145, || L62:""seen_sanity"": 162, || L63:""unseen_locked"": 636, ### L84:) || L85: || L86:DEFAULT_CHECKPOINT_RECOVERY = ( || L87:""F:/MEDSEG_SAFETTA/outputs/"" || L88:""Q1_R10K1_higher_level_representation_asset_audit_fix1_v1/"" ### L85: || L86:DEFAULT_CHECKPOINT_RECOVERY = ( || L87:""F:/MEDSEG_SAFETTA/outputs/"" || L88:""Q1_R10K1_higher_level_representation_asset_audit_fix1_v1/"" || L89:""R10K1_checkpoint_recovery.csv"""
code/Q1_R10L3A_polypgen_source_a1_prediction_lock_fix1.py,PolypGen,85,"L3: || L4:"""""" || L5:Q1_R10L3A_polypgen_source_a1_prediction_lock_fix1.py || L6: || L7:First prospective PolypGen model execution after the independence gate. ### L9:PURPOSE || L10:------- || L11:Run the exact already-frozen SOURCE vs A1_TENT_1STEP counterfactual for all || L12:1532 locked PolypGen static cases x 9 frozen model states, while keeping || L13:PolypGen GT completely unopened. ### L17:and reuses its frozen state runners: || L18: || L19:- PraNet: exact S03-B SOURCE + episodic 1-step TENT || L20:- DeepLabV3-R50: exact singleton-safe S05-C SOURCE + episodic 1-step TENT || L21:- SegFormer-B0: exact R03 SOURCE + episodic 1-step TENT ### L18: || L19:- PraNet: exact S03-B SOURCE + episodic 1-step TENT || L20:- DeepLabV3-R50: exact singleton-safe S05-C SOURCE + episodic 1-step TENT || L21:- SegFormer-B0: exact R03 SOURCE + episodic 1-step TENT || L22: ### L19:- PraNet: exact S03-B SOURCE + episodic 1-step TENT || L20:- DeepLabV3-R50: exact singleton-safe S05-C SOURCE + episodic 1-step TENT || L21:- SegFormer-B0: exact R03 SOURCE + episodic 1-step TENT || L22: || L23:Frozen action: ### L38:- target calibration/tuning/threshold fitting: NO || L39: || L40:Outputs SOURCE and A1 masks only, packed exactly as the authoritative R05D3 || L41:implementation: 352x352 binary masks, row-major, np.packbits(bitorder=""little""). || L42:"""""" ### L66: || L67:VERSION = ""2026-08-26-Q1-R10L3A-v1-fix1"" || L68:BUILD = ""Q1_R10L3A_POLYPGEN_SOURCE_A1_PREDICTION_LOCK_FIX1"" || L69: || L70:ROOT = Path(r""F:\MEDSEG_SAFETTA"") ### L72:R05D3_SCRIPT = ( || L73:ROOT / ""code"" || L74:/ ""Q1_R05D3_neopolyp_source_a1_prediction_lock_v1_fix1.py"" || L75:) || L76:EXPECTED_R05D3_SCRIPT_SHA256 = ("
code/Q1_R10L3A_polypgen_source_a1_prediction_lock_fix2.py,PolypGen,93,"L3: || L4:"""""" || L5:Q1_R10L3A_polypgen_source_a1_prediction_lock_fix2.py || L6: || L7:First prospective PolypGen model execution after the independence gate. ### L9:PURPOSE || L10:------- || L11:Run the exact already-frozen SOURCE vs A1_TENT_1STEP counterfactual for all || L12:1532 locked PolypGen static cases x 9 frozen model states, while keeping || L13:PolypGen GT completely unopened. ### L17:and reuses its frozen state runners: || L18: || L19:- PraNet: exact S03-B SOURCE + episodic 1-step TENT || L20:- DeepLabV3-R50: exact singleton-safe S05-C SOURCE + episodic 1-step TENT || L21:- SegFormer-B0: exact R03 SOURCE + episodic 1-step TENT ### L18: || L19:- PraNet: exact S03-B SOURCE + episodic 1-step TENT || L20:- DeepLabV3-R50: exact singleton-safe S05-C SOURCE + episodic 1-step TENT || L21:- SegFormer-B0: exact R03 SOURCE + episodic 1-step TENT || L22: ### L19:- PraNet: exact S03-B SOURCE + episodic 1-step TENT || L20:- DeepLabV3-R50: exact singleton-safe S05-C SOURCE + episodic 1-step TENT || L21:- SegFormer-B0: exact R03 SOURCE + episodic 1-step TENT || L22: || L23:Frozen action: ### L38:- target calibration/tuning/threshold fitting: NO || L39: || L40:Outputs SOURCE and A1 masks only, packed exactly as the authoritative R05D3 || L41:implementation: 352x352 binary masks, row-major, np.packbits(bitorder=""little""). || L42:"""""" ### L66: || L67:VERSION = ""2026-08-26-Q1-R10L3A-v1-fix2"" || L68:BUILD = ""Q1_R10L3A_POLYPGEN_SOURCE_A1_PREDICTION_LOCK_FIX2"" || L69: || L70:ROOT = Path(r""F:\MEDSEG_SAFETTA"") ### L72:R05D3_SCRIPT = ( || L73:ROOT / ""code"" || L74:/ ""Q1_R05D3_neopolyp_source_a1_prediction_lock_v1_fix1.py"" || L75:) || L76:EXPECTED_R05D3_SCRIPT_SHA256 = ("
code/Q1_R10L3B_polypgen_frozen_safety_score_lock_fix1.py,PolypGen,56,"L13:Per model-case: || L14:1) RGB -> frozen facebook/dinov2-base, direct bicubic 224x224; || L15:2) read SOURCE mask only (A1 value access forbidden); || L16:3) SOURCE 352x352 -> exact 22x22 block occupancy -> 16x16; || L17:4) foreground-weighted patch mean 768-D; ### L14:1) RGB -> frozen facebook/dinov2-base, direct bicubic 224x224; || L15:2) read SOURCE mask only (A1 value access forbidden); || L16:3) SOURCE 352x352 -> exact 22x22 block occupancy -> 16x16; || L17:4) foreground-weighted patch mean 768-D; || L18:5) background-weighted patch mean 768-D; ### L38:- outcome metric computation || L39: || L40:Outputs are cryptographically locked before GT reveal. || L41:"""""" || L42: ### L69:# --------------------------------------------------------------------- || L70:R10L3A_DIR = ( || L71:ROOT / ""outputs"" || L72:/ ""Q1_R10L3A_polypgen_source_a1_prediction_lock_fix2_v1"" || L73:) ### L70:R10L3A_DIR = ( || L71:ROOT / ""outputs"" || L72:/ ""Q1_R10L3A_polypgen_source_a1_prediction_lock_fix2_v1"" || L73:) || L74:R10L3A_LOCK = ( ### L74:R10L3A_LOCK = ( || L75:R10L3A_DIR || L76:/ ""R10L3A_POLYPGEN_SOURCE_A1_PREDICTION_LOCK.json"" || L77:) || L78:EXPECTED_R10L3A_LOCK_SHA256 = ( ### L80:) || L81:EXPECTED_R10L3A_DECISION = ( || L82:""POLYPGEN_SOURCE_A1_PREDICTIONS_LOCKED_BEFORE_GT_REVEAL"" || L83:) || L84:R10L3A_RGB_MANIFEST = ( ### L98:R10J1_SCRIPT = ( || L99:ROOT / ""code"" || L100:/ ""Q1_R10J1_source_mask_morphology_feature_builder_fix1.py"" || L101:) || L102:R10K2D_LOCK = ("
code/Q1_R10L3C_polypgen_gt_reveal_prospective_external_evaluation_fix1.py,PolypGen,47,"L6: || L7:FIRST PolypGen GT reveal after: || L8:- R10L3A SOURCE/A1 prediction lock; || L9:- R10L3B frozen safety-score lock. || L10: ### L12:1) verifies all frozen upstream locks/artifacts; || L13:2) reveals only the already-locked 1532 PolypGen GT masks; || L14:3) computes SOURCE Dice, A1 Dice, DeltaDice; || L15:4) applies the exact frozen development outcome rule: || L16:HARM    if DeltaDice <= -0.02 ### L64: || L65:POLYPGEN_MANIFEST = ( || L66:ROOT / ""outputs"" || L67:/ ""Q1_R10L1B_polypgen_unique_static_manifest_lock_fix3_v1"" || L68:/ ""R10L1B_POLYPGEN_UNIQUE_STATIC_MANIFEST.csv"" ### L69:) || L70:POLYPGEN_MANIFEST_LOCK = ( || L71:ROOT / ""outputs"" || L72:/ ""Q1_R10L1B_polypgen_unique_static_manifest_lock_fix3_v1"" || L73:/ ""R10L1B_MANIFEST_LOCK.json"" ### L74:) || L75:EXPECTED_POLYPGEN_MANIFEST_DECISION = ( || L76:""POLYPGEN_STATIC_UNIQUE_MANIFEST_LOCKED_PENDING_SOURCE_TRAINING_AUDIT"" || L77:) || L78: ### L78: || L79:INDEPENDENCE_LOCK = ( || L80:ROOT / ""outputs"" || L81:/ ""Q1_R10L2B_authoritative_s01_source_training_overlap_lock_fix1_v1"" || L82:/ ""R10L2B_INDEPENDENCE_GATE_LOCK.json"" ### L79:INDEPENDENCE_LOCK = ( || L80:ROOT / ""outputs"" || L81:/ ""Q1_R10L2B_authoritative_s01_source_training_overlap_lock_fix1_v1"" || L82:/ ""R10L2B_INDEPENDENCE_GATE_LOCK.json"" || L83:) ### L88: || L89:R10L3A_DIR = ( || L90:ROOT / ""outputs"" || L91:/ ""Q1_R10L3A_polypgen_source_a1_prediction_lock_fix2_v1"" || L92:)"
code/Q1_R10L3D_polypgen_external_generalization_diagnostic_freeze_fix1.py,PolypGen,12,"L40: || L41:R10L3C_DIR = ( || L42:ROOT / ""outputs"" || L43:/ ""Q1_R10L3C_polypgen_gt_reveal_prospective_external_evaluation_fix1_v1"" || L44:) ### L58:BOOT = R10L3C_DIR / ""R10L3C_clustered_bootstrap_ci.csv"" || L59: || L60:OUTPUT_DIR = ( || L61:ROOT / ""outputs"" || L62:/ ""Q1_R10L3D_polypgen_external_generalization_diagnostic_freeze_fix1_v1"" ### L59: || L60:OUTPUT_DIR = ( || L61:ROOT / ""outputs"" || L62:/ ""Q1_R10L3D_polypgen_external_generalization_diagnostic_freeze_fix1_v1"" || L63:) ### L231:def main(): || L232:ap = argparse.ArgumentParser() || L233:ap.add_argument(""--output-dir"", type=Path, default=OUTPUT_DIR) || L234:args = ap.parse_args() || L235: ### L382:print(""Post-GT method modification authorized: NO"") || L383: || L384:if args.output_dir.exists(): || L385:raise FileExistsError(args.output_dir) || L386:args.output_dir.mkdir(parents=True, exist_ok=False) ### L383: || L384:if args.output_dir.exists(): || L385:raise FileExistsError(args.output_dir) || L386:args.output_dir.mkdir(parents=True, exist_ok=False) || L387: ### L384:if args.output_dir.exists(): || L385:raise FileExistsError(args.output_dir) || L386:args.output_dir.mkdir(parents=True, exist_ok=False) || L387: || L388:grid.to_csv( ### L387: || L388:grid.to_csv( || L389:args.output_dir / ""R10L3D_family_center_metric_grid.csv"", || L390:index=False, || L391:)"
code/Q1_R11C_neopolyp_tent2_prediction_lock_fix1.py,NeoPolyp,87,"L11:semantics. || L12: || L13:Reads NeoPolyp RGB and frozen R05D3 SOURCE masks for parity only. || L14:Does NOT read R05D3 A1 mask values, NeoPolyp GT, safety scores, or PolypGen data. || L15:"""""" ### L38:ROOT = Path(r""F:\MEDSEG_SAFETTA"") || L39: || L40:R11B_LOCK = ROOT / ""outputs"" / ""Q1_R11B_candidate_action_semantic_lineage_audit_fix1_v1"" / ""R11B_CANDIDATE_ACTION_LOCK.json"" || L41:EXPECTED_R11B_DECISION = ""R11B_CANDIDATE_ACTION_SEMANTICS_FROZEN"" || L42: ### L41:EXPECTED_R11B_DECISION = ""R11B_CANDIDATE_ACTION_SEMANTICS_FROZEN"" || L42: || L43:R05D3_SCRIPT = ROOT / ""code"" / ""Q1_R05D3_neopolyp_source_a1_prediction_lock_v1_fix1.py"" || L44:EXPECTED_R05D3_SCRIPT_SHA256 = ""df22d6f3054257743d1f12d9e757323ea9f4a052b7642eb4ab610da46ff21251"" || L45:R05D3_DIR = ROOT / ""outputs"" / ""Q1_R05D3_neopolyp_source_a1_prediction_lock_v1_fix1"" ### L43:R05D3_SCRIPT = ROOT / ""code"" / ""Q1_R05D3_neopolyp_source_a1_prediction_lock_v1_fix1.py"" || L44:EXPECTED_R05D3_SCRIPT_SHA256 = ""df22d6f3054257743d1f12d9e757323ea9f4a052b7642eb4ab610da46ff21251"" || L45:R05D3_DIR = ROOT / ""outputs"" / ""Q1_R05D3_neopolyp_source_a1_prediction_lock_v1_fix1"" || L46:R05D3_LOCK = R05D3_DIR / ""Q1_R05D3_NEOPOLYP_SOURCE_A1_PREDICTION_LOCK.json"" || L47:EXPECTED_R05D3_LOCK_SHA256 = ""3da08e5ed0780a00788a297b1127d9eb460224326b11e9e30eefce2b3fb48c9a"" ### L44:EXPECTED_R05D3_SCRIPT_SHA256 = ""df22d6f3054257743d1f12d9e757323ea9f4a052b7642eb4ab610da46ff21251"" || L45:R05D3_DIR = ROOT / ""outputs"" / ""Q1_R05D3_neopolyp_source_a1_prediction_lock_v1_fix1"" || L46:R05D3_LOCK = R05D3_DIR / ""Q1_R05D3_NEOPOLYP_SOURCE_A1_PREDICTION_LOCK.json"" || L47:EXPECTED_R05D3_LOCK_SHA256 = ""3da08e5ed0780a00788a297b1127d9eb460224326b11e9e30eefce2b3fb48c9a"" || L48:EXPECTED_R05D3_DECISION = ""NEOPOLYP_SOURCE_A1_PREDICTIONS_LOCKED"" ### L46:R05D3_LOCK = R05D3_DIR / ""Q1_R05D3_NEOPOLYP_SOURCE_A1_PREDICTION_LOCK.json"" || L47:EXPECTED_R05D3_LOCK_SHA256 = ""3da08e5ed0780a00788a297b1127d9eb460224326b11e9e30eefce2b3fb48c9a"" || L48:EXPECTED_R05D3_DECISION = ""NEOPOLYP_SOURCE_A1_PREDICTIONS_LOCKED"" || L49: || L50:S07B_SCRIPT = ROOT / ""code"" / ""S07_B_build_pranet_source_side_counterfactual_utility_dataset_v1.py"" ### L48:EXPECTED_R05D3_DECISION = ""NEOPOLYP_SOURCE_A1_PREDICTIONS_LOCKED"" || L49: || L50:S07B_SCRIPT = ROOT / ""code"" / ""S07_B_build_pranet_source_side_counterfactual_utility_dataset_v1.py"" || L51:POLYPGEN_LOCK = ROOT / ""outputs"" / ""Q1_R10L3C_polypgen_gt_reveal_prospective_external_evaluation_fix1_v1"" / ""R10L3C_POLYPGEN_PROSPECTIVE_EXTERNAL_EVALUATION_LOCK.json"" || L52:EXPECTED_POLYPGEN_DECISION = ""POLYPGEN_PROSPECTIVE_EXTERNAL_EVALUATION_COMPLETE_NO_RETUNING"" ### L49: || L50:S07B_SCRIPT = ROOT / ""code"" / ""S07_B_build_pranet_source_side_counterfactual_utility_dataset_v1.py"" || L51:POLYPGEN_LOCK = ROOT / ""outputs"" / ""Q1_R10L3C_polypgen_gt_reveal_prospective_external_evaluation_fix1_v1"" / ""R10L3C_POLYPGEN_PROSPECTIVE_EXTERNAL_EVALUATION_LOCK.json"" || L52:EXPECTED_POLYPGEN_DECISION = ""POLYPGEN_PROSPECTIVE_EXTERNAL_EVALUATION_COMPLETE_NO_RETUNING"" || L53:"
code/Q1_R12B_full_neopolyp_sar_prediction_lock_fix1.py,NeoPolyp,83,"L42:ROOT = Path(r""F:\MEDSEG_SAFETTA"") || L43:CODE = ROOT / ""code"" || L44:OUT = ROOT / ""outputs"" || L45: || L46:R12A_SCRIPT = CODE / ""Q1_R12A_sar_dense_episdic_three_family_feasibility_fix2.py"" ### L61:) || L62: || L63:R05D3_SCRIPT = CODE / ""Q1_R05D3_neopolyp_source_a1_prediction_lock_v1_fix1.py"" || L64:EXPECTED_R05D3_SHA = ( || L65:""df22d6f3054257743d1f12d9e757323ea9f4a052b7642eb4ab610da46ff21251"" ### L75:) || L76: || L77:OUTPUT_DIR = OUT / ""Q1_R12B_full_neopolyp_sar_prediction_lock_fix1_v1"" || L78: || L79:ACTION = ""A3_SAR_DENSE_EPISODIC_1STEP"" ### L93:""model_state_id"", || L94:""training_seed"", || L95:""checkpoint_sha256"", || L96:""source_foreground_pixels"", || L97:""sar_foreground_pixels"", ### L94:""training_seed"", || L95:""checkpoint_sha256"", || L96:""source_foreground_pixels"", || L97:""sar_foreground_pixels"", || L98:""source_sar_changed_pixels"", ### L96:""source_foreground_pixels"", || L97:""sar_foreground_pixels"", || L98:""source_sar_changed_pixels"", || L99:""reliable_pixels_first"", || L100:""reliable_pixels_second"", ### L185:raise RuntimeError(""R12A model-recovery rule changed."") || L186:if dense.get(""action_prediction"") != ""same-case post-SAM-update segmentation"": || L187:raise RuntimeError(""R12A action-output semantics changed."") || L188: || L189:pg = json.loads(POLYPGEN_LOCK.read_text(encoding=""utf-8"")) ### L223: || L224: || L225:def load_reference_source_pack(r12, r05, state): || L226:x = r12.source_pack(r05, state) || L227:if x.shape != (CASES, PACKED_BYTES):"
code/Q1_R13B_full_neopolyp_pl_conf90_prediction_lock_fix1.py,NeoPolyp,77,"L40: || L41:ROOT = Path(r""F:\MEDSEG_SAFETTA"") || L42:CODE, OUT = ROOT/""code"", ROOT/""outputs"" || L43: || L44:R13A_SCRIPT = CODE/""Q1_R13A_confident_pseudolabel_three_family_feasibility_fix1.py"" ### L52:EXPECTED_R13A_DECISION = ""PL_CONF90_THREE_FAMILY_TECHNICAL_NONDEGENERACY_PASS"" || L53: || L54:R05D3_SCRIPT = CODE/""Q1_R05D3_neopolyp_source_a1_prediction_lock_v1_fix1.py"" || L55:EXPECTED_R05D3_SHA = ""df22d6f3054257743d1f12d9e757323ea9f4a052b7642eb4ab610da46ff21251"" || L56:R05D3_OUT = OUT/""Q1_R05D3_neopolyp_source_a1_prediction_lock_v1_fix1"" ### L54:R05D3_SCRIPT = CODE/""Q1_R05D3_neopolyp_source_a1_prediction_lock_v1_fix1.py"" || L55:EXPECTED_R05D3_SHA = ""df22d6f3054257743d1f12d9e757323ea9f4a052b7642eb4ab610da46ff21251"" || L56:R05D3_OUT = OUT/""Q1_R05D3_neopolyp_source_a1_prediction_lock_v1_fix1"" || L57: || L58:R12D_LOCK = ( ### L62:EXPECTED_R12D_SHA = ""2fd7ce015a7598490470ff29d3c2dd1a085a578af2ed73d34bee0bc9ca7eb04f"" || L63: || L64:OUTPUT_DIR = OUT/""Q1_R13B_full_neopolyp_pl_conf90_prediction_lock_fix1_v1"" || L65: || L66:ACTION = ""A4_PL_CONF90_1STEP"" ### L71:STATE_FIELDS = [ || L72:""row_index"",""sample_id"",""image_path"",""image_raw_sha256"", || L73:""model_family"",""model_state_id"",""training_seed"",""checkpoint_sha256"", || L74:""source_foreground_pixels"",""pl_foreground_pixels"", || L75:""source_pl_changed_pixels"",""confident_pixels"",""total_pixels"", ### L72:""row_index"",""sample_id"",""image_path"",""image_raw_sha256"", || L73:""model_family"",""model_state_id"",""training_seed"",""checkpoint_sha256"", || L74:""source_foreground_pixels"",""pl_foreground_pixels"", || L75:""source_pl_changed_pixels"",""confident_pixels"",""total_pixels"", || L76:""confident_fraction"",""pl_loss"",""parameter_max_abs_delta"",""updated"", ### L73:""model_family"",""model_state_id"",""training_seed"",""checkpoint_sha256"", || L74:""source_foreground_pixels"",""pl_foreground_pixels"", || L75:""source_pl_changed_pixels"",""confident_pixels"",""total_pixels"", || L76:""confident_fraction"",""pl_loss"",""parameter_max_abs_delta"",""updated"", || L77:] ### L143:if int(sem.get(""steps"",-1)) != 1: || L144:raise RuntimeError(""R13A steps mismatch"") || L145:if not bool(sem.get(""episodic_source_reset"",False)): || L146:raise RuntimeError(""R13A episodic reset mismatch"") || L147:if not bool(sem.get(""same_case_post_update_prediction"",False)):"
code/Q1_R13B_full_neopolyp_pl_conf90_prediction_lock_fix2.py,NeoPolyp,96,"L10:Critical correction relative to R13B Fix1: || L11:- restore trainable adaptation parameters AND all mutable model buffers || L12:before every SOURCE teacher forward; || L13:- restore both again before the adaptation forward; || L14:- restore both after the final same-case post-update prediction. ### L25:- target-outcome-based selection: NO || L26: || L27:R13B Fix1 partial outputs MUST NOT be reused. || L28:"""""" || L29: ### L48: || L49:ROOT = Path(r""F:\MEDSEG_SAFETTA"") || L50:CODE, OUT = ROOT/""code"", ROOT/""outputs"" || L51: || L52:R13A_SCRIPT = CODE/""Q1_R13A_confident_pseudolabel_three_family_feasibility_fix2.py"" ### L62:) || L63: || L64:R05D3_SCRIPT = CODE/""Q1_R05D3_neopolyp_source_a1_prediction_lock_v1_fix1.py"" || L65:EXPECTED_R05D3_SHA = ""df22d6f3054257743d1f12d9e757323ea9f4a052b7642eb4ab610da46ff21251"" || L66:R05D3_OUT = OUT/""Q1_R05D3_neopolyp_source_a1_prediction_lock_v1_fix1"" ### L64:R05D3_SCRIPT = CODE/""Q1_R05D3_neopolyp_source_a1_prediction_lock_v1_fix1.py"" || L65:EXPECTED_R05D3_SHA = ""df22d6f3054257743d1f12d9e757323ea9f4a052b7642eb4ab610da46ff21251"" || L66:R05D3_OUT = OUT/""Q1_R05D3_neopolyp_source_a1_prediction_lock_v1_fix1"" || L67: || L68:R12D_LOCK = ( ### L72:EXPECTED_R12D_SHA = ""2fd7ce015a7598490470ff29d3c2dd1a085a578af2ed73d34bee0bc9ca7eb04f"" || L73: || L74:OUTPUT_DIR = OUT/""Q1_R13B_full_neopolyp_pl_conf90_prediction_lock_fix2_v1"" || L75: || L76:ACTION = ""A4_PL_CONF90_1STEP"" ### L81:STATE_FIELDS = [ || L82:""row_index"",""sample_id"",""image_path"",""image_raw_sha256"", || L83:""model_family"",""model_state_id"",""training_seed"",""checkpoint_sha256"", || L84:""source_foreground_pixels"",""pl_foreground_pixels"", || L85:""source_pl_changed_pixels"",""confident_pixels"",""total_pixels"", ### L82:""row_index"",""sample_id"",""image_path"",""image_raw_sha256"", || L83:""model_family"",""model_state_id"",""training_seed"",""checkpoint_sha256"", || L84:""source_foreground_pixels"",""pl_foreground_pixels"", || L85:""source_pl_changed_pixels"",""confident_pixels"",""total_pixels"", || L86:""confident_fraction"",""pl_loss"",""parameter_max_abs_delta"","
code/Q1_R14A_source_training_dataset_identity_audit_fix1.py,SUNSEG,22,"L3: || L4:"""""" || L5:Q1_R14A_source_training_dataset_identity_audit_fix1.py || L6: || L7:Purpose ### L7:Purpose || L8:------- || L9:Locate the exact authoritative S01 source manifest by its frozen SHA256 and || L10:audit the dataset identity of the 1450 SOURCE train+val images before choosing || L11:a new untouched external cohort. ### L8:------- || L9:Locate the exact authoritative S01 source manifest by its frozen SHA256 and || L10:audit the dataset identity of the 1450 SOURCE train+val images before choosing || L11:a new untouched external cohort. || L12: ### L48:) || L49: || L50:OUTPUT_DIR = ( || L51:ROOT / ""outputs"" || L52:/ ""Q1_R14A_source_training_dataset_identity_audit_fix1_v1"" ### L49: || L50:OUTPUT_DIR = ( || L51:ROOT / ""outputs"" || L52:/ ""Q1_R14A_source_training_dataset_identity_audit_fix1_v1"" || L53:) ### L50:OUTPUT_DIR = ( || L51:ROOT / ""outputs"" || L52:/ ""Q1_R14A_source_training_dataset_identity_audit_fix1_v1"" || L53:) || L54: ### L91:""split"", || L92:""fold"", || L93:""source"", || L94:""dataset"", || L95:""index"", ### L274:""seen"", || L275:""unseen"", || L276:""source"", || L277:""locked"", || L278:""sanity"","
code/Q1_R14B1_sunseg_dual_archive_asset_inventory_fix1.py,SUNSEG,9,"L19:DEFAULT_ANN = DATA_ROOT / ""SUN-SEG-Annotation-v2.zip"" || L20:DEFAULT_RAW = DATA_ROOT / ""SUN-SEG-FinalData-v20251212.tar.gz"" || L21:DEFAULT_OUT = ROOT / ""outputs"" / ""Q1_R14B1_sunseg_dual_archive_asset_inventory_fix1_v1"" || L22: || L23:DECISION = ""SUNSEG_DUAL_ARCHIVE_ASSET_INVENTORY_LOCKED_PRE_EXTRACTION"" ### L196:ap.add_argument(""--annotation-zip"", type=Path, default=DEFAULT_ANN) || L197:ap.add_argument(""--raw-tar"", type=Path, default=DEFAULT_RAW) || L198:ap.add_argument(""--output-dir"", type=Path, default=DEFAULT_OUT) || L199:args = ap.parse_args() || L200: ### L227:) || L228: || L229:if args.output_dir.exists(): || L230:raise FileExistsError(args.output_dir) || L231:args.output_dir.mkdir(parents=True, exist_ok=False) ### L228: || L229:if args.output_dir.exists(): || L230:raise FileExistsError(args.output_dir) || L231:args.output_dir.mkdir(parents=True, exist_ok=False) || L232: ### L229:if args.output_dir.exists(): || L230:raise FileExistsError(args.output_dir) || L231:args.output_dir.mkdir(parents=True, exist_ok=False) || L232: || L233:fields = [ ### L237:] || L238: || L239:ann_csv = args.output_dir / ""R14B1_annotation_zip_members.csv"" || L240:raw_csv = args.output_dir / ""R14B1_raw_tar_members.csv"" || L241:write_csv(ann_csv, ann[""rows""], fields) ### L238: || L239:ann_csv = args.output_dir / ""R14B1_annotation_zip_members.csv"" || L240:raw_csv = args.output_dir / ""R14B1_raw_tar_members.csv"" || L241:write_csv(ann_csv, ann[""rows""], fields) || L242:write_csv(raw_csv, raw[""rows""], fields) ### L265:}) || L266: || L267:summary_csv = args.output_dir / ""R14B1_archive_summary.csv"" || L268:write_csv(summary_csv, summaries, list(summaries[0].keys())) || L269:"
code/Q1_R14B2_sunseg_deep_schema_pairing_identity_audit_fix1.py,SUNSEG,13,"L12:ANN = DATA / ""SUN-SEG-Annotation-v2.zip"" || L13:RAW = DATA / ""SUN-SEG-FinalData-v20251212.tar.gz"" || L14:OUT = ROOT / ""outputs"" / ""Q1_R14B2_sunseg_deep_schema_pairing_identity_audit_fix1_v1"" || L15: || L16:ANN_SHA = ""4ce0324c38743aeb47188dc18eded33258b2da8c07b7392a457dc55e77a1c7e7"" ### L157:ap.add_argument(""--annotation-zip"",type=Path,default=ANN) || L158:ap.add_argument(""--raw-tar"",type=Path,default=RAW) || L159:ap.add_argument(""--output-dir"",type=Path,default=OUT) || L160:a=ap.parse_args() || L161: ### L172:raw_pair = pair_audit(raw_rows); ann_pair = pair_audit(ann_rows) || L173: || L174:if a.output_dir.exists(): raise FileExistsError(a.output_dir) || L175:a.output_dir.mkdir(parents=True,exist_ok=False) || L176: ### L173: || L174:if a.output_dir.exists(): raise FileExistsError(a.output_dir) || L175:a.output_dir.mkdir(parents=True,exist_ok=False) || L176: || L177:fields=[""member_index"",""member_name"",""extension"",""dataset"",""visibility"",""category"",""file_size""] ### L176: || L177:fields=[""member_index"",""member_name"",""extension"",""dataset"",""visibility"",""category"",""file_size""] || L178:write_csv(a.output_dir/""R14B2_raw_file_members.csv"",raw_rows,fields) || L179:write_csv(a.output_dir/""R14B2_annotation_file_members.csv"",ann_rows,fields) || L180:for d in (4,5,6): ### L177:fields=[""member_index"",""member_name"",""extension"",""dataset"",""visibility"",""category"",""file_size""] || L178:write_csv(a.output_dir/""R14B2_raw_file_members.csv"",raw_rows,fields) || L179:write_csv(a.output_dir/""R14B2_annotation_file_members.csv"",ann_rows,fields) || L180:for d in (4,5,6): || L181:dump_counter(a.output_dir/f""R14B2_raw_level{d}_summary.csv"",deep_counts(raw_rows,d),d) ### L179:write_csv(a.output_dir/""R14B2_annotation_file_members.csv"",ann_rows,fields) || L180:for d in (4,5,6): || L181:dump_counter(a.output_dir/f""R14B2_raw_level{d}_summary.csv"",deep_counts(raw_rows,d),d) || L182:dump_counter(a.output_dir/f""R14B2_annotation_level{d}_summary.csv"",deep_counts(ann_rows,d),d) || L183: ### L180:for d in (4,5,6): || L181:dump_counter(a.output_dir/f""R14B2_raw_level{d}_summary.csv"",deep_counts(raw_rows,d),d) || L182:dump_counter(a.output_dir/f""R14B2_annotation_level{d}_summary.csv"",deep_counts(ann_rows,d),d) || L183: || L184:pfields=[""pair_key"",""dataset"",""visibility"",""frame_member"",""gt_member"","
code/Q1_R14B2_sunseg_deep_schema_pairing_identity_audit_fix2.py,SUNSEG,17,"L6: || L7:Supersedes R14B2 fix1 pairing counts because the official TAR contains macOS || L8:AppleDouble/resource-fork members such as ""._case..."" that were incorrectly || L9:counted as image/GT members by the first audit. || L10: ### L43:RAW = DATA / ""SUN-SEG-FinalData-v20251212.tar.gz"" || L44:ANN = DATA / ""SUN-SEG-Annotation-v2.zip"" || L45:OUT = ROOT / ""outputs"" / ""Q1_R14B2_sunseg_deep_schema_pairing_identity_audit_fix2_v1"" || L46: || L47:RAW_SHA = ""d9a00fada04782937a144e9d1bc3c2a3b7f8e321e37ba1cf83bebdd490563016"" ### L327:ap.add_argument(""--raw-tar"", type=Path, default=RAW) || L328:ap.add_argument(""--annotation-zip"", type=Path, default=ANN) || L329:ap.add_argument(""--output-dir"", type=Path, default=OUT) || L330:args = ap.parse_args() || L331: ### L356:paired = pair_raw(raw_rows) || L357: || L358:if args.output_dir.exists(): || L359:raise FileExistsError(args.output_dir) || L360:args.output_dir.mkdir(parents=True, exist_ok=False) ### L357: || L358:if args.output_dir.exists(): || L359:raise FileExistsError(args.output_dir) || L360:args.output_dir.mkdir(parents=True, exist_ok=False) || L361: ### L358:if args.output_dir.exists(): || L359:raise FileExistsError(args.output_dir) || L360:args.output_dir.mkdir(parents=True, exist_ok=False) || L361: || L362:frame_count = len(paired[""frame_keys""]) ### L468:""frame_index"", ""frame_member"", ""gt_member"", ""frame_size"", ""gt_size"" || L469:] || L470:pair_csv = args.output_dir / ""R14B2_fix2_real_frame_gt_pairs.csv"" || L471:write_csv(pair_csv, paired[""rows""], pair_fields) || L472: ### L480:""physical_case_ids"": ""|"".join(sorted(split_cases[s])), || L481:}) || L482:split_csv = args.output_dir / ""R14B2_fix2_split_case_clip_summary.csv"" || L483:write_csv( || L484:split_csv,"
code/Q1_R14B3_sunseg_unseen_case_balanced_candidate_lock_fix1.py,SUNSEG,12,"L21:- extract archives; || L22:- decode RGB or GT pixels; || L23:- run SOURCE/TTA inference; || L24:- read safety scores or outcomes; || L25:- claim contamination-free independence. ### L41: || L42:R14B2_DIR = ( || L43:ROOT / ""outputs"" || L44:/ ""Q1_R14B2_sunseg_deep_schema_pairing_identity_audit_fix2_v1"" || L45:) ### L49: || L50:DEFAULT_OUT = ( || L51:ROOT / ""outputs"" || L52:/ ""Q1_R14B3_sunseg_unseen_case_balanced_candidate_lock_fix1_v1"" || L53:) ### L113:ap.add_argument(""--pairs"", type=Path, default=DEFAULT_PAIRS) || L114:ap.add_argument(""--r14b2-lock"", type=Path, default=DEFAULT_LOCK) || L115:ap.add_argument(""--output-dir"", type=Path, default=DEFAULT_OUT) || L116:args = ap.parse_args() || L117: ### L256:out[""sampling_rank_within_case""] = rank || L257:out[""sampling_hash""] = h || L258:out[""source_split_label""] = split_label(r) || L259:out[""precontamination_status""] = ""SELECTED_PENDING_CONTAMINATION"" || L260:selected.append(out) ### L285:raise RuntimeError(f""Sampling ranks invalid for {case_id}."") || L286: || L287:selected_split_counts = Counter(r[""source_split_label""] for r in selected) || L288:selected_clip_count = len({(r[""cluster_id""], r[""clip_id""]) for r in selected}) || L289: ### L296:print(""all cases exactly 20 frames: YES"") || L297: || L298:if args.output_dir.exists(): || L299:raise FileExistsError(args.output_dir) || L300:args.output_dir.mkdir(parents=True, exist_ok=False) ### L297: || L298:if args.output_dir.exists(): || L299:raise FileExistsError(args.output_dir) || L300:args.output_dir.mkdir(parents=True, exist_ok=False) || L301:"
code/Q1_R14B4B1_neopolyp_pixel_hash_recipe_audit_fix1.py,NeoPolyp|SUNSEG,9,"L46: || L47:DEFAULT_MANIFEST = ( || L48:ROOT / ""outputs"" || L49:/ ""Q1_R05D1_neopolyp_acquisition_pairing_duplicate_qc_v1_fix2"" || L50:/ ""frozen_confirmatory_manifest.csv"" ### L52: || L53:DEFAULT_OUT = ( || L54:ROOT / ""outputs"" || L55:/ ""Q1_R14B4B1_neopolyp_pixel_hash_recipe_audit_fix1_v1"" || L56:) ### L193:ap = argparse.ArgumentParser() || L194:ap.add_argument(""--manifest"", type=Path, default=DEFAULT_MANIFEST) || L195:ap.add_argument(""--output-dir"", type=Path, default=DEFAULT_OUT) || L196:args = ap.parse_args() || L197: ### L295:print(""1000/1000 reproducing recipes:"", full) || L296: || L297:if args.output_dir.exists(): || L298:raise FileExistsError(args.output_dir) || L299:args.output_dir.mkdir(parents=True, exist_ok=False) ### L296: || L297:if args.output_dir.exists(): || L298:raise FileExistsError(args.output_dir) || L299:args.output_dir.mkdir(parents=True, exist_ok=False) || L300: ### L297:if args.output_dir.exists(): || L298:raise FileExistsError(args.output_dir) || L299:args.output_dir.mkdir(parents=True, exist_ok=False) || L300: || L301:summary_rows = [ ### L309:] || L310:summary_path = ( || L311:args.output_dir || L312:/ ""R14B4B1_NEOPOLYP_PIXEL_HASH_RECIPE_COUNTS.csv"" || L313:) ### L319: || L320:per_path = ( || L321:args.output_dir || L322:/ ""R14B4B1_NEOPOLYP_PIXEL_HASH_PER_IMAGE_AUDIT.csv"" || L323:)"
code/Q1_R14B4B2_neopolyp_historical_hash_code_lineage_audit_fix1.py,NeoPolyp|SUNSEG,14,"L8:`image_rgb_pixel_sha256` in the authoritative R05D1 pipeline. || L9: || L10:This stage reads source/lock text only. || L11: || L12:NO image pixels. ### L30:DEFAULT_CODE_ROOT = ROOT / ""code"" || L31:DEFAULT_R05D1_OUT = ( || L32:ROOT / ""outputs"" || L33:/ ""Q1_R05D1_neopolyp_acquisition_pairing_duplicate_qc_v1_fix2"" || L34:) ### L34:) || L35:DEFAULT_OUT = ( || L36:ROOT / ""outputs"" || L37:/ ""Q1_R14B4B2_neopolyp_historical_hash_code_lineage_audit_fix1_v1"" || L38:) ### L268:ap = argparse.ArgumentParser() || L269:ap.add_argument(""--code-root"", type=Path, default=DEFAULT_CODE_ROOT) || L270:ap.add_argument(""--r05d1-output"", type=Path, default=DEFAULT_R05D1_OUT) || L271:ap.add_argument(""--output-dir"", type=Path, default=DEFAULT_OUT) || L272:args = ap.parse_args() ### L269:ap.add_argument(""--code-root"", type=Path, default=DEFAULT_CODE_ROOT) || L270:ap.add_argument(""--r05d1-output"", type=Path, default=DEFAULT_R05D1_OUT) || L271:ap.add_argument(""--output-dir"", type=Path, default=DEFAULT_OUT) || L272:args = ap.parse_args() || L273: ### L274:print(""===== Q1 R14B4B2 NEOPOLYP HISTORICAL HASH CODE LINEAGE AUDIT ====="") || L275:print(""CODE_ROOT="", args.code_root) || L276:print(""R05D1_OUTPUT="", args.r05d1_output) || L277:print(""IMAGE_PIXEL_ACCESS=NO"") || L278:print(""GT_PIXEL_ACCESS=NO"") ### L284: || L285:candidates = find_candidate_scripts(args.code_root) || L286:support = find_support_files(args.r05d1_output) || L287: || L288:print(""\n===== HISTORICAL SCRIPT CANDIDATES ====="") ### L379:break || L380: || L381:if args.output_dir.exists(): || L382:raise FileExistsError(args.output_dir) || L383:"
code/Q1_R14B4B3_neopolyp_exact_historical_hash_recipe_verification_fix1.py,NeoPolyp|SUNSEG,15,"L8:------- || L9:Verify the exact historical NeoPolyp pixel-hash recipe recovered from the || L10:authoritative R05D1 source code. || L11: || L12:Historical recipe recovered from R05D1: ### L50: || L51:DEFAULT_MANIFEST = ( || L52:ROOT / ""outputs"" || L53:/ ""Q1_R05D1_neopolyp_acquisition_pairing_duplicate_qc_v1_fix2"" || L54:/ ""frozen_confirmatory_manifest.csv"" ### L61: || L62:DEFAULT_OUT = ( || L63:ROOT / ""outputs"" || L64:/ ""Q1_R14B4B3_neopolyp_exact_historical_hash_recipe_verification_fix1_v1"" || L65:) ### L111: || L112: || L113:def extract_function_source(script_path: Path, function_name: str) -> str: || L114:text = script_path.read_text(encoding=""utf-8"") || L115:tree = ast.parse(text) ### L153:default=DEFAULT_HISTORICAL_SCRIPT, || L154:) || L155:ap.add_argument(""--output-dir"", type=Path, default=DEFAULT_OUT) || L156:args = ap.parse_args() || L157: ### L182:raise RuntimeError(""Historical R05D1 fix2 script SHA mismatch."") || L183: || L184:source = extract_function_source( || L185:args.historical_script, || L186:""canonical_rgb_sha256"", ### L187:) || L188: || L189:print(""\n===== HISTORICAL FUNCTION SOURCE ====="") || L190:print(source) || L191: ### L188: || L189:print(""\n===== HISTORICAL FUNCTION SOURCE ====="") || L190:print(source) || L191: || L192:missing_snippets = ["
code/Q1_R14B4B_sunseg_selected_rgb_contamination_audit_fix1.py,SUNSEG,22,"L37: || L38:No GT pixels are read. || L39:No SOURCE/TTA inference is performed. || L40:No safety scores or target outcomes are accessed. || L41:No target tuning occurs. ### L71:) || L72:R14B3_DIR = ( || L73:ROOT / ""outputs"" || L74:/ ""Q1_R14B3_sunseg_unseen_case_balanced_candidate_lock_fix1_v1"" || L75:) ### L83:S01_MANIFEST = ROOT / ""data"" / ""splits"" / ""S01_locked_protocol_manifest_v1.csv"" || L84:NEO_MANIFEST = ( || L85:ROOT / ""outputs"" || L86:/ ""Q1_R05D1_neopolyp_acquisition_pairing_duplicate_qc_v1_fix2"" || L87:/ ""frozen_confirmatory_manifest.csv"" ### L88:) || L89:POLYPGEN_MANIFEST = ( || L90:ROOT / ""outputs"" || L91:/ ""Q1_R10L1B_polypgen_unique_static_manifest_lock_fix3_v1"" || L92:/ ""R10L1B_POLYPGEN_UNIQUE_STATIC_MANIFEST.csv"" ### L94: || L95:OUT = ( || L96:ROOT / ""outputs"" || L97:/ ""Q1_R14B4B_sunseg_selected_rgb_contamination_audit_fix1_v1"" || L98:) ### L454:""physical_case_id"": src[""physical_case_id""], || L455:""clip_id"": src[""clip_id""], || L456:""source_split_label"": src[""source_split_label""], || L457:""frame_member"": member_name, || L458:""file_sha256"": sha256_bytes(blob), ### L629:""physical_case_id"": s[""physical_case_id""], || L630:""clip_id"": s[""clip_id""], || L631:""source_split_label"": s[""source_split_label""], || L632:""frame_member"": s[""frame_member""], || L633:""width"": s[""width""], ### L648:ap.add_argument(""--polypgen-manifest"", type=Path, default=POLYPGEN_MANIFEST) || L649:ap.add_argument(""--s01-root"", type=Path, default=None) || L650:ap.add_argument(""--output-dir"", type=Path, default=OUT) || L651:args = ap.parse_args() || L652:"
code/Q1_R14B4B_sunseg_selected_rgb_contamination_audit_fix2.py,SUNSEG,22,"L96: || L97:R14B3_DIR = ( || L98:ROOT / ""outputs"" || L99:/ ""Q1_R14B3_sunseg_unseen_case_balanced_candidate_lock_fix1_v1"" || L100:) ### L109: || L110:R14B4B3_LOCK = ( || L111:ROOT / ""outputs"" || L112:/ ""Q1_R14B4B3_neopolyp_exact_historical_hash_recipe_verification_fix1_v1"" || L113:/ ""R14B4B3_NEOPOLYP_HISTORICAL_HASH_RECIPE_LOCK.json"" ### L120: || L121:NEO_MANIFEST = ( || L122:ROOT / ""outputs"" || L123:/ ""Q1_R05D1_neopolyp_acquisition_pairing_duplicate_qc_v1_fix2"" || L124:/ ""frozen_confirmatory_manifest.csv"" ### L126: || L127:POLYPGEN_MANIFEST = ( || L128:ROOT / ""outputs"" || L129:/ ""Q1_R10L1B_polypgen_unique_static_manifest_lock_fix3_v1"" || L130:/ ""R10L1B_POLYPGEN_UNIQUE_STATIC_MANIFEST.csv"" ### L132: || L133:OUT = ( || L134:ROOT / ""outputs"" || L135:/ ""Q1_R14B4B_sunseg_selected_rgb_contamination_audit_fix2_v1"" || L136:) ### L653:""physical_case_id"": src[""physical_case_id""], || L654:""clip_id"": src[""clip_id""], || L655:""source_split_label"": src[""source_split_label""], || L656:""frame_member"": name, || L657:""file_sha256"": sha256_bytes(blob), ### L909:""physical_case_id"": s[""physical_case_id""], || L910:""clip_id"": s[""clip_id""], || L911:""source_split_label"": s[""source_split_label""], || L912:""frame_member"": s[""frame_member""], || L913:""width"": s[""width""], ### L951:) || L952:ap.add_argument(""--s01-root"", type=Path, default=None) || L953:ap.add_argument(""--output-dir"", type=Path, default=OUT) || L954: || L955:args = ap.parse_args()"
code/Q1_R14B4B_sunseg_selected_rgb_contamination_audit_fix3.py,SUNSEG,22,"L96: || L97:R14B3_DIR = ( || L98:ROOT / ""outputs"" || L99:/ ""Q1_R14B3_sunseg_unseen_case_balanced_candidate_lock_fix1_v1"" || L100:) ### L109: || L110:R14B4B3_LOCK = ( || L111:ROOT / ""outputs"" || L112:/ ""Q1_R14B4B3_neopolyp_exact_historical_hash_recipe_verification_fix1_v1"" || L113:/ ""R14B4B3_NEOPOLYP_HISTORICAL_HASH_RECIPE_LOCK.json"" ### L120: || L121:NEO_MANIFEST = ( || L122:ROOT / ""outputs"" || L123:/ ""Q1_R05D1_neopolyp_acquisition_pairing_duplicate_qc_v1_fix2"" || L124:/ ""frozen_confirmatory_manifest.csv"" ### L126: || L127:POLYPGEN_MANIFEST = ( || L128:ROOT / ""outputs"" || L129:/ ""Q1_R10L1B_polypgen_unique_static_manifest_lock_fix3_v1"" || L130:/ ""R10L1B_POLYPGEN_UNIQUE_STATIC_MANIFEST.csv"" ### L132: || L133:OUT = ( || L134:ROOT / ""outputs"" || L135:/ ""Q1_R14B4B_sunseg_selected_rgb_contamination_audit_fix3_v1"" || L136:) ### L641:""physical_case_id"": src[""physical_case_id""], || L642:""clip_id"": src[""clip_id""], || L643:""source_split_label"": src[""source_split_label""], || L644:""frame_member"": name, || L645:""file_sha256"": sha256_bytes(blob), ### L915:""physical_case_id"": s[""physical_case_id""], || L916:""clip_id"": s[""clip_id""], || L917:""source_split_label"": s[""source_split_label""], || L918:""frame_member"": s[""frame_member""], || L919:""width"": s[""width""], ### L957:) || L958:ap.add_argument(""--s01-root"", type=Path, default=None) || L959:ap.add_argument(""--output-dir"", type=Path, default=OUT) || L960: || L961:args = ap.parse_args()"
code/Q1_R14C0_sunseg_preGT_prediction_runtime_lineage_preflight_fix1.py,SUNSEG,43,"L13:49-case cohort; || L14:- the final manifest SHA is unchanged from R14B3 (no exclusions); || L15:- the historical SOURCE/TENT1 prediction script is present; || L16:- the historical PL_CONF90 prediction script is present; || L17:- both scripts contain the expected frozen adaptation semantics; ### L16:- the historical PL_CONF90 prediction script is present; || L17:- both scripts contain the expected frozen adaptation semantics; || L18:- exactly 9 source-only checkpoints are discoverable under the known project || L19:output root using family/seed/name constraints; || L20:- checkpoint SHA256 values are printed and frozen for the next prediction stage. ### L17:- both scripts contain the expected frozen adaptation semantics; || L18:- exactly 9 source-only checkpoints are discoverable under the known project || L19:output root using family/seed/name constraints; || L20:- checkpoint SHA256 values are printed and frozen for the next prediction stage. || L21: ### L18:- exactly 9 source-only checkpoints are discoverable under the known project || L19:output root using family/seed/name constraints; || L20:- checkpoint SHA256 values are printed and frozen for the next prediction stage. || L21: || L22:This stage performs NO: ### L29:- target tuning. || L30: || L31:It exists to prevent guessing model/checkpoint/runtime lineage in R14C1. || L32:"""""" || L33: ### L43:ROOT = Path(r""F:\MEDSEG_SAFETTA"") || L44:CODE = ROOT / ""code"" || L45:OUTPUTS = ROOT / ""outputs"" || L46: || L47:FINAL_MANIFEST = ( ### L46: || L47:FINAL_MANIFEST = ( || L48:OUTPUTS || L49:/ ""Q1_R14B4B_sunseg_selected_rgb_contamination_audit_fix3_v1"" || L50:/ ""R14B4B_FIX3_FINAL_CONFIRMATORY_MANIFEST.csv"" ### L52: || L53:FINAL_LOCK = ( || L54:OUTPUTS || L55:/ ""Q1_R14B4B_sunseg_selected_rgb_contamination_audit_fix3_v1"" || L56:/ ""R14B4B_FIX3_SUNSEG_CONTAMINATION_AUDIT_LOCK.json"""
code/Q1_R14C0_sunseg_preGT_prediction_runtime_lineage_preflight_fix2.py,SUNSEG,43,"L13:49-case cohort; || L14:- the final manifest SHA is unchanged from R14B3 (no exclusions); || L15:- the historical SOURCE/TENT1 prediction script is present; || L16:- the historical PL_CONF90 prediction script is present; || L17:- both scripts contain the expected frozen adaptation semantics; ### L16:- the historical PL_CONF90 prediction script is present; || L17:- both scripts contain the expected frozen adaptation semantics; || L18:- exactly 9 source-only checkpoints are discoverable under the known project || L19:output root using family/seed/name constraints; || L20:- checkpoint SHA256 values are printed and frozen for the next prediction stage. ### L17:- both scripts contain the expected frozen adaptation semantics; || L18:- exactly 9 source-only checkpoints are discoverable under the known project || L19:output root using family/seed/name constraints; || L20:- checkpoint SHA256 values are printed and frozen for the next prediction stage. || L21: ### L18:- exactly 9 source-only checkpoints are discoverable under the known project || L19:output root using family/seed/name constraints; || L20:- checkpoint SHA256 values are printed and frozen for the next prediction stage. || L21: || L22:This stage performs NO: ### L29:- target tuning. || L30: || L31:It exists to prevent guessing model/checkpoint/runtime lineage in R14C1. || L32:"""""" || L33: ### L43:ROOT = Path(r""F:\MEDSEG_SAFETTA"") || L44:CODE = ROOT / ""code"" || L45:OUTPUTS = ROOT / ""outputs"" || L46: || L47:FINAL_MANIFEST = ( ### L46: || L47:FINAL_MANIFEST = ( || L48:OUTPUTS || L49:/ ""Q1_R14B4B_sunseg_selected_rgb_contamination_audit_fix3_v1"" || L50:/ ""R14B4B_FIX3_FINAL_CONFIRMATORY_MANIFEST.csv"" ### L52: || L53:FINAL_LOCK = ( || L54:OUTPUTS || L55:/ ""Q1_R14B4B_sunseg_selected_rgb_contamination_audit_fix3_v1"" || L56:/ ""R14B4B_FIX3_SUNSEG_CONTAMINATION_AUDIT_LOCK.json"""
code/Q1_R14C0_sunseg_preGT_prediction_runtime_lineage_preflight_fix3.py,SUNSEG,53,"L13:49-case cohort; || L14:- the final manifest SHA is unchanged from R14B3 (no exclusions); || L15:- the historical SOURCE/TENT1 prediction script is present; || L16:- the historical PL_CONF90 prediction script is present; || L17:- both scripts contain the expected frozen adaptation semantics; ### L16:- the historical PL_CONF90 prediction script is present; || L17:- both scripts contain the expected frozen adaptation semantics; || L18:- exactly 9 source-only checkpoints are discoverable under the known project || L19:output root using family/seed/name constraints; || L20:- checkpoint SHA256 values are printed and frozen for the next prediction stage. ### L17:- both scripts contain the expected frozen adaptation semantics; || L18:- exactly 9 source-only checkpoints are discoverable under the known project || L19:output root using family/seed/name constraints; || L20:- checkpoint SHA256 values are printed and frozen for the next prediction stage. || L21: ### L18:- exactly 9 source-only checkpoints are discoverable under the known project || L19:output root using family/seed/name constraints; || L20:- checkpoint SHA256 values are printed and frozen for the next prediction stage. || L21: || L22:This stage performs NO: ### L29:- target tuning. || L30: || L31:It exists to prevent guessing model/checkpoint/runtime lineage in R14C1. || L32:"""""" || L33: ### L43:ROOT = Path(r""F:\MEDSEG_SAFETTA"") || L44:CODE = ROOT / ""code"" || L45:OUTPUTS = ROOT / ""outputs"" || L46: || L47:FINAL_MANIFEST = ( ### L46: || L47:FINAL_MANIFEST = ( || L48:OUTPUTS || L49:/ ""Q1_R14B4B_sunseg_selected_rgb_contamination_audit_fix3_v1"" || L50:/ ""R14B4B_FIX3_FINAL_CONFIRMATORY_MANIFEST.csv"" ### L52: || L53:FINAL_LOCK = ( || L54:OUTPUTS || L55:/ ""Q1_R14B4B_sunseg_selected_rgb_contamination_audit_fix3_v1"" || L56:/ ""R14B4B_FIX3_SUNSEG_CONTAMINATION_AUDIT_LOCK.json"""
code/Q1_R14C0_sunseg_preGT_prediction_runtime_lineage_preflight_fix4.py,SUNSEG,53,"L13:49-case cohort; || L14:- the final manifest SHA is unchanged from R14B3 (no exclusions); || L15:- the historical SOURCE/TENT1 prediction script is present; || L16:- the historical PL_CONF90 prediction script is present; || L17:- both scripts contain the expected frozen adaptation semantics; ### L16:- the historical PL_CONF90 prediction script is present; || L17:- both scripts contain the expected frozen adaptation semantics; || L18:- exactly 9 source-only checkpoints are discoverable under the known project || L19:output root using family/seed/name constraints; || L20:- checkpoint SHA256 values are printed and frozen for the next prediction stage. ### L17:- both scripts contain the expected frozen adaptation semantics; || L18:- exactly 9 source-only checkpoints are discoverable under the known project || L19:output root using family/seed/name constraints; || L20:- checkpoint SHA256 values are printed and frozen for the next prediction stage. || L21: ### L18:- exactly 9 source-only checkpoints are discoverable under the known project || L19:output root using family/seed/name constraints; || L20:- checkpoint SHA256 values are printed and frozen for the next prediction stage. || L21: || L22:This stage performs NO: ### L29:- target tuning. || L30: || L31:It exists to prevent guessing model/checkpoint/runtime lineage in R14C1. || L32:"""""" || L33: ### L44:ROOT = Path(r""F:\MEDSEG_SAFETTA"") || L45:CODE = ROOT / ""code"" || L46:OUTPUTS = ROOT / ""outputs"" || L47: || L48:FINAL_MANIFEST = ( ### L47: || L48:FINAL_MANIFEST = ( || L49:OUTPUTS || L50:/ ""Q1_R14B4B_sunseg_selected_rgb_contamination_audit_fix3_v1"" || L51:/ ""R14B4B_FIX3_FINAL_CONFIRMATORY_MANIFEST.csv"" ### L53: || L54:FINAL_LOCK = ( || L55:OUTPUTS || L56:/ ""Q1_R14B4B_sunseg_selected_rgb_contamination_audit_fix3_v1"" || L57:/ ""R14B4B_FIX3_SUNSEG_CONTAMINATION_AUDIT_LOCK.json"""
code/Q1_R14C1A_sunseg_prediction_lineage_canonicalization_fix1.py,SUNSEG,74,"L17:- 9 model states || L18:- 8,820 model-frame rows || L19:- SOURCE/TENT1/PL predictions locked before GT reveal || L20:- no GT/Dice/HARM/safety-score access || L21: ### L20:- no GT/Dice/HARM/safety-score access || L21: || L22:However, the successful lock path is the Fix2 output directory. Fix2 migrated || L23:the first six completed Fix1 states by copying their state CSV/lock files. || L24:Those migrated CSV rows can retain artifact-relative-path metadata originating ### L33:5. rebuilds the global 8,820-row prediction manifest; || L34:6. verifies every non-path scientific/data field is unchanged from Fix2; || L35:7. writes a clean canonical Fix3-style R14C1 output lock. || L36: || L37:Forbidden ### L62: || L63:ROOT = Path(r""F:\MEDSEG_SAFETTA"") || L64:OUT = ROOT / ""outputs"" || L65: || L66:SOURCE_DIR = ( ### L64:OUT = ROOT / ""outputs"" || L65: || L66:SOURCE_DIR = ( || L67:OUT || L68:/ ""Q1_R14C1_sunseg_source_tent1_pl_prediction_lock_preGT_fix2_v1"" ### L66:SOURCE_DIR = ( || L67:OUT || L68:/ ""Q1_R14C1_sunseg_source_tent1_pl_prediction_lock_preGT_fix2_v1"" || L69:) || L70:DEST_DIR = ( ### L70:DEST_DIR = ( || L71:OUT || L72:/ ""Q1_R14C1_sunseg_source_tent1_pl_prediction_lock_preGT_fix3_v1"" || L73:) || L74: ### L73:) || L74: || L75:SOURCE_TOP_LOCK = ( || L76:SOURCE_DIR || L77:/ ""R14C1_SUNSEG_SOURCE_TENT1_PL_PREDICTION_LOCK.json"""
code/Q1_R14C1_sunseg_source_tent1_pl_prediction_lock_preGT_fix1.py,SUNSEG,132,"L3: || L4:"""""" || L5:Q1_R14C1_sunseg_source_tent1_pl_prediction_lock_preGT_fix1.py || L6: || L7:Prospective SUN-SEG confirmatory prediction lock BEFORE any GT reveal. ### L10:- 980 RGB frames || L11:- 49 physical caseNN clusters || L12:- 9 frozen source-only model states || L13:- 8,820 model-frame rows || L14: ### L14: || L15:Actions: || L16:- SOURCE || L17:- A1_TENT_1STEP || L18:- A4_PL_CONF90_1STEP ### L19: || L20:Implementation lineage: || L21:- SOURCE + TENT1 execution reuses the authoritative historical R05D3 functions. || L22:- PL execution reuses the authoritative historical R13B Fix2 functions. || L23:- R05D3/R13B case-count globals are changed ONLY from NeoPolyp 1000 to the ### L23:- R05D3/R13B case-count globals are changed ONLY from NeoPolyp 1000 to the || L24:already frozen SUN cohort size 980. Action/model semantics are unchanged. || L25:- R13B receives the SUN SOURCE packed masks produced by R05D3 and enforces its || L26:own exact SOURCE parity before PL adaptation. || L27: ### L24:already frozen SUN cohort size 980. Action/model semantics are unchanged. || L25:- R13B receives the SUN SOURCE packed masks produced by R05D3 and enforces its || L26:own exact SOURCE parity before PL adaptation. || L27: || L28:Strict pre-GT boundary: ### L36:- reads only the 980 frozen `frame_member` entries from the official SUN TAR; || L37:- uses one sequential `r|gz` pass; || L38:- writes a local RGB-only cache under this output directory; || L39:- verifies every extracted encoded-file SHA256 against the R14B4B Fix3 RGB || L40:hash table before any model inference. ### L42:Resume: || L43:- completed states are reused only after SHA/cardinality/lineage validation; || L44:- incomplete temporary files are never treated as completed state outputs. || L45:"""""" || L46:"
code/Q1_R14C1_sunseg_source_tent1_pl_prediction_lock_preGT_fix2.py,SUNSEG,141,"L3: || L4:"""""" || L5:Q1_R14C1_sunseg_source_tent1_pl_prediction_lock_preGT_fix2.py || L6: || L7:Prospective SUN-SEG confirmatory prediction lock BEFORE any GT reveal. ### L10:- 980 RGB frames || L11:- 49 physical caseNN clusters || L12:- 9 frozen source-only model states || L13:- 8,820 model-frame rows || L14: ### L14: || L15:Actions: || L16:- SOURCE || L17:- A1_TENT_1STEP || L18:- A4_PL_CONF90_1STEP ### L19: || L20:Implementation lineage: || L21:- SOURCE + TENT1 execution reuses the authoritative historical R05D3 functions. || L22:- PL execution reuses the authoritative historical R13B Fix2 functions. || L23:- R05D3/R13B case-count globals are changed ONLY from NeoPolyp 1000 to the ### L23:- R05D3/R13B case-count globals are changed ONLY from NeoPolyp 1000 to the || L24:already frozen SUN cohort size 980. Action/model semantics are unchanged. || L25:- R13B receives the SUN SOURCE packed masks produced by R05D3 and enforces its || L26:own exact SOURCE parity before PL adaptation. || L27: ### L24:already frozen SUN cohort size 980. Action/model semantics are unchanged. || L25:- R13B receives the SUN SOURCE packed masks produced by R05D3 and enforces its || L26:own exact SOURCE parity before PL adaptation. || L27: || L28:Strict pre-GT boundary: ### L36:- reads only the 980 frozen `frame_member` entries from the official SUN TAR; || L37:- uses one sequential `r|gz` pass; || L38:- writes a local RGB-only cache under this output directory; || L39:- verifies every extracted encoded-file SHA256 against the R14B4B Fix3 RGB || L40:hash table before any model inference. ### L42:Resume: || L43:- completed states are reused only after SHA/cardinality/lineage validation; || L44:- incomplete temporary files are never treated as completed state outputs. || L45:"""""" || L46:"
code/Q1_R14C2A_frozen_safety_estimator_lineage_schema_preflight_fix1.py,SUNSEG,33,"L7:Purpose || L8:------- || L9:Pre-GT lineage/schema preflight before applying the frozen R10L0 source-safety || L10:estimator to the canonical SUN-SEG R14C1 predictions. || L11: ### L17:3) exact frozen threshold is 0.300584763193734; || L18:4) serialized estimator schemas can be loaded and inspected; || L19:5) historical code implementing the CondDINO image+source-mask representation || L20:is located from the project source tree, rather than reconstructed from || L21:memory or guessed; ### L18:4) serialized estimator schemas can be loaded and inspected; || L19:5) historical code implementing the CondDINO image+source-mask representation || L20:is located from the project source tree, rather than reconstructed from || L21:memory or guessed; || L22:6) candidate historical code containing the DINOv2 base / source-mask / ### L20:is located from the project source tree, rather than reconstructed from || L21:memory or guessed; || L22:6) candidate historical code containing the DINOv2 base / source-mask / || L23:foreground-background pooling / PCA-input dtype lock is printed for the || L24:next scoring stage. ### L26:Forbidden: || L27:- SUN RGB decoding || L28:- SUN SOURCE-mask decoding || L29:- DINO inference || L30:- target feature extraction ### L50:ROOT = Path(r""F:\MEDSEG_SAFETTA"") || L51:CODE = ROOT / ""code"" || L52:OUT = ROOT / ""outputs"" || L53: || L54:R14C1_DIR = ( ### L54:R14C1_DIR = ( || L55:OUT || L56:/ ""Q1_R14C1_sunseg_source_tent1_pl_prediction_lock_preGT_fix3_v1"" || L57:) || L58:R14C1_LOCK = ( ### L58:R14C1_LOCK = ( || L59:R14C1_DIR || L60:/ ""R14C1_SUNSEG_SOURCE_TENT1_PL_PREDICTION_LOCK.json"" || L61:) || L62:R14C1_GLOBAL = ("
code/Q1_R14C2A_frozen_safety_estimator_lineage_schema_preflight_fix2.py,SUNSEG,33,"L7:Purpose || L8:------- || L9:Pre-GT lineage/schema preflight before applying the frozen R10L0 source-safety || L10:estimator to the canonical SUN-SEG R14C1 predictions. || L11: ### L17:3) exact frozen threshold is 0.300584763193734; || L18:4) serialized estimator schemas can be loaded and inspected; || L19:5) historical code implementing the CondDINO image+source-mask representation || L20:is located from the project source tree, rather than reconstructed from || L21:memory or guessed; ### L18:4) serialized estimator schemas can be loaded and inspected; || L19:5) historical code implementing the CondDINO image+source-mask representation || L20:is located from the project source tree, rather than reconstructed from || L21:memory or guessed; || L22:6) candidate historical code containing the DINOv2 base / source-mask / ### L20:is located from the project source tree, rather than reconstructed from || L21:memory or guessed; || L22:6) candidate historical code containing the DINOv2 base / source-mask / || L23:foreground-background pooling / PCA-input dtype lock is printed for the || L24:next scoring stage. ### L26:Forbidden: || L27:- SUN RGB decoding || L28:- SUN SOURCE-mask decoding || L29:- DINO inference || L30:- target feature extraction ### L50:ROOT = Path(r""F:\MEDSEG_SAFETTA"") || L51:CODE = ROOT / ""code"" || L52:OUT = ROOT / ""outputs"" || L53: || L54:R14C1_DIR = ( ### L54:R14C1_DIR = ( || L55:OUT || L56:/ ""Q1_R14C1_sunseg_source_tent1_pl_prediction_lock_preGT_fix3_v1"" || L57:) || L58:R14C1_LOCK = ( ### L58:R14C1_LOCK = ( || L59:R14C1_DIR || L60:/ ""R14C1_SUNSEG_SOURCE_TENT1_PL_PREDICTION_LOCK.json"" || L61:) || L62:R14C1_GLOBAL = ("
code/Q1_R14C2B_sunseg_frozen_safety_score_lock_preGT_fix1.py,SUNSEG,74,"L16:Per SUN model-frame row: || L17:1) RGB -> frozen facebook/dinov2-base, direct bicubic 224x224; || L18:2) read PRE-ADAPTATION SOURCE mask only; || L19:3) SOURCE 352x352 -> exact 22x22 block occupancy -> 16x16; || L20:4) foreground-weighted patch mean 768-D; ### L17:1) RGB -> frozen facebook/dinov2-base, direct bicubic 224x224; || L18:2) read PRE-ADAPTATION SOURCE mask only; || L19:3) SOURCE 352x352 -> exact 22x22 block occupancy -> 16x16; || L20:4) foreground-weighted patch mean 768-D; || L21:5) background-weighted patch mean 768-D; ### L41:- Dice/DeltaDice/HARM/BENEFIT computation || L42: || L43:All output score artifacts are locked before GT reveal. || L44:"""""" || L45: ### L66:ROOT = Path(r""F:\MEDSEG_SAFETTA"") || L67:CODE = ROOT / ""code"" || L68:OUT = ROOT / ""outputs"" || L69: || L70:# --------------------------------------------------------------------- ### L73:R14C1_DIR = ( || L74:OUT || L75:/ ""Q1_R14C1_sunseg_source_tent1_pl_prediction_lock_preGT_fix3_v1"" || L76:) || L77:R14C1_LOCK = ( ### L77:R14C1_LOCK = ( || L78:R14C1_DIR || L79:/ ""R14C1_SUNSEG_SOURCE_TENT1_PL_PREDICTION_LOCK.json"" || L80:) || L81:R14C1_GLOBAL = ( ### L91:) || L92:EXPECTED_R14C1_DECISION = ( || L93:""SUNSEG_SOURCE_TENT1_PL_PREDICTIONS_LOCKED_BEFORE_GT_REVEAL"" || L94:) || L95:EXPECTED_R14C1_CANONICAL_DECISION = ( ### L94:) || L95:EXPECTED_R14C1_CANONICAL_DECISION = ( || L96:""SUNSEG_SOURCE_TENT1_PL_PREDICTIONS_CANONICALIZED_BEFORE_GT_REVEAL"" || L97:) || L98:EXPECTED_FINAL_MANIFEST_SHA = ("
code/Q1_R14C3A_sunseg_gt_reveal_outcome_lineage_preflight_fix1.py,SUNSEG,12,"L13: || L14:1) R14C2B frozen safety-score lock is PASS and SHA-locked; || L15:2) R14C1 canonical SOURCE/TENT1/PL prediction lock is unchanged; || L16:3) the frozen 980-frame / 49-case SUN confirmatory manifest is unchanged; || L17:4) the confirmatory manifest contains exactly one GT member per selected RGB; ### L20:- NeoPolyp PL GT reveal (R13C); || L21:- PolypGen independent external GT reveal/evaluation (R10L3C, if present); || L22:6) source code blocks/constants defining Dice, DeltaDice, HARM/NEUTRAL/BENEFIT || L23:and no-retuning semantics are printed and frozen by SHA. || L24: ### L49:ROOT = Path(r""F:\MEDSEG_SAFETTA"") || L50:CODE = ROOT / ""code"" || L51:OUT = ROOT / ""outputs"" || L52:SUN_TAR = ( || L53:ROOT / ""data"" / ""external"" / ""SUN_SEG"" ### L75:R14C1_DIR = ( || L76:OUT || L77:/ ""Q1_R14C1_sunseg_source_tent1_pl_prediction_lock_preGT_fix3_v1"" || L78:) || L79:R14C1_LOCK = ( ### L79:R14C1_LOCK = ( || L80:R14C1_DIR || L81:/ ""R14C1_SUNSEG_SOURCE_TENT1_PL_PREDICTION_LOCK.json"" || L82:) || L83:EXPECTED_R14C1_LOCK_SHA = ( ### L200:""outcome"", || L201:""threshold"", || L202:""source"", || L203:""a1"", || L204:""pl_"", ### L247:def semantic_constants(text: str): || L248:"""""" || L249:Print source lines likely to freeze exact class/threshold semantics. || L250:"""""" || L251:keys = ( ### L453:ap = argparse.ArgumentParser() || L454:ap.add_argument( || L455:""--output-dir"", || L456:type=Path, || L457:default=("
code/Q1_R14C3B_sunseg_gt_reveal_dual_action_frozen_score_evaluation_fix1.py,SUNSEG,54,"L6: || L7:FIRST SUN-SEG GT pixel reveal after: || L8:- R14C1 SOURCE/TENT1/PL prediction lock; || L9:- R14C2B frozen pre-GT safety-score lock; || L10:- R14C3A outcome-semantics lineage preflight. ### L12:Primary scientific question || L13:--------------------------- || L14:Does the already-frozen SOURCE-conditioned safety score rank actual adaptation || L15:harm under BOTH: || L16:A1_TENT_1STEP ### L19: || L20:Frozen outcome rule (historical R05D4/R13C/R10L3C): || L21:delta_dice = adapted_dice - source_dice || L22:HARM     if delta_dice <= -0.02 || L23:BENEFIT  if delta_dice >= +0.02 ### L68:ROOT = Path(r""F:\MEDSEG_SAFETTA"") || L69:CODE = ROOT / ""code"" || L70:OUT = ROOT / ""outputs"" || L71: || L72:SUN_TAR = ( ### L82:R14C1_DIR = ( || L83:OUT || L84:/ ""Q1_R14C1_sunseg_source_tent1_pl_prediction_lock_preGT_fix3_v1"" || L85:) || L86:R14C1_LOCK = ( ### L86:R14C1_LOCK = ( || L87:R14C1_DIR || L88:/ ""R14C1_SUNSEG_SOURCE_TENT1_PL_PREDICTION_LOCK.json"" || L89:) || L90:R14C1_GLOBAL = ( ### L185:SUN_BOOTSTRAP_BASE_SEED = 20260903 || L186: || L187:OUTPUT_DIR = ( || L188:OUT || L189:/ ""Q1_R14C3B_sunseg_gt_reveal_dual_action_frozen_score_evaluation_fix1_v1"" ### L440:raise RuntimeError(""R05D4 zero-one Dice changed."") || L441: || L442:print(""delta = adapted_dice - source_dice"") || L443:print(""HARM: delta <= -0.02"") || L444:print(""BENEFIT: delta >= +0.02"")"
code/Q1_R14C3C_sunseg_confirmatory_result_audit_and_claim_freeze_fix1.py,SUNSEG,11,"L32: || L33:ROOT = Path(r""F:\MEDSEG_SAFETTA"") || L34:OUT = ROOT / ""outputs"" || L35: || L36:R14C3B_DIR = ( ### L67:FROZEN_THRESHOLD = 0.300584763193734 || L68: || L69:OUTPUT_DIR = ( || L70:OUT || L71:/ ""Q1_R14C3C_sunseg_confirmatory_result_audit_and_claim_freeze_fix1_v1"" ### L138:""model_inference_run_in_r14c3b"", || L139:""tta_run_in_r14c3b"", || L140:""source_predictions_modified"", || L141:""tent1_predictions_modified"", || L142:""pl_predictions_modified"", ### L496:paper_claim = ( || L497:""On an untouched SUN-SEG cohort, the frozen pre-adaptation "" || L498:""SOURCE-conditioned safety score retained statistically supported "" || L499:""harm-ranking signal for both TENT1 and PL_CONF90 despite severe "" || L500:""adaptation-action outcome shift. However, the frozen high-recall "" ### L507:def main(): || L508:p = argparse.ArgumentParser() || L509:p.add_argument(""--output-dir"", type=Path, default=OUTPUT_DIR) || L510:args = p.parse_args() || L511: ### L541:print(paper_claim) || L542: || L543:if args.output_dir.exists(): || L544:raise FileExistsError(args.output_dir) || L545:args.output_dir.mkdir(parents=True, exist_ok=False) ### L542: || L543:if args.output_dir.exists(): || L544:raise FileExistsError(args.output_dir) || L545:args.output_dir.mkdir(parents=True, exist_ok=False) || L546: ### L543:if args.output_dir.exists(): || L544:raise FileExistsError(args.output_dir) || L545:args.output_dir.mkdir(parents=True, exist_ok=False) || L546: || L547:audit = {"
code/Q1_R16A2_crossfitted_flexible_source_quality_control_v1.py,,26,"L2:# -*- coding: utf-8 -*- || L3:"""""" || L4:Q1_R16A2_crossfitted_flexible_source_quality_control_v1.py || L5: || L6:SafeTTA R16-A2 robustness audit ### L10:------- || L11:R16-A showed that frozen SafeTTA risk adds information beyond a *linear* || L12:SOURCE-Dice covariate on PolypGen. R16-A2 is a stricter post-hoc robustness || L13:audit designed to address two possible reviewer objections: || L14: ### L13:audit designed to address two possible reviewer objections: || L14: || L15:1) the relationship between current SOURCE Dice and future adaptation HARM may || L16:be nonlinear; || L17:2) the R16-A descriptive AUROC comparison was fitted/evaluated on the same ### L21:- the exact R16-A fix2 aligned PolypGen analysis table; || L22:- 5-fold physical-image cross-fitting; || L23:- a flexible cubic spline for SOURCE Dice fitted *within each training fold*; || L24:- fixed architecture-family effects; || L25:- a frozen SafeTTA risk covariate added only in the second model; ### L30:------ || L31:M_quality_flex: || L32:HARM ~ spline(SOURCE_Dice) + architecture_family || L33: || L34:M_quality_flex+risk: ### L33: || L34:M_quality_flex+risk: || L35:HARM ~ spline(SOURCE_Dice) + architecture_family + z(SafeTTA_risk) || L36: || L37:Important interpretation boundary ### L38:--------------------------------- || L39:This is a POST-REVEAL explanatory/diagnostic analysis. It is NOT a deployable || L40:target-side calibration model. SOURCE Dice and HARM labels are used only to || L41:test whether the already frozen SafeTTA score carries information not reducible || L42:to current segmentation quality. ### L64: || L65: || L66:VERSION = ""2026-09-08-Q1-R16A2-CROSSFITTED-FLEXIBLE-SOURCE-QUALITY-CONTROL-v1"" || L67: || L68:DEFAULT_ROOT = Path(r""F:\MEDSEG_SAFETTA"")"
code/Q1_R16A_source_quality_control_polypgen_v1.py,PolypGen,41,"L2:# -*- coding: utf-8 -*- || L3:"""""" || L4:Q1_R16A_source_quality_control_polypgen_v1.py || L5: || L6:SafeTTA R16-A reviewer-defense experiment: ### L6:SafeTTA R16-A reviewer-defense experiment: || L7:Does the frozen SafeTTA risk score contain information about future adaptation || L8:harm beyond current SOURCE segmentation quality? || L9: || L10:This is a POST-REVEAL explanatory audit only. SOURCE Dice is allowed here only ### L8:harm beyond current SOURCE segmentation quality? || L9: || L10:This is a POST-REVEAL explanatory audit only. SOURCE Dice is allowed here only || L11:as an explanatory covariate and is NEVER fed into the deployed SafeTTA model. || L12: ### L12: || L13:Frozen preregistration: || L14:Q1_R16_preregister_learned_reliability_and_source_quality_v1.md || L15: || L16:Default inputs: ### L15: || L16:Default inputs: || L17:F:\\MEDSEG_SAFETTA\\outputs\\Q1_R16A_reviewer_defense_input_audit_v1\\CANDIDATE_TABLES.csv || L18: || L19:Default output: ### L17:F:\\MEDSEG_SAFETTA\\outputs\\Q1_R16A_reviewer_defense_input_audit_v1\\CANDIDATE_TABLES.csv || L18: || L19:Default output: || L20:F:\\MEDSEG_SAFETTA\\outputs\\Q1_R16A_source_quality_control_polypgen_v1\\ || L21: ### L18: || L19:Default output: || L20:F:\\MEDSEG_SAFETTA\\outputs\\Q1_R16A_source_quality_control_polypgen_v1\\ || L21: || L22:Safety: ### L21: || L22:Safety: || L23:- does not alter frozen SafeTTA outputs; || L24:- does not refit/recalibrate SafeTTA; || L25:- does not change any external threshold;"
code/Q1_R16A_source_quality_control_polypgen_v1_fix1.py,PolypGen,41,"L2:# -*- coding: utf-8 -*- || L3:"""""" || L4:Q1_R16A_source_quality_control_polypgen_v1_fix1.py || L5: || L6:Fix1 for SafeTTA R16-A. ### L18:- The physical-ID column is selected only if it yields exactly 1,532 unique || L19:physical images. || L20:- SOURCE Dice, SafeTTA risk, HARM/DeltaDice, and family columns are resolved || L21:only from audit-declared candidate roles / conservative aliases. || L22:- Numeric/range checks are applied before a column is accepted. ### L25: || L26:Scientific protocol is unchanged: || L27:M_quality      : HARM ~ z(SOURCE_Dice) + architecture_family || L28:M_quality+risk : HARM ~ z(SOURCE_Dice) + z(SafeTTA_risk) + architecture_family || L29: ### L26:Scientific protocol is unchanged: || L27:M_quality      : HARM ~ z(SOURCE_Dice) + architecture_family || L28:M_quality+risk : HARM ~ z(SOURCE_Dice) + z(SafeTTA_risk) + architecture_family || L29: || L30:This is a POST-REVEAL explanatory audit only. ### L29: || L30:This is a POST-REVEAL explanatory audit only. || L31:SOURCE Dice is never used as a deployable SafeTTA input. || L32:"""""" || L33: ### L54: || L55: || L56:VERSION = ""2026-09-08-Q1-R16A-SOURCE-QUALITY-CONTROL-POLYPGEN-v1-fix1"" || L57: || L58:DEFAULT_ROOT = Path(r""F:\MEDSEG_SAFETTA"") ### L57: || L58:DEFAULT_ROOT = Path(r""F:\MEDSEG_SAFETTA"") || L59:DEFAULT_AUDIT = DEFAULT_ROOT / r""outputs\Q1_R16A_reviewer_defense_input_audit_v1\CANDIDATE_TABLES.csv"" || L60:DEFAULT_OUT = DEFAULT_ROOT / r""outputs\Q1_R16A_source_quality_control_polypgen_v1_fix1"" || L61: ### L58:DEFAULT_ROOT = Path(r""F:\MEDSEG_SAFETTA"") || L59:DEFAULT_AUDIT = DEFAULT_ROOT / r""outputs\Q1_R16A_reviewer_defense_input_audit_v1\CANDIDATE_TABLES.csv"" || L60:DEFAULT_OUT = DEFAULT_ROOT / r""outputs\Q1_R16A_source_quality_control_polypgen_v1_fix1"" || L61: || L62:EXPECTED_ROWS = 13788"
code/Q1_R16A_source_quality_control_polypgen_v1_fix2.py,PolypGen,73,"L2:# -*- coding: utf-8 -*- || L3:"""""" || L4:Q1_R16A_source_quality_control_polypgen_v1_fix2.py || L5: || L6:SafeTTA R16-A fix2 ### L21:4) Identify model/family/state keys from content. || L22:5) First prefer a single exact table containing: || L23:physical ID + SOURCE Dice + SafeTTA risk + HARM/DeltaDice + family. || L24:6) If no such table exists, reconstruct only by an *exact key join* between || L25:frozen tables. Row-order joins are prohibited. ### L28: || L29:Scientific analysis is unchanged from the frozen R16 preregistration: || L30:M_quality      : HARM ~ z(SOURCE_Dice) + architecture_family || L31:M_quality+risk : HARM ~ z(SOURCE_Dice) + z(SafeTTA_risk) || L32:+ architecture_family ### L29:Scientific analysis is unchanged from the frozen R16 preregistration: || L30:M_quality      : HARM ~ z(SOURCE_Dice) + architecture_family || L31:M_quality+risk : HARM ~ z(SOURCE_Dice) + z(SafeTTA_risk) || L32:+ architecture_family || L33: ### L33: || L34:This is a POST-REVEAL explanatory audit only. || L35:SOURCE Dice is never a deployable SafeTTA input. || L36:"""""" || L37: ### L60: || L61: || L62:VERSION = ""2026-09-08-Q1-R16A-SOURCE-QUALITY-CONTROL-POLYPGEN-v1-fix2"" || L63: || L64:DEFAULT_ROOT = Path(r""F:\MEDSEG_SAFETTA"") ### L63: || L64:DEFAULT_ROOT = Path(r""F:\MEDSEG_SAFETTA"") || L65:DEFAULT_AUDIT = DEFAULT_ROOT / r""outputs\Q1_R16A_reviewer_defense_input_audit_v1\CANDIDATE_TABLES.csv"" || L66:DEFAULT_OUT = DEFAULT_ROOT / r""outputs\Q1_R16A_source_quality_control_polypgen_v1_fix2"" || L67: ### L64:DEFAULT_ROOT = Path(r""F:\MEDSEG_SAFETTA"") || L65:DEFAULT_AUDIT = DEFAULT_ROOT / r""outputs\Q1_R16A_reviewer_defense_input_audit_v1\CANDIDATE_TABLES.csv"" || L66:DEFAULT_OUT = DEFAULT_ROOT / r""outputs\Q1_R16A_source_quality_control_polypgen_v1_fix2"" || L67: || L68:EXPECTED_ROWS = 13788"
code/Q1_SAFETTA_R14C1_canonical_chain_audit_v2.py,,84,"L15: || L16:The script NEVER imports/executes experiment code, NEVER trains models, NEVER || L17:decodes SUN-SEG GT, and NEVER modifies frozen outputs. || L18:"""""" || L19: ### L32:ROOT_DEFAULT = Path(r""F:\MEDSEG_SAFETTA"") || L33: || L34:FIX2_SCRIPT = ""Q1_R14C1_sunseg_source_tent1_pl_prediction_lock_preGT_fix2.py"" || L35:CANON_SCRIPT = ""Q1_R14C1A_sunseg_prediction_lineage_canonicalization_fix1.py"" || L36: ### L35:CANON_SCRIPT = ""Q1_R14C1A_sunseg_prediction_lineage_canonicalization_fix1.py"" || L36: || L37:SOURCE_OUT_NAME = ""Q1_R14C1_sunseg_source_tent1_pl_prediction_lock_preGT_fix2_v1"" || L38:FINAL_OUT_NAME = ""Q1_R14C1_sunseg_source_tent1_pl_prediction_lock_preGT_fix3_v1"" || L39: ### L36: || L37:SOURCE_OUT_NAME = ""Q1_R14C1_sunseg_source_tent1_pl_prediction_lock_preGT_fix2_v1"" || L38:FINAL_OUT_NAME = ""Q1_R14C1_sunseg_source_tent1_pl_prediction_lock_preGT_fix3_v1"" || L39: || L40:LOCK_NAME = ""R14C1_SUNSEG_SOURCE_TENT1_PL_PREDICTION_LOCK.json"" ### L38:FINAL_OUT_NAME = ""Q1_R14C1_sunseg_source_tent1_pl_prediction_lock_preGT_fix3_v1"" || L39: || L40:LOCK_NAME = ""R14C1_SUNSEG_SOURCE_TENT1_PL_PREDICTION_LOCK.json"" || L41:MANIFEST_NAME = ""R14C1_SUNSEG_MODEL_FRAME_PREDICTION_MANIFEST.csv"" || L42:CANON_AUDIT_NAME = ""R14C1A_CANONICALIZATION_STATE_AUDIT.csv"" ### L43: || L44:EXPECTED_RUNNER_VERSION = ""R14C1_FIX2"" || L45:EXPECTED_DECISION = ""SUNSEG_SOURCE_TENT1_PL_PREDICTIONS_LOCKED_BEFORE_GT_REVEAL"" || L46: || L47: ### L109:p = Path(s) || L110:if p.is_absolute(): || L111:# If a frozen manifest contains an absolute path to the source output, || L112:# map it to the requested base by preserving the suffix after the known || L113:# R14C1 output directory. ### L111:# If a frozen manifest contains an absolute path to the source output, || L112:# map it to the requested base by preserving the suffix after the known || L113:# R14C1 output directory. || L114:parts = list(p.parts) || L115:for marker in (SOURCE_OUT_NAME, FINAL_OUT_NAME):"
code/Q1_SAFETTA_R14C1_lineage_resolve_v1.py,,47,"L6: || L7:Read-only lineage resolver for the single blocked SafeTTA reproducibility stage: || L8:R14C1 SUN-SEG GT-free SOURCE/TENT1/PL-CONF90 prediction lock. || L9: || L10:Why this exists ### L10:Why this exists || L11:--------------- || L12:The paper-chain resolver found the frozen R14C1 output directory and required || L13:artifacts, but the selected script name ""...fix3.py"" was not retained. The code || L14:tree contains retained R14C1 fix1/fix2 scripts instead. ### L15: || L16:This audit determines whether one of the retained scripts can be established as || L17:the exact producer of the frozen output using recorded lineage evidence. || L18: || L19:It NEVER executes/imports project experiment code and NEVER modifies frozen ### L18: || L19:It NEVER executes/imports project experiment code and NEVER modifies frozen || L20:outputs. || L21:"""""" || L22: ### L33: || L34:ROOT_DEFAULT = Path(r""F:\MEDSEG_SAFETTA"") || L35:OUTDIR_NAME = ""Q1_R14C1_sunseg_source_tent1_pl_prediction_lock_preGT_fix3_v1"" || L36:LOCK_NAME = ""R14C1_SUNSEG_SOURCE_TENT1_PL_PREDICTION_LOCK.json"" || L37:MANIFEST_NAME = ""R14C1_SUNSEG_MODEL_FRAME_PREDICTION_MANIFEST.csv"" ### L34:ROOT_DEFAULT = Path(r""F:\MEDSEG_SAFETTA"") || L35:OUTDIR_NAME = ""Q1_R14C1_sunseg_source_tent1_pl_prediction_lock_preGT_fix3_v1"" || L36:LOCK_NAME = ""R14C1_SUNSEG_SOURCE_TENT1_PL_PREDICTION_LOCK.json"" || L37:MANIFEST_NAME = ""R14C1_SUNSEG_MODEL_FRAME_PREDICTION_MANIFEST.csv"" || L38:VERSION = ""2026-09-06-Q1-SAFETTA-R14C1-LINEAGE-RESOLVE-v1"" ### L90:def candidate_scripts(code_dir: Path) -> List[Path]: || L91:pats = [ || L92:""Q1_R14C1_sunseg_source_tent1_pl_prediction_lock_preGT*.py"", || L93:""Q1_R14C1A_sunseg_prediction_lineage_canonicalization*.py"", || L94:] ### L100: || L101: || L102:def collect_output_text_evidence(output_dir: Path) -> List[Tuple[Path, str]]: || L103:rows = [] || L104:for p in sorted(output_dir.rglob(""*"")):"
code/Q1_SAFETTA_R14C1_lineage_resolve_v1_fix1.py,,47,"L6: || L7:Read-only lineage resolver for the single blocked SafeTTA reproducibility stage: || L8:R14C1 SUN-SEG GT-free SOURCE/TENT1/PL-CONF90 prediction lock. || L9: || L10:Why this exists ### L10:Why this exists || L11:--------------- || L12:The paper-chain resolver found the frozen R14C1 output directory and required || L13:artifacts, but the selected script name ""...fix3.py"" was not retained. The code || L14:tree contains retained R14C1 fix1/fix2 scripts instead. ### L15: || L16:This audit determines whether one of the retained scripts can be established as || L17:the exact producer of the frozen output using recorded lineage evidence. || L18: || L19:It NEVER executes/imports project experiment code and NEVER modifies frozen ### L18: || L19:It NEVER executes/imports project experiment code and NEVER modifies frozen || L20:outputs. || L21:"""""" || L22: ### L33: || L34:ROOT_DEFAULT = Path(r""F:\MEDSEG_SAFETTA"") || L35:OUTDIR_NAME = ""Q1_R14C1_sunseg_source_tent1_pl_prediction_lock_preGT_fix3_v1"" || L36:LOCK_NAME = ""R14C1_SUNSEG_SOURCE_TENT1_PL_PREDICTION_LOCK.json"" || L37:MANIFEST_NAME = ""R14C1_SUNSEG_MODEL_FRAME_PREDICTION_MANIFEST.csv"" ### L34:ROOT_DEFAULT = Path(r""F:\MEDSEG_SAFETTA"") || L35:OUTDIR_NAME = ""Q1_R14C1_sunseg_source_tent1_pl_prediction_lock_preGT_fix3_v1"" || L36:LOCK_NAME = ""R14C1_SUNSEG_SOURCE_TENT1_PL_PREDICTION_LOCK.json"" || L37:MANIFEST_NAME = ""R14C1_SUNSEG_MODEL_FRAME_PREDICTION_MANIFEST.csv"" || L38:VERSION = ""2026-09-06-Q1-SAFETTA-R14C1-LINEAGE-RESOLVE-v1-fix1"" ### L111:def candidate_scripts(code_dir: Path) -> List[Path]: || L112:pats = [ || L113:""Q1_R14C1_sunseg_source_tent1_pl_prediction_lock_preGT*.py"", || L114:""Q1_R14C1A_sunseg_prediction_lineage_canonicalization*.py"", || L115:] ### L121: || L122: || L123:def collect_output_text_evidence(output_dir: Path) -> List[Tuple[Path, str]]: || L124:rows = [] || L125:for p in sorted(output_dir.rglob(""*"")):"
code/Q1_SAFETTA_R14C3B_orphan_build_cleanup_v1.py,,15,"L10:------------- || L11:- Operates ONLY under: || L12:F:\MEDSEG_SAFETTA\outputs\Q1_SAFETTA_numeric_replay_v1_fix4 || L13:- Targets ONLY: || L14:R14C3B__building ### L13:- Targets ONLY: || L14:R14C3B__building || L15:- NEVER deletes the frozen historical R14C3B output. || L16:- NEVER deletes a completed replay R14C3B directory. || L17:- Hashes every file in the orphaned build before deletion. ### L99: || L100:root = args.root || L101:outputs = root / ""outputs"" || L102:replay_root = outputs / REPLAY_DIRNAME || L103:orphan = replay_root / f""{STAGE_ID}__building"" ### L100:root = args.root || L101:outputs = root / ""outputs"" || L102:replay_root = outputs / REPLAY_DIRNAME || L103:orphan = replay_root / f""{STAGE_ID}__building"" || L104:replay_final = replay_root / STAGE_ID ### L103:orphan = replay_root / f""{STAGE_ID}__building"" || L104:replay_final = replay_root / STAGE_ID || L105:frozen = outputs / FROZEN_DIRNAME || L106:audit_dir = replay_root / ""_process_records"" || L107:audit_dir.mkdir(parents=True, exist_ok=True) ### L118:ensure_descendant(replay_root, replay_final) || L119: || L120:# Strong identity separation from frozen outputs. || L121:if orphan.resolve() == frozen.resolve() or replay_final.resolve() == frozen.resolve(): || L122:raise RuntimeError(""Replay/frozen path collision; refusing cleanup."") ### L122:raise RuntimeError(""Replay/frozen path collision; refusing cleanup."") || L123: || L124:# A completed replay output without a process record is ambiguous. Do not || L125:# delete it in this targeted orphan cleanup. || L126:if replay_final.exists(): ### L132:""replay_final"": inventory_tree(replay_final), || L133:""orphan_build"": inventory_tree(orphan), || L134:""frozen_output"": str(frozen), || L135:""frozen_output_touched"": False, || L136:""decision"": ("
code/S01_A_freeze_source_train_val_split_v1.py,,109,"L3: || L4:r"""""" || L5:S01-A: Freeze the source train/validation split before any model training. || L6: || L7:Input: ### L8:F:\MEDSEG_SAFETTA\data\splits\S00_polyp_locked_manifest_v1.csv || L9: || L10:Output: || L11:F:\MEDSEG_SAFETTA\data\splits\S01_locked_protocol_manifest_v1.csv || L12:F:\MEDSEG_SAFETTA\outputs\S01_A_freeze_source_train_val_split_v1\ ### L10:Output: || L11:F:\MEDSEG_SAFETTA\data\splits\S01_locked_protocol_manifest_v1.csv || L12:F:\MEDSEG_SAFETTA\outputs\S01_A_freeze_source_train_val_split_v1\ || L13: || L14:Frozen roles: ### L13: || L14:Frozen roles: || L15:source_train   : 1305 || L16:source_val     : 145 || L17:seen_sanity    : 162 ### L14:Frozen roles: || L15:source_train   : 1305 || L16:source_val     : 145 || L17:seen_sanity    : 162 || L18:unseen_locked  : 636 ### L35: || L36:VERSION = ""2026-08-17-S01-A-v1"" || L37:BUILD = ""S01_A_SOURCE_SPLIT_FREEZE_BEFORE_TRAINING"" || L38: || L39:ROOT = Path(r""F:\MEDSEG_SAFETTA"") ### L39:ROOT = Path(r""F:\MEDSEG_SAFETTA"") || L40:DEFAULT_INPUT = ROOT / ""data"" / ""splits"" / ""S00_polyp_locked_manifest_v1.csv"" || L41:DEFAULT_OUTPUT_MANIFEST = ROOT / ""data"" / ""splits"" / ""S01_locked_protocol_manifest_v1.csv"" || L42:DEFAULT_OUTPUT_DIR = ROOT / ""outputs"" / ""S01_A_freeze_source_train_val_split_v1"" || L43: ### L40:DEFAULT_INPUT = ROOT / ""data"" / ""splits"" / ""S00_polyp_locked_manifest_v1.csv"" || L41:DEFAULT_OUTPUT_MANIFEST = ROOT / ""data"" / ""splits"" / ""S01_locked_protocol_manifest_v1.csv"" || L42:DEFAULT_OUTPUT_DIR = ROOT / ""outputs"" / ""S01_A_freeze_source_train_val_split_v1"" || L43: || L44:SOURCE_POOL_N = 1450"
code/S01_B_train_pranet_source_only_frozen_seeds_v1.py,,106,"L3: || L4:r"""""" || L5:S01-B: PraNet source-only training for one of the three frozen seeds. || L6: || L7:Scientific safety: ### L7:Scientific safety: || L8:- Reads the full S01 manifest only as metadata. || L9:- Opens image/mask files ONLY for roles source_train and source_val. || L10:- Does NOT open seen_sanity or unseen_locked images/masks. || L11:- Does NOT compute target metrics. ### L10:- Does NOT open seen_sanity or unseen_locked images/masks. || L11:- Does NOT compute target metrics. || L12:- Checkpoint selection uses source_val mean Dice only. || L13: || L14:Architecture: ### L14:Architecture: || L15:- PraNet (MICCAI 2020) with Res2Net-50-v1b-26w-4s backbone. || L16:- Four supervised outputs. || L17:- PraNet structure loss: weighted BCE + weighted IoU. || L18: ### L28:- random scale in {0.75, 1.0, 1.25}, then crop/pad to 352 || L29:- ImageNet normalization || L30:- source_val mean Dice selects the best checkpoint || L31: || L32:Project root: ### L77:) || L78: || L79:DEFAULT_OUTPUT = None || L80: || L81:FROZEN_SEEDS = (20260817, 20260818, 20260819) ### L91: || L92:EXPECTED_ROLE_COUNTS = { || L93:""source_train"": 1305, || L94:""source_val"": 145, || L95:""seen_sanity"": 162, ### L92:EXPECTED_ROLE_COUNTS = { || L93:""source_train"": 1305, || L94:""source_val"": 145, || L95:""seen_sanity"": 162, || L96:""unseen_locked"": 636,"
code/S01_B_train_pranet_source_only_seed20260817_v1_fix1.py,,102,"L3: || L4:r"""""" || L5:S01-B: PraNet source-only pilot training, frozen seed 20260817. || L6: || L7:Scientific safety: ### L7:Scientific safety: || L8:- Reads the full S01 manifest only as metadata. || L9:- Opens image/mask files ONLY for roles source_train and source_val. || L10:- Does NOT open seen_sanity or unseen_locked images/masks. || L11:- Does NOT compute target metrics. ### L10:- Does NOT open seen_sanity or unseen_locked images/masks. || L11:- Does NOT compute target metrics. || L12:- Checkpoint selection uses source_val mean Dice only. || L13: || L14:Architecture: ### L14:Architecture: || L15:- PraNet (MICCAI 2020) with Res2Net-50-v1b-26w-4s backbone. || L16:- Four supervised outputs. || L17:- PraNet structure loss: weighted BCE + weighted IoU. || L18: ### L28:- random scale in {0.75, 1.0, 1.25}, then crop/pad to 352 || L29:- ImageNet normalization || L30:- source_val mean Dice selects the best checkpoint || L31: || L32:Project root: ### L77:) || L78: || L79:DEFAULT_OUTPUT = ROOT / ""outputs"" / ""S01_B_pranet_source_only_seed20260817_v1"" || L80: || L81:SEED = 20260817 ### L90: || L91:EXPECTED_ROLE_COUNTS = { || L92:""source_train"": 1305, || L93:""source_val"": 145, || L94:""seen_sanity"": 162, ### L91:EXPECTED_ROLE_COUNTS = { || L92:""source_train"": 1305, || L93:""source_val"": 145, || L94:""seen_sanity"": 162, || L95:""unseen_locked"": 636,"
code/S01_C_lock_and_evaluate_source_only_frozen_seeds_v1.py,,88,"L3: || L4:r"""""" || L5:S01-C: Lock and evaluate Source-Only predictions for all three frozen seeds. || L6: || L7:Scientific sequence ### L9:PHASE 1 (NO LABELS): || L10:- Read only evaluation images (roles: seen_sanity, unseen_locked). || L11:- Load the three already-frozen S01-B checkpoints. || L12:- Generate final PraNet logits at 352x352. || L13:- Save logits as float16 NPZ files. ### L10:- Read only evaluation images (roles: seen_sanity, unseen_locked). || L11:- Load the three already-frozen S01-B checkpoints. || L12:- Generate final PraNet logits at 352x352. || L13:- Save logits as float16 NPZ files. || L14:- SHA256-lock all three no-label score files. ### L11:- Load the three already-frozen S01-B checkpoints. || L12:- Generate final PraNet logits at 352x352. || L13:- Save logits as float16 NPZ files. || L14:- SHA256-lock all three no-label score files. || L15: ### L18:PHASE 2 (LABEL REVEAL): || L19:- Open GT masks. || L20:- Resize locked logits to original GT resolution. || L21:- Apply sigmoid and fixed threshold 0.5. || L22:- GT is converted with PIL convert(""L"") and binarized at 0.5*max(GT). ### L24:- Report each seed separately. NO ensemble is created. || L25: || L26:No checkpoint/model/hyperparameter selection uses seen_sanity or unseen_locked. || L27:No TTA is performed. || L28: ### L27:No TTA is performed. || L28: || L29:Frozen checkpoints: || L30:- seed 20260817 || L31:- seed 20260818 ### L54: || L55:VERSION = ""2026-08-17-S01-C-v1"" || L56:BUILD = ""S01_C_LOCK_SOURCE_ONLY_BEFORE_LABEL_REVEAL"" || L57: || L58:ROOT = Path(r""F:\MEDSEG_SAFETTA"")"
code/S01_C_lock_and_evaluate_source_only_frozen_seeds_v1_fix1.py,,88,"L3: || L4:r"""""" || L5:S01-C: Lock and evaluate Source-Only predictions for all three frozen seeds. || L6: || L7:Scientific sequence ### L9:PHASE 1 (NO LABELS): || L10:- Read only evaluation images (roles: seen_sanity, unseen_locked). || L11:- Load the three already-frozen S01-B checkpoints. || L12:- Generate final PraNet logits at 352x352. || L13:- Save logits as float16 NPZ files. ### L10:- Read only evaluation images (roles: seen_sanity, unseen_locked). || L11:- Load the three already-frozen S01-B checkpoints. || L12:- Generate final PraNet logits at 352x352. || L13:- Save logits as float16 NPZ files. || L14:- SHA256-lock all three no-label score files. ### L11:- Load the three already-frozen S01-B checkpoints. || L12:- Generate final PraNet logits at 352x352. || L13:- Save logits as float16 NPZ files. || L14:- SHA256-lock all three no-label score files. || L15: ### L18:PHASE 2 (LABEL REVEAL): || L19:- Open GT masks. || L20:- Resize locked logits to original GT resolution. || L21:- Apply sigmoid and fixed threshold 0.5. || L22:- GT is converted with PIL convert(""L"") and binarized at 0.5*max(GT). ### L24:- Report each seed separately. NO ensemble is created. || L25: || L26:No checkpoint/model/hyperparameter selection uses seen_sanity or unseen_locked. || L27:No TTA is performed. || L28: ### L27:No TTA is performed. || L28: || L29:Frozen checkpoints: || L30:- seed 20260817 || L31:- seed 20260818 ### L61:EXPECTED_MANIFEST_SHA256 = ""afb4bc1175af004819538cdbb22ee7a10f1be48035945c7e0d50fd2bbe2e3dc7"" || L62: || L63:TRAINING_HELPER = ROOT / ""code"" / ""S01_B_train_pranet_source_only_frozen_seeds_v1.py"" || L64:EXPECTED_TRAINING_HELPER_SHA256 = ""2b2c9c1b75ff60bd087b403e43dc77468b31cbd54fb607481cc80ab47182b67a"" || L65:"
code/S03_B_build_source_side_safettta_gate_v1.py,,137,"L3: || L4:r"""""" || L5:S03-B: Build and lock SafeTTA-v1 using SOURCE-VAL supervision only. || L6: || L7:This script: ### L6: || L7:This script: || L8:- opens only source_val images/masks; || L9:- creates a frozen deterministic source-side perturbation bank; || L10:- computes Source-Only and episodic one-step TENT; ### L7:This script: || L8:- opens only source_val images/masks; || L9:- creates a frozen deterministic source-side perturbation bank; || L10:- computes Source-Only and episodic one-step TENT; || L11:- creates source-side DeltaDice harm labels; ### L8:- opens only source_val images/masks; || L9:- creates a frozen deterministic source-side perturbation bank; || L10:- computes Source-Only and episodic one-step TENT; || L11:- creates source-side DeltaDice harm labels; || L12:- extracts the same 24 unlabeled features as S02; ### L9:- creates a frozen deterministic source-side perturbation bank; || L10:- computes Source-Only and episodic one-step TENT; || L11:- creates source-side DeltaDice harm labels; || L12:- extracts the same 24 unlabeled features as S02; || L13:- produces 5-fold base-image-grouped OOF harm scores; ### L12:- extracts the same 24 unlabeled features as S02; || L13:- produces 5-fold base-image-grouped OOF harm scores; || L14:- selects a source-only harm threshold; || L15:- fits the final StandardScaler + LogisticRegression; || L16:- exports a deployment JSON artifact. ### L50: || L51:VERSION = ""2026-08-17-S03-B-v1"" || L52:BUILD = ""S03_B_SOURCE_VAL_PERTURBATION_HARM_GATE_LOCK"" || L53: || L54:ROOT = Path(r""F:\MEDSEG_SAFETTA"") ### L55:DATA_ROOT = ROOT / ""data"" / ""processed"" / ""S00_polyp_locked_v1"" || L56: || L57:PROTOCOL = ROOT / ""docs"" / ""S03_A_source_side_safettta_development_protocol_v1.md"" || L58:EXPECTED_PROTOCOL_SHA256 = ""4f94008a4335d22802b064eef00d23f2e60baaaaf739eed6b231dc252d365ed5"" || L59:"
code/S05_B_train_deeplabv3_resnet50_source_only_frozen_seeds_v1.py,,103,"L3: || L4:r"""""" || L5:S05-B: Train second-backbone DeepLabV3-ResNet50 source-only models. || L6: || L7:Safety: ### L6: || L7:Safety: || L8:- opens source_train/source_val only; || L9:- never opens seen_sanity/unseen_locked; || L10:- checkpoint selection uses source_val mean Dice only; ### L8:- opens source_train/source_val only; || L9:- never opens seen_sanity/unseen_locked; || L10:- checkpoint selection uses source_val mean Dice only; || L11:- three seeds are frozen in advance. || L12: ### L52: || L53:VERSION = ""2026-08-17-S05-B-v1"" || L54:BUILD = ""S05_B_DEEPLABV3_R50_SOURCE_ONLY_FROZEN_SEEDS"" || L55: || L56:DATA_ROOT = ROOT / ""data"" / ""processed"" / ""S00_polyp_locked_v1"" ### L74: || L75:EXPECTED_ROLE_COUNTS = { || L76:""source_train"": 1305, || L77:""source_val"": 145, || L78:""seen_sanity"": 162, ### L75:EXPECTED_ROLE_COUNTS = { || L76:""source_train"": 1305, || L77:""source_val"": 145, || L78:""seen_sanity"": 162, || L79:""unseen_locked"": 636, ### L173: || L174: || L175:def resolve_source_rows(rows: List[dict], role: str) -> List[dict]: || L176:if role not in {""source_train"", ""source_val""}: || L177:raise RuntimeError( ### L174: || L175:def resolve_source_rows(rows: List[dict], role: str) -> List[dict]: || L176:if role not in {""source_train"", ""source_val""}: || L177:raise RuntimeError( || L178:f""Safety stop: S05-B may only open source_train/source_val; got {role}"""
code/S05_B_train_deeplabv3_resnet50_source_only_frozen_seeds_v1_fix1.py,,106,"L3: || L4:r"""""" || L5:S05-B: Train second-backbone DeepLabV3-ResNet50 source-only models. || L6: || L7:Safety: ### L6: || L7:Safety: || L8:- opens source_train/source_val only; || L9:- never opens seen_sanity/unseen_locked; || L10:- checkpoint selection uses source_val mean Dice only; ### L8:- opens source_train/source_val only; || L9:- never opens seen_sanity/unseen_locked; || L10:- checkpoint selection uses source_val mean Dice only; || L11:- three seeds are frozen in advance. || L12: ### L76: || L77:EXPECTED_ROLE_COUNTS = { || L78:""source_train"": 1305, || L79:""source_val"": 145, || L80:""seen_sanity"": 162, ### L77:EXPECTED_ROLE_COUNTS = { || L78:""source_train"": 1305, || L79:""source_val"": 145, || L80:""seen_sanity"": 162, || L81:""unseen_locked"": 636, ### L175: || L176: || L177:def resolve_source_rows(rows: List[dict], role: str) -> List[dict]: || L178:if role not in {""source_train"", ""source_val""}: || L179:raise RuntimeError( ### L176: || L177:def resolve_source_rows(rows: List[dict], role: str) -> List[dict]: || L178:if role not in {""source_train"", ""source_val""}: || L179:raise RuntimeError( || L180:f""Safety stop: S05-B may only open source_train/source_val; got {role}"" ### L178:if role not in {""source_train"", ""source_val""}: || L179:raise RuntimeError( || L180:f""Safety stop: S05-B may only open source_train/source_val; got {role}"" || L181:) || L182:selected = [r for r in rows if r[""s01_role""] == role]"
code/S05_B_train_deeplabv3_resnet50_source_only_frozen_seeds_v1_fix2.py,,120,"L3: || L4:r"""""" || L5:S05-B: Train second-backbone DeepLabV3-ResNet50 source-only models. || L6: || L7:Safety: ### L6: || L7:Safety: || L8:- opens source_train/source_val only; || L9:- never opens seen_sanity/unseen_locked; || L10:- checkpoint selection uses source_val mean Dice only; ### L8:- opens source_train/source_val only; || L9:- never opens seen_sanity/unseen_locked; || L10:- checkpoint selection uses source_val mean Dice only; || L11:- three seeds are frozen in advance. || L12: ### L76: || L77:EXPECTED_ROLE_COUNTS = { || L78:""source_train"": 1305, || L79:""source_val"": 145, || L80:""seen_sanity"": 162, ### L77:EXPECTED_ROLE_COUNTS = { || L78:""source_train"": 1305, || L79:""source_val"": 145, || L80:""seen_sanity"": 162, || L81:""unseen_locked"": 636, ### L175: || L176: || L177:def resolve_source_rows(rows: List[dict], role: str) -> List[dict]: || L178:if role not in {""source_train"", ""source_val""}: || L179:raise RuntimeError( ### L176: || L177:def resolve_source_rows(rows: List[dict], role: str) -> List[dict]: || L178:if role not in {""source_train"", ""source_val""}: || L179:raise RuntimeError( || L180:f""Safety stop: S05-B may only open source_train/source_val; got {role}"" ### L178:if role not in {""source_train"", ""source_val""}: || L179:raise RuntimeError( || L180:f""Safety stop: S05-B may only open source_train/source_val; got {role}"" || L181:) || L182:selected = [r for r in rows if r[""s01_role""] == role]"
code/S05_C_build_deeplab_source_side_safettta_gate_v1.py,,157,"L3: || L4:"""""" || L5:S05-C: Build and lock the DeepLabV3-specific SafeTTA-v1 source-side gate. || L6: || L7:No target images, masks, predictions, or target DeltaDice are accessed. ### L41: || L42:VERSION = ""2026-08-18-S05-C-v1"" || L43:BUILD = ""S05_C_DEEPLAB_SOURCE_GATE_SINGLETON_SAFE_TENT"" || L44: || L45:DATA_ROOT = ROOT / ""data"" / ""processed"" / ""S00_polyp_locked_v1"" ### L48:EXPECTED_MANIFEST_SHA256 = ""afb4bc1175af004819538cdbb22ee7a10f1be48035945c7e0d50fd2bbe2e3dc7"" || L49: || L50:PROTOCOL = ROOT / ""docs"" / ""S05_C_deeplab_source_side_gate_protocol_v1.md"" || L51:EXPECTED_PROTOCOL_SHA256 = ""b04a1cb1d82c97b18fdc01cd936f5fc3899960ccf46469eca0324c08415c0552"" || L52: ### L53:TRAINING_HELPER = ( || L54:ROOT / ""code"" || L55:/ ""S05_B_train_deeplabv3_resnet50_source_only_frozen_seeds_v1_fix2.py"" || L56:) || L57:EXPECTED_TRAINING_HELPER_SHA256 = ""7d0fd5192a9af40dbae0aeac692a65641745fbef2e986f1cd4e163a59ad93a31"" ### L57:EXPECTED_TRAINING_HELPER_SHA256 = ""7d0fd5192a9af40dbae0aeac692a65641745fbef2e986f1cd4e163a59ad93a31"" || L58: || L59:OUTPUT_DIR = ROOT / ""outputs"" / ""S05_C_deeplab_source_side_safettta_gate_v1"" || L60: || L61:SEEDS = (20260817, 20260818, 20260819) ### L60: || L61:SEEDS = (20260817, 20260818, 20260819) || L62:SOURCE_VAL_N = 145 || L63:IMAGE_SIZE = 352 || L64: ### L63:IMAGE_SIZE = 352 || L64: || L65:CHECKPOINTS = { || L66:20260817: { || L67:""path"": ROOT / ""outputs"" ### L65:CHECKPOINTS = { || L66:20260817: { || L67:""path"": ROOT / ""outputs"" || L68:/ ""S05_B_deeplabv3_r50_source_only_seed20260817_v1"" || L69:/ ""checkpoints"" / ""best_source_val_dice.pt"","
code/S06_B0_polypgen_zip_structure_probe_v1.py,PolypGen,9,"L33:) || L34: || L35:OUTPUT_DIR = ( || L36:ROOT / ""outputs"" || L37:/ ""S06_B0_polypgen_zip_structure_probe_v1"" ### L34: || L35:OUTPUT_DIR = ( || L36:ROOT / ""outputs"" || L37:/ ""S06_B0_polypgen_zip_structure_probe_v1"" || L38:) ### L124:archive = resolve_archive(args.archive) || L125: || L126:if args.output_dir.exists(): || L127:raise FileExistsError( || L128:f""Output already exists: {args.output_dir}"" ### L126:if args.output_dir.exists(): || L127:raise FileExistsError( || L128:f""Output already exists: {args.output_dir}"" || L129:) || L130: ### L129:) || L130: || L131:args.output_dir.mkdir( || L132:parents=True, || L133:exist_ok=False, ### L218: || L219:inventory_csv = ( || L220:args.output_dir || L221:/ ""zip_central_directory_inventory.csv"" || L222:) ### L335: || L336:summary_path = ( || L337:args.output_dir / ""summary.txt"" || L338:) || L339:summary_path.write_text( ### L391:) || L392:p.add_argument( || L393:""--output-dir"", || L394:type=Path, || L395:default=OUTPUT_DIR,"
code/S06_B1_polypgen_pairing_name_probe_v1.py,PolypGen,8,"L31:/ ""polypgen2021_multicenterdata_v3.zip"" || L32:) || L33:OUTPUT_DIR = ( || L34:ROOT / ""outputs"" || L35:/ ""S06_B1_polypgen_pairing_name_probe_v1"" ### L32:) || L33:OUTPUT_DIR = ( || L34:ROOT / ""outputs"" || L35:/ ""S06_B1_polypgen_pairing_name_probe_v1"" || L36:) ### L193:if not args.archive.exists(): || L194:raise FileNotFoundError(args.archive) || L195:if args.output_dir.exists(): || L196:raise FileExistsError(args.output_dir) || L197: ### L194:raise FileNotFoundError(args.archive) || L195:if args.output_dir.exists(): || L196:raise FileExistsError(args.output_dir) || L197: || L198:args.output_dir.mkdir(parents=True, exist_ok=False) ### L196:raise FileExistsError(args.output_dir) || L197: || L198:args.output_dir.mkdir(parents=True, exist_ok=False) || L199: || L200:by_center = { ### L305: || L306:summary = ""\n"".join(lines) + ""\n"" || L307:path = args.output_dir / ""summary.txt"" || L308:path.write_text(summary, encoding=""utf-8"") || L309: ### L371:) || L372:p.add_argument( || L373:""--output-dir"", || L374:type=Path, || L375:default=OUTPUT_DIR, ### L373:""--output-dir"", || L374:type=Path, || L375:default=OUTPUT_DIR, || L376:) || L377:p.add_argument("
code/S06_B_polypgen_integrity_overlap_audit_v1.py,PolypGen,10,"L53:) || L54: || L55:OUTPUT_DIR = ( || L56:ROOT / ""outputs"" / ""S06_B_polypgen_integrity_overlap_audit_v1"" || L57:) ### L54: || L55:OUTPUT_DIR = ( || L56:ROOT / ""outputs"" / ""S06_B_polypgen_integrity_overlap_audit_v1"" || L57:) || L58: ### L619:archive = resolve_archive(args.archive) || L620: || L621:if args.output_dir.exists(): || L622:raise FileExistsError(args.output_dir) || L623: ### L620: || L621:if args.output_dir.exists(): || L622:raise FileExistsError(args.output_dir) || L623: || L624:build_dir = Path( ### L623: || L624:build_dir = Path( || L625:str(args.output_dir) + ""__building"" || L626:) || L627:if build_dir.exists(): ### L900:Decision: {decision} || L901: || L902:[OK] Outputs: {args.output_dir} || L903:"""""" || L904: ### L910:) || L911: || L912:build_dir.rename(args.output_dir) || L913: || L914:print() ### L915:print( || L916:( || L917:args.output_dir || L918:/ ""summary.txt"" || L919:).read_text(encoding=""utf-8"")"
code/S06_B_polypgen_integrity_overlap_audit_v1_fix1.py,PolypGen,10,"L53:) || L54: || L55:OUTPUT_DIR = ( || L56:ROOT / ""outputs"" / ""S06_B_polypgen_integrity_overlap_audit_v1_fix1"" || L57:) ### L54: || L55:OUTPUT_DIR = ( || L56:ROOT / ""outputs"" / ""S06_B_polypgen_integrity_overlap_audit_v1_fix1"" || L57:) || L58: ### L670:archive = resolve_archive(args.archive) || L671: || L672:if args.output_dir.exists(): || L673:raise FileExistsError(args.output_dir) || L674: ### L671: || L672:if args.output_dir.exists(): || L673:raise FileExistsError(args.output_dir) || L674: || L675:build_dir = Path( ### L674: || L675:build_dir = Path( || L676:str(args.output_dir) + ""__building"" || L677:) || L678:if build_dir.exists(): ### L961:Decision: {decision} || L962: || L963:[OK] Outputs: {args.output_dir} || L964:"""""" || L965: ### L971:) || L972: || L973:build_dir.rename(args.output_dir) || L974: || L975:print() ### L976:print( || L977:( || L978:args.output_dir || L979:/ ""summary.txt"" || L980:).read_text(encoding=""utf-8"")"
code/S06_B_polypgen_integrity_overlap_audit_v1_fix2.py,PolypGen,10,"L53:) || L54: || L55:OUTPUT_DIR = ( || L56:ROOT / ""outputs"" / ""S06_B_polypgen_integrity_overlap_audit_v1_fix2"" || L57:) ### L54: || L55:OUTPUT_DIR = ( || L56:ROOT / ""outputs"" / ""S06_B_polypgen_integrity_overlap_audit_v1_fix2"" || L57:) || L58: ### L637:archive = resolve_archive(args.archive) || L638: || L639:if args.output_dir.exists(): || L640:raise FileExistsError(args.output_dir) || L641: ### L638: || L639:if args.output_dir.exists(): || L640:raise FileExistsError(args.output_dir) || L641: || L642:build_dir = Path( ### L641: || L642:build_dir = Path( || L643:str(args.output_dir) + ""__building"" || L644:) || L645:if build_dir.exists(): ### L938:Decision: {decision} || L939: || L940:[OK] Outputs: {args.output_dir} || L941:"""""" || L942: ### L948:) || L949: || L950:build_dir.rename(args.output_dir) || L951: || L952:print() ### L953:print( || L954:( || L955:args.output_dir || L956:/ ""summary.txt"" || L957:).read_text(encoding=""utf-8"")"
code/S06_B_polypgen_integrity_overlap_audit_v1_fix3.py,PolypGen,10,"L53:) || L54: || L55:OUTPUT_DIR = ( || L56:ROOT / ""outputs"" / ""S06_B_polypgen_integrity_overlap_audit_v1_fix3"" || L57:) ### L54: || L55:OUTPUT_DIR = ( || L56:ROOT / ""outputs"" / ""S06_B_polypgen_integrity_overlap_audit_v1_fix3"" || L57:) || L58: ### L657:archive = resolve_archive(args.archive) || L658: || L659:if args.output_dir.exists(): || L660:raise FileExistsError(args.output_dir) || L661: ### L658: || L659:if args.output_dir.exists(): || L660:raise FileExistsError(args.output_dir) || L661: || L662:build_dir = Path( ### L661: || L662:build_dir = Path( || L663:str(args.output_dir) + ""__building"" || L664:) || L665:if build_dir.exists(): ### L981:Decision: {decision} || L982: || L983:[OK] Outputs: {args.output_dir} || L984:"""""" || L985: ### L991:) || L992: || L993:build_dir.rename(args.output_dir) || L994: || L995:print() ### L996:print( || L997:( || L998:args.output_dir || L999:/ ""summary.txt"" || L1000:).read_text(encoding=""utf-8"")"
code/S06_C_polypgen_dual_backbone_no_label_inference_lock_v1.py,PolypGen,52,"L5:S06-C: untouched PolypGen dual-backbone NO-LABEL inference + SHA lock. || L6: || L7:Allowed: PolypGen IMAGE bytes, frozen Source/TENT inference, 24 unlabeled || L8:features, frozen SafeTTA decisions. || L9:Forbidden: PolypGen MASK bytes, GT metrics, refitting, recalibration. ### L43:S06B_SCRIPT = ROOT / ""code"" / ""S06_B_polypgen_integrity_overlap_audit_v1_fix3.py"" || L44:EXPECTED_S06B_SCRIPT_SHA256 = ""93c3ae7eb5ed08ee18dcecc3238f7d692330169c28074c6a4cefeb322385859c"" || L45:S06B_DIR = ROOT / ""outputs"" / ""S06_B_polypgen_integrity_overlap_audit_v1_fix3"" || L46:S06B_AUDIT = S06B_DIR / ""audit.json"" || L47:ELIGIBILITY = S06B_DIR / ""S06_polypgen_external_eligibility_manifest.csv"" ### L50:EXPECTED_ARCHIVE_SHA256 = ""a22f956a9f0fc3f941927108a3de8217fc61f1944c7eda598536dbabc27dbff3"" || L51: || L52:PRANET_HELPER = ROOT / ""code"" / ""S03_B_build_source_side_safettta_gate_v1.py"" || L53:EXPECTED_PRANET_HELPER_SHA256 = ""07ac65247216dea376e8996cbfbc98c54c62157ecdd1e9b7d9b539b5a74a2b5c"" || L54:PRANET_TRAINING_HELPER = ROOT / ""code"" / ""S01_B_train_pranet_source_only_frozen_seeds_v1.py"" ### L52:PRANET_HELPER = ROOT / ""code"" / ""S03_B_build_source_side_safettta_gate_v1.py"" || L53:EXPECTED_PRANET_HELPER_SHA256 = ""07ac65247216dea376e8996cbfbc98c54c62157ecdd1e9b7d9b539b5a74a2b5c"" || L54:PRANET_TRAINING_HELPER = ROOT / ""code"" / ""S01_B_train_pranet_source_only_frozen_seeds_v1.py"" || L55:EXPECTED_PRANET_TRAINING_HELPER_SHA256 = ""2b2c9c1b75ff60bd087b403e43dc77468b31cbd54fb607481cc80ab47182b67a"" || L56:PRANET_GATE = ROOT / ""outputs"" / ""S03_B_source_side_safettta_gate_v1"" / ""SafeTTA_v1_SOURCE_LOCKED_GATE.json"" ### L54:PRANET_TRAINING_HELPER = ROOT / ""code"" / ""S01_B_train_pranet_source_only_frozen_seeds_v1.py"" || L55:EXPECTED_PRANET_TRAINING_HELPER_SHA256 = ""2b2c9c1b75ff60bd087b403e43dc77468b31cbd54fb607481cc80ab47182b67a"" || L56:PRANET_GATE = ROOT / ""outputs"" / ""S03_B_source_side_safettta_gate_v1"" / ""SafeTTA_v1_SOURCE_LOCKED_GATE.json"" || L57:EXPECTED_PRANET_GATE_SHA256 = ""a71696fd3730dae19bda7a66405a5314022c1eb11acca6604ddcb7ccd1b82e2f"" || L58: ### L57:EXPECTED_PRANET_GATE_SHA256 = ""a71696fd3730dae19bda7a66405a5314022c1eb11acca6604ddcb7ccd1b82e2f"" || L58: || L59:DEEPLAB_HELPER = ROOT / ""code"" / ""S05_C_build_deeplab_source_side_safettta_gate_v1.py"" || L60:EXPECTED_DEEPLAB_HELPER_SHA256 = ""ab1d98f9847b2e338f07ec26ff426f9cd428e68da4813b90e2227782319aa424"" || L61:DEEPLAB_TRAINING_HELPER = ROOT / ""code"" / ""S05_B_train_deeplabv3_resnet50_source_only_frozen_seeds_v1_fix2.py"" ### L59:DEEPLAB_HELPER = ROOT / ""code"" / ""S05_C_build_deeplab_source_side_safettta_gate_v1.py"" || L60:EXPECTED_DEEPLAB_HELPER_SHA256 = ""ab1d98f9847b2e338f07ec26ff426f9cd428e68da4813b90e2227782319aa424"" || L61:DEEPLAB_TRAINING_HELPER = ROOT / ""code"" / ""S05_B_train_deeplabv3_resnet50_source_only_frozen_seeds_v1_fix2.py"" || L62:EXPECTED_DEEPLAB_TRAINING_HELPER_SHA256 = ""7d0fd5192a9af40dbae0aeac692a65641745fbef2e986f1cd4e163a59ad93a31"" || L63:DEEPLAB_GATE = ROOT / ""outputs"" / ""S05_C_deeplab_source_side_safettta_gate_v1"" / ""SafeTTA_v1_DEEPLAB_SOURCE_LOCKED_GATE.json"" ### L61:DEEPLAB_TRAINING_HELPER = ROOT / ""code"" / ""S05_B_train_deeplabv3_resnet50_source_only_frozen_seeds_v1_fix2.py"" || L62:EXPECTED_DEEPLAB_TRAINING_HELPER_SHA256 = ""7d0fd5192a9af40dbae0aeac692a65641745fbef2e986f1cd4e163a59ad93a31"" || L63:DEEPLAB_GATE = ROOT / ""outputs"" / ""S05_C_deeplab_source_side_safettta_gate_v1"" / ""SafeTTA_v1_DEEPLAB_SOURCE_LOCKED_GATE.json"" || L64:EXPECTED_DEEPLAB_GATE_SHA256 = ""cfa1d67d43d291bff32c243ebfc6b98aedc873c18fcafd901961a4b779b11b31"" || L65:EXPECTED_DEEPLAB_TAU = 0.3938344633"
code/S06_C_polypgen_dual_backbone_no_label_inference_lock_v1_fix1.py,PolypGen,52,"L5:S06-C: untouched PolypGen dual-backbone NO-LABEL inference + SHA lock. || L6: || L7:Allowed: PolypGen IMAGE bytes, frozen Source/TENT inference, 24 unlabeled || L8:features, frozen SafeTTA decisions. || L9:Forbidden: PolypGen MASK bytes, GT metrics, refitting, recalibration. ### L43:S06B_SCRIPT = ROOT / ""code"" / ""S06_B_polypgen_integrity_overlap_audit_v1_fix3.py"" || L44:EXPECTED_S06B_SCRIPT_SHA256 = ""93c3ae7eb5ed08ee18dcecc3238f7d692330169c28074c6a4cefeb322385859c"" || L45:S06B_DIR = ROOT / ""outputs"" / ""S06_B_polypgen_integrity_overlap_audit_v1_fix3"" || L46:S06B_AUDIT = S06B_DIR / ""audit.json"" || L47:ELIGIBILITY = S06B_DIR / ""S06_polypgen_external_eligibility_manifest.csv"" ### L50:EXPECTED_ARCHIVE_SHA256 = ""a22f956a9f0fc3f941927108a3de8217fc61f1944c7eda598536dbabc27dbff3"" || L51: || L52:PRANET_HELPER = ROOT / ""code"" / ""S03_B_build_source_side_safettta_gate_v1.py"" || L53:EXPECTED_PRANET_HELPER_SHA256 = ""07ac65247216dea376e8996cbfbc98c54c62157ecdd1e9b7d9b539b5a74a2b5c"" || L54:PRANET_TRAINING_HELPER = ROOT / ""code"" / ""S01_B_train_pranet_source_only_frozen_seeds_v1.py"" ### L52:PRANET_HELPER = ROOT / ""code"" / ""S03_B_build_source_side_safettta_gate_v1.py"" || L53:EXPECTED_PRANET_HELPER_SHA256 = ""07ac65247216dea376e8996cbfbc98c54c62157ecdd1e9b7d9b539b5a74a2b5c"" || L54:PRANET_TRAINING_HELPER = ROOT / ""code"" / ""S01_B_train_pranet_source_only_frozen_seeds_v1.py"" || L55:EXPECTED_PRANET_TRAINING_HELPER_SHA256 = ""2b2c9c1b75ff60bd087b403e43dc77468b31cbd54fb607481cc80ab47182b67a"" || L56:PRANET_GATE = ROOT / ""outputs"" / ""S03_B_source_side_safettta_gate_v1"" / ""SafeTTA_v1_SOURCE_LOCKED_GATE.json"" ### L54:PRANET_TRAINING_HELPER = ROOT / ""code"" / ""S01_B_train_pranet_source_only_frozen_seeds_v1.py"" || L55:EXPECTED_PRANET_TRAINING_HELPER_SHA256 = ""2b2c9c1b75ff60bd087b403e43dc77468b31cbd54fb607481cc80ab47182b67a"" || L56:PRANET_GATE = ROOT / ""outputs"" / ""S03_B_source_side_safettta_gate_v1"" / ""SafeTTA_v1_SOURCE_LOCKED_GATE.json"" || L57:EXPECTED_PRANET_GATE_SHA256 = ""a71696fd3730dae19bda7a66405a5314022c1eb11acca6604ddcb7ccd1b82e2f"" || L58: ### L57:EXPECTED_PRANET_GATE_SHA256 = ""a71696fd3730dae19bda7a66405a5314022c1eb11acca6604ddcb7ccd1b82e2f"" || L58: || L59:DEEPLAB_HELPER = ROOT / ""code"" / ""S05_C_build_deeplab_source_side_safettta_gate_v1.py"" || L60:EXPECTED_DEEPLAB_HELPER_SHA256 = ""ab1d98f9847b2e338f07ec26ff426f9cd428e68da4813b90e2227782319aa424"" || L61:DEEPLAB_TRAINING_HELPER = ROOT / ""code"" / ""S05_B_train_deeplabv3_resnet50_source_only_frozen_seeds_v1_fix2.py"" ### L59:DEEPLAB_HELPER = ROOT / ""code"" / ""S05_C_build_deeplab_source_side_safettta_gate_v1.py"" || L60:EXPECTED_DEEPLAB_HELPER_SHA256 = ""ab1d98f9847b2e338f07ec26ff426f9cd428e68da4813b90e2227782319aa424"" || L61:DEEPLAB_TRAINING_HELPER = ROOT / ""code"" / ""S05_B_train_deeplabv3_resnet50_source_only_frozen_seeds_v1_fix2.py"" || L62:EXPECTED_DEEPLAB_TRAINING_HELPER_SHA256 = ""7d0fd5192a9af40dbae0aeac692a65641745fbef2e986f1cd4e163a59ad93a31"" || L63:DEEPLAB_GATE = ROOT / ""outputs"" / ""S05_C_deeplab_source_side_safettta_gate_v1"" / ""SafeTTA_v1_DEEPLAB_SOURCE_LOCKED_GATE.json"" ### L61:DEEPLAB_TRAINING_HELPER = ROOT / ""code"" / ""S05_B_train_deeplabv3_resnet50_source_only_frozen_seeds_v1_fix2.py"" || L62:EXPECTED_DEEPLAB_TRAINING_HELPER_SHA256 = ""7d0fd5192a9af40dbae0aeac692a65641745fbef2e986f1cd4e163a59ad93a31"" || L63:DEEPLAB_GATE = ROOT / ""outputs"" / ""S05_C_deeplab_source_side_safettta_gate_v1"" / ""SafeTTA_v1_DEEPLAB_SOURCE_LOCKED_GATE.json"" || L64:EXPECTED_DEEPLAB_GATE_SHA256 = ""cfa1d67d43d291bff32c243ebfc6b98aedc873c18fcafd901961a4b779b11b31"" || L65:EXPECTED_DEEPLAB_TAU = 0.3938344633"
code/S06_D0_polypgen_mask_gt_integrity_audit_v1.py,PolypGen,10,"L28: || L29:ELIGIBILITY = ( || L30:ROOT / ""outputs"" / ""S06_B_polypgen_integrity_overlap_audit_v1_fix3"" || L31:/ ""S06_polypgen_external_eligibility_manifest.csv"" || L32:) ### L34: || L35:S06C_GLOBAL_LOCK = ( || L36:ROOT / ""outputs"" / ""S06_C_polypgen_dual_backbone_no_label_lock_v1_fix1"" || L37:/ ""POLYPGEN_DUAL_BACKBONE_NO_LABEL_GLOBAL_LOCK.json"" || L38:) ### L39:EXPECTED_S06C_GLOBAL_LOCK_SHA256 = ""6459f0addcbddf2449fa5f7b03096cbff8432ffc19c21b0c4116a3d6f7354db5"" || L40: || L41:OUTPUT_DIR = ROOT / ""outputs"" / ""S06_D0_polypgen_mask_gt_integrity_audit_v1"" || L42: || L43:EXPECTED_IMAGES = 1537 ### L163:rows, archive_sha, elig_sha, global_sha = validate_inputs() || L164: || L165:if args.output_dir.exists(): || L166:raise FileExistsError(args.output_dir) || L167:build = Path(str(args.output_dir) + ""__building"") ### L164: || L165:if args.output_dir.exists(): || L166:raise FileExistsError(args.output_dir) || L167:build = Path(str(args.output_dir) + ""__building"") || L168:if build.exists(): ### L165:if args.output_dir.exists(): || L166:raise FileExistsError(args.output_dir) || L167:build = Path(str(args.output_dir) + ""__building"") || L168:if build.exists(): || L169:raise FileExistsError(build) ### L289:f""Decision: {PASS_DECISION}"", || L290:"""", || L291:f""[OK] Outputs: {args.output_dir}"", || L292:] || L293:(build / ""summary.txt"").write_text(""\n"".join(lines)+""\n"", encoding=""utf-8"") ### L293:(build / ""summary.txt"").write_text(""\n"".join(lines)+""\n"", encoding=""utf-8"") || L294: || L295:build.rename(args.output_dir) || L296:print() || L297:print((args.output_dir / ""summary.txt"").read_text(encoding=""utf-8""))"
code/S06_D_polypgen_external_gt_reveal_evaluation_v1.py,PolypGen,53,"L38:EXPECTED_ARCHIVE_SHA256 = ""a22f956a9f0fc3f941927108a3de8217fc61f1944c7eda598536dbabc27dbff3"" || L39: || L40:S06B_DIR = ROOT / ""outputs"" / ""S06_B_polypgen_integrity_overlap_audit_v1_fix3"" || L41:ELIGIBILITY = S06B_DIR / ""S06_polypgen_external_eligibility_manifest.csv"" || L42:EXPECTED_ELIGIBILITY_SHA256 = ""b157d28634f8f53381ea6ee50db4142fbd06d94dc3f23fd858f2f62f7b71da06"" ### L42:EXPECTED_ELIGIBILITY_SHA256 = ""b157d28634f8f53381ea6ee50db4142fbd06d94dc3f23fd858f2f62f7b71da06"" || L43: || L44:S06C_DIR = ROOT / ""outputs"" / ""S06_C_polypgen_dual_backbone_no_label_lock_v1_fix1"" || L45:S06C_GLOBAL_LOCK = S06C_DIR / ""POLYPGEN_DUAL_BACKBONE_NO_LABEL_GLOBAL_LOCK.json"" || L46:EXPECTED_S06C_GLOBAL_LOCK_SHA256 = ""6459f0addcbddf2449fa5f7b03096cbff8432ffc19c21b0c4116a3d6f7354db5"" ### L48:EXPECTED_S06C_PROTOCOL_SHA256 = ""b1ae696b0a8eaf4b668ec0f4d26ebc3e40f05cdbce20a94ade92bf6a51556367"" || L49: || L50:OUTPUT_DIR = ROOT / ""outputs"" / ""S06_D_polypgen_external_gt_reveal_evaluation_v1"" || L51: || L52:ARCHITECTURES = (""pranet"", ""deeplab"") ### L180:""dir"": d, || L181:""lock"": d / ""UNIT_NO_LABEL_LOCK.json"", || L182:""npz"": d / ""locked_logits.npz"", || L183:""csv"": d / ""no_label_features_and_gate_decisions.csv"", || L184:} ### L224:if accepted != int(p_harm < tau): || L225:raise RuntimeError(f""Decision arithmetic mismatch: {key} {r['external_id']}"") || L226:text = ""ACCEPT_TENT"" if accepted else ""REJECT_TENT_USE_SOURCE"" || L227:if r[""decision""] != text: || L228:raise RuntimeError(f""Decision text mismatch: {key} {r['external_id']}"") ### L260: || L261: || L262:def resize_logit(logit, shape_hw): || L263:t = torch.from_numpy(np.asarray(logit, dtype=np.float32))[None, None] || L264:return F.interpolate(t, size=tuple(int(x) for x in shape_hw), mode=""bilinear"", align_corners=False)[0, 0].numpy() ### L261: || L262:def resize_logit(logit, shape_hw): || L263:t = torch.from_numpy(np.asarray(logit, dtype=np.float32))[None, None] || L264:return F.interpolate(t, size=tuple(int(x) for x in shape_hw), mode=""bilinear"", align_corners=False)[0, 0].numpy() || L265: ### L265: || L266: || L267:def metrics_from_logit(logit, gt): || L268:pred = resize_logit(logit, gt.shape) >= 0.0 || L269:target = gt.astype(bool)"
code/S06_D_polypgen_external_gt_reveal_evaluation_v1_fix1.py,PolypGen,59,"L38:EXPECTED_ARCHIVE_SHA256 = ""a22f956a9f0fc3f941927108a3de8217fc61f1944c7eda598536dbabc27dbff3"" || L39: || L40:S06B_DIR = ROOT / ""outputs"" / ""S06_B_polypgen_integrity_overlap_audit_v1_fix3"" || L41:ELIGIBILITY = S06B_DIR / ""S06_polypgen_external_eligibility_manifest.csv"" || L42:EXPECTED_ELIGIBILITY_SHA256 = ""b157d28634f8f53381ea6ee50db4142fbd06d94dc3f23fd858f2f62f7b71da06"" ### L42:EXPECTED_ELIGIBILITY_SHA256 = ""b157d28634f8f53381ea6ee50db4142fbd06d94dc3f23fd858f2f62f7b71da06"" || L43: || L44:S06C_DIR = ROOT / ""outputs"" / ""S06_C_polypgen_dual_backbone_no_label_lock_v1_fix1"" || L45:S06C_GLOBAL_LOCK = S06C_DIR / ""POLYPGEN_DUAL_BACKBONE_NO_LABEL_GLOBAL_LOCK.json"" || L46:EXPECTED_S06C_GLOBAL_LOCK_SHA256 = ""6459f0addcbddf2449fa5f7b03096cbff8432ffc19c21b0c4116a3d6f7354db5"" ### L48:EXPECTED_S06C_PROTOCOL_SHA256 = ""b1ae696b0a8eaf4b668ec0f4d26ebc3e40f05cdbce20a94ade92bf6a51556367"" || L49: || L50:S06D0_DIR = ROOT / ""outputs"" / ""S06_D0_polypgen_mask_gt_integrity_audit_v1"" || L51:S06D0_LOCK = S06D0_DIR / ""S06_D0_MASK_GT_INTEGRITY_LOCK.json"" || L52:EXPECTED_S06D0_LOCK_SHA256 = ""fd2aa9db6cdc3f675cf88cbb2c29493d7e2a863cf20f266d136e751774563bea"" ### L55:EXPECTED_NONEMPTY_MASKS = 1412 || L56: || L57:OUTPUT_DIR = ROOT / ""outputs"" / ""S06_D_polypgen_external_gt_reveal_evaluation_v1_fix1"" || L58: || L59:ARCHITECTURES = (""pranet"", ""deeplab"") ### L200:""dir"": d, || L201:""lock"": d / ""UNIT_NO_LABEL_LOCK.json"", || L202:""npz"": d / ""locked_logits.npz"", || L203:""csv"": d / ""no_label_features_and_gate_decisions.csv"", || L204:} ### L244:if accepted != int(p_harm < tau): || L245:raise RuntimeError(f""Decision arithmetic mismatch: {key} {r['external_id']}"") || L246:text = ""ACCEPT_TENT"" if accepted else ""REJECT_TENT_USE_SOURCE"" || L247:if r[""decision""] != text: || L248:raise RuntimeError(f""Decision text mismatch: {key} {r['external_id']}"") ### L297: || L298: || L299:def resize_logit(logit, shape_hw): || L300:t = torch.from_numpy(np.asarray(logit, dtype=np.float32))[None, None] || L301:return F.interpolate(t, size=tuple(int(x) for x in shape_hw), mode=""bilinear"", align_corners=False)[0, 0].numpy() ### L298: || L299:def resize_logit(logit, shape_hw): || L300:t = torch.from_numpy(np.asarray(logit, dtype=np.float32))[None, None] || L301:return F.interpolate(t, size=tuple(int(x) for x in shape_hw), mode=""bilinear"", align_corners=False)[0, 0].numpy() || L302:"
code/S06_E_polypgen_external_image_clustered_statistics_v1.py,PolypGen,43,"L29: || L30:S06D_DIR = ( || L31:ROOT / ""outputs"" || L32:/ ""S06_D_polypgen_external_gt_reveal_evaluation_v1_fix1"" || L33:) ### L40:) || L41: || L42:OUTPUT_DIR = ( || L43:ROOT / ""outputs"" || L44:/ ""S06_E_polypgen_external_image_clustered_statistics_v1"" ### L41: || L42:OUTPUT_DIR = ( || L43:ROOT / ""outputs"" || L44:/ ""S06_E_polypgen_external_image_clustered_statistics_v1"" || L45:) ### L155:""external_id"", || L156:""center"", || L157:""source_dice"", || L158:""tent_dice"", || L159:""safettta_dice"", ### L231:) || L232: || L233:source = np.asarray( || L234:[float(r[""source_dice""]) for r in members], || L235:dtype=np.float64, ### L232: || L233:source = np.asarray( || L234:[float(r[""source_dice""]) for r in members], || L235:dtype=np.float64, || L236:) ### L276:""external_id"": external_id, || L277:""center"": center, || L278:""source_mean"": float(source.mean()), || L279:""tent_mean"": float(tent.mean()), || L280:""safe_mean"": float(safe.mean()), ### L280:""safe_mean"": float(safe.mean()), || L281:""oracle_mean"": float(oracle.mean()), || L282:""safe_minus_source_mean"": float( || L283:(safe - source).mean() || L284:),"
code/S07_B_build_pranet_source_side_counterfactual_utility_dataset_v1.py,,108,"L3: || L4:"""""" || L5:S07-B: PraNet source-side counterfactual utility dataset construction. || L6: || L7:SOURCE-VAL only. No utility estimator is trained here. ### L5:S07-B: PraNet source-side counterfactual utility dataset construction. || L6: || L7:SOURCE-VAL only. No utility estimator is trained here. || L8:"""""" || L9: ### L27: || L28:VERSION = ""2026-08-18-S07-B-v1"" || L29:BUILD = ""S07_B_PRANET_SOURCE_SIDE_A1_A2_COUNTERFACTUAL_UTILITY_DATASET"" || L30: || L31:ROOT = Path(r""F:\MEDSEG_SAFETTA"") ### L33:EXPECTED_PROTOCOL_SHA256 = ""8a0aa3eaf708d6d12c55e13e1e84f8cdd80310a19673666d99d8089738911ab2"" || L34: || L35:S03B_HELPER = ROOT / ""code"" / ""S03_B_build_source_side_safettta_gate_v1.py"" || L36:EXPECTED_S03B_HELPER_SHA256 = ""07ac65247216dea376e8996cbfbc98c54c62157ecdd1e9b7d9b539b5a74a2b5c"" || L37: ### L36:EXPECTED_S03B_HELPER_SHA256 = ""07ac65247216dea376e8996cbfbc98c54c62157ecdd1e9b7d9b539b5a74a2b5c"" || L37: || L38:TRAINING_HELPER = ROOT / ""code"" / ""S01_B_train_pranet_source_only_frozen_seeds_v1.py"" || L39:EXPECTED_TRAINING_HELPER_SHA256 = ""2b2c9c1b75ff60bd087b403e43dc77468b31cbd54fb607481cc80ab47182b67a"" || L40: ### L39:EXPECTED_TRAINING_HELPER_SHA256 = ""2b2c9c1b75ff60bd087b403e43dc77468b31cbd54fb607481cc80ab47182b67a"" || L40: || L41:OUTPUT_DIR = ROOT / ""outputs"" / ""S07_B_pranet_source_side_counterfactual_utility_dataset_v1"" || L42: || L43:SEEDS = (20260817, 20260818, 20260819) ### L42: || L43:SEEDS = (20260817, 20260818, 20260819) || L44:SOURCE_VAL_N = 145 || L45:N_FOLDS = 5 || L46: ### L66:BENEFIT_THRESHOLD = +0.02 || L67: || L68:EXPECTED_BASE_CASES = SOURCE_VAL_N * len(PERTURBATIONS) * len(SEEDS) || L69:EXPECTED_ACTION_ROWS = EXPECTED_BASE_CASES * len(ACTIONS) || L70:"
code/S07_D_source_only_utility_ranking_postmortem_audit_v1.py,,29,"L18: || L19:VERSION = ""2026-08-19-S07-D-v1"" || L20:BUILD = ""S07_D_SOURCE_ONLY_UTILITY_RANKING_POSTMORTEM"" || L21: || L22:ROOT = Path(r""F:\MEDSEG_SAFETTA"") ### L24:PROTOCOL = ( || L25:ROOT / ""docs"" || L26:/ ""S07_D_source_only_utility_ranking_postmortem_protocol_v1.md"" || L27:) || L28:EXPECTED_PROTOCOL_SHA256 = ""85c0debe4b2b1bad264149d207604162054ab667792b41c41bfccbe3d2f00dac"" ### L29: || L30:S07C_DIR = ( || L31:ROOT / ""outputs"" || L32:/ ""S07_C_pranet_grouped_oof_quantile_utility_feasibility_v1_fix1"" || L33:) ### L57:EXPECTED_S07C_RESULT_JSON_SHA256 = ""204a40c8527347e716fbe9c1da7e5c058b282a40e7c7bd02223e0d088a37b141"" || L58: || L59:OUTPUT_DIR = ( || L60:ROOT / ""outputs"" || L61:/ ""S07_D_source_only_utility_ranking_postmortem_v1"" ### L58: || L59:OUTPUT_DIR = ( || L60:ROOT / ""outputs"" || L61:/ ""S07_D_source_only_utility_ranking_postmortem_v1"" || L62:) ### L59:OUTPUT_DIR = ( || L60:ROOT / ""outputs"" || L61:/ ""S07_D_source_only_utility_ranking_postmortem_v1"" || L62:) || L63: ### L436:pairwise_regrets.append(adapt_oracle_delta - predicted_delta) || L437: || L438:# Source wins all zero/negative ties; A1 wins exact positive A1/A2 ties. || L439:if max(d1, d2) <= 0.0: || L440:oracle = ""SOURCE"" ### L438:# Source wins all zero/negative ties; A1 wins exact positive A1/A2 ties. || L439:if max(d1, d2) <= 0.0: || L440:oracle = ""SOURCE"" || L441:elif d1 >= d2: || L442:oracle = ""A1_TENT_1STEP"""
code/S07_F_pranet_scrr_source_grouped_oof_feasibility_v1.py,,137,"L3: || L4:"""""" || L5:S07-F: PraNet SCRR source-grouped OOF representation feasibility. || L6: || L7:Frozen scope: ### L6: || L7:Frozen scope: || L8:- 145 source-val image groups || L9:- 10 source-side perturbations || L10:- 3 frozen PraNet seeds ### L7:Frozen scope: || L8:- 145 source-val image groups || L9:- 10 source-side perturbations || L10:- 3 frozen PraNet seeds || L11:- A1 one-step TENT and A2 two-step TENT ### L15:- utility + harm + benefit multitask heads || L16:- exact 30 epochs, no early stopping, no scheduler || L17:- 5 grouped OOF folds by original source image || L18: || L19:No deployment policy is created in this stage. ### L18: || L19:No deployment policy is created in this stage. || L20:No non-source evaluation data are opened. || L21:"""""" || L22: ### L46: || L47:VERSION = ""2026-08-19-S07-F-v1"" || L48:BUILD = ""S07_F_PRANET_SCRR_SOURCE_GROUPED_OOF_REPRESENTATION_FEASIBILITY"" || L49: || L50:ROOT = Path(r""F:\MEDSEG_SAFETTA"") ### L57: || L58:S07D_LOCK = ( || L59:ROOT / ""outputs"" || L60:/ ""S07_D_source_only_utility_ranking_postmortem_v1"" || L61:/ ""S07_D_SOURCE_ONLY_POSTMORTEM_LOCK.json"" ### L58:S07D_LOCK = ( || L59:ROOT / ""outputs"" || L60:/ ""S07_D_source_only_utility_ranking_postmortem_v1"" || L61:/ ""S07_D_SOURCE_ONLY_POSTMORTEM_LOCK.json"" || L62:)"
code/S07_F_pranet_scrr_source_grouped_oof_feasibility_v1_fix1.py,,140,"L3: || L4:"""""" || L5:S07-F: PraNet SCRR source-grouped OOF representation feasibility. || L6: || L7:Frozen scope: ### L6: || L7:Frozen scope: || L8:- 145 source-val image groups || L9:- 10 source-side perturbations || L10:- 3 frozen PraNet seeds ### L7:Frozen scope: || L8:- 145 source-val image groups || L9:- 10 source-side perturbations || L10:- 3 frozen PraNet seeds || L11:- A1 one-step TENT and A2 two-step TENT ### L15:- utility + harm + benefit multitask heads || L16:- exact 30 epochs, no early stopping, no scheduler || L17:- 5 grouped OOF folds by original source image || L18: || L19:No deployment policy is created in this stage. ### L18: || L19:No deployment policy is created in this stage. || L20:No non-source evaluation data are opened. || L21:"""""" || L22: ### L57: || L58:S07D_LOCK = ( || L59:ROOT / ""outputs"" || L60:/ ""S07_D_source_only_utility_ranking_postmortem_v1"" || L61:/ ""S07_D_SOURCE_ONLY_POSTMORTEM_LOCK.json"" ### L58:S07D_LOCK = ( || L59:ROOT / ""outputs"" || L60:/ ""S07_D_source_only_utility_ranking_postmortem_v1"" || L61:/ ""S07_D_SOURCE_ONLY_POSTMORTEM_LOCK.json"" || L62:) ### L59:ROOT / ""outputs"" || L60:/ ""S07_D_source_only_utility_ranking_postmortem_v1"" || L61:/ ""S07_D_SOURCE_ONLY_POSTMORTEM_LOCK.json"" || L62:) || L63:EXPECTED_S07D_LOCK_SHA256 = ""d7b5fb20f8188af78750f194dc17d8b3721b7b2471b1ee323b0373ad16a6ebba"""
code/S07_H_v4_scrr_tristate_source_grouped_oof_v1.py,,130,"L3: || L4:"""""" || L5:S07-H: SafeTTA-v4 SCRR tri-state source-grouped OOF feasibility. || L6: || L7:Frozen protocol: ### L14:- Same SCRR encoder as S07-F. || L15:- Tri-state head only. || L16:- 5 grouped OOF folds by original source image. || L17:- Exactly 30 epochs/fold. || L18:- Deployment rule: ### L17:- Exactly 30 epochs/fold. || L18:- Deployment rule: || L19:execute A1 only if BENEFIT logit is STRICTLY greater than both || L20:HARM and NEUTRAL logits; otherwise SOURCE. || L21:- No probability threshold or target calibration. ### L18:- Deployment rule: || L19:execute A1 only if BENEFIT logit is STRICTLY greater than both || L20:HARM and NEUTRAL logits; otherwise SOURCE. || L21:- No probability threshold or target calibration. || L22:- No target-domain data opened. ### L48: || L49:VERSION = ""2026-08-19-S07-H-v1"" || L50:BUILD = ""S07_H_V4_SCRR_TRISTATE_SOURCE_GROUPED_OOF"" || L51: || L52:ROOT = Path(r""F:\MEDSEG_SAFETTA"") ### L59: || L60:S07F_DIR = ( || L61:ROOT / ""outputs"" || L62:/ ""S07_F_pranet_scrr_source_grouped_oof_feasibility_v1_fix1"" || L63:) ### L60:S07F_DIR = ( || L61:ROOT / ""outputs"" || L62:/ ""S07_F_pranet_scrr_source_grouped_oof_feasibility_v1_fix1"" || L63:) || L64: ### L71:CACHE_PATH = ( || L72:S07F_DIR || L73:/ ""scrr_source_side_tensor_cache_v1.npz"" || L74:) || L75:EXPECTED_CACHE_SHA256 = ""60b7459555f5944cd62683a9e02a85cb31a86bf6ff0ee4d6f5be333a673576d1"""
release/SafeTTA_clean_test_v102/experiments/mri_prostate_promise/Q1X_CM1_prostate_mri_schema_and_source_label_audit_fix3.py,,33,"L3: || L4:"""""" || L5:Q1X_CM1_prostate_mri_schema_and_source_label_audit_fix2.py || L6: || L7:CM1 Fix2: preserve all CM0 and Prostate158 checks, but replace the overly ### L49: || L50:VERSION = ""2026-09-04-Q1X-CM1-v1-fix3"" || L51:BUILD = ""Q1X_CM1_PROSTATE_MRI_SCHEMA_AND_SOURCE_LABEL_AUDIT_FIX3"" || L52: || L53:ROOT = Path(r""F:\MEDSEG_SAFETTA\cross_modality_prostate_mri"") ### L52: || L53:ROOT = Path(r""F:\MEDSEG_SAFETTA\cross_modality_prostate_mri"") || L54:OUT = Path(r""F:\MEDSEG_SAFETTA\outputs"") || L55: || L56:CM0_DIR = OUT / ""Q1X_CM0_prostate_mri_data_acquisition_integrity_audit_fix1_v1"" ### L74:P12_EXTRACT = EXTRACT_ROOT / ""PROMISE12"" || L75: || L76:DEFAULT_OUTPUT = OUT / ""Q1X_CM1_prostate_mri_schema_and_source_label_audit_fix3_v1"" || L77: || L78:DECISION_PASS = ( ### L77: || L78:DECISION_PASS = ( || L79:""SOURCE_SCHEMA_AND_LABEL_ENCODING_LOCKED_READY_FOR_CM2_PREPROCESSING_PROTOCOL"" || L80:) || L81: ### L149:except Exception as e: || L150:raise RuntimeError( || L151:""nibabel is required for the Prostate158 SOURCE NIfTI schema audit."" || L152:) from e || L153:return nib ### L194: || L195: || L196:def audit_prostate158_source(nib): || L197:print(""\n===== PROSTATE158 SOURCE SCHEMA AUDIT ====="") || L198:files = all_files(P158_EXTRACT) ### L195: || L196:def audit_prostate158_source(nib): || L197:print(""\n===== PROSTATE158 SOURCE SCHEMA AUDIT ====="") || L198:files = all_files(P158_EXTRACT) || L199:classes = defaultdict(list)"
release/SafeTTA_clean_test_v102/experiments/mri_prostate_promise/Q1X_CM3_source_oof_segmentation_training_and_prediction_lock_fix3.py,Prostate158,116,"L3: || L4:"""""" || L5:Q1X_CM3_source_oof_segmentation_training_and_prediction_lock_fix1.py || L6: || L7:SafeTTA Q1 enhancement — CM3. ### L9:Scientific role || L10:--------------- || L11:Train the frozen three-family SOURCE segmentation panel under the exact CM2B || L12:protocol and generate patient-separated 5-fold out-of-fold (OOF) SOURCE || L13:predictions for Prostate158. ### L10:--------------- || L11:Train the frozen three-family SOURCE segmentation panel under the exact CM2B || L12:protocol and generate patient-separated 5-fold out-of-fold (OOF) SOURCE || L13:predictions for Prostate158. || L14: ### L20:This script: || L21:1) verifies the exact CM2B lock and all child artifacts; || L22:2) builds a SOURCE-only preprocessed memmap cache; || L23:3) runs a batch-size-8 forward/backward preflight for all three families; || L24:4) trains 5 patient-level folds per family; ### L23:3) runs a batch-size-8 forward/backward preflight for all three families; || L24:4) trains 5 patient-level folds per family; || L25:5) selects checkpoints by mean patient-level 3D whole-gland Dice; || L26:6) writes OOF probabilities and binary SOURCE masks for every SOURCE slice; || L27:7) writes fold/model metrics and a lineage lock. ### L24:4) trains 5 patient-level folds per family; || L25:5) selects checkpoints by mean patient-level 3D whole-gland Dice; || L26:6) writes OOF probabilities and binary SOURCE masks for every SOURCE slice; || L27:7) writes fold/model metrics and a lineage lock. || L28: ### L32:- fit the SafeTTA safety model; || L33:- tune on PROMISE12; || L34:- train final all-source external models. || L35: || L36:Resume behavior ### L36:Resume behavior || L37:--------------- || L38:The stage is resumable. Each fold writes a last-state checkpoint containing || L39:optimizer/scaler/RNG state. Existing completed folds are reused only after || L40:their completion metadata and best checkpoint are found."
release/SafeTTA_clean_test_v102/experiments/mri_prostate_promise/Q1X_CM4A_source_oof_tent1_outcome_asset_lock_fix4.py,Prostate158,136,"L3: || L4:"""""" || L5:Q1X_CM4A_source_oof_tent1_outcome_asset_lock_fix4.py || L6: || L7:SafeTTA Q1 enhancement — CM4A. ### L10:------- || L11:Use the frozen CM3 patient-separated OOF prostate segmentation models to || L12:construct the SOURCE-only counterfactual outcome asset: || L13: || L14:SOURCE vs A1_TENT_1STEP ### L12:construct the SOURCE-only counterfactual outcome asset: || L13: || L14:SOURCE vs A1_TENT_1STEP || L15: || L16:for every Prostate158 axial slice and every frozen model family. ### L17: || L18:This stage: || L19:- uses SOURCE GT (allowed); || L20:- uses the frozen CM3 OOF mask as the SOURCE baseline; || L21:- requires the CM4A Fix3 exact batch-8 replay audit to have PASSed with ### L18:This stage: || L19:- uses SOURCE GT (allowed); || L20:- uses the frozen CM3 OOF mask as the SOURCE baseline; || L21:- requires the CM4A Fix3 exact batch-8 replay audit to have PASSed with || L22:zero binary mismatches across all 15 family/fold combinations; ### L35:- episodic reset = YES || L36:- normalization-affine parameters only || L37:- source prediction from untouched checkpoint in eval mode || L38: || L39:Architecture-compatible normalization: ### L40:- UNet: BatchNorm2d affine || L41:- DeepLabV3-R50: ordinary BatchNorm2d affine; ASPP pooled singleton-unsafe || L42:BN stays eval with source running statistics; Dropout stays eval || L43:- SegFormer-B0: LayerNorm + compatible BatchNorm2d affine; Dropout stays eval || L44: ### L69: || L70:VERSION = ""2026-09-05-Q1X-CM4A-v1-fix4"" || L71:BUILD = ""Q1X_CM4A_SOURCE_OOF_TENT1_OUTCOME_ASSET_LOCK_FIX4"" || L72: || L73:ROOT = Path(r""F:\MEDSEG_SAFETTA"")"
release/SafeTTA_clean_test_v102/experiments/mri_prostate_promise/Q1X_CM4B_mri_source_prediction_conditioned_safety_grouped_oof_fix1.py,Prostate158,82,"L3: || L4:"""""" || L5:Q1X_CM4B_mri_source_prediction_conditioned_safety_grouped_oof_fix1.py || L6: || L7:SafeTTA Q1 enhancement — CM4B. ### L9:Purpose || L10:------- || L11:Confirm on the new prostate-MRI SOURCE task whether the frozen || L12:prediction-conditioned semantic safety representation can rank TENT1 HARM || L13:before adaptation. ### L13:before adaptation. || L14: || L15:This stage is SOURCE only: || L16:- Prostate158 images + frozen CM3 SOURCE OOF masks; || L17:- CM4A SOURCE TENT1 outcome labels; ### L14: || L15:This stage is SOURCE only: || L16:- Prostate158 images + frozen CM3 SOURCE OOF masks; || L17:- CM4A SOURCE TENT1 outcome labels; || L18:- frozen DINOv2-base image encoder; ### L15:This stage is SOURCE only: || L16:- Prostate158 images + frozen CM3 SOURCE OOF masks; || L17:- CM4A SOURCE TENT1 outcome labels; || L18:- frozen DINOv2-base image encoder; || L19:- patient-grouped 5-fold OOF safety evaluation. ### L22:No target calibration. || L23:No operating-point threshold selection. || L24:No final all-source safety head fitting. || L25: || L26:Primary representation ### L28:Frozen cross-task framework: || L29:DINOv2-base patch tokens (224x224, 16x16 patches) || L30:+ SOURCE-prediction conditioning: || L31:352x352 SOURCE mask -> 16x16 occupancy using exact 22x22 blocks || L32:foreground weighted token mean (768) ### L29:DINOv2-base patch tokens (224x224, 16x16 patches) || L30:+ SOURCE-prediction conditioning: || L31:352x352 SOURCE mask -> 16x16 occupancy using exact 22x22 blocks || L32:foreground weighted token mean (768) || L33:background weighted token mean (768)"
release/SafeTTA_clean_test_v102/experiments/mri_prostate_promise/Q1X_CM4C_final_source_safety_estimator_and_threshold_lock_fix2.py,Prostate158,87,"L3: || L4:"""""" || L5:Q1X_CM4C_final_source_safety_estimator_and_threshold_lock_fix1.py || L6: || L7:SafeTTA Q1 enhancement — CM4C. ### L9:Purpose || L10:------- || L11:Freeze the final MRI SOURCE safety estimator and the SOURCE operating point || L12:before any PROMISE12 safety inference/evaluation. || L13: ### L12:before any PROMISE12 safety inference/evaluation. || L13: || L14:Inputs are SOURCE only: || L15:- CM4B prediction-conditioned DINO+M2 feature asset; || L16:- CM4B patient-grouped OOF Final scores; ### L15:- CM4B prediction-conditioned DINO+M2 feature asset; || L16:- CM4B patient-grouped OOF Final scores; || L17:- CM4A SOURCE TENT1 HARM labels. || L18: || L19:This stage: ### L18: || L19:This stage: || L20:1) derives the frozen SOURCE operating point from cross-fitted OOF Final scores; || L21:2) fits the final all-SOURCE prediction-conditioned safety estimator; || L22:3) serializes all source-only preprocessing/classifier components; ### L19:This stage: || L20:1) derives the frozen SOURCE operating point from cross-fitted OOF Final scores; || L21:2) fits the final all-SOURCE prediction-conditioned safety estimator; || L22:3) serializes all source-only preprocessing/classifier components; || L23:4) locks the DINOv2 identity and score semantics for future target scoring. ### L20:1) derives the frozen SOURCE operating point from cross-fitted OOF Final scores; || L21:2) fits the final all-SOURCE prediction-conditioned safety estimator; || L22:3) serializes all source-only preprocessing/classifier components; || L23:4) locks the DINOv2 identity and score semantics for future target scoring. || L24: ### L41: || L42:VERSION = ""2026-09-05-Q1X-CM4C-v1-fix2"" || L43:BUILD = ""Q1X_CM4C_FINAL_SOURCE_SAFETY_ESTIMATOR_AND_THRESHOLD_LOCK_FIX2"" || L44: || L45:ROOT = Path(r""F:\MEDSEG_SAFETTA"")"
release/SafeTTA_clean_test_v102/experiments/mri_prostate_promise/Q1X_CM4D_final_all_source_segmentation_models_lock_fix2.py,Prostate158,106,"L3: || L4:"""""" || L5:Q1X_CM4D_final_all_source_segmentation_models_lock_fix1.py || L6: || L7:SafeTTA Q1 enhancement — CM4D. ### L9:Purpose || L10:------- || L11:Train exactly one final all-SOURCE prostate segmentation model per frozen || L12:family before any PROMISE12 image is used. || L13: ### L14:CM2B already froze: || L15:- one final model per family; || L16:- all 139 SOURCE patients; || L17:- final duration derived from SOURCE OOF only; || L18:- PROMISE12 cannot be used for epoch/model selection. ### L15:- one final model per family; || L16:- all 139 SOURCE patients; || L17:- final duration derived from SOURCE OOF only; || L18:- PROMISE12 cannot be used for epoch/model selection. || L19: ### L26:- SegFormer_B0    [39,34,50,28,48] -> 39 epochs || L27: || L28:No early stopping and no SOURCE validation/model selection are performed in || L29:the all-SOURCE refit. A descriptive all-SOURCE training-set sanity Dice is || L30:computed only after the fixed-duration training is finished and cannot change ### L27: || L28:No early stopping and no SOURCE validation/model selection are performed in || L29:the all-SOURCE refit. A descriptive all-SOURCE training-set sanity Dice is || L30:computed only after the fixed-duration training is finished and cannot change || L31:the model. ### L48: || L49:VERSION = ""2026-09-05-Q1X-CM4D-v1-fix2"" || L50:BUILD = ""Q1X_CM4D_FINAL_ALL_SOURCE_SEGMENTATION_MODELS_LOCK_FIX2"" || L51: || L52:ROOT = Path(r""F:\MEDSEG_SAFETTA"") ### L51: || L52:ROOT = Path(r""F:\MEDSEG_SAFETTA"") || L53:OUT = ROOT / ""outputs"" || L54:CODE = ROOT / ""code"" || L55:"
release/SafeTTA_clean_test_v102/experiments/mri_prostate_promise/Q1X_CM5A_promise12_gt_free_prediction_tent1_safety_scoring_lock_fix1.py,PROMISE12,113,"L12:- PROMISE12 image MHD headers; || L13:- PROMISE12 image RAW payloads; || L14:- frozen SOURCE segmentation models; || L15:- frozen SOURCE safety estimator; || L16:- frozen SOURCE operating point; ### L13:- PROMISE12 image RAW payloads; || L14:- frozen SOURCE segmentation models; || L15:- frozen SOURCE safety estimator; || L16:- frozen SOURCE operating point; || L17:- TENT1; ### L14:- frozen SOURCE segmentation models; || L15:- frozen SOURCE safety estimator; || L16:- frozen SOURCE operating point; || L17:- TENT1; || L18:- frozen DINOv2 representation. ### L29:Segmentation members are never opened. || L30: || L31:Full-mode outputs: || L32:1) image-only target preprocessing cache (all 50 patients / all 1377 slices); || L33:2) frozen SOURCE predictions for three final all-SOURCE segmenters; ### L31:Full-mode outputs: || L32:1) image-only target preprocessing cache (all 50 patients / all 1377 slices); || L33:2) frozen SOURCE predictions for three final all-SOURCE segmenters; || L34:3) episodic one-slice A1_TENT_1STEP predictions; || L35:4) prediction-conditioned DINOv2+M2 target representations; ### L34:3) episodic one-slice A1_TENT_1STEP predictions; || L35:4) prediction-conditioned DINOv2+M2 target representations; || L36:5) frozen final SOURCE safety scores; || L37:6) decisions under the frozen SOURCE deployment threshold. || L38: ### L35:4) prediction-conditioned DINOv2+M2 target representations; || L36:5) frozen final SOURCE safety scores; || L37:6) decisions under the frozen SOURCE deployment threshold. || L38: || L39:No target operating-point transport is performed here. CM5B uses the locked ### L63: || L64:ROOT = Path(r""F:\MEDSEG_SAFETTA"") || L65:OUT = ROOT / ""outputs"" || L66:CODE = ROOT / ""code"" || L67:"
release/SafeTTA_clean_test_v102/experiments/mri_prostate_promise/Q1X_CM5B_unlabeled_support_aware_operating_point_transport_lock_fix2.py,PROMISE12,148,"L16:conditional stability in the frozen safety representation z: || L17: || L18:P_target(HARM | z, action) ~= P_source(HARM | z, action) || L19: || L20:Unlabeled target data cannot identify arbitrary conditional shift. Therefore ### L19: || L20:Unlabeled target data cannot identify arbitrary conditional shift. Therefore || L21:CM5B explicitly audits overlap/support and abstains if the weighted SOURCE HARM || L22:support is inadequate. || L23: ### L24:Primary transport || L25:----------------- || L26:1) Transform SOURCE and target raw CondDINO+M2 features through the already || L27:frozen final SOURCE safety preprocessing into z = PCA64+M2 standardized space. || L28:2) Estimate p_target(z)/p_source(z) with patient-cross-fitted logistic domain ### L25:----------------- || L26:1) Transform SOURCE and target raw CondDINO+M2 features through the already || L27:frozen final SOURCE safety preprocessing into z = PCA64+M2 standardized space. || L28:2) Estimate p_target(z)/p_source(z) with patient-cross-fitted logistic domain || L29:classifiers, separately for each model family. ### L26:1) Transform SOURCE and target raw CondDINO+M2 features through the already || L27:frozen final SOURCE safety preprocessing into z = PCA64+M2 standardized space. || L28:2) Estimate p_target(z)/p_source(z) with patient-cross-fitted logistic domain || L29:classifiers, separately for each model family. || L30:3) Stabilize source density-ratio weights by mean normalization within family ### L28:2) Estimate p_target(z)/p_source(z) with patient-cross-fitted logistic domain || L29:classifiers, separately for each model family. || L30:3) Stabilize source density-ratio weights by mean normalization within family || L31:and a preregistered maximum normalized weight of 10. || L32:4) On patient-grouped cross-fitted SOURCE safety scores (score_Final), use ### L30:3) Stabilize source density-ratio weights by mean normalization within family || L31:and a preregistered maximum normalized weight of 10. || L32:4) On patient-grouped cross-fitted SOURCE safety scores (score_Final), use || L33:source HARM labels + density-ratio weights to estimate target-weighted HARM || L34:recall. ### L31:and a preregistered maximum normalized weight of 10. || L32:4) On patient-grouped cross-fitted SOURCE safety scores (score_Final), use || L33:source HARM labels + density-ratio weights to estimate target-weighted HARM || L34:recall. || L35:5) Use a patient-cluster bootstrap to choose a conservative OOF-space threshold:"
release/SafeTTA_clean_test_v102/experiments/mri_prostate_promise/Q1X_CM6_promise12_gt_reveal_locked_policy_evaluation_fix1.py,PROMISE12,52,"L10: || L11:It evaluates only policies that were already locked before GT: || L12:1) fixed SOURCE deployment threshold; || L13:2) naive unlabeled target-quantile baseline; || L14:3) support-aware transport -- here prospectively locked as ABSTAIN; ### L22: || L23:HARM remains exactly: || L24:DeltaDice = TENT1 slice Dice - SOURCE slice Dice || L25:HARM iff DeltaDice <= -0.02 || L26: ### L49: || L50:ROOT = Path(r""F:\MEDSEG_SAFETTA"") || L51:OUT = ROOT / ""outputs"" || L52:CODE = ROOT / ""code"" || L53: ### L90:) || L91: || L92:DEFAULT_OUTPUT = ( || L93:OUT || L94:/ ""Q1X_CM6_promise12_gt_reveal_locked_policy_evaluation_fix1_v1"" ### L632:""beneficial"", || L633:""delta_dice"", || L634:""source_dice"", || L635:""tent1_dice"", || L636:} ### L645:for family in FAMILIES: || L646:side = pred_sidecars[family] || L647:src_path = Path(side[""source_masks""]) || L648:tent_path = Path(side[""tent1_masks""]) || L649: ### L648:tent_path = Path(side[""tent1_masks""]) || L649: || L650:if sha256_file(src_path) != side[""source_masks_sha256""]: || L651:raise RuntimeError( || L652:f""{family} SOURCE target-mask SHA mismatch."" ### L650:if sha256_file(src_path) != side[""source_masks_sha256""]: || L651:raise RuntimeError( || L652:f""{family} SOURCE target-mask SHA mismatch."" || L653:) || L654:if sha256_file(tent_path) != side[""tent1_masks_sha256""]:"
release/SafeTTA_clean_test_v102/experiments/mri_prostate_promise/Q1X_CM7A_promise12_external_ranking_baseline_audit_fix2.py,PROMISE12,151,"L34:Baselines || L35:--------- || L36:1) SOURCE_ENTROPY || L37:Mean pixelwise Bernoulli entropy from frozen SOURCE eval logits. || L38: ### L35:--------- || L36:1) SOURCE_ENTROPY || L37:Mean pixelwise Bernoulli entropy from frozen SOURCE eval logits. || L38: || L39:2) SOURCE_LOW_CONFIDENCE ### L37:Mean pixelwise Bernoulli entropy from frozen SOURCE eval logits. || L38: || L39:2) SOURCE_LOW_CONFIDENCE || L40:Mean [1 - max(p,1-p)] from frozen SOURCE eval logits. || L41: ### L38: || L39:2) SOURCE_LOW_CONFIDENCE || L40:Mean [1 - max(p,1-p)] from frozen SOURCE eval logits. || L41: || L42:3) M2 ### L41: || L42:3) M2 || L43:source_fg_fraction + source_boundary_density. || L44:SOURCE-only median imputer + StandardScaler + balanced LR. || L45: ### L42:3) M2 || L43:source_fg_fraction + source_boundary_density. || L44:SOURCE-only median imputer + StandardScaler + balanced LR. || L45: || L46:4) DINO_CLS ### L46:4) DINO_CLS || L47:frozen DINOv2-base [CLS] 768. || L48:SOURCE-only median imputer + randomized whiten PCA64 + || L49:StandardScaler + balanced LR. || L50: ### L51:5) CondDINO || L52:frozen prediction-conditioned FG768+BG768. || L53:SOURCE-only median imputer + randomized whiten PCA64 + || L54:StandardScaler + balanced LR. || L55:"
release/SafeTTA_clean_test_v102/experiments/mri_prostate_promise/Q1X_CM7B_promise12_matched_coverage_utility_audit_fix1.py,PROMISE12,36,"L20:Primary comparisons || L21:------------------- || L22:Frozen SafeTTA fixed-SOURCE gate || L23:vs || L24:Random adaptation at exactly the same number of adapted slices PER FAMILY. ### L25: || L26:Metrics: || L27:- prevented HARM fraction (= HARM recall of retain-SOURCE gate); || L28:- mean patient-level 3D deployed Dice; || L29:- mean slice deployed Dice. ### L54: || L55:ROOT = Path(r""F:\MEDSEG_SAFETTA"") || L56:OUT = ROOT / ""outputs"" || L57: || L58:CM6_LOCK = ( ### L74:) || L75: || L76:DEFAULT_OUTPUT = ( || L77:OUT || L78:/ ""Q1X_CM7B_promise12_matched_coverage_utility_audit_fix1_v1"" ### L170:""risk_score"", || L171:""harmful"", || L172:""source_dice"", || L173:""tent1_dice"", || L174:""source_tp"", ### L172:""source_dice"", || L173:""tent1_dice"", || L174:""source_tp"", || L175:""source_fp"", || L176:""source_fn"", ### L173:""tent1_dice"", || L174:""source_tp"", || L175:""source_fp"", || L176:""source_fn"", || L177:""tent_tp"", ### L174:""source_tp"", || L175:""source_fp"", || L176:""source_fn"", || L177:""tent_tp"", || L178:""tent_fp"","
release/SafeTTA_clean_test_v102/experiments/polypgen/Q1_R10L1B_polypgen_unique_static_manifest_lock_fix3.py,PolypGen,16,"L13:- one unmatched image stem and one unmatched mask stem in C3. || L14: || L15:Before source-training overlap audit or any external inference, freeze a || L16:deduplicated static-image manifest. || L17: ### L48: || L49:DEFAULT_R10L1_MANIFEST = ( || L50:""F:/MEDSEG_SAFETTA/outputs/"" || L51:""Q1_R10L1_polypgen_official_singleframe_asset_audit_fix2_v1/"" || L52:""R10L1_polypgen_official_singleframe_manifest.csv"" ### L54: || L55:DEFAULT_R10L1_SUMMARY = ( || L56:""F:/MEDSEG_SAFETTA/outputs/"" || L57:""Q1_R10L1_polypgen_official_singleframe_asset_audit_fix2_v1/"" || L58:""R10L1_summary.json"" ### L64:) || L65: || L66:DEFAULT_OUTPUT = ( || L67:""F:/MEDSEG_SAFETTA/outputs/"" || L68:""Q1_R10L1B_polypgen_unique_static_manifest_lock_fix3_v1"" ### L65: || L66:DEFAULT_OUTPUT = ( || L67:""F:/MEDSEG_SAFETTA/outputs/"" || L68:""Q1_R10L1B_polypgen_unique_static_manifest_lock_fix3_v1"" || L69:) ### L122:) || L123:ap.add_argument( || L124:""--output_dir"", || L125:default=DEFAULT_OUTPUT, || L126:) ### L123:ap.add_argument( || L124:""--output_dir"", || L125:default=DEFAULT_OUTPUT, || L126:) || L127:args = ap.parse_args() ### L130:summary_path = Path(args.r10l1_summary) || L131:root = Path(args.polypgen_root) || L132:out = Path(args.output_dir) || L133:out.mkdir(parents=True, exist_ok=True) || L134:"
release/SafeTTA_clean_test_v102/experiments/polypgen/Q1_R10L3A_polypgen_source_a1_prediction_lock_fix2.py,PolypGen,93,"L3: || L4:"""""" || L5:Q1_R10L3A_polypgen_source_a1_prediction_lock_fix2.py || L6: || L7:First prospective PolypGen model execution after the independence gate. ### L9:PURPOSE || L10:------- || L11:Run the exact already-frozen SOURCE vs A1_TENT_1STEP counterfactual for all || L12:1532 locked PolypGen static cases x 9 frozen model states, while keeping || L13:PolypGen GT completely unopened. ### L17:and reuses its frozen state runners: || L18: || L19:- PraNet: exact S03-B SOURCE + episodic 1-step TENT || L20:- DeepLabV3-R50: exact singleton-safe S05-C SOURCE + episodic 1-step TENT || L21:- SegFormer-B0: exact R03 SOURCE + episodic 1-step TENT ### L18: || L19:- PraNet: exact S03-B SOURCE + episodic 1-step TENT || L20:- DeepLabV3-R50: exact singleton-safe S05-C SOURCE + episodic 1-step TENT || L21:- SegFormer-B0: exact R03 SOURCE + episodic 1-step TENT || L22: ### L19:- PraNet: exact S03-B SOURCE + episodic 1-step TENT || L20:- DeepLabV3-R50: exact singleton-safe S05-C SOURCE + episodic 1-step TENT || L21:- SegFormer-B0: exact R03 SOURCE + episodic 1-step TENT || L22: || L23:Frozen action: ### L38:- target calibration/tuning/threshold fitting: NO || L39: || L40:Outputs SOURCE and A1 masks only, packed exactly as the authoritative R05D3 || L41:implementation: 352x352 binary masks, row-major, np.packbits(bitorder=""little""). || L42:"""""" ### L66: || L67:VERSION = ""2026-08-26-Q1-R10L3A-v1-fix2"" || L68:BUILD = ""Q1_R10L3A_POLYPGEN_SOURCE_A1_PREDICTION_LOCK_FIX2"" || L69: || L70:ROOT = Path(r""F:\MEDSEG_SAFETTA"") ### L72:R05D3_SCRIPT = ( || L73:ROOT / ""code"" || L74:/ ""Q1_R05D3_neopolyp_source_a1_prediction_lock_v1_fix1.py"" || L75:) || L76:EXPECTED_R05D3_SCRIPT_SHA256 = ("
release/SafeTTA_clean_test_v102/experiments/polypgen/Q1_R10L3B_polypgen_frozen_safety_score_lock_fix1.py,PolypGen,56,"L13:Per model-case: || L14:1) RGB -> frozen facebook/dinov2-base, direct bicubic 224x224; || L15:2) read SOURCE mask only (A1 value access forbidden); || L16:3) SOURCE 352x352 -> exact 22x22 block occupancy -> 16x16; || L17:4) foreground-weighted patch mean 768-D; ### L14:1) RGB -> frozen facebook/dinov2-base, direct bicubic 224x224; || L15:2) read SOURCE mask only (A1 value access forbidden); || L16:3) SOURCE 352x352 -> exact 22x22 block occupancy -> 16x16; || L17:4) foreground-weighted patch mean 768-D; || L18:5) background-weighted patch mean 768-D; ### L38:- outcome metric computation || L39: || L40:Outputs are cryptographically locked before GT reveal. || L41:"""""" || L42: ### L69:# --------------------------------------------------------------------- || L70:R10L3A_DIR = ( || L71:ROOT / ""outputs"" || L72:/ ""Q1_R10L3A_polypgen_source_a1_prediction_lock_fix2_v1"" || L73:) ### L70:R10L3A_DIR = ( || L71:ROOT / ""outputs"" || L72:/ ""Q1_R10L3A_polypgen_source_a1_prediction_lock_fix2_v1"" || L73:) || L74:R10L3A_LOCK = ( ### L74:R10L3A_LOCK = ( || L75:R10L3A_DIR || L76:/ ""R10L3A_POLYPGEN_SOURCE_A1_PREDICTION_LOCK.json"" || L77:) || L78:EXPECTED_R10L3A_LOCK_SHA256 = ( ### L80:) || L81:EXPECTED_R10L3A_DECISION = ( || L82:""POLYPGEN_SOURCE_A1_PREDICTIONS_LOCKED_BEFORE_GT_REVEAL"" || L83:) || L84:R10L3A_RGB_MANIFEST = ( ### L98:R10J1_SCRIPT = ( || L99:ROOT / ""code"" || L100:/ ""Q1_R10J1_source_mask_morphology_feature_builder_fix1.py"" || L101:) || L102:R10K2D_LOCK = ("
release/SafeTTA_clean_test_v102/experiments/polypgen/Q1_R10L3C_polypgen_gt_reveal_prospective_external_evaluation_fix1.py,PolypGen,47,"L6: || L7:FIRST PolypGen GT reveal after: || L8:- R10L3A SOURCE/A1 prediction lock; || L9:- R10L3B frozen safety-score lock. || L10: ### L12:1) verifies all frozen upstream locks/artifacts; || L13:2) reveals only the already-locked 1532 PolypGen GT masks; || L14:3) computes SOURCE Dice, A1 Dice, DeltaDice; || L15:4) applies the exact frozen development outcome rule: || L16:HARM    if DeltaDice <= -0.02 ### L64: || L65:POLYPGEN_MANIFEST = ( || L66:ROOT / ""outputs"" || L67:/ ""Q1_R10L1B_polypgen_unique_static_manifest_lock_fix3_v1"" || L68:/ ""R10L1B_POLYPGEN_UNIQUE_STATIC_MANIFEST.csv"" ### L69:) || L70:POLYPGEN_MANIFEST_LOCK = ( || L71:ROOT / ""outputs"" || L72:/ ""Q1_R10L1B_polypgen_unique_static_manifest_lock_fix3_v1"" || L73:/ ""R10L1B_MANIFEST_LOCK.json"" ### L74:) || L75:EXPECTED_POLYPGEN_MANIFEST_DECISION = ( || L76:""POLYPGEN_STATIC_UNIQUE_MANIFEST_LOCKED_PENDING_SOURCE_TRAINING_AUDIT"" || L77:) || L78: ### L78: || L79:INDEPENDENCE_LOCK = ( || L80:ROOT / ""outputs"" || L81:/ ""Q1_R10L2B_authoritative_s01_source_training_overlap_lock_fix1_v1"" || L82:/ ""R10L2B_INDEPENDENCE_GATE_LOCK.json"" ### L79:INDEPENDENCE_LOCK = ( || L80:ROOT / ""outputs"" || L81:/ ""Q1_R10L2B_authoritative_s01_source_training_overlap_lock_fix1_v1"" || L82:/ ""R10L2B_INDEPENDENCE_GATE_LOCK.json"" || L83:) ### L88: || L89:R10L3A_DIR = ( || L90:ROOT / ""outputs"" || L91:/ ""Q1_R10L3A_polypgen_source_a1_prediction_lock_fix2_v1"" || L92:)"
release/SafeTTA_clean_test_v102/experiments/reviewer_defense/Q1_R16A2_crossfitted_flexible_source_quality_control_v1.py,,26,"L2:# -*- coding: utf-8 -*- || L3:"""""" || L4:Q1_R16A2_crossfitted_flexible_source_quality_control_v1.py || L5: || L6:SafeTTA R16-A2 robustness audit ### L10:------- || L11:R16-A showed that frozen SafeTTA risk adds information beyond a *linear* || L12:SOURCE-Dice covariate on PolypGen. R16-A2 is a stricter post-hoc robustness || L13:audit designed to address two possible reviewer objections: || L14: ### L13:audit designed to address two possible reviewer objections: || L14: || L15:1) the relationship between current SOURCE Dice and future adaptation HARM may || L16:be nonlinear; || L17:2) the R16-A descriptive AUROC comparison was fitted/evaluated on the same ### L21:- the exact R16-A fix2 aligned PolypGen analysis table; || L22:- 5-fold physical-image cross-fitting; || L23:- a flexible cubic spline for SOURCE Dice fitted *within each training fold*; || L24:- fixed architecture-family effects; || L25:- a frozen SafeTTA risk covariate added only in the second model; ### L30:------ || L31:M_quality_flex: || L32:HARM ~ spline(SOURCE_Dice) + architecture_family || L33: || L34:M_quality_flex+risk: ### L33: || L34:M_quality_flex+risk: || L35:HARM ~ spline(SOURCE_Dice) + architecture_family + z(SafeTTA_risk) || L36: || L37:Important interpretation boundary ### L38:--------------------------------- || L39:This is a POST-REVEAL explanatory/diagnostic analysis. It is NOT a deployable || L40:target-side calibration model. SOURCE Dice and HARM labels are used only to || L41:test whether the already frozen SafeTTA score carries information not reducible || L42:to current segmentation quality. ### L64: || L65: || L66:VERSION = ""2026-09-08-Q1-R16A2-CROSSFITTED-FLEXIBLE-SOURCE-QUALITY-CONTROL-v1"" || L67: || L68:DEFAULT_ROOT = Path(r""F:\MEDSEG_SAFETTA"")"
release/SafeTTA_clean_test_v102/experiments/reviewer_defense/Q1_R16A_source_quality_control_polypgen_v1_fix2.py,PolypGen,73,"L2:# -*- coding: utf-8 -*- || L3:"""""" || L4:Q1_R16A_source_quality_control_polypgen_v1_fix2.py || L5: || L6:SafeTTA R16-A fix2 ### L21:4) Identify model/family/state keys from content. || L22:5) First prefer a single exact table containing: || L23:physical ID + SOURCE Dice + SafeTTA risk + HARM/DeltaDice + family. || L24:6) If no such table exists, reconstruct only by an *exact key join* between || L25:frozen tables. Row-order joins are prohibited. ### L28: || L29:Scientific analysis is unchanged from the frozen R16 preregistration: || L30:M_quality      : HARM ~ z(SOURCE_Dice) + architecture_family || L31:M_quality+risk : HARM ~ z(SOURCE_Dice) + z(SafeTTA_risk) || L32:+ architecture_family ### L29:Scientific analysis is unchanged from the frozen R16 preregistration: || L30:M_quality      : HARM ~ z(SOURCE_Dice) + architecture_family || L31:M_quality+risk : HARM ~ z(SOURCE_Dice) + z(SafeTTA_risk) || L32:+ architecture_family || L33: ### L33: || L34:This is a POST-REVEAL explanatory audit only. || L35:SOURCE Dice is never a deployable SafeTTA input. || L36:"""""" || L37: ### L60: || L61: || L62:VERSION = ""2026-09-08-Q1-R16A-SOURCE-QUALITY-CONTROL-POLYPGEN-v1-fix2"" || L63: || L64:DEFAULT_ROOT = Path(r""F:\MEDSEG_SAFETTA"") ### L63: || L64:DEFAULT_ROOT = Path(r""F:\MEDSEG_SAFETTA"") || L65:DEFAULT_AUDIT = DEFAULT_ROOT / r""outputs\Q1_R16A_reviewer_defense_input_audit_v1\CANDIDATE_TABLES.csv"" || L66:DEFAULT_OUT = DEFAULT_ROOT / r""outputs\Q1_R16A_source_quality_control_polypgen_v1_fix2"" || L67: ### L64:DEFAULT_ROOT = Path(r""F:\MEDSEG_SAFETTA"") || L65:DEFAULT_AUDIT = DEFAULT_ROOT / r""outputs\Q1_R16A_reviewer_defense_input_audit_v1\CANDIDATE_TABLES.csv"" || L66:DEFAULT_OUT = DEFAULT_ROOT / r""outputs\Q1_R16A_source_quality_control_polypgen_v1_fix2"" || L67: || L68:EXPECTED_ROWS = 13788"
release/SafeTTA_clean_test_v102/experiments/source_safety/Q1_R10J1_source_mask_morphology_feature_builder_fix1.py,,48,"L4: || L5:"""""" || L6:Q1_R10J1_source_mask_morphology_feature_builder_fix1.py || L7: || L8:Build a frozen richer PRE-ADAPTATION morphology representation from the ### L7: || L8:Build a frozen richer PRE-ADAPTATION morphology representation from the || L9:R05D3-locked binary SOURCE masks only. || L10: || L11:Feature construction reads ONLY source_masks_packed.  a1_masks_packed is ### L9:R05D3-locked binary SOURCE masks only. || L10: || L11:Feature construction reads ONLY source_masks_packed.  a1_masks_packed is || L12:checked only as a schema key and its values are never accessed. || L13: ### L37: || L38:DEFAULT_MANIFEST = ( || L39:""F:/MEDSEG_SAFETTA/outputs/"" || L40:""Q1_R10J0_source_prediction_npz_relocation_schema_audit_fix2_v1/"" || L41:""model_case_prediction_manifest_relocated_fix2.csv"" ### L38:DEFAULT_MANIFEST = ( || L39:""F:/MEDSEG_SAFETTA/outputs/"" || L40:""Q1_R10J0_source_prediction_npz_relocation_schema_audit_fix2_v1/"" || L41:""model_case_prediction_manifest_relocated_fix2.csv"" || L42:) ### L43: || L44:DEFAULT_OUTCOMES = ( || L45:""F:/MEDSEG_SAFETTA/outputs/"" || L46:""Q1_R05D4_neopolyp_gt_reveal_paot_confirmatory_evaluation_v1/"" || L47:""model_case_outcomes.csv"" ### L49: || L50:DEFAULT_R10A0 = ( || L51:""F:/MEDSEG_SAFETTA/outputs/"" || L52:""Q1_R10A0_invariant_feature_table_v1/"" || L53:""invariant_feature_table.csv"" ### L54:) || L55: || L56:DEFAULT_OUTPUT = ( || L57:""F:/MEDSEG_SAFETTA/outputs/"" || L58:""Q1_R10J1_source_mask_morphology_feature_builder_fix1_v1"""
release/SafeTTA_clean_test_v102/experiments/source_safety/Q1_R10K2A_dinov2_image_mask_representation_lock_fix1.py,,38,"L14:2) Frozen state lineage: || L15:R10J0 relocated manifest || L16:3) PRE-ADAPTATION binary SOURCE masks only: || L17:source_masks_packed || L18: ### L15:R10J0 relocated manifest || L16:3) PRE-ADAPTATION binary SOURCE masks only: || L17:source_masks_packed || L18: || L19:Frozen encoder ### L29:Mask alignment || L30:-------------- || L31:The locked SOURCE mask is 352x352. || L32:352 = 16 * 22, so mask occupancy is computed by exact 22x22 block averaging || L33:to a 16x16 grid. This is aligned to the 16x16 DINOv2 patch grid after direct ### L78: || L79:DEFAULT_IMAGE_MANIFEST = ( || L80:""F:/MEDSEG_SAFETTA/outputs/"" || L81:""Q1_R05D1_neopolyp_acquisition_pairing_duplicate_qc_v1_fix2/"" || L82:""frozen_confirmatory_manifest.csv"" ### L84: || L85:DEFAULT_STATE_MANIFEST = ( || L86:""F:/MEDSEG_SAFETTA/outputs/"" || L87:""Q1_R10J0_source_prediction_npz_relocation_schema_audit_fix2_v1/"" || L88:""model_case_prediction_manifest_relocated_fix2.csv"" ### L85:DEFAULT_STATE_MANIFEST = ( || L86:""F:/MEDSEG_SAFETTA/outputs/"" || L87:""Q1_R10J0_source_prediction_npz_relocation_schema_audit_fix2_v1/"" || L88:""model_case_prediction_manifest_relocated_fix2.csv"" || L89:) ### L89:) || L90: || L91:DEFAULT_OUTPUT = ( || L92:""F:/MEDSEG_SAFETTA/outputs/"" || L93:""Q1_R10K2A_dinov2_image_mask_representation_lock_fix1_v1"" ### L90: || L91:DEFAULT_OUTPUT = ( || L92:""F:/MEDSEG_SAFETTA/outputs/"" || L93:""Q1_R10K2A_dinov2_image_mask_representation_lock_fix1_v1"" || L94:)"
release/SafeTTA_clean_test_v102/experiments/source_safety/Q1_R10K2B_dinov2_image_mask_LOMO_evaluation_fix2.py,,57,"L22:4) M2_plus_CondDINO_PCA64   [PRIMARY] || L23: || L24:Strict source-only fitting || L25:-------------------------- || L26:- Outer: 5-fold StratifiedGroupKFold by sample_id ### L26:- Outer: 5-fold StratifiedGroupKFold by sample_id || L27:- Target family labels: evaluation only || L28:- PCA is fitted on SOURCE-TRAIN rows only || L29:- For source-only R90 threshold selection, PCA is re-fitted inside each || L30:INNER source-training split; inner validation features are not used to fit PCA ### L27:- Target family labels: evaluation only || L28:- PCA is fitted on SOURCE-TRAIN rows only || L29:- For source-only R90 threshold selection, PCA is re-fitted inside each || L30:INNER source-training split; inner validation features are not used to fit PCA || L31:- No target-family features are used to fit PCA ### L28:- PCA is fitted on SOURCE-TRAIN rows only || L29:- For source-only R90 threshold selection, PCA is re-fitted inside each || L30:INNER source-training split; inner validation features are not used to fit PCA || L31:- No target-family features are used to fit PCA || L32:- No target labels are used for fitting / threshold selection / tuning ### L84: || L85:DEFAULT_IMAGE_FEATURES = ( || L86:""F:/MEDSEG_SAFETTA/outputs/"" || L87:""Q1_R10K2A_dinov2_image_mask_representation_lock_fix1_v1/"" || L88:""R10K2A_image_cls_features.npz"" ### L90: || L91:DEFAULT_STATE_FEATURES = ( || L92:""F:/MEDSEG_SAFETTA/outputs/"" || L93:""Q1_R10K2A_dinov2_image_mask_representation_lock_fix1_v1/"" || L94:""R10K2A_mask_conditioned_dinov2_features.npz"" ### L96: || L97:DEFAULT_IMAGE_MANIFEST = ( || L98:""F:/MEDSEG_SAFETTA/outputs/"" || L99:""Q1_R05D1_neopolyp_acquisition_pairing_duplicate_qc_v1_fix2/"" || L100:""frozen_confirmatory_manifest.csv"" ### L102: || L103:DEFAULT_STATE_METADATA = ( || L104:""F:/MEDSEG_SAFETTA/outputs/"" || L105:""Q1_R10K2A_dinov2_image_mask_representation_lock_fix1_v1/"" || L106:""R10K2A_state_metadata_no_labels.csv"""
release/SafeTTA_clean_test_v102/experiments/source_safety/Q1_R10K2D_confirmed_method_freeze_fix1.py,,18,"L38: || L39:DEFAULT_K2B_MACRO = ( || L40:""F:/MEDSEG_SAFETTA/outputs/"" || L41:""Q1_R10K2B_dinov2_image_mask_LOMO_evaluation_fix2_v1/"" || L42:""R10K2B_macro_summary.csv"" ### L44: || L45:DEFAULT_K2B_FAMILY = ( || L46:""F:/MEDSEG_SAFETTA/outputs/"" || L47:""Q1_R10K2B_dinov2_image_mask_LOMO_evaluation_fix2_v1/"" || L48:""R10K2B_by_family_summary.csv"" ### L50: || L51:DEFAULT_K2C_DELTA = ( || L52:""F:/MEDSEG_SAFETTA/outputs/"" || L53:""Q1_R10K2C_case_clustered_paired_bootstrap_fix1_v1/"" || L54:""R10K2C_paired_macro_delta_ci.csv"" ### L56: || L57:DEFAULT_K2C_FAMILY_DELTA = ( || L58:""F:/MEDSEG_SAFETTA/outputs/"" || L59:""Q1_R10K2C_case_clustered_paired_bootstrap_fix1_v1/"" || L60:""R10K2C_family_primary_delta_ci.csv"" ### L62: || L63:DEFAULT_K2C_SUMMARY = ( || L64:""F:/MEDSEG_SAFETTA/outputs/"" || L65:""Q1_R10K2C_case_clustered_paired_bootstrap_fix1_v1/"" || L66:""R10K2C_summary.json"" ### L67:) || L68: || L69:DEFAULT_OUTPUT = ( || L70:""F:/MEDSEG_SAFETTA/outputs/"" || L71:""Q1_R10K2D_confirmed_method_freeze_fix1_v1"" ### L68: || L69:DEFAULT_OUTPUT = ( || L70:""F:/MEDSEG_SAFETTA/outputs/"" || L71:""Q1_R10K2D_confirmed_method_freeze_fix1_v1"" || L72:) ### L91:) || L92:ap.add_argument( || L93:""--output_dir"", || L94:default=DEFAULT_OUTPUT, || L95:)"
release/SafeTTA_clean_test_v102/experiments/source_safety/Q1_R10L0_final_source_safety_estimator_lock_fix3.py,,25,"L3: || L4:"""""" || L5:Q1_R10L0_final_source_safety_estimator_lock_fix3.py || L6: || L7:Purpose ### L7:Purpose || L8:------- || L9:After R10K2D freezes the confirmed method, fit ONE final source safety || L10:estimator on the complete NeoPolyp development cohort, before any independent || L11:external-cohort outcome is inspected. ### L81: || L82:DEFAULT_K2D_LOCK = ( || L83:""F:/MEDSEG_SAFETTA/outputs/"" || L84:""Q1_R10K2D_confirmed_method_freeze_fix1_v1/"" || L85:""R10K2D_CONFIRMED_METHOD_LOCK.json"" ### L87: || L88:DEFAULT_IMAGE_MANIFEST = ( || L89:""F:/MEDSEG_SAFETTA/outputs/"" || L90:""Q1_R05D1_neopolyp_acquisition_pairing_duplicate_qc_v1_fix2/"" || L91:""frozen_confirmatory_manifest.csv"" ### L93: || L94:DEFAULT_STATE_METADATA = ( || L95:""F:/MEDSEG_SAFETTA/outputs/"" || L96:""Q1_R10K2A_dinov2_image_mask_representation_lock_fix1_v1/"" || L97:""R10K2A_state_metadata_no_labels.csv"" ### L99: || L100:DEFAULT_STATE_FEATURES = ( || L101:""F:/MEDSEG_SAFETTA/outputs/"" || L102:""Q1_R10K2A_dinov2_image_mask_representation_lock_fix1_v1/"" || L103:""R10K2A_mask_conditioned_dinov2_features.npz"" ### L105: || L106:DEFAULT_MORPH = ( || L107:""F:/MEDSEG_SAFETTA/outputs/"" || L108:""Q1_R10J1_source_mask_morphology_feature_builder_fix1_v1/"" || L109:""source_mask_morphology_features_labeled.csv"" ### L106:DEFAULT_MORPH = ( || L107:""F:/MEDSEG_SAFETTA/outputs/"" || L108:""Q1_R10J1_source_mask_morphology_feature_builder_fix1_v1/"" || L109:""source_mask_morphology_features_labeled.csv"" || L110:)"
release/SafeTTA_clean_test_v102/experiments/source_training/Q1_R02_segformer_b0_three_seed_source_training_v1_fix7.py,,374,"L3: || L4:"""""" || L5:Q1-R02 — SegFormer-B0 Three-Seed Source Training || L6: || L7:Frozen architecture: ### L11:20260820, 20260821, 20260822 || L12: || L13:This script trains source-only segmentation models. It must not use target || L14:data or utility labels. || L15: ### L41: || L42:VERSION = ""2026-08-19-Q1-R02-v1-fix7"" || L43:BUILD = ""Q1_R02_SEGFORMER_B0_THREE_SEED_SOURCE_TRAINING_SAFETENSORS_FIX7"" || L44: || L45:ROOT = Path(r""F:\MEDSEG_SAFETTA"") ### L44: || L45:ROOT = Path(r""F:\MEDSEG_SAFETTA"") || L46:OUTPUT_DIR = ROOT / ""outputs"" / ""Q1_R02_segformer_b0_three_seed_source_training_v1_fix7"" || L47: || L48:PROTOCOL = ( ### L49:ROOT || L50:/ ""docs"" || L51:/ ""Q1_R02_segformer_b0_three_seed_source_training_preregistered_protocol_v1_fix3.md"" || L52:) || L53:EXPECTED_PROTOCOL_SHA256 = ( ### L71:) || L72:EXPECTED_S01_ROLE_COUNTS = { || L73:""source_train"": 1305, || L74:""source_val"": 145, || L75:""seen_sanity"": 162, ### L72:EXPECTED_S01_ROLE_COUNTS = { || L73:""source_train"": 1305, || L74:""source_val"": 145, || L75:""seen_sanity"": 162, || L76:""unseen_locked"": 636, ### L77:} || L78:EXPECTED_S01_TOTAL = 2248 || L79:EXPECTED_SOURCE_POOL = 1450 || L80: || L81:Q1_R01C_DIR = ("
release/SafeTTA_clean_test_v102/experiments/source_training/Q1_R03_nine_state_heterogeneous_source_utility_asset_v1_fix2.py,,259,"L3: || L4:"""""" || L5:Q1-R03 — Nine-State Heterogeneous Source Utility Asset Completion. || L6: || L7:Source-side only. No target data. No utility predictor is fitted here. ### L5:Q1-R03 — Nine-State Heterogeneous Source Utility Asset Completion. || L6: || L7:Source-side only. No target data. No utility predictor is fitted here. || L8: || L9:Typical usage: ### L8: || L9:Typical usage: || L10:python Q1_R03_nine_state_heterogeneous_source_utility_asset_v1.py --self-test || L11:python Q1_R03_nine_state_heterogeneous_source_utility_asset_v1.py --preflight-only || L12:python Q1_R03_nine_state_heterogeneous_source_utility_asset_v1.py ### L9:Typical usage: || L10:python Q1_R03_nine_state_heterogeneous_source_utility_asset_v1.py --self-test || L11:python Q1_R03_nine_state_heterogeneous_source_utility_asset_v1.py --preflight-only || L12:python Q1_R03_nine_state_heterogeneous_source_utility_asset_v1.py || L13:python Q1_R03_nine_state_heterogeneous_source_utility_asset_v1.py --resume ### L10:python Q1_R03_nine_state_heterogeneous_source_utility_asset_v1.py --self-test || L11:python Q1_R03_nine_state_heterogeneous_source_utility_asset_v1.py --preflight-only || L12:python Q1_R03_nine_state_heterogeneous_source_utility_asset_v1.py || L13:python Q1_R03_nine_state_heterogeneous_source_utility_asset_v1.py --resume || L14:"""""" ### L11:python Q1_R03_nine_state_heterogeneous_source_utility_asset_v1.py --preflight-only || L12:python Q1_R03_nine_state_heterogeneous_source_utility_asset_v1.py || L13:python Q1_R03_nine_state_heterogeneous_source_utility_asset_v1.py --resume || L14:"""""" || L15: ### L37: || L38:VERSION = ""2026-08-19-Q1-R03-v1-fix2"" || L39:BUILD = ""Q1_R03_NINE_STATE_HETEROGENEOUS_SOURCE_UTILITY_ASSET_DETERMINISTIC_PARITY_FIX2"" || L40: || L41:ROOT = Path(r""F:\MEDSEG_SAFETTA"") ### L43:# This must be set before importing torch. || L44:os.environ.setdefault(""CUBLAS_WORKSPACE_CONFIG"", "":4096:8"") || L45:OUTPUT_DIR = ROOT / ""outputs"" / ""Q1_R03_nine_state_heterogeneous_source_utility_asset_v1_fix2"" || L46: || L47:PROTOCOL = ("
release/SafeTTA_clean_test_v102/experiments/source_training/S01_A_freeze_source_train_val_split_v1.py,,109,"L3: || L4:r"""""" || L5:S01-A: Freeze the source train/validation split before any model training. || L6: || L7:Input: ### L8:F:\MEDSEG_SAFETTA\data\splits\S00_polyp_locked_manifest_v1.csv || L9: || L10:Output: || L11:F:\MEDSEG_SAFETTA\data\splits\S01_locked_protocol_manifest_v1.csv || L12:F:\MEDSEG_SAFETTA\outputs\S01_A_freeze_source_train_val_split_v1\ ### L10:Output: || L11:F:\MEDSEG_SAFETTA\data\splits\S01_locked_protocol_manifest_v1.csv || L12:F:\MEDSEG_SAFETTA\outputs\S01_A_freeze_source_train_val_split_v1\ || L13: || L14:Frozen roles: ### L13: || L14:Frozen roles: || L15:source_train   : 1305 || L16:source_val     : 145 || L17:seen_sanity    : 162 ### L14:Frozen roles: || L15:source_train   : 1305 || L16:source_val     : 145 || L17:seen_sanity    : 162 || L18:unseen_locked  : 636 ### L35: || L36:VERSION = ""2026-08-17-S01-A-v1"" || L37:BUILD = ""S01_A_SOURCE_SPLIT_FREEZE_BEFORE_TRAINING"" || L38: || L39:ROOT = Path(r""F:\MEDSEG_SAFETTA"") ### L39:ROOT = Path(r""F:\MEDSEG_SAFETTA"") || L40:DEFAULT_INPUT = ROOT / ""data"" / ""splits"" / ""S00_polyp_locked_manifest_v1.csv"" || L41:DEFAULT_OUTPUT_MANIFEST = ROOT / ""data"" / ""splits"" / ""S01_locked_protocol_manifest_v1.csv"" || L42:DEFAULT_OUTPUT_DIR = ROOT / ""outputs"" / ""S01_A_freeze_source_train_val_split_v1"" || L43: ### L40:DEFAULT_INPUT = ROOT / ""data"" / ""splits"" / ""S00_polyp_locked_manifest_v1.csv"" || L41:DEFAULT_OUTPUT_MANIFEST = ROOT / ""data"" / ""splits"" / ""S01_locked_protocol_manifest_v1.csv"" || L42:DEFAULT_OUTPUT_DIR = ROOT / ""outputs"" / ""S01_A_freeze_source_train_val_split_v1"" || L43: || L44:SOURCE_POOL_N = 1450"
release/SafeTTA_clean_test_v102/experiments/source_training/S01_B_train_pranet_source_only_frozen_seeds_v1.py,,106,"L3: || L4:r"""""" || L5:S01-B: PraNet source-only training for one of the three frozen seeds. || L6: || L7:Scientific safety: ### L7:Scientific safety: || L8:- Reads the full S01 manifest only as metadata. || L9:- Opens image/mask files ONLY for roles source_train and source_val. || L10:- Does NOT open seen_sanity or unseen_locked images/masks. || L11:- Does NOT compute target metrics. ### L10:- Does NOT open seen_sanity or unseen_locked images/masks. || L11:- Does NOT compute target metrics. || L12:- Checkpoint selection uses source_val mean Dice only. || L13: || L14:Architecture: ### L14:Architecture: || L15:- PraNet (MICCAI 2020) with Res2Net-50-v1b-26w-4s backbone. || L16:- Four supervised outputs. || L17:- PraNet structure loss: weighted BCE + weighted IoU. || L18: ### L28:- random scale in {0.75, 1.0, 1.25}, then crop/pad to 352 || L29:- ImageNet normalization || L30:- source_val mean Dice selects the best checkpoint || L31: || L32:Project root: ### L77:) || L78: || L79:DEFAULT_OUTPUT = None || L80: || L81:FROZEN_SEEDS = (20260817, 20260818, 20260819) ### L91: || L92:EXPECTED_ROLE_COUNTS = { || L93:""source_train"": 1305, || L94:""source_val"": 145, || L95:""seen_sanity"": 162, ### L92:EXPECTED_ROLE_COUNTS = { || L93:""source_train"": 1305, || L94:""source_val"": 145, || L95:""seen_sanity"": 162, || L96:""unseen_locked"": 636,"
release/SafeTTA_clean_test_v102/experiments/source_training/S01_B_train_pranet_source_only_seed20260817_v1_fix1.py,,102,"L3: || L4:r"""""" || L5:S01-B: PraNet source-only pilot training, frozen seed 20260817. || L6: || L7:Scientific safety: ### L7:Scientific safety: || L8:- Reads the full S01 manifest only as metadata. || L9:- Opens image/mask files ONLY for roles source_train and source_val. || L10:- Does NOT open seen_sanity or unseen_locked images/masks. || L11:- Does NOT compute target metrics. ### L10:- Does NOT open seen_sanity or unseen_locked images/masks. || L11:- Does NOT compute target metrics. || L12:- Checkpoint selection uses source_val mean Dice only. || L13: || L14:Architecture: ### L14:Architecture: || L15:- PraNet (MICCAI 2020) with Res2Net-50-v1b-26w-4s backbone. || L16:- Four supervised outputs. || L17:- PraNet structure loss: weighted BCE + weighted IoU. || L18: ### L28:- random scale in {0.75, 1.0, 1.25}, then crop/pad to 352 || L29:- ImageNet normalization || L30:- source_val mean Dice selects the best checkpoint || L31: || L32:Project root: ### L77:) || L78: || L79:DEFAULT_OUTPUT = ROOT / ""outputs"" / ""S01_B_pranet_source_only_seed20260817_v1"" || L80: || L81:SEED = 20260817 ### L90: || L91:EXPECTED_ROLE_COUNTS = { || L92:""source_train"": 1305, || L93:""source_val"": 145, || L94:""seen_sanity"": 162, ### L91:EXPECTED_ROLE_COUNTS = { || L92:""source_train"": 1305, || L93:""source_val"": 145, || L94:""seen_sanity"": 162, || L95:""unseen_locked"": 636,"
release/SafeTTA_clean_test_v102/experiments/source_training/S01_C_lock_and_evaluate_source_only_frozen_seeds_v1_fix1.py,,88,"L3: || L4:r"""""" || L5:S01-C: Lock and evaluate Source-Only predictions for all three frozen seeds. || L6: || L7:Scientific sequence ### L9:PHASE 1 (NO LABELS): || L10:- Read only evaluation images (roles: seen_sanity, unseen_locked). || L11:- Load the three already-frozen S01-B checkpoints. || L12:- Generate final PraNet logits at 352x352. || L13:- Save logits as float16 NPZ files. ### L10:- Read only evaluation images (roles: seen_sanity, unseen_locked). || L11:- Load the three already-frozen S01-B checkpoints. || L12:- Generate final PraNet logits at 352x352. || L13:- Save logits as float16 NPZ files. || L14:- SHA256-lock all three no-label score files. ### L11:- Load the three already-frozen S01-B checkpoints. || L12:- Generate final PraNet logits at 352x352. || L13:- Save logits as float16 NPZ files. || L14:- SHA256-lock all three no-label score files. || L15: ### L18:PHASE 2 (LABEL REVEAL): || L19:- Open GT masks. || L20:- Resize locked logits to original GT resolution. || L21:- Apply sigmoid and fixed threshold 0.5. || L22:- GT is converted with PIL convert(""L"") and binarized at 0.5*max(GT). ### L24:- Report each seed separately. NO ensemble is created. || L25: || L26:No checkpoint/model/hyperparameter selection uses seen_sanity or unseen_locked. || L27:No TTA is performed. || L28: ### L27:No TTA is performed. || L28: || L29:Frozen checkpoints: || L30:- seed 20260817 || L31:- seed 20260818 ### L61:EXPECTED_MANIFEST_SHA256 = ""afb4bc1175af004819538cdbb22ee7a10f1be48035945c7e0d50fd2bbe2e3dc7"" || L62: || L63:TRAINING_HELPER = ROOT / ""code"" / ""S01_B_train_pranet_source_only_frozen_seeds_v1.py"" || L64:EXPECTED_TRAINING_HELPER_SHA256 = ""2b2c9c1b75ff60bd087b403e43dc77468b31cbd54fb607481cc80ab47182b67a"" || L65:"
release/SafeTTA_clean_test_v102/experiments/source_training/S05_B_train_deeplabv3_resnet50_source_only_frozen_seeds_v1_fix2.py,,120,"L3: || L4:r"""""" || L5:S05-B: Train second-backbone DeepLabV3-ResNet50 source-only models. || L6: || L7:Safety: ### L6: || L7:Safety: || L8:- opens source_train/source_val only; || L9:- never opens seen_sanity/unseen_locked; || L10:- checkpoint selection uses source_val mean Dice only; ### L8:- opens source_train/source_val only; || L9:- never opens seen_sanity/unseen_locked; || L10:- checkpoint selection uses source_val mean Dice only; || L11:- three seeds are frozen in advance. || L12: ### L76: || L77:EXPECTED_ROLE_COUNTS = { || L78:""source_train"": 1305, || L79:""source_val"": 145, || L80:""seen_sanity"": 162, ### L77:EXPECTED_ROLE_COUNTS = { || L78:""source_train"": 1305, || L79:""source_val"": 145, || L80:""seen_sanity"": 162, || L81:""unseen_locked"": 636, ### L175: || L176: || L177:def resolve_source_rows(rows: List[dict], role: str) -> List[dict]: || L178:if role not in {""source_train"", ""source_val""}: || L179:raise RuntimeError( ### L176: || L177:def resolve_source_rows(rows: List[dict], role: str) -> List[dict]: || L178:if role not in {""source_train"", ""source_val""}: || L179:raise RuntimeError( || L180:f""Safety stop: S05-B may only open source_train/source_val; got {role}"" ### L178:if role not in {""source_train"", ""source_val""}: || L179:raise RuntimeError( || L180:f""Safety stop: S05-B may only open source_train/source_val; got {role}"" || L181:) || L182:selected = [r for r in rows if r[""s01_role""] == role]"
release/SafeTTA_clean_test_v102/experiments/sunseg/Q1_R14B4B_sunseg_selected_rgb_contamination_audit_fix3.py,SUNSEG,22,"L96: || L97:R14B3_DIR = ( || L98:ROOT / ""outputs"" || L99:/ ""Q1_R14B3_sunseg_unseen_case_balanced_candidate_lock_fix1_v1"" || L100:) ### L109: || L110:R14B4B3_LOCK = ( || L111:ROOT / ""outputs"" || L112:/ ""Q1_R14B4B3_neopolyp_exact_historical_hash_recipe_verification_fix1_v1"" || L113:/ ""R14B4B3_NEOPOLYP_HISTORICAL_HASH_RECIPE_LOCK.json"" ### L120: || L121:NEO_MANIFEST = ( || L122:ROOT / ""outputs"" || L123:/ ""Q1_R05D1_neopolyp_acquisition_pairing_duplicate_qc_v1_fix2"" || L124:/ ""frozen_confirmatory_manifest.csv"" ### L126: || L127:POLYPGEN_MANIFEST = ( || L128:ROOT / ""outputs"" || L129:/ ""Q1_R10L1B_polypgen_unique_static_manifest_lock_fix3_v1"" || L130:/ ""R10L1B_POLYPGEN_UNIQUE_STATIC_MANIFEST.csv"" ### L132: || L133:OUT = ( || L134:ROOT / ""outputs"" || L135:/ ""Q1_R14B4B_sunseg_selected_rgb_contamination_audit_fix3_v1"" || L136:) ### L641:""physical_case_id"": src[""physical_case_id""], || L642:""clip_id"": src[""clip_id""], || L643:""source_split_label"": src[""source_split_label""], || L644:""frame_member"": name, || L645:""file_sha256"": sha256_bytes(blob), ### L915:""physical_case_id"": s[""physical_case_id""], || L916:""clip_id"": s[""clip_id""], || L917:""source_split_label"": s[""source_split_label""], || L918:""frame_member"": s[""frame_member""], || L919:""width"": s[""width""], ### L957:) || L958:ap.add_argument(""--s01-root"", type=Path, default=None) || L959:ap.add_argument(""--output-dir"", type=Path, default=OUT) || L960: || L961:args = ap.parse_args()"
release/SafeTTA_clean_test_v102/experiments/sunseg/Q1_R14C0_sunseg_preGT_prediction_runtime_lineage_preflight_fix4.py,SUNSEG,53,"L13:49-case cohort; || L14:- the final manifest SHA is unchanged from R14B3 (no exclusions); || L15:- the historical SOURCE/TENT1 prediction script is present; || L16:- the historical PL_CONF90 prediction script is present; || L17:- both scripts contain the expected frozen adaptation semantics; ### L16:- the historical PL_CONF90 prediction script is present; || L17:- both scripts contain the expected frozen adaptation semantics; || L18:- exactly 9 source-only checkpoints are discoverable under the known project || L19:output root using family/seed/name constraints; || L20:- checkpoint SHA256 values are printed and frozen for the next prediction stage. ### L17:- both scripts contain the expected frozen adaptation semantics; || L18:- exactly 9 source-only checkpoints are discoverable under the known project || L19:output root using family/seed/name constraints; || L20:- checkpoint SHA256 values are printed and frozen for the next prediction stage. || L21: ### L18:- exactly 9 source-only checkpoints are discoverable under the known project || L19:output root using family/seed/name constraints; || L20:- checkpoint SHA256 values are printed and frozen for the next prediction stage. || L21: || L22:This stage performs NO: ### L29:- target tuning. || L30: || L31:It exists to prevent guessing model/checkpoint/runtime lineage in R14C1. || L32:"""""" || L33: ### L44:ROOT = Path(r""F:\MEDSEG_SAFETTA"") || L45:CODE = ROOT / ""code"" || L46:OUTPUTS = ROOT / ""outputs"" || L47: || L48:FINAL_MANIFEST = ( ### L47: || L48:FINAL_MANIFEST = ( || L49:OUTPUTS || L50:/ ""Q1_R14B4B_sunseg_selected_rgb_contamination_audit_fix3_v1"" || L51:/ ""R14B4B_FIX3_FINAL_CONFIRMATORY_MANIFEST.csv"" ### L53: || L54:FINAL_LOCK = ( || L55:OUTPUTS || L56:/ ""Q1_R14B4B_sunseg_selected_rgb_contamination_audit_fix3_v1"" || L57:/ ""R14B4B_FIX3_SUNSEG_CONTAMINATION_AUDIT_LOCK.json"""
release/SafeTTA_clean_test_v102/experiments/sunseg/Q1_R14C1A_sunseg_prediction_lineage_canonicalization_fix1.py,SUNSEG,74,"L17:- 9 model states || L18:- 8,820 model-frame rows || L19:- SOURCE/TENT1/PL predictions locked before GT reveal || L20:- no GT/Dice/HARM/safety-score access || L21: ### L20:- no GT/Dice/HARM/safety-score access || L21: || L22:However, the successful lock path is the Fix2 output directory. Fix2 migrated || L23:the first six completed Fix1 states by copying their state CSV/lock files. || L24:Those migrated CSV rows can retain artifact-relative-path metadata originating ### L33:5. rebuilds the global 8,820-row prediction manifest; || L34:6. verifies every non-path scientific/data field is unchanged from Fix2; || L35:7. writes a clean canonical Fix3-style R14C1 output lock. || L36: || L37:Forbidden ### L62: || L63:ROOT = Path(r""F:\MEDSEG_SAFETTA"") || L64:OUT = ROOT / ""outputs"" || L65: || L66:SOURCE_DIR = ( ### L64:OUT = ROOT / ""outputs"" || L65: || L66:SOURCE_DIR = ( || L67:OUT || L68:/ ""Q1_R14C1_sunseg_source_tent1_pl_prediction_lock_preGT_fix2_v1"" ### L66:SOURCE_DIR = ( || L67:OUT || L68:/ ""Q1_R14C1_sunseg_source_tent1_pl_prediction_lock_preGT_fix2_v1"" || L69:) || L70:DEST_DIR = ( ### L70:DEST_DIR = ( || L71:OUT || L72:/ ""Q1_R14C1_sunseg_source_tent1_pl_prediction_lock_preGT_fix3_v1"" || L73:) || L74: ### L73:) || L74: || L75:SOURCE_TOP_LOCK = ( || L76:SOURCE_DIR || L77:/ ""R14C1_SUNSEG_SOURCE_TENT1_PL_PREDICTION_LOCK.json"""
release/SafeTTA_clean_test_v102/experiments/sunseg/Q1_R14C1_sunseg_source_tent1_pl_prediction_lock_preGT_fix2.py,SUNSEG,141,"L3: || L4:"""""" || L5:Q1_R14C1_sunseg_source_tent1_pl_prediction_lock_preGT_fix2.py || L6: || L7:Prospective SUN-SEG confirmatory prediction lock BEFORE any GT reveal. ### L10:- 980 RGB frames || L11:- 49 physical caseNN clusters || L12:- 9 frozen source-only model states || L13:- 8,820 model-frame rows || L14: ### L14: || L15:Actions: || L16:- SOURCE || L17:- A1_TENT_1STEP || L18:- A4_PL_CONF90_1STEP ### L19: || L20:Implementation lineage: || L21:- SOURCE + TENT1 execution reuses the authoritative historical R05D3 functions. || L22:- PL execution reuses the authoritative historical R13B Fix2 functions. || L23:- R05D3/R13B case-count globals are changed ONLY from NeoPolyp 1000 to the ### L23:- R05D3/R13B case-count globals are changed ONLY from NeoPolyp 1000 to the || L24:already frozen SUN cohort size 980. Action/model semantics are unchanged. || L25:- R13B receives the SUN SOURCE packed masks produced by R05D3 and enforces its || L26:own exact SOURCE parity before PL adaptation. || L27: ### L24:already frozen SUN cohort size 980. Action/model semantics are unchanged. || L25:- R13B receives the SUN SOURCE packed masks produced by R05D3 and enforces its || L26:own exact SOURCE parity before PL adaptation. || L27: || L28:Strict pre-GT boundary: ### L36:- reads only the 980 frozen `frame_member` entries from the official SUN TAR; || L37:- uses one sequential `r|gz` pass; || L38:- writes a local RGB-only cache under this output directory; || L39:- verifies every extracted encoded-file SHA256 against the R14B4B Fix3 RGB || L40:hash table before any model inference. ### L42:Resume: || L43:- completed states are reused only after SHA/cardinality/lineage validation; || L44:- incomplete temporary files are never treated as completed state outputs. || L45:"""""" || L46:"
release/SafeTTA_clean_test_v102/experiments/sunseg/Q1_R14C2B_sunseg_frozen_safety_score_lock_preGT_fix1.py,SUNSEG,74,"L16:Per SUN model-frame row: || L17:1) RGB -> frozen facebook/dinov2-base, direct bicubic 224x224; || L18:2) read PRE-ADAPTATION SOURCE mask only; || L19:3) SOURCE 352x352 -> exact 22x22 block occupancy -> 16x16; || L20:4) foreground-weighted patch mean 768-D; ### L17:1) RGB -> frozen facebook/dinov2-base, direct bicubic 224x224; || L18:2) read PRE-ADAPTATION SOURCE mask only; || L19:3) SOURCE 352x352 -> exact 22x22 block occupancy -> 16x16; || L20:4) foreground-weighted patch mean 768-D; || L21:5) background-weighted patch mean 768-D; ### L41:- Dice/DeltaDice/HARM/BENEFIT computation || L42: || L43:All output score artifacts are locked before GT reveal. || L44:"""""" || L45: ### L66:ROOT = Path(r""F:\MEDSEG_SAFETTA"") || L67:CODE = ROOT / ""code"" || L68:OUT = ROOT / ""outputs"" || L69: || L70:# --------------------------------------------------------------------- ### L73:R14C1_DIR = ( || L74:OUT || L75:/ ""Q1_R14C1_sunseg_source_tent1_pl_prediction_lock_preGT_fix3_v1"" || L76:) || L77:R14C1_LOCK = ( ### L77:R14C1_LOCK = ( || L78:R14C1_DIR || L79:/ ""R14C1_SUNSEG_SOURCE_TENT1_PL_PREDICTION_LOCK.json"" || L80:) || L81:R14C1_GLOBAL = ( ### L91:) || L92:EXPECTED_R14C1_DECISION = ( || L93:""SUNSEG_SOURCE_TENT1_PL_PREDICTIONS_LOCKED_BEFORE_GT_REVEAL"" || L94:) || L95:EXPECTED_R14C1_CANONICAL_DECISION = ( ### L94:) || L95:EXPECTED_R14C1_CANONICAL_DECISION = ( || L96:""SUNSEG_SOURCE_TENT1_PL_PREDICTIONS_CANONICALIZED_BEFORE_GT_REVEAL"" || L97:) || L98:EXPECTED_FINAL_MANIFEST_SHA = ("
release/SafeTTA_clean_test_v102/experiments/sunseg/Q1_R14C3B_sunseg_gt_reveal_dual_action_frozen_score_evaluation_fix1.py,SUNSEG,54,"L6: || L7:FIRST SUN-SEG GT pixel reveal after: || L8:- R14C1 SOURCE/TENT1/PL prediction lock; || L9:- R14C2B frozen pre-GT safety-score lock; || L10:- R14C3A outcome-semantics lineage preflight. ### L12:Primary scientific question || L13:--------------------------- || L14:Does the already-frozen SOURCE-conditioned safety score rank actual adaptation || L15:harm under BOTH: || L16:A1_TENT_1STEP ### L19: || L20:Frozen outcome rule (historical R05D4/R13C/R10L3C): || L21:delta_dice = adapted_dice - source_dice || L22:HARM     if delta_dice <= -0.02 || L23:BENEFIT  if delta_dice >= +0.02 ### L68:ROOT = Path(r""F:\MEDSEG_SAFETTA"") || L69:CODE = ROOT / ""code"" || L70:OUT = ROOT / ""outputs"" || L71: || L72:SUN_TAR = ( ### L82:R14C1_DIR = ( || L83:OUT || L84:/ ""Q1_R14C1_sunseg_source_tent1_pl_prediction_lock_preGT_fix3_v1"" || L85:) || L86:R14C1_LOCK = ( ### L86:R14C1_LOCK = ( || L87:R14C1_DIR || L88:/ ""R14C1_SUNSEG_SOURCE_TENT1_PL_PREDICTION_LOCK.json"" || L89:) || L90:R14C1_GLOBAL = ( ### L185:SUN_BOOTSTRAP_BASE_SEED = 20260903 || L186: || L187:OUTPUT_DIR = ( || L188:OUT || L189:/ ""Q1_R14C3B_sunseg_gt_reveal_dual_action_frozen_score_evaluation_fix1_v1"" ### L440:raise RuntimeError(""R05D4 zero-one Dice changed."") || L441: || L442:print(""delta = adapted_dice - source_dice"") || L443:print(""HARM: delta <= -0.02"") || L444:print(""BENEFIT: delta >= +0.02"")"
release/SafeTTA_clean_test_v102/experiments/tta_actions/Q1X_CM4A_source_oof_tent1_outcome_asset_lock_fix4.py,Prostate158,136,"L3: || L4:"""""" || L5:Q1X_CM4A_source_oof_tent1_outcome_asset_lock_fix4.py || L6: || L7:SafeTTA Q1 enhancement — CM4A. ### L10:------- || L11:Use the frozen CM3 patient-separated OOF prostate segmentation models to || L12:construct the SOURCE-only counterfactual outcome asset: || L13: || L14:SOURCE vs A1_TENT_1STEP ### L12:construct the SOURCE-only counterfactual outcome asset: || L13: || L14:SOURCE vs A1_TENT_1STEP || L15: || L16:for every Prostate158 axial slice and every frozen model family. ### L17: || L18:This stage: || L19:- uses SOURCE GT (allowed); || L20:- uses the frozen CM3 OOF mask as the SOURCE baseline; || L21:- requires the CM4A Fix3 exact batch-8 replay audit to have PASSed with ### L18:This stage: || L19:- uses SOURCE GT (allowed); || L20:- uses the frozen CM3 OOF mask as the SOURCE baseline; || L21:- requires the CM4A Fix3 exact batch-8 replay audit to have PASSed with || L22:zero binary mismatches across all 15 family/fold combinations; ### L35:- episodic reset = YES || L36:- normalization-affine parameters only || L37:- source prediction from untouched checkpoint in eval mode || L38: || L39:Architecture-compatible normalization: ### L40:- UNet: BatchNorm2d affine || L41:- DeepLabV3-R50: ordinary BatchNorm2d affine; ASPP pooled singleton-unsafe || L42:BN stays eval with source running statistics; Dropout stays eval || L43:- SegFormer-B0: LayerNorm + compatible BatchNorm2d affine; Dropout stays eval || L44: ### L69: || L70:VERSION = ""2026-09-05-Q1X-CM4A-v1-fix4"" || L71:BUILD = ""Q1X_CM4A_SOURCE_OOF_TENT1_OUTCOME_ASSET_LOCK_FIX4"" || L72: || L73:ROOT = Path(r""F:\MEDSEG_SAFETTA"")"
release/SafeTTA_clean_test_v102/experiments/tta_actions/Q1_R13B_full_neopolyp_pl_conf90_prediction_lock_fix2.py,NeoPolyp,96,"L10:Critical correction relative to R13B Fix1: || L11:- restore trainable adaptation parameters AND all mutable model buffers || L12:before every SOURCE teacher forward; || L13:- restore both again before the adaptation forward; || L14:- restore both after the final same-case post-update prediction. ### L25:- target-outcome-based selection: NO || L26: || L27:R13B Fix1 partial outputs MUST NOT be reused. || L28:"""""" || L29: ### L48: || L49:ROOT = Path(r""F:\MEDSEG_SAFETTA"") || L50:CODE, OUT = ROOT/""code"", ROOT/""outputs"" || L51: || L52:R13A_SCRIPT = CODE/""Q1_R13A_confident_pseudolabel_three_family_feasibility_fix2.py"" ### L62:) || L63: || L64:R05D3_SCRIPT = CODE/""Q1_R05D3_neopolyp_source_a1_prediction_lock_v1_fix1.py"" || L65:EXPECTED_R05D3_SHA = ""df22d6f3054257743d1f12d9e757323ea9f4a052b7642eb4ab610da46ff21251"" || L66:R05D3_OUT = OUT/""Q1_R05D3_neopolyp_source_a1_prediction_lock_v1_fix1"" ### L64:R05D3_SCRIPT = CODE/""Q1_R05D3_neopolyp_source_a1_prediction_lock_v1_fix1.py"" || L65:EXPECTED_R05D3_SHA = ""df22d6f3054257743d1f12d9e757323ea9f4a052b7642eb4ab610da46ff21251"" || L66:R05D3_OUT = OUT/""Q1_R05D3_neopolyp_source_a1_prediction_lock_v1_fix1"" || L67: || L68:R12D_LOCK = ( ### L72:EXPECTED_R12D_SHA = ""2fd7ce015a7598490470ff29d3c2dd1a085a578af2ed73d34bee0bc9ca7eb04f"" || L73: || L74:OUTPUT_DIR = OUT/""Q1_R13B_full_neopolyp_pl_conf90_prediction_lock_fix2_v1"" || L75: || L76:ACTION = ""A4_PL_CONF90_1STEP"" ### L81:STATE_FIELDS = [ || L82:""row_index"",""sample_id"",""image_path"",""image_raw_sha256"", || L83:""model_family"",""model_state_id"",""training_seed"",""checkpoint_sha256"", || L84:""source_foreground_pixels"",""pl_foreground_pixels"", || L85:""source_pl_changed_pixels"",""confident_pixels"",""total_pixels"", ### L82:""row_index"",""sample_id"",""image_path"",""image_raw_sha256"", || L83:""model_family"",""model_state_id"",""training_seed"",""checkpoint_sha256"", || L84:""source_foreground_pixels"",""pl_foreground_pixels"", || L85:""source_pl_changed_pixels"",""confident_pixels"",""total_pixels"", || L86:""confident_fraction"",""pl_loss"",""parameter_max_abs_delta"","
release/SafeTTA_clean_test_v102/experiments/tta_actions/Q1_R14C1_sunseg_source_tent1_pl_prediction_lock_preGT_fix2.py,SUNSEG,141,"L3: || L4:"""""" || L5:Q1_R14C1_sunseg_source_tent1_pl_prediction_lock_preGT_fix2.py || L6: || L7:Prospective SUN-SEG confirmatory prediction lock BEFORE any GT reveal. ### L10:- 980 RGB frames || L11:- 49 physical caseNN clusters || L12:- 9 frozen source-only model states || L13:- 8,820 model-frame rows || L14: ### L14: || L15:Actions: || L16:- SOURCE || L17:- A1_TENT_1STEP || L18:- A4_PL_CONF90_1STEP ### L19: || L20:Implementation lineage: || L21:- SOURCE + TENT1 execution reuses the authoritative historical R05D3 functions. || L22:- PL execution reuses the authoritative historical R13B Fix2 functions. || L23:- R05D3/R13B case-count globals are changed ONLY from NeoPolyp 1000 to the ### L23:- R05D3/R13B case-count globals are changed ONLY from NeoPolyp 1000 to the || L24:already frozen SUN cohort size 980. Action/model semantics are unchanged. || L25:- R13B receives the SUN SOURCE packed masks produced by R05D3 and enforces its || L26:own exact SOURCE parity before PL adaptation. || L27: ### L24:already frozen SUN cohort size 980. Action/model semantics are unchanged. || L25:- R13B receives the SUN SOURCE packed masks produced by R05D3 and enforces its || L26:own exact SOURCE parity before PL adaptation. || L27: || L28:Strict pre-GT boundary: ### L36:- reads only the 980 frozen `frame_member` entries from the official SUN TAR; || L37:- uses one sequential `r|gz` pass; || L38:- writes a local RGB-only cache under this output directory; || L39:- verifies every extracted encoded-file SHA256 against the R14B4B Fix3 RGB || L40:hash table before any model inference. ### L42:Resume: || L43:- completed states are reused only after SHA/cardinality/lineage validation; || L44:- incomplete temporary files are never treated as completed state outputs. || L45:"""""" || L46:"
release/SafeTTA_clean_test_v102/method_core/mri/Q1X_CM4B_mri_source_prediction_conditioned_safety_grouped_oof_fix1.py,Prostate158,82,"L3: || L4:"""""" || L5:Q1X_CM4B_mri_source_prediction_conditioned_safety_grouped_oof_fix1.py || L6: || L7:SafeTTA Q1 enhancement — CM4B. ### L9:Purpose || L10:------- || L11:Confirm on the new prostate-MRI SOURCE task whether the frozen || L12:prediction-conditioned semantic safety representation can rank TENT1 HARM || L13:before adaptation. ### L13:before adaptation. || L14: || L15:This stage is SOURCE only: || L16:- Prostate158 images + frozen CM3 SOURCE OOF masks; || L17:- CM4A SOURCE TENT1 outcome labels; ### L14: || L15:This stage is SOURCE only: || L16:- Prostate158 images + frozen CM3 SOURCE OOF masks; || L17:- CM4A SOURCE TENT1 outcome labels; || L18:- frozen DINOv2-base image encoder; ### L15:This stage is SOURCE only: || L16:- Prostate158 images + frozen CM3 SOURCE OOF masks; || L17:- CM4A SOURCE TENT1 outcome labels; || L18:- frozen DINOv2-base image encoder; || L19:- patient-grouped 5-fold OOF safety evaluation. ### L22:No target calibration. || L23:No operating-point threshold selection. || L24:No final all-source safety head fitting. || L25: || L26:Primary representation ### L28:Frozen cross-task framework: || L29:DINOv2-base patch tokens (224x224, 16x16 patches) || L30:+ SOURCE-prediction conditioning: || L31:352x352 SOURCE mask -> 16x16 occupancy using exact 22x22 blocks || L32:foreground weighted token mean (768) ### L29:DINOv2-base patch tokens (224x224, 16x16 patches) || L30:+ SOURCE-prediction conditioning: || L31:352x352 SOURCE mask -> 16x16 occupancy using exact 22x22 blocks || L32:foreground weighted token mean (768) || L33:background weighted token mean (768)"
release/SafeTTA_clean_test_v102/method_core/mri/Q1X_CM4C_final_source_safety_estimator_and_threshold_lock_fix2.py,Prostate158,87,"L3: || L4:"""""" || L5:Q1X_CM4C_final_source_safety_estimator_and_threshold_lock_fix1.py || L6: || L7:SafeTTA Q1 enhancement — CM4C. ### L9:Purpose || L10:------- || L11:Freeze the final MRI SOURCE safety estimator and the SOURCE operating point || L12:before any PROMISE12 safety inference/evaluation. || L13: ### L12:before any PROMISE12 safety inference/evaluation. || L13: || L14:Inputs are SOURCE only: || L15:- CM4B prediction-conditioned DINO+M2 feature asset; || L16:- CM4B patient-grouped OOF Final scores; ### L15:- CM4B prediction-conditioned DINO+M2 feature asset; || L16:- CM4B patient-grouped OOF Final scores; || L17:- CM4A SOURCE TENT1 HARM labels. || L18: || L19:This stage: ### L18: || L19:This stage: || L20:1) derives the frozen SOURCE operating point from cross-fitted OOF Final scores; || L21:2) fits the final all-SOURCE prediction-conditioned safety estimator; || L22:3) serializes all source-only preprocessing/classifier components; ### L19:This stage: || L20:1) derives the frozen SOURCE operating point from cross-fitted OOF Final scores; || L21:2) fits the final all-SOURCE prediction-conditioned safety estimator; || L22:3) serializes all source-only preprocessing/classifier components; || L23:4) locks the DINOv2 identity and score semantics for future target scoring. ### L20:1) derives the frozen SOURCE operating point from cross-fitted OOF Final scores; || L21:2) fits the final all-SOURCE prediction-conditioned safety estimator; || L22:3) serializes all source-only preprocessing/classifier components; || L23:4) locks the DINOv2 identity and score semantics for future target scoring. || L24: ### L41: || L42:VERSION = ""2026-09-05-Q1X-CM4C-v1-fix2"" || L43:BUILD = ""Q1X_CM4C_FINAL_SOURCE_SAFETY_ESTIMATOR_AND_THRESHOLD_LOCK_FIX2"" || L44: || L45:ROOT = Path(r""F:\MEDSEG_SAFETTA"")"
release/SafeTTA_clean_test_v102/method_core/mri/Q1X_CM4D_final_all_source_segmentation_models_lock_fix2.py,Prostate158,106,"L3: || L4:"""""" || L5:Q1X_CM4D_final_all_source_segmentation_models_lock_fix1.py || L6: || L7:SafeTTA Q1 enhancement — CM4D. ### L9:Purpose || L10:------- || L11:Train exactly one final all-SOURCE prostate segmentation model per frozen || L12:family before any PROMISE12 image is used. || L13: ### L14:CM2B already froze: || L15:- one final model per family; || L16:- all 139 SOURCE patients; || L17:- final duration derived from SOURCE OOF only; || L18:- PROMISE12 cannot be used for epoch/model selection. ### L15:- one final model per family; || L16:- all 139 SOURCE patients; || L17:- final duration derived from SOURCE OOF only; || L18:- PROMISE12 cannot be used for epoch/model selection. || L19: ### L26:- SegFormer_B0    [39,34,50,28,48] -> 39 epochs || L27: || L28:No early stopping and no SOURCE validation/model selection are performed in || L29:the all-SOURCE refit. A descriptive all-SOURCE training-set sanity Dice is || L30:computed only after the fixed-duration training is finished and cannot change ### L27: || L28:No early stopping and no SOURCE validation/model selection are performed in || L29:the all-SOURCE refit. A descriptive all-SOURCE training-set sanity Dice is || L30:computed only after the fixed-duration training is finished and cannot change || L31:the model. ### L48: || L49:VERSION = ""2026-09-05-Q1X-CM4D-v1-fix2"" || L50:BUILD = ""Q1X_CM4D_FINAL_ALL_SOURCE_SEGMENTATION_MODELS_LOCK_FIX2"" || L51: || L52:ROOT = Path(r""F:\MEDSEG_SAFETTA"") ### L51: || L52:ROOT = Path(r""F:\MEDSEG_SAFETTA"") || L53:OUT = ROOT / ""outputs"" || L54:CODE = ROOT / ""code"" || L55:"
release/SafeTTA_clean_test_v102/method_core/mri/Q1X_CM5A_promise12_gt_free_prediction_tent1_safety_scoring_lock_fix1.py,PROMISE12,113,"L12:- PROMISE12 image MHD headers; || L13:- PROMISE12 image RAW payloads; || L14:- frozen SOURCE segmentation models; || L15:- frozen SOURCE safety estimator; || L16:- frozen SOURCE operating point; ### L13:- PROMISE12 image RAW payloads; || L14:- frozen SOURCE segmentation models; || L15:- frozen SOURCE safety estimator; || L16:- frozen SOURCE operating point; || L17:- TENT1; ### L14:- frozen SOURCE segmentation models; || L15:- frozen SOURCE safety estimator; || L16:- frozen SOURCE operating point; || L17:- TENT1; || L18:- frozen DINOv2 representation. ### L29:Segmentation members are never opened. || L30: || L31:Full-mode outputs: || L32:1) image-only target preprocessing cache (all 50 patients / all 1377 slices); || L33:2) frozen SOURCE predictions for three final all-SOURCE segmenters; ### L31:Full-mode outputs: || L32:1) image-only target preprocessing cache (all 50 patients / all 1377 slices); || L33:2) frozen SOURCE predictions for three final all-SOURCE segmenters; || L34:3) episodic one-slice A1_TENT_1STEP predictions; || L35:4) prediction-conditioned DINOv2+M2 target representations; ### L34:3) episodic one-slice A1_TENT_1STEP predictions; || L35:4) prediction-conditioned DINOv2+M2 target representations; || L36:5) frozen final SOURCE safety scores; || L37:6) decisions under the frozen SOURCE deployment threshold. || L38: ### L35:4) prediction-conditioned DINOv2+M2 target representations; || L36:5) frozen final SOURCE safety scores; || L37:6) decisions under the frozen SOURCE deployment threshold. || L38: || L39:No target operating-point transport is performed here. CM5B uses the locked ### L63: || L64:ROOT = Path(r""F:\MEDSEG_SAFETTA"") || L65:OUT = ROOT / ""outputs"" || L66:CODE = ROOT / ""code"" || L67:"
release/SafeTTA_clean_test_v102/method_core/mri/Q1X_CM5B_unlabeled_support_aware_operating_point_transport_lock_fix2.py,PROMISE12,148,"L16:conditional stability in the frozen safety representation z: || L17: || L18:P_target(HARM | z, action) ~= P_source(HARM | z, action) || L19: || L20:Unlabeled target data cannot identify arbitrary conditional shift. Therefore ### L19: || L20:Unlabeled target data cannot identify arbitrary conditional shift. Therefore || L21:CM5B explicitly audits overlap/support and abstains if the weighted SOURCE HARM || L22:support is inadequate. || L23: ### L24:Primary transport || L25:----------------- || L26:1) Transform SOURCE and target raw CondDINO+M2 features through the already || L27:frozen final SOURCE safety preprocessing into z = PCA64+M2 standardized space. || L28:2) Estimate p_target(z)/p_source(z) with patient-cross-fitted logistic domain ### L25:----------------- || L26:1) Transform SOURCE and target raw CondDINO+M2 features through the already || L27:frozen final SOURCE safety preprocessing into z = PCA64+M2 standardized space. || L28:2) Estimate p_target(z)/p_source(z) with patient-cross-fitted logistic domain || L29:classifiers, separately for each model family. ### L26:1) Transform SOURCE and target raw CondDINO+M2 features through the already || L27:frozen final SOURCE safety preprocessing into z = PCA64+M2 standardized space. || L28:2) Estimate p_target(z)/p_source(z) with patient-cross-fitted logistic domain || L29:classifiers, separately for each model family. || L30:3) Stabilize source density-ratio weights by mean normalization within family ### L28:2) Estimate p_target(z)/p_source(z) with patient-cross-fitted logistic domain || L29:classifiers, separately for each model family. || L30:3) Stabilize source density-ratio weights by mean normalization within family || L31:and a preregistered maximum normalized weight of 10. || L32:4) On patient-grouped cross-fitted SOURCE safety scores (score_Final), use ### L30:3) Stabilize source density-ratio weights by mean normalization within family || L31:and a preregistered maximum normalized weight of 10. || L32:4) On patient-grouped cross-fitted SOURCE safety scores (score_Final), use || L33:source HARM labels + density-ratio weights to estimate target-weighted HARM || L34:recall. ### L31:and a preregistered maximum normalized weight of 10. || L32:4) On patient-grouped cross-fitted SOURCE safety scores (score_Final), use || L33:source HARM labels + density-ratio weights to estimate target-weighted HARM || L34:recall. || L35:5) Use a patient-cluster bootstrap to choose a conservative OOF-space threshold:"
release/SafeTTA_clean_test_v102/method_core/mri/Q1X_CM6_promise12_gt_reveal_locked_policy_evaluation_fix1.py,PROMISE12,52,"L10: || L11:It evaluates only policies that were already locked before GT: || L12:1) fixed SOURCE deployment threshold; || L13:2) naive unlabeled target-quantile baseline; || L14:3) support-aware transport -- here prospectively locked as ABSTAIN; ### L22: || L23:HARM remains exactly: || L24:DeltaDice = TENT1 slice Dice - SOURCE slice Dice || L25:HARM iff DeltaDice <= -0.02 || L26: ### L49: || L50:ROOT = Path(r""F:\MEDSEG_SAFETTA"") || L51:OUT = ROOT / ""outputs"" || L52:CODE = ROOT / ""code"" || L53: ### L90:) || L91: || L92:DEFAULT_OUTPUT = ( || L93:OUT || L94:/ ""Q1X_CM6_promise12_gt_reveal_locked_policy_evaluation_fix1_v1"" ### L632:""beneficial"", || L633:""delta_dice"", || L634:""source_dice"", || L635:""tent1_dice"", || L636:} ### L645:for family in FAMILIES: || L646:side = pred_sidecars[family] || L647:src_path = Path(side[""source_masks""]) || L648:tent_path = Path(side[""tent1_masks""]) || L649: ### L648:tent_path = Path(side[""tent1_masks""]) || L649: || L650:if sha256_file(src_path) != side[""source_masks_sha256""]: || L651:raise RuntimeError( || L652:f""{family} SOURCE target-mask SHA mismatch."" ### L650:if sha256_file(src_path) != side[""source_masks_sha256""]: || L651:raise RuntimeError( || L652:f""{family} SOURCE target-mask SHA mismatch."" || L653:) || L654:if sha256_file(tent_path) != side[""tent1_masks_sha256""]:"
release/SafeTTA_clean_test_v102/method_core/mri/Q1X_CM7A_promise12_external_ranking_baseline_audit_fix2.py,PROMISE12,151,"L34:Baselines || L35:--------- || L36:1) SOURCE_ENTROPY || L37:Mean pixelwise Bernoulli entropy from frozen SOURCE eval logits. || L38: ### L35:--------- || L36:1) SOURCE_ENTROPY || L37:Mean pixelwise Bernoulli entropy from frozen SOURCE eval logits. || L38: || L39:2) SOURCE_LOW_CONFIDENCE ### L37:Mean pixelwise Bernoulli entropy from frozen SOURCE eval logits. || L38: || L39:2) SOURCE_LOW_CONFIDENCE || L40:Mean [1 - max(p,1-p)] from frozen SOURCE eval logits. || L41: ### L38: || L39:2) SOURCE_LOW_CONFIDENCE || L40:Mean [1 - max(p,1-p)] from frozen SOURCE eval logits. || L41: || L42:3) M2 ### L41: || L42:3) M2 || L43:source_fg_fraction + source_boundary_density. || L44:SOURCE-only median imputer + StandardScaler + balanced LR. || L45: ### L42:3) M2 || L43:source_fg_fraction + source_boundary_density. || L44:SOURCE-only median imputer + StandardScaler + balanced LR. || L45: || L46:4) DINO_CLS ### L46:4) DINO_CLS || L47:frozen DINOv2-base [CLS] 768. || L48:SOURCE-only median imputer + randomized whiten PCA64 + || L49:StandardScaler + balanced LR. || L50: ### L51:5) CondDINO || L52:frozen prediction-conditioned FG768+BG768. || L53:SOURCE-only median imputer + randomized whiten PCA64 + || L54:StandardScaler + balanced LR. || L55:"
release/SafeTTA_clean_test_v102/method_core/mri/Q1X_CM7B_promise12_matched_coverage_utility_audit_fix1.py,PROMISE12,36,"L20:Primary comparisons || L21:------------------- || L22:Frozen SafeTTA fixed-SOURCE gate || L23:vs || L24:Random adaptation at exactly the same number of adapted slices PER FAMILY. ### L25: || L26:Metrics: || L27:- prevented HARM fraction (= HARM recall of retain-SOURCE gate); || L28:- mean patient-level 3D deployed Dice; || L29:- mean slice deployed Dice. ### L54: || L55:ROOT = Path(r""F:\MEDSEG_SAFETTA"") || L56:OUT = ROOT / ""outputs"" || L57: || L58:CM6_LOCK = ( ### L74:) || L75: || L76:DEFAULT_OUTPUT = ( || L77:OUT || L78:/ ""Q1X_CM7B_promise12_matched_coverage_utility_audit_fix1_v1"" ### L170:""risk_score"", || L171:""harmful"", || L172:""source_dice"", || L173:""tent1_dice"", || L174:""source_tp"", ### L172:""source_dice"", || L173:""tent1_dice"", || L174:""source_tp"", || L175:""source_fp"", || L176:""source_fn"", ### L173:""tent1_dice"", || L174:""source_tp"", || L175:""source_fp"", || L176:""source_fn"", || L177:""tent_tp"", ### L174:""source_tp"", || L175:""source_fp"", || L176:""source_fn"", || L177:""tent_tp"", || L178:""tent_fp"","
release/SafeTTA_clean_test_v102/method_core/representation/Q1_R10J1_source_mask_morphology_feature_builder_fix1.py,,48,"L4: || L5:"""""" || L6:Q1_R10J1_source_mask_morphology_feature_builder_fix1.py || L7: || L8:Build a frozen richer PRE-ADAPTATION morphology representation from the ### L7: || L8:Build a frozen richer PRE-ADAPTATION morphology representation from the || L9:R05D3-locked binary SOURCE masks only. || L10: || L11:Feature construction reads ONLY source_masks_packed.  a1_masks_packed is ### L9:R05D3-locked binary SOURCE masks only. || L10: || L11:Feature construction reads ONLY source_masks_packed.  a1_masks_packed is || L12:checked only as a schema key and its values are never accessed. || L13: ### L37: || L38:DEFAULT_MANIFEST = ( || L39:""F:/MEDSEG_SAFETTA/outputs/"" || L40:""Q1_R10J0_source_prediction_npz_relocation_schema_audit_fix2_v1/"" || L41:""model_case_prediction_manifest_relocated_fix2.csv"" ### L38:DEFAULT_MANIFEST = ( || L39:""F:/MEDSEG_SAFETTA/outputs/"" || L40:""Q1_R10J0_source_prediction_npz_relocation_schema_audit_fix2_v1/"" || L41:""model_case_prediction_manifest_relocated_fix2.csv"" || L42:) ### L43: || L44:DEFAULT_OUTCOMES = ( || L45:""F:/MEDSEG_SAFETTA/outputs/"" || L46:""Q1_R05D4_neopolyp_gt_reveal_paot_confirmatory_evaluation_v1/"" || L47:""model_case_outcomes.csv"" ### L49: || L50:DEFAULT_R10A0 = ( || L51:""F:/MEDSEG_SAFETTA/outputs/"" || L52:""Q1_R10A0_invariant_feature_table_v1/"" || L53:""invariant_feature_table.csv"" ### L54:) || L55: || L56:DEFAULT_OUTPUT = ( || L57:""F:/MEDSEG_SAFETTA/outputs/"" || L58:""Q1_R10J1_source_mask_morphology_feature_builder_fix1_v1"""
release/SafeTTA_clean_test_v102/method_core/safety_estimator/Q1_R10L0_final_source_safety_estimator_lock_fix3.py,,25,"L3: || L4:"""""" || L5:Q1_R10L0_final_source_safety_estimator_lock_fix3.py || L6: || L7:Purpose ### L7:Purpose || L8:------- || L9:After R10K2D freezes the confirmed method, fit ONE final source safety || L10:estimator on the complete NeoPolyp development cohort, before any independent || L11:external-cohort outcome is inspected. ### L81: || L82:DEFAULT_K2D_LOCK = ( || L83:""F:/MEDSEG_SAFETTA/outputs/"" || L84:""Q1_R10K2D_confirmed_method_freeze_fix1_v1/"" || L85:""R10K2D_CONFIRMED_METHOD_LOCK.json"" ### L87: || L88:DEFAULT_IMAGE_MANIFEST = ( || L89:""F:/MEDSEG_SAFETTA/outputs/"" || L90:""Q1_R05D1_neopolyp_acquisition_pairing_duplicate_qc_v1_fix2/"" || L91:""frozen_confirmatory_manifest.csv"" ### L93: || L94:DEFAULT_STATE_METADATA = ( || L95:""F:/MEDSEG_SAFETTA/outputs/"" || L96:""Q1_R10K2A_dinov2_image_mask_representation_lock_fix1_v1/"" || L97:""R10K2A_state_metadata_no_labels.csv"" ### L99: || L100:DEFAULT_STATE_FEATURES = ( || L101:""F:/MEDSEG_SAFETTA/outputs/"" || L102:""Q1_R10K2A_dinov2_image_mask_representation_lock_fix1_v1/"" || L103:""R10K2A_mask_conditioned_dinov2_features.npz"" ### L105: || L106:DEFAULT_MORPH = ( || L107:""F:/MEDSEG_SAFETTA/outputs/"" || L108:""Q1_R10J1_source_mask_morphology_feature_builder_fix1_v1/"" || L109:""source_mask_morphology_features_labeled.csv"" ### L106:DEFAULT_MORPH = ( || L107:""F:/MEDSEG_SAFETTA/outputs/"" || L108:""Q1_R10J1_source_mask_morphology_feature_builder_fix1_v1/"" || L109:""source_mask_morphology_features_labeled.csv"" || L110:)"
release/SafeTTA_clean_test_v102/method_core/tta_actions/Q1X_CM4A_source_oof_tent1_outcome_asset_lock_fix4.py,Prostate158,136,"L3: || L4:"""""" || L5:Q1X_CM4A_source_oof_tent1_outcome_asset_lock_fix4.py || L6: || L7:SafeTTA Q1 enhancement — CM4A. ### L10:------- || L11:Use the frozen CM3 patient-separated OOF prostate segmentation models to || L12:construct the SOURCE-only counterfactual outcome asset: || L13: || L14:SOURCE vs A1_TENT_1STEP ### L12:construct the SOURCE-only counterfactual outcome asset: || L13: || L14:SOURCE vs A1_TENT_1STEP || L15: || L16:for every Prostate158 axial slice and every frozen model family. ### L17: || L18:This stage: || L19:- uses SOURCE GT (allowed); || L20:- uses the frozen CM3 OOF mask as the SOURCE baseline; || L21:- requires the CM4A Fix3 exact batch-8 replay audit to have PASSed with ### L18:This stage: || L19:- uses SOURCE GT (allowed); || L20:- uses the frozen CM3 OOF mask as the SOURCE baseline; || L21:- requires the CM4A Fix3 exact batch-8 replay audit to have PASSed with || L22:zero binary mismatches across all 15 family/fold combinations; ### L35:- episodic reset = YES || L36:- normalization-affine parameters only || L37:- source prediction from untouched checkpoint in eval mode || L38: || L39:Architecture-compatible normalization: ### L40:- UNet: BatchNorm2d affine || L41:- DeepLabV3-R50: ordinary BatchNorm2d affine; ASPP pooled singleton-unsafe || L42:BN stays eval with source running statistics; Dropout stays eval || L43:- SegFormer-B0: LayerNorm + compatible BatchNorm2d affine; Dropout stays eval || L44: ### L69: || L70:VERSION = ""2026-09-05-Q1X-CM4A-v1-fix4"" || L71:BUILD = ""Q1X_CM4A_SOURCE_OOF_TENT1_OUTCOME_ASSET_LOCK_FIX4"" || L72: || L73:ROOT = Path(r""F:\MEDSEG_SAFETTA"")"
release/SafeTTA_clean_test_v102/method_core/tta_actions/Q1_R13B_full_neopolyp_pl_conf90_prediction_lock_fix2.py,NeoPolyp,96,"L10:Critical correction relative to R13B Fix1: || L11:- restore trainable adaptation parameters AND all mutable model buffers || L12:before every SOURCE teacher forward; || L13:- restore both again before the adaptation forward; || L14:- restore both after the final same-case post-update prediction. ### L25:- target-outcome-based selection: NO || L26: || L27:R13B Fix1 partial outputs MUST NOT be reused. || L28:"""""" || L29: ### L48: || L49:ROOT = Path(r""F:\MEDSEG_SAFETTA"") || L50:CODE, OUT = ROOT/""code"", ROOT/""outputs"" || L51: || L52:R13A_SCRIPT = CODE/""Q1_R13A_confident_pseudolabel_three_family_feasibility_fix2.py"" ### L62:) || L63: || L64:R05D3_SCRIPT = CODE/""Q1_R05D3_neopolyp_source_a1_prediction_lock_v1_fix1.py"" || L65:EXPECTED_R05D3_SHA = ""df22d6f3054257743d1f12d9e757323ea9f4a052b7642eb4ab610da46ff21251"" || L66:R05D3_OUT = OUT/""Q1_R05D3_neopolyp_source_a1_prediction_lock_v1_fix1"" ### L64:R05D3_SCRIPT = CODE/""Q1_R05D3_neopolyp_source_a1_prediction_lock_v1_fix1.py"" || L65:EXPECTED_R05D3_SHA = ""df22d6f3054257743d1f12d9e757323ea9f4a052b7642eb4ab610da46ff21251"" || L66:R05D3_OUT = OUT/""Q1_R05D3_neopolyp_source_a1_prediction_lock_v1_fix1"" || L67: || L68:R12D_LOCK = ( ### L72:EXPECTED_R12D_SHA = ""2fd7ce015a7598490470ff29d3c2dd1a085a578af2ed73d34bee0bc9ca7eb04f"" || L73: || L74:OUTPUT_DIR = OUT/""Q1_R13B_full_neopolyp_pl_conf90_prediction_lock_fix2_v1"" || L75: || L76:ACTION = ""A4_PL_CONF90_1STEP"" ### L81:STATE_FIELDS = [ || L82:""row_index"",""sample_id"",""image_path"",""image_raw_sha256"", || L83:""model_family"",""model_state_id"",""training_seed"",""checkpoint_sha256"", || L84:""source_foreground_pixels"",""pl_foreground_pixels"", || L85:""source_pl_changed_pixels"",""confident_pixels"",""total_pixels"", ### L82:""row_index"",""sample_id"",""image_path"",""image_raw_sha256"", || L83:""model_family"",""model_state_id"",""training_seed"",""checkpoint_sha256"", || L84:""source_foreground_pixels"",""pl_foreground_pixels"", || L85:""source_pl_changed_pixels"",""confident_pixels"",""total_pixels"", || L86:""confident_fraction"",""pl_loss"",""parameter_max_abs_delta"","
release/SafeTTA_clean_test_v102/method_core/tta_actions/Q1_R14C1_sunseg_source_tent1_pl_prediction_lock_preGT_fix2.py,SUNSEG,141,"L3: || L4:"""""" || L5:Q1_R14C1_sunseg_source_tent1_pl_prediction_lock_preGT_fix2.py || L6: || L7:Prospective SUN-SEG confirmatory prediction lock BEFORE any GT reveal. ### L10:- 980 RGB frames || L11:- 49 physical caseNN clusters || L12:- 9 frozen source-only model states || L13:- 8,820 model-frame rows || L14: ### L14: || L15:Actions: || L16:- SOURCE || L17:- A1_TENT_1STEP || L18:- A4_PL_CONF90_1STEP ### L19: || L20:Implementation lineage: || L21:- SOURCE + TENT1 execution reuses the authoritative historical R05D3 functions. || L22:- PL execution reuses the authoritative historical R13B Fix2 functions. || L23:- R05D3/R13B case-count globals are changed ONLY from NeoPolyp 1000 to the ### L23:- R05D3/R13B case-count globals are changed ONLY from NeoPolyp 1000 to the || L24:already frozen SUN cohort size 980. Action/model semantics are unchanged. || L25:- R13B receives the SUN SOURCE packed masks produced by R05D3 and enforces its || L26:own exact SOURCE parity before PL adaptation. || L27: ### L24:already frozen SUN cohort size 980. Action/model semantics are unchanged. || L25:- R13B receives the SUN SOURCE packed masks produced by R05D3 and enforces its || L26:own exact SOURCE parity before PL adaptation. || L27: || L28:Strict pre-GT boundary: ### L36:- reads only the 980 frozen `frame_member` entries from the official SUN TAR; || L37:- uses one sequential `r|gz` pass; || L38:- writes a local RGB-only cache under this output directory; || L39:- verifies every extracted encoded-file SHA256 against the R14B4B Fix3 RGB || L40:hash table before any model inference. ### L42:Resume: || L43:- completed states are reused only after SHA/cardinality/lineage validation; || L44:- incomplete temporary files are never treated as completed state outputs. || L45:"""""" || L46:"
