replicate,scope,score,auroc,auprc,valid_strata
0,OVERALL,SOURCE_STATE,0.49670149065039243,0.33026098149992067,
0,OVERALL,SOURCE_PLUS_SIMPLE_MASK_CHANGE,0.49768414761691315,0.33030078829067533,
0,OVERALL,FROZEN_FULL_TRANSITION_SAFETTA,0.6351469388224207,0.46464896813145906,
0,OVERALL,CHANGE_MAGNITUDE_ONLY,0.5233596524497466,0.364482410241883,
0,OVERALL,CHANGE_MAGNITUDE_IOU_ONLY,0.5233596524497466,0.364482410241883,
1,OVERALL,SOURCE_STATE,0.48320746282702803,0.36246948216844155,
1,OVERALL,SOURCE_PLUS_SIMPLE_MASK_CHANGE,0.4960356672313194,0.38206857664333865,
1,OVERALL,FROZEN_FULL_TRANSITION_SAFETTA,0.5942970073404856,0.45554747132330503,
1,OVERALL,CHANGE_MAGNITUDE_ONLY,0.49997353190287974,0.39318932623957015,
1,OVERALL,CHANGE_MAGNITUDE_IOU_ONLY,0.49997353190287974,0.39318932623957015,
2,OVERALL,SOURCE_STATE,0.49573134396773005,0.32275469822904,
2,OVERALL,SOURCE_PLUS_SIMPLE_MASK_CHANGE,0.44650715071507147,0.29689636074077885,
2,OVERALL,FROZEN_FULL_TRANSITION_SAFETTA,0.6047682893289328,0.40627329295451386,
2,OVERALL,CHANGE_MAGNITUDE_ONLY,0.44272552255225517,0.31009268894620656,
2,OVERALL,CHANGE_MAGNITUDE_IOU_ONLY,0.44272552255225517,0.31009268894620656,
3,OVERALL,SOURCE_STATE,0.5082295757938748,0.364033159638974,
3,OVERALL,SOURCE_PLUS_SIMPLE_MASK_CHANGE,0.46230750624848826,0.34655297046914124,
3,OVERALL,FROZEN_FULL_TRANSITION_SAFETTA,0.6042950438258026,0.46228899057769834,
3,OVERALL,CHANGE_MAGNITUDE_ONLY,0.5000604692413126,0.3919196484363191,
3,OVERALL,CHANGE_MAGNITUDE_IOU_ONLY,0.5000604692413126,0.3919196484363191,
4,OVERALL,SOURCE_STATE,0.5067074619771863,0.39356640900579676,
4,OVERALL,SOURCE_PLUS_SIMPLE_MASK_CHANGE,0.5001722908745247,0.40273986531968364,
4,OVERALL,FROZEN_FULL_TRANSITION_SAFETTA,0.6021922528517111,0.4787477514573881,
4,OVERALL,CHANGE_MAGNITUDE_ONLY,0.5650992157794676,0.4473951658600581,
4,OVERALL,CHANGE_MAGNITUDE_IOU_ONLY,0.5650992157794676,0.4473951658600581,
5,OVERALL,SOURCE_STATE,0.5192344034204994,0.3751490743244504,
5,OVERALL,SOURCE_PLUS_SIMPLE_MASK_CHANGE,0.48100181891196003,0.3651939161707063,
5,OVERALL,FROZEN_FULL_TRANSITION_SAFETTA,0.6376467531240404,0.4931272722359353,
5,OVERALL,CHANGE_MAGNITUDE_ONLY,0.5130630949849999,0.39342869152384286,
5,OVERALL,CHANGE_MAGNITUDE_IOU_ONLY,0.5130630949849999,0.39342869152384286,
6,OVERALL,SOURCE_STATE,0.5418691687312214,0.35913431743810087,
6,OVERALL,SOURCE_PLUS_SIMPLE_MASK_CHANGE,0.4788941015233778,0.3347775230276595,
6,OVERALL,FROZEN_FULL_TRANSITION_SAFETTA,0.6637077644826314,0.48713516213623637,
6,OVERALL,CHANGE_MAGNITUDE_ONLY,0.4952717305360814,0.3510073300319046,
6,OVERALL,CHANGE_MAGNITUDE_IOU_ONLY,0.4952717305360814,0.3510073300319046,
7,OVERALL,SOURCE_STATE,0.5391772243017564,0.3849249022020994,
7,OVERALL,SOURCE_PLUS_SIMPLE_MASK_CHANGE,0.5058306939245609,0.3726809320573139,
7,OVERALL,FROZEN_FULL_TRANSITION_SAFETTA,0.6192292926384491,0.46205778201186215,
7,OVERALL,CHANGE_MAGNITUDE_ONLY,0.5129271043286303,0.37897918013622656,
7,OVERALL,CHANGE_MAGNITUDE_IOU_ONLY,0.5129271043286303,0.37897918013622656,
8,OVERALL,SOURCE_STATE,0.511550134348843,0.36273412303427904,
8,OVERALL,SOURCE_PLUS_SIMPLE_MASK_CHANGE,0.45554889717964075,0.3309328973864699,
8,OVERALL,FROZEN_FULL_TRANSITION_SAFETTA,0.6304279187849968,0.46527463644685935,
8,OVERALL,CHANGE_MAGNITUDE_ONLY,0.47649700695263314,0.3718060178011441,
8,OVERALL,CHANGE_MAGNITUDE_IOU_ONLY,0.47649700695263314,0.3718060178011441,
9,OVERALL,SOURCE_STATE,0.5406534996305732,0.42797568257728,
9,OVERALL,SOURCE_PLUS_SIMPLE_MASK_CHANGE,0.48210209415423294,0.39431576630506493,
9,OVERALL,FROZEN_FULL_TRANSITION_SAFETTA,0.6394558948401541,0.5032963619603412,
9,OVERALL,CHANGE_MAGNITUDE_ONLY,0.4916630826744301,0.39788276472418904,
9,OVERALL,CHANGE_MAGNITUDE_IOU_ONLY,0.4916630826744301,0.39788276472418904,
10,OVERALL,SOURCE_STATE,0.5066978609625669,0.33563725514305,
10,OVERALL,SOURCE_PLUS_SIMPLE_MASK_CHANGE,0.506129679144385,0.35362093689815965,
10,OVERALL,FROZEN_FULL_TRANSITION_SAFETTA,0.6210093582887701,0.4184949667632992,
10,OVERALL,CHANGE_MAGNITUDE_ONLY,0.5011363636363636,0.34838174046510534,
10,OVERALL,CHANGE_MAGNITUDE_IOU_ONLY,0.5011363636363636,0.34838174046510534,
11,OVERALL,SOURCE_STATE,0.5282859641990366,0.40268241001778726,
11,OVERALL,SOURCE_PLUS_SIMPLE_MASK_CHANGE,0.49480109891463697,0.381367365412602,
11,OVERALL,FROZEN_FULL_TRANSITION_SAFETTA,0.6673257690554508,0.5314952949823953,
11,OVERALL,CHANGE_MAGNITUDE_ONLY,0.5089040420839955,0.39838637664978427,
11,OVERALL,CHANGE_MAGNITUDE_IOU_ONLY,0.5089040420839955,0.39838637664978427,
12,OVERALL,SOURCE_STATE,0.4971153846153846,0.3450245222180347,
12,OVERALL,SOURCE_PLUS_SIMPLE_MASK_CHANGE,0.43680555555555556,0.30219125220194387,
12,OVERALL,FROZEN_FULL_TRANSITION_SAFETTA,0.5837250712250712,0.41294237450602767,
12,OVERALL,CHANGE_MAGNITUDE_ONLY,0.530519943019943,0.4000733608537965,
12,OVERALL,CHANGE_MAGNITUDE_IOU_ONLY,0.530519943019943,0.4000733608537965,
13,OVERALL,SOURCE_STATE,0.5400238521168753,0.3722554075632535,
13,OVERALL,SOURCE_PLUS_SIMPLE_MASK_CHANGE,0.5057841383422779,0.36693821996707304,
13,OVERALL,FROZEN_FULL_TRANSITION_SAFETTA,0.6545080500894453,0.48598552166590947,
13,OVERALL,CHANGE_MAGNITUDE_ONLY,0.47397734048896834,0.3441597591088223,
13,OVERALL,CHANGE_MAGNITUDE_IOU_ONLY,0.47397734048896834,0.3441597591088223,
14,OVERALL,SOURCE_STATE,0.5200673938104106,0.3854843703922841,
14,OVERALL,SOURCE_PLUS_SIMPLE_MASK_CHANGE,0.5067364251721793,0.38059620069517897,
14,OVERALL,FROZEN_FULL_TRANSITION_SAFETTA,0.6761431822884337,0.5206054500063758,
14,OVERALL,CHANGE_MAGNITUDE_ONLY,0.511318021932547,0.38713124617276884,
14,OVERALL,CHANGE_MAGNITUDE_IOU_ONLY,0.511318021932547,0.38713124617276884,
15,OVERALL,SOURCE_STATE,0.5228869047619047,0.362029531638017,
15,OVERALL,SOURCE_PLUS_SIMPLE_MASK_CHANGE,0.4956130952380952,0.35946451457467044,
15,OVERALL,FROZEN_FULL_TRANSITION_SAFETTA,0.6417321428571428,0.4857391000581742,
15,OVERALL,CHANGE_MAGNITUDE_ONLY,0.5076636904761904,0.3701883740174431,
15,OVERALL,CHANGE_MAGNITUDE_IOU_ONLY,0.5076636904761904,0.3701883740174431,
16,OVERALL,SOURCE_STATE,0.5012926703751808,0.36033762072214404,
16,OVERALL,SOURCE_PLUS_SIMPLE_MASK_CHANGE,0.46394613669223417,0.32916630322281326,
16,OVERALL,FROZEN_FULL_TRANSITION_SAFETTA,0.6274903815521847,0.47287607501045686,
16,OVERALL,CHANGE_MAGNITUDE_ONLY,0.4893308746048472,0.36447498805885237,
16,OVERALL,CHANGE_MAGNITUDE_IOU_ONLY,0.4893308746048472,0.36447498805885237,
17,OVERALL,SOURCE_STATE,0.5570522390193959,0.40011957571116097,
17,OVERALL,SOURCE_PLUS_SIMPLE_MASK_CHANGE,0.49645085825740287,0.3456065096944413,
17,OVERALL,FROZEN_FULL_TRANSITION_SAFETTA,0.6580354742579977,0.5101377693305225,
17,OVERALL,CHANGE_MAGNITUDE_ONLY,0.4905365753213103,0.34825235793796405,
17,OVERALL,CHANGE_MAGNITUDE_IOU_ONLY,0.4905365753213103,0.34825235793796405,
18,OVERALL,SOURCE_STATE,0.5609349607961757,0.39405004522763193,
18,OVERALL,SOURCE_PLUS_SIMPLE_MASK_CHANGE,0.5127456911379191,0.3747947805270996,
18,OVERALL,FROZEN_FULL_TRANSITION_SAFETTA,0.6276882198735514,0.44342554246972005,
18,OVERALL,CHANGE_MAGNITUDE_ONLY,0.4664661993048883,0.3454665450819169,
18,OVERALL,CHANGE_MAGNITUDE_IOU_ONLY,0.4664661993048883,0.3454665450819169,
19,OVERALL,SOURCE_STATE,0.5137946246776164,0.3860961191616292,
19,OVERALL,SOURCE_PLUS_SIMPLE_MASK_CHANGE,0.4365978914981223,0.32002634664101115,
19,OVERALL,FROZEN_FULL_TRANSITION_SAFETTA,0.6103230623048731,0.4702686917578808,
19,OVERALL,CHANGE_MAGNITUDE_ONLY,0.47223541921180034,0.3713550225519324,
19,OVERALL,CHANGE_MAGNITUDE_IOU_ONLY,0.47223541921180034,0.3713550225519324,
20,OVERALL,SOURCE_STATE,0.5062384528636898,0.3349292810915923,
20,OVERALL,SOURCE_PLUS_SIMPLE_MASK_CHANGE,0.4808827410802121,0.3247729466956707,
20,OVERALL,FROZEN_FULL_TRANSITION_SAFETTA,0.6138217722004943,0.4245346764532578,
20,OVERALL,CHANGE_MAGNITUDE_ONLY,0.5143544400988556,0.3519022017404794,
20,OVERALL,CHANGE_MAGNITUDE_IOU_ONLY,0.5143544400988556,0.3519022017404794,
21,OVERALL,SOURCE_STATE,0.531892325244365,0.3716116111214739,
21,OVERALL,SOURCE_PLUS_SIMPLE_MASK_CHANGE,0.46854552742746136,0.31748355634936987,
21,OVERALL,FROZEN_FULL_TRANSITION_SAFETTA,0.6270111929943573,0.4530068360806747,
21,OVERALL,CHANGE_MAGNITUDE_ONLY,0.4942369954672998,0.3625099817185896,
21,OVERALL,CHANGE_MAGNITUDE_IOU_ONLY,0.4942369954672998,0.3625099817185896,
22,OVERALL,SOURCE_STATE,0.5421740268117398,0.36551301100939937,
22,OVERALL,SOURCE_PLUS_SIMPLE_MASK_CHANGE,0.48578174537975183,0.319399951351906,
22,OVERALL,FROZEN_FULL_TRANSITION_SAFETTA,0.6598815804686882,0.4481862903182733,
22,OVERALL,CHANGE_MAGNITUDE_ONLY,0.493102336138647,0.34025641613886676,
22,OVERALL,CHANGE_MAGNITUDE_IOU_ONLY,0.493102336138647,0.34025641613886676,
23,OVERALL,SOURCE_STATE,0.5342875532534404,0.3798045848304611,
23,OVERALL,SOURCE_PLUS_SIMPLE_MASK_CHANGE,0.4950623716553775,0.3512106566019956,
23,OVERALL,FROZEN_FULL_TRANSITION_SAFETTA,0.6380543721457688,0.45379596062371963,
23,OVERALL,CHANGE_MAGNITUDE_ONLY,0.5078002881049437,0.36613393817447426,
23,OVERALL,CHANGE_MAGNITUDE_IOU_ONLY,0.5078002881049437,0.36613393817447426,
24,OVERALL,SOURCE_STATE,0.5508774973255848,0.3932245361294749,
24,OVERALL,SOURCE_PLUS_SIMPLE_MASK_CHANGE,0.48275941827854396,0.3525416719220468,
24,OVERALL,FROZEN_FULL_TRANSITION_SAFETTA,0.6861248445947901,0.5434649062492463,
24,OVERALL,CHANGE_MAGNITUDE_ONLY,0.5063867927255905,0.3834887482678975,
24,OVERALL,CHANGE_MAGNITUDE_IOU_ONLY,0.5063867927255905,0.3834887482678975,
25,OVERALL,SOURCE_STATE,0.5025664251207729,0.32524331790159017,
25,OVERALL,SOURCE_PLUS_SIMPLE_MASK_CHANGE,0.49204911433172294,0.3420405848057515,
25,OVERALL,FROZEN_FULL_TRANSITION_SAFETTA,0.6176466888083736,0.43533633606778266,
25,OVERALL,CHANGE_MAGNITUDE_ONLY,0.5293126006441224,0.36682175704301173,
25,OVERALL,CHANGE_MAGNITUDE_IOU_ONLY,0.5293126006441224,0.36682175704301173,
26,OVERALL,SOURCE_STATE,0.5203368927658295,0.3902834391439151,
26,OVERALL,SOURCE_PLUS_SIMPLE_MASK_CHANGE,0.4749165288013235,0.35460211261568486,
26,OVERALL,FROZEN_FULL_TRANSITION_SAFETTA,0.6386283651676945,0.4842993272569751,
26,OVERALL,CHANGE_MAGNITUDE_ONLY,0.5284915024815762,0.4151045747252088,
26,OVERALL,CHANGE_MAGNITUDE_IOU_ONLY,0.5284915024815762,0.4151045747252088,
27,OVERALL,SOURCE_STATE,0.518109881626351,0.3647388110021909,
27,OVERALL,SOURCE_PLUS_SIMPLE_MASK_CHANGE,0.41877895007720023,0.30510840789841254,
27,OVERALL,FROZEN_FULL_TRANSITION_SAFETTA,0.6441006176016468,0.47489231477899585,
27,OVERALL,CHANGE_MAGNITUDE_ONLY,0.44992601646937724,0.3600307142184606,
27,OVERALL,CHANGE_MAGNITUDE_IOU_ONLY,0.44992601646937724,0.3600307142184606,
28,OVERALL,SOURCE_STATE,0.5393418185987846,0.3760813325387961,
28,OVERALL,SOURCE_PLUS_SIMPLE_MASK_CHANGE,0.5089496617360394,0.38864273617455813,
28,OVERALL,FROZEN_FULL_TRANSITION_SAFETTA,0.6828976034858389,0.5274174722970781,
28,OVERALL,CHANGE_MAGNITUDE_ONLY,0.4996130030959752,0.3692537035605341,
28,OVERALL,CHANGE_MAGNITUDE_IOU_ONLY,0.4996130030959752,0.3692537035605341,
29,OVERALL,SOURCE_STATE,0.5120916981382098,0.36415809786491615,
29,OVERALL,SOURCE_PLUS_SIMPLE_MASK_CHANGE,0.4649596742619998,0.3313030270118751,
29,OVERALL,FROZEN_FULL_TRANSITION_SAFETTA,0.6326292140245628,0.471667773167829,
29,OVERALL,CHANGE_MAGNITUDE_ONLY,0.5079115544231823,0.3775033721623479,
29,OVERALL,CHANGE_MAGNITUDE_IOU_ONLY,0.5079115544231823,0.3775033721623479,
30,OVERALL,SOURCE_STATE,0.49956043691366503,0.3572092472220568,
30,OVERALL,SOURCE_PLUS_SIMPLE_MASK_CHANGE,0.49071498247769074,0.3617716395537627,
30,OVERALL,FROZEN_FULL_TRANSITION_SAFETTA,0.6234148632537303,0.4715025939376955,
30,OVERALL,CHANGE_MAGNITUDE_ONLY,0.48335079542854387,0.36533675460239334,
30,OVERALL,CHANGE_MAGNITUDE_IOU_ONLY,0.48335079542854387,0.36533675460239334,
31,OVERALL,SOURCE_STATE,0.5066527010728116,0.32491034560087634,
31,OVERALL,SOURCE_PLUS_SIMPLE_MASK_CHANGE,0.46942169745445317,0.30783621788170695,
31,OVERALL,FROZEN_FULL_TRANSITION_SAFETTA,0.6287056433695168,0.41429823810094407,
31,OVERALL,CHANGE_MAGNITUDE_ONLY,0.4928426331492414,0.3295719403573595,
31,OVERALL,CHANGE_MAGNITUDE_IOU_ONLY,0.4928426331492414,0.3295719403573595,
32,OVERALL,SOURCE_STATE,0.5426152465520498,0.3959943370921677,
32,OVERALL,SOURCE_PLUS_SIMPLE_MASK_CHANGE,0.5195836482146231,0.40384363059759176,
32,OVERALL,FROZEN_FULL_TRANSITION_SAFETTA,0.655234507840544,0.5236330224226917,
32,OVERALL,CHANGE_MAGNITUDE_ONLY,0.5308839505006613,0.41818230707914683,
32,OVERALL,CHANGE_MAGNITUDE_IOU_ONLY,0.5308839505006613,0.41818230707914683,
33,OVERALL,SOURCE_STATE,0.5408668536149361,0.3810912245617464,
33,OVERALL,SOURCE_PLUS_SIMPLE_MASK_CHANGE,0.4753873655714391,0.3329233510543848,
33,OVERALL,FROZEN_FULL_TRANSITION_SAFETTA,0.6621738162005335,0.4678854372235046,
33,OVERALL,CHANGE_MAGNITUDE_ONLY,0.44934977412003907,0.33579392276961756,
33,OVERALL,CHANGE_MAGNITUDE_IOU_ONLY,0.44934977412003907,0.33579392276961756,
34,OVERALL,SOURCE_STATE,0.5102851528890571,0.3337101939332612,
34,OVERALL,SOURCE_PLUS_SIMPLE_MASK_CHANGE,0.484564642994441,0.3152746262649222,
34,OVERALL,FROZEN_FULL_TRANSITION_SAFETTA,0.6550888776338352,0.4706898638956887,
34,OVERALL,CHANGE_MAGNITUDE_ONLY,0.47499649127089216,0.3317805142207587,
34,OVERALL,CHANGE_MAGNITUDE_IOU_ONLY,0.47499649127089216,0.3317805142207587,
35,OVERALL,SOURCE_STATE,0.5750735146497868,0.3715444711224139,
35,OVERALL,SOURCE_PLUS_SIMPLE_MASK_CHANGE,0.5290043341167022,0.35294926692863915,
35,OVERALL,FROZEN_FULL_TRANSITION_SAFETTA,0.646698631269412,0.44603332964484044,
35,OVERALL,CHANGE_MAGNITUDE_ONLY,0.4829528679570604,0.3199020475046749,
35,OVERALL,CHANGE_MAGNITUDE_IOU_ONLY,0.4829528679570604,0.3199020475046749,
36,OVERALL,SOURCE_STATE,0.5531000109541023,0.44429939615213204,
36,OVERALL,SOURCE_PLUS_SIMPLE_MASK_CHANGE,0.5065505531821668,0.42765265651685863,
36,OVERALL,FROZEN_FULL_TRANSITION_SAFETTA,0.6639062328842151,0.5546717179770315,
36,OVERALL,CHANGE_MAGNITUDE_ONLY,0.48351955307262573,0.40732977649991653,
36,OVERALL,CHANGE_MAGNITUDE_IOU_ONLY,0.48351955307262573,0.40732977649991653,
37,OVERALL,SOURCE_STATE,0.5463239240098744,0.39035967592569987,
37,OVERALL,SOURCE_PLUS_SIMPLE_MASK_CHANGE,0.4597992916174734,0.3260288824684746,
37,OVERALL,FROZEN_FULL_TRANSITION_SAFETTA,0.6715251690458303,0.5067654871097341,
37,OVERALL,CHANGE_MAGNITUDE_ONLY,0.47095631641086183,0.3506117034626964,
37,OVERALL,CHANGE_MAGNITUDE_IOU_ONLY,0.47095631641086183,0.3506117034626964,
38,OVERALL,SOURCE_STATE,0.5307141361787973,0.35506605179503714,
38,OVERALL,SOURCE_PLUS_SIMPLE_MASK_CHANGE,0.5181531551534914,0.36520183973917786,
38,OVERALL,FROZEN_FULL_TRANSITION_SAFETTA,0.6534374583679605,0.47492133075350973,
38,OVERALL,CHANGE_MAGNITUDE_ONLY,0.5174109153656323,0.35946410458817357,
38,OVERALL,CHANGE_MAGNITUDE_IOU_ONLY,0.5174109153656323,0.35946410458817357,
39,OVERALL,SOURCE_STATE,0.5133368662780428,0.3643301078544137,
39,OVERALL,SOURCE_PLUS_SIMPLE_MASK_CHANGE,0.47922039686745566,0.3455836454625172,
39,OVERALL,FROZEN_FULL_TRANSITION_SAFETTA,0.6546134369663782,0.5003644764703904,
39,OVERALL,CHANGE_MAGNITUDE_ONLY,0.48852381793558264,0.36815757493184126,
39,OVERALL,CHANGE_MAGNITUDE_IOU_ONLY,0.48852381793558264,0.36815757493184126,
40,OVERALL,SOURCE_STATE,0.5512905739959655,0.4210404974547338,
40,OVERALL,SOURCE_PLUS_SIMPLE_MASK_CHANGE,0.4858907940583165,0.372414252684254,
40,OVERALL,FROZEN_FULL_TRANSITION_SAFETTA,0.6476423528333028,0.5079776995027899,
40,OVERALL,CHANGE_MAGNITUDE_ONLY,0.46816545938015774,0.37880758800006065,
40,OVERALL,CHANGE_MAGNITUDE_IOU_ONLY,0.46816545938015774,0.37880758800006065,
41,OVERALL,SOURCE_STATE,0.4608658854166666,0.2749930714195959,
41,OVERALL,SOURCE_PLUS_SIMPLE_MASK_CHANGE,0.44317057291666667,0.27507591679330634,
41,OVERALL,FROZEN_FULL_TRANSITION_SAFETTA,0.6184309895833333,0.4159060354993786,
41,OVERALL,CHANGE_MAGNITUDE_ONLY,0.5195670572916666,0.365654063604399,
41,OVERALL,CHANGE_MAGNITUDE_IOU_ONLY,0.5195670572916666,0.365654063604399,
42,OVERALL,SOURCE_STATE,0.5057291956840678,0.3492708733008616,
42,OVERALL,SOURCE_PLUS_SIMPLE_MASK_CHANGE,0.44627679660272,0.2997847323416206,
42,OVERALL,FROZEN_FULL_TRANSITION_SAFETTA,0.5975015630706756,0.42288055924267687,
42,OVERALL,CHANGE_MAGNITUDE_ONLY,0.5359413399694195,0.39660543442034685,
42,OVERALL,CHANGE_MAGNITUDE_IOU_ONLY,0.5359413399694195,0.39660543442034685,
43,OVERALL,SOURCE_STATE,0.5318880721565286,0.3761664639042686,
43,OVERALL,SOURCE_PLUS_SIMPLE_MASK_CHANGE,0.48867819561331866,0.34970434525478594,
43,OVERALL,FROZEN_FULL_TRANSITION_SAFETTA,0.6528709917971663,0.49190793771188074,
43,OVERALL,CHANGE_MAGNITUDE_ONLY,0.5335097001763669,0.3940674001403279,
43,OVERALL,CHANGE_MAGNITUDE_IOU_ONLY,0.5335097001763669,0.3940674001403279,
44,OVERALL,SOURCE_STATE,0.5845473377750405,0.4483377460911428,
44,OVERALL,SOURCE_PLUS_SIMPLE_MASK_CHANGE,0.5055092100106378,0.3987868096585742,
44,OVERALL,FROZEN_FULL_TRANSITION_SAFETTA,0.6850624265158726,0.5444557537138479,
44,OVERALL,CHANGE_MAGNITUDE_ONLY,0.46058171434970047,0.3678517198442771,
44,OVERALL,CHANGE_MAGNITUDE_IOU_ONLY,0.46058171434970047,0.3678517198442771,
45,OVERALL,SOURCE_STATE,0.5399238867548726,0.36817578076001356,
45,OVERALL,SOURCE_PLUS_SIMPLE_MASK_CHANGE,0.5184710959358847,0.359388190568691,
45,OVERALL,FROZEN_FULL_TRANSITION_SAFETTA,0.6523687580025608,0.464264146265145,
45,OVERALL,CHANGE_MAGNITUDE_ONLY,0.5233674775928296,0.370337352541563,
45,OVERALL,CHANGE_MAGNITUDE_IOU_ONLY,0.5233674775928296,0.370337352541563,
46,OVERALL,SOURCE_STATE,0.5032573891625616,0.3460321889803255,
46,OVERALL,SOURCE_PLUS_SIMPLE_MASK_CHANGE,0.4853817733990148,0.32950454842686294,
46,OVERALL,FROZEN_FULL_TRANSITION_SAFETTA,0.5859975369458128,0.40781597740907677,
46,OVERALL,CHANGE_MAGNITUDE_ONLY,0.49521551724137924,0.35629527565273805,
46,OVERALL,CHANGE_MAGNITUDE_IOU_ONLY,0.49521551724137924,0.35629527565273805,
47,OVERALL,SOURCE_STATE,0.5042103575436909,0.3286933908876862,
47,OVERALL,SOURCE_PLUS_SIMPLE_MASK_CHANGE,0.4776591309924643,0.3297470900647843,
47,OVERALL,FROZEN_FULL_TRANSITION_SAFETTA,0.6239794773128107,0.44441633165078587,
47,OVERALL,CHANGE_MAGNITUDE_ONLY,0.5080968414301748,0.3529418608031605,
47,OVERALL,CHANGE_MAGNITUDE_IOU_ONLY,0.5080968414301748,0.3529418608031605,
48,OVERALL,SOURCE_STATE,0.5323018528049408,0.38060222015949435,
48,OVERALL,SOURCE_PLUS_SIMPLE_MASK_CHANGE,0.4936567164179105,0.349951363115771,
48,OVERALL,FROZEN_FULL_TRANSITION_SAFETTA,0.6607179619145651,0.47276118612039697,
48,OVERALL,CHANGE_MAGNITUDE_ONLY,0.5061567164179104,0.3738518881945881,
48,OVERALL,CHANGE_MAGNITUDE_IOU_ONLY,0.5061567164179104,0.3738518881945881,
49,OVERALL,SOURCE_STATE,0.5534063131044744,0.3717685669984857,
49,OVERALL,SOURCE_PLUS_SIMPLE_MASK_CHANGE,0.47784627011962544,0.3254832352690098,
49,OVERALL,FROZEN_FULL_TRANSITION_SAFETTA,0.6459772558188968,0.45069051625226025,
49,OVERALL,CHANGE_MAGNITUDE_ONLY,0.49739611010734397,0.3578981911670841,
49,OVERALL,CHANGE_MAGNITUDE_IOU_ONLY,0.49739611010734397,0.3578981911670841,
50,OVERALL,SOURCE_STATE,0.5135317911768423,0.3237532912167685,
50,OVERALL,SOURCE_PLUS_SIMPLE_MASK_CHANGE,0.48859815446846167,0.3100451186692782,
50,OVERALL,FROZEN_FULL_TRANSITION_SAFETTA,0.6265895588421185,0.40591505123229793,
50,OVERALL,CHANGE_MAGNITUDE_ONLY,0.5153678422449753,0.34205997338076055,
50,OVERALL,CHANGE_MAGNITUDE_IOU_ONLY,0.5153678422449753,0.34205997338076055,
51,OVERALL,SOURCE_STATE,0.5619897675453231,0.4311547397425214,
51,OVERALL,SOURCE_PLUS_SIMPLE_MASK_CHANGE,0.48818818818818815,0.3780545052474195,
51,OVERALL,FROZEN_FULL_TRANSITION_SAFETTA,0.6709097986875764,0.5440471539840774,
51,OVERALL,CHANGE_MAGNITUDE_ONLY,0.4898342787231676,0.39815425289810125,
51,OVERALL,CHANGE_MAGNITUDE_IOU_ONLY,0.4898342787231676,0.39815425289810125,
52,OVERALL,SOURCE_STATE,0.5638455461189018,0.4420902363228821,
52,OVERALL,SOURCE_PLUS_SIMPLE_MASK_CHANGE,0.4901792964206553,0.3824882549951949,
52,OVERALL,FROZEN_FULL_TRANSITION_SAFETTA,0.6590789387056423,0.5177734678633688,
52,OVERALL,CHANGE_MAGNITUDE_ONLY,0.4744990892531876,0.3714640668011636,
52,OVERALL,CHANGE_MAGNITUDE_IOU_ONLY,0.4744990892531876,0.3714640668011636,
53,OVERALL,SOURCE_STATE,0.47832275767449833,0.3133067753397324,
53,OVERALL,SOURCE_PLUS_SIMPLE_MASK_CHANGE,0.42339221402846855,0.29448131018488666,
53,OVERALL,FROZEN_FULL_TRANSITION_SAFETTA,0.6014177099411193,0.41943238571144686,
53,OVERALL,CHANGE_MAGNITUDE_ONLY,0.474852798262162,0.35695073876969363,
53,OVERALL,CHANGE_MAGNITUDE_IOU_ONLY,0.474852798262162,0.35695073876969363,
54,OVERALL,SOURCE_STATE,0.5256539235412474,0.34645221613233423,
54,OVERALL,SOURCE_PLUS_SIMPLE_MASK_CHANGE,0.4685765193571065,0.31367446075737637,
54,OVERALL,FROZEN_FULL_TRANSITION_SAFETTA,0.6392451092094737,0.4294725540075588,
54,OVERALL,CHANGE_MAGNITUDE_ONLY,0.4597858233739789,0.3213515653838345,
54,OVERALL,CHANGE_MAGNITUDE_IOU_ONLY,0.4597858233739789,0.3213515653838345,
55,OVERALL,SOURCE_STATE,0.52020015963652,0.3847413506815883,
55,OVERALL,SOURCE_PLUS_SIMPLE_MASK_CHANGE,0.4493031251918708,0.343903749800585,
55,OVERALL,FROZEN_FULL_TRANSITION_SAFETTA,0.6483023270092712,0.5045051156867237,
55,OVERALL,CHANGE_MAGNITUDE_ONLY,0.5160281205869712,0.41433247453278943,
55,OVERALL,CHANGE_MAGNITUDE_IOU_ONLY,0.5160281205869712,0.41433247453278943,
56,OVERALL,SOURCE_STATE,0.5474827453750171,0.3705937857317374,
56,OVERALL,SOURCE_PLUS_SIMPLE_MASK_CHANGE,0.5108732017397123,0.3654099779283987,
56,OVERALL,FROZEN_FULL_TRANSITION_SAFETTA,0.6568776873226523,0.4788632859176234,
56,OVERALL,CHANGE_MAGNITUDE_ONLY,0.4633408919123205,0.33130594921827056,
56,OVERALL,CHANGE_MAGNITUDE_IOU_ONLY,0.4633408919123205,0.33130594921827056,
57,OVERALL,SOURCE_STATE,0.5498525184586771,0.39366694114699263,
57,OVERALL,SOURCE_PLUS_SIMPLE_MASK_CHANGE,0.5145195733994652,0.3853914975283562,
57,OVERALL,FROZEN_FULL_TRANSITION_SAFETTA,0.6438211183547197,0.4890868190404296,
57,OVERALL,CHANGE_MAGNITUDE_ONLY,0.49209361163820364,0.36768010160334985,
57,OVERALL,CHANGE_MAGNITUDE_IOU_ONLY,0.49209361163820364,0.36768010160334985,
58,OVERALL,SOURCE_STATE,0.549023309023309,0.40145600776630475,
58,OVERALL,SOURCE_PLUS_SIMPLE_MASK_CHANGE,0.49615901615901614,0.3660056351816431,
58,OVERALL,FROZEN_FULL_TRANSITION_SAFETTA,0.6415158015158016,0.48396495354730035,
58,OVERALL,CHANGE_MAGNITUDE_ONLY,0.5058286858286858,0.3866280199505505,
58,OVERALL,CHANGE_MAGNITUDE_IOU_ONLY,0.5058286858286858,0.3866280199505505,
59,OVERALL,SOURCE_STATE,0.5284129403794038,0.3507365711346684,
59,OVERALL,SOURCE_PLUS_SIMPLE_MASK_CHANGE,0.4675220189701897,0.31131153691307467,
59,OVERALL,FROZEN_FULL_TRANSITION_SAFETTA,0.6166158536585366,0.40864529896892565,
59,OVERALL,CHANGE_MAGNITUDE_ONLY,0.48011638598528844,0.34020206861821733,
59,OVERALL,CHANGE_MAGNITUDE_IOU_ONLY,0.48011638598528844,0.34020206861821733,
60,OVERALL,SOURCE_STATE,0.5358423975931498,0.3632295514789141,
60,OVERALL,SOURCE_PLUS_SIMPLE_MASK_CHANGE,0.49868086091182595,0.34857178735401206,
60,OVERALL,FROZEN_FULL_TRANSITION_SAFETTA,0.6296401295996298,0.4457571349617244,
60,OVERALL,CHANGE_MAGNITUDE_ONLY,0.48865135385327474,0.34862956216668806,
60,OVERALL,CHANGE_MAGNITUDE_IOU_ONLY,0.48865135385327474,0.34862956216668806,
61,OVERALL,SOURCE_STATE,0.5239226429925556,0.38055210377034265,
61,OVERALL,SOURCE_PLUS_SIMPLE_MASK_CHANGE,0.5062248578166181,0.40308567729040556,
61,OVERALL,FROZEN_FULL_TRANSITION_SAFETTA,0.6541764923475285,0.5313352827296449,
61,OVERALL,CHANGE_MAGNITUDE_ONLY,0.5365775419614371,0.42565828433061254,
61,OVERALL,CHANGE_MAGNITUDE_IOU_ONLY,0.5365775419614371,0.42565828433061254,
62,OVERALL,SOURCE_STATE,0.5558408137379256,0.4027044064464905,
62,OVERALL,SOURCE_PLUS_SIMPLE_MASK_CHANGE,0.4950117084593618,0.35417037470917134,
62,OVERALL,FROZEN_FULL_TRANSITION_SAFETTA,0.6550943994536054,0.48416920357260934,
62,OVERALL,CHANGE_MAGNITUDE_ONLY,0.5208800858620353,0.3818096102451709,
62,OVERALL,CHANGE_MAGNITUDE_IOU_ONLY,0.5208800858620353,0.3818096102451709,
63,OVERALL,SOURCE_STATE,0.5059626120904451,0.3587633277242761,
63,OVERALL,SOURCE_PLUS_SIMPLE_MASK_CHANGE,0.45119985076814434,0.31915867258737163,
63,OVERALL,FROZEN_FULL_TRANSITION_SAFETTA,0.5935563816604709,0.4200783165611162,
63,OVERALL,CHANGE_MAGNITUDE_ONLY,0.48756512238344596,0.3706332599863855,
63,OVERALL,CHANGE_MAGNITUDE_IOU_ONLY,0.48756512238344596,0.3706332599863855,
64,OVERALL,SOURCE_STATE,0.49999347811908956,0.3436589922824217,
64,OVERALL,SOURCE_PLUS_SIMPLE_MASK_CHANGE,0.45824039653035936,0.3224572866494437,
64,OVERALL,FROZEN_FULL_TRANSITION_SAFETTA,0.6044414009000195,0.4283182641699038,
64,OVERALL,CHANGE_MAGNITUDE_ONLY,0.4955651209808909,0.3694526841169238,
64,OVERALL,CHANGE_MAGNITUDE_IOU_ONLY,0.4955651209808909,0.3694526841169238,
65,OVERALL,SOURCE_STATE,0.5135623449582005,0.38252250438000807,
65,OVERALL,SOURCE_PLUS_SIMPLE_MASK_CHANGE,0.44087352074873204,0.3413535536850012,
65,OVERALL,FROZEN_FULL_TRANSITION_SAFETTA,0.6238155823181182,0.47221070730600095,
65,OVERALL,CHANGE_MAGNITUDE_ONLY,0.47377288228151815,0.3854707123488388,
65,OVERALL,CHANGE_MAGNITUDE_IOU_ONLY,0.47377288228151815,0.3854707123488388,
66,OVERALL,SOURCE_STATE,0.5588030417368085,0.4280420430975337,
66,OVERALL,SOURCE_PLUS_SIMPLE_MASK_CHANGE,0.46575724153944387,0.37150585473463626,
66,OVERALL,FROZEN_FULL_TRANSITION_SAFETTA,0.6390956057351831,0.4984392735382728,
66,OVERALL,CHANGE_MAGNITUDE_ONLY,0.489638358390898,0.3916655972685421,
66,OVERALL,CHANGE_MAGNITUDE_IOU_ONLY,0.489638358390898,0.3916655972685421,
67,OVERALL,SOURCE_STATE,0.5392150139441321,0.3992790452433822,
67,OVERALL,SOURCE_PLUS_SIMPLE_MASK_CHANGE,0.4631966351209253,0.3476152209137159,
67,OVERALL,FROZEN_FULL_TRANSITION_SAFETTA,0.6381269144607506,0.4882840046624869,
67,OVERALL,CHANGE_MAGNITUDE_ONLY,0.47961527911123303,0.37835438199774185,
67,OVERALL,CHANGE_MAGNITUDE_IOU_ONLY,0.47961527911123303,0.37835438199774185,
68,OVERALL,SOURCE_STATE,0.5783353245718836,0.42405554205473817,
68,OVERALL,SOURCE_PLUS_SIMPLE_MASK_CHANGE,0.520168401888832,0.3801454946734255,
68,OVERALL,FROZEN_FULL_TRANSITION_SAFETTA,0.687352790578597,0.5245872300894265,
68,OVERALL,CHANGE_MAGNITUDE_ONLY,0.4902827558741537,0.3669685610507346,
68,OVERALL,CHANGE_MAGNITUDE_IOU_ONLY,0.4902827558741537,0.3669685610507346,
69,OVERALL,SOURCE_STATE,0.557853197511315,0.3644933617065054,
69,OVERALL,SOURCE_PLUS_SIMPLE_MASK_CHANGE,0.5135032355398177,0.35186415807602567,
69,OVERALL,FROZEN_FULL_TRANSITION_SAFETTA,0.6782414622894406,0.4916953988999275,
69,OVERALL,CHANGE_MAGNITUDE_ONLY,0.5175803897609814,0.3515416455570759,
69,OVERALL,CHANGE_MAGNITUDE_IOU_ONLY,0.5175803897609814,0.3515416455570759,
70,OVERALL,SOURCE_STATE,0.5197191238513553,0.33172653307541167,
70,OVERALL,SOURCE_PLUS_SIMPLE_MASK_CHANGE,0.47835635438941226,0.32105175606151265,
70,OVERALL,FROZEN_FULL_TRANSITION_SAFETTA,0.6417095301392823,0.4452081890234047,
70,OVERALL,CHANGE_MAGNITUDE_ONLY,0.46571403802808764,0.31513732866199434,
70,OVERALL,CHANGE_MAGNITUDE_IOU_ONLY,0.46571403802808764,0.31513732866199434,
71,OVERALL,SOURCE_STATE,0.4996386922421643,0.3360803979452599,
71,OVERALL,SOURCE_PLUS_SIMPLE_MASK_CHANGE,0.47018770378638786,0.33305656547695994,
71,OVERALL,FROZEN_FULL_TRANSITION_SAFETTA,0.6295802367593926,0.4462046353719932,
71,OVERALL,CHANGE_MAGNITUDE_ONLY,0.5013571071879681,0.36654257589776407,
71,OVERALL,CHANGE_MAGNITUDE_IOU_ONLY,0.5013571071879681,0.36654257589776407,
72,OVERALL,SOURCE_STATE,0.5283467196644931,0.3749226211147017,
72,OVERALL,SOURCE_PLUS_SIMPLE_MASK_CHANGE,0.49223373793450825,0.3651433247198004,
72,OVERALL,FROZEN_FULL_TRANSITION_SAFETTA,0.6269456717529249,0.4530151881547082,
72,OVERALL,CHANGE_MAGNITUDE_ONLY,0.4528357669628632,0.3437968632753303,
72,OVERALL,CHANGE_MAGNITUDE_IOU_ONLY,0.4528357669628632,0.3437968632753303,
73,OVERALL,SOURCE_STATE,0.5270134500081024,0.35465039025601985,
73,OVERALL,SOURCE_PLUS_SIMPLE_MASK_CHANGE,0.4708410306271269,0.30467574055532887,
73,OVERALL,FROZEN_FULL_TRANSITION_SAFETTA,0.6231534597309998,0.4197554293472768,
73,OVERALL,CHANGE_MAGNITUDE_ONLY,0.4733171285042943,0.3323111313267163,
73,OVERALL,CHANGE_MAGNITUDE_IOU_ONLY,0.4733171285042943,0.3323111313267163,
74,OVERALL,SOURCE_STATE,0.5451390157465931,0.3829882267410578,
74,OVERALL,SOURCE_PLUS_SIMPLE_MASK_CHANGE,0.48502064228563074,0.35606736830890695,
74,OVERALL,FROZEN_FULL_TRANSITION_SAFETTA,0.6530999963464981,0.48319780158487535,
74,OVERALL,CHANGE_MAGNITUDE_ONLY,0.4959111224775614,0.3793559248670001,
74,OVERALL,CHANGE_MAGNITUDE_IOU_ONLY,0.4959111224775614,0.3793559248670001,
75,OVERALL,SOURCE_STATE,0.5178195245040165,0.3745635338971456,
75,OVERALL,SOURCE_PLUS_SIMPLE_MASK_CHANGE,0.4788006111535523,0.37912239936329695,
75,OVERALL,FROZEN_FULL_TRANSITION_SAFETTA,0.6547619047619047,0.518231201999651,
75,OVERALL,CHANGE_MAGNITUDE_ONLY,0.5108398731393383,0.3933305733854575,
75,OVERALL,CHANGE_MAGNITUDE_IOU_ONLY,0.5108398731393383,0.3933305733854575,
76,OVERALL,SOURCE_STATE,0.5014209235413424,0.34825887189170435,
76,OVERALL,SOURCE_PLUS_SIMPLE_MASK_CHANGE,0.47603297014291773,0.32537929760164697,
76,OVERALL,FROZEN_FULL_TRANSITION_SAFETTA,0.638248195839819,0.4663295272345732,
76,OVERALL,CHANGE_MAGNITUDE_ONLY,0.5032221357483138,0.37596771192374856,
76,OVERALL,CHANGE_MAGNITUDE_IOU_ONLY,0.5032221357483138,0.37596771192374856,
77,OVERALL,SOURCE_STATE,0.48360241198210463,0.30646504306082367,
77,OVERALL,SOURCE_PLUS_SIMPLE_MASK_CHANGE,0.45358231213123257,0.30032124104567676,
77,OVERALL,FROZEN_FULL_TRANSITION_SAFETTA,0.5997211956169357,0.4124478882590312,
77,OVERALL,CHANGE_MAGNITUDE_ONLY,0.5396907216494845,0.3696677387702391,
77,OVERALL,CHANGE_MAGNITUDE_IOU_ONLY,0.5396907216494845,0.3696677387702391,
78,OVERALL,SOURCE_STATE,0.5329468333876491,0.42787300893557934,
78,OVERALL,SOURCE_PLUS_SIMPLE_MASK_CHANGE,0.46407437265227014,0.3838550355726522,
78,OVERALL,FROZEN_FULL_TRANSITION_SAFETTA,0.6105727174491004,0.4971116075185807,
78,OVERALL,CHANGE_MAGNITUDE_ONLY,0.5121238629411731,0.4292220761686287,
78,OVERALL,CHANGE_MAGNITUDE_IOU_ONLY,0.5121238629411731,0.4292220761686287,
79,OVERALL,SOURCE_STATE,0.5372629552382481,0.3515917054315767,
79,OVERALL,SOURCE_PLUS_SIMPLE_MASK_CHANGE,0.46230065778918655,0.3106824584336121,
79,OVERALL,FROZEN_FULL_TRANSITION_SAFETTA,0.6531493662762714,0.467652156128869,
79,OVERALL,CHANGE_MAGNITUDE_ONLY,0.5216300336916413,0.3680331246685987,
79,OVERALL,CHANGE_MAGNITUDE_IOU_ONLY,0.5216300336916413,0.3680331246685987,
80,OVERALL,SOURCE_STATE,0.504829210836278,0.32304925941420726,
80,OVERALL,SOURCE_PLUS_SIMPLE_MASK_CHANGE,0.47444655854549844,0.31019870988293874,
80,OVERALL,FROZEN_FULL_TRANSITION_SAFETTA,0.694047295460723,0.5166378182011431,
80,OVERALL,CHANGE_MAGNITUDE_ONLY,0.44422699405031557,0.31032845490597877,
80,OVERALL,CHANGE_MAGNITUDE_IOU_ONLY,0.44422699405031557,0.31032845490597877,
81,OVERALL,SOURCE_STATE,0.5639211371626578,0.37920508319816176,
81,OVERALL,SOURCE_PLUS_SIMPLE_MASK_CHANGE,0.5192098540607533,0.3470339509631258,
81,OVERALL,FROZEN_FULL_TRANSITION_SAFETTA,0.6572704049371475,0.4634440426045775,
81,OVERALL,CHANGE_MAGNITUDE_ONLY,0.5036231884057971,0.3327825497056587,
81,OVERALL,CHANGE_MAGNITUDE_IOU_ONLY,0.5036231884057971,0.3327825497056587,
82,OVERALL,SOURCE_STATE,0.5291392638744663,0.3974181573493182,
82,OVERALL,SOURCE_PLUS_SIMPLE_MASK_CHANGE,0.4734048690434984,0.3786221992044436,
82,OVERALL,FROZEN_FULL_TRANSITION_SAFETTA,0.6419522326064382,0.5043853394007566,
82,OVERALL,CHANGE_MAGNITUDE_ONLY,0.4877062420676128,0.3889774596640634,
82,OVERALL,CHANGE_MAGNITUDE_IOU_ONLY,0.4877062420676128,0.3889774596640634,
83,OVERALL,SOURCE_STATE,0.5255573401863155,0.3620551316175703,
83,OVERALL,SOURCE_PLUS_SIMPLE_MASK_CHANGE,0.45072277545775774,0.32653732712248984,
83,OVERALL,FROZEN_FULL_TRANSITION_SAFETTA,0.6620815933183424,0.48831118387994393,
83,OVERALL,CHANGE_MAGNITUDE_ONLY,0.5152714423385801,0.3961088235926641,
83,OVERALL,CHANGE_MAGNITUDE_IOU_ONLY,0.5152714423385801,0.3961088235926641,
84,OVERALL,SOURCE_STATE,0.5064100225019765,0.37092140532962126,
84,OVERALL,SOURCE_PLUS_SIMPLE_MASK_CHANGE,0.5092440552210666,0.3864424279373303,
84,OVERALL,FROZEN_FULL_TRANSITION_SAFETTA,0.6453749315818281,0.5216331794829184,
84,OVERALL,CHANGE_MAGNITUDE_ONLY,0.5210727969348659,0.40175456957419386,
84,OVERALL,CHANGE_MAGNITUDE_IOU_ONLY,0.5210727969348659,0.40175456957419386,
85,OVERALL,SOURCE_STATE,0.5466208476517755,0.4000295102101531,
85,OVERALL,SOURCE_PLUS_SIMPLE_MASK_CHANGE,0.4878388697976327,0.3524206805488044,
85,OVERALL,FROZEN_FULL_TRANSITION_SAFETTA,0.6491154384625174,0.4734281843357093,
85,OVERALL,CHANGE_MAGNITUDE_ONLY,0.501508209240168,0.3732232328833143,
85,OVERALL,CHANGE_MAGNITUDE_IOU_ONLY,0.501508209240168,0.3732232328833143,
86,OVERALL,SOURCE_STATE,0.5059865246289721,0.4018367732001201,
86,OVERALL,SOURCE_PLUS_SIMPLE_MASK_CHANGE,0.47976418100701085,0.37821105246537434,
86,OVERALL,FROZEN_FULL_TRANSITION_SAFETTA,0.6265706091231904,0.5014970091826392,
86,OVERALL,CHANGE_MAGNITUDE_ONLY,0.49200468906491857,0.4079258774130166,
86,OVERALL,CHANGE_MAGNITUDE_IOU_ONLY,0.49200468906491857,0.4079258774130166,
87,OVERALL,SOURCE_STATE,0.5314490397929084,0.38217583926282916,
87,OVERALL,SOURCE_PLUS_SIMPLE_MASK_CHANGE,0.4797483595207994,0.337062323197861,
87,OVERALL,FROZEN_FULL_TRANSITION_SAFETTA,0.6250195653482632,0.46132763010362887,
87,OVERALL,CHANGE_MAGNITUDE_ONLY,0.4954156883992535,0.36570390034667605,
87,OVERALL,CHANGE_MAGNITUDE_IOU_ONLY,0.4954156883992535,0.36570390034667605,
88,OVERALL,SOURCE_STATE,0.5460769632201121,0.42164259110593183,
88,OVERALL,SOURCE_PLUS_SIMPLE_MASK_CHANGE,0.47533637374356186,0.3637521887877686,
88,OVERALL,FROZEN_FULL_TRANSITION_SAFETTA,0.6423320400245048,0.5022458125434669,
88,OVERALL,CHANGE_MAGNITUDE_ONLY,0.46155809679395554,0.37787510905174226,
88,OVERALL,CHANGE_MAGNITUDE_IOU_ONLY,0.46155809679395554,0.37787510905174226,
89,OVERALL,SOURCE_STATE,0.49159095734575975,0.3641175538760508,
89,OVERALL,SOURCE_PLUS_SIMPLE_MASK_CHANGE,0.47967302513214205,0.36781823391235174,
89,OVERALL,FROZEN_FULL_TRANSITION_SAFETTA,0.6229452322683742,0.4696431227214138,
89,OVERALL,CHANGE_MAGNITUDE_ONLY,0.497264965860963,0.39839884922542707,
89,OVERALL,CHANGE_MAGNITUDE_IOU_ONLY,0.497264965860963,0.39839884922542707,
90,OVERALL,SOURCE_STATE,0.5230365242301266,0.36044714969033226,
90,OVERALL,SOURCE_PLUS_SIMPLE_MASK_CHANGE,0.5102530436858439,0.35819129927178317,
90,OVERALL,FROZEN_FULL_TRANSITION_SAFETTA,0.6498269276677011,0.46036461139491613,
90,OVERALL,CHANGE_MAGNITUDE_ONLY,0.4744390069228933,0.336525551918617,
90,OVERALL,CHANGE_MAGNITUDE_IOU_ONLY,0.4744390069228933,0.336525551918617,
91,OVERALL,SOURCE_STATE,0.528626533922543,0.36999638349244074,
91,OVERALL,SOURCE_PLUS_SIMPLE_MASK_CHANGE,0.5098784325188713,0.37819901534282574,
91,OVERALL,FROZEN_FULL_TRANSITION_SAFETTA,0.6563211078058817,0.48400726355815404,
91,OVERALL,CHANGE_MAGNITUDE_ONLY,0.47837749540038166,0.35166121356521646,
91,OVERALL,CHANGE_MAGNITUDE_IOU_ONLY,0.47837749540038166,0.35166121356521646,
92,OVERALL,SOURCE_STATE,0.5113263384449825,0.3504359787925103,
92,OVERALL,SOURCE_PLUS_SIMPLE_MASK_CHANGE,0.47131796849310975,0.3398482739398385,
92,OVERALL,FROZEN_FULL_TRANSITION_SAFETTA,0.6170866588945685,0.43479769923776884,
92,OVERALL,CHANGE_MAGNITUDE_ONLY,0.46985920545242577,0.3450531186666085,
92,OVERALL,CHANGE_MAGNITUDE_IOU_ONLY,0.46985920545242577,0.3450531186666085,
93,OVERALL,SOURCE_STATE,0.5693294361014664,0.382161385713786,
93,OVERALL,SOURCE_PLUS_SIMPLE_MASK_CHANGE,0.5252231856819444,0.36024816295844697,
93,OVERALL,FROZEN_FULL_TRANSITION_SAFETTA,0.7097030089640403,0.517995489588392,
93,OVERALL,CHANGE_MAGNITUDE_ONLY,0.4693703204232442,0.3128728442713693,
93,OVERALL,CHANGE_MAGNITUDE_IOU_ONLY,0.4693703204232442,0.3128728442713693,
94,OVERALL,SOURCE_STATE,0.5298794040624106,0.3453123486361313,
94,OVERALL,SOURCE_PLUS_SIMPLE_MASK_CHANGE,0.49064721286943513,0.33021784043641145,
94,OVERALL,FROZEN_FULL_TRANSITION_SAFETTA,0.6392905085715542,0.43880624199739693,
94,OVERALL,CHANGE_MAGNITUDE_ONLY,0.49523007856341195,0.3407908858404617,
94,OVERALL,CHANGE_MAGNITUDE_IOU_ONLY,0.49523007856341195,0.3407908858404617,
95,OVERALL,SOURCE_STATE,0.5150218765192027,0.3188323263681084,
95,OVERALL,SOURCE_PLUS_SIMPLE_MASK_CHANGE,0.4461578350348404,0.2752115379605602,
95,OVERALL,FROZEN_FULL_TRANSITION_SAFETTA,0.6028844595689515,0.40427231026162275,
95,OVERALL,CHANGE_MAGNITUDE_ONLY,0.5171544320207422,0.35325927245870326,
95,OVERALL,CHANGE_MAGNITUDE_IOU_ONLY,0.5171544320207422,0.35325927245870326,
96,OVERALL,SOURCE_STATE,0.5354027617951669,0.38410283546195373,
96,OVERALL,SOURCE_PLUS_SIMPLE_MASK_CHANGE,0.47886075949367085,0.3655697202692738,
96,OVERALL,FROZEN_FULL_TRANSITION_SAFETTA,0.6524971231300345,0.5093652300116861,
96,OVERALL,CHANGE_MAGNITUDE_ONLY,0.460506329113924,0.35424557035427856,
96,OVERALL,CHANGE_MAGNITUDE_IOU_ONLY,0.460506329113924,0.35424557035427856,
97,OVERALL,SOURCE_STATE,0.48948351786990923,0.3413627720298757,
97,OVERALL,SOURCE_PLUS_SIMPLE_MASK_CHANGE,0.4861973049449394,0.3595991413426019,
97,OVERALL,FROZEN_FULL_TRANSITION_SAFETTA,0.6241461553711858,0.46179392838127503,
97,OVERALL,CHANGE_MAGNITUDE_ONLY,0.5105975861053871,0.38743250745571955,
97,OVERALL,CHANGE_MAGNITUDE_IOU_ONLY,0.5105975861053871,0.38743250745571955,
98,OVERALL,SOURCE_STATE,0.5251522512056888,0.36441483557663334,
98,OVERALL,SOURCE_PLUS_SIMPLE_MASK_CHANGE,0.4641696295514017,0.3333266770369195,
98,OVERALL,FROZEN_FULL_TRANSITION_SAFETTA,0.6429049178019504,0.4625375791811477,
98,OVERALL,CHANGE_MAGNITUDE_ONLY,0.47406742469579094,0.35054957524355335,
98,OVERALL,CHANGE_MAGNITUDE_IOU_ONLY,0.47406742469579094,0.35054957524355335,
99,OVERALL,SOURCE_STATE,0.5227162293488824,0.35196883631157067,
99,OVERALL,SOURCE_PLUS_SIMPLE_MASK_CHANGE,0.5014455782312925,0.36934448211888077,
99,OVERALL,FROZEN_FULL_TRANSITION_SAFETTA,0.6486030126336249,0.4817629991152641,
99,OVERALL,CHANGE_MAGNITUDE_ONLY,0.5157798833819242,0.3733820840971954,
99,OVERALL,CHANGE_MAGNITUDE_IOU_ONLY,0.5157798833819242,0.3733820840971954,
100,OVERALL,SOURCE_STATE,0.5054937636078245,0.37649454460733983,
100,OVERALL,SOURCE_PLUS_SIMPLE_MASK_CHANGE,0.47317254299650624,0.3765579067372291,
100,OVERALL,FROZEN_FULL_TRANSITION_SAFETTA,0.6315324590569742,0.5151760412412074,
100,OVERALL,CHANGE_MAGNITUDE_ONLY,0.48116705204588545,0.3964829854110486,
100,OVERALL,CHANGE_MAGNITUDE_IOU_ONLY,0.48116705204588545,0.3964829854110486,
101,OVERALL,SOURCE_STATE,0.5504121968886897,0.4169292270101177,
101,OVERALL,SOURCE_PLUS_SIMPLE_MASK_CHANGE,0.4704563485219551,0.3616162745580793,
101,OVERALL,FROZEN_FULL_TRANSITION_SAFETTA,0.6422395456061076,0.5087963724272675,
101,OVERALL,CHANGE_MAGNITUDE_ONLY,0.45581962218159666,0.3596555237798811,
101,OVERALL,CHANGE_MAGNITUDE_IOU_ONLY,0.45581962218159666,0.3596555237798811,
102,OVERALL,SOURCE_STATE,0.5109367972852211,0.3738480592517801,
102,OVERALL,SOURCE_PLUS_SIMPLE_MASK_CHANGE,0.48031376488660193,0.36416296179165264,
102,OVERALL,FROZEN_FULL_TRANSITION_SAFETTA,0.6397194105518921,0.4905297977046633,
102,OVERALL,CHANGE_MAGNITUDE_ONLY,0.498028748152864,0.380552914232673,
102,OVERALL,CHANGE_MAGNITUDE_IOU_ONLY,0.498028748152864,0.380552914232673,
103,OVERALL,SOURCE_STATE,0.5332150324156227,0.4145706120223321,
103,OVERALL,SOURCE_PLUS_SIMPLE_MASK_CHANGE,0.4522901769242933,0.36275325356747745,
103,OVERALL,FROZEN_FULL_TRANSITION_SAFETTA,0.6179700265298593,0.4720026055851773,
103,OVERALL,CHANGE_MAGNITUDE_ONLY,0.4507089270341023,0.37625838717942683,
103,OVERALL,CHANGE_MAGNITUDE_IOU_ONLY,0.4507089270341023,0.37625838717942683,
104,OVERALL,SOURCE_STATE,0.5272212065813529,0.3681862088457982,
104,OVERALL,SOURCE_PLUS_SIMPLE_MASK_CHANGE,0.48871419865935406,0.3507460270382326,
104,OVERALL,FROZEN_FULL_TRANSITION_SAFETTA,0.635551492992078,0.45185155932260956,
104,OVERALL,CHANGE_MAGNITUDE_ONLY,0.4949512492382694,0.37064879553502783,
104,OVERALL,CHANGE_MAGNITUDE_IOU_ONLY,0.4949512492382694,0.37064879553502783,
105,OVERALL,SOURCE_STATE,0.5566962020375503,0.37515693793726285,
105,OVERALL,SOURCE_PLUS_SIMPLE_MASK_CHANGE,0.4952509205407445,0.32984116594078083,
105,OVERALL,FROZEN_FULL_TRANSITION_SAFETTA,0.6549305853728352,0.4918397309765855,
105,OVERALL,CHANGE_MAGNITUDE_ONLY,0.5043457329846337,0.34766769467083947,
105,OVERALL,CHANGE_MAGNITUDE_IOU_ONLY,0.5043457329846337,0.34766769467083947,
106,OVERALL,SOURCE_STATE,0.4397353108146466,0.32555611246471017,
106,OVERALL,SOURCE_PLUS_SIMPLE_MASK_CHANGE,0.4624432302015328,0.3615498598617707,
106,OVERALL,FROZEN_FULL_TRANSITION_SAFETTA,0.609151764594569,0.47391573710986057,
106,OVERALL,CHANGE_MAGNITUDE_ONLY,0.49380558709433253,0.38679891428894175,
106,OVERALL,CHANGE_MAGNITUDE_IOU_ONLY,0.49380558709433253,0.38679891428894175,
107,OVERALL,SOURCE_STATE,0.5269721441947566,0.39441243943850934,
107,OVERALL,SOURCE_PLUS_SIMPLE_MASK_CHANGE,0.48748829588014986,0.37481554745706647,
107,OVERALL,FROZEN_FULL_TRANSITION_SAFETTA,0.6455173220973783,0.530685467749599,
107,OVERALL,CHANGE_MAGNITUDE_ONLY,0.5345095973782772,0.41949971208272946,
107,OVERALL,CHANGE_MAGNITUDE_IOU_ONLY,0.5345095973782772,0.41949971208272946,
108,OVERALL,SOURCE_STATE,0.5326541936573421,0.3838643582405518,
108,OVERALL,SOURCE_PLUS_SIMPLE_MASK_CHANGE,0.4866283067347013,0.35329880922197837,
108,OVERALL,FROZEN_FULL_TRANSITION_SAFETTA,0.647908901193018,0.48544503428219316,
108,OVERALL,CHANGE_MAGNITUDE_ONLY,0.47344660369847646,0.3558813613752897,
108,OVERALL,CHANGE_MAGNITUDE_IOU_ONLY,0.47344660369847646,0.3558813613752897,
109,OVERALL,SOURCE_STATE,0.5146222657366473,0.349669782887704,
109,OVERALL,SOURCE_PLUS_SIMPLE_MASK_CHANGE,0.472698414628955,0.3319362727300505,
109,OVERALL,FROZEN_FULL_TRANSITION_SAFETTA,0.6098661526018451,0.4328181032040534,
109,OVERALL,CHANGE_MAGNITUDE_ONLY,0.5152607926247104,0.37646667477689444,
109,OVERALL,CHANGE_MAGNITUDE_IOU_ONLY,0.5152607926247104,0.37646667477689444,
110,OVERALL,SOURCE_STATE,0.5200675435478137,0.34894858985424576,
110,OVERALL,SOURCE_PLUS_SIMPLE_MASK_CHANGE,0.47752695817039936,0.3251118856382518,
110,OVERALL,FROZEN_FULL_TRANSITION_SAFETTA,0.6467531698068492,0.4695953337510936,
110,OVERALL,CHANGE_MAGNITUDE_ONLY,0.46991053442350983,0.3235344639787434,
110,OVERALL,CHANGE_MAGNITUDE_IOU_ONLY,0.46991053442350983,0.3235344639787434,
111,OVERALL,SOURCE_STATE,0.48477978257729437,0.3564481049106935,
111,OVERALL,SOURCE_PLUS_SIMPLE_MASK_CHANGE,0.4867078233236408,0.35793388663362513,
111,OVERALL,FROZEN_FULL_TRANSITION_SAFETTA,0.5976989116304191,0.4542150392324056,
111,OVERALL,CHANGE_MAGNITUDE_ONLY,0.5259060849468375,0.40206290393378374,
111,OVERALL,CHANGE_MAGNITUDE_IOU_ONLY,0.5259060849468375,0.40206290393378374,
112,OVERALL,SOURCE_STATE,0.5353730119691753,0.3774776362135148,
112,OVERALL,SOURCE_PLUS_SIMPLE_MASK_CHANGE,0.4954254795868175,0.3714852651942488,
112,OVERALL,FROZEN_FULL_TRANSITION_SAFETTA,0.6443482538121004,0.47758752952476735,
112,OVERALL,CHANGE_MAGNITUDE_ONLY,0.508903098868667,0.3706592303956222,
112,OVERALL,CHANGE_MAGNITUDE_IOU_ONLY,0.508903098868667,0.3706592303956222,
113,OVERALL,SOURCE_STATE,0.515669095059366,0.3455527686276048,
113,OVERALL,SOURCE_PLUS_SIMPLE_MASK_CHANGE,0.5039321791370215,0.34850006087682894,
113,OVERALL,FROZEN_FULL_TRANSITION_SAFETTA,0.6442187029770997,0.44152486592639856,
113,OVERALL,CHANGE_MAGNITUDE_ONLY,0.5099936971569067,0.3601711727238813,
113,OVERALL,CHANGE_MAGNITUDE_IOU_ONLY,0.5099936971569067,0.3601711727238813,
114,OVERALL,SOURCE_STATE,0.513174442690866,0.3592144162520483,
114,OVERALL,SOURCE_PLUS_SIMPLE_MASK_CHANGE,0.49282402840797,0.36245409777148785,
114,OVERALL,FROZEN_FULL_TRANSITION_SAFETTA,0.6474279936871177,0.5028132291690135,
114,OVERALL,CHANGE_MAGNITUDE_ONLY,0.5004592868415861,0.3637758766064767,
114,OVERALL,CHANGE_MAGNITUDE_IOU_ONLY,0.5004592868415861,0.3637758766064767,
115,OVERALL,SOURCE_STATE,0.5160092999103054,0.36612986416993804,
115,OVERALL,SOURCE_PLUS_SIMPLE_MASK_CHANGE,0.45828612566680826,0.3361824429761742,
115,OVERALL,FROZEN_FULL_TRANSITION_SAFETTA,0.6393393287069821,0.46218733654776767,
115,OVERALL,CHANGE_MAGNITUDE_ONLY,0.4766823632157862,0.3635020729934455,
115,OVERALL,CHANGE_MAGNITUDE_IOU_ONLY,0.4766823632157862,0.3635020729934455,
116,OVERALL,SOURCE_STATE,0.5177065578182471,0.37340528574882714,
116,OVERALL,SOURCE_PLUS_SIMPLE_MASK_CHANGE,0.45299744325827573,0.32718883210688576,
116,OVERALL,FROZEN_FULL_TRANSITION_SAFETTA,0.5956759666277922,0.42804810075168115,
116,OVERALL,CHANGE_MAGNITUDE_ONLY,0.4527787745581771,0.34951164055263434,
116,OVERALL,CHANGE_MAGNITUDE_IOU_ONLY,0.4527787745581771,0.34951164055263434,
117,OVERALL,SOURCE_STATE,0.5369250124950451,0.36902597730966713,
117,OVERALL,SOURCE_PLUS_SIMPLE_MASK_CHANGE,0.4622132602588629,0.3269281636868026,
117,OVERALL,FROZEN_FULL_TRANSITION_SAFETTA,0.6239135055638856,0.44603516716820235,
117,OVERALL,CHANGE_MAGNITUDE_ONLY,0.4953007140846446,0.3759971263117955,
117,OVERALL,CHANGE_MAGNITUDE_IOU_ONLY,0.4953007140846446,0.3759971263117955,
118,OVERALL,SOURCE_STATE,0.4987996045756249,0.3254571345122176,
118,OVERALL,SOURCE_PLUS_SIMPLE_MASK_CHANGE,0.44853598832556607,0.31723340267773104,
118,OVERALL,FROZEN_FULL_TRANSITION_SAFETTA,0.6316727863296145,0.4422042561775523,
118,OVERALL,CHANGE_MAGNITUDE_ONLY,0.4764569505248788,0.3597799033076955,
118,OVERALL,CHANGE_MAGNITUDE_IOU_ONLY,0.4764569505248788,0.3597799033076955,
119,OVERALL,SOURCE_STATE,0.5855065360453787,0.40843139699197606,
119,OVERALL,SOURCE_PLUS_SIMPLE_MASK_CHANGE,0.5083590850134188,0.34332366877059134,
119,OVERALL,FROZEN_FULL_TRANSITION_SAFETTA,0.6731738223462818,0.4849627384885066,
119,OVERALL,CHANGE_MAGNITUDE_ONLY,0.46393967830821925,0.31889059387650076,
119,OVERALL,CHANGE_MAGNITUDE_IOU_ONLY,0.46393967830821925,0.31889059387650076,
120,OVERALL,SOURCE_STATE,0.5134937869465557,0.3713824876359578,
120,OVERALL,SOURCE_PLUS_SIMPLE_MASK_CHANGE,0.46278200024128363,0.3408747332788531,
120,OVERALL,FROZEN_FULL_TRANSITION_SAFETTA,0.6125527807938231,0.44926719395552966,
120,OVERALL,CHANGE_MAGNITUDE_ONLY,0.4836801785498854,0.38379320309528536,
120,OVERALL,CHANGE_MAGNITUDE_IOU_ONLY,0.4836801785498854,0.38379320309528536,
121,OVERALL,SOURCE_STATE,0.5679484117506568,0.4261786440442306,
121,OVERALL,SOURCE_PLUS_SIMPLE_MASK_CHANGE,0.5231555722360595,0.39318128522018736,
121,OVERALL,FROZEN_FULL_TRANSITION_SAFETTA,0.6951107168446553,0.5394357201666062,
121,OVERALL,CHANGE_MAGNITUDE_ONLY,0.49051485891705615,0.3629855115469457,
121,OVERALL,CHANGE_MAGNITUDE_IOU_ONLY,0.49051485891705615,0.3629855115469457,
122,OVERALL,SOURCE_STATE,0.5543555508953433,0.35980582223114393,
122,OVERALL,SOURCE_PLUS_SIMPLE_MASK_CHANGE,0.499679610406254,0.33406404830859027,
122,OVERALL,FROZEN_FULL_TRANSITION_SAFETTA,0.6555578856616918,0.44807819116989195,
122,OVERALL,CHANGE_MAGNITUDE_ONLY,0.4744154346230471,0.32228849705284135,
122,OVERALL,CHANGE_MAGNITUDE_IOU_ONLY,0.4744154346230471,0.32228849705284135,
123,OVERALL,SOURCE_STATE,0.5354866365974578,0.3611117963028656,
123,OVERALL,SOURCE_PLUS_SIMPLE_MASK_CHANGE,0.4756899143897317,0.3188393327647632,
123,OVERALL,FROZEN_FULL_TRANSITION_SAFETTA,0.6473701867521529,0.4509227260704659,
123,OVERALL,CHANGE_MAGNITUDE_ONLY,0.49286166921385177,0.34797292837918586,
123,OVERALL,CHANGE_MAGNITUDE_IOU_ONLY,0.49286166921385177,0.34797292837918586,
124,OVERALL,SOURCE_STATE,0.5014999362961419,0.375793488481229,
124,OVERALL,SOURCE_PLUS_SIMPLE_MASK_CHANGE,0.44041951886213326,0.33746591198882037,
124,OVERALL,FROZEN_FULL_TRANSITION_SAFETTA,0.6023721000266399,0.46404258098166545,
124,OVERALL,CHANGE_MAGNITUDE_ONLY,0.48472555219662483,0.41012918495247824,
124,OVERALL,CHANGE_MAGNITUDE_IOU_ONLY,0.48472555219662483,0.41012918495247824,
125,OVERALL,SOURCE_STATE,0.4824668762631934,0.3389142225074163,
125,OVERALL,SOURCE_PLUS_SIMPLE_MASK_CHANGE,0.4137884572198518,0.30690250368564964,
125,OVERALL,FROZEN_FULL_TRANSITION_SAFETTA,0.597821693240512,0.4214478195476027,
125,OVERALL,CHANGE_MAGNITUDE_ONLY,0.4775881428250617,0.37262163291914907,
125,OVERALL,CHANGE_MAGNITUDE_IOU_ONLY,0.4775881428250617,0.37262163291914907,
126,OVERALL,SOURCE_STATE,0.5227991021705084,0.39784747881515403,
126,OVERALL,SOURCE_PLUS_SIMPLE_MASK_CHANGE,0.4670013738826602,0.35374493643806376,
126,OVERALL,FROZEN_FULL_TRANSITION_SAFETTA,0.6239632274369455,0.4999825669837149,
126,OVERALL,CHANGE_MAGNITUDE_ONLY,0.4945355654686183,0.38659933625705156,
126,OVERALL,CHANGE_MAGNITUDE_IOU_ONLY,0.4945355654686183,0.38659933625705156,
127,OVERALL,SOURCE_STATE,0.5352050795943546,0.3491142129782996,
127,OVERALL,SOURCE_PLUS_SIMPLE_MASK_CHANGE,0.46864674550871177,0.31894688084821904,
127,OVERALL,FROZEN_FULL_TRANSITION_SAFETTA,0.6481538322650536,0.44137135378406317,
127,OVERALL,CHANGE_MAGNITUDE_ONLY,0.47479161024344735,0.3367085581002054,
127,OVERALL,CHANGE_MAGNITUDE_IOU_ONLY,0.47479161024344735,0.3367085581002054,
128,OVERALL,SOURCE_STATE,0.5599597848848278,0.406913866020324,
128,OVERALL,SOURCE_PLUS_SIMPLE_MASK_CHANGE,0.5233854464115743,0.3781138126272784,
128,OVERALL,FROZEN_FULL_TRANSITION_SAFETTA,0.68368075385494,0.5288301659358918,
128,OVERALL,CHANGE_MAGNITUDE_ONLY,0.4770220588235294,0.34788473766593353,
128,OVERALL,CHANGE_MAGNITUDE_IOU_ONLY,0.4770220588235294,0.34788473766593353,
129,OVERALL,SOURCE_STATE,0.5081639051684634,0.3733823201896289,
129,OVERALL,SOURCE_PLUS_SIMPLE_MASK_CHANGE,0.46118828835347175,0.34595466373414485,
129,OVERALL,FROZEN_FULL_TRANSITION_SAFETTA,0.6476195644309384,0.49676288252926815,
129,OVERALL,CHANGE_MAGNITUDE_ONLY,0.47038624798012685,0.3643152932270125,
129,OVERALL,CHANGE_MAGNITUDE_IOU_ONLY,0.47038624798012685,0.3643152932270125,
130,OVERALL,SOURCE_STATE,0.5118080690877393,0.403087295501444,
130,OVERALL,SOURCE_PLUS_SIMPLE_MASK_CHANGE,0.49471508812034937,0.39635931021397436,
130,OVERALL,FROZEN_FULL_TRANSITION_SAFETTA,0.6327808854175687,0.524693910816777,
130,OVERALL,CHANGE_MAGNITUDE_ONLY,0.5198725386626951,0.4388221226160417,
130,OVERALL,CHANGE_MAGNITUDE_IOU_ONLY,0.5198725386626951,0.4388221226160417,
131,OVERALL,SOURCE_STATE,0.5435981024996751,0.41774600823799457,
131,OVERALL,SOURCE_PLUS_SIMPLE_MASK_CHANGE,0.48394922670363466,0.3922906587761351,
131,OVERALL,FROZEN_FULL_TRANSITION_SAFETTA,0.6625059567647186,0.5516793133486837,
131,OVERALL,CHANGE_MAGNITUDE_ONLY,0.5092167395919074,0.4064532293814863,
131,OVERALL,CHANGE_MAGNITUDE_IOU_ONLY,0.5092167395919074,0.4064532293814863,
132,OVERALL,SOURCE_STATE,0.5712384185257088,0.4576226212095369,
132,OVERALL,SOURCE_PLUS_SIMPLE_MASK_CHANGE,0.5047139651945455,0.40355161858179994,
132,OVERALL,FROZEN_FULL_TRANSITION_SAFETTA,0.6549505353343951,0.5376290054294381,
132,OVERALL,CHANGE_MAGNITUDE_ONLY,0.5095267434696179,0.409886119982727,
132,OVERALL,CHANGE_MAGNITUDE_IOU_ONLY,0.5095267434696179,0.409886119982727,
133,OVERALL,SOURCE_STATE,0.5533274025749376,0.366255791939429,
133,OVERALL,SOURCE_PLUS_SIMPLE_MASK_CHANGE,0.5011243729458571,0.3450304572777329,
133,OVERALL,FROZEN_FULL_TRANSITION_SAFETTA,0.617972669088393,0.4418029325548491,
133,OVERALL,CHANGE_MAGNITUDE_ONLY,0.5081053698074975,0.35295723660678874,
133,OVERALL,CHANGE_MAGNITUDE_IOU_ONLY,0.5081053698074975,0.35295723660678874,
134,OVERALL,SOURCE_STATE,0.5022029749576351,0.3401004516023669,
134,OVERALL,SOURCE_PLUS_SIMPLE_MASK_CHANGE,0.4853135002824327,0.3365626670202917,
134,OVERALL,FROZEN_FULL_TRANSITION_SAFETTA,0.6602020962781648,0.4998202385945242,
134,OVERALL,CHANGE_MAGNITUDE_ONLY,0.5155149689324044,0.3749751690625559,
134,OVERALL,CHANGE_MAGNITUDE_IOU_ONLY,0.5155149689324044,0.3749751690625559,
135,OVERALL,SOURCE_STATE,0.5448296036273219,0.40354570558639513,
135,OVERALL,SOURCE_PLUS_SIMPLE_MASK_CHANGE,0.5152619795006808,0.3753129869714489,
135,OVERALL,FROZEN_FULL_TRANSITION_SAFETTA,0.6533736119080569,0.47856022007494636,
135,OVERALL,CHANGE_MAGNITUDE_ONLY,0.4796328799180928,0.35654510259692107,
135,OVERALL,CHANGE_MAGNITUDE_IOU_ONLY,0.4796328799180928,0.35654510259692107,
136,OVERALL,SOURCE_STATE,0.5523160699261476,0.4097057067003945,
136,OVERALL,SOURCE_PLUS_SIMPLE_MASK_CHANGE,0.4732927456296159,0.3392337367547052,
136,OVERALL,FROZEN_FULL_TRANSITION_SAFETTA,0.6186255492194074,0.4458284386511579,
136,OVERALL,CHANGE_MAGNITUDE_ONLY,0.475179956997289,0.36057124884989555,
136,OVERALL,CHANGE_MAGNITUDE_IOU_ONLY,0.475179956997289,0.36057124884989555,
137,OVERALL,SOURCE_STATE,0.5589921368447628,0.4205239084241789,
137,OVERALL,SOURCE_PLUS_SIMPLE_MASK_CHANGE,0.4935376809541696,0.36631226001580075,
137,OVERALL,FROZEN_FULL_TRANSITION_SAFETTA,0.6585038453723147,0.5163902708414561,
137,OVERALL,CHANGE_MAGNITUDE_ONLY,0.4972906904429105,0.38181355594885724,
137,OVERALL,CHANGE_MAGNITUDE_IOU_ONLY,0.4972906904429105,0.38181355594885724,
138,OVERALL,SOURCE_STATE,0.49360673631685636,0.32291878734502244,
138,OVERALL,SOURCE_PLUS_SIMPLE_MASK_CHANGE,0.47337739447516464,0.31615879995409785,
138,OVERALL,FROZEN_FULL_TRANSITION_SAFETTA,0.6169259556909643,0.42341422831504616,
138,OVERALL,CHANGE_MAGNITUDE_ONLY,0.4865657498590603,0.34500809584144615,
138,OVERALL,CHANGE_MAGNITUDE_IOU_ONLY,0.4865657498590603,0.34500809584144615,
139,OVERALL,SOURCE_STATE,0.5150409150083689,0.36124888248664044,
139,OVERALL,SOURCE_PLUS_SIMPLE_MASK_CHANGE,0.45402873349451367,0.3291816258337159,
139,OVERALL,FROZEN_FULL_TRANSITION_SAFETTA,0.6505544448577274,0.4924874413816023,
139,OVERALL,CHANGE_MAGNITUDE_ONLY,0.5202308443369908,0.3920225651525604,
139,OVERALL,CHANGE_MAGNITUDE_IOU_ONLY,0.5202308443369908,0.3920225651525604,
140,OVERALL,SOURCE_STATE,0.527579373964444,0.38459206088396347,
140,OVERALL,SOURCE_PLUS_SIMPLE_MASK_CHANGE,0.5112343826966997,0.38967559326906637,
140,OVERALL,FROZEN_FULL_TRANSITION_SAFETTA,0.6419607272401594,0.4780735435300511,
140,OVERALL,CHANGE_MAGNITUDE_ONLY,0.48177421521651514,0.37365641905741415,
140,OVERALL,CHANGE_MAGNITUDE_IOU_ONLY,0.48177421521651514,0.37365641905741415,
141,OVERALL,SOURCE_STATE,0.5232704623623782,0.3570889507094656,
141,OVERALL,SOURCE_PLUS_SIMPLE_MASK_CHANGE,0.4816279655703798,0.35049923461456245,
141,OVERALL,FROZEN_FULL_TRANSITION_SAFETTA,0.6368190687127564,0.47192533891737515,
141,OVERALL,CHANGE_MAGNITUDE_ONLY,0.49199317970082096,0.36811714952242985,
141,OVERALL,CHANGE_MAGNITUDE_IOU_ONLY,0.49199317970082096,0.36811714952242985,
142,OVERALL,SOURCE_STATE,0.5271657754010695,0.38664159252944175,
142,OVERALL,SOURCE_PLUS_SIMPLE_MASK_CHANGE,0.48726709822685055,0.37097502951384714,
142,OVERALL,FROZEN_FULL_TRANSITION_SAFETTA,0.6442161553616662,0.4987549237709935,
142,OVERALL,CHANGE_MAGNITUDE_ONLY,0.47281452293836196,0.36619680743987065,
142,OVERALL,CHANGE_MAGNITUDE_IOU_ONLY,0.47281452293836196,0.36619680743987065,
143,OVERALL,SOURCE_STATE,0.5478749821606965,0.3987846292534277,
143,OVERALL,SOURCE_PLUS_SIMPLE_MASK_CHANGE,0.5342486085343228,0.4169857531051533,
143,OVERALL,FROZEN_FULL_TRANSITION_SAFETTA,0.6645012130726416,0.4961937493295179,
143,OVERALL,CHANGE_MAGNITUDE_ONLY,0.46410732125017845,0.3500031421641665,
143,OVERALL,CHANGE_MAGNITUDE_IOU_ONLY,0.46410732125017845,0.3500031421641665,
144,OVERALL,SOURCE_STATE,0.5028180487214204,0.3740963338103994,
144,OVERALL,SOURCE_PLUS_SIMPLE_MASK_CHANGE,0.41710973878009316,0.3155466970182702,
144,OVERALL,FROZEN_FULL_TRANSITION_SAFETTA,0.6021102341402199,0.4474939465337987,
144,OVERALL,CHANGE_MAGNITUDE_ONLY,0.4684152879143137,0.3966790863469757,
144,OVERALL,CHANGE_MAGNITUDE_IOU_ONLY,0.4684152879143137,0.3966790863469757,
145,OVERALL,SOURCE_STATE,0.5683530417179327,0.3868051703949938,
145,OVERALL,SOURCE_PLUS_SIMPLE_MASK_CHANGE,0.4750377297880465,0.3179398828576875,
145,OVERALL,FROZEN_FULL_TRANSITION_SAFETTA,0.6480068368194242,0.46452074254084985,
145,OVERALL,CHANGE_MAGNITUDE_ONLY,0.4979180430210499,0.3404360992838435,
145,OVERALL,CHANGE_MAGNITUDE_IOU_ONLY,0.4979180430210499,0.3404360992838435,
146,OVERALL,SOURCE_STATE,0.5283370164784492,0.3627754159439507,
146,OVERALL,SOURCE_PLUS_SIMPLE_MASK_CHANGE,0.47459789915722683,0.34436420205589496,
146,OVERALL,FROZEN_FULL_TRANSITION_SAFETTA,0.6055786597991961,0.4315084349114942,
146,OVERALL,CHANGE_MAGNITUDE_ONLY,0.4781882406166803,0.35098419152522925,
146,OVERALL,CHANGE_MAGNITUDE_IOU_ONLY,0.4781882406166803,0.35098419152522925,
147,OVERALL,SOURCE_STATE,0.4894838447470026,0.40076917359385317,
147,OVERALL,SOURCE_PLUS_SIMPLE_MASK_CHANGE,0.4942762311183364,0.41284971531834436,
147,OVERALL,FROZEN_FULL_TRANSITION_SAFETTA,0.6287339971550499,0.533577993265445,
147,OVERALL,CHANGE_MAGNITUDE_ONLY,0.5326548352864142,0.4434377320455964,
147,OVERALL,CHANGE_MAGNITUDE_IOU_ONLY,0.5326548352864142,0.4434377320455964,
148,OVERALL,SOURCE_STATE,0.5037000119863986,0.366603485370385,
148,OVERALL,SOURCE_PLUS_SIMPLE_MASK_CHANGE,0.48074290436746514,0.3395012223337562,
148,OVERALL,FROZEN_FULL_TRANSITION_SAFETTA,0.626636301123567,0.46143475985084165,
148,OVERALL,CHANGE_MAGNITUDE_ONLY,0.5491726230656162,0.4184122662282447,
148,OVERALL,CHANGE_MAGNITUDE_IOU_ONLY,0.5491726230656162,0.4184122662282447,
149,OVERALL,SOURCE_STATE,0.5087785082281504,0.3639773683932138,
149,OVERALL,SOURCE_PLUS_SIMPLE_MASK_CHANGE,0.5112520940809329,0.3766953490894608,
149,OVERALL,FROZEN_FULL_TRANSITION_SAFETTA,0.6123485760249657,0.4665515990299103,
149,OVERALL,CHANGE_MAGNITUDE_ONLY,0.5339558625194288,0.3918767505400425,
149,OVERALL,CHANGE_MAGNITUDE_IOU_ONLY,0.5339558625194288,0.3918767505400425,
150,OVERALL,SOURCE_STATE,0.519043321299639,0.3893686941473142,
150,OVERALL,SOURCE_PLUS_SIMPLE_MASK_CHANGE,0.4618061823104693,0.341163007717378,
150,OVERALL,FROZEN_FULL_TRANSITION_SAFETTA,0.6522337545126354,0.508958938918716,
150,OVERALL,CHANGE_MAGNITUDE_ONLY,0.4951376353790614,0.3876534967771793,
150,OVERALL,CHANGE_MAGNITUDE_IOU_ONLY,0.4951376353790614,0.3876534967771793,
151,OVERALL,SOURCE_STATE,0.49276616954577046,0.31076043427764133,
151,OVERALL,SOURCE_PLUS_SIMPLE_MASK_CHANGE,0.4765736696441454,0.300534007262257,
151,OVERALL,FROZEN_FULL_TRANSITION_SAFETTA,0.6251655976599904,0.42407902566858874,
151,OVERALL,CHANGE_MAGNITUDE_ONLY,0.5326604493763034,0.35638444123556656,
151,OVERALL,CHANGE_MAGNITUDE_IOU_ONLY,0.5326604493763034,0.35638444123556656,
152,OVERALL,SOURCE_STATE,0.5192574152791151,0.3633850668396045,
152,OVERALL,SOURCE_PLUS_SIMPLE_MASK_CHANGE,0.46011718841736926,0.328737475240711,
152,OVERALL,FROZEN_FULL_TRANSITION_SAFETTA,0.6450999271975764,0.47276885057383006,
152,OVERALL,CHANGE_MAGNITUDE_ONLY,0.45382917263568257,0.3545878801707582,
152,OVERALL,CHANGE_MAGNITUDE_IOU_ONLY,0.45382917263568257,0.3545878801707582,
153,OVERALL,SOURCE_STATE,0.5913853028798411,0.3671767551633491,
153,OVERALL,SOURCE_PLUS_SIMPLE_MASK_CHANGE,0.4944575471698113,0.30144993646606716,
153,OVERALL,FROZEN_FULL_TRANSITION_SAFETTA,0.6497641509433962,0.4138344272984064,
153,OVERALL,CHANGE_MAGNITUDE_ONLY,0.47087574478649463,0.2950344764769235,
153,OVERALL,CHANGE_MAGNITUDE_IOU_ONLY,0.47087574478649463,0.2950344764769235,
154,OVERALL,SOURCE_STATE,0.5124966318209063,0.39989997814044886,
154,OVERALL,SOURCE_PLUS_SIMPLE_MASK_CHANGE,0.45530082650990655,0.35547653921011746,
154,OVERALL,FROZEN_FULL_TRANSITION_SAFETTA,0.6518375135414547,0.5055734113062702,
154,OVERALL,CHANGE_MAGNITUDE_ONLY,0.4734065075969623,0.3746537467946866,
154,OVERALL,CHANGE_MAGNITUDE_IOU_ONLY,0.4734065075969623,0.3746537467946866,
155,OVERALL,SOURCE_STATE,0.5123734206614641,0.3492918208207249,
155,OVERALL,SOURCE_PLUS_SIMPLE_MASK_CHANGE,0.4973522853957637,0.351865269848662,
155,OVERALL,FROZEN_FULL_TRANSITION_SAFETTA,0.6188452248234857,0.4250888612885939,
155,OVERALL,CHANGE_MAGNITUDE_ONLY,0.4729944723151245,0.3378989048651212,
155,OVERALL,CHANGE_MAGNITUDE_IOU_ONLY,0.4729944723151245,0.3378989048651212,
156,OVERALL,SOURCE_STATE,0.5276567847459886,0.3392385769318957,
156,OVERALL,SOURCE_PLUS_SIMPLE_MASK_CHANGE,0.4395528690164007,0.29362340278674803,
156,OVERALL,FROZEN_FULL_TRANSITION_SAFETTA,0.617088537268323,0.401696568704623,
156,OVERALL,CHANGE_MAGNITUDE_ONLY,0.4492810791590738,0.3195805530181516,
156,OVERALL,CHANGE_MAGNITUDE_IOU_ONLY,0.4492810791590738,0.3195805530181516,
157,OVERALL,SOURCE_STATE,0.5322885238574142,0.38722758431616455,
157,OVERALL,SOURCE_PLUS_SIMPLE_MASK_CHANGE,0.5074421723097553,0.38636139419702026,
157,OVERALL,FROZEN_FULL_TRANSITION_SAFETTA,0.6320315119007711,0.49004872552998013,
157,OVERALL,CHANGE_MAGNITUDE_ONLY,0.5364258576377249,0.4009282581945247,
157,OVERALL,CHANGE_MAGNITUDE_IOU_ONLY,0.5364258576377249,0.4009282581945247,
158,OVERALL,SOURCE_STATE,0.48968204280356675,0.3607038983222872,
158,OVERALL,SOURCE_PLUS_SIMPLE_MASK_CHANGE,0.45787416650964324,0.3480641627098448,
158,OVERALL,FROZEN_FULL_TRANSITION_SAFETTA,0.635282247035297,0.4890406207830623,
158,OVERALL,CHANGE_MAGNITUDE_ONLY,0.5286866562524692,0.4227523629430513,
158,OVERALL,CHANGE_MAGNITUDE_IOU_ONLY,0.5286866562524692,0.4227523629430513,
159,OVERALL,SOURCE_STATE,0.5223034734917733,0.3669598319612283,
159,OVERALL,SOURCE_PLUS_SIMPLE_MASK_CHANGE,0.4887751371115173,0.3549539546411533,
159,OVERALL,FROZEN_FULL_TRANSITION_SAFETTA,0.6535344302254722,0.4839988449854169,
159,OVERALL,CHANGE_MAGNITUDE_ONLY,0.500109689213894,0.3769446414244521,
159,OVERALL,CHANGE_MAGNITUDE_IOU_ONLY,0.500109689213894,0.3769446414244521,
160,OVERALL,SOURCE_STATE,0.5229828063622899,0.3278764897826029,
160,OVERALL,SOURCE_PLUS_SIMPLE_MASK_CHANGE,0.4716916736428617,0.296170977067627,
160,OVERALL,FROZEN_FULL_TRANSITION_SAFETTA,0.6528945843260996,0.44619869145194435,
160,OVERALL,CHANGE_MAGNITUDE_ONLY,0.4761542919698628,0.3267599370667367,
160,OVERALL,CHANGE_MAGNITUDE_IOU_ONLY,0.4761542919698628,0.3267599370667367,
161,OVERALL,SOURCE_STATE,0.5579361486920709,0.43562894028482546,
161,OVERALL,SOURCE_PLUS_SIMPLE_MASK_CHANGE,0.4808686370824881,0.38267652476792613,
161,OVERALL,FROZEN_FULL_TRANSITION_SAFETTA,0.6635819544334356,0.5086355408947476,
161,OVERALL,CHANGE_MAGNITUDE_ONLY,0.4575712361760745,0.370025918434545,
161,OVERALL,CHANGE_MAGNITUDE_IOU_ONLY,0.4575712361760745,0.370025918434545,
162,OVERALL,SOURCE_STATE,0.5483451118963487,0.3700707460247374,
162,OVERALL,SOURCE_PLUS_SIMPLE_MASK_CHANGE,0.4946584216725559,0.3621172171093966,
162,OVERALL,FROZEN_FULL_TRANSITION_SAFETTA,0.6654593639575972,0.5033965798447582,
162,OVERALL,CHANGE_MAGNITUDE_ONLY,0.48216431095406354,0.34894879758540187,
162,OVERALL,CHANGE_MAGNITUDE_IOU_ONLY,0.48216431095406354,0.34894879758540187,
163,OVERALL,SOURCE_STATE,0.5059050916593545,0.3444586637647329,
163,OVERALL,SOURCE_PLUS_SIMPLE_MASK_CHANGE,0.49751582991438803,0.3556668546309405,
163,OVERALL,FROZEN_FULL_TRANSITION_SAFETTA,0.6530106481371689,0.47573297926497404,
163,OVERALL,CHANGE_MAGNITUDE_ONLY,0.4959921265444542,0.35396713442914524,
163,OVERALL,CHANGE_MAGNITUDE_IOU_ONLY,0.4959921265444542,0.35396713442914524,
164,OVERALL,SOURCE_STATE,0.4806195352343531,0.37011169127913157,
164,OVERALL,SOURCE_PLUS_SIMPLE_MASK_CHANGE,0.4564332177796561,0.369346503738621,
164,OVERALL,FROZEN_FULL_TRANSITION_SAFETTA,0.6161143124746572,0.4904454939411127,
164,OVERALL,CHANGE_MAGNITUDE_ONLY,0.47374628067550356,0.3957482118930648,
164,OVERALL,CHANGE_MAGNITUDE_IOU_ONLY,0.47374628067550356,0.3957482118930648,
165,OVERALL,SOURCE_STATE,0.580937580937581,0.40686681870505614,
165,OVERALL,SOURCE_PLUS_SIMPLE_MASK_CHANGE,0.5172666839333506,0.3513984260845584,
165,OVERALL,FROZEN_FULL_TRANSITION_SAFETTA,0.6947743614410281,0.502856063789004,
165,OVERALL,CHANGE_MAGNITUDE_ONLY,0.49384566051232714,0.33453611932476834,
165,OVERALL,CHANGE_MAGNITUDE_IOU_ONLY,0.49384566051232714,0.33453611932476834,
166,OVERALL,SOURCE_STATE,0.5377864456362749,0.38242323328211336,
166,OVERALL,SOURCE_PLUS_SIMPLE_MASK_CHANGE,0.4909550063133681,0.34884366675855183,
166,OVERALL,FROZEN_FULL_TRANSITION_SAFETTA,0.6380564827663803,0.47366503945015515,
166,OVERALL,CHANGE_MAGNITUDE_ONLY,0.5054069934616009,0.3723798784368749,
166,OVERALL,CHANGE_MAGNITUDE_IOU_ONLY,0.5054069934616009,0.3723798784368749,
167,OVERALL,SOURCE_STATE,0.5518043802887008,0.39484696598880775,
167,OVERALL,SOURCE_PLUS_SIMPLE_MASK_CHANGE,0.45792060726729716,0.3271570911576645,
167,OVERALL,FROZEN_FULL_TRANSITION_SAFETTA,0.6557740169238426,0.5045217858391615,
167,OVERALL,CHANGE_MAGNITUDE_ONLY,0.4959619213539074,0.3718229351144763,
167,OVERALL,CHANGE_MAGNITUDE_IOU_ONLY,0.4959619213539074,0.3718229351144763,
168,OVERALL,SOURCE_STATE,0.515157627460519,0.38667800164840904,
168,OVERALL,SOURCE_PLUS_SIMPLE_MASK_CHANGE,0.4571908259275519,0.35196929505668983,
168,OVERALL,FROZEN_FULL_TRANSITION_SAFETTA,0.6422562617909138,0.49226255508017414,
168,OVERALL,CHANGE_MAGNITUDE_ONLY,0.48863919507362275,0.38241509637672133,
168,OVERALL,CHANGE_MAGNITUDE_IOU_ONLY,0.48863919507362275,0.38241509637672133,
169,OVERALL,SOURCE_STATE,0.5303773457843226,0.35930128079761803,
169,OVERALL,SOURCE_PLUS_SIMPLE_MASK_CHANGE,0.47351171769776423,0.3315932451239688,
169,OVERALL,FROZEN_FULL_TRANSITION_SAFETTA,0.6558880308880309,0.47729640681302765,
169,OVERALL,CHANGE_MAGNITUDE_ONLY,0.4856306680434587,0.3552388719665185,
169,OVERALL,CHANGE_MAGNITUDE_IOU_ONLY,0.4856306680434587,0.3552388719665185,
170,OVERALL,SOURCE_STATE,0.5469577293637705,0.36670704787314234,
170,OVERALL,SOURCE_PLUS_SIMPLE_MASK_CHANGE,0.4852381365704862,0.31203278967950243,
170,OVERALL,FROZEN_FULL_TRANSITION_SAFETTA,0.6537130953414262,0.44515652251370963,
170,OVERALL,CHANGE_MAGNITUDE_ONLY,0.5008834798566593,0.345529372584096,
170,OVERALL,CHANGE_MAGNITUDE_IOU_ONLY,0.5008834798566593,0.345529372584096,
171,OVERALL,SOURCE_STATE,0.5311204032535227,0.3661455443919783,
171,OVERALL,SOURCE_PLUS_SIMPLE_MASK_CHANGE,0.47784969641425135,0.34188998958586714,
171,OVERALL,FROZEN_FULL_TRANSITION_SAFETTA,0.6506243555962882,0.4841853064579605,
171,OVERALL,CHANGE_MAGNITUDE_ONLY,0.4707813037003093,0.34198592477149914,
171,OVERALL,CHANGE_MAGNITUDE_IOU_ONLY,0.4707813037003093,0.34198592477149914,
172,OVERALL,SOURCE_STATE,0.5597170379289584,0.3963212805506466,
172,OVERALL,SOURCE_PLUS_SIMPLE_MASK_CHANGE,0.497164358819988,0.37302307666058354,
172,OVERALL,FROZEN_FULL_TRANSITION_SAFETTA,0.6573509933774834,0.50466858393531,
172,OVERALL,CHANGE_MAGNITUDE_ONLY,0.4857555689343769,0.35415646514123567,
172,OVERALL,CHANGE_MAGNITUDE_IOU_ONLY,0.4857555689343769,0.35415646514123567,
173,OVERALL,SOURCE_STATE,0.48456564390113654,0.33617397524154596,
173,OVERALL,SOURCE_PLUS_SIMPLE_MASK_CHANGE,0.4574815124391971,0.33739433933422464,
173,OVERALL,FROZEN_FULL_TRANSITION_SAFETTA,0.6215825584230139,0.47465115895984333,
173,OVERALL,CHANGE_MAGNITUDE_ONLY,0.4792979951009415,0.36252753182066066,
173,OVERALL,CHANGE_MAGNITUDE_IOU_ONLY,0.4792979951009415,0.36252753182066066,
174,OVERALL,SOURCE_STATE,0.5103085553997195,0.3763862911180781,
174,OVERALL,SOURCE_PLUS_SIMPLE_MASK_CHANGE,0.5019226273959794,0.3622543057343591,
174,OVERALL,FROZEN_FULL_TRANSITION_SAFETTA,0.6459326788218793,0.4942336085484234,
174,OVERALL,CHANGE_MAGNITUDE_ONLY,0.5269343151005143,0.3896358388812162,
174,OVERALL,CHANGE_MAGNITUDE_IOU_ONLY,0.5269343151005143,0.3896358388812162,
175,OVERALL,SOURCE_STATE,0.57140522875817,0.41003705995765194,
175,OVERALL,SOURCE_PLUS_SIMPLE_MASK_CHANGE,0.5131724484665661,0.38737061422604746,
175,OVERALL,FROZEN_FULL_TRANSITION_SAFETTA,0.6800465057817999,0.5347101008604374,
175,OVERALL,CHANGE_MAGNITUDE_ONLY,0.47651458019105075,0.35678124270448586,
175,OVERALL,CHANGE_MAGNITUDE_IOU_ONLY,0.47651458019105075,0.35678124270448586,
176,OVERALL,SOURCE_STATE,0.49574823881021846,0.31621081792389105,
176,OVERALL,SOURCE_PLUS_SIMPLE_MASK_CHANGE,0.4551400649920539,0.32456366545714155,
176,OVERALL,FROZEN_FULL_TRANSITION_SAFETTA,0.6198913636471453,0.42664138189290685,
176,OVERALL,CHANGE_MAGNITUDE_ONLY,0.45404302758604337,0.3257698645489312,
176,OVERALL,CHANGE_MAGNITUDE_IOU_ONLY,0.45404302758604337,0.3257698645489312,
177,OVERALL,SOURCE_STATE,0.5496294846179978,0.38038118947649713,
177,OVERALL,SOURCE_PLUS_SIMPLE_MASK_CHANGE,0.44693309994990704,0.3228888031938221,
177,OVERALL,FROZEN_FULL_TRANSITION_SAFETTA,0.6494872665925827,0.4575643810211989,
177,OVERALL,CHANGE_MAGNITUDE_ONLY,0.4646556538862371,0.3599004277297019,
177,OVERALL,CHANGE_MAGNITUDE_IOU_ONLY,0.4646556538862371,0.3599004277297019,
178,OVERALL,SOURCE_STATE,0.5276752098529669,0.3851513353626598,
178,OVERALL,SOURCE_PLUS_SIMPLE_MASK_CHANGE,0.5016528376230563,0.3851611423149646,
178,OVERALL,FROZEN_FULL_TRANSITION_SAFETTA,0.6737111190345253,0.5318094461876015,
178,OVERALL,CHANGE_MAGNITUDE_ONLY,0.4774374067068344,0.36073576792832296,
178,OVERALL,CHANGE_MAGNITUDE_IOU_ONLY,0.4774374067068344,0.36073576792832296,
179,OVERALL,SOURCE_STATE,0.5230503230503231,0.37532844784568087,
179,OVERALL,SOURCE_PLUS_SIMPLE_MASK_CHANGE,0.49330542663875987,0.35131943639345364,
179,OVERALL,FROZEN_FULL_TRANSITION_SAFETTA,0.6590651257317923,0.4919392776279773,
179,OVERALL,CHANGE_MAGNITUDE_ONLY,0.49067249067249064,0.3629545749300758,
179,OVERALL,CHANGE_MAGNITUDE_IOU_ONLY,0.49067249067249064,0.3629545749300758,
180,OVERALL,SOURCE_STATE,0.5552415026833631,0.4004026057258293,
180,OVERALL,SOURCE_PLUS_SIMPLE_MASK_CHANGE,0.5028443649373882,0.3683870414167435,
180,OVERALL,FROZEN_FULL_TRANSITION_SAFETTA,0.6946988670244484,0.5401588243913225,
180,OVERALL,CHANGE_MAGNITUDE_ONLY,0.4968395945140131,0.36769088127156724,
180,OVERALL,CHANGE_MAGNITUDE_IOU_ONLY,0.4968395945140131,0.36769088127156724,
181,OVERALL,SOURCE_STATE,0.5067834742296156,0.3522484208052826,
181,OVERALL,SOURCE_PLUS_SIMPLE_MASK_CHANGE,0.4702754295064085,0.33490298565258375,
181,OVERALL,FROZEN_FULL_TRANSITION_SAFETTA,0.6275338605581311,0.4637788783721082,
181,OVERALL,CHANGE_MAGNITUDE_ONLY,0.512942005272248,0.3781338595630422,
181,OVERALL,CHANGE_MAGNITUDE_IOU_ONLY,0.512942005272248,0.3781338595630422,
182,OVERALL,SOURCE_STATE,0.5018495297805643,0.3258825972066817,
182,OVERALL,SOURCE_PLUS_SIMPLE_MASK_CHANGE,0.45719749216300937,0.3155590090430126,
182,OVERALL,FROZEN_FULL_TRANSITION_SAFETTA,0.6023510971786834,0.4091660836737139,
182,OVERALL,CHANGE_MAGNITUDE_ONLY,0.504166144200627,0.3626337757172359,
182,OVERALL,CHANGE_MAGNITUDE_IOU_ONLY,0.504166144200627,0.3626337757172359,
183,OVERALL,SOURCE_STATE,0.5273295788273503,0.3730519499910155,
183,OVERALL,SOURCE_PLUS_SIMPLE_MASK_CHANGE,0.5029771159405269,0.3888192828861405,
183,OVERALL,FROZEN_FULL_TRANSITION_SAFETTA,0.6155835032074537,0.47655941657333445,
183,OVERALL,CHANGE_MAGNITUDE_ONLY,0.494420067028297,0.37030122146175604,
183,OVERALL,CHANGE_MAGNITUDE_IOU_ONLY,0.494420067028297,0.37030122146175604,
184,OVERALL,SOURCE_STATE,0.5447570332480818,0.3865219552443162,
184,OVERALL,SOURCE_PLUS_SIMPLE_MASK_CHANGE,0.517648242872028,0.38678364919808783,
184,OVERALL,FROZEN_FULL_TRANSITION_SAFETTA,0.6738834422657953,0.5394507600387395,
184,OVERALL,CHANGE_MAGNITUDE_ONLY,0.5153097470872408,0.37885818205983357,
184,OVERALL,CHANGE_MAGNITUDE_IOU_ONLY,0.5153097470872408,0.37885818205983357,
185,OVERALL,SOURCE_STATE,0.5208994936056991,0.3537042322718376,
185,OVERALL,SOURCE_PLUS_SIMPLE_MASK_CHANGE,0.4620204274311218,0.3285533506264071,
185,OVERALL,FROZEN_FULL_TRANSITION_SAFETTA,0.6431779818613567,0.4952035295579964,
185,OVERALL,CHANGE_MAGNITUDE_ONLY,0.48085142906188316,0.3616277028451367,
185,OVERALL,CHANGE_MAGNITUDE_IOU_ONLY,0.48085142906188316,0.3616277028451367,
186,OVERALL,SOURCE_STATE,0.4933595088965754,0.32891077150906933,
186,OVERALL,SOURCE_PLUS_SIMPLE_MASK_CHANGE,0.4659187934311801,0.323665480771963,
186,OVERALL,FROZEN_FULL_TRANSITION_SAFETTA,0.6198809635100184,0.44721907613562073,
186,OVERALL,CHANGE_MAGNITUDE_ONLY,0.456171512262005,0.3353058201967399,
186,OVERALL,CHANGE_MAGNITUDE_IOU_ONLY,0.456171512262005,0.3353058201967399,
187,OVERALL,SOURCE_STATE,0.5251466994181647,0.36655924750817154,
187,OVERALL,SOURCE_PLUS_SIMPLE_MASK_CHANGE,0.4461833339536268,0.31793520337610476,
187,OVERALL,FROZEN_FULL_TRANSITION_SAFETTA,0.6461597627997568,0.45324405688151936,
187,OVERALL,CHANGE_MAGNITUDE_ONLY,0.4577518081556193,0.34776374302849683,
187,OVERALL,CHANGE_MAGNITUDE_IOU_ONLY,0.4577518081556193,0.34776374302849683,
188,OVERALL,SOURCE_STATE,0.47969606457348624,0.3472991649992683,
188,OVERALL,SOURCE_PLUS_SIMPLE_MASK_CHANGE,0.4486629271693455,0.3271388698259483,
188,OVERALL,FROZEN_FULL_TRANSITION_SAFETTA,0.6140621302342836,0.47005944641415554,
188,OVERALL,CHANGE_MAGNITUDE_ONLY,0.5399426923101522,0.4185234983098276,
188,OVERALL,CHANGE_MAGNITUDE_IOU_ONLY,0.5399426923101522,0.4185234983098276,
189,OVERALL,SOURCE_STATE,0.5258693609022557,0.38593627292283506,
189,OVERALL,SOURCE_PLUS_SIMPLE_MASK_CHANGE,0.4810502819548872,0.35870214568936676,
189,OVERALL,FROZEN_FULL_TRANSITION_SAFETTA,0.655404135338346,0.5012533636570444,
189,OVERALL,CHANGE_MAGNITUDE_ONLY,0.4856966635338346,0.3842240343756883,
189,OVERALL,CHANGE_MAGNITUDE_IOU_ONLY,0.4856966635338346,0.3842240343756883,
190,OVERALL,SOURCE_STATE,0.5791591631650326,0.4249202586074368,
190,OVERALL,SOURCE_PLUS_SIMPLE_MASK_CHANGE,0.521070944218413,0.3758970631125158,
190,OVERALL,FROZEN_FULL_TRANSITION_SAFETTA,0.6823406478578893,0.5120537717829957,
190,OVERALL,CHANGE_MAGNITUDE_ONLY,0.4574134596144868,0.33538091284667926,
190,OVERALL,CHANGE_MAGNITUDE_IOU_ONLY,0.4574134596144868,0.33538091284667926,
191,OVERALL,SOURCE_STATE,0.49705501380844147,0.3140114333744496,
191,OVERALL,SOURCE_PLUS_SIMPLE_MASK_CHANGE,0.449727497128333,0.2968914427643009,
191,OVERALL,FROZEN_FULL_TRANSITION_SAFETTA,0.6170968057286703,0.40720370828517094,
191,OVERALL,CHANGE_MAGNITUDE_ONLY,0.4918921230784271,0.3446295243096509,
191,OVERALL,CHANGE_MAGNITUDE_IOU_ONLY,0.4918921230784271,0.3446295243096509,
192,OVERALL,SOURCE_STATE,0.5551896787523405,0.4585550562006768,
192,OVERALL,SOURCE_PLUS_SIMPLE_MASK_CHANGE,0.508684193535133,0.4044635436010251,
192,OVERALL,FROZEN_FULL_TRANSITION_SAFETTA,0.6575099637840662,0.5410720699588507,
192,OVERALL,CHANGE_MAGNITUDE_ONLY,0.5050596653107703,0.39495122859730003,
192,OVERALL,CHANGE_MAGNITUDE_IOU_ONLY,0.5050596653107703,0.39495122859730003,
193,OVERALL,SOURCE_STATE,0.5213214060837659,0.36383617186115413,
193,OVERALL,SOURCE_PLUS_SIMPLE_MASK_CHANGE,0.47251774974488137,0.3385712176824228,
193,OVERALL,FROZEN_FULL_TRANSITION_SAFETTA,0.6371289923355842,0.45794220281982395,
193,OVERALL,CHANGE_MAGNITUDE_ONLY,0.4475106932713811,0.3402276196317381,
193,OVERALL,CHANGE_MAGNITUDE_IOU_ONLY,0.4475106932713811,0.3402276196317381,
194,OVERALL,SOURCE_STATE,0.470763562475519,0.3417681971745137,
194,OVERALL,SOURCE_PLUS_SIMPLE_MASK_CHANGE,0.41278030748139444,0.32651115850098555,
194,OVERALL,FROZEN_FULL_TRANSITION_SAFETTA,0.5887619956913435,0.4445500732286272,
194,OVERALL,CHANGE_MAGNITUDE_ONLY,0.5218064531923228,0.4114742572211689,
194,OVERALL,CHANGE_MAGNITUDE_IOU_ONLY,0.5218064531923228,0.4114742572211689,
195,OVERALL,SOURCE_STATE,0.5175694867113004,0.35838126605975107,
195,OVERALL,SOURCE_PLUS_SIMPLE_MASK_CHANGE,0.5130858186244674,0.3341001983882542,
195,OVERALL,FROZEN_FULL_TRANSITION_SAFETTA,0.6122066680192061,0.41947274274537627,
195,OVERALL,CHANGE_MAGNITUDE_ONLY,0.5261412051125989,0.3503631474048522,
195,OVERALL,CHANGE_MAGNITUDE_IOU_ONLY,0.5261412051125989,0.3503631474048522,
196,OVERALL,SOURCE_STATE,0.5078170651720232,0.36813391625127667,
196,OVERALL,SOURCE_PLUS_SIMPLE_MASK_CHANGE,0.47307852841214004,0.359403996683347,
196,OVERALL,FROZEN_FULL_TRANSITION_SAFETTA,0.6301770914077873,0.4843905817562709,
196,OVERALL,CHANGE_MAGNITUDE_ONLY,0.5055929878957724,0.39471659641555323,
196,OVERALL,CHANGE_MAGNITUDE_IOU_ONLY,0.5055929878957724,0.39471659641555323,
197,OVERALL,SOURCE_STATE,0.5310858143607706,0.3619477467025285,
197,OVERALL,SOURCE_PLUS_SIMPLE_MASK_CHANGE,0.4516746935201401,0.307534211022854,
197,OVERALL,FROZEN_FULL_TRANSITION_SAFETTA,0.646757637672699,0.46660216708119034,
197,OVERALL,CHANGE_MAGNITUDE_ONLY,0.4856185541934229,0.3582555212124686,
197,OVERALL,CHANGE_MAGNITUDE_IOU_ONLY,0.4856185541934229,0.3582555212124686,
198,OVERALL,SOURCE_STATE,0.5076225361939648,0.33727698125852923,
198,OVERALL,SOURCE_PLUS_SIMPLE_MASK_CHANGE,0.47926623640909355,0.33506681093377244,
198,OVERALL,FROZEN_FULL_TRANSITION_SAFETTA,0.6385487528344671,0.43784029184818196,
198,OVERALL,CHANGE_MAGNITUDE_ONLY,0.5018285946857375,0.361160572798617,
198,OVERALL,CHANGE_MAGNITUDE_IOU_ONLY,0.5018285946857375,0.361160572798617,
199,OVERALL,SOURCE_STATE,0.5499323517257386,0.37090395124099396,
199,OVERALL,SOURCE_PLUS_SIMPLE_MASK_CHANGE,0.4876280080838272,0.33737405103339785,
199,OVERALL,FROZEN_FULL_TRANSITION_SAFETTA,0.6404508375365838,0.4625075969285214,
199,OVERALL,CHANGE_MAGNITUDE_ONLY,0.46891858997220476,0.33484052940361225,
199,OVERALL,CHANGE_MAGNITUDE_IOU_ONLY,0.46891858997220476,0.33484052940361225,
200,OVERALL,SOURCE_STATE,0.550414182767124,0.3957683896175415,
200,OVERALL,SOURCE_PLUS_SIMPLE_MASK_CHANGE,0.4931887284828461,0.3542475881465355,
200,OVERALL,FROZEN_FULL_TRANSITION_SAFETTA,0.6733283056812469,0.5290306173601593,
200,OVERALL,CHANGE_MAGNITUDE_ONLY,0.5031123560535326,0.37254097401172925,
200,OVERALL,CHANGE_MAGNITUDE_IOU_ONLY,0.5031123560535326,0.37254097401172925,
201,OVERALL,SOURCE_STATE,0.4964530318410397,0.3690390420961881,
201,OVERALL,SOURCE_PLUS_SIMPLE_MASK_CHANGE,0.4769797099420117,0.3679272468673447,
201,OVERALL,FROZEN_FULL_TRANSITION_SAFETTA,0.6249022833607523,0.49429624136843264,
201,OVERALL,CHANGE_MAGNITUDE_ONLY,0.5121927030464255,0.40327621182536266,
201,OVERALL,CHANGE_MAGNITUDE_IOU_ONLY,0.5121927030464255,0.40327621182536266,
202,OVERALL,SOURCE_STATE,0.5307331140664474,0.3706410525064546,
202,OVERALL,SOURCE_PLUS_SIMPLE_MASK_CHANGE,0.49763453930120594,0.34956244439874984,
202,OVERALL,FROZEN_FULL_TRANSITION_SAFETTA,0.6751334668001334,0.5087427476062768,
202,OVERALL,CHANGE_MAGNITUDE_ONLY,0.4934100767434101,0.3577157643919979,
202,OVERALL,CHANGE_MAGNITUDE_IOU_ONLY,0.4934100767434101,0.3577157643919979,
203,OVERALL,SOURCE_STATE,0.5089247924696535,0.3656216483580783,
203,OVERALL,SOURCE_PLUS_SIMPLE_MASK_CHANGE,0.47239606552936464,0.36678532793865976,
203,OVERALL,FROZEN_FULL_TRANSITION_SAFETTA,0.6594188585972022,0.5025957567019499,
203,OVERALL,CHANGE_MAGNITUDE_ONLY,0.4868060924476448,0.37962640097659095,
203,OVERALL,CHANGE_MAGNITUDE_IOU_ONLY,0.4868060924476448,0.37962640097659095,
204,OVERALL,SOURCE_STATE,0.5029259398605042,0.3741616885009417,
204,OVERALL,SOURCE_PLUS_SIMPLE_MASK_CHANGE,0.49724770642201843,0.38264537210271066,
204,OVERALL,FROZEN_FULL_TRANSITION_SAFETTA,0.6588024194715365,0.5388359719574051,
204,OVERALL,CHANGE_MAGNITUDE_ONLY,0.49519868028825287,0.38272299984423086,
204,OVERALL,CHANGE_MAGNITUDE_IOU_ONLY,0.49519868028825287,0.38272299984423086,
205,OVERALL,SOURCE_STATE,0.5425194931773879,0.35582122164907776,
205,OVERALL,SOURCE_PLUS_SIMPLE_MASK_CHANGE,0.5018944931773879,0.3480095194390471,
205,OVERALL,FROZEN_FULL_TRANSITION_SAFETTA,0.6802631578947369,0.46602677292182626,
205,OVERALL,CHANGE_MAGNITUDE_ONLY,0.46493360136452244,0.3185349851962743,
205,OVERALL,CHANGE_MAGNITUDE_IOU_ONLY,0.46493360136452244,0.3185349851962743,
206,OVERALL,SOURCE_STATE,0.5517193633058011,0.43329451053566004,
206,OVERALL,SOURCE_PLUS_SIMPLE_MASK_CHANGE,0.4580092469959303,0.3562103801654842,
206,OVERALL,FROZEN_FULL_TRANSITION_SAFETTA,0.6261468442218316,0.480684932515394,
206,OVERALL,CHANGE_MAGNITUDE_ONLY,0.4892268885303538,0.3942233857215064,
206,OVERALL,CHANGE_MAGNITUDE_IOU_ONLY,0.4892268885303538,0.3942233857215064,
207,OVERALL,SOURCE_STATE,0.5162037188007487,0.31694912555321936,
207,OVERALL,SOURCE_PLUS_SIMPLE_MASK_CHANGE,0.44909312654488065,0.282335055969667,
207,OVERALL,FROZEN_FULL_TRANSITION_SAFETTA,0.6100346314134966,0.381293704747113,
207,OVERALL,CHANGE_MAGNITUDE_ONLY,0.46354896986219174,0.31679958282100384,
207,OVERALL,CHANGE_MAGNITUDE_IOU_ONLY,0.46354896986219174,0.31679958282100384,
208,OVERALL,SOURCE_STATE,0.49594012115563835,0.33742585580587986,
208,OVERALL,SOURCE_PLUS_SIMPLE_MASK_CHANGE,0.4696470177073625,0.34080808488810554,
208,OVERALL,FROZEN_FULL_TRANSITION_SAFETTA,0.5986894221808016,0.4384113440795854,
208,OVERALL,CHANGE_MAGNITUDE_ONLY,0.5167142357875116,0.3764728623276254,
208,OVERALL,CHANGE_MAGNITUDE_IOU_ONLY,0.5167142357875116,0.3764728623276254,
209,OVERALL,SOURCE_STATE,0.5000115946061892,0.39435721095485393,
209,OVERALL,SOURCE_PLUS_SIMPLE_MASK_CHANGE,0.4489199624334759,0.3784913742420497,
209,OVERALL,FROZEN_FULL_TRANSITION_SAFETTA,0.6198476468746738,0.5084589381068906,
209,OVERALL,CHANGE_MAGNITUDE_ONLY,0.5120004174058228,0.43586187766482937,
209,OVERALL,CHANGE_MAGNITUDE_IOU_ONLY,0.5120004174058228,0.43586187766482937,
210,OVERALL,SOURCE_STATE,0.5958351916017702,0.41004837110766734,
210,OVERALL,SOURCE_PLUS_SIMPLE_MASK_CHANGE,0.5082049698674627,0.3618383211364698,
210,OVERALL,FROZEN_FULL_TRANSITION_SAFETTA,0.6738138529623658,0.4802927849962752,
210,OVERALL,CHANGE_MAGNITUDE_ONLY,0.45627637311743113,0.32916250382528994,
210,OVERALL,CHANGE_MAGNITUDE_IOU_ONLY,0.45627637311743113,0.32916250382528994,
211,OVERALL,SOURCE_STATE,0.5017256759666554,0.3586856308220603,
211,OVERALL,SOURCE_PLUS_SIMPLE_MASK_CHANGE,0.4569934479682549,0.3291665296057423,
211,OVERALL,FROZEN_FULL_TRANSITION_SAFETTA,0.6305515395736565,0.4742326345518493,
211,OVERALL,CHANGE_MAGNITUDE_ONLY,0.5176535728567473,0.3992580609518165,
211,OVERALL,CHANGE_MAGNITUDE_IOU_ONLY,0.5176535728567473,0.3992580609518165,
212,OVERALL,SOURCE_STATE,0.5311990630621929,0.380862190337414,
212,OVERALL,SOURCE_PLUS_SIMPLE_MASK_CHANGE,0.46310807384422203,0.3376664751665372,
212,OVERALL,FROZEN_FULL_TRANSITION_SAFETTA,0.6383673617231929,0.488878374765664,
212,OVERALL,CHANGE_MAGNITUDE_ONLY,0.4883305362037116,0.3740198548228246,
212,OVERALL,CHANGE_MAGNITUDE_IOU_ONLY,0.4883305362037116,0.3740198548228246,
213,OVERALL,SOURCE_STATE,0.48314001859736705,0.33691497073496424,
213,OVERALL,SOURCE_PLUS_SIMPLE_MASK_CHANGE,0.4663473302990261,0.3299235307031577,
213,OVERALL,FROZEN_FULL_TRANSITION_SAFETTA,0.6140251064454559,0.4346327107914628,
213,OVERALL,CHANGE_MAGNITUDE_ONLY,0.48051558752997603,0.36300105173313885,
213,OVERALL,CHANGE_MAGNITUDE_IOU_ONLY,0.48051558752997603,0.36300105173313885,
214,OVERALL,SOURCE_STATE,0.5093893065898469,0.3713828325795138,
214,OVERALL,SOURCE_PLUS_SIMPLE_MASK_CHANGE,0.5102081067189423,0.39134540109612026,
214,OVERALL,FROZEN_FULL_TRANSITION_SAFETTA,0.6390705124373945,0.4991188487168837,
214,OVERALL,CHANGE_MAGNITUDE_ONLY,0.4935810851193536,0.3836747784754797,
214,OVERALL,CHANGE_MAGNITUDE_IOU_ONLY,0.4935810851193536,0.3836747784754797,
215,OVERALL,SOURCE_STATE,0.5622649775473696,0.39336732395516144,
215,OVERALL,SOURCE_PLUS_SIMPLE_MASK_CHANGE,0.5190816935002982,0.3706665414421083,
215,OVERALL,FROZEN_FULL_TRANSITION_SAFETTA,0.6583488493787497,0.48360360694731025,
215,OVERALL,CHANGE_MAGNITUDE_ONLY,0.510124980224648,0.3628530489424344,
215,OVERALL,CHANGE_MAGNITUDE_IOU_ONLY,0.510124980224648,0.3628530489424344,
216,OVERALL,SOURCE_STATE,0.5593040665987902,0.3647516154054481,
216,OVERALL,SOURCE_PLUS_SIMPLE_MASK_CHANGE,0.4936755105707612,0.32183007262524366,
216,OVERALL,FROZEN_FULL_TRANSITION_SAFETTA,0.6191231957836737,0.41412635592238584,
216,OVERALL,CHANGE_MAGNITUDE_ONLY,0.4801820686350841,0.32464556513451726,
216,OVERALL,CHANGE_MAGNITUDE_IOU_ONLY,0.4801820686350841,0.32464556513451726,
217,OVERALL,SOURCE_STATE,0.4913399964091209,0.3681994277183322,
217,OVERALL,SOURCE_PLUS_SIMPLE_MASK_CHANGE,0.493273086360644,0.36103641596665137,
217,OVERALL,FROZEN_FULL_TRANSITION_SAFETTA,0.6155963851816386,0.48165291942933,
217,OVERALL,CHANGE_MAGNITUDE_ONLY,0.5133610629002334,0.38697496191534597,
217,OVERALL,CHANGE_MAGNITUDE_IOU_ONLY,0.5133610629002334,0.38697496191534597,
218,OVERALL,SOURCE_STATE,0.534929390182342,0.34991726897512476,
218,OVERALL,SOURCE_PLUS_SIMPLE_MASK_CHANGE,0.49406557417416674,0.3370331329543059,
218,OVERALL,FROZEN_FULL_TRANSITION_SAFETTA,0.6328289481784268,0.4448444916955146,
218,OVERALL,CHANGE_MAGNITUDE_ONLY,0.4773826965932456,0.32542304793937415,
218,OVERALL,CHANGE_MAGNITUDE_IOU_ONLY,0.4773826965932456,0.32542304793937415,
219,OVERALL,SOURCE_STATE,0.5433522179363549,0.34085058246389077,
219,OVERALL,SOURCE_PLUS_SIMPLE_MASK_CHANGE,0.47424662487946,0.29894065204755266,
219,OVERALL,FROZEN_FULL_TRANSITION_SAFETTA,0.6345226615236259,0.4105032173015179,
219,OVERALL,CHANGE_MAGNITUDE_ONLY,0.47411403085824494,0.3056654795352417,
219,OVERALL,CHANGE_MAGNITUDE_IOU_ONLY,0.47411403085824494,0.3056654795352417,
220,OVERALL,SOURCE_STATE,0.5260786755549044,0.38807091955099293,
220,OVERALL,SOURCE_PLUS_SIMPLE_MASK_CHANGE,0.47904915390813857,0.34022633641364275,
220,OVERALL,FROZEN_FULL_TRANSITION_SAFETTA,0.6386894732986594,0.47947897796274835,
220,OVERALL,CHANGE_MAGNITUDE_ONLY,0.5161404536908163,0.37615221962186635,
220,OVERALL,CHANGE_MAGNITUDE_IOU_ONLY,0.5161404536908163,0.37615221962186635,
221,OVERALL,SOURCE_STATE,0.5160522283152442,0.34714605898462036,
221,OVERALL,SOURCE_PLUS_SIMPLE_MASK_CHANGE,0.4719355124681805,0.3359193780321317,
221,OVERALL,FROZEN_FULL_TRANSITION_SAFETTA,0.6517521307987488,0.48454833365270333,
221,OVERALL,CHANGE_MAGNITUDE_ONLY,0.5119172756170769,0.37659494252361986,
221,OVERALL,CHANGE_MAGNITUDE_IOU_ONLY,0.5119172756170769,0.37659494252361986,
222,OVERALL,SOURCE_STATE,0.5227185816095951,0.4081594181627939,
222,OVERALL,SOURCE_PLUS_SIMPLE_MASK_CHANGE,0.49103656063503104,0.4029794726710295,
222,OVERALL,FROZEN_FULL_TRANSITION_SAFETTA,0.6350136160843617,0.522582675721339,
222,OVERALL,CHANGE_MAGNITUDE_ONLY,0.5018975606929719,0.40668730107530526,
222,OVERALL,CHANGE_MAGNITUDE_IOU_ONLY,0.5018975606929719,0.40668730107530526,
223,OVERALL,SOURCE_STATE,0.536541889483066,0.3788559823094688,
223,OVERALL,SOURCE_PLUS_SIMPLE_MASK_CHANGE,0.4740008443568815,0.350013654667963,
223,OVERALL,FROZEN_FULL_TRANSITION_SAFETTA,0.6201801294680551,0.46159895757201486,
223,OVERALL,CHANGE_MAGNITUDE_ONLY,0.5087836570034713,0.37951003988637005,
223,OVERALL,CHANGE_MAGNITUDE_IOU_ONLY,0.5087836570034713,0.37951003988637005,
224,OVERALL,SOURCE_STATE,0.5046918767507003,0.36483446406018377,
224,OVERALL,SOURCE_PLUS_SIMPLE_MASK_CHANGE,0.428968253968254,0.3177178365438514,
224,OVERALL,FROZEN_FULL_TRANSITION_SAFETTA,0.6117063492063493,0.4731979840498693,
224,OVERALL,CHANGE_MAGNITUDE_ONLY,0.5099293884220355,0.4044170871196746,
224,OVERALL,CHANGE_MAGNITUDE_IOU_ONLY,0.5099293884220355,0.4044170871196746,
225,OVERALL,SOURCE_STATE,0.532384795073264,0.4009779114494656,
225,OVERALL,SOURCE_PLUS_SIMPLE_MASK_CHANGE,0.48287713337282473,0.36574111682259736,
225,OVERALL,FROZEN_FULL_TRANSITION_SAFETTA,0.6464385108023829,0.5073028556609128,
225,OVERALL,CHANGE_MAGNITUDE_ONLY,0.4959567904684199,0.3908547291121116,
225,OVERALL,CHANGE_MAGNITUDE_IOU_ONLY,0.4959567904684199,0.3908547291121116,
226,OVERALL,SOURCE_STATE,0.5497737287126354,0.39740623522137386,
226,OVERALL,SOURCE_PLUS_SIMPLE_MASK_CHANGE,0.505543646540431,0.3752825973243058,
226,OVERALL,FROZEN_FULL_TRANSITION_SAFETTA,0.6754197927831369,0.526879074345262,
226,OVERALL,CHANGE_MAGNITUDE_ONLY,0.5132100750267953,0.38562365594220205,
226,OVERALL,CHANGE_MAGNITUDE_IOU_ONLY,0.5132100750267953,0.38562365594220205,
227,OVERALL,SOURCE_STATE,0.47979680944482395,0.34727950379569433,
227,OVERALL,SOURCE_PLUS_SIMPLE_MASK_CHANGE,0.4477997853449117,0.33215731110065044,
227,OVERALL,FROZEN_FULL_TRANSITION_SAFETTA,0.6298541321104497,0.4923005406575386,
227,OVERALL,CHANGE_MAGNITUDE_ONLY,0.5144434822909552,0.3888686995747549,
227,OVERALL,CHANGE_MAGNITUDE_IOU_ONLY,0.5144434822909552,0.3888686995747549,
228,OVERALL,SOURCE_STATE,0.5193436339681399,0.3269724667890699,
228,OVERALL,SOURCE_PLUS_SIMPLE_MASK_CHANGE,0.4729907773386034,0.3120211170336804,
228,OVERALL,FROZEN_FULL_TRANSITION_SAFETTA,0.6412803928614206,0.42375109323261123,
228,OVERALL,CHANGE_MAGNITUDE_ONLY,0.49529584381363034,0.33727227417359396,
228,OVERALL,CHANGE_MAGNITUDE_IOU_ONLY,0.49529584381363034,0.33727227417359396,
229,OVERALL,SOURCE_STATE,0.5377406431331765,0.33573130045321076,
229,OVERALL,SOURCE_PLUS_SIMPLE_MASK_CHANGE,0.45019913256201477,0.28885500631603084,
229,OVERALL,FROZEN_FULL_TRANSITION_SAFETTA,0.61527234480069,0.3945796749370136,
229,OVERALL,CHANGE_MAGNITUDE_ONLY,0.4668506328515547,0.3242851887901483,
229,OVERALL,CHANGE_MAGNITUDE_IOU_ONLY,0.4668506328515547,0.3242851887901483,
230,OVERALL,SOURCE_STATE,0.5137107743126397,0.32400534796251196,
230,OVERALL,SOURCE_PLUS_SIMPLE_MASK_CHANGE,0.5023924026037112,0.32923820474638077,
230,OVERALL,FROZEN_FULL_TRANSITION_SAFETTA,0.6740563975517342,0.49022047445257133,
230,OVERALL,CHANGE_MAGNITUDE_ONLY,0.4823362965121928,0.33543468711343016,
230,OVERALL,CHANGE_MAGNITUDE_IOU_ONLY,0.4823362965121928,0.33543468711343016,
231,OVERALL,SOURCE_STATE,0.5226464916184541,0.4083768616715078,
231,OVERALL,SOURCE_PLUS_SIMPLE_MASK_CHANGE,0.4730633437175493,0.3799997415782558,
231,OVERALL,FROZEN_FULL_TRANSITION_SAFETTA,0.6584779706275034,0.5290517102001238,
231,OVERALL,CHANGE_MAGNITUDE_ONLY,0.49087079068387485,0.3948346366895777,
231,OVERALL,CHANGE_MAGNITUDE_IOU_ONLY,0.49087079068387485,0.3948346366895777,
232,OVERALL,SOURCE_STATE,0.5319146448406898,0.3893434611392931,
232,OVERALL,SOURCE_PLUS_SIMPLE_MASK_CHANGE,0.4756211634025139,0.3586885694335308,
232,OVERALL,FROZEN_FULL_TRANSITION_SAFETTA,0.6623326512715582,0.5062977583102899,
232,OVERALL,CHANGE_MAGNITUDE_ONLY,0.5057468576439639,0.3921922503737737,
232,OVERALL,CHANGE_MAGNITUDE_IOU_ONLY,0.5057468576439639,0.3921922503737737,
233,OVERALL,SOURCE_STATE,0.504904197080292,0.31645489133269444,
233,OVERALL,SOURCE_PLUS_SIMPLE_MASK_CHANGE,0.4565465328467153,0.2940310059962953,
233,OVERALL,FROZEN_FULL_TRANSITION_SAFETTA,0.6391106549067315,0.4309237885650088,
233,OVERALL,CHANGE_MAGNITUDE_ONLY,0.4603228913219789,0.31625720486153475,
233,OVERALL,CHANGE_MAGNITUDE_IOU_ONLY,0.4603228913219789,0.31625720486153475,
234,OVERALL,SOURCE_STATE,0.5523751016951967,0.4202659377467704,
234,OVERALL,SOURCE_PLUS_SIMPLE_MASK_CHANGE,0.48811480626719134,0.3996750052135111,
234,OVERALL,FROZEN_FULL_TRANSITION_SAFETTA,0.6552657357751249,0.5048821173700292,
234,OVERALL,CHANGE_MAGNITUDE_ONLY,0.4494346577230238,0.36693937659965087,
234,OVERALL,CHANGE_MAGNITUDE_IOU_ONLY,0.4494346577230238,0.36693937659965087,
235,OVERALL,SOURCE_STATE,0.5160794116233236,0.3436175341274063,
235,OVERALL,SOURCE_PLUS_SIMPLE_MASK_CHANGE,0.4934264288804499,0.3455655970880205,
235,OVERALL,FROZEN_FULL_TRANSITION_SAFETTA,0.6271270970533096,0.4441912048349615,
235,OVERALL,CHANGE_MAGNITUDE_ONLY,0.5395015142046821,0.3879808297555245,
235,OVERALL,CHANGE_MAGNITUDE_IOU_ONLY,0.5395015142046821,0.3879808297555245,
236,OVERALL,SOURCE_STATE,0.5457309718783723,0.32978643656785467,
236,OVERALL,SOURCE_PLUS_SIMPLE_MASK_CHANGE,0.5184218878943693,0.32266709943503735,
236,OVERALL,FROZEN_FULL_TRANSITION_SAFETTA,0.6839840030470385,0.45996317187552216,
236,OVERALL,CHANGE_MAGNITUDE_ONLY,0.48831968513933854,0.31423561705876824,
236,OVERALL,CHANGE_MAGNITUDE_IOU_ONLY,0.48831968513933854,0.31423561705876824,
237,OVERALL,SOURCE_STATE,0.5434837250219933,0.3811654192133342,
237,OVERALL,SOURCE_PLUS_SIMPLE_MASK_CHANGE,0.49529973608143774,0.3519250925325483,
237,OVERALL,FROZEN_FULL_TRANSITION_SAFETTA,0.6472979766243558,0.4613308963013645,
237,OVERALL,CHANGE_MAGNITUDE_ONLY,0.46761342214402407,0.33893355415028914,
237,OVERALL,CHANGE_MAGNITUDE_IOU_ONLY,0.46761342214402407,0.33893355415028914,
238,OVERALL,SOURCE_STATE,0.5180285441479471,0.37391516760929033,
238,OVERALL,SOURCE_PLUS_SIMPLE_MASK_CHANGE,0.48082190059802,0.3510037084236505,
238,OVERALL,FROZEN_FULL_TRANSITION_SAFETTA,0.6288067239559776,0.4730259879408465,
238,OVERALL,CHANGE_MAGNITUDE_ONLY,0.4889567314940449,0.3736567353464372,
238,OVERALL,CHANGE_MAGNITUDE_IOU_ONLY,0.4889567314940449,0.3736567353464372,
239,OVERALL,SOURCE_STATE,0.5305425111220959,0.35450265385772534,
239,OVERALL,SOURCE_PLUS_SIMPLE_MASK_CHANGE,0.47430177953534347,0.3097126484279659,
239,OVERALL,FROZEN_FULL_TRANSITION_SAFETTA,0.6403299555116164,0.4418673958591304,
239,OVERALL,CHANGE_MAGNITUDE_ONLY,0.4989650271873455,0.3499261643833404,
239,OVERALL,CHANGE_MAGNITUDE_IOU_ONLY,0.4989650271873455,0.3499261643833404,
240,OVERALL,SOURCE_STATE,0.5096747189667544,0.36078204942321446,
240,OVERALL,SOURCE_PLUS_SIMPLE_MASK_CHANGE,0.47568763453719204,0.33331770283509615,
240,OVERALL,FROZEN_FULL_TRANSITION_SAFETTA,0.595886151638364,0.45595668191466765,
240,OVERALL,CHANGE_MAGNITUDE_ONLY,0.49660667304472617,0.3725231070221271,
240,OVERALL,CHANGE_MAGNITUDE_IOU_ONLY,0.49660667304472617,0.3725231070221271,
241,OVERALL,SOURCE_STATE,0.5248396887337121,0.4047386796189544,
241,OVERALL,SOURCE_PLUS_SIMPLE_MASK_CHANGE,0.5121631181397047,0.3858827544184865,
241,OVERALL,FROZEN_FULL_TRANSITION_SAFETTA,0.6518335957645878,0.536480216338997,
241,OVERALL,CHANGE_MAGNITUDE_ONLY,0.4975069030829967,0.3835762374064229,
241,OVERALL,CHANGE_MAGNITUDE_IOU_ONLY,0.4975069030829967,0.3835762374064229,
242,OVERALL,SOURCE_STATE,0.5031058101086443,0.3417475433330833,
242,OVERALL,SOURCE_PLUS_SIMPLE_MASK_CHANGE,0.4765824279641002,0.3401462302940144,
242,OVERALL,FROZEN_FULL_TRANSITION_SAFETTA,0.6479038734057629,0.4612885020054507,
242,OVERALL,CHANGE_MAGNITUDE_ONLY,0.5012812942843647,0.37007433064111883,
242,OVERALL,CHANGE_MAGNITUDE_IOU_ONLY,0.5012812942843647,0.37007433064111883,
243,OVERALL,SOURCE_STATE,0.5177174246941688,0.3644825916105956,
243,OVERALL,SOURCE_PLUS_SIMPLE_MASK_CHANGE,0.474392102299079,0.34557148424874046,
243,OVERALL,FROZEN_FULL_TRANSITION_SAFETTA,0.6441396673954813,0.4993052329919621,
243,OVERALL,CHANGE_MAGNITUDE_ONLY,0.4840895538569957,0.36556486844680747,
243,OVERALL,CHANGE_MAGNITUDE_IOU_ONLY,0.4840895538569957,0.36556486844680747,
244,OVERALL,SOURCE_STATE,0.5137142009200178,0.33959674988051525,
244,OVERALL,SOURCE_PLUS_SIMPLE_MASK_CHANGE,0.4779403472325271,0.3265481093557263,
244,OVERALL,FROZEN_FULL_TRANSITION_SAFETTA,0.6363021219765543,0.44001650590279284,
244,OVERALL,CHANGE_MAGNITUDE_ONLY,0.4847870603947173,0.35002926181921123,
244,OVERALL,CHANGE_MAGNITUDE_IOU_ONLY,0.4847870603947173,0.35002926181921123,
245,OVERALL,SOURCE_STATE,0.5345801876000915,0.37732213994556246,
245,OVERALL,SOURCE_PLUS_SIMPLE_MASK_CHANGE,0.4844143216655228,0.349284415386213,
245,OVERALL,FROZEN_FULL_TRANSITION_SAFETTA,0.6613017616106154,0.4905869427412137,
245,OVERALL,CHANGE_MAGNITUDE_ONLY,0.4937657286662091,0.3734172748995591,
245,OVERALL,CHANGE_MAGNITUDE_IOU_ONLY,0.4937657286662091,0.3734172748995591,
246,OVERALL,SOURCE_STATE,0.5072243250380394,0.3348294970350505,
246,OVERALL,SOURCE_PLUS_SIMPLE_MASK_CHANGE,0.4601687562088955,0.3068903718518367,
246,OVERALL,FROZEN_FULL_TRANSITION_SAFETTA,0.626586019139117,0.45420535170248816,
246,OVERALL,CHANGE_MAGNITUDE_ONLY,0.49539755793921253,0.3568203173399598,
246,OVERALL,CHANGE_MAGNITUDE_IOU_ONLY,0.49539755793921253,0.3568203173399598,
247,OVERALL,SOURCE_STATE,0.5427987839635189,0.3824169090818237,
247,OVERALL,SOURCE_PLUS_SIMPLE_MASK_CHANGE,0.4732626353790614,0.3396132262175731,
247,OVERALL,FROZEN_FULL_TRANSITION_SAFETTA,0.64071109633289,0.483239012245615,
247,OVERALL,CHANGE_MAGNITUDE_ONLY,0.46911219836595097,0.35482675310923284,
247,OVERALL,CHANGE_MAGNITUDE_IOU_ONLY,0.46911219836595097,0.35482675310923284,
248,OVERALL,SOURCE_STATE,0.5230692378063461,0.32155392047270215,
248,OVERALL,SOURCE_PLUS_SIMPLE_MASK_CHANGE,0.5103218739467476,0.3203048874145319,
248,OVERALL,FROZEN_FULL_TRANSITION_SAFETTA,0.6912285136501517,0.46375742258791464,
248,OVERALL,CHANGE_MAGNITUDE_ONLY,0.474198324425827,0.3076031804010716,
248,OVERALL,CHANGE_MAGNITUDE_IOU_ONLY,0.474198324425827,0.3076031804010716,
249,OVERALL,SOURCE_STATE,0.5343527580071175,0.417812504382396,
249,OVERALL,SOURCE_PLUS_SIMPLE_MASK_CHANGE,0.4971085409252668,0.383166509079429,
249,OVERALL,FROZEN_FULL_TRANSITION_SAFETTA,0.6357428825622775,0.49691824376601174,
249,OVERALL,CHANGE_MAGNITUDE_ONLY,0.5206489101423488,0.39843747528948403,
249,OVERALL,CHANGE_MAGNITUDE_IOU_ONLY,0.5206489101423488,0.39843747528948403,
250,OVERALL,SOURCE_STATE,0.5001000294204178,0.3639148884180953,
250,OVERALL,SOURCE_PLUS_SIMPLE_MASK_CHANGE,0.44702559576345985,0.32181035566579635,
250,OVERALL,FROZEN_FULL_TRANSITION_SAFETTA,0.612568402471315,0.44877345230751026,
250,OVERALL,CHANGE_MAGNITUDE_ONLY,0.4802118270079435,0.3673177830173391,
250,OVERALL,CHANGE_MAGNITUDE_IOU_ONLY,0.4802118270079435,0.3673177830173391,
251,OVERALL,SOURCE_STATE,0.5499141691290277,0.3941825866612245,
251,OVERALL,SOURCE_PLUS_SIMPLE_MASK_CHANGE,0.46666103841283235,0.336106599671825,
251,OVERALL,FROZEN_FULL_TRANSITION_SAFETTA,0.6342479245813986,0.4831593664894902,
251,OVERALL,CHANGE_MAGNITUDE_ONLY,0.5161671591388771,0.3886136459883491,
251,OVERALL,CHANGE_MAGNITUDE_IOU_ONLY,0.5161671591388771,0.3886136459883491,
252,OVERALL,SOURCE_STATE,0.5266786828026206,0.36562276255365395,
252,OVERALL,SOURCE_PLUS_SIMPLE_MASK_CHANGE,0.5314794152147169,0.40285208681992735,
252,OVERALL,FROZEN_FULL_TRANSITION_SAFETTA,0.6661860212285067,0.525566570528473,
252,OVERALL,CHANGE_MAGNITUDE_ONLY,0.492893313878637,0.3461484664868568,
252,OVERALL,CHANGE_MAGNITUDE_IOU_ONLY,0.492893313878637,0.3461484664868568,
253,OVERALL,SOURCE_STATE,0.5353503071623877,0.37376012196696895,
253,OVERALL,SOURCE_PLUS_SIMPLE_MASK_CHANGE,0.48879064427162866,0.35481441494180466,
253,OVERALL,FROZEN_FULL_TRANSITION_SAFETTA,0.6609436217937337,0.489838923421416,
253,OVERALL,CHANGE_MAGNITUDE_ONLY,0.4724796704662476,0.346252750745384,
253,OVERALL,CHANGE_MAGNITUDE_IOU_ONLY,0.4724796704662476,0.346252750745384,
254,OVERALL,SOURCE_STATE,0.48759810598689757,0.3133284225389895,
254,OVERALL,SOURCE_PLUS_SIMPLE_MASK_CHANGE,0.49492767723941095,0.33447079315479167,
254,OVERALL,FROZEN_FULL_TRANSITION_SAFETTA,0.5953946941687748,0.4177853300225664,
254,OVERALL,CHANGE_MAGNITUDE_ONLY,0.5436855419342285,0.37693040291866564,
254,OVERALL,CHANGE_MAGNITUDE_IOU_ONLY,0.5436855419342285,0.37693040291866564,
255,OVERALL,SOURCE_STATE,0.4909816071078824,0.34111270904573154,
255,OVERALL,SOURCE_PLUS_SIMPLE_MASK_CHANGE,0.5187935117426064,0.363559757741086,
255,OVERALL,FROZEN_FULL_TRANSITION_SAFETTA,0.6464695024601013,0.4878029544456507,
255,OVERALL,CHANGE_MAGNITUDE_ONLY,0.5567010309278351,0.38828247142439737,
255,OVERALL,CHANGE_MAGNITUDE_IOU_ONLY,0.5567010309278351,0.38828247142439737,
256,OVERALL,SOURCE_STATE,0.5305612978880305,0.379836522555567,
256,OVERALL,SOURCE_PLUS_SIMPLE_MASK_CHANGE,0.4976970224494977,0.36992161054419176,
256,OVERALL,FROZEN_FULL_TRANSITION_SAFETTA,0.6321703598931322,0.4891998895055133,
256,OVERALL,CHANGE_MAGNITUDE_ONLY,0.4975761312394976,0.3737518423377393,
256,OVERALL,CHANGE_MAGNITUDE_IOU_ONLY,0.4975761312394976,0.3737518423377393,
257,OVERALL,SOURCE_STATE,0.5172382132855896,0.37382432162948864,
257,OVERALL,SOURCE_PLUS_SIMPLE_MASK_CHANGE,0.5088371665978055,0.3928734034121382,
257,OVERALL,FROZEN_FULL_TRANSITION_SAFETTA,0.6580188679245284,0.510198245666019,
257,OVERALL,CHANGE_MAGNITUDE_ONLY,0.5020199237937841,0.38275251197323285,
257,OVERALL,CHANGE_MAGNITUDE_IOU_ONLY,0.5020199237937841,0.38275251197323285,
258,OVERALL,SOURCE_STATE,0.5251496869143928,0.38390141322869464,
258,OVERALL,SOURCE_PLUS_SIMPLE_MASK_CHANGE,0.4710053018876548,0.35376238016956707,
258,OVERALL,FROZEN_FULL_TRANSITION_SAFETTA,0.6164244252479546,0.4737642128729903,
258,OVERALL,CHANGE_MAGNITUDE_ONLY,0.5037735956853604,0.38917024984578347,
258,OVERALL,CHANGE_MAGNITUDE_IOU_ONLY,0.5037735956853604,0.38917024984578347,
259,OVERALL,SOURCE_STATE,0.516767991572109,0.36966425052376295,
259,OVERALL,SOURCE_PLUS_SIMPLE_MASK_CHANGE,0.45099093562759257,0.344514018583595,
259,OVERALL,FROZEN_FULL_TRANSITION_SAFETTA,0.626692711191098,0.45785556631905167,
259,OVERALL,CHANGE_MAGNITUDE_ONLY,0.4812704387331826,0.3801147006134027,
259,OVERALL,CHANGE_MAGNITUDE_IOU_ONLY,0.4812704387331826,0.3801147006134027,
260,OVERALL,SOURCE_STATE,0.5646220343186461,0.3833789498590363,
260,OVERALL,SOURCE_PLUS_SIMPLE_MASK_CHANGE,0.4564108317488811,0.3178697443852739,
260,OVERALL,FROZEN_FULL_TRANSITION_SAFETTA,0.6478677799166244,0.46032563229513307,
260,OVERALL,CHANGE_MAGNITUDE_ONLY,0.49670512653967425,0.36404333053855287,
260,OVERALL,CHANGE_MAGNITUDE_IOU_ONLY,0.49670512653967425,0.36404333053855287,
261,OVERALL,SOURCE_STATE,0.4812064676616915,0.29892387838368817,
261,OVERALL,SOURCE_PLUS_SIMPLE_MASK_CHANGE,0.45950248756218903,0.3130224417263341,
261,OVERALL,FROZEN_FULL_TRANSITION_SAFETTA,0.6321703980099502,0.4231102945909865,
261,OVERALL,CHANGE_MAGNITUDE_ONLY,0.5005597014925373,0.34490980242976177,
261,OVERALL,CHANGE_MAGNITUDE_IOU_ONLY,0.5005597014925373,0.34490980242976177,
262,OVERALL,SOURCE_STATE,0.5572560876976869,0.398135445983988,
262,OVERALL,SOURCE_PLUS_SIMPLE_MASK_CHANGE,0.4899585650826832,0.3623508377106892,
262,OVERALL,FROZEN_FULL_TRANSITION_SAFETTA,0.6547712369504897,0.5085638815565456,
262,OVERALL,CHANGE_MAGNITUDE_ONLY,0.48082235245809846,0.36410747767737167,
262,OVERALL,CHANGE_MAGNITUDE_IOU_ONLY,0.48082235245809846,0.36410747767737167,
263,OVERALL,SOURCE_STATE,0.47287559737156515,0.30495158439897785,
263,OVERALL,SOURCE_PLUS_SIMPLE_MASK_CHANGE,0.43000174233373156,0.29510885456292185,
263,OVERALL,FROZEN_FULL_TRANSITION_SAFETTA,0.6161203205894066,0.42113789527365403,
263,OVERALL,CHANGE_MAGNITUDE_ONLY,0.4649324223416965,0.34284994819551085,
263,OVERALL,CHANGE_MAGNITUDE_IOU_ONLY,0.4649324223416965,0.34284994819551085,
264,OVERALL,SOURCE_STATE,0.5325623822975518,0.3966585549474028,
264,OVERALL,SOURCE_PLUS_SIMPLE_MASK_CHANGE,0.5084510357815443,0.3985587176676007,
264,OVERALL,FROZEN_FULL_TRANSITION_SAFETTA,0.6552083333333333,0.5219090501925899,
264,OVERALL,CHANGE_MAGNITUDE_ONLY,0.4928584039548023,0.3808461634654711,
264,OVERALL,CHANGE_MAGNITUDE_IOU_ONLY,0.4928584039548023,0.3808461634654711,
265,OVERALL,SOURCE_STATE,0.5024059236460755,0.3557917425861399,
265,OVERALL,SOURCE_PLUS_SIMPLE_MASK_CHANGE,0.47598258144734573,0.3418261485101066,
265,OVERALL,FROZEN_FULL_TRANSITION_SAFETTA,0.6082163825836777,0.4536986596033183,
265,OVERALL,CHANGE_MAGNITUDE_ONLY,0.4786589275658075,0.36343649268021816,
265,OVERALL,CHANGE_MAGNITUDE_IOU_ONLY,0.4786589275658075,0.36343649268021816,
266,OVERALL,SOURCE_STATE,0.50929422015684,0.3762455205448276,
266,OVERALL,SOURCE_PLUS_SIMPLE_MASK_CHANGE,0.46642462968341564,0.3522414898732853,
266,OVERALL,FROZEN_FULL_TRANSITION_SAFETTA,0.6681092070868428,0.5353517571494056,
266,OVERALL,CHANGE_MAGNITUDE_ONLY,0.47566076096427534,0.37591794740450263,
266,OVERALL,CHANGE_MAGNITUDE_IOU_ONLY,0.47566076096427534,0.37591794740450263,
267,OVERALL,SOURCE_STATE,0.5084037911839927,0.33757405373865235,
267,OVERALL,SOURCE_PLUS_SIMPLE_MASK_CHANGE,0.45831803821272754,0.3144560107425708,
267,OVERALL,FROZEN_FULL_TRANSITION_SAFETTA,0.6429426809086807,0.45824328796128966,
267,OVERALL,CHANGE_MAGNITUDE_ONLY,0.46544305701820365,0.34011477450918803,
267,OVERALL,CHANGE_MAGNITUDE_IOU_ONLY,0.46544305701820365,0.34011477450918803,
268,OVERALL,SOURCE_STATE,0.5373841075107698,0.3807172644577432,
268,OVERALL,SOURCE_PLUS_SIMPLE_MASK_CHANGE,0.5408199100955234,0.4118549532060444,
268,OVERALL,FROZEN_FULL_TRANSITION_SAFETTA,0.6710058063307736,0.518806359268223,
268,OVERALL,CHANGE_MAGNITUDE_ONLY,0.5073340044952238,0.36246100254677377,
268,OVERALL,CHANGE_MAGNITUDE_IOU_ONLY,0.5073340044952238,0.36246100254677377,
269,OVERALL,SOURCE_STATE,0.5301022340022719,0.37420767914574093,
269,OVERALL,SOURCE_PLUS_SIMPLE_MASK_CHANGE,0.4497601918465228,0.3062821798801305,
269,OVERALL,FROZEN_FULL_TRANSITION_SAFETTA,0.6467310362236527,0.46071480331687614,
269,OVERALL,CHANGE_MAGNITUDE_ONLY,0.5002208759308343,0.3674604946965571,
269,OVERALL,CHANGE_MAGNITUDE_IOU_ONLY,0.5002208759308343,0.3674604946965571,
270,OVERALL,SOURCE_STATE,0.5552863525706948,0.39245236762620905,
270,OVERALL,SOURCE_PLUS_SIMPLE_MASK_CHANGE,0.4927286143405786,0.35038876087417353,
270,OVERALL,FROZEN_FULL_TRANSITION_SAFETTA,0.6347399673470336,0.46983252574668977,
270,OVERALL,CHANGE_MAGNITUDE_ONLY,0.48354278874925194,0.3527048414485584,
270,OVERALL,CHANGE_MAGNITUDE_IOU_ONLY,0.48354278874925194,0.3527048414485584,
271,OVERALL,SOURCE_STATE,0.5412243272458327,0.3926797362608764,
271,OVERALL,SOURCE_PLUS_SIMPLE_MASK_CHANGE,0.4644307902372419,0.33757724809021394,
271,OVERALL,FROZEN_FULL_TRANSITION_SAFETTA,0.6446321897934801,0.48904847950410923,
271,OVERALL,CHANGE_MAGNITUDE_ONLY,0.46625704045058886,0.3604309808004186,
271,OVERALL,CHANGE_MAGNITUDE_IOU_ONLY,0.46625704045058886,0.3604309808004186,
272,OVERALL,SOURCE_STATE,0.5002256290171112,0.3575795271407299,
272,OVERALL,SOURCE_PLUS_SIMPLE_MASK_CHANGE,0.4633078433524813,0.34835366815285723,
272,OVERALL,FROZEN_FULL_TRANSITION_SAFETTA,0.6179917797860793,0.46318171928156915,
272,OVERALL,CHANGE_MAGNITUDE_ONLY,0.4888618540607125,0.3847215428953631,
272,OVERALL,CHANGE_MAGNITUDE_IOU_ONLY,0.4888618540607125,0.3847215428953631,
273,OVERALL,SOURCE_STATE,0.521076445290863,0.37863138130639445,
273,OVERALL,SOURCE_PLUS_SIMPLE_MASK_CHANGE,0.48879428916397494,0.3736591450043025,
273,OVERALL,FROZEN_FULL_TRANSITION_SAFETTA,0.6313473614767514,0.49129511588176816,
273,OVERALL,CHANGE_MAGNITUDE_ONLY,0.5375255948268887,0.4132838673243084,
273,OVERALL,CHANGE_MAGNITUDE_IOU_ONLY,0.5375255948268887,0.4132838673243084,
274,OVERALL,SOURCE_STATE,0.4925299642110825,0.3725926273951868,
274,OVERALL,SOURCE_PLUS_SIMPLE_MASK_CHANGE,0.4477337688852593,0.359304869108367,
274,OVERALL,FROZEN_FULL_TRANSITION_SAFETTA,0.6287260106165783,0.49379360976008324,
274,OVERALL,CHANGE_MAGNITUDE_ONLY,0.5015552566473711,0.41543396962413803,
274,OVERALL,CHANGE_MAGNITUDE_IOU_ONLY,0.5015552566473711,0.41543396962413803,
275,OVERALL,SOURCE_STATE,0.5430186170212766,0.37837932156583637,
275,OVERALL,SOURCE_PLUS_SIMPLE_MASK_CHANGE,0.48607047872340425,0.3664799471006993,
275,OVERALL,FROZEN_FULL_TRANSITION_SAFETTA,0.6469858156028369,0.4849023395760724,
275,OVERALL,CHANGE_MAGNITUDE_ONLY,0.47276152482269507,0.35310848608401085,
275,OVERALL,CHANGE_MAGNITUDE_IOU_ONLY,0.47276152482269507,0.35310848608401085,
276,OVERALL,SOURCE_STATE,0.5123327720518845,0.3465341385335362,
276,OVERALL,SOURCE_PLUS_SIMPLE_MASK_CHANGE,0.465123451079079,0.3365785835627784,
276,OVERALL,FROZEN_FULL_TRANSITION_SAFETTA,0.6086017923998791,0.44102029315386215,
276,OVERALL,CHANGE_MAGNITUDE_ONLY,0.48621776486624846,0.3545038516635006,
276,OVERALL,CHANGE_MAGNITUDE_IOU_ONLY,0.48621776486624846,0.3545038516635006,
277,OVERALL,SOURCE_STATE,0.5352470482905266,0.41417915200430677,
277,OVERALL,SOURCE_PLUS_SIMPLE_MASK_CHANGE,0.4698338089642437,0.3815105250567281,
277,OVERALL,FROZEN_FULL_TRANSITION_SAFETTA,0.651161098987186,0.5152727217409854,
277,OVERALL,CHANGE_MAGNITUDE_ONLY,0.48935426109339153,0.4227985104616604,
277,OVERALL,CHANGE_MAGNITUDE_IOU_ONLY,0.48935426109339153,0.4227985104616604,
278,OVERALL,SOURCE_STATE,0.5281119714115545,0.35458018973021643,
278,OVERALL,SOURCE_PLUS_SIMPLE_MASK_CHANGE,0.48028588445503273,0.3194645500676265,
278,OVERALL,FROZEN_FULL_TRANSITION_SAFETTA,0.6202382370458606,0.4288772775271705,
278,OVERALL,CHANGE_MAGNITUDE_ONLY,0.46718880285884457,0.33516665219786546,
278,OVERALL,CHANGE_MAGNITUDE_IOU_ONLY,0.46718880285884457,0.33516665219786546,
279,OVERALL,SOURCE_STATE,0.540768676037689,0.4327368098572578,
279,OVERALL,SOURCE_PLUS_SIMPLE_MASK_CHANGE,0.49889462919834016,0.40751873851059134,
279,OVERALL,FROZEN_FULL_TRANSITION_SAFETTA,0.6400628938252924,0.5248191941858706,
279,OVERALL,CHANGE_MAGNITUDE_ONLY,0.4962789790393323,0.41571262933999187,
279,OVERALL,CHANGE_MAGNITUDE_IOU_ONLY,0.4962789790393323,0.41571262933999187,
280,OVERALL,SOURCE_STATE,0.4871282967321635,0.3452271262809178,
280,OVERALL,SOURCE_PLUS_SIMPLE_MASK_CHANGE,0.45362684319288293,0.34499588929106845,
280,OVERALL,FROZEN_FULL_TRANSITION_SAFETTA,0.6090796586225818,0.45921290885709776,
280,OVERALL,CHANGE_MAGNITUDE_ONLY,0.49061912600842933,0.38653036216719217,
280,OVERALL,CHANGE_MAGNITUDE_IOU_ONLY,0.49061912600842933,0.38653036216719217,
281,OVERALL,SOURCE_STATE,0.5266867369978696,0.3675586489321533,
281,OVERALL,SOURCE_PLUS_SIMPLE_MASK_CHANGE,0.5289701623910908,0.3774655511463545,
281,OVERALL,FROZEN_FULL_TRANSITION_SAFETTA,0.668731104335957,0.5143844814433386,
281,OVERALL,CHANGE_MAGNITUDE_ONLY,0.5523848400964396,0.39016362777409924,
281,OVERALL,CHANGE_MAGNITUDE_IOU_ONLY,0.5523848400964396,0.39016362777409924,
282,OVERALL,SOURCE_STATE,0.5822045338174371,0.4110019272137638,
282,OVERALL,SOURCE_PLUS_SIMPLE_MASK_CHANGE,0.5161813992459153,0.36480520861689725,
282,OVERALL,FROZEN_FULL_TRANSITION_SAFETTA,0.6560012568077085,0.48525471726502994,
282,OVERALL,CHANGE_MAGNITUDE_ONLY,0.4906670390541358,0.3516898370394892,
282,OVERALL,CHANGE_MAGNITUDE_IOU_ONLY,0.4906670390541358,0.3516898370394892,
283,OVERALL,SOURCE_STATE,0.5397230684021047,0.3882168082681683,
283,OVERALL,SOURCE_PLUS_SIMPLE_MASK_CHANGE,0.47201329271669895,0.3501009281028457,
283,OVERALL,FROZEN_FULL_TRANSITION_SAFETTA,0.6167875934644144,0.44490909663654166,
283,OVERALL,CHANGE_MAGNITUDE_ONLY,0.48283301024646913,0.37622588767358545,
283,OVERALL,CHANGE_MAGNITUDE_IOU_ONLY,0.48283301024646913,0.37622588767358545,
284,OVERALL,SOURCE_STATE,0.5027789874172034,0.3742094736684414,
284,OVERALL,SOURCE_PLUS_SIMPLE_MASK_CHANGE,0.4549001856478192,0.34251468048506195,
284,OVERALL,FROZEN_FULL_TRANSITION_SAFETTA,0.6071313974009305,0.4380842886358749,
284,OVERALL,CHANGE_MAGNITUDE_ONLY,0.48028924388622773,0.38301317595428924,
284,OVERALL,CHANGE_MAGNITUDE_IOU_ONLY,0.48028924388622773,0.38301317595428924,
285,OVERALL,SOURCE_STATE,0.5313133513667254,0.3737000483263885,
285,OVERALL,SOURCE_PLUS_SIMPLE_MASK_CHANGE,0.4968744137634721,0.35642908545031265,
285,OVERALL,FROZEN_FULL_TRANSITION_SAFETTA,0.6466181338464984,0.4772522625489538,
285,OVERALL,CHANGE_MAGNITUDE_ONLY,0.502925887599925,0.36907038220174737,
285,OVERALL,CHANGE_MAGNITUDE_IOU_ONLY,0.502925887599925,0.36907038220174737,
286,OVERALL,SOURCE_STATE,0.5280855821900599,0.3354575803031874,
286,OVERALL,SOURCE_PLUS_SIMPLE_MASK_CHANGE,0.4614176591788532,0.3091572238503708,
286,OVERALL,FROZEN_FULL_TRANSITION_SAFETTA,0.624930901050304,0.42425122237530377,
286,OVERALL,CHANGE_MAGNITUDE_ONLY,0.49281999095431933,0.3316632740628215,
286,OVERALL,CHANGE_MAGNITUDE_IOU_ONLY,0.49281999095431933,0.3316632740628215,
287,OVERALL,SOURCE_STATE,0.4963660071432621,0.34262079193188155,
287,OVERALL,SOURCE_PLUS_SIMPLE_MASK_CHANGE,0.46325755428312265,0.33246633606602716,
287,OVERALL,FROZEN_FULL_TRANSITION_SAFETTA,0.668666024151029,0.5024991945642436,
287,OVERALL,CHANGE_MAGNITUDE_ONLY,0.4798911502919667,0.36458135855222273,
287,OVERALL,CHANGE_MAGNITUDE_IOU_ONLY,0.4798911502919667,0.36458135855222273,
288,OVERALL,SOURCE_STATE,0.5247986854832132,0.3910361054731659,
288,OVERALL,SOURCE_PLUS_SIMPLE_MASK_CHANGE,0.5094451760263836,0.4007215624196072,
288,OVERALL,FROZEN_FULL_TRANSITION_SAFETTA,0.6491883324981647,0.49525792522767464,
288,OVERALL,CHANGE_MAGNITUDE_ONLY,0.49647481092167667,0.37332760732748077,
288,OVERALL,CHANGE_MAGNITUDE_IOU_ONLY,0.49647481092167667,0.37332760732748077,
289,OVERALL,SOURCE_STATE,0.5231060699868744,0.36934787721704193,
289,OVERALL,SOURCE_PLUS_SIMPLE_MASK_CHANGE,0.47454741325936745,0.35175886646452076,
289,OVERALL,FROZEN_FULL_TRANSITION_SAFETTA,0.6322221947051685,0.4650905639436523,
289,OVERALL,CHANGE_MAGNITUDE_ONLY,0.4777111865078382,0.36926111945094353,
289,OVERALL,CHANGE_MAGNITUDE_IOU_ONLY,0.4777111865078382,0.36926111945094353,
290,OVERALL,SOURCE_STATE,0.506820560391989,0.3274862046257989,
290,OVERALL,SOURCE_PLUS_SIMPLE_MASK_CHANGE,0.45915394129679843,0.3068021234747262,
290,OVERALL,FROZEN_FULL_TRANSITION_SAFETTA,0.6493565957851671,0.4579168235605379,
290,OVERALL,CHANGE_MAGNITUDE_ONLY,0.495222039864897,0.35275027260331815,
290,OVERALL,CHANGE_MAGNITUDE_IOU_ONLY,0.495222039864897,0.35275027260331815,
291,OVERALL,SOURCE_STATE,0.5190403989774949,0.37166476047141755,
291,OVERALL,SOURCE_PLUS_SIMPLE_MASK_CHANGE,0.4846937496867325,0.34355260993951997,
291,OVERALL,FROZEN_FULL_TRANSITION_SAFETTA,0.6315159641120747,0.4686072020802058,
291,OVERALL,CHANGE_MAGNITUDE_ONLY,0.510989424089018,0.3642677631550766,
291,OVERALL,CHANGE_MAGNITUDE_IOU_ONLY,0.510989424089018,0.3642677631550766,
292,OVERALL,SOURCE_STATE,0.5353132387706856,0.3713987632162693,
292,OVERALL,SOURCE_PLUS_SIMPLE_MASK_CHANGE,0.475780634357762,0.3284289599491419,
292,OVERALL,FROZEN_FULL_TRANSITION_SAFETTA,0.6547047379826635,0.46135630723353627,
292,OVERALL,CHANGE_MAGNITUDE_ONLY,0.48646818360914107,0.3544445235019811,
292,OVERALL,CHANGE_MAGNITUDE_IOU_ONLY,0.48646818360914107,0.3544445235019811,
293,OVERALL,SOURCE_STATE,0.5456275518442482,0.3835073556949927,
293,OVERALL,SOURCE_PLUS_SIMPLE_MASK_CHANGE,0.49344882470992596,0.36246047073502924,
293,OVERALL,FROZEN_FULL_TRANSITION_SAFETTA,0.6720317870406681,0.48493004026061537,
293,OVERALL,CHANGE_MAGNITUDE_ONLY,0.46434338308228185,0.34234027944163803,
293,OVERALL,CHANGE_MAGNITUDE_IOU_ONLY,0.46434338308228185,0.34234027944163803,
294,OVERALL,SOURCE_STATE,0.5338646115101204,0.3819068196150834,
294,OVERALL,SOURCE_PLUS_SIMPLE_MASK_CHANGE,0.49123799085906167,0.349087353366791,
294,OVERALL,FROZEN_FULL_TRANSITION_SAFETTA,0.6580193079003824,0.48297646202240363,
294,OVERALL,CHANGE_MAGNITUDE_ONLY,0.5063601809532693,0.3700486329071765,
294,OVERALL,CHANGE_MAGNITUDE_IOU_ONLY,0.5063601809532693,0.3700486329071765,
295,OVERALL,SOURCE_STATE,0.5586381716128053,0.4113931742217223,
295,OVERALL,SOURCE_PLUS_SIMPLE_MASK_CHANGE,0.4827084708342338,0.364925922263721,
295,OVERALL,FROZEN_FULL_TRANSITION_SAFETTA,0.6617039793003954,0.5027007603191527,
295,OVERALL,CHANGE_MAGNITUDE_ONLY,0.46933316200477776,0.36212700000895176,
295,OVERALL,CHANGE_MAGNITUDE_IOU_ONLY,0.46933316200477776,0.36212700000895176,
296,OVERALL,SOURCE_STATE,0.5929194358495518,0.3885179718092484,
296,OVERALL,SOURCE_PLUS_SIMPLE_MASK_CHANGE,0.5095479595012724,0.3371044223709887,
296,OVERALL,FROZEN_FULL_TRANSITION_SAFETTA,0.6772795791452302,0.4695481949611511,
296,OVERALL,CHANGE_MAGNITUDE_ONLY,0.47846597948210934,0.3163401519383756,
296,OVERALL,CHANGE_MAGNITUDE_IOU_ONLY,0.47846597948210934,0.3163401519383756,
297,OVERALL,SOURCE_STATE,0.5464307320024199,0.3670582435914915,
297,OVERALL,SOURCE_PLUS_SIMPLE_MASK_CHANGE,0.48271916673242327,0.3222932255767824,
297,OVERALL,FROZEN_FULL_TRANSITION_SAFETTA,0.6230503169467898,0.4315893523463261,
297,OVERALL,CHANGE_MAGNITUDE_ONLY,0.5035442804913333,0.35527431219194044,
297,OVERALL,CHANGE_MAGNITUDE_IOU_ONLY,0.5035442804913333,0.35527431219194044,
298,OVERALL,SOURCE_STATE,0.49081633223252247,0.36464814717287614,
298,OVERALL,SOURCE_PLUS_SIMPLE_MASK_CHANGE,0.4516062338300951,0.3323944423773389,
298,OVERALL,FROZEN_FULL_TRANSITION_SAFETTA,0.613855687615599,0.4674497027215394,
298,OVERALL,CHANGE_MAGNITUDE_ONLY,0.472415469465073,0.3735323864503364,
298,OVERALL,CHANGE_MAGNITUDE_IOU_ONLY,0.472415469465073,0.3735323864503364,
299,OVERALL,SOURCE_STATE,0.5421214087664444,0.4425924224074774,
299,OVERALL,SOURCE_PLUS_SIMPLE_MASK_CHANGE,0.4784850451300807,0.40356296406051884,
299,OVERALL,FROZEN_FULL_TRANSITION_SAFETTA,0.6185711757418442,0.4939149097247994,
299,OVERALL,CHANGE_MAGNITUDE_ONLY,0.5196478083888856,0.4426241057067072,
299,OVERALL,CHANGE_MAGNITUDE_IOU_ONLY,0.5196478083888856,0.4426241057067072,
300,OVERALL,SOURCE_STATE,0.5105418220319476,0.3633134904883763,
300,OVERALL,SOURCE_PLUS_SIMPLE_MASK_CHANGE,0.5016860010127514,0.38431166806983086,
300,OVERALL,FROZEN_FULL_TRANSITION_SAFETTA,0.6325898816922156,0.48251121011163944,
300,OVERALL,CHANGE_MAGNITUDE_ONLY,0.4764477742484924,0.35920330475055845,
300,OVERALL,CHANGE_MAGNITUDE_IOU_ONLY,0.4764477742484924,0.35920330475055845,
301,OVERALL,SOURCE_STATE,0.5180660421327368,0.3658501907896551,
301,OVERALL,SOURCE_PLUS_SIMPLE_MASK_CHANGE,0.498555182699478,0.3568620544838847,
301,OVERALL,FROZEN_FULL_TRANSITION_SAFETTA,0.6214636931394482,0.44836138908643863,
301,OVERALL,CHANGE_MAGNITUDE_ONLY,0.4944479399701715,0.3518103622013782,
301,OVERALL,CHANGE_MAGNITUDE_IOU_ONLY,0.4944479399701715,0.3518103622013782,
302,OVERALL,SOURCE_STATE,0.49080664294187426,0.3421633806957578,
302,OVERALL,SOURCE_PLUS_SIMPLE_MASK_CHANGE,0.4636685041750983,0.33315521104500034,
302,OVERALL,FROZEN_FULL_TRANSITION_SAFETTA,0.6481752843486149,0.48493886580224554,
302,OVERALL,CHANGE_MAGNITUDE_ONLY,0.47073360779661805,0.3536724867965225,
302,OVERALL,CHANGE_MAGNITUDE_IOU_ONLY,0.47073360779661805,0.3536724867965225,
303,OVERALL,SOURCE_STATE,0.4819872690575998,0.33021596859032,
303,OVERALL,SOURCE_PLUS_SIMPLE_MASK_CHANGE,0.4538363608135383,0.3204292996330119,
303,OVERALL,FROZEN_FULL_TRANSITION_SAFETTA,0.6211395746002173,0.4453816899185323,
303,OVERALL,CHANGE_MAGNITUDE_ONLY,0.46845520881850644,0.3431447589454924,
303,OVERALL,CHANGE_MAGNITUDE_IOU_ONLY,0.46845520881850644,0.3431447589454924,
304,OVERALL,SOURCE_STATE,0.5500092119886604,0.3757631254797541,
304,OVERALL,SOURCE_PLUS_SIMPLE_MASK_CHANGE,0.4856084964251541,0.3538033434007291,
304,OVERALL,FROZEN_FULL_TRANSITION_SAFETTA,0.6648024771334669,0.4741728414450601,
304,OVERALL,CHANGE_MAGNITUDE_ONLY,0.4427400614528792,0.32149518514632236,
304,OVERALL,CHANGE_MAGNITUDE_IOU_ONLY,0.4427400614528792,0.32149518514632236,
305,OVERALL,SOURCE_STATE,0.5069367040576754,0.3572510365092064,
305,OVERALL,SOURCE_PLUS_SIMPLE_MASK_CHANGE,0.49360874617591954,0.3490779129429594,
305,OVERALL,FROZEN_FULL_TRANSITION_SAFETTA,0.6548722934996563,0.49038687819866555,
305,OVERALL,CHANGE_MAGNITUDE_ONLY,0.511804254511822,0.3771423784173268,
305,OVERALL,CHANGE_MAGNITUDE_IOU_ONLY,0.511804254511822,0.3771423784173268,
306,OVERALL,SOURCE_STATE,0.5253480078229857,0.32175420072187677,
306,OVERALL,SOURCE_PLUS_SIMPLE_MASK_CHANGE,0.4726834630772967,0.2925063600656076,
306,OVERALL,FROZEN_FULL_TRANSITION_SAFETTA,0.6262415155117538,0.40950743888771957,
306,OVERALL,CHANGE_MAGNITUDE_ONLY,0.4964560084876839,0.3252888258144817,
306,OVERALL,CHANGE_MAGNITUDE_IOU_ONLY,0.4964560084876839,0.3252888258144817,
307,OVERALL,SOURCE_STATE,0.48630761938618317,0.32183346337997826,
307,OVERALL,SOURCE_PLUS_SIMPLE_MASK_CHANGE,0.4253169806849153,0.2884541141562885,
307,OVERALL,FROZEN_FULL_TRANSITION_SAFETTA,0.5887249674132007,0.4064966286005214,
307,OVERALL,CHANGE_MAGNITUDE_ONLY,0.48976774499348263,0.37009495909918827,
307,OVERALL,CHANGE_MAGNITUDE_IOU_ONLY,0.48976774499348263,0.37009495909918827,
308,OVERALL,SOURCE_STATE,0.541745088632198,0.390701949248922,
308,OVERALL,SOURCE_PLUS_SIMPLE_MASK_CHANGE,0.4911367802093712,0.35683706071718446,
308,OVERALL,FROZEN_FULL_TRANSITION_SAFETTA,0.6357468846489771,0.48256075368382423,
308,OVERALL,CHANGE_MAGNITUDE_ONLY,0.48870723696350143,0.3546803434015944,
308,OVERALL,CHANGE_MAGNITUDE_IOU_ONLY,0.48870723696350143,0.3546803434015944,
309,OVERALL,SOURCE_STATE,0.5469327420546932,0.3818315863740738,
309,OVERALL,SOURCE_PLUS_SIMPLE_MASK_CHANGE,0.5117213409896336,0.39339779284107346,
309,OVERALL,FROZEN_FULL_TRANSITION_SAFETTA,0.6313289240118508,0.45592124086020136,
309,OVERALL,CHANGE_MAGNITUDE_ONLY,0.5287521872887726,0.38771724529260965,
309,OVERALL,CHANGE_MAGNITUDE_IOU_ONLY,0.5287521872887726,0.38771724529260965,
310,OVERALL,SOURCE_STATE,0.5184027037041196,0.4216675518723751,
310,OVERALL,SOURCE_PLUS_SIMPLE_MASK_CHANGE,0.4791832747605627,0.395382683888197,
310,OVERALL,FROZEN_FULL_TRANSITION_SAFETTA,0.6489170587112493,0.5339534262552408,
310,OVERALL,CHANGE_MAGNITUDE_ONLY,0.5438622098963656,0.4538188563756384,
310,OVERALL,CHANGE_MAGNITUDE_IOU_ONLY,0.5438622098963656,0.4538188563756384,
311,OVERALL,SOURCE_STATE,0.5221040948653543,0.4136220390931924,
311,OVERALL,SOURCE_PLUS_SIMPLE_MASK_CHANGE,0.4724575033588411,0.38249762993288194,
311,OVERALL,FROZEN_FULL_TRANSITION_SAFETTA,0.6493077866697822,0.5222007296158491,
311,OVERALL,CHANGE_MAGNITUDE_ONLY,0.47383024709387234,0.38542612070762805,
311,OVERALL,CHANGE_MAGNITUDE_IOU_ONLY,0.47383024709387234,0.38542612070762805,
312,OVERALL,SOURCE_STATE,0.5242222477327516,0.35895285880454475,
312,OVERALL,SOURCE_PLUS_SIMPLE_MASK_CHANGE,0.47867319736221126,0.3220740066626236,
312,OVERALL,FROZEN_FULL_TRANSITION_SAFETTA,0.6484330157272413,0.4395267623874928,
312,OVERALL,CHANGE_MAGNITUDE_ONLY,0.4624261789053432,0.33134632892517485,
312,OVERALL,CHANGE_MAGNITUDE_IOU_ONLY,0.4624261789053432,0.33134632892517485,
313,OVERALL,SOURCE_STATE,0.5054868857401266,0.3814801216319786,
313,OVERALL,SOURCE_PLUS_SIMPLE_MASK_CHANGE,0.47716611395839614,0.37382318484982757,
313,OVERALL,FROZEN_FULL_TRANSITION_SAFETTA,0.6290985830569792,0.48709437121163124,
313,OVERALL,CHANGE_MAGNITUDE_ONLY,0.4977389207114863,0.3990406180120959,
313,OVERALL,CHANGE_MAGNITUDE_IOU_ONLY,0.4977389207114863,0.3990406180120959,
314,OVERALL,SOURCE_STATE,0.5160261194029852,0.37333701430052574,
314,OVERALL,SOURCE_PLUS_SIMPLE_MASK_CHANGE,0.44402985074626866,0.3387672805301918,
314,OVERALL,FROZEN_FULL_TRANSITION_SAFETTA,0.6698258706467662,0.515865646002046,
314,OVERALL,CHANGE_MAGNITUDE_ONLY,0.46653606965174127,0.3660631387793143,
314,OVERALL,CHANGE_MAGNITUDE_IOU_ONLY,0.46653606965174127,0.3660631387793143,
315,OVERALL,SOURCE_STATE,0.5349394825211993,0.36131700338020045,
315,OVERALL,SOURCE_PLUS_SIMPLE_MASK_CHANGE,0.47704925953663657,0.3292740160387433,
315,OVERALL,FROZEN_FULL_TRANSITION_SAFETTA,0.636581064431184,0.47156380161030803,
315,OVERALL,CHANGE_MAGNITUDE_ONLY,0.5073442369482764,0.3670029877155375,
315,OVERALL,CHANGE_MAGNITUDE_IOU_ONLY,0.5073442369482764,0.3670029877155375,
316,OVERALL,SOURCE_STATE,0.4737299750083498,0.33093513701282606,
316,OVERALL,SOURCE_PLUS_SIMPLE_MASK_CHANGE,0.42837646408458,0.3267236879228547,
316,OVERALL,FROZEN_FULL_TRANSITION_SAFETTA,0.6078383950062767,0.4532437562947406,
316,OVERALL,CHANGE_MAGNITUDE_ONLY,0.47598152690921236,0.37343557046378917,
316,OVERALL,CHANGE_MAGNITUDE_IOU_ONLY,0.47598152690921236,0.37343557046378917,
317,OVERALL,SOURCE_STATE,0.5719408524904215,0.3831775239338272,
317,OVERALL,SOURCE_PLUS_SIMPLE_MASK_CHANGE,0.4977610153256705,0.33393328095190844,
317,OVERALL,FROZEN_FULL_TRANSITION_SAFETTA,0.6373263888888889,0.44318842094263844,
317,OVERALL,CHANGE_MAGNITUDE_ONLY,0.4755627394636015,0.3335323829095588,
317,OVERALL,CHANGE_MAGNITUDE_IOU_ONLY,0.4755627394636015,0.3335323829095588,
318,OVERALL,SOURCE_STATE,0.5033970847924336,0.3513591444998734,
318,OVERALL,SOURCE_PLUS_SIMPLE_MASK_CHANGE,0.4725329981143935,0.3408126159130688,
318,OVERALL,FROZEN_FULL_TRANSITION_SAFETTA,0.6249019783903504,0.45264419875946715,
318,OVERALL,CHANGE_MAGNITUDE_ONLY,0.487189847654964,0.36091762425001245,
318,OVERALL,CHANGE_MAGNITUDE_IOU_ONLY,0.487189847654964,0.36091762425001245,
319,OVERALL,SOURCE_STATE,0.5453037709497207,0.4158326427045901,
319,OVERALL,SOURCE_PLUS_SIMPLE_MASK_CHANGE,0.4764548417132216,0.37383643403265193,
319,OVERALL,FROZEN_FULL_TRANSITION_SAFETTA,0.6636580540037245,0.5317877705549043,
319,OVERALL,CHANGE_MAGNITUDE_ONLY,0.47961184823091246,0.3880443233103644,
319,OVERALL,CHANGE_MAGNITUDE_IOU_ONLY,0.47961184823091246,0.3880443233103644,
320,OVERALL,SOURCE_STATE,0.5134302175388848,0.3725300198685668,
320,OVERALL,SOURCE_PLUS_SIMPLE_MASK_CHANGE,0.49164028284260425,0.36365757402160215,
320,OVERALL,FROZEN_FULL_TRANSITION_SAFETTA,0.6326290304169946,0.4502286990447189,
320,OVERALL,CHANGE_MAGNITUDE_ONLY,0.47791268406096615,0.3636043305892858,
320,OVERALL,CHANGE_MAGNITUDE_IOU_ONLY,0.47791268406096615,0.3636043305892858,
321,OVERALL,SOURCE_STATE,0.5247747747747747,0.34491855575946706,
321,OVERALL,SOURCE_PLUS_SIMPLE_MASK_CHANGE,0.4239664791695248,0.2890888427037084,
321,OVERALL,FROZEN_FULL_TRANSITION_SAFETTA,0.6428465267297755,0.4438237099439767,
321,OVERALL,CHANGE_MAGNITUDE_ONLY,0.43777724424932546,0.33539263096264166,
321,OVERALL,CHANGE_MAGNITUDE_IOU_ONLY,0.43777724424932546,0.33539263096264166,
322,OVERALL,SOURCE_STATE,0.5290895701003406,0.3735347116740412,
322,OVERALL,SOURCE_PLUS_SIMPLE_MASK_CHANGE,0.4784417288041978,0.3388229579493943,
322,OVERALL,FROZEN_FULL_TRANSITION_SAFETTA,0.6675354414066096,0.5046282957374463,
322,OVERALL,CHANGE_MAGNITUDE_ONLY,0.4657035349351008,0.344080440567462,
322,OVERALL,CHANGE_MAGNITUDE_IOU_ONLY,0.4657035349351008,0.344080440567462,
323,OVERALL,SOURCE_STATE,0.5070658798257365,0.3516314929529578,
323,OVERALL,SOURCE_PLUS_SIMPLE_MASK_CHANGE,0.4794962769873164,0.3574056380357704,
323,OVERALL,FROZEN_FULL_TRANSITION_SAFETTA,0.6433028010088941,0.4745885454400692,
323,OVERALL,CHANGE_MAGNITUDE_ONLY,0.5162798836633962,0.38461341735308896,
323,OVERALL,CHANGE_MAGNITUDE_IOU_ONLY,0.5162798836633962,0.38461341735308896,
324,OVERALL,SOURCE_STATE,0.48118279569892475,0.33590849067856765,
324,OVERALL,SOURCE_PLUS_SIMPLE_MASK_CHANGE,0.42376941457586614,0.30583590513177805,
324,OVERALL,FROZEN_FULL_TRANSITION_SAFETTA,0.6260752688172042,0.46013074246220687,
324,OVERALL,CHANGE_MAGNITUDE_ONLY,0.5033841099163681,0.396241272453668,
324,OVERALL,CHANGE_MAGNITUDE_IOU_ONLY,0.5033841099163681,0.396241272453668,
325,OVERALL,SOURCE_STATE,0.578445804144128,0.4271404687862637,
325,OVERALL,SOURCE_PLUS_SIMPLE_MASK_CHANGE,0.46792586680854836,0.36340609853248734,
325,OVERALL,FROZEN_FULL_TRANSITION_SAFETTA,0.6712364399515238,0.535729585109786,
325,OVERALL,CHANGE_MAGNITUDE_ONLY,0.4891667405633886,0.3898389219638658,
325,OVERALL,CHANGE_MAGNITUDE_IOU_ONLY,0.4891667405633886,0.3898389219638658,
326,OVERALL,SOURCE_STATE,0.5421134914624911,0.3276601952725888,
326,OVERALL,SOURCE_PLUS_SIMPLE_MASK_CHANGE,0.5230842514107042,0.319096543085534,
326,OVERALL,FROZEN_FULL_TRANSITION_SAFETTA,0.6468720228644014,0.4253680471638854,
326,OVERALL,CHANGE_MAGNITUDE_ONLY,0.47839668270757507,0.29794493527734334,
326,OVERALL,CHANGE_MAGNITUDE_IOU_ONLY,0.47839668270757507,0.29794493527734334,
327,OVERALL,SOURCE_STATE,0.5463023092708523,0.36455834917629093,
327,OVERALL,SOURCE_PLUS_SIMPLE_MASK_CHANGE,0.5209821544535939,0.35799819939704886,
327,OVERALL,FROZEN_FULL_TRANSITION_SAFETTA,0.6740265475231835,0.48681534169005586,
327,OVERALL,CHANGE_MAGNITUDE_ONLY,0.5183618204015897,0.34588469008120315,
327,OVERALL,CHANGE_MAGNITUDE_IOU_ONLY,0.5183618204015897,0.34588469008120315,
328,OVERALL,SOURCE_STATE,0.5188666222534315,0.35417912769815785,
328,OVERALL,SOURCE_PLUS_SIMPLE_MASK_CHANGE,0.4665310262458212,0.35101300382921935,
328,OVERALL,FROZEN_FULL_TRANSITION_SAFETTA,0.6488413547237077,0.4729711998101557,
328,OVERALL,CHANGE_MAGNITUDE_ONLY,0.48565872630043755,0.36433402516310387,
328,OVERALL,CHANGE_MAGNITUDE_IOU_ONLY,0.48565872630043755,0.36433402516310387,
329,OVERALL,SOURCE_STATE,0.47213347532836347,0.3382566753566191,
329,OVERALL,SOURCE_PLUS_SIMPLE_MASK_CHANGE,0.460576657594762,0.339562033250575,
329,OVERALL,FROZEN_FULL_TRANSITION_SAFETTA,0.6447081495004818,0.46495799451740133,
329,OVERALL,CHANGE_MAGNITUDE_ONLY,0.485780775450637,0.3756999815310822,
329,OVERALL,CHANGE_MAGNITUDE_IOU_ONLY,0.485780775450637,0.3756999815310822,
330,OVERALL,SOURCE_STATE,0.5707769423558897,0.3763457913908249,
330,OVERALL,SOURCE_PLUS_SIMPLE_MASK_CHANGE,0.5267606516290727,0.36076837047155585,
330,OVERALL,FROZEN_FULL_TRANSITION_SAFETTA,0.664937343358396,0.46114837933090363,
330,OVERALL,CHANGE_MAGNITUDE_ONLY,0.46508145363408526,0.31836507772117356,
330,OVERALL,CHANGE_MAGNITUDE_IOU_ONLY,0.46508145363408526,0.31836507772117356,
331,OVERALL,SOURCE_STATE,0.5186827829066337,0.3442708153127103,
331,OVERALL,SOURCE_PLUS_SIMPLE_MASK_CHANGE,0.4751689349957172,0.3623404125412246,
331,OVERALL,FROZEN_FULL_TRANSITION_SAFETTA,0.6630754100440976,0.5094152272180783,
331,OVERALL,CHANGE_MAGNITUDE_ONLY,0.49749373433583954,0.3602713017811899,
331,OVERALL,CHANGE_MAGNITUDE_IOU_ONLY,0.49749373433583954,0.3602713017811899,
332,OVERALL,SOURCE_STATE,0.5493987776252269,0.4400386993872329,
332,OVERALL,SOURCE_PLUS_SIMPLE_MASK_CHANGE,0.4739082776030825,0.38292388687106244,
332,OVERALL,FROZEN_FULL_TRANSITION_SAFETTA,0.6466517560565127,0.5283243963872646,
332,OVERALL,CHANGE_MAGNITUDE_ONLY,0.5186401080650161,0.42133343671172324,
332,OVERALL,CHANGE_MAGNITUDE_IOU_ONLY,0.5186401080650161,0.42133343671172324,
333,OVERALL,SOURCE_STATE,0.5386497890295359,0.3810019029335684,
333,OVERALL,SOURCE_PLUS_SIMPLE_MASK_CHANGE,0.45163954189270644,0.3385305918809607,
333,OVERALL,FROZEN_FULL_TRANSITION_SAFETTA,0.6211995177817962,0.44993557982931515,
333,OVERALL,CHANGE_MAGNITUDE_ONLY,0.4639180229053647,0.35606585342507857,
333,OVERALL,CHANGE_MAGNITUDE_IOU_ONLY,0.4639180229053647,0.35606585342507857,
334,OVERALL,SOURCE_STATE,0.5118059005843802,0.34541635773690754,
334,OVERALL,SOURCE_PLUS_SIMPLE_MASK_CHANGE,0.4610216007760191,0.3181267147872991,
334,OVERALL,FROZEN_FULL_TRANSITION_SAFETTA,0.6446459412780656,0.46815240930522733,
334,OVERALL,CHANGE_MAGNITUDE_ONLY,0.5027976908699459,0.37003516434862815,
334,OVERALL,CHANGE_MAGNITUDE_IOU_ONLY,0.5027976908699459,0.37003516434862815,
335,OVERALL,SOURCE_STATE,0.45706276616772384,0.3288759279681114,
335,OVERALL,SOURCE_PLUS_SIMPLE_MASK_CHANGE,0.41647050367468685,0.31640048657138053,
335,OVERALL,FROZEN_FULL_TRANSITION_SAFETTA,0.6014806562325924,0.4468071992375765,
335,OVERALL,CHANGE_MAGNITUDE_ONLY,0.486621983432463,0.4034058615178877,
335,OVERALL,CHANGE_MAGNITUDE_IOU_ONLY,0.486621983432463,0.4034058615178877,
336,OVERALL,SOURCE_STATE,0.510181135246003,0.35646284428002606,
336,OVERALL,SOURCE_PLUS_SIMPLE_MASK_CHANGE,0.4511824449551486,0.3116624079418675,
336,OVERALL,FROZEN_FULL_TRANSITION_SAFETTA,0.6353263152692317,0.46318749183353913,
336,OVERALL,CHANGE_MAGNITUDE_ONLY,0.4861306743766526,0.3619736981667584,
336,OVERALL,CHANGE_MAGNITUDE_IOU_ONLY,0.4861306743766526,0.3619736981667584,
337,OVERALL,SOURCE_STATE,0.5264561566253295,0.3983862203256537,
337,OVERALL,SOURCE_PLUS_SIMPLE_MASK_CHANGE,0.4606727858607558,0.36242533695952606,
337,OVERALL,FROZEN_FULL_TRANSITION_SAFETTA,0.6181281124890148,0.4869804090919854,
337,OVERALL,CHANGE_MAGNITUDE_ONLY,0.5075065911532077,0.4112556060896544,
337,OVERALL,CHANGE_MAGNITUDE_IOU_ONLY,0.5075065911532077,0.4112556060896544,
338,OVERALL,SOURCE_STATE,0.5101072607260726,0.3290971068557136,
338,OVERALL,SOURCE_PLUS_SIMPLE_MASK_CHANGE,0.47981985698569857,0.315012464919756,
338,OVERALL,FROZEN_FULL_TRANSITION_SAFETTA,0.6403327832783279,0.43693614203244324,
338,OVERALL,CHANGE_MAGNITUDE_ONLY,0.47141146406307294,0.32118115858663576,
338,OVERALL,CHANGE_MAGNITUDE_IOU_ONLY,0.47141146406307294,0.32118115858663576,
339,OVERALL,SOURCE_STATE,0.5416148318135153,0.37622224441960356,
339,OVERALL,SOURCE_PLUS_SIMPLE_MASK_CHANGE,0.49844193489945043,0.3429291833286544,
339,OVERALL,FROZEN_FULL_TRANSITION_SAFETTA,0.6617187028202187,0.5014580458732587,
339,OVERALL,CHANGE_MAGNITUDE_ONLY,0.5064526843408419,0.36146307060049715,
339,OVERALL,CHANGE_MAGNITUDE_IOU_ONLY,0.5064526843408419,0.36146307060049715,
340,OVERALL,SOURCE_STATE,0.5242662016855566,0.3665637220334713,
340,OVERALL,SOURCE_PLUS_SIMPLE_MASK_CHANGE,0.4762908069359682,0.35861809507493636,
340,OVERALL,FROZEN_FULL_TRANSITION_SAFETTA,0.6448888404533566,0.47921654707475836,
340,OVERALL,CHANGE_MAGNITUDE_ONLY,0.4968668265039233,0.3671981083636551,
340,OVERALL,CHANGE_MAGNITUDE_IOU_ONLY,0.4968668265039233,0.3671981083636551,
341,OVERALL,SOURCE_STATE,0.5131303132642366,0.3832702012314375,
341,OVERALL,SOURCE_PLUS_SIMPLE_MASK_CHANGE,0.4702282520088506,0.358064656776641,
341,OVERALL,FROZEN_FULL_TRANSITION_SAFETTA,0.6194538255502504,0.4593320771488021,
341,OVERALL,CHANGE_MAGNITUDE_ONLY,0.47112495632933504,0.3630371221515882,
341,OVERALL,CHANGE_MAGNITUDE_IOU_ONLY,0.47112495632933504,0.3630371221515882,
342,OVERALL,SOURCE_STATE,0.5038031865477518,0.336390131403254,
342,OVERALL,SOURCE_PLUS_SIMPLE_MASK_CHANGE,0.46492358788554444,0.33037057700120054,
342,OVERALL,FROZEN_FULL_TRANSITION_SAFETTA,0.6070466369379413,0.426966823476029,
342,OVERALL,CHANGE_MAGNITUDE_ONLY,0.4857830499814196,0.3515197798084689,
342,OVERALL,CHANGE_MAGNITUDE_IOU_ONLY,0.4857830499814196,0.3515197798084689,
343,OVERALL,SOURCE_STATE,0.5076616188239804,0.3680593236206873,
343,OVERALL,SOURCE_PLUS_SIMPLE_MASK_CHANGE,0.4751821057171611,0.35281490448715036,
343,OVERALL,FROZEN_FULL_TRANSITION_SAFETTA,0.6096707720323957,0.4493681490352139,
343,OVERALL,CHANGE_MAGNITUDE_ONLY,0.518252503953611,0.4033020232642982,
343,OVERALL,CHANGE_MAGNITUDE_IOU_ONLY,0.518252503953611,0.4033020232642982,
344,OVERALL,SOURCE_STATE,0.5107048748353096,0.36098408892786316,
344,OVERALL,SOURCE_PLUS_SIMPLE_MASK_CHANGE,0.454655248133509,0.33683703024844613,
344,OVERALL,FROZEN_FULL_TRANSITION_SAFETTA,0.5953130337188308,0.42819481715976604,
344,OVERALL,CHANGE_MAGNITUDE_ONLY,0.496218220855902,0.38614364957058434,
344,OVERALL,CHANGE_MAGNITUDE_IOU_ONLY,0.496218220855902,0.38614364957058434,
345,OVERALL,SOURCE_STATE,0.5120594869309889,0.35982243276572723,
345,OVERALL,SOURCE_PLUS_SIMPLE_MASK_CHANGE,0.4829505794668558,0.34915331378458725,
345,OVERALL,FROZEN_FULL_TRANSITION_SAFETTA,0.6384115281887982,0.4720990743779662,
345,OVERALL,CHANGE_MAGNITUDE_ONLY,0.4839543348966536,0.36779234836456554,
345,OVERALL,CHANGE_MAGNITUDE_IOU_ONLY,0.4839543348966536,0.36779234836456554,
346,OVERALL,SOURCE_STATE,0.5344354304359205,0.3925144704848526,
346,OVERALL,SOURCE_PLUS_SIMPLE_MASK_CHANGE,0.45703992828388,0.35911045897083077,
346,OVERALL,FROZEN_FULL_TRANSITION_SAFETTA,0.6498104088598363,0.506953392937186,
346,OVERALL,CHANGE_MAGNITUDE_ONLY,0.46396654732540077,0.37580406640788205,
346,OVERALL,CHANGE_MAGNITUDE_IOU_ONLY,0.46396654732540077,0.37580406640788205,
347,OVERALL,SOURCE_STATE,0.5426186399217221,0.3748204364378289,
347,OVERALL,SOURCE_PLUS_SIMPLE_MASK_CHANGE,0.4722235812133072,0.3304019443363239,
347,OVERALL,FROZEN_FULL_TRANSITION_SAFETTA,0.6458659491193738,0.4644699281157493,
347,OVERALL,CHANGE_MAGNITUDE_ONLY,0.4681506849315069,0.33759087385695435,
347,OVERALL,CHANGE_MAGNITUDE_IOU_ONLY,0.4681506849315069,0.33759087385695435,
348,OVERALL,SOURCE_STATE,0.5465639153216904,0.40677958907121453,
348,OVERALL,SOURCE_PLUS_SIMPLE_MASK_CHANGE,0.5002019483981452,0.38313282774467045,
348,OVERALL,FROZEN_FULL_TRANSITION_SAFETTA,0.6536396486636402,0.49501191585723975,
348,OVERALL,CHANGE_MAGNITUDE_ONLY,0.45706577055430797,0.3553217222681648,
348,OVERALL,CHANGE_MAGNITUDE_IOU_ONLY,0.45706577055430797,0.3553217222681648,
349,OVERALL,SOURCE_STATE,0.4977691675472584,0.3929765209897672,
349,OVERALL,SOURCE_PLUS_SIMPLE_MASK_CHANGE,0.47132793237055304,0.3954999784965372,
349,OVERALL,FROZEN_FULL_TRANSITION_SAFETTA,0.6521251614418222,0.5153424849536838,
349,OVERALL,CHANGE_MAGNITUDE_ONLY,0.5034812727486204,0.4320467363400843,
349,OVERALL,CHANGE_MAGNITUDE_IOU_ONLY,0.5034812727486204,0.4320467363400843,
350,OVERALL,SOURCE_STATE,0.5192012560797091,0.37834537066417073,
350,OVERALL,SOURCE_PLUS_SIMPLE_MASK_CHANGE,0.5092140057609671,0.39099003365006746,
350,OVERALL,FROZEN_FULL_TRANSITION_SAFETTA,0.6329331350049583,0.49516295353400414,
350,OVERALL,CHANGE_MAGNITUDE_ONLY,0.5279017330122302,0.40619322981560657,
350,OVERALL,CHANGE_MAGNITUDE_IOU_ONLY,0.5279017330122302,0.40619322981560657,
351,OVERALL,SOURCE_STATE,0.5600339723368115,0.4248645509134411,
351,OVERALL,SOURCE_PLUS_SIMPLE_MASK_CHANGE,0.5595001213297743,0.4486843105813841,
351,OVERALL,FROZEN_FULL_TRANSITION_SAFETTA,0.6749696675564183,0.5554269674916468,
351,OVERALL,CHANGE_MAGNITUDE_ONLY,0.5327044406697403,0.40567969998166487,
351,OVERALL,CHANGE_MAGNITUDE_IOU_ONLY,0.5327044406697403,0.40567969998166487,
352,OVERALL,SOURCE_STATE,0.5018045584716174,0.30661098290075484,
352,OVERALL,SOURCE_PLUS_SIMPLE_MASK_CHANGE,0.4922783204529703,0.31095601951974516,
352,OVERALL,FROZEN_FULL_TRANSITION_SAFETTA,0.6359826343938383,0.42062817485246523,
352,OVERALL,CHANGE_MAGNITUDE_ONLY,0.49406980241392384,0.3220700649222112,
352,OVERALL,CHANGE_MAGNITUDE_IOU_ONLY,0.49406980241392384,0.3220700649222112,
353,OVERALL,SOURCE_STATE,0.5593380696988692,0.36027027598659955,
353,OVERALL,SOURCE_PLUS_SIMPLE_MASK_CHANGE,0.46921942838568875,0.3133855886163284,
353,OVERALL,FROZEN_FULL_TRANSITION_SAFETTA,0.6383935826890483,0.43139968814320456,
353,OVERALL,CHANGE_MAGNITUDE_ONLY,0.4670166701492883,0.3299451343877739,
353,OVERALL,CHANGE_MAGNITUDE_IOU_ONLY,0.4670166701492883,0.3299451343877739,
354,OVERALL,SOURCE_STATE,0.5403340207660305,0.3710051685523169,
354,OVERALL,SOURCE_PLUS_SIMPLE_MASK_CHANGE,0.4750676505298794,0.3331528937645979,
354,OVERALL,FROZEN_FULL_TRANSITION_SAFETTA,0.6599115476772326,0.48153916605525704,
354,OVERALL,CHANGE_MAGNITUDE_ONLY,0.46677673537020037,0.34760676790096345,
354,OVERALL,CHANGE_MAGNITUDE_IOU_ONLY,0.46677673537020037,0.34760676790096345,
355,OVERALL,SOURCE_STATE,0.5105250510633185,0.344290415873724,
355,OVERALL,SOURCE_PLUS_SIMPLE_MASK_CHANGE,0.44551844286915776,0.3156412908380042,
355,OVERALL,FROZEN_FULL_TRANSITION_SAFETTA,0.6370479394449117,0.47209302238135564,
355,OVERALL,CHANGE_MAGNITUDE_ONLY,0.4752012495494413,0.353496530680446,
355,OVERALL,CHANGE_MAGNITUDE_IOU_ONLY,0.4752012495494413,0.353496530680446,
356,OVERALL,SOURCE_STATE,0.5079011267135167,0.3501857538478936,
356,OVERALL,SOURCE_PLUS_SIMPLE_MASK_CHANGE,0.4796947467142876,0.3477681858829237,
356,OVERALL,FROZEN_FULL_TRANSITION_SAFETTA,0.6640350989889128,0.4914863030865322,
356,OVERALL,CHANGE_MAGNITUDE_ONLY,0.5036679214255431,0.36646325374322397,
356,OVERALL,CHANGE_MAGNITUDE_IOU_ONLY,0.5036679214255431,0.36646325374322397,
357,OVERALL,SOURCE_STATE,0.5074120036101083,0.3816375739343195,
357,OVERALL,SOURCE_PLUS_SIMPLE_MASK_CHANGE,0.5003102436823105,0.3877675092921802,
357,OVERALL,FROZEN_FULL_TRANSITION_SAFETTA,0.6722529332129965,0.520471986949428,
357,OVERALL,CHANGE_MAGNITUDE_ONLY,0.5028344990974729,0.39336449391398753,
357,OVERALL,CHANGE_MAGNITUDE_IOU_ONLY,0.5028344990974729,0.39336449391398753,
358,OVERALL,SOURCE_STATE,0.5105208333333334,0.3225672297268804,
358,OVERALL,SOURCE_PLUS_SIMPLE_MASK_CHANGE,0.46019607843137256,0.3010439867313397,
358,OVERALL,FROZEN_FULL_TRANSITION_SAFETTA,0.6276593137254902,0.42259276041627036,
358,OVERALL,CHANGE_MAGNITUDE_ONLY,0.5031832107843137,0.3546326769785001,
358,OVERALL,CHANGE_MAGNITUDE_IOU_ONLY,0.5031832107843137,0.3546326769785001,
359,OVERALL,SOURCE_STATE,0.5265765603843896,0.3563889763232124,
359,OVERALL,SOURCE_PLUS_SIMPLE_MASK_CHANGE,0.4728363109146027,0.3375532812532157,
359,OVERALL,FROZEN_FULL_TRANSITION_SAFETTA,0.6430916519884491,0.4662773049885196,
359,OVERALL,CHANGE_MAGNITUDE_ONLY,0.48354841415339633,0.35357104009112017,
359,OVERALL,CHANGE_MAGNITUDE_IOU_ONLY,0.48354841415339633,0.35357104009112017,
360,OVERALL,SOURCE_STATE,0.48262124162827147,0.34705686552982373,
360,OVERALL,SOURCE_PLUS_SIMPLE_MASK_CHANGE,0.4579869852277585,0.3414438165970534,
360,OVERALL,FROZEN_FULL_TRANSITION_SAFETTA,0.6091649646131193,0.449351247250165,
360,OVERALL,CHANGE_MAGNITUDE_ONLY,0.5647265235358381,0.4330313196510196,
360,OVERALL,CHANGE_MAGNITUDE_IOU_ONLY,0.5647265235358381,0.4330313196510196,
361,OVERALL,SOURCE_STATE,0.5176118714812658,0.36854951189252394,
361,OVERALL,SOURCE_PLUS_SIMPLE_MASK_CHANGE,0.48872791690933803,0.36448259842436637,
361,OVERALL,FROZEN_FULL_TRANSITION_SAFETTA,0.6518940496990875,0.47867042514572544,
361,OVERALL,CHANGE_MAGNITUDE_ONLY,0.4817966171617162,0.3614604299206804,
361,OVERALL,CHANGE_MAGNITUDE_IOU_ONLY,0.4817966171617162,0.3614604299206804,
362,OVERALL,SOURCE_STATE,0.49877770582092074,0.3284621614757286,
362,OVERALL,SOURCE_PLUS_SIMPLE_MASK_CHANGE,0.4659828820471531,0.32583082815620973,
362,OVERALL,FROZEN_FULL_TRANSITION_SAFETTA,0.6368065157906405,0.45755379244523875,
362,OVERALL,CHANGE_MAGNITUDE_ONLY,0.480329523509472,0.3452943703243738,
362,OVERALL,CHANGE_MAGNITUDE_IOU_ONLY,0.480329523509472,0.3452943703243738,
363,OVERALL,SOURCE_STATE,0.5459094673409335,0.38793032313175846,
363,OVERALL,SOURCE_PLUS_SIMPLE_MASK_CHANGE,0.4976711950616414,0.3594594301905404,
363,OVERALL,FROZEN_FULL_TRANSITION_SAFETTA,0.6511550050217609,0.5007907879792582,
363,OVERALL,CHANGE_MAGNITUDE_ONLY,0.4735784892428594,0.34914026538897625,
363,OVERALL,CHANGE_MAGNITUDE_IOU_ONLY,0.4735784892428594,0.34914026538897625,
364,OVERALL,SOURCE_STATE,0.521027619746177,0.3620670585958291,
364,OVERALL,SOURCE_PLUS_SIMPLE_MASK_CHANGE,0.4646293431295805,0.3446300660911936,
364,OVERALL,FROZEN_FULL_TRANSITION_SAFETTA,0.6551199156799535,0.49406488070051363,
364,OVERALL,CHANGE_MAGNITUDE_ONLY,0.46155671570953966,0.35855125630336365,
364,OVERALL,CHANGE_MAGNITUDE_IOU_ONLY,0.46155671570953966,0.35855125630336365,
365,OVERALL,SOURCE_STATE,0.5055599565765925,0.3671522030235458,
365,OVERALL,SOURCE_PLUS_SIMPLE_MASK_CHANGE,0.49581903001496347,0.3790164444406599,
365,OVERALL,FROZEN_FULL_TRANSITION_SAFETTA,0.6336061966376199,0.4757597172309536,
365,OVERALL,CHANGE_MAGNITUDE_ONLY,0.49854766305782944,0.3840662540940189,
365,OVERALL,CHANGE_MAGNITUDE_IOU_ONLY,0.49854766305782944,0.3840662540940189,
366,OVERALL,SOURCE_STATE,0.5012878870086183,0.35941188275141417,
366,OVERALL,SOURCE_PLUS_SIMPLE_MASK_CHANGE,0.47272592279531445,0.35644545538604205,
366,OVERALL,FROZEN_FULL_TRANSITION_SAFETTA,0.6230174821380638,0.49096605791714293,
366,OVERALL,CHANGE_MAGNITUDE_ONLY,0.5215257034832916,0.40950809659452014,
366,OVERALL,CHANGE_MAGNITUDE_IOU_ONLY,0.5215257034832916,0.40950809659452014,
367,OVERALL,SOURCE_STATE,0.5150158540796785,0.30993351512240125,
367,OVERALL,SOURCE_PLUS_SIMPLE_MASK_CHANGE,0.47800835086177124,0.29899685607019416,
367,OVERALL,FROZEN_FULL_TRANSITION_SAFETTA,0.6207515775594135,0.425131208513828,
367,OVERALL,CHANGE_MAGNITUDE_ONLY,0.5113709854644775,0.3317113384423228,
367,OVERALL,CHANGE_MAGNITUDE_IOU_ONLY,0.5113709854644775,0.3317113384423228,
368,OVERALL,SOURCE_STATE,0.5211430843962163,0.40356015804170553,
368,OVERALL,SOURCE_PLUS_SIMPLE_MASK_CHANGE,0.4478766014260148,0.36139474415817163,
368,OVERALL,FROZEN_FULL_TRANSITION_SAFETTA,0.6350026986336392,0.51409564531949,
368,OVERALL,CHANGE_MAGNITUDE_ONLY,0.5199187569241258,0.43087398584210235,
368,OVERALL,CHANGE_MAGNITUDE_IOU_ONLY,0.5199187569241258,0.43087398584210235,
369,OVERALL,SOURCE_STATE,0.5378518481418411,0.3739984105736968,
369,OVERALL,SOURCE_PLUS_SIMPLE_MASK_CHANGE,0.4974957427626966,0.3505611263663731,
369,OVERALL,FROZEN_FULL_TRANSITION_SAFETTA,0.6610112190724231,0.48323693674307683,
369,OVERALL,CHANGE_MAGNITUDE_ONLY,0.47651945807873386,0.3562415973812483,
369,OVERALL,CHANGE_MAGNITUDE_IOU_ONLY,0.47651945807873386,0.3562415973812483,
370,OVERALL,SOURCE_STATE,0.5742479875723768,0.40819078608343495,
370,OVERALL,SOURCE_PLUS_SIMPLE_MASK_CHANGE,0.5217424563385586,0.37127681163796666,
370,OVERALL,FROZEN_FULL_TRANSITION_SAFETTA,0.6606058466318316,0.5013914110033946,
370,OVERALL,CHANGE_MAGNITUDE_ONLY,0.5268382526008568,0.3613225928799776,
370,OVERALL,CHANGE_MAGNITUDE_IOU_ONLY,0.5268382526008568,0.3613225928799776,
371,OVERALL,SOURCE_STATE,0.5298477216142667,0.3708641139071939,
371,OVERALL,SOURCE_PLUS_SIMPLE_MASK_CHANGE,0.4561808812460193,0.3297035161098878,
371,OVERALL,FROZEN_FULL_TRANSITION_SAFETTA,0.6347634763476349,0.4532469444938136,
371,OVERALL,CHANGE_MAGNITUDE_ONLY,0.45516762202536043,0.34132653535540297,
371,OVERALL,CHANGE_MAGNITUDE_IOU_ONLY,0.45516762202536043,0.34132653535540297,
372,OVERALL,SOURCE_STATE,0.5308283259540375,0.33915928810510243,
372,OVERALL,SOURCE_PLUS_SIMPLE_MASK_CHANGE,0.5073199978916298,0.3478056978205337,
372,OVERALL,FROZEN_FULL_TRANSITION_SAFETTA,0.6440609846088974,0.4441649615529162,
372,OVERALL,CHANGE_MAGNITUDE_ONLY,0.5222433059245204,0.36047002578447274,
372,OVERALL,CHANGE_MAGNITUDE_IOU_ONLY,0.5222433059245204,0.36047002578447274,
373,OVERALL,SOURCE_STATE,0.5291462891462891,0.3840594922869395,
373,OVERALL,SOURCE_PLUS_SIMPLE_MASK_CHANGE,0.49094809094809094,0.36570728214872883,
373,OVERALL,FROZEN_FULL_TRANSITION_SAFETTA,0.6693093093093093,0.5037567383927646,
373,OVERALL,CHANGE_MAGNITUDE_ONLY,0.5122894322894322,0.3940379572466361,
373,OVERALL,CHANGE_MAGNITUDE_IOU_ONLY,0.5122894322894322,0.3940379572466361,
374,OVERALL,SOURCE_STATE,0.5241486105132253,0.3756601365020225,
374,OVERALL,SOURCE_PLUS_SIMPLE_MASK_CHANGE,0.4889450901611901,0.35162363698236476,
374,OVERALL,FROZEN_FULL_TRANSITION_SAFETTA,0.6305543597838046,0.4773039755469092,
374,OVERALL,CHANGE_MAGNITUDE_ONLY,0.4944217247811738,0.36898519147586395,
374,OVERALL,CHANGE_MAGNITUDE_IOU_ONLY,0.4944217247811738,0.36898519147586395,
375,OVERALL,SOURCE_STATE,0.5303739709544063,0.35188494435719403,
375,OVERALL,SOURCE_PLUS_SIMPLE_MASK_CHANGE,0.44231387826584223,0.3008793982345702,
375,OVERALL,FROZEN_FULL_TRANSITION_SAFETTA,0.6398489343197874,0.44273361031331926,
375,OVERALL,CHANGE_MAGNITUDE_ONLY,0.41202330319167946,0.3096196384628923,
375,OVERALL,CHANGE_MAGNITUDE_IOU_ONLY,0.41202330319167946,0.3096196384628923,
376,OVERALL,SOURCE_STATE,0.527226267600305,0.3582076586951616,
376,OVERALL,SOURCE_PLUS_SIMPLE_MASK_CHANGE,0.5132042304759576,0.384553131497952,
376,OVERALL,FROZEN_FULL_TRANSITION_SAFETTA,0.6388845233729722,0.46823544003877593,
376,OVERALL,CHANGE_MAGNITUDE_ONLY,0.5061786601940618,0.3677479603841721,
376,OVERALL,CHANGE_MAGNITUDE_IOU_ONLY,0.5061786601940618,0.3677479603841721,
377,OVERALL,SOURCE_STATE,0.5316407898536238,0.42493760762441,
377,OVERALL,SOURCE_PLUS_SIMPLE_MASK_CHANGE,0.49399169276559823,0.4227482980806062,
377,OVERALL,FROZEN_FULL_TRANSITION_SAFETTA,0.61095377712623,0.4953769710520476,
377,OVERALL,CHANGE_MAGNITUDE_ONLY,0.49046833699828973,0.41918088884148863,
377,OVERALL,CHANGE_MAGNITUDE_IOU_ONLY,0.49046833699828973,0.41918088884148863,
378,OVERALL,SOURCE_STATE,0.5208778966131907,0.39347355089541447,
378,OVERALL,SOURCE_PLUS_SIMPLE_MASK_CHANGE,0.4759915329768271,0.36151791263072225,
378,OVERALL,FROZEN_FULL_TRANSITION_SAFETTA,0.6523172905525847,0.5242617097064189,
378,OVERALL,CHANGE_MAGNITUDE_ONLY,0.49437945632798574,0.39070075568825,
378,OVERALL,CHANGE_MAGNITUDE_IOU_ONLY,0.49437945632798574,0.39070075568825,
379,OVERALL,SOURCE_STATE,0.5242062938688234,0.33616079339519767,
379,OVERALL,SOURCE_PLUS_SIMPLE_MASK_CHANGE,0.46646794961186255,0.31396275672801494,
379,OVERALL,FROZEN_FULL_TRANSITION_SAFETTA,0.6786594152372984,0.49348749832856914,
379,OVERALL,CHANGE_MAGNITUDE_ONLY,0.4569388276855854,0.3121786062686003,
379,OVERALL,CHANGE_MAGNITUDE_IOU_ONLY,0.4569388276855854,0.3121786062686003,
380,OVERALL,SOURCE_STATE,0.5461321226853506,0.3618623739281587,
380,OVERALL,SOURCE_PLUS_SIMPLE_MASK_CHANGE,0.48127427849669935,0.3190625408118559,
380,OVERALL,FROZEN_FULL_TRANSITION_SAFETTA,0.6406305855437191,0.43242356099199497,
380,OVERALL,CHANGE_MAGNITUDE_ONLY,0.4822632921045733,0.33403638966999627,
380,OVERALL,CHANGE_MAGNITUDE_IOU_ONLY,0.4822632921045733,0.33403638966999627,
381,OVERALL,SOURCE_STATE,0.5432761788120025,0.35905840428442937,
381,OVERALL,SOURCE_PLUS_SIMPLE_MASK_CHANGE,0.5012737293325168,0.33204766173728506,
381,OVERALL,FROZEN_FULL_TRANSITION_SAFETTA,0.6681200244947949,0.46531651260589385,
381,OVERALL,CHANGE_MAGNITUDE_ONLY,0.4409736680955297,0.29808138442303644,
381,OVERALL,CHANGE_MAGNITUDE_IOU_ONLY,0.4409736680955297,0.29808138442303644,
382,OVERALL,SOURCE_STATE,0.5313540125041529,0.36166725662569366,
382,OVERALL,SOURCE_PLUS_SIMPLE_MASK_CHANGE,0.48565646802984086,0.3467263919823641,
382,OVERALL,FROZEN_FULL_TRANSITION_SAFETTA,0.663136911413815,0.48511060398862915,
382,OVERALL,CHANGE_MAGNITUDE_ONLY,0.49968890633966595,0.3681915677807439,
382,OVERALL,CHANGE_MAGNITUDE_IOU_ONLY,0.49968890633966595,0.3681915677807439,
383,OVERALL,SOURCE_STATE,0.5259179068621787,0.35588564372611164,
383,OVERALL,SOURCE_PLUS_SIMPLE_MASK_CHANGE,0.4879244387950591,0.3272498535526285,
383,OVERALL,FROZEN_FULL_TRANSITION_SAFETTA,0.6233677770141647,0.4337846785712237,
383,OVERALL,CHANGE_MAGNITUDE_ONLY,0.5018549716280569,0.3532100604565349,
383,OVERALL,CHANGE_MAGNITUDE_IOU_ONLY,0.5018549716280569,0.3532100604565349,
384,OVERALL,SOURCE_STATE,0.47266341576686405,0.3218461195702782,
384,OVERALL,SOURCE_PLUS_SIMPLE_MASK_CHANGE,0.44440961337513063,0.2936269840275663,
384,OVERALL,FROZEN_FULL_TRANSITION_SAFETTA,0.6060083594566353,0.4075492521054134,
384,OVERALL,CHANGE_MAGNITUDE_ONLY,0.4833797747590851,0.3402907068676125,
384,OVERALL,CHANGE_MAGNITUDE_IOU_ONLY,0.4833797747590851,0.3402907068676125,
385,OVERALL,SOURCE_STATE,0.5118540241120887,0.3648404100012899,
385,OVERALL,SOURCE_PLUS_SIMPLE_MASK_CHANGE,0.48260019550342137,0.3418923315157011,
385,OVERALL,FROZEN_FULL_TRANSITION_SAFETTA,0.602039752362333,0.4258997807902965,
385,OVERALL,CHANGE_MAGNITUDE_ONLY,0.5195764092538286,0.3817737025908988,
385,OVERALL,CHANGE_MAGNITUDE_IOU_ONLY,0.5195764092538286,0.3817737025908988,
386,OVERALL,SOURCE_STATE,0.5197715341354192,0.3604916823023428,
386,OVERALL,SOURCE_PLUS_SIMPLE_MASK_CHANGE,0.5045833479486009,0.3708699542165358,
386,OVERALL,FROZEN_FULL_TRANSITION_SAFETTA,0.6629836192079694,0.4790577790339251,
386,OVERALL,CHANGE_MAGNITUDE_ONLY,0.46628842353876554,0.3444817985656782,
386,OVERALL,CHANGE_MAGNITUDE_IOU_ONLY,0.46628842353876554,0.3444817985656782,
387,OVERALL,SOURCE_STATE,0.5295260608856089,0.4053099886161231,
387,OVERALL,SOURCE_PLUS_SIMPLE_MASK_CHANGE,0.4883879151291513,0.3877784226786798,
387,OVERALL,FROZEN_FULL_TRANSITION_SAFETTA,0.657714483394834,0.5272306421691203,
387,OVERALL,CHANGE_MAGNITUDE_ONLY,0.5040302121771217,0.40025114214439095,
387,OVERALL,CHANGE_MAGNITUDE_IOU_ONLY,0.5040302121771217,0.40025114214439095,
388,OVERALL,SOURCE_STATE,0.4940530814215025,0.33117355519692565,
388,OVERALL,SOURCE_PLUS_SIMPLE_MASK_CHANGE,0.462018293597241,0.31719982336427377,
388,OVERALL,FROZEN_FULL_TRANSITION_SAFETTA,0.6094826810616285,0.4416423913538875,
388,OVERALL,CHANGE_MAGNITUDE_ONLY,0.5225011246063878,0.37213284846133543,
388,OVERALL,CHANGE_MAGNITUDE_IOU_ONLY,0.5225011246063878,0.37213284846133543,
389,OVERALL,SOURCE_STATE,0.5045778852925866,0.3436136879665797,
389,OVERALL,SOURCE_PLUS_SIMPLE_MASK_CHANGE,0.4755856324830818,0.3421603740396892,
389,OVERALL,FROZEN_FULL_TRANSITION_SAFETTA,0.6351471353767952,0.45687008472193025,
389,OVERALL,CHANGE_MAGNITUDE_ONLY,0.48193036714946264,0.3554090373002193,
389,OVERALL,CHANGE_MAGNITUDE_IOU_ONLY,0.48193036714946264,0.3554090373002193,
390,OVERALL,SOURCE_STATE,0.5194305525355754,0.33949941385482396,
390,OVERALL,SOURCE_PLUS_SIMPLE_MASK_CHANGE,0.478310502283105,0.327502679911683,
390,OVERALL,FROZEN_FULL_TRANSITION_SAFETTA,0.6444456524365201,0.4598662889691828,
390,OVERALL,CHANGE_MAGNITUDE_ONLY,0.4789356381822135,0.3440602967932591,
390,OVERALL,CHANGE_MAGNITUDE_IOU_ONLY,0.4789356381822135,0.3440602967932591,
391,OVERALL,SOURCE_STATE,0.5215032460605321,0.3712615660243732,
391,OVERALL,SOURCE_PLUS_SIMPLE_MASK_CHANGE,0.48175805419244716,0.37648972792761515,
391,OVERALL,FROZEN_FULL_TRANSITION_SAFETTA,0.6647871011003079,0.5255960807792865,
391,OVERALL,CHANGE_MAGNITUDE_ONLY,0.4985156511932702,0.38038749561980506,
391,OVERALL,CHANGE_MAGNITUDE_IOU_ONLY,0.4985156511932702,0.38038749561980506,
392,OVERALL,SOURCE_STATE,0.5671129055106955,0.4262810989653065,
392,OVERALL,SOURCE_PLUS_SIMPLE_MASK_CHANGE,0.5008912971620153,0.3855068742523373,
392,OVERALL,FROZEN_FULL_TRANSITION_SAFETTA,0.6469636870189357,0.5054449414150597,
392,OVERALL,CHANGE_MAGNITUDE_ONLY,0.4892070406573169,0.3804162021090234,
392,OVERALL,CHANGE_MAGNITUDE_IOU_ONLY,0.4892070406573169,0.3804162021090234,
393,OVERALL,SOURCE_STATE,0.5345750819369431,0.41377414700832427,
393,OVERALL,SOURCE_PLUS_SIMPLE_MASK_CHANGE,0.45837372478419425,0.36609771816201175,
393,OVERALL,FROZEN_FULL_TRANSITION_SAFETTA,0.6394774500300051,0.5276723724670872,
393,OVERALL,CHANGE_MAGNITUDE_ONLY,0.4906003323639385,0.41030123906004745,
393,OVERALL,CHANGE_MAGNITUDE_IOU_ONLY,0.4906003323639385,0.41030123906004745,
394,OVERALL,SOURCE_STATE,0.5022830776605944,0.35186967393877044,
394,OVERALL,SOURCE_PLUS_SIMPLE_MASK_CHANGE,0.5042126078619368,0.349213586486389,
394,OVERALL,FROZEN_FULL_TRANSITION_SAFETTA,0.61587368168744,0.4542114191535189,
394,OVERALL,CHANGE_MAGNITUDE_ONLY,0.49658437200383504,0.35848310995582666,
394,OVERALL,CHANGE_MAGNITUDE_IOU_ONLY,0.49658437200383504,0.35848310995582666,
395,OVERALL,SOURCE_STATE,0.5473914880135178,0.3757479460602014,
395,OVERALL,SOURCE_PLUS_SIMPLE_MASK_CHANGE,0.4889969901784772,0.3307722097778607,
395,OVERALL,FROZEN_FULL_TRANSITION_SAFETTA,0.6384385890801563,0.44871022762250967,
395,OVERALL,CHANGE_MAGNITUDE_ONLY,0.5128511458443341,0.3530607729113431,
395,OVERALL,CHANGE_MAGNITUDE_IOU_ONLY,0.5128511458443341,0.3530607729113431,
396,OVERALL,SOURCE_STATE,0.509270068411473,0.3436036467905448,
396,OVERALL,SOURCE_PLUS_SIMPLE_MASK_CHANGE,0.44613067218979474,0.32555791532412615,
396,OVERALL,FROZEN_FULL_TRANSITION_SAFETTA,0.5935542584572899,0.42912430581797173,
396,OVERALL,CHANGE_MAGNITUDE_ONLY,0.5081340613820373,0.37745300635395607,
396,OVERALL,CHANGE_MAGNITUDE_IOU_ONLY,0.5081340613820373,0.37745300635395607,
397,OVERALL,SOURCE_STATE,0.5213124259771023,0.36138635338012703,
397,OVERALL,SOURCE_PLUS_SIMPLE_MASK_CHANGE,0.5039170450059218,0.3624942419107944,
397,OVERALL,FROZEN_FULL_TRANSITION_SAFETTA,0.6157162949072246,0.45468825621776143,
397,OVERALL,CHANGE_MAGNITUDE_ONLY,0.5067885165811291,0.37174968164996147,
397,OVERALL,CHANGE_MAGNITUDE_IOU_ONLY,0.5067885165811291,0.37174968164996147,
398,OVERALL,SOURCE_STATE,0.5381638821536519,0.3910501018531396,
398,OVERALL,SOURCE_PLUS_SIMPLE_MASK_CHANGE,0.5138727427729984,0.39671723504402745,
398,OVERALL,FROZEN_FULL_TRANSITION_SAFETTA,0.6620608717795418,0.5147647001502862,
398,OVERALL,CHANGE_MAGNITUDE_ONLY,0.46925964061513936,0.3517328953612259,
398,OVERALL,CHANGE_MAGNITUDE_IOU_ONLY,0.46925964061513936,0.3517328953612259,
399,OVERALL,SOURCE_STATE,0.5004890544946436,0.3465236714225365,
399,OVERALL,SOURCE_PLUS_SIMPLE_MASK_CHANGE,0.4604506287843502,0.34328718104003897,
399,OVERALL,FROZEN_FULL_TRANSITION_SAFETTA,0.6217396367023754,0.4605685502258026,
399,OVERALL,CHANGE_MAGNITUDE_ONLY,0.48437645551932934,0.3655229270965492,
399,OVERALL,CHANGE_MAGNITUDE_IOU_ONLY,0.48437645551932934,0.3655229270965492,
400,OVERALL,SOURCE_STATE,0.5061235723131967,0.3415226004931554,
400,OVERALL,SOURCE_PLUS_SIMPLE_MASK_CHANGE,0.45657830541551475,0.31490057205840993,
400,OVERALL,FROZEN_FULL_TRANSITION_SAFETTA,0.6348374344796528,0.46336616095096717,
400,OVERALL,CHANGE_MAGNITUDE_ONLY,0.48107259466830127,0.35665585919859677,
400,OVERALL,CHANGE_MAGNITUDE_IOU_ONLY,0.48107259466830127,0.35665585919859677,
401,OVERALL,SOURCE_STATE,0.5370039722928213,0.3927876267640965,
401,OVERALL,SOURCE_PLUS_SIMPLE_MASK_CHANGE,0.44849105216324203,0.34664746243651723,
401,OVERALL,FROZEN_FULL_TRANSITION_SAFETTA,0.6548525366259357,0.5022703000714375,
401,OVERALL,CHANGE_MAGNITUDE_ONLY,0.46560738858096673,0.3802874322300222,
401,OVERALL,CHANGE_MAGNITUDE_IOU_ONLY,0.46560738858096673,0.3802874322300222,
402,OVERALL,SOURCE_STATE,0.5595393628404383,0.3943331159033937,
402,OVERALL,SOURCE_PLUS_SIMPLE_MASK_CHANGE,0.4987496822478526,0.36792585690177104,
402,OVERALL,FROZEN_FULL_TRANSITION_SAFETTA,0.6702944601760495,0.4961759094828138,
402,OVERALL,CHANGE_MAGNITUDE_ONLY,0.47929438332436736,0.3543136229845764,
402,OVERALL,CHANGE_MAGNITUDE_IOU_ONLY,0.47929438332436736,0.3543136229845764,
403,OVERALL,SOURCE_STATE,0.47745292707976716,0.2941462611949902,
403,OVERALL,SOURCE_PLUS_SIMPLE_MASK_CHANGE,0.4451626155426224,0.2860401580579099,
403,OVERALL,FROZEN_FULL_TRANSITION_SAFETTA,0.6107428962684012,0.3902968476453662,
403,OVERALL,CHANGE_MAGNITUDE_ONLY,0.48816501198219786,0.33007501760734603,
403,OVERALL,CHANGE_MAGNITUDE_IOU_ONLY,0.48816501198219786,0.33007501760734603,
404,OVERALL,SOURCE_STATE,0.5573780558950142,0.39630266787434376,
404,OVERALL,SOURCE_PLUS_SIMPLE_MASK_CHANGE,0.5119042501581297,0.361078674381987,
404,OVERALL,FROZEN_FULL_TRANSITION_SAFETTA,0.6726377263711227,0.49079285654411453,
404,OVERALL,CHANGE_MAGNITUDE_ONLY,0.4882001461548382,0.36147450043032525,
404,OVERALL,CHANGE_MAGNITUDE_IOU_ONLY,0.4882001461548382,0.36147450043032525,
405,OVERALL,SOURCE_STATE,0.5512886440159168,0.39328347785490225,
405,OVERALL,SOURCE_PLUS_SIMPLE_MASK_CHANGE,0.4921028466483012,0.376994560349714,
405,OVERALL,FROZEN_FULL_TRANSITION_SAFETTA,0.654484236302418,0.5196197748788635,
405,OVERALL,CHANGE_MAGNITUDE_ONLY,0.528288950107132,0.4014187499807186,
405,OVERALL,CHANGE_MAGNITUDE_IOU_ONLY,0.528288950107132,0.4014187499807186,
406,OVERALL,SOURCE_STATE,0.5447165076525542,0.38435939629950966,
406,OVERALL,SOURCE_PLUS_SIMPLE_MASK_CHANGE,0.4676443549990062,0.3318343603349209,
406,OVERALL,FROZEN_FULL_TRANSITION_SAFETTA,0.6415039256609024,0.48857826834229734,
406,OVERALL,CHANGE_MAGNITUDE_ONLY,0.4972265702643609,0.36987080474661516,
406,OVERALL,CHANGE_MAGNITUDE_IOU_ONLY,0.4972265702643609,0.36987080474661516,
407,OVERALL,SOURCE_STATE,0.5072282457603559,0.3835436196256219,
407,OVERALL,SOURCE_PLUS_SIMPLE_MASK_CHANGE,0.4667278287461774,0.3588352500277948,
407,OVERALL,FROZEN_FULL_TRANSITION_SAFETTA,0.6300027800945232,0.4975506082036349,
407,OVERALL,CHANGE_MAGNITUDE_ONLY,0.49898804559355026,0.3929032538990645,
407,OVERALL,CHANGE_MAGNITUDE_IOU_ONLY,0.49898804559355026,0.3929032538990645,
408,OVERALL,SOURCE_STATE,0.5371905183067903,0.36671938143156,
408,OVERALL,SOURCE_PLUS_SIMPLE_MASK_CHANGE,0.46961558961863537,0.3308376902784074,
408,OVERALL,FROZEN_FULL_TRANSITION_SAFETTA,0.6137738755571696,0.43796862417034416,
408,OVERALL,CHANGE_MAGNITUDE_ONLY,0.4830696601046103,0.35054308959239033,
408,OVERALL,CHANGE_MAGNITUDE_IOU_ONLY,0.4830696601046103,0.35054308959239033,
409,OVERALL,SOURCE_STATE,0.4719881298758506,0.3362797397838643,
409,OVERALL,SOURCE_PLUS_SIMPLE_MASK_CHANGE,0.4449499808733351,0.33490714072548483,
409,OVERALL,FROZEN_FULL_TRANSITION_SAFETTA,0.5959405102762354,0.436282670792758,
409,OVERALL,CHANGE_MAGNITUDE_ONLY,0.49098148770677086,0.3862200425023445,
409,OVERALL,CHANGE_MAGNITUDE_IOU_ONLY,0.49098148770677086,0.3862200425023445,
410,OVERALL,SOURCE_STATE,0.5199306759098786,0.36268219336013385,
410,OVERALL,SOURCE_PLUS_SIMPLE_MASK_CHANGE,0.46905462438895196,0.34894051681150096,
410,OVERALL,FROZEN_FULL_TRANSITION_SAFETTA,0.6471495937861662,0.48118094181809457,
410,OVERALL,CHANGE_MAGNITUDE_ONLY,0.5114206256441556,0.3789075034224198,
410,OVERALL,CHANGE_MAGNITUDE_IOU_ONLY,0.5114206256441556,0.3789075034224198,
411,OVERALL,SOURCE_STATE,0.5397996837111229,0.38980955930155115,
411,OVERALL,SOURCE_PLUS_SIMPLE_MASK_CHANGE,0.4789859586907558,0.3548445194506129,
411,OVERALL,FROZEN_FULL_TRANSITION_SAFETTA,0.6234425168927015,0.46962858303352706,
411,OVERALL,CHANGE_MAGNITUDE_ONLY,0.48740235778981167,0.3712274599723013,
411,OVERALL,CHANGE_MAGNITUDE_IOU_ONLY,0.48740235778981167,0.3712274599723013,
412,OVERALL,SOURCE_STATE,0.5387299535921988,0.3561746170460353,
412,OVERALL,SOURCE_PLUS_SIMPLE_MASK_CHANGE,0.4731774657815896,0.3234373326166266,
412,OVERALL,FROZEN_FULL_TRANSITION_SAFETTA,0.6811842800916408,0.4997683846468194,
412,OVERALL,CHANGE_MAGNITUDE_ONLY,0.4570874698936732,0.31522688588696257,
412,OVERALL,CHANGE_MAGNITUDE_IOU_ONLY,0.4570874698936732,0.31522688588696257,
413,OVERALL,SOURCE_STATE,0.5235206433944605,0.37542626129028955,
413,OVERALL,SOURCE_PLUS_SIMPLE_MASK_CHANGE,0.4952045851099479,0.3731137231695687,
413,OVERALL,FROZEN_FULL_TRANSITION_SAFETTA,0.6770836944338522,0.5009724822467527,
413,OVERALL,CHANGE_MAGNITUDE_ONLY,0.4759362614252204,0.3656437963111536,
413,OVERALL,CHANGE_MAGNITUDE_IOU_ONLY,0.4759362614252204,0.3656437963111536,
414,OVERALL,SOURCE_STATE,0.5421762841145106,0.3566382323910489,
414,OVERALL,SOURCE_PLUS_SIMPLE_MASK_CHANGE,0.5093461916849866,0.33822557498966765,
414,OVERALL,FROZEN_FULL_TRANSITION_SAFETTA,0.6488771209600039,0.44462219435779415,
414,OVERALL,CHANGE_MAGNITUDE_ONLY,0.47281770371539966,0.3164131572788913,
414,OVERALL,CHANGE_MAGNITUDE_IOU_ONLY,0.47281770371539966,0.3164131572788913,
415,OVERALL,SOURCE_STATE,0.5008083571695062,0.3507993946170471,
415,OVERALL,SOURCE_PLUS_SIMPLE_MASK_CHANGE,0.4923457755195101,0.35889256129021696,
415,OVERALL,FROZEN_FULL_TRANSITION_SAFETTA,0.6297428062133945,0.45190028631333234,
415,OVERALL,CHANGE_MAGNITUDE_ONLY,0.5256335092176405,0.38829217337448296,
415,OVERALL,CHANGE_MAGNITUDE_IOU_ONLY,0.5256335092176405,0.38829217337448296,
416,OVERALL,SOURCE_STATE,0.5392346971753603,0.3409594857983628,
416,OVERALL,SOURCE_PLUS_SIMPLE_MASK_CHANGE,0.4831103354663564,0.31743752527442337,
416,OVERALL,FROZEN_FULL_TRANSITION_SAFETTA,0.62398681403917,0.4264285262798331,
416,OVERALL,CHANGE_MAGNITUDE_ONLY,0.4558916682825932,0.31101740651462506,
416,OVERALL,CHANGE_MAGNITUDE_IOU_ONLY,0.4558916682825932,0.31101740651462506,
417,OVERALL,SOURCE_STATE,0.5988910502064742,0.3761030368545819,
417,OVERALL,SOURCE_PLUS_SIMPLE_MASK_CHANGE,0.5178717986829605,0.3386845533204451,
417,OVERALL,FROZEN_FULL_TRANSITION_SAFETTA,0.6944830394013222,0.4633700896555176,
417,OVERALL,CHANGE_MAGNITUDE_ONLY,0.4294401613017882,0.2774354527409144,
417,OVERALL,CHANGE_MAGNITUDE_IOU_ONLY,0.4294401613017882,0.2774354527409144,
418,OVERALL,SOURCE_STATE,0.5385799720066167,0.3514234011426938,
418,OVERALL,SOURCE_PLUS_SIMPLE_MASK_CHANGE,0.5013614963735845,0.32917264675752766,
418,OVERALL,FROZEN_FULL_TRANSITION_SAFETTA,0.6119862577936124,0.40712766531146655,
418,OVERALL,CHANGE_MAGNITUDE_ONLY,0.5191150273571702,0.3566861279469607,
418,OVERALL,CHANGE_MAGNITUDE_IOU_ONLY,0.5191150273571702,0.3566861279469607,
419,OVERALL,SOURCE_STATE,0.49646796218487393,0.3219221293339275,
419,OVERALL,SOURCE_PLUS_SIMPLE_MASK_CHANGE,0.4807444852941177,0.321801282891661,
419,OVERALL,FROZEN_FULL_TRANSITION_SAFETTA,0.6253085609243697,0.42472217815134083,
419,OVERALL,CHANGE_MAGNITUDE_ONLY,0.49207589285714287,0.3368441039367478,
419,OVERALL,CHANGE_MAGNITUDE_IOU_ONLY,0.49207589285714287,0.3368441039367478,
420,OVERALL,SOURCE_STATE,0.5195745369246947,0.3883829961625214,
420,OVERALL,SOURCE_PLUS_SIMPLE_MASK_CHANGE,0.4894963081082955,0.3856664014894297,
420,OVERALL,FROZEN_FULL_TRANSITION_SAFETTA,0.6793485168879491,0.5630112501583381,
420,OVERALL,CHANGE_MAGNITUDE_ONLY,0.5064680324932691,0.3948571870925761,
420,OVERALL,CHANGE_MAGNITUDE_IOU_ONLY,0.5064680324932691,0.3948571870925761,
421,OVERALL,SOURCE_STATE,0.528737596341952,0.39390861133596355,
421,OVERALL,SOURCE_PLUS_SIMPLE_MASK_CHANGE,0.4514636905743984,0.353564766478994,
421,OVERALL,FROZEN_FULL_TRANSITION_SAFETTA,0.6229287953425885,0.4840671013592209,
421,OVERALL,CHANGE_MAGNITUDE_ONLY,0.497106795201169,0.4009748471457939,
421,OVERALL,CHANGE_MAGNITUDE_IOU_ONLY,0.497106795201169,0.4009748471457939,
422,OVERALL,SOURCE_STATE,0.5434414231659247,0.3875199072585386,
422,OVERALL,SOURCE_PLUS_SIMPLE_MASK_CHANGE,0.47391692530079504,0.3429831675314307,
422,OVERALL,FROZEN_FULL_TRANSITION_SAFETTA,0.6279859335426701,0.4733543837189397,
422,OVERALL,CHANGE_MAGNITUDE_ONLY,0.49513808329334874,0.37638996944598846,
422,OVERALL,CHANGE_MAGNITUDE_IOU_ONLY,0.49513808329334874,0.37638996944598846,
423,OVERALL,SOURCE_STATE,0.5587604778176933,0.4027326152088401,
423,OVERALL,SOURCE_PLUS_SIMPLE_MASK_CHANGE,0.48506089547007797,0.3728748305834043,
423,OVERALL,FROZEN_FULL_TRANSITION_SAFETTA,0.6693828674902889,0.4922890262298897,
423,OVERALL,CHANGE_MAGNITUDE_ONLY,0.443365752504454,0.32961223821804664,
423,OVERALL,CHANGE_MAGNITUDE_IOU_ONLY,0.443365752504454,0.32961223821804664,
424,OVERALL,SOURCE_STATE,0.5300069621721977,0.36985286775360926,
424,OVERALL,SOURCE_PLUS_SIMPLE_MASK_CHANGE,0.4768797864933859,0.34868430411717827,
424,OVERALL,FROZEN_FULL_TRANSITION_SAFETTA,0.6321420283128336,0.45192170215004523,
424,OVERALL,CHANGE_MAGNITUDE_ONLY,0.4670863309352518,0.3547769132183066,
424,OVERALL,CHANGE_MAGNITUDE_IOU_ONLY,0.4670863309352518,0.3547769132183066,
425,OVERALL,SOURCE_STATE,0.5029031962633941,0.3655377529529397,
425,OVERALL,SOURCE_PLUS_SIMPLE_MASK_CHANGE,0.4719785084104161,0.35166095130942127,
425,OVERALL,FROZEN_FULL_TRANSITION_SAFETTA,0.6315901944622523,0.48903331070360817,
425,OVERALL,CHANGE_MAGNITUDE_ONLY,0.5068779192233721,0.39174803891297905,
425,OVERALL,CHANGE_MAGNITUDE_IOU_ONLY,0.5068779192233721,0.39174803891297905,
426,OVERALL,SOURCE_STATE,0.4955370154473915,0.3281665479244843,
426,OVERALL,SOURCE_PLUS_SIMPLE_MASK_CHANGE,0.46616025454192167,0.34490608018019725,
426,OVERALL,FROZEN_FULL_TRANSITION_SAFETTA,0.6376360147673176,0.47044541096491405,
426,OVERALL,CHANGE_MAGNITUDE_ONLY,0.526820411930438,0.38677008745079705,
426,OVERALL,CHANGE_MAGNITUDE_IOU_ONLY,0.526820411930438,0.38677008745079705,
427,OVERALL,SOURCE_STATE,0.531623554771703,0.3573048638926979,
427,OVERALL,SOURCE_PLUS_SIMPLE_MASK_CHANGE,0.5133132471095434,0.3594844633565801,
427,OVERALL,FROZEN_FULL_TRANSITION_SAFETTA,0.6710084754066237,0.47154900661337196,
427,OVERALL,CHANGE_MAGNITUDE_ONLY,0.49937536743092303,0.34930054745524386,
427,OVERALL,CHANGE_MAGNITUDE_IOU_ONLY,0.49937536743092303,0.34930054745524386,
428,OVERALL,SOURCE_STATE,0.521422077922078,0.3477805712569716,
428,OVERALL,SOURCE_PLUS_SIMPLE_MASK_CHANGE,0.48522727272727273,0.3468049045390933,
428,OVERALL,FROZEN_FULL_TRANSITION_SAFETTA,0.6368831168831168,0.43219023823608405,
428,OVERALL,CHANGE_MAGNITUDE_ONLY,0.5045779220779221,0.3622179523469528,
428,OVERALL,CHANGE_MAGNITUDE_IOU_ONLY,0.5045779220779221,0.3622179523469528,
429,OVERALL,SOURCE_STATE,0.5468250017777145,0.3722384735065343,
429,OVERALL,SOURCE_PLUS_SIMPLE_MASK_CHANGE,0.47592381900495384,0.32104703311881605,
429,OVERALL,FROZEN_FULL_TRANSITION_SAFETTA,0.6654874493351346,0.49571573893879295,
429,OVERALL,CHANGE_MAGNITUDE_ONLY,0.47653416767403833,0.3381745185141153,
429,OVERALL,CHANGE_MAGNITUDE_IOU_ONLY,0.47653416767403833,0.3381745185141153,
430,OVERALL,SOURCE_STATE,0.5176966807262058,0.3368429922545997,
430,OVERALL,SOURCE_PLUS_SIMPLE_MASK_CHANGE,0.4499786050492084,0.30483470298826454,
430,OVERALL,FROZEN_FULL_TRANSITION_SAFETTA,0.6158689406442936,0.4244688035678055,
430,OVERALL,CHANGE_MAGNITUDE_ONLY,0.5007457668561648,0.3638773271509821,
430,OVERALL,CHANGE_MAGNITUDE_IOU_ONLY,0.5007457668561648,0.3638773271509821,
431,OVERALL,SOURCE_STATE,0.49686875578731904,0.3470151225141156,
431,OVERALL,SOURCE_PLUS_SIMPLE_MASK_CHANGE,0.4632535698620791,0.33498615304920026,
431,OVERALL,FROZEN_FULL_TRANSITION_SAFETTA,0.6249756323407574,0.473633471359955,
431,OVERALL,CHANGE_MAGNITUDE_ONLY,0.49732869535552415,0.3615026851202456,
431,OVERALL,CHANGE_MAGNITUDE_IOU_ONLY,0.49732869535552415,0.3615026851202456,
432,OVERALL,SOURCE_STATE,0.5202121061771272,0.36636334652546637,
432,OVERALL,SOURCE_PLUS_SIMPLE_MASK_CHANGE,0.48014760605308854,0.3438548722828656,
432,OVERALL,FROZEN_FULL_TRANSITION_SAFETTA,0.6316980898040189,0.45383887605934536,
432,OVERALL,CHANGE_MAGNITUDE_ONLY,0.48892334408335403,0.357277371385721,
432,OVERALL,CHANGE_MAGNITUDE_IOU_ONLY,0.48892334408335403,0.357277371385721,
433,OVERALL,SOURCE_STATE,0.5710434306415603,0.4034947080897484,
433,OVERALL,SOURCE_PLUS_SIMPLE_MASK_CHANGE,0.5327572770546358,0.388669730851701,
433,OVERALL,FROZEN_FULL_TRANSITION_SAFETTA,0.6470733813555751,0.4821842358009165,
433,OVERALL,CHANGE_MAGNITUDE_ONLY,0.48328436328404734,0.3473541504018096,
433,OVERALL,CHANGE_MAGNITUDE_IOU_ONLY,0.48328436328404734,0.3473541504018096,
434,OVERALL,SOURCE_STATE,0.5652233899606488,0.39976515555465075,
434,OVERALL,SOURCE_PLUS_SIMPLE_MASK_CHANGE,0.5050628659180344,0.36673922586035923,
434,OVERALL,FROZEN_FULL_TRANSITION_SAFETTA,0.6975957385545637,0.516646081748037,
434,OVERALL,CHANGE_MAGNITUDE_ONLY,0.4694338468183127,0.3468936185334649,
434,OVERALL,CHANGE_MAGNITUDE_IOU_ONLY,0.4694338468183127,0.3468936185334649,
435,OVERALL,SOURCE_STATE,0.5275059746584299,0.40829819976096166,
435,OVERALL,SOURCE_PLUS_SIMPLE_MASK_CHANGE,0.4854973621319385,0.38580150248068457,
435,OVERALL,FROZEN_FULL_TRANSITION_SAFETTA,0.608242774045182,0.4702162249265829,
435,OVERALL,CHANGE_MAGNITUDE_ONLY,0.5218413220904541,0.4244409962754601,
435,OVERALL,CHANGE_MAGNITUDE_IOU_ONLY,0.5218413220904541,0.4244409962754601,
436,OVERALL,SOURCE_STATE,0.5409139467292118,0.38284863828241356,
436,OVERALL,SOURCE_PLUS_SIMPLE_MASK_CHANGE,0.5082567931295842,0.3796466743735148,
436,OVERALL,FROZEN_FULL_TRANSITION_SAFETTA,0.6621130467477128,0.5001006903328368,
436,OVERALL,CHANGE_MAGNITUDE_ONLY,0.5233141759022195,0.3855788872831243,
436,OVERALL,CHANGE_MAGNITUDE_IOU_ONLY,0.5233141759022195,0.3855788872831243,
437,OVERALL,SOURCE_STATE,0.47670648464163823,0.32683691893723715,
437,OVERALL,SOURCE_PLUS_SIMPLE_MASK_CHANGE,0.42376279863481225,0.3097408205590235,
437,OVERALL,FROZEN_FULL_TRANSITION_SAFETTA,0.6140053632374451,0.4397855161555086,
437,OVERALL,CHANGE_MAGNITUDE_ONLY,0.47961055582642614,0.36955530889738897,
437,OVERALL,CHANGE_MAGNITUDE_IOU_ONLY,0.47961055582642614,0.36955530889738897,
438,OVERALL,SOURCE_STATE,0.5227256424263493,0.3647304400047931,
438,OVERALL,SOURCE_PLUS_SIMPLE_MASK_CHANGE,0.48608099234661506,0.35631231186668155,
438,OVERALL,FROZEN_FULL_TRANSITION_SAFETTA,0.6253428021210967,0.4515646716245233,
438,OVERALL,CHANGE_MAGNITUDE_ONLY,0.4902801458943756,0.3667636397850279,
438,OVERALL,CHANGE_MAGNITUDE_IOU_ONLY,0.4902801458943756,0.3667636397850279,
439,OVERALL,SOURCE_STATE,0.500622732117409,0.3691565345464377,
439,OVERALL,SOURCE_PLUS_SIMPLE_MASK_CHANGE,0.44101409530196517,0.3226310677135263,
439,OVERALL,FROZEN_FULL_TRANSITION_SAFETTA,0.5928948660527167,0.4237870782750451,
439,OVERALL,CHANGE_MAGNITUDE_ONLY,0.48054560913979144,0.37659364745457835,
439,OVERALL,CHANGE_MAGNITUDE_IOU_ONLY,0.48054560913979144,0.37659364745457835,
440,OVERALL,SOURCE_STATE,0.5480728366406225,0.412384340090731,
440,OVERALL,SOURCE_PLUS_SIMPLE_MASK_CHANGE,0.4930312639619907,0.38146390967818167,
440,OVERALL,FROZEN_FULL_TRANSITION_SAFETTA,0.6636263580589973,0.5223919156596581,
440,OVERALL,CHANGE_MAGNITUDE_ONLY,0.47345995837283555,0.37747670138561457,
440,OVERALL,CHANGE_MAGNITUDE_IOU_ONLY,0.47345995837283555,0.37747670138561457,
441,OVERALL,SOURCE_STATE,0.5230115152901701,0.33754795147628636,
441,OVERALL,SOURCE_PLUS_SIMPLE_MASK_CHANGE,0.44073946973741074,0.3062042489014888,
441,OVERALL,FROZEN_FULL_TRANSITION_SAFETTA,0.6647410966216732,0.4584071461438366,
441,OVERALL,CHANGE_MAGNITUDE_ONLY,0.4425633595160019,0.3185473244243373,
441,OVERALL,CHANGE_MAGNITUDE_IOU_ONLY,0.4425633595160019,0.3185473244243373,
442,OVERALL,SOURCE_STATE,0.5334136933461909,0.4065870940222852,
442,OVERALL,SOURCE_PLUS_SIMPLE_MASK_CHANGE,0.5114539804993036,0.40119373337445163,
442,OVERALL,FROZEN_FULL_TRANSITION_SAFETTA,0.6797653487624558,0.5387684558440784,
442,OVERALL,CHANGE_MAGNITUDE_ONLY,0.48737812064716596,0.3810250769858752,
442,OVERALL,CHANGE_MAGNITUDE_IOU_ONLY,0.48737812064716596,0.3810250769858752,
443,OVERALL,SOURCE_STATE,0.5371024734982333,0.4121700367207364,
443,OVERALL,SOURCE_PLUS_SIMPLE_MASK_CHANGE,0.48122721408940494,0.3693578502641649,
443,OVERALL,FROZEN_FULL_TRANSITION_SAFETTA,0.6290593976106343,0.47006491736934203,
443,OVERALL,CHANGE_MAGNITUDE_ONLY,0.5172808345953221,0.39350239516458474,
443,OVERALL,CHANGE_MAGNITUDE_IOU_ONLY,0.5172808345953221,0.39350239516458474,
444,OVERALL,SOURCE_STATE,0.5106269321694854,0.36591771506616466,
444,OVERALL,SOURCE_PLUS_SIMPLE_MASK_CHANGE,0.5142696399345335,0.3848774433197562,
444,OVERALL,FROZEN_FULL_TRANSITION_SAFETTA,0.6390480087288598,0.4780568372490543,
444,OVERALL,CHANGE_MAGNITUDE_ONLY,0.49372613202400434,0.35781668348387735,
444,OVERALL,CHANGE_MAGNITUDE_IOU_ONLY,0.49372613202400434,0.35781668348387735,
445,OVERALL,SOURCE_STATE,0.5142472751621263,0.33815884037410837,
445,OVERALL,SOURCE_PLUS_SIMPLE_MASK_CHANGE,0.45821295274467744,0.29882175175315306,
445,OVERALL,FROZEN_FULL_TRANSITION_SAFETTA,0.5957568167445781,0.40095688207327007,
445,OVERALL,CHANGE_MAGNITUDE_ONLY,0.5120494252731038,0.3576725929597333,
445,OVERALL,CHANGE_MAGNITUDE_IOU_ONLY,0.5120494252731038,0.3576725929597333,
446,OVERALL,SOURCE_STATE,0.5169348831677714,0.3587145250601713,
446,OVERALL,SOURCE_PLUS_SIMPLE_MASK_CHANGE,0.43893614757228083,0.3165713071266716,
446,OVERALL,FROZEN_FULL_TRANSITION_SAFETTA,0.6690264711221277,0.4760324200012671,
446,OVERALL,CHANGE_MAGNITUDE_ONLY,0.45630606100438786,0.3521859504021898,
446,OVERALL,CHANGE_MAGNITUDE_IOU_ONLY,0.45630606100438786,0.3521859504021898,
447,OVERALL,SOURCE_STATE,0.49196047376394436,0.3510928444384652,
447,OVERALL,SOURCE_PLUS_SIMPLE_MASK_CHANGE,0.47810792820089065,0.3685057535492112,
447,OVERALL,FROZEN_FULL_TRANSITION_SAFETTA,0.5993090942478079,0.442293385315493,
447,OVERALL,CHANGE_MAGNITUDE_ONLY,0.4886780975990451,0.3840134105943574,
447,OVERALL,CHANGE_MAGNITUDE_IOU_ONLY,0.4886780975990451,0.3840134105943574,
448,OVERALL,SOURCE_STATE,0.5369738339021615,0.3816742714169872,
448,OVERALL,SOURCE_PLUS_SIMPLE_MASK_CHANGE,0.49502655545618807,0.3474475967666333,
448,OVERALL,FROZEN_FULL_TRANSITION_SAFETTA,0.666252973420209,0.4923073166029931,
448,OVERALL,CHANGE_MAGNITUDE_ONLY,0.5046783839195002,0.36741816631053337,
448,OVERALL,CHANGE_MAGNITUDE_IOU_ONLY,0.5046783839195002,0.36741816631053337,
449,OVERALL,SOURCE_STATE,0.5113866513233603,0.3763007394298846,
449,OVERALL,SOURCE_PLUS_SIMPLE_MASK_CHANGE,0.4693670886075949,0.3633465412194164,
449,OVERALL,FROZEN_FULL_TRANSITION_SAFETTA,0.6514844649021865,0.5078489357900458,
449,OVERALL,CHANGE_MAGNITUDE_ONLY,0.49904487917146145,0.3906712370524707,
449,OVERALL,CHANGE_MAGNITUDE_IOU_ONLY,0.49904487917146145,0.3906712370524707,
450,OVERALL,SOURCE_STATE,0.5147549633119831,0.34123673616278144,
450,OVERALL,SOURCE_PLUS_SIMPLE_MASK_CHANGE,0.5007300792657489,0.33820268774090934,
450,OVERALL,FROZEN_FULL_TRANSITION_SAFETTA,0.6280767626199417,0.43706791817172347,
450,OVERALL,CHANGE_MAGNITUDE_ONLY,0.4916562369628702,0.3405493637442971,
450,OVERALL,CHANGE_MAGNITUDE_IOU_ONLY,0.4916562369628702,0.3405493637442971,
451,OVERALL,SOURCE_STATE,0.49995070491964905,0.3423327521016238,
451,OVERALL,SOURCE_PLUS_SIMPLE_MASK_CHANGE,0.48217982845312035,0.3426676928491395,
451,OVERALL,FROZEN_FULL_TRANSITION_SAFETTA,0.6591676525682737,0.49616879075501524,
451,OVERALL,CHANGE_MAGNITUDE_ONLY,0.5062635561470965,0.37432722278520203,
451,OVERALL,CHANGE_MAGNITUDE_IOU_ONLY,0.5062635561470965,0.37432722278520203,
452,OVERALL,SOURCE_STATE,0.5144852714282324,0.3608096617556683,
452,OVERALL,SOURCE_PLUS_SIMPLE_MASK_CHANGE,0.4590780697381851,0.3328207643459261,
452,OVERALL,FROZEN_FULL_TRANSITION_SAFETTA,0.6130931187543023,0.4483920661392891,
452,OVERALL,CHANGE_MAGNITUDE_ONLY,0.485805502148164,0.3667947847257633,
452,OVERALL,CHANGE_MAGNITUDE_IOU_ONLY,0.485805502148164,0.3667947847257633,
453,OVERALL,SOURCE_STATE,0.4887908564715672,0.38695010496469023,
453,OVERALL,SOURCE_PLUS_SIMPLE_MASK_CHANGE,0.4940895018294399,0.41241102257833806,
453,OVERALL,FROZEN_FULL_TRANSITION_SAFETTA,0.6258397679854135,0.519460190196747,
453,OVERALL,CHANGE_MAGNITUDE_ONLY,0.5395012175870972,0.44418649055759796,
453,OVERALL,CHANGE_MAGNITUDE_IOU_ONLY,0.5395012175870972,0.44418649055759796,
454,OVERALL,SOURCE_STATE,0.524394931309825,0.347413454986245,
454,OVERALL,SOURCE_PLUS_SIMPLE_MASK_CHANGE,0.4984067351088628,0.33305038808511944,
454,OVERALL,FROZEN_FULL_TRANSITION_SAFETTA,0.6385830481575162,0.4537416404365415,
454,OVERALL,CHANGE_MAGNITUDE_ONLY,0.49421589049248627,0.34648914599188496,
454,OVERALL,CHANGE_MAGNITUDE_IOU_ONLY,0.49421589049248627,0.34648914599188496,
455,OVERALL,SOURCE_STATE,0.5038311415360596,0.36889280106012134,
455,OVERALL,SOURCE_PLUS_SIMPLE_MASK_CHANGE,0.4639464360775836,0.36408046514977566,
455,OVERALL,FROZEN_FULL_TRANSITION_SAFETTA,0.6209571848916111,0.46892834488213764,
455,OVERALL,CHANGE_MAGNITUDE_ONLY,0.5081696991533058,0.38854964548720655,
455,OVERALL,CHANGE_MAGNITUDE_IOU_ONLY,0.5081696991533058,0.38854964548720655,
456,OVERALL,SOURCE_STATE,0.5047066378926297,0.36554252435007073,
456,OVERALL,SOURCE_PLUS_SIMPLE_MASK_CHANGE,0.48210204754658903,0.3697028657356428,
456,OVERALL,FROZEN_FULL_TRANSITION_SAFETTA,0.6456974907574013,0.5115794753621982,
456,OVERALL,CHANGE_MAGNITUDE_ONLY,0.5074953280760931,0.3895089085989808,
456,OVERALL,CHANGE_MAGNITUDE_IOU_ONLY,0.5074953280760931,0.3895089085989808,
457,OVERALL,SOURCE_STATE,0.5056538163260201,0.34460770014049247,
457,OVERALL,SOURCE_PLUS_SIMPLE_MASK_CHANGE,0.48036799839891925,0.3461591541381057,
457,OVERALL,FROZEN_FULL_TRANSITION_SAFETTA,0.6345283066069597,0.4543509722074532,
457,OVERALL,CHANGE_MAGNITUDE_ONLY,0.4943868361143772,0.3624502507481495,
457,OVERALL,CHANGE_MAGNITUDE_IOU_ONLY,0.4943868361143772,0.3624502507481495,
458,OVERALL,SOURCE_STATE,0.5155848292494255,0.37472888927941106,
458,OVERALL,SOURCE_PLUS_SIMPLE_MASK_CHANGE,0.49471025868541396,0.36863183172711556,
458,OVERALL,FROZEN_FULL_TRANSITION_SAFETTA,0.6368165995495189,0.4944149854112574,
458,OVERALL,CHANGE_MAGNITUDE_ONLY,0.49446567924828794,0.38847881305691234,
458,OVERALL,CHANGE_MAGNITUDE_IOU_ONLY,0.49446567924828794,0.38847881305691234,
459,OVERALL,SOURCE_STATE,0.5039169833382052,0.3820075150920045,
459,OVERALL,SOURCE_PLUS_SIMPLE_MASK_CHANGE,0.4508915521777258,0.33320387859261025,
459,OVERALL,FROZEN_FULL_TRANSITION_SAFETTA,0.6559719380298158,0.5104031478875126,
459,OVERALL,CHANGE_MAGNITUDE_ONLY,0.4941420637240573,0.3955462014228728,
459,OVERALL,CHANGE_MAGNITUDE_IOU_ONLY,0.4941420637240573,0.3955462014228728,
460,OVERALL,SOURCE_STATE,0.5306170592794797,0.37288929948658295,
460,OVERALL,SOURCE_PLUS_SIMPLE_MASK_CHANGE,0.4839079297678024,0.362844432060367,
460,OVERALL,FROZEN_FULL_TRANSITION_SAFETTA,0.6311910940361047,0.47050466058265017,
460,OVERALL,CHANGE_MAGNITUDE_ONLY,0.48470551230636155,0.37028777658686846,
460,OVERALL,CHANGE_MAGNITUDE_IOU_ONLY,0.48470551230636155,0.37028777658686846,
461,OVERALL,SOURCE_STATE,0.4840412909349786,0.3501601770224861,
461,OVERALL,SOURCE_PLUS_SIMPLE_MASK_CHANGE,0.443889416231609,0.34147454645938746,
461,OVERALL,FROZEN_FULL_TRANSITION_SAFETTA,0.5823504983388704,0.4353566395878738,
461,OVERALL,CHANGE_MAGNITUDE_ONLY,0.5011954200284765,0.3868184988877047,
461,OVERALL,CHANGE_MAGNITUDE_IOU_ONLY,0.5011954200284765,0.3868184988877047,
462,OVERALL,SOURCE_STATE,0.5173129900402628,0.3927821337517669,
462,OVERALL,SOURCE_PLUS_SIMPLE_MASK_CHANGE,0.4804195804195805,0.3692582650981716,
462,OVERALL,FROZEN_FULL_TRANSITION_SAFETTA,0.6370682347955074,0.5221678287681981,
462,OVERALL,CHANGE_MAGNITUDE_ONLY,0.5214637635092181,0.41974057361658945,
462,OVERALL,CHANGE_MAGNITUDE_IOU_ONLY,0.5214637635092181,0.41974057361658945,
463,OVERALL,SOURCE_STATE,0.5699449740370457,0.36003279726392545,
463,OVERALL,SOURCE_PLUS_SIMPLE_MASK_CHANGE,0.49658641753503413,0.3077647285934151,
463,OVERALL,FROZEN_FULL_TRANSITION_SAFETTA,0.635067250040512,0.407085359192869,
463,OVERALL,CHANGE_MAGNITUDE_ONLY,0.480860687789309,0.31592316083347616,
463,OVERALL,CHANGE_MAGNITUDE_IOU_ONLY,0.480860687789309,0.31592316083347616,
464,OVERALL,SOURCE_STATE,0.5466300915441293,0.3946772855407062,
464,OVERALL,SOURCE_PLUS_SIMPLE_MASK_CHANGE,0.48131798028771006,0.34809410624898474,
464,OVERALL,FROZEN_FULL_TRANSITION_SAFETTA,0.6430799655513381,0.49294940480899624,
464,OVERALL,CHANGE_MAGNITUDE_ONLY,0.5053714395075117,0.3891391057492668,
464,OVERALL,CHANGE_MAGNITUDE_IOU_ONLY,0.5053714395075117,0.3891391057492668,
465,OVERALL,SOURCE_STATE,0.5102963855733966,0.3274063015443039,
465,OVERALL,SOURCE_PLUS_SIMPLE_MASK_CHANGE,0.5083006103961742,0.3422444100719252,
465,OVERALL,FROZEN_FULL_TRANSITION_SAFETTA,0.6418879514793359,0.4523067627819313,
465,OVERALL,CHANGE_MAGNITUDE_ONLY,0.5070694503842516,0.33538275349598995,
465,OVERALL,CHANGE_MAGNITUDE_IOU_ONLY,0.5070694503842516,0.33538275349598995,
466,OVERALL,SOURCE_STATE,0.4991030934813511,0.3652540841817161,
466,OVERALL,SOURCE_PLUS_SIMPLE_MASK_CHANGE,0.4944267695570748,0.35660719900362037,
466,OVERALL,FROZEN_FULL_TRANSITION_SAFETTA,0.6165188745233421,0.468266941425901,
466,OVERALL,CHANGE_MAGNITUDE_ONLY,0.5372582865136848,0.4098956479734428,
466,OVERALL,CHANGE_MAGNITUDE_IOU_ONLY,0.5372582865136848,0.4098956479734428,
467,OVERALL,SOURCE_STATE,0.5112722501742528,0.3434130954406862,
467,OVERALL,SOURCE_PLUS_SIMPLE_MASK_CHANGE,0.47601169104252944,0.3321625311431665,
467,OVERALL,FROZEN_FULL_TRANSITION_SAFETTA,0.6939184321351382,0.5130069387813061,
467,OVERALL,CHANGE_MAGNITUDE_ONLY,0.4716831938335022,0.34584024404849284,
467,OVERALL,CHANGE_MAGNITUDE_IOU_ONLY,0.4716831938335022,0.34584024404849284,
468,OVERALL,SOURCE_STATE,0.5303960884906729,0.40156194893865016,
468,OVERALL,SOURCE_PLUS_SIMPLE_MASK_CHANGE,0.49718197911774265,0.3723635629178683,
468,OVERALL,FROZEN_FULL_TRANSITION_SAFETTA,0.6588568951190432,0.5306227213790923,
468,OVERALL,CHANGE_MAGNITUDE_ONLY,0.5198465744186327,0.40372936506163215,
468,OVERALL,CHANGE_MAGNITUDE_IOU_ONLY,0.5198465744186327,0.40372936506163215,
469,OVERALL,SOURCE_STATE,0.5367815826807073,0.3961784756122858,
469,OVERALL,SOURCE_PLUS_SIMPLE_MASK_CHANGE,0.44824165811236316,0.3464911646243052,
469,OVERALL,FROZEN_FULL_TRANSITION_SAFETTA,0.610811870681999,0.4640093238732567,
469,OVERALL,CHANGE_MAGNITUDE_ONLY,0.5058361495253804,0.397365596390344,
469,OVERALL,CHANGE_MAGNITUDE_IOU_ONLY,0.5058361495253804,0.397365596390344,
470,OVERALL,SOURCE_STATE,0.5112283715793349,0.3521464447439636,
470,OVERALL,SOURCE_PLUS_SIMPLE_MASK_CHANGE,0.4343355012885016,0.3129670560885113,
470,OVERALL,FROZEN_FULL_TRANSITION_SAFETTA,0.6596514909804885,0.4868058013380827,
470,OVERALL,CHANGE_MAGNITUDE_ONLY,0.4699840471223462,0.3636526201607042,
470,OVERALL,CHANGE_MAGNITUDE_IOU_ONLY,0.4699840471223462,0.3636526201607042,
471,OVERALL,SOURCE_STATE,0.528273969333572,0.3808611254217429,
471,OVERALL,SOURCE_PLUS_SIMPLE_MASK_CHANGE,0.49708847920768445,0.3712144554069565,
471,OVERALL,FROZEN_FULL_TRANSITION_SAFETTA,0.6428614044508084,0.4681885421496134,
471,OVERALL,CHANGE_MAGNITUDE_ONLY,0.50909551936042,0.3816133845578331,
471,OVERALL,CHANGE_MAGNITUDE_IOU_ONLY,0.50909551936042,0.3816133845578331,
472,OVERALL,SOURCE_STATE,0.5166721284614124,0.4179537535910566,
472,OVERALL,SOURCE_PLUS_SIMPLE_MASK_CHANGE,0.46299975421923645,0.3844196883654523,
472,OVERALL,FROZEN_FULL_TRANSITION_SAFETTA,0.6459937735539898,0.5448716179233843,
472,OVERALL,CHANGE_MAGNITUDE_ONLY,0.48866336228084545,0.41905392676559516,
472,OVERALL,CHANGE_MAGNITUDE_IOU_ONLY,0.48866336228084545,0.41905392676559516,
473,OVERALL,SOURCE_STATE,0.48595894053824057,0.34974592578685737,
473,OVERALL,SOURCE_PLUS_SIMPLE_MASK_CHANGE,0.43636610762448447,0.33120813790312265,
473,OVERALL,FROZEN_FULL_TRANSITION_SAFETTA,0.632627734638159,0.4895545147911225,
473,OVERALL,CHANGE_MAGNITUDE_ONLY,0.46237988866432655,0.3628161037064136,
473,OVERALL,CHANGE_MAGNITUDE_IOU_ONLY,0.46237988866432655,0.3628161037064136,
474,OVERALL,SOURCE_STATE,0.5453424363740349,0.38953388808012823,
474,OVERALL,SOURCE_PLUS_SIMPLE_MASK_CHANGE,0.4896816318749404,0.36408793036265097,
474,OVERALL,FROZEN_FULL_TRANSITION_SAFETTA,0.6609653512534555,0.5074902106603619,
474,OVERALL,CHANGE_MAGNITUDE_ONLY,0.4744721666190068,0.3672497980484538,
474,OVERALL,CHANGE_MAGNITUDE_IOU_ONLY,0.4744721666190068,0.3672497980484538,
475,OVERALL,SOURCE_STATE,0.4723459006582884,0.3327155219942432,
475,OVERALL,SOURCE_PLUS_SIMPLE_MASK_CHANGE,0.4830041891083184,0.3594292868537085,
475,OVERALL,FROZEN_FULL_TRANSITION_SAFETTA,0.59245960502693,0.43212190201822337,
475,OVERALL,CHANGE_MAGNITUDE_ONLY,0.5112537402752843,0.3794991239163411,
475,OVERALL,CHANGE_MAGNITUDE_IOU_ONLY,0.5112537402752843,0.3794991239163411,
476,OVERALL,SOURCE_STATE,0.5208032973183846,0.38757785673511347,
476,OVERALL,SOURCE_PLUS_SIMPLE_MASK_CHANGE,0.4541558537012851,0.34049742861519183,
476,OVERALL,FROZEN_FULL_TRANSITION_SAFETTA,0.6234034974642536,0.4629553307571428,
476,OVERALL,CHANGE_MAGNITUDE_ONLY,0.4682226029139882,0.37295065675208106,
476,OVERALL,CHANGE_MAGNITUDE_IOU_ONLY,0.4682226029139882,0.37295065675208106,
477,OVERALL,SOURCE_STATE,0.5613365599404319,0.3936845234612858,
477,OVERALL,SOURCE_PLUS_SIMPLE_MASK_CHANGE,0.4970106434234155,0.35247998174062023,
477,OVERALL,FROZEN_FULL_TRANSITION_SAFETTA,0.6754577110069644,0.5090072715212094,
477,OVERALL,CHANGE_MAGNITUDE_ONLY,0.4703528097761815,0.3391129690875304,
477,OVERALL,CHANGE_MAGNITUDE_IOU_ONLY,0.4703528097761815,0.3391129690875304,
478,OVERALL,SOURCE_STATE,0.5438839848675914,0.40252347220771895,
478,OVERALL,SOURCE_PLUS_SIMPLE_MASK_CHANGE,0.48567225124602176,0.36647317172872595,
478,OVERALL,FROZEN_FULL_TRANSITION_SAFETTA,0.6347865249504593,0.4989823968351509,
478,OVERALL,CHANGE_MAGNITUDE_ONLY,0.538887888068216,0.42021110576959936,
478,OVERALL,CHANGE_MAGNITUDE_IOU_ONLY,0.538887888068216,0.42021110576959936,
479,OVERALL,SOURCE_STATE,0.5003343032254071,0.34012357926670966,
479,OVERALL,SOURCE_PLUS_SIMPLE_MASK_CHANGE,0.5051012195876927,0.3502936976259842,
479,OVERALL,FROZEN_FULL_TRANSITION_SAFETTA,0.6199529499164241,0.4566815088499332,
479,OVERALL,CHANGE_MAGNITUDE_ONLY,0.5220052002723952,0.3723746847888674,
479,OVERALL,CHANGE_MAGNITUDE_IOU_ONLY,0.5220052002723952,0.3723746847888674,
480,OVERALL,SOURCE_STATE,0.5209421451428774,0.3584214543558441,
480,OVERALL,SOURCE_PLUS_SIMPLE_MASK_CHANGE,0.4907755188955466,0.35626107804025636,
480,OVERALL,FROZEN_FULL_TRANSITION_SAFETTA,0.6326651327035804,0.4501840464303305,
480,OVERALL,CHANGE_MAGNITUDE_ONLY,0.5462466210421091,0.4002894352587537,
480,OVERALL,CHANGE_MAGNITUDE_IOU_ONLY,0.5462466210421091,0.4002894352587537,
481,OVERALL,SOURCE_STATE,0.6141573033707866,0.43442666018472537,
481,OVERALL,SOURCE_PLUS_SIMPLE_MASK_CHANGE,0.5194552264215185,0.35066130065443957,
481,OVERALL,FROZEN_FULL_TRANSITION_SAFETTA,0.6982703438883214,0.5139573260640361,
481,OVERALL,CHANGE_MAGNITUDE_ONLY,0.4879536942458291,0.33350204498557123,
481,OVERALL,CHANGE_MAGNITUDE_IOU_ONLY,0.4879536942458291,0.33350204498557123,
482,OVERALL,SOURCE_STATE,0.5410682226211849,0.391673080608684,
482,OVERALL,SOURCE_PLUS_SIMPLE_MASK_CHANGE,0.49586010583010487,0.35874264238556924,
482,OVERALL,FROZEN_FULL_TRANSITION_SAFETTA,0.6828226873287349,0.5158497914674572,
482,OVERALL,CHANGE_MAGNITUDE_ONLY,0.49744873854294624,0.36485160627279534,
482,OVERALL,CHANGE_MAGNITUDE_IOU_ONLY,0.49744873854294624,0.36485160627279534,
483,OVERALL,SOURCE_STATE,0.5671087533156498,0.39716071280721893,
483,OVERALL,SOURCE_PLUS_SIMPLE_MASK_CHANGE,0.4773769525493664,0.3167314824584503,
483,OVERALL,FROZEN_FULL_TRANSITION_SAFETTA,0.6339876215738284,0.4417745189918501,
483,OVERALL,CHANGE_MAGNITUDE_ONLY,0.49925729442970823,0.34881567492605914,
483,OVERALL,CHANGE_MAGNITUDE_IOU_ONLY,0.49925729442970823,0.34881567492605914,
484,OVERALL,SOURCE_STATE,0.5138953303878732,0.3289826487439673,
484,OVERALL,SOURCE_PLUS_SIMPLE_MASK_CHANGE,0.4982668977469671,0.34721776289180395,
484,OVERALL,FROZEN_FULL_TRANSITION_SAFETTA,0.6618009617497009,0.4668580460765278,
484,OVERALL,CHANGE_MAGNITUDE_ONLY,0.46080381770693485,0.31434820175580325,
484,OVERALL,CHANGE_MAGNITUDE_IOU_ONLY,0.46080381770693485,0.31434820175580325,
485,OVERALL,SOURCE_STATE,0.5588130648260158,0.3860884337648131,
485,OVERALL,SOURCE_PLUS_SIMPLE_MASK_CHANGE,0.4801228681894732,0.34984450863727046,
485,OVERALL,FROZEN_FULL_TRANSITION_SAFETTA,0.6378353376503237,0.47624614181405683,
485,OVERALL,CHANGE_MAGNITUDE_ONLY,0.4827083185085035,0.35698256472247286,
485,OVERALL,CHANGE_MAGNITUDE_IOU_ONLY,0.4827083185085035,0.35698256472247286,
486,OVERALL,SOURCE_STATE,0.5511672686132022,0.41710107396002966,
486,OVERALL,SOURCE_PLUS_SIMPLE_MASK_CHANGE,0.4818219398633654,0.3964095232465965,
486,OVERALL,FROZEN_FULL_TRANSITION_SAFETTA,0.6427483573386711,0.5163354975614958,
486,OVERALL,CHANGE_MAGNITUDE_ONLY,0.4870925982333232,0.4051533503722999,
486,OVERALL,CHANGE_MAGNITUDE_IOU_ONLY,0.4870925982333232,0.4051533503722999,
487,OVERALL,SOURCE_STATE,0.5602268559013571,0.38393500169222905,
487,OVERALL,SOURCE_PLUS_SIMPLE_MASK_CHANGE,0.5007307920205412,0.3542062048489986,
487,OVERALL,FROZEN_FULL_TRANSITION_SAFETTA,0.663824384187805,0.4941785443269192,
487,OVERALL,CHANGE_MAGNITUDE_ONLY,0.48715894021049067,0.3526487589101734,
487,OVERALL,CHANGE_MAGNITUDE_IOU_ONLY,0.48715894021049067,0.3526487589101734,
488,OVERALL,SOURCE_STATE,0.4517291939314624,0.3181068880192267,
488,OVERALL,SOURCE_PLUS_SIMPLE_MASK_CHANGE,0.4583515098637972,0.33988125337190345,
488,OVERALL,FROZEN_FULL_TRANSITION_SAFETTA,0.5874412292181668,0.4278443942617639,
488,OVERALL,CHANGE_MAGNITUDE_ONLY,0.48872449226891573,0.3715471061960859,
488,OVERALL,CHANGE_MAGNITUDE_IOU_ONLY,0.48872449226891573,0.3715471061960859,
489,OVERALL,SOURCE_STATE,0.5303399517700151,0.3270548839594495,
489,OVERALL,SOURCE_PLUS_SIMPLE_MASK_CHANGE,0.49585741140430273,0.32096843411488923,
489,OVERALL,FROZEN_FULL_TRANSITION_SAFETTA,0.6494591532536252,0.4276825776562053,
489,OVERALL,CHANGE_MAGNITUDE_ONLY,0.4711253030197541,0.31103452347095095,
489,OVERALL,CHANGE_MAGNITUDE_IOU_ONLY,0.4711253030197541,0.31103452347095095,
490,OVERALL,SOURCE_STATE,0.4770856507230256,0.3422607408610768,
490,OVERALL,SOURCE_PLUS_SIMPLE_MASK_CHANGE,0.46020887405759486,0.33055329314722504,
490,OVERALL,FROZEN_FULL_TRANSITION_SAFETTA,0.5916573971078977,0.4507004652285388,
490,OVERALL,CHANGE_MAGNITUDE_ONLY,0.5669509331355828,0.42924237509211616,
490,OVERALL,CHANGE_MAGNITUDE_IOU_ONLY,0.5669509331355828,0.42924237509211616,
491,OVERALL,SOURCE_STATE,0.5289701904576002,0.4053008501756876,
491,OVERALL,SOURCE_PLUS_SIMPLE_MASK_CHANGE,0.5008003123170017,0.3889060207900292,
491,OVERALL,FROZEN_FULL_TRANSITION_SAFETTA,0.6203006051141908,0.4743673753808107,
491,OVERALL,CHANGE_MAGNITUDE_ONLY,0.5337469674576838,0.428073018981927,
491,OVERALL,CHANGE_MAGNITUDE_IOU_ONLY,0.5337469674576838,0.428073018981927,
492,OVERALL,SOURCE_STATE,0.515241389682659,0.3760019732220318,
492,OVERALL,SOURCE_PLUS_SIMPLE_MASK_CHANGE,0.48874718002707174,0.36541187823882815,
492,OVERALL,FROZEN_FULL_TRANSITION_SAFETTA,0.65979244999248,0.4961487336800162,
492,OVERALL,CHANGE_MAGNITUDE_ONLY,0.5113129793953978,0.3931264134653065,
492,OVERALL,CHANGE_MAGNITUDE_IOU_ONLY,0.5113129793953978,0.3931264134653065,
493,OVERALL,SOURCE_STATE,0.5281012815727262,0.35557489814002724,
493,OVERALL,SOURCE_PLUS_SIMPLE_MASK_CHANGE,0.5194413338310315,0.3505173430070865,
493,OVERALL,FROZEN_FULL_TRANSITION_SAFETTA,0.681398531790469,0.4916859276092237,
493,OVERALL,CHANGE_MAGNITUDE_ONLY,0.4809008336443947,0.3325722354107668,
493,OVERALL,CHANGE_MAGNITUDE_IOU_ONLY,0.4809008336443947,0.3325722354107668,
494,OVERALL,SOURCE_STATE,0.49837583799847945,0.3617560420144721,
494,OVERALL,SOURCE_PLUS_SIMPLE_MASK_CHANGE,0.48170226000414684,0.3690252220262933,
494,OVERALL,FROZEN_FULL_TRANSITION_SAFETTA,0.6550671550671551,0.512581224707267,
494,OVERALL,CHANGE_MAGNITUDE_ONLY,0.4839369226161679,0.38587418896250814,
494,OVERALL,CHANGE_MAGNITUDE_IOU_ONLY,0.4839369226161679,0.38587418896250814,
495,OVERALL,SOURCE_STATE,0.49230311328055243,0.3710516702277438,
495,OVERALL,SOURCE_PLUS_SIMPLE_MASK_CHANGE,0.4218108220727424,0.33234364298123803,
495,OVERALL,FROZEN_FULL_TRANSITION_SAFETTA,0.6289838680873863,0.49248964716344046,
495,OVERALL,CHANGE_MAGNITUDE_ONLY,0.5164057384368117,0.43035426070490135,
495,OVERALL,CHANGE_MAGNITUDE_IOU_ONLY,0.5164057384368117,0.43035426070490135,
496,OVERALL,SOURCE_STATE,0.48247663551401865,0.3577637812708443,
496,OVERALL,SOURCE_PLUS_SIMPLE_MASK_CHANGE,0.49766936346305846,0.37767009522905026,
496,OVERALL,FROZEN_FULL_TRANSITION_SAFETTA,0.6243897335751151,0.4727916414595468,
496,OVERALL,CHANGE_MAGNITUDE_ONLY,0.479989073324964,0.37649844393080933,
496,OVERALL,CHANGE_MAGNITUDE_IOU_ONLY,0.479989073324964,0.37649844393080933,
497,OVERALL,SOURCE_STATE,0.5155387743247168,0.3700380403426582,
497,OVERALL,SOURCE_PLUS_SIMPLE_MASK_CHANGE,0.4740633168748184,0.3466912548904184,
497,OVERALL,FROZEN_FULL_TRANSITION_SAFETTA,0.6102584954981121,0.4433173652438738,
497,OVERALL,CHANGE_MAGNITUDE_ONLY,0.5127330816148707,0.39768988121624893,
497,OVERALL,CHANGE_MAGNITUDE_IOU_ONLY,0.5127330816148707,0.39768988121624893,
498,OVERALL,SOURCE_STATE,0.49914989916045205,0.3594235800181726,
498,OVERALL,SOURCE_PLUS_SIMPLE_MASK_CHANGE,0.45308029642136854,0.3321527112319934,
498,OVERALL,FROZEN_FULL_TRANSITION_SAFETTA,0.6475364663946345,0.47394877539540864,
498,OVERALL,CHANGE_MAGNITUDE_ONLY,0.47944221659396846,0.3821571589598036,
498,OVERALL,CHANGE_MAGNITUDE_IOU_ONLY,0.47944221659396846,0.3821571589598036,
499,OVERALL,SOURCE_STATE,0.5348690580738139,0.4395241786184956,
499,OVERALL,SOURCE_PLUS_SIMPLE_MASK_CHANGE,0.4671857056002162,0.3853982954490571,
499,OVERALL,FROZEN_FULL_TRANSITION_SAFETTA,0.6425724515300952,0.5111868384975076,
499,OVERALL,CHANGE_MAGNITUDE_ONLY,0.46999482086964356,0.40706866737006625,
499,OVERALL,CHANGE_MAGNITUDE_IOU_ONLY,0.46999482086964356,0.40706866737006625,
500,OVERALL,SOURCE_STATE,0.5105114713689799,0.3382711392753762,
500,OVERALL,SOURCE_PLUS_SIMPLE_MASK_CHANGE,0.4634350113765643,0.33004581334415684,
500,OVERALL,FROZEN_FULL_TRANSITION_SAFETTA,0.6181562855517634,0.46555472321939007,
500,OVERALL,CHANGE_MAGNITUDE_ONLY,0.49535160693970426,0.35807046931425357,
500,OVERALL,CHANGE_MAGNITUDE_IOU_ONLY,0.49535160693970426,0.35807046931425357,
501,OVERALL,SOURCE_STATE,0.4932886105256909,0.3429282579924738,
501,OVERALL,SOURCE_PLUS_SIMPLE_MASK_CHANGE,0.43889696933717237,0.3188361833333867,
501,OVERALL,FROZEN_FULL_TRANSITION_SAFETTA,0.6077710825492001,0.4464840887560657,
501,OVERALL,CHANGE_MAGNITUDE_ONLY,0.5254593487488497,0.40592426829145367,
501,OVERALL,CHANGE_MAGNITUDE_IOU_ONLY,0.5254593487488497,0.40592426829145367,
502,OVERALL,SOURCE_STATE,0.5173645866328793,0.3650316753308387,
502,OVERALL,SOURCE_PLUS_SIMPLE_MASK_CHANGE,0.4711434906556858,0.3238442198964962,
502,OVERALL,FROZEN_FULL_TRANSITION_SAFETTA,0.6529426670890085,0.4616083655609743,
502,OVERALL,CHANGE_MAGNITUDE_ONLY,0.48455178967374096,0.3543663906769129,
502,OVERALL,CHANGE_MAGNITUDE_IOU_ONLY,0.48455178967374096,0.3543663906769129,
503,OVERALL,SOURCE_STATE,0.4815163365888004,0.30010632784848307,
503,OVERALL,SOURCE_PLUS_SIMPLE_MASK_CHANGE,0.47917407337697193,0.30181019429696443,
503,OVERALL,FROZEN_FULL_TRANSITION_SAFETTA,0.644275745725021,0.44376732556593074,
503,OVERALL,CHANGE_MAGNITUDE_ONLY,0.5152351674090805,0.3491794277893534,
503,OVERALL,CHANGE_MAGNITUDE_IOU_ONLY,0.5152351674090805,0.3491794277893534,
504,OVERALL,SOURCE_STATE,0.5397642477380842,0.390264776163124,
504,OVERALL,SOURCE_PLUS_SIMPLE_MASK_CHANGE,0.4900837142057644,0.3518330892362108,
504,OVERALL,FROZEN_FULL_TRANSITION_SAFETTA,0.6305906631844045,0.45054152668877584,
504,OVERALL,CHANGE_MAGNITUDE_ONLY,0.47522385971457887,0.35087205381916253,
504,OVERALL,CHANGE_MAGNITUDE_IOU_ONLY,0.47522385971457887,0.35087205381916253,
505,OVERALL,SOURCE_STATE,0.5016174976469928,0.35775445981980725,
505,OVERALL,SOURCE_PLUS_SIMPLE_MASK_CHANGE,0.4447152393834186,0.31468050536630027,
505,OVERALL,FROZEN_FULL_TRANSITION_SAFETTA,0.5981874053343141,0.41964127821655794,
505,OVERALL,CHANGE_MAGNITUDE_ONLY,0.49097754202688976,0.3677942012762807,
505,OVERALL,CHANGE_MAGNITUDE_IOU_ONLY,0.49097754202688976,0.3677942012762807,
506,OVERALL,SOURCE_STATE,0.5496536059057354,0.37469420226367683,
506,OVERALL,SOURCE_PLUS_SIMPLE_MASK_CHANGE,0.5018625780806361,0.36002023560499474,
506,OVERALL,FROZEN_FULL_TRANSITION_SAFETTA,0.635411697898921,0.4670472074090001,
506,OVERALL,CHANGE_MAGNITUDE_ONLY,0.4771890971039182,0.33662280782114584,
506,OVERALL,CHANGE_MAGNITUDE_IOU_ONLY,0.4771890971039182,0.33662280782114584,
507,OVERALL,SOURCE_STATE,0.4794885390574053,0.3625499209420402,
507,OVERALL,SOURCE_PLUS_SIMPLE_MASK_CHANGE,0.480987816844325,0.365972091500752,
507,OVERALL,FROZEN_FULL_TRANSITION_SAFETTA,0.6116992424380939,0.47334411894248707,
507,OVERALL,CHANGE_MAGNITUDE_ONLY,0.5395693537868953,0.4308492029144889,
507,OVERALL,CHANGE_MAGNITUDE_IOU_ONLY,0.5395693537868953,0.4308492029144889,
508,OVERALL,SOURCE_STATE,0.5322379885486681,0.3821789322359505,
508,OVERALL,SOURCE_PLUS_SIMPLE_MASK_CHANGE,0.4764216366158114,0.3541021883935698,
508,OVERALL,FROZEN_FULL_TRANSITION_SAFETTA,0.6464905105681805,0.4964540972293693,
508,OVERALL,CHANGE_MAGNITUDE_ONLY,0.47557997557997556,0.3648652913372522,
508,OVERALL,CHANGE_MAGNITUDE_IOU_ONLY,0.47557997557997556,0.3648652913372522,
509,OVERALL,SOURCE_STATE,0.5201856285655169,0.39766027982853885,
509,OVERALL,SOURCE_PLUS_SIMPLE_MASK_CHANGE,0.4908456740858975,0.3800150322042266,
509,OVERALL,FROZEN_FULL_TRANSITION_SAFETTA,0.6420442789157872,0.5009667435797597,
509,OVERALL,CHANGE_MAGNITUDE_ONLY,0.4959593272442434,0.3829739978440839,
509,OVERALL,CHANGE_MAGNITUDE_IOU_ONLY,0.4959593272442434,0.3829739978440839,
510,OVERALL,SOURCE_STATE,0.5368227121715494,0.3832012738116022,
510,OVERALL,SOURCE_PLUS_SIMPLE_MASK_CHANGE,0.49368770764119596,0.3564643591819495,
510,OVERALL,FROZEN_FULL_TRANSITION_SAFETTA,0.6578918755662941,0.4961282594836158,
510,OVERALL,CHANGE_MAGNITUDE_ONLY,0.49026276049531864,0.3598888217522659,
510,OVERALL,CHANGE_MAGNITUDE_IOU_ONLY,0.49026276049531864,0.3598888217522659,
511,OVERALL,SOURCE_STATE,0.508824529034764,0.3767647622822113,
511,OVERALL,SOURCE_PLUS_SIMPLE_MASK_CHANGE,0.47431540104874736,0.3577945541601072,
511,OVERALL,FROZEN_FULL_TRANSITION_SAFETTA,0.6371504175568072,0.5015040533212263,
511,OVERALL,CHANGE_MAGNITUDE_ONLY,0.5384965527286852,0.4225946021293795,
511,OVERALL,CHANGE_MAGNITUDE_IOU_ONLY,0.5384965527286852,0.4225946021293795,
512,OVERALL,SOURCE_STATE,0.5143084836629719,0.3847430205008676,
512,OVERALL,SOURCE_PLUS_SIMPLE_MASK_CHANGE,0.4732638946940185,0.3449373539521826,
512,OVERALL,FROZEN_FULL_TRANSITION_SAFETTA,0.6386794398096288,0.5051928150826659,
512,OVERALL,CHANGE_MAGNITUDE_ONLY,0.5258137863006369,0.4081810288848189,
512,OVERALL,CHANGE_MAGNITUDE_IOU_ONLY,0.5258137863006369,0.4081810288848189,
513,OVERALL,SOURCE_STATE,0.5446584321533663,0.3939569489863126,
513,OVERALL,SOURCE_PLUS_SIMPLE_MASK_CHANGE,0.4808673843967133,0.3596442617877823,
513,OVERALL,FROZEN_FULL_TRANSITION_SAFETTA,0.6746310033537141,0.5145756822952267,
513,OVERALL,CHANGE_MAGNITUDE_ONLY,0.4762831920779518,0.3635614026166265,
513,OVERALL,CHANGE_MAGNITUDE_IOU_ONLY,0.4762831920779518,0.3635614026166265,
514,OVERALL,SOURCE_STATE,0.47430380372953457,0.33094957204302256,
514,OVERALL,SOURCE_PLUS_SIMPLE_MASK_CHANGE,0.4307080674679725,0.31000264860740834,
514,OVERALL,FROZEN_FULL_TRANSITION_SAFETTA,0.581552653707276,0.42061838240624383,
514,OVERALL,CHANGE_MAGNITUDE_ONLY,0.4827836721570955,0.36823070808825353,
514,OVERALL,CHANGE_MAGNITUDE_IOU_ONLY,0.4827836721570955,0.36823070808825353,
515,OVERALL,SOURCE_STATE,0.5573836447316285,0.39952584988423967,
515,OVERALL,SOURCE_PLUS_SIMPLE_MASK_CHANGE,0.5082446889572984,0.38567027053971287,
515,OVERALL,FROZEN_FULL_TRANSITION_SAFETTA,0.6602639519644,0.4820252593437077,
515,OVERALL,CHANGE_MAGNITUDE_ONLY,0.4666768264805389,0.34555569158835986,
515,OVERALL,CHANGE_MAGNITUDE_IOU_ONLY,0.4666768264805389,0.34555569158835986,
516,OVERALL,SOURCE_STATE,0.5190691661279897,0.385992481661497,
516,OVERALL,SOURCE_PLUS_SIMPLE_MASK_CHANGE,0.47388267047709776,0.35459837831376395,
516,OVERALL,FROZEN_FULL_TRANSITION_SAFETTA,0.645125256580365,0.5230121739113132,
516,OVERALL,CHANGE_MAGNITUDE_ONLY,0.4688134363056964,0.36929301914634566,
516,OVERALL,CHANGE_MAGNITUDE_IOU_ONLY,0.4688134363056964,0.36929301914634566,
517,OVERALL,SOURCE_STATE,0.5771751509551539,0.4456567429885147,
517,OVERALL,SOURCE_PLUS_SIMPLE_MASK_CHANGE,0.49251133506672107,0.39755826648973264,
517,OVERALL,FROZEN_FULL_TRANSITION_SAFETTA,0.6715355523561897,0.5326922954242359,
517,OVERALL,CHANGE_MAGNITUDE_ONLY,0.4828416099017986,0.3983024037494497,
517,OVERALL,CHANGE_MAGNITUDE_IOU_ONLY,0.4828416099017986,0.3983024037494497,
518,OVERALL,SOURCE_STATE,0.5182341967543295,0.3768648381557601,
518,OVERALL,SOURCE_PLUS_SIMPLE_MASK_CHANGE,0.4798067345737099,0.3764460795207396,
518,OVERALL,FROZEN_FULL_TRANSITION_SAFETTA,0.6531733060384439,0.5084912050973327,
518,OVERALL,CHANGE_MAGNITUDE_ONLY,0.4678074389579515,0.37448692724521637,
518,OVERALL,CHANGE_MAGNITUDE_IOU_ONLY,0.4678074389579515,0.37448692724521637,
519,OVERALL,SOURCE_STATE,0.5716388038615493,0.41778591427940837,
519,OVERALL,SOURCE_PLUS_SIMPLE_MASK_CHANGE,0.5118024487873793,0.38784732581439796,
519,OVERALL,FROZEN_FULL_TRANSITION_SAFETTA,0.6621085472097952,0.5240650272075515,
519,OVERALL,CHANGE_MAGNITUDE_ONLY,0.47372851424534956,0.3487643901394623,
519,OVERALL,CHANGE_MAGNITUDE_IOU_ONLY,0.47372851424534956,0.3487643901394623,
520,OVERALL,SOURCE_STATE,0.5331594380796508,0.3761617039956709,
520,OVERALL,SOURCE_PLUS_SIMPLE_MASK_CHANGE,0.4708697035824696,0.35381556120151564,
520,OVERALL,FROZEN_FULL_TRANSITION_SAFETTA,0.6374340789234405,0.47483057970843356,
520,OVERALL,CHANGE_MAGNITUDE_ONLY,0.49346472085833787,0.37761432893350133,
520,OVERALL,CHANGE_MAGNITUDE_IOU_ONLY,0.49346472085833787,0.37761432893350133,
521,OVERALL,SOURCE_STATE,0.5057962794918329,0.34770280703647005,
521,OVERALL,SOURCE_PLUS_SIMPLE_MASK_CHANGE,0.47471075317604355,0.35262883282493795,
521,OVERALL,FROZEN_FULL_TRANSITION_SAFETTA,0.6207917422867513,0.4697569679500481,
521,OVERALL,CHANGE_MAGNITUDE_ONLY,0.5263101179673322,0.3895927710316729,
521,OVERALL,CHANGE_MAGNITUDE_IOU_ONLY,0.5263101179673322,0.3895927710316729,
522,OVERALL,SOURCE_STATE,0.5697203471552555,0.4035707064738575,
522,OVERALL,SOURCE_PLUS_SIMPLE_MASK_CHANGE,0.5178399228543877,0.37720421280160904,
522,OVERALL,FROZEN_FULL_TRANSITION_SAFETTA,0.7042550626808101,0.5526566849499072,
522,OVERALL,CHANGE_MAGNITUDE_ONLY,0.47717574734811957,0.34424923925357936,
522,OVERALL,CHANGE_MAGNITUDE_IOU_ONLY,0.47717574734811957,0.34424923925357936,
523,OVERALL,SOURCE_STATE,0.5117945434846843,0.34054099214871913,
523,OVERALL,SOURCE_PLUS_SIMPLE_MASK_CHANGE,0.4900214222397321,0.35198934496259987,
523,OVERALL,FROZEN_FULL_TRANSITION_SAFETTA,0.6546217866640401,0.4725476523018659,
523,OVERALL,CHANGE_MAGNITUDE_ONLY,0.5484524278538363,0.3941466801847239,
523,OVERALL,CHANGE_MAGNITUDE_IOU_ONLY,0.5484524278538363,0.3941466801847239,
524,OVERALL,SOURCE_STATE,0.5093379446640316,0.2817015832692882,
524,OVERALL,SOURCE_PLUS_SIMPLE_MASK_CHANGE,0.46847120271033316,0.25864353271272195,
524,OVERALL,FROZEN_FULL_TRANSITION_SAFETTA,0.6280844155844156,0.3685512261623046,
524,OVERALL,CHANGE_MAGNITUDE_ONLY,0.5074110671936759,0.2944871639542386,
524,OVERALL,CHANGE_MAGNITUDE_IOU_ONLY,0.5074110671936759,0.2944871639542386,
525,OVERALL,SOURCE_STATE,0.4944336965006958,0.36932113180546844,
525,OVERALL,SOURCE_PLUS_SIMPLE_MASK_CHANGE,0.48403647512699544,0.37140423353880625,
525,OVERALL,FROZEN_FULL_TRANSITION_SAFETTA,0.6477559424815305,0.505798882250946,
525,OVERALL,CHANGE_MAGNITUDE_ONLY,0.5064657366866918,0.400933962697528,
525,OVERALL,CHANGE_MAGNITUDE_IOU_ONLY,0.5064657366866918,0.400933962697528,
526,OVERALL,SOURCE_STATE,0.5281105169340463,0.382630507666078,
526,OVERALL,SOURCE_PLUS_SIMPLE_MASK_CHANGE,0.4794474153297683,0.3479922295664998,
526,OVERALL,FROZEN_FULL_TRANSITION_SAFETTA,0.6394414735591205,0.4947059615785138,
526,OVERALL,CHANGE_MAGNITUDE_ONLY,0.5109506833036244,0.38594406722557806,
526,OVERALL,CHANGE_MAGNITUDE_IOU_ONLY,0.5109506833036244,0.38594406722557806,
527,OVERALL,SOURCE_STATE,0.5076101452655627,0.3541228926167012,
527,OVERALL,SOURCE_PLUS_SIMPLE_MASK_CHANGE,0.45297857198390057,0.32616573943263427,
527,OVERALL,FROZEN_FULL_TRANSITION_SAFETTA,0.6426072447386835,0.4869596023214737,
527,OVERALL,CHANGE_MAGNITUDE_ONLY,0.493884971682485,0.37698200241854973,
527,OVERALL,CHANGE_MAGNITUDE_IOU_ONLY,0.493884971682485,0.37698200241854973,
528,OVERALL,SOURCE_STATE,0.50883892713712,0.34062407031095066,
528,OVERALL,SOURCE_PLUS_SIMPLE_MASK_CHANGE,0.4659829795371964,0.3148156955378937,
528,OVERALL,FROZEN_FULL_TRANSITION_SAFETTA,0.597975234270415,0.40862663799336607,
528,OVERALL,CHANGE_MAGNITUDE_ONLY,0.46579771466819664,0.3342226612792497,
528,OVERALL,CHANGE_MAGNITUDE_IOU_ONLY,0.46579771466819664,0.3342226612792497,
529,OVERALL,SOURCE_STATE,0.5270290771175727,0.3573639276666637,
529,OVERALL,SOURCE_PLUS_SIMPLE_MASK_CHANGE,0.4629456384323641,0.3290156014950961,
529,OVERALL,FROZEN_FULL_TRANSITION_SAFETTA,0.6272187104930468,0.4463803746317848,
529,OVERALL,CHANGE_MAGNITUDE_ONLY,0.5192225031605562,0.37188057700497,
529,OVERALL,CHANGE_MAGNITUDE_IOU_ONLY,0.5192225031605562,0.37188057700497,
530,OVERALL,SOURCE_STATE,0.5084030393595889,0.37095002723789583,
530,OVERALL,SOURCE_PLUS_SIMPLE_MASK_CHANGE,0.49251654965485936,0.37444571367377655,
530,OVERALL,FROZEN_FULL_TRANSITION_SAFETTA,0.6330309300228127,0.4834205495185584,
530,OVERALL,CHANGE_MAGNITUDE_ONLY,0.5007397975725209,0.38073782110739274,
530,OVERALL,CHANGE_MAGNITUDE_IOU_ONLY,0.5007397975725209,0.38073782110739274,
531,OVERALL,SOURCE_STATE,0.49760220741508315,0.3469617667028497,
531,OVERALL,SOURCE_PLUS_SIMPLE_MASK_CHANGE,0.4539358741098647,0.3312235702409816,
531,OVERALL,FROZEN_FULL_TRANSITION_SAFETTA,0.6047859458026581,0.44770269494988546,
531,OVERALL,CHANGE_MAGNITUDE_ONLY,0.4750731989444893,0.36375873959319766,
531,OVERALL,CHANGE_MAGNITUDE_IOU_ONLY,0.4750731989444893,0.36375873959319766,
532,OVERALL,SOURCE_STATE,0.4868710894476601,0.3425170292176358,
532,OVERALL,SOURCE_PLUS_SIMPLE_MASK_CHANGE,0.482031964005343,0.3582963822191101,
532,OVERALL,FROZEN_FULL_TRANSITION_SAFETTA,0.6480561479155438,0.4959094148913731,
532,OVERALL,CHANGE_MAGNITUDE_ONLY,0.5070712159913764,0.3788196283611731,
532,OVERALL,CHANGE_MAGNITUDE_IOU_ONLY,0.5070712159913764,0.3788196283611731,
533,OVERALL,SOURCE_STATE,0.5200392686219169,0.33309111226804666,
533,OVERALL,SOURCE_PLUS_SIMPLE_MASK_CHANGE,0.44801816173763653,0.29222979559008333,
533,OVERALL,FROZEN_FULL_TRANSITION_SAFETTA,0.6609154497484354,0.4500784727354571,
533,OVERALL,CHANGE_MAGNITUDE_ONLY,0.4498220640569396,0.32169660911905396,
533,OVERALL,CHANGE_MAGNITUDE_IOU_ONLY,0.4498220640569396,0.32169660911905396,
534,OVERALL,SOURCE_STATE,0.5589221189464355,0.4206161413735444,
534,OVERALL,SOURCE_PLUS_SIMPLE_MASK_CHANGE,0.47583119332772766,0.3631396858508031,
534,OVERALL,FROZEN_FULL_TRANSITION_SAFETTA,0.613452491875554,0.4644257919294314,
534,OVERALL,CHANGE_MAGNITUDE_ONLY,0.4931141058564189,0.3792454365698064,
534,OVERALL,CHANGE_MAGNITUDE_IOU_ONLY,0.4931141058564189,0.3792454365698064,
535,OVERALL,SOURCE_STATE,0.5309823239640684,0.3442331651551115,
535,OVERALL,SOURCE_PLUS_SIMPLE_MASK_CHANGE,0.4732193567082005,0.32297117890121674,
535,OVERALL,FROZEN_FULL_TRANSITION_SAFETTA,0.6535496957403651,0.44168185074100974,
535,OVERALL,CHANGE_MAGNITUDE_ONLY,0.44409736308316433,0.3121675530891451,
535,OVERALL,CHANGE_MAGNITUDE_IOU_ONLY,0.44409736308316433,0.3121675530891451,
536,OVERALL,SOURCE_STATE,0.5336608033392717,0.40604790586405637,
536,OVERALL,SOURCE_PLUS_SIMPLE_MASK_CHANGE,0.45851566148364664,0.3582882761357238,
536,OVERALL,FROZEN_FULL_TRANSITION_SAFETTA,0.6258309263134834,0.491809333227692,
536,OVERALL,CHANGE_MAGNITUDE_ONLY,0.4844019348403872,0.39577273977760424,
536,OVERALL,CHANGE_MAGNITUDE_IOU_ONLY,0.4844019348403872,0.39577273977760424,
537,OVERALL,SOURCE_STATE,0.5139126986903637,0.3639527399102251,
537,OVERALL,SOURCE_PLUS_SIMPLE_MASK_CHANGE,0.453719576904687,0.33017099246059367,
537,OVERALL,FROZEN_FULL_TRANSITION_SAFETTA,0.6158730714060805,0.45104711113252405,
537,OVERALL,CHANGE_MAGNITUDE_ONLY,0.5025772895310733,0.3829721638924779,
537,OVERALL,CHANGE_MAGNITUDE_IOU_ONLY,0.5025772895310733,0.3829721638924779,
538,OVERALL,SOURCE_STATE,0.47555423226270666,0.33329913386642906,
538,OVERALL,SOURCE_PLUS_SIMPLE_MASK_CHANGE,0.4530934037986775,0.31977626458787256,
538,OVERALL,FROZEN_FULL_TRANSITION_SAFETTA,0.6168881114543401,0.4453221463117232,
538,OVERALL,CHANGE_MAGNITUDE_ONLY,0.5082933244011065,0.3799296677214884,
538,OVERALL,CHANGE_MAGNITUDE_IOU_ONLY,0.5082933244011065,0.3799296677214884,
539,OVERALL,SOURCE_STATE,0.5244327408877661,0.3955867163018435,
539,OVERALL,SOURCE_PLUS_SIMPLE_MASK_CHANGE,0.5085821905449297,0.40092124083888103,
539,OVERALL,FROZEN_FULL_TRANSITION_SAFETTA,0.6746267141826054,0.542554904247861,
539,OVERALL,CHANGE_MAGNITUDE_ONLY,0.4991034373872248,0.3841023236719562,
539,OVERALL,CHANGE_MAGNITUDE_IOU_ONLY,0.4991034373872248,0.3841023236719562,
540,OVERALL,SOURCE_STATE,0.531950521255334,0.3805669964782794,
540,OVERALL,SOURCE_PLUS_SIMPLE_MASK_CHANGE,0.489679924617536,0.3520609314173146,
540,OVERALL,FROZEN_FULL_TRANSITION_SAFETTA,0.6529825888114658,0.48246569983974885,
540,OVERALL,CHANGE_MAGNITUDE_ONLY,0.5002970885323826,0.3656364066892507,
540,OVERALL,CHANGE_MAGNITUDE_IOU_ONLY,0.5002970885323826,0.3656364066892507,
541,OVERALL,SOURCE_STATE,0.5120935401819474,0.3407422254963061,
541,OVERALL,SOURCE_PLUS_SIMPLE_MASK_CHANGE,0.48867985059236013,0.3376688535706376,
541,OVERALL,FROZEN_FULL_TRANSITION_SAFETTA,0.6293453103874974,0.43516016902048943,
541,OVERALL,CHANGE_MAGNITUDE_ONLY,0.493841517908293,0.35720836623790986,
541,OVERALL,CHANGE_MAGNITUDE_IOU_ONLY,0.493841517908293,0.35720836623790986,
542,OVERALL,SOURCE_STATE,0.5291730670762929,0.34855312832020163,
542,OVERALL,SOURCE_PLUS_SIMPLE_MASK_CHANGE,0.511757552483359,0.3547916224162307,
542,OVERALL,FROZEN_FULL_TRANSITION_SAFETTA,0.6530337941628264,0.48852080398798975,
542,OVERALL,CHANGE_MAGNITUDE_ONLY,0.5017569124423964,0.3464258012906879,
542,OVERALL,CHANGE_MAGNITUDE_IOU_ONLY,0.5017569124423964,0.3464258012906879,
543,OVERALL,SOURCE_STATE,0.5206862757260355,0.36232635111257583,
543,OVERALL,SOURCE_PLUS_SIMPLE_MASK_CHANGE,0.4682789762929698,0.34222742049934646,
543,OVERALL,FROZEN_FULL_TRANSITION_SAFETTA,0.6258730414717959,0.471683537521753,
543,OVERALL,CHANGE_MAGNITUDE_ONLY,0.515097569750276,0.3926009446887795,
543,OVERALL,CHANGE_MAGNITUDE_IOU_ONLY,0.515097569750276,0.3926009446887795,
544,OVERALL,SOURCE_STATE,0.4994387096774194,0.28514925537217845,
544,OVERALL,SOURCE_PLUS_SIMPLE_MASK_CHANGE,0.47809032258064516,0.2952724147759732,
544,OVERALL,FROZEN_FULL_TRANSITION_SAFETTA,0.6233612903225807,0.40666574633230185,
544,OVERALL,CHANGE_MAGNITUDE_ONLY,0.5317806451612903,0.33162998135133326,
544,OVERALL,CHANGE_MAGNITUDE_IOU_ONLY,0.5317806451612903,0.33162998135133326,
545,OVERALL,SOURCE_STATE,0.5217647058823529,0.3559308268953643,
545,OVERALL,SOURCE_PLUS_SIMPLE_MASK_CHANGE,0.46737967914438505,0.32545530574563875,
545,OVERALL,FROZEN_FULL_TRANSITION_SAFETTA,0.6271836007130124,0.45004890598258995,
545,OVERALL,CHANGE_MAGNITUDE_ONLY,0.465222816399287,0.34485601667802246,
545,OVERALL,CHANGE_MAGNITUDE_IOU_ONLY,0.465222816399287,0.34485601667802246,
546,OVERALL,SOURCE_STATE,0.5180154687794756,0.3684491082317703,
546,OVERALL,SOURCE_PLUS_SIMPLE_MASK_CHANGE,0.46524830220713076,0.33162657048391453,
546,OVERALL,FROZEN_FULL_TRANSITION_SAFETTA,0.6065129220901716,0.4421792241977113,
546,OVERALL,CHANGE_MAGNITUDE_ONLY,0.5285470901716658,0.4004307649724824,
546,OVERALL,CHANGE_MAGNITUDE_IOU_ONLY,0.5285470901716658,0.4004307649724824,
547,OVERALL,SOURCE_STATE,0.5640224785566401,0.39311033231287507,
547,OVERALL,SOURCE_PLUS_SIMPLE_MASK_CHANGE,0.49692398698609874,0.33831098059281617,
547,OVERALL,FROZEN_FULL_TRANSITION_SAFETTA,0.6625081336882579,0.48396695680620055,
547,OVERALL,CHANGE_MAGNITUDE_ONLY,0.4617864537119196,0.3240977376585833,
547,OVERALL,CHANGE_MAGNITUDE_IOU_ONLY,0.4617864537119196,0.3240977376585833,
548,OVERALL,SOURCE_STATE,0.5362018109480038,0.35727474308096663,
548,OVERALL,SOURCE_PLUS_SIMPLE_MASK_CHANGE,0.4966559198792701,0.34365795518674236,
548,OVERALL,FROZEN_FULL_TRANSITION_SAFETTA,0.6925161201810948,0.5038113354728985,
548,OVERALL,CHANGE_MAGNITUDE_ONLY,0.487075273242786,0.3479386911744381,
548,OVERALL,CHANGE_MAGNITUDE_IOU_ONLY,0.487075273242786,0.3479386911744381,
549,OVERALL,SOURCE_STATE,0.5455010407374368,0.38180339058334123,
549,OVERALL,SOURCE_PLUS_SIMPLE_MASK_CHANGE,0.4647457627118644,0.32526657076339993,
549,OVERALL,FROZEN_FULL_TRANSITION_SAFETTA,0.644252155813262,0.4785155807509087,
549,OVERALL,CHANGE_MAGNITUDE_ONLY,0.46967588462682125,0.3426893065497596,
549,OVERALL,CHANGE_MAGNITUDE_IOU_ONLY,0.46967588462682125,0.3426893065497596,
550,OVERALL,SOURCE_STATE,0.5055822970985426,0.3420179210208506,
550,OVERALL,SOURCE_PLUS_SIMPLE_MASK_CHANGE,0.5030217943575344,0.3473717932428344,
550,OVERALL,FROZEN_FULL_TRANSITION_SAFETTA,0.6803850782190131,0.5100998158700749,
550,OVERALL,CHANGE_MAGNITUDE_ONLY,0.49487230913223695,0.34600738617876514,
550,OVERALL,CHANGE_MAGNITUDE_IOU_ONLY,0.49487230913223695,0.34600738617876514,
551,OVERALL,SOURCE_STATE,0.5291041554236373,0.39845954261289934,
551,OVERALL,SOURCE_PLUS_SIMPLE_MASK_CHANGE,0.4576632487857528,0.3503821635203774,
551,OVERALL,FROZEN_FULL_TRANSITION_SAFETTA,0.6256017269293038,0.47407749554135004,
551,OVERALL,CHANGE_MAGNITUDE_ONLY,0.4711764705882353,0.3951168828930658,
551,OVERALL,CHANGE_MAGNITUDE_IOU_ONLY,0.4711764705882353,0.3951168828930658,
552,OVERALL,SOURCE_STATE,0.5077343442924342,0.31666761903314233,
552,OVERALL,SOURCE_PLUS_SIMPLE_MASK_CHANGE,0.45431665166288404,0.27888494855850754,
552,OVERALL,FROZEN_FULL_TRANSITION_SAFETTA,0.6042614969126019,0.3990076500592186,
552,OVERALL,CHANGE_MAGNITUDE_ONLY,0.4999619622411847,0.3389727170242124,
552,OVERALL,CHANGE_MAGNITUDE_IOU_ONLY,0.4999619622411847,0.3389727170242124,
553,OVERALL,SOURCE_STATE,0.5485091500237551,0.42141185223213434,
553,OVERALL,SOURCE_PLUS_SIMPLE_MASK_CHANGE,0.4918631474707926,0.3952155030599885,
553,OVERALL,FROZEN_FULL_TRANSITION_SAFETTA,0.6623506717267986,0.5157284939411091,
553,OVERALL,CHANGE_MAGNITUDE_ONLY,0.4853404999456208,0.3891486904712492,
553,OVERALL,CHANGE_MAGNITUDE_IOU_ONLY,0.4853404999456208,0.3891486904712492,
554,OVERALL,SOURCE_STATE,0.49883218953954045,0.36971819748014406,
554,OVERALL,SOURCE_PLUS_SIMPLE_MASK_CHANGE,0.47891636795936376,0.3596123293524067,
554,OVERALL,FROZEN_FULL_TRANSITION_SAFETTA,0.6395698614838699,0.4991471290766822,
554,OVERALL,CHANGE_MAGNITUDE_ONLY,0.5173310277332469,0.4033411590149169,
554,OVERALL,CHANGE_MAGNITUDE_IOU_ONLY,0.5173310277332469,0.4033411590149169,
555,OVERALL,SOURCE_STATE,0.5211553734418342,0.3842552115421183,
555,OVERALL,SOURCE_PLUS_SIMPLE_MASK_CHANGE,0.46743822009415176,0.34952493146821806,
555,OVERALL,FROZEN_FULL_TRANSITION_SAFETTA,0.6288544100551329,0.45561075674903767,
555,OVERALL,CHANGE_MAGNITUDE_ONLY,0.4860872918129396,0.37075288552827024,
555,OVERALL,CHANGE_MAGNITUDE_IOU_ONLY,0.4860872918129396,0.37075288552827024,
556,OVERALL,SOURCE_STATE,0.5151911936423721,0.33652962924421315,
556,OVERALL,SOURCE_PLUS_SIMPLE_MASK_CHANGE,0.49038646850094664,0.3384395607489932,
556,OVERALL,FROZEN_FULL_TRANSITION_SAFETTA,0.6481368114364747,0.4453994926136925,
556,OVERALL,CHANGE_MAGNITUDE_ONLY,0.4733700642791552,0.32869238613109175,
556,OVERALL,CHANGE_MAGNITUDE_IOU_ONLY,0.4733700642791552,0.32869238613109175,
557,OVERALL,SOURCE_STATE,0.526765284642138,0.3328604074516156,
557,OVERALL,SOURCE_PLUS_SIMPLE_MASK_CHANGE,0.48561344499359327,0.3187150011671655,
557,OVERALL,FROZEN_FULL_TRANSITION_SAFETTA,0.6538074318140216,0.46339942449215016,
557,OVERALL,CHANGE_MAGNITUDE_ONLY,0.4759861797547135,0.32498842206633993,
557,OVERALL,CHANGE_MAGNITUDE_IOU_ONLY,0.4759861797547135,0.32498842206633993,
558,OVERALL,SOURCE_STATE,0.49156777379865646,0.33845403572237365,
558,OVERALL,SOURCE_PLUS_SIMPLE_MASK_CHANGE,0.45280059920885707,0.3274267693711889,
558,OVERALL,FROZEN_FULL_TRANSITION_SAFETTA,0.612363363995974,0.44459000633997803,
558,OVERALL,CHANGE_MAGNITUDE_ONLY,0.5069868688996559,0.3959470551087937,
558,OVERALL,CHANGE_MAGNITUDE_IOU_ONLY,0.5069868688996559,0.3959470551087937,
559,OVERALL,SOURCE_STATE,0.5447815418334286,0.40401739859343755,
559,OVERALL,SOURCE_PLUS_SIMPLE_MASK_CHANGE,0.5019654088050315,0.38609544356099,
559,OVERALL,FROZEN_FULL_TRANSITION_SAFETTA,0.6601331713360015,0.5308550063321181,
559,OVERALL,CHANGE_MAGNITUDE_ONLY,0.4964979988564895,0.3895250578695757,
559,OVERALL,CHANGE_MAGNITUDE_IOU_ONLY,0.4964979988564895,0.3895250578695757,
560,OVERALL,SOURCE_STATE,0.5404224146952544,0.4111265779539243,
560,OVERALL,SOURCE_PLUS_SIMPLE_MASK_CHANGE,0.4966789168159461,0.39654804733435045,
560,OVERALL,FROZEN_FULL_TRANSITION_SAFETTA,0.6246468078819554,0.4899837806159407,
560,OVERALL,CHANGE_MAGNITUDE_ONLY,0.5450331492733015,0.43065720195813584,
560,OVERALL,CHANGE_MAGNITUDE_IOU_ONLY,0.5450331492733015,0.43065720195813584,
561,OVERALL,SOURCE_STATE,0.516935901216981,0.41541214657278125,
561,OVERALL,SOURCE_PLUS_SIMPLE_MASK_CHANGE,0.46610315680524406,0.3764486495821984,
561,OVERALL,FROZEN_FULL_TRANSITION_SAFETTA,0.6269149226240491,0.5038583394205496,
561,OVERALL,CHANGE_MAGNITUDE_ONLY,0.4709777582398014,0.40196845284715726,
561,OVERALL,CHANGE_MAGNITUDE_IOU_ONLY,0.4709777582398014,0.40196845284715726,
562,OVERALL,SOURCE_STATE,0.559451966396195,0.41634084988743386,
562,OVERALL,SOURCE_PLUS_SIMPLE_MASK_CHANGE,0.5143640730870807,0.3952225742305089,
562,OVERALL,FROZEN_FULL_TRANSITION_SAFETTA,0.6573176706779317,0.5215244295765706,
562,OVERALL,CHANGE_MAGNITUDE_ONLY,0.522358719422569,0.40070365479627945,
562,OVERALL,CHANGE_MAGNITUDE_IOU_ONLY,0.522358719422569,0.40070365479627945,
563,OVERALL,SOURCE_STATE,0.5278261021347406,0.3632411680930824,
563,OVERALL,SOURCE_PLUS_SIMPLE_MASK_CHANGE,0.49674465151188973,0.35954800170759615,
563,OVERALL,FROZEN_FULL_TRANSITION_SAFETTA,0.6638118123476329,0.48658489024439844,
563,OVERALL,CHANGE_MAGNITUDE_ONLY,0.4918689016762572,0.35084274286084993,
563,OVERALL,CHANGE_MAGNITUDE_IOU_ONLY,0.4918689016762572,0.35084274286084993,
564,OVERALL,SOURCE_STATE,0.564485298251532,0.4328648316416669,
564,OVERALL,SOURCE_PLUS_SIMPLE_MASK_CHANGE,0.5207848428627649,0.39821798321279117,
564,OVERALL,FROZEN_FULL_TRANSITION_SAFETTA,0.6237982796424355,0.47824035822199285,
564,OVERALL,CHANGE_MAGNITUDE_ONLY,0.5035081801315567,0.38651197808410376,
564,OVERALL,CHANGE_MAGNITUDE_IOU_ONLY,0.5035081801315567,0.38651197808410376,
565,OVERALL,SOURCE_STATE,0.5262328033412371,0.34968266038335505,
565,OVERALL,SOURCE_PLUS_SIMPLE_MASK_CHANGE,0.48638108879072733,0.331941571798466,
565,OVERALL,FROZEN_FULL_TRANSITION_SAFETTA,0.6390898258368137,0.4757126765102141,
565,OVERALL,CHANGE_MAGNITUDE_ONLY,0.5231124297389358,0.37348618863409716,
565,OVERALL,CHANGE_MAGNITUDE_IOU_ONLY,0.5231124297389358,0.37348618863409716,
566,OVERALL,SOURCE_STATE,0.5227987421383647,0.3896363789768561,
566,OVERALL,SOURCE_PLUS_SIMPLE_MASK_CHANGE,0.4917029511369134,0.3722482695078124,
566,OVERALL,FROZEN_FULL_TRANSITION_SAFETTA,0.6774733913884857,0.5241854080228985,
566,OVERALL,CHANGE_MAGNITUDE_ONLY,0.49995766811804543,0.3864917913856577,
566,OVERALL,CHANGE_MAGNITUDE_IOU_ONLY,0.49995766811804543,0.3864917913856577,
567,OVERALL,SOURCE_STATE,0.5507354774370481,0.3581791380514335,
567,OVERALL,SOURCE_PLUS_SIMPLE_MASK_CHANGE,0.5140479067180637,0.33927775502652524,
567,OVERALL,FROZEN_FULL_TRANSITION_SAFETTA,0.6434484654379943,0.4367022919842633,
567,OVERALL,CHANGE_MAGNITUDE_ONLY,0.5085821682680322,0.3428213094358848,
567,OVERALL,CHANGE_MAGNITUDE_IOU_ONLY,0.5085821682680322,0.3428213094358848,
568,OVERALL,SOURCE_STATE,0.5098565227875573,0.33602415748814357,
568,OVERALL,SOURCE_PLUS_SIMPLE_MASK_CHANGE,0.45382806848324087,0.2995333438692538,
568,OVERALL,FROZEN_FULL_TRANSITION_SAFETTA,0.6354473113093804,0.4506721215109947,
568,OVERALL,CHANGE_MAGNITUDE_ONLY,0.4900108512177478,0.3572128326874798,
568,OVERALL,CHANGE_MAGNITUDE_IOU_ONLY,0.4900108512177478,0.3572128326874798,
569,OVERALL,SOURCE_STATE,0.52125999000999,0.40352474905068114,
569,OVERALL,SOURCE_PLUS_SIMPLE_MASK_CHANGE,0.44163128538128543,0.3510669057502911,
569,OVERALL,FROZEN_FULL_TRANSITION_SAFETTA,0.6002591158841158,0.4676763442180252,
569,OVERALL,CHANGE_MAGNITUDE_ONLY,0.4605134448884449,0.3891330765856109,
569,OVERALL,CHANGE_MAGNITUDE_IOU_ONLY,0.4605134448884449,0.3891330765856109,
570,OVERALL,SOURCE_STATE,0.48389778594556754,0.35895297197534237,
570,OVERALL,SOURCE_PLUS_SIMPLE_MASK_CHANGE,0.4546125092200177,0.32158877166484,
570,OVERALL,FROZEN_FULL_TRANSITION_SAFETTA,0.6205040693095301,0.4680266120798723,
570,OVERALL,CHANGE_MAGNITUDE_ONLY,0.5102889147257749,0.40029275588130336,
570,OVERALL,CHANGE_MAGNITUDE_IOU_ONLY,0.5102889147257749,0.40029275588130336,
571,OVERALL,SOURCE_STATE,0.5343300985024231,0.3671151349964857,
571,OVERALL,SOURCE_PLUS_SIMPLE_MASK_CHANGE,0.4749553641917578,0.3289071196662398,
571,OVERALL,FROZEN_FULL_TRANSITION_SAFETTA,0.6435694071635918,0.46248006959762034,
571,OVERALL,CHANGE_MAGNITUDE_ONLY,0.46749784412082646,0.341550569686691,
571,OVERALL,CHANGE_MAGNITUDE_IOU_ONLY,0.46749784412082646,0.341550569686691,
572,OVERALL,SOURCE_STATE,0.5428143642803878,0.36808754111358405,
572,OVERALL,SOURCE_PLUS_SIMPLE_MASK_CHANGE,0.48227185868754663,0.3326316273660729,
572,OVERALL,FROZEN_FULL_TRANSITION_SAFETTA,0.6361798564504102,0.4341442671726354,
572,OVERALL,CHANGE_MAGNITUDE_ONLY,0.44411819537658465,0.31169337701138033,
572,OVERALL,CHANGE_MAGNITUDE_IOU_ONLY,0.44411819537658465,0.31169337701138033,
573,OVERALL,SOURCE_STATE,0.5270925359610374,0.3871867029885158,
573,OVERALL,SOURCE_PLUS_SIMPLE_MASK_CHANGE,0.4759485785479669,0.367153380420443,
573,OVERALL,FROZEN_FULL_TRANSITION_SAFETTA,0.6687620342054592,0.5245556500021522,
573,OVERALL,CHANGE_MAGNITUDE_ONLY,0.4951410125722052,0.3876940290533266,
573,OVERALL,CHANGE_MAGNITUDE_IOU_ONLY,0.4951410125722052,0.3876940290533266,
574,OVERALL,SOURCE_STATE,0.5307458143074582,0.3548864527073582,
574,OVERALL,SOURCE_PLUS_SIMPLE_MASK_CHANGE,0.4538051750380518,0.287468517594079,
574,OVERALL,FROZEN_FULL_TRANSITION_SAFETTA,0.649435565702689,0.45417921663252336,
574,OVERALL,CHANGE_MAGNITUDE_ONLY,0.48214738711314054,0.3304463328731583,
574,OVERALL,CHANGE_MAGNITUDE_IOU_ONLY,0.48214738711314054,0.3304463328731583,
575,OVERALL,SOURCE_STATE,0.4703925959098373,0.35566304048340774,
575,OVERALL,SOURCE_PLUS_SIMPLE_MASK_CHANGE,0.4665532168980445,0.36274835595837285,
575,OVERALL,FROZEN_FULL_TRANSITION_SAFETTA,0.6069622331691298,0.4827259164527168,
575,OVERALL,CHANGE_MAGNITUDE_ONLY,0.5279056575608301,0.43146636336172234,
575,OVERALL,CHANGE_MAGNITUDE_IOU_ONLY,0.5279056575608301,0.43146636336172234,
576,OVERALL,SOURCE_STATE,0.5116218492983662,0.3694757636829508,
576,OVERALL,SOURCE_PLUS_SIMPLE_MASK_CHANGE,0.4463798798465938,0.3242109009100259,
576,OVERALL,FROZEN_FULL_TRANSITION_SAFETTA,0.6136026070185551,0.4536679730285541,
576,OVERALL,CHANGE_MAGNITUDE_ONLY,0.47615498015917,0.3673365118425329,
576,OVERALL,CHANGE_MAGNITUDE_IOU_ONLY,0.47615498015917,0.3673365118425329,
577,OVERALL,SOURCE_STATE,0.5063231501686174,0.34103420340725876,
577,OVERALL,SOURCE_PLUS_SIMPLE_MASK_CHANGE,0.4735233584606229,0.3305303805846497,
577,OVERALL,FROZEN_FULL_TRANSITION_SAFETTA,0.6549171791311248,0.46246028295581654,
577,OVERALL,CHANGE_MAGNITUDE_ONLY,0.4926508877206904,0.3519905032041398,
577,OVERALL,CHANGE_MAGNITUDE_IOU_ONLY,0.4926508877206904,0.3519905032041398,
578,OVERALL,SOURCE_STATE,0.5019521893264348,0.3402822021552516,
578,OVERALL,SOURCE_PLUS_SIMPLE_MASK_CHANGE,0.46902246814218645,0.34588624321714334,
578,OVERALL,FROZEN_FULL_TRANSITION_SAFETTA,0.6626185685541823,0.5151973119861022,
578,OVERALL,CHANGE_MAGNITUDE_ONLY,0.49112831752419284,0.3660741455399873,
578,OVERALL,CHANGE_MAGNITUDE_IOU_ONLY,0.49112831752419284,0.3660741455399873,
579,OVERALL,SOURCE_STATE,0.5443451087127728,0.3632836107630421,
579,OVERALL,SOURCE_PLUS_SIMPLE_MASK_CHANGE,0.458830274506839,0.3024260179210726,
579,OVERALL,FROZEN_FULL_TRANSITION_SAFETTA,0.6219466863238009,0.43214063990636076,
579,OVERALL,CHANGE_MAGNITUDE_ONLY,0.4886183932812923,0.3479506859917715,
579,OVERALL,CHANGE_MAGNITUDE_IOU_ONLY,0.4886183932812923,0.3479506859917715,
580,OVERALL,SOURCE_STATE,0.4972597672367186,0.3640474940299637,
580,OVERALL,SOURCE_PLUS_SIMPLE_MASK_CHANGE,0.43348035170588745,0.3288610523389419,
580,OVERALL,FROZEN_FULL_TRANSITION_SAFETTA,0.6242722590558575,0.4629456456166531,
580,OVERALL,CHANGE_MAGNITUDE_ONLY,0.48825086076885865,0.3914750601513869,
580,OVERALL,CHANGE_MAGNITUDE_IOU_ONLY,0.48825086076885865,0.3914750601513869,
581,OVERALL,SOURCE_STATE,0.5063692716135082,0.36973477306377023,
581,OVERALL,SOURCE_PLUS_SIMPLE_MASK_CHANGE,0.46023163201929046,0.3283464148059702,
581,OVERALL,FROZEN_FULL_TRANSITION_SAFETTA,0.6422795416072973,0.5052147225236572,
581,OVERALL,CHANGE_MAGNITUDE_ONLY,0.5129029508116865,0.4006248049037654,
581,OVERALL,CHANGE_MAGNITUDE_IOU_ONLY,0.5129029508116865,0.4006248049037654,
582,OVERALL,SOURCE_STATE,0.5194007946450943,0.3749821454660779,
582,OVERALL,SOURCE_PLUS_SIMPLE_MASK_CHANGE,0.48420255097779524,0.3509103011385414,
582,OVERALL,FROZEN_FULL_TRANSITION_SAFETTA,0.6429824247413825,0.4790524940541783,
582,OVERALL,CHANGE_MAGNITUDE_ONLY,0.4731180871246018,0.3633058040393241,
582,OVERALL,CHANGE_MAGNITUDE_IOU_ONLY,0.4731180871246018,0.3633058040393241,
583,OVERALL,SOURCE_STATE,0.5971558016612133,0.438557285472499,
583,OVERALL,SOURCE_PLUS_SIMPLE_MASK_CHANGE,0.5438642656110564,0.40577981027288923,
583,OVERALL,FROZEN_FULL_TRANSITION_SAFETTA,0.7016165938265106,0.5486836520158382,
583,OVERALL,CHANGE_MAGNITUDE_ONLY,0.45706530444134275,0.33490690118149635,
583,OVERALL,CHANGE_MAGNITUDE_IOU_ONLY,0.45706530444134275,0.33490690118149635,
584,OVERALL,SOURCE_STATE,0.515540129237685,0.3744944763507609,
584,OVERALL,SOURCE_PLUS_SIMPLE_MASK_CHANGE,0.4282227477055629,0.30700037927287216,
584,OVERALL,FROZEN_FULL_TRANSITION_SAFETTA,0.6350615752013485,0.46490477872674874,
584,OVERALL,CHANGE_MAGNITUDE_ONLY,0.4877259318224386,0.3864250043932343,
584,OVERALL,CHANGE_MAGNITUDE_IOU_ONLY,0.4877259318224386,0.3864250043932343,
585,OVERALL,SOURCE_STATE,0.5572075899178703,0.4178210972073706,
585,OVERALL,SOURCE_PLUS_SIMPLE_MASK_CHANGE,0.5062361937128292,0.40086826838685996,
585,OVERALL,FROZEN_FULL_TRANSITION_SAFETTA,0.6708864344378364,0.5379885728836403,
585,OVERALL,CHANGE_MAGNITUDE_ONLY,0.48999716794109316,0.38520270100964893,
585,OVERALL,CHANGE_MAGNITUDE_IOU_ONLY,0.48999716794109316,0.38520270100964893,
586,OVERALL,SOURCE_STATE,0.4970823298225433,0.34749513659565645,
586,OVERALL,SOURCE_PLUS_SIMPLE_MASK_CHANGE,0.49524905040919276,0.3692663683494367,
586,OVERALL,FROZEN_FULL_TRANSITION_SAFETTA,0.6261008663143894,0.4846219770477287,
586,OVERALL,CHANGE_MAGNITUDE_ONLY,0.5310818744982446,0.39027049052160734,
586,OVERALL,CHANGE_MAGNITUDE_IOU_ONLY,0.5310818744982446,0.39027049052160734,
587,OVERALL,SOURCE_STATE,0.5254817699590412,0.3793106980382789,
587,OVERALL,SOURCE_PLUS_SIMPLE_MASK_CHANGE,0.4821280691152443,0.3485402214014601,
587,OVERALL,FROZEN_FULL_TRANSITION_SAFETTA,0.6503111081268604,0.4921351478860758,
587,OVERALL,CHANGE_MAGNITUDE_ONLY,0.46622014816804314,0.3567792574136809,
587,OVERALL,CHANGE_MAGNITUDE_IOU_ONLY,0.46622014816804314,0.3567792574136809,
588,OVERALL,SOURCE_STATE,0.5441642667381064,0.38836619786772864,
588,OVERALL,SOURCE_PLUS_SIMPLE_MASK_CHANGE,0.47477284397115616,0.3629218966618858,
588,OVERALL,FROZEN_FULL_TRANSITION_SAFETTA,0.6537237961288594,0.5177516540146707,
588,OVERALL,CHANGE_MAGNITUDE_ONLY,0.4728110419038689,0.37307340029511904,
588,OVERALL,CHANGE_MAGNITUDE_IOU_ONLY,0.4728110419038689,0.37307340029511904,
589,OVERALL,SOURCE_STATE,0.5068822843822844,0.36035242421743946,
589,OVERALL,SOURCE_PLUS_SIMPLE_MASK_CHANGE,0.45395687645687643,0.32037235702184497,
589,OVERALL,FROZEN_FULL_TRANSITION_SAFETTA,0.6530128205128205,0.5061178695171059,
589,OVERALL,CHANGE_MAGNITUDE_ONLY,0.5216928904428904,0.39193067079796673,
589,OVERALL,CHANGE_MAGNITUDE_IOU_ONLY,0.5216928904428904,0.39193067079796673,
590,OVERALL,SOURCE_STATE,0.5046225513616818,0.35242691192590453,
590,OVERALL,SOURCE_PLUS_SIMPLE_MASK_CHANGE,0.4535415671285236,0.33205033552401164,
590,OVERALL,FROZEN_FULL_TRANSITION_SAFETTA,0.6029861442904922,0.45264212895256317,
590,OVERALL,CHANGE_MAGNITUDE_ONLY,0.5031772575250837,0.38702158280555854,
590,OVERALL,CHANGE_MAGNITUDE_IOU_ONLY,0.5031772575250837,0.38702158280555854,
591,OVERALL,SOURCE_STATE,0.4881799694966955,0.33307357742355503,
591,OVERALL,SOURCE_PLUS_SIMPLE_MASK_CHANGE,0.46172561551310914,0.3238415924994539,
591,OVERALL,FROZEN_FULL_TRANSITION_SAFETTA,0.5791149199893482,0.40204385936512355,
591,OVERALL,CHANGE_MAGNITUDE_ONLY,0.4729616045706539,0.3506837953657179,
591,OVERALL,CHANGE_MAGNITUDE_IOU_ONLY,0.4729616045706539,0.3506837953657179,
592,OVERALL,SOURCE_STATE,0.5218271963238406,0.3657585472269471,
592,OVERALL,SOURCE_PLUS_SIMPLE_MASK_CHANGE,0.5050244875748232,0.364624093828668,
592,OVERALL,FROZEN_FULL_TRANSITION_SAFETTA,0.6393736017897091,0.48760758034042573,
592,OVERALL,CHANGE_MAGNITUDE_ONLY,0.5205030533889594,0.3853271174887678,
592,OVERALL,CHANGE_MAGNITUDE_IOU_ONLY,0.5205030533889594,0.3853271174887678,
593,OVERALL,SOURCE_STATE,0.577913232778728,0.4101947529245078,
593,OVERALL,SOURCE_PLUS_SIMPLE_MASK_CHANGE,0.5379878712486394,0.3706550426709265,
593,OVERALL,FROZEN_FULL_TRANSITION_SAFETTA,0.705887109314259,0.535775315961011,
593,OVERALL,CHANGE_MAGNITUDE_ONLY,0.47066397138858657,0.3310876291731366,
593,OVERALL,CHANGE_MAGNITUDE_IOU_ONLY,0.47066397138858657,0.3310876291731366,
594,OVERALL,SOURCE_STATE,0.5391506303915063,0.3968686825667008,
594,OVERALL,SOURCE_PLUS_SIMPLE_MASK_CHANGE,0.5351406081962337,0.4092421536302263,
594,OVERALL,FROZEN_FULL_TRANSITION_SAFETTA,0.6646797702674874,0.5272715354017159,
594,OVERALL,CHANGE_MAGNITUDE_ONLY,0.5137976797931492,0.38217637073302224,
594,OVERALL,CHANGE_MAGNITUDE_IOU_ONLY,0.5137976797931492,0.38217637073302224,
595,OVERALL,SOURCE_STATE,0.5863193074731536,0.4481768136327596,
595,OVERALL,SOURCE_PLUS_SIMPLE_MASK_CHANGE,0.5197731755424063,0.41574304751040414,
595,OVERALL,FROZEN_FULL_TRANSITION_SAFETTA,0.6724358974358974,0.531624841227087,
595,OVERALL,CHANGE_MAGNITUDE_ONLY,0.4837524654832347,0.38077771357085943,
595,OVERALL,CHANGE_MAGNITUDE_IOU_ONLY,0.4837524654832347,0.38077771357085943,
596,OVERALL,SOURCE_STATE,0.5410230191481332,0.3460239008627821,
596,OVERALL,SOURCE_PLUS_SIMPLE_MASK_CHANGE,0.5075107426748956,0.3242430630050479,
596,OVERALL,FROZEN_FULL_TRANSITION_SAFETTA,0.6642198931210361,0.45291429862518473,
596,OVERALL,CHANGE_MAGNITUDE_ONLY,0.4949299443693776,0.32613136376056956,
596,OVERALL,CHANGE_MAGNITUDE_IOU_ONLY,0.4949299443693776,0.32613136376056956,
597,OVERALL,SOURCE_STATE,0.5250282549728752,0.3742091771095838,
597,OVERALL,SOURCE_PLUS_SIMPLE_MASK_CHANGE,0.4988811030741411,0.3712291432542349,
597,OVERALL,FROZEN_FULL_TRANSITION_SAFETTA,0.6216828661844485,0.46274510242253475,
597,OVERALL,CHANGE_MAGNITUDE_ONLY,0.4845784358047016,0.37011622834769914,
597,OVERALL,CHANGE_MAGNITUDE_IOU_ONLY,0.4845784358047016,0.37011622834769914,
598,OVERALL,SOURCE_STATE,0.5337661267539316,0.4042639654993967,
598,OVERALL,SOURCE_PLUS_SIMPLE_MASK_CHANGE,0.5216416329221207,0.4303257923121933,
598,OVERALL,FROZEN_FULL_TRANSITION_SAFETTA,0.6287491760052736,0.5081483083523448,
598,OVERALL,CHANGE_MAGNITUDE_ONLY,0.532176994067238,0.4262512591810927,
598,OVERALL,CHANGE_MAGNITUDE_IOU_ONLY,0.532176994067238,0.4262512591810927,
599,OVERALL,SOURCE_STATE,0.5729082920444984,0.3754136131593569,
599,OVERALL,SOURCE_PLUS_SIMPLE_MASK_CHANGE,0.5048393630612944,0.337700910870461,
599,OVERALL,FROZEN_FULL_TRANSITION_SAFETTA,0.6949549717989467,0.49797521992716093,
599,OVERALL,CHANGE_MAGNITUDE_ONLY,0.47023152908915267,0.31987743505869703,
599,OVERALL,CHANGE_MAGNITUDE_IOU_ONLY,0.47023152908915267,0.31987743505869703,
600,OVERALL,SOURCE_STATE,0.5278428681904607,0.386681248383578,
600,OVERALL,SOURCE_PLUS_SIMPLE_MASK_CHANGE,0.4631097259612869,0.3537782640710042,
600,OVERALL,FROZEN_FULL_TRANSITION_SAFETTA,0.6461568875993557,0.5029408603678677,
600,OVERALL,CHANGE_MAGNITUDE_ONLY,0.4806812301215818,0.37930370269760316,
600,OVERALL,CHANGE_MAGNITUDE_IOU_ONLY,0.4806812301215818,0.37930370269760316,
601,OVERALL,SOURCE_STATE,0.5416435724051287,0.360830323485964,
601,OVERALL,SOURCE_PLUS_SIMPLE_MASK_CHANGE,0.5152976388427004,0.3644707968438221,
601,OVERALL,FROZEN_FULL_TRANSITION_SAFETTA,0.6735764697188042,0.49039539091146866,
601,OVERALL,CHANGE_MAGNITUDE_ONLY,0.4912395767899592,0.3480644939910252,
601,OVERALL,CHANGE_MAGNITUDE_IOU_ONLY,0.4912395767899592,0.3480644939910252,
602,OVERALL,SOURCE_STATE,0.5096413110698825,0.36866298515482265,
602,OVERALL,SOURCE_PLUS_SIMPLE_MASK_CHANGE,0.4659183673469388,0.3581328268551892,
602,OVERALL,FROZEN_FULL_TRANSITION_SAFETTA,0.6177241805813234,0.45971338496926684,
602,OVERALL,CHANGE_MAGNITUDE_ONLY,0.5065646258503401,0.3952480284970425,
602,OVERALL,CHANGE_MAGNITUDE_IOU_ONLY,0.5065646258503401,0.3952480284970425,
603,OVERALL,SOURCE_STATE,0.5254355479074581,0.40609639163238687,
603,OVERALL,SOURCE_PLUS_SIMPLE_MASK_CHANGE,0.504515751706763,0.3988651619935166,
603,OVERALL,FROZEN_FULL_TRANSITION_SAFETTA,0.603536120390053,0.4701752829072681,
603,OVERALL,CHANGE_MAGNITUDE_ONLY,0.5129342825972039,0.40900328544114317,
603,OVERALL,CHANGE_MAGNITUDE_IOU_ONLY,0.5129342825972039,0.40900328544114317,
604,OVERALL,SOURCE_STATE,0.5159213597899037,0.36698812175168205,
604,OVERALL,SOURCE_PLUS_SIMPLE_MASK_CHANGE,0.46122094154265153,0.3355920180294263,
604,OVERALL,FROZEN_FULL_TRANSITION_SAFETTA,0.6310062250753818,0.4586137807402648,
604,OVERALL,CHANGE_MAGNITUDE_ONLY,0.4924071102032876,0.37187638086079766,
604,OVERALL,CHANGE_MAGNITUDE_IOU_ONLY,0.4924071102032876,0.37187638086079766,
605,OVERALL,SOURCE_STATE,0.5379980854373578,0.3922815770570507,
605,OVERALL,SOURCE_PLUS_SIMPLE_MASK_CHANGE,0.4733756132583463,0.3527595049819373,
605,OVERALL,FROZEN_FULL_TRANSITION_SAFETTA,0.6756910374536318,0.5435327525493063,
605,OVERALL,CHANGE_MAGNITUDE_ONLY,0.477680387698935,0.36918179430066295,
605,OVERALL,CHANGE_MAGNITUDE_IOU_ONLY,0.477680387698935,0.36918179430066295,
606,OVERALL,SOURCE_STATE,0.49926112014186497,0.3577868815586027,
606,OVERALL,SOURCE_PLUS_SIMPLE_MASK_CHANGE,0.47078961627506033,0.35165466074769536,
606,OVERALL,FROZEN_FULL_TRANSITION_SAFETTA,0.6209915767696171,0.46374518789198327,
606,OVERALL,CHANGE_MAGNITUDE_ONLY,0.4840463523964337,0.37713020738268377,
606,OVERALL,CHANGE_MAGNITUDE_IOU_ONLY,0.4840463523964337,0.37713020738268377,
607,OVERALL,SOURCE_STATE,0.49344964354168386,0.358996748245962,
607,OVERALL,SOURCE_PLUS_SIMPLE_MASK_CHANGE,0.45698778489780684,0.33987405191293674,
607,OVERALL,FROZEN_FULL_TRANSITION_SAFETTA,0.6546814015422278,0.47137219204112785,
607,OVERALL,CHANGE_MAGNITUDE_ONLY,0.5073094513641567,0.39110699328335286,
607,OVERALL,CHANGE_MAGNITUDE_IOU_ONLY,0.5073094513641567,0.39110699328335286,
608,OVERALL,SOURCE_STATE,0.546341899707829,0.40686792624242657,
608,OVERALL,SOURCE_PLUS_SIMPLE_MASK_CHANGE,0.49304752250909306,0.36555450201515294,
608,OVERALL,FROZEN_FULL_TRANSITION_SAFETTA,0.6493232365392642,0.5043817584328978,
608,OVERALL,CHANGE_MAGNITUDE_ONLY,0.5353646174944845,0.4078318136590227,
608,OVERALL,CHANGE_MAGNITUDE_IOU_ONLY,0.5353646174944845,0.4078318136590227,
609,OVERALL,SOURCE_STATE,0.5121618716837687,0.36613590855202544,
609,OVERALL,SOURCE_PLUS_SIMPLE_MASK_CHANGE,0.4822776074487221,0.3510957996565577,
609,OVERALL,FROZEN_FULL_TRANSITION_SAFETTA,0.6340464526931475,0.47635197630237175,
609,OVERALL,CHANGE_MAGNITUDE_ONLY,0.52047154122026,0.39378422559931736,
609,OVERALL,CHANGE_MAGNITUDE_IOU_ONLY,0.52047154122026,0.39378422559931736,
610,OVERALL,SOURCE_STATE,0.5126629206974453,0.35209625370193554,
610,OVERALL,SOURCE_PLUS_SIMPLE_MASK_CHANGE,0.5078144007414702,0.3538688502747731,
610,OVERALL,FROZEN_FULL_TRANSITION_SAFETTA,0.6482361119156579,0.4885043615930176,
610,OVERALL,CHANGE_MAGNITUDE_ONLY,0.5080692811214738,0.3604017796174417,
610,OVERALL,CHANGE_MAGNITUDE_IOU_ONLY,0.5080692811214738,0.3604017796174417,
611,OVERALL,SOURCE_STATE,0.553044429097606,0.41233497861451734,
611,OVERALL,SOURCE_PLUS_SIMPLE_MASK_CHANGE,0.5104511970534069,0.39805553425198836,
611,OVERALL,FROZEN_FULL_TRANSITION_SAFETTA,0.6707239871086557,0.5357489683297713,
611,OVERALL,CHANGE_MAGNITUDE_ONLY,0.48748848987108656,0.3720297020002193,
611,OVERALL,CHANGE_MAGNITUDE_IOU_ONLY,0.48748848987108656,0.3720297020002193,
612,OVERALL,SOURCE_STATE,0.5329660490879573,0.3671055018777629,
612,OVERALL,SOURCE_PLUS_SIMPLE_MASK_CHANGE,0.5025248304841945,0.35718050751200514,
612,OVERALL,FROZEN_FULL_TRANSITION_SAFETTA,0.6491739088912234,0.47679621822462376,
612,OVERALL,CHANGE_MAGNITUDE_ONLY,0.49314177251456404,0.35987060260134274,
612,OVERALL,CHANGE_MAGNITUDE_IOU_ONLY,0.49314177251456404,0.35987060260134274,
613,OVERALL,SOURCE_STATE,0.5321304797911603,0.40612884524639126,
613,OVERALL,SOURCE_PLUS_SIMPLE_MASK_CHANGE,0.49463273021874155,0.39286229361199987,
613,OVERALL,FROZEN_FULL_TRANSITION_SAFETTA,0.6237341344855523,0.4745963387447207,
613,OVERALL,CHANGE_MAGNITUDE_ONLY,0.4808769916284094,0.38077808625617926,
613,OVERALL,CHANGE_MAGNITUDE_IOU_ONLY,0.4808769916284094,0.38077808625617926,
614,OVERALL,SOURCE_STATE,0.5774803203040173,0.400612898455731,
614,OVERALL,SOURCE_PLUS_SIMPLE_MASK_CHANGE,0.5197362468331524,0.3717771475068504,
614,OVERALL,FROZEN_FULL_TRANSITION_SAFETTA,0.6884952949692363,0.514183906917951,
614,OVERALL,CHANGE_MAGNITUDE_ONLY,0.4814682862830257,0.34293832447177974,
614,OVERALL,CHANGE_MAGNITUDE_IOU_ONLY,0.4814682862830257,0.34293832447177974,
615,OVERALL,SOURCE_STATE,0.5313786463635961,0.40504934219521416,
615,OVERALL,SOURCE_PLUS_SIMPLE_MASK_CHANGE,0.4652903811252269,0.3588299520401073,
615,OVERALL,FROZEN_FULL_TRANSITION_SAFETTA,0.6446704439821168,0.5135553042987209,
615,OVERALL,CHANGE_MAGNITUDE_ONLY,0.5174848390952149,0.4154889175435,
615,OVERALL,CHANGE_MAGNITUDE_IOU_ONLY,0.5174848390952149,0.4154889175435,
616,OVERALL,SOURCE_STATE,0.5202424070518415,0.39893229904384064,
616,OVERALL,SOURCE_PLUS_SIMPLE_MASK_CHANGE,0.45480232152208067,0.35528527506287566,
616,OVERALL,FROZEN_FULL_TRANSITION_SAFETTA,0.627323703962297,0.5057470414412583,
616,OVERALL,CHANGE_MAGNITUDE_ONLY,0.4519413292023041,0.3803868560228779,
616,OVERALL,CHANGE_MAGNITUDE_IOU_ONLY,0.4519413292023041,0.3803868560228779,
617,OVERALL,SOURCE_STATE,0.5207906729005148,0.3817836603939333,
617,OVERALL,SOURCE_PLUS_SIMPLE_MASK_CHANGE,0.48880866425992786,0.3520858829397184,
617,OVERALL,FROZEN_FULL_TRANSITION_SAFETTA,0.6470971178315678,0.50419449548412,
617,OVERALL,CHANGE_MAGNITUDE_ONLY,0.4940758714564716,0.3704934339153414,
617,OVERALL,CHANGE_MAGNITUDE_IOU_ONLY,0.4940758714564716,0.3704934339153414,
618,OVERALL,SOURCE_STATE,0.4798304420945931,0.3675730487246157,
618,OVERALL,SOURCE_PLUS_SIMPLE_MASK_CHANGE,0.45136153155021086,0.354592882633409,
618,OVERALL,FROZEN_FULL_TRANSITION_SAFETTA,0.6001508973207087,0.4756974735299645,
618,OVERALL,CHANGE_MAGNITUDE_ONLY,0.5213502430483563,0.42703697022491865,
618,OVERALL,CHANGE_MAGNITUDE_IOU_ONLY,0.5213502430483563,0.42703697022491865,
619,OVERALL,SOURCE_STATE,0.49752849276475863,0.3264152331334037,
619,OVERALL,SOURCE_PLUS_SIMPLE_MASK_CHANGE,0.47169291842745553,0.32397723408770024,
619,OVERALL,FROZEN_FULL_TRANSITION_SAFETTA,0.6504866180048663,0.4557878507790291,
619,OVERALL,CHANGE_MAGNITUDE_ONLY,0.4991612242284543,0.34830475170956415,
619,OVERALL,CHANGE_MAGNITUDE_IOU_ONLY,0.4991612242284543,0.34830475170956415,
620,OVERALL,SOURCE_STATE,0.495522024823558,0.3184696428129654,
620,OVERALL,SOURCE_PLUS_SIMPLE_MASK_CHANGE,0.4465137503042102,0.3045115134859523,
620,OVERALL,FROZEN_FULL_TRANSITION_SAFETTA,0.5725237284010708,0.39019810046743,
620,OVERALL,CHANGE_MAGNITUDE_ONLY,0.5077086882453152,0.3695852256229053,
620,OVERALL,CHANGE_MAGNITUDE_IOU_ONLY,0.5077086882453152,0.3695852256229053,
621,OVERALL,SOURCE_STATE,0.5513244308231173,0.3954013532623385,
621,OVERALL,SOURCE_PLUS_SIMPLE_MASK_CHANGE,0.5068957968476357,0.3698233845410823,
621,OVERALL,FROZEN_FULL_TRANSITION_SAFETTA,0.6856884851138354,0.5528665902655868,
621,OVERALL,CHANGE_MAGNITUDE_ONLY,0.5059271015761821,0.37925063183823976,
621,OVERALL,CHANGE_MAGNITUDE_IOU_ONLY,0.5059271015761821,0.37925063183823976,
622,OVERALL,SOURCE_STATE,0.5152973706444097,0.353233932491379,
622,OVERALL,SOURCE_PLUS_SIMPLE_MASK_CHANGE,0.4608732942471645,0.3140927720966453,
622,OVERALL,FROZEN_FULL_TRANSITION_SAFETTA,0.6207660206354491,0.43141037486420064,
622,OVERALL,CHANGE_MAGNITUDE_ONLY,0.5074150643897692,0.3789123698161751,
622,OVERALL,CHANGE_MAGNITUDE_IOU_ONLY,0.5074150643897692,0.3789123698161751,
623,OVERALL,SOURCE_STATE,0.5195667980110705,0.35823897177337094,
623,OVERALL,SOURCE_PLUS_SIMPLE_MASK_CHANGE,0.46069635988366636,0.3218999946478957,
623,OVERALL,FROZEN_FULL_TRANSITION_SAFETTA,0.6625093817431279,0.48356349632922857,
623,OVERALL,CHANGE_MAGNITUDE_ONLY,0.4521619054320293,0.33924795760746074,
623,OVERALL,CHANGE_MAGNITUDE_IOU_ONLY,0.4521619054320293,0.33924795760746074,
624,OVERALL,SOURCE_STATE,0.5201804915514593,0.35791995603238347,
624,OVERALL,SOURCE_PLUS_SIMPLE_MASK_CHANGE,0.4679851510496672,0.33083286641391313,
624,OVERALL,FROZEN_FULL_TRANSITION_SAFETTA,0.63536866359447,0.4470672536501653,
624,OVERALL,CHANGE_MAGNITUDE_ONLY,0.4815604198668714,0.3443422427741311,
624,OVERALL,CHANGE_MAGNITUDE_IOU_ONLY,0.4815604198668714,0.3443422427741311,
625,OVERALL,SOURCE_STATE,0.5484013244525128,0.3795564699435795,
625,OVERALL,SOURCE_PLUS_SIMPLE_MASK_CHANGE,0.4627210084248476,0.3202254130441686,
625,OVERALL,FROZEN_FULL_TRANSITION_SAFETTA,0.6554250137431125,0.474599243465589,
625,OVERALL,CHANGE_MAGNITUDE_ONLY,0.4641784175605017,0.3407518699802303,
625,OVERALL,CHANGE_MAGNITUDE_IOU_ONLY,0.4641784175605017,0.3407518699802303,
626,OVERALL,SOURCE_STATE,0.534970843110378,0.3814488478087116,
626,OVERALL,SOURCE_PLUS_SIMPLE_MASK_CHANGE,0.4822503078317032,0.3527864685216552,
626,OVERALL,FROZEN_FULL_TRANSITION_SAFETTA,0.6329426387565923,0.4930060605194433,
626,OVERALL,CHANGE_MAGNITUDE_ONLY,0.5138582347884673,0.38981786512925354,
626,OVERALL,CHANGE_MAGNITUDE_IOU_ONLY,0.5138582347884673,0.38981786512925354,
627,OVERALL,SOURCE_STATE,0.5318201647463368,0.34299024741406076,
627,OVERALL,SOURCE_PLUS_SIMPLE_MASK_CHANGE,0.47757191613846905,0.31047320561917624,
627,OVERALL,FROZEN_FULL_TRANSITION_SAFETTA,0.6412340578408479,0.45582543684680243,
627,OVERALL,CHANGE_MAGNITUDE_ONLY,0.5060240190920988,0.3380953897415003,
627,OVERALL,CHANGE_MAGNITUDE_IOU_ONLY,0.5060240190920988,0.3380953897415003,
628,OVERALL,SOURCE_STATE,0.5144087579489656,0.3471031592269178,
628,OVERALL,SOURCE_PLUS_SIMPLE_MASK_CHANGE,0.47215418405952087,0.33267826342012297,
628,OVERALL,FROZEN_FULL_TRANSITION_SAFETTA,0.6472959142604157,0.4677601281032983,
628,OVERALL,CHANGE_MAGNITUDE_ONLY,0.5243557456790975,0.3915911425580101,
628,OVERALL,CHANGE_MAGNITUDE_IOU_ONLY,0.5243557456790975,0.3915911425580101,
629,OVERALL,SOURCE_STATE,0.5393771907786911,0.3835917854934766,
629,OVERALL,SOURCE_PLUS_SIMPLE_MASK_CHANGE,0.48521934704327124,0.34876502712052876,
629,OVERALL,FROZEN_FULL_TRANSITION_SAFETTA,0.6334505736400723,0.46564317096359276,
629,OVERALL,CHANGE_MAGNITUDE_ONLY,0.4997098900573042,0.3645556952236091,
629,OVERALL,CHANGE_MAGNITUDE_IOU_ONLY,0.4997098900573042,0.3645556952236091,
630,OVERALL,SOURCE_STATE,0.588155644657667,0.389066122103107,
630,OVERALL,SOURCE_PLUS_SIMPLE_MASK_CHANGE,0.47219255394276843,0.3000453428517931,
630,OVERALL,FROZEN_FULL_TRANSITION_SAFETTA,0.6818295892937394,0.48012598022729863,
630,OVERALL,CHANGE_MAGNITUDE_ONLY,0.4272436514745621,0.2938095912081608,
630,OVERALL,CHANGE_MAGNITUDE_IOU_ONLY,0.4272436514745621,0.2938095912081608,
631,OVERALL,SOURCE_STATE,0.47207098205283327,0.32898929036572905,
631,OVERALL,SOURCE_PLUS_SIMPLE_MASK_CHANGE,0.4713084795321637,0.32670751015760346,
631,OVERALL,FROZEN_FULL_TRANSITION_SAFETTA,0.6487951199838677,0.48343024107128457,
631,OVERALL,CHANGE_MAGNITUDE_ONLY,0.5025206694898166,0.3745333024874238,
631,OVERALL,CHANGE_MAGNITUDE_IOU_ONLY,0.5025206694898166,0.3745333024874238,
632,OVERALL,SOURCE_STATE,0.5144533947065593,0.37937601843055424,
632,OVERALL,SOURCE_PLUS_SIMPLE_MASK_CHANGE,0.477042577675489,0.37442430857853504,
632,OVERALL,FROZEN_FULL_TRANSITION_SAFETTA,0.6422899884925202,0.4998412734141436,
632,OVERALL,CHANGE_MAGNITUDE_ONLY,0.5189067894131185,0.4148098931311016,
632,OVERALL,CHANGE_MAGNITUDE_IOU_ONLY,0.5189067894131185,0.4148098931311016,
633,OVERALL,SOURCE_STATE,0.5346670957591362,0.3940487186933377,
633,OVERALL,SOURCE_PLUS_SIMPLE_MASK_CHANGE,0.4763105199170421,0.36343547719980396,
633,OVERALL,FROZEN_FULL_TRANSITION_SAFETTA,0.6630968557057378,0.5112680337197885,
633,OVERALL,CHANGE_MAGNITUDE_ONLY,0.47773784833965055,0.37921099823366305,
633,OVERALL,CHANGE_MAGNITUDE_IOU_ONLY,0.47773784833965055,0.37921099823366305,
634,OVERALL,SOURCE_STATE,0.5093011041625952,0.3539833720190527,
634,OVERALL,SOURCE_PLUS_SIMPLE_MASK_CHANGE,0.4925737736955247,0.3619374590099548,
634,OVERALL,FROZEN_FULL_TRANSITION_SAFETTA,0.6230396228258746,0.4607923239865882,
634,OVERALL,CHANGE_MAGNITUDE_ONLY,0.5109011627906976,0.3885417222250495,
634,OVERALL,CHANGE_MAGNITUDE_IOU_ONLY,0.5109011627906976,0.3885417222250495,
635,OVERALL,SOURCE_STATE,0.49817673591258493,0.32139181884878343,
635,OVERALL,SOURCE_PLUS_SIMPLE_MASK_CHANGE,0.49483514389174765,0.32910094362764764,
635,OVERALL,FROZEN_FULL_TRANSITION_SAFETTA,0.6182326408741504,0.4207123942604299,
635,OVERALL,CHANGE_MAGNITUDE_ONLY,0.5223937488088432,0.36150952517687995,
635,OVERALL,CHANGE_MAGNITUDE_IOU_ONLY,0.5223937488088432,0.36150952517687995,
636,OVERALL,SOURCE_STATE,0.5450770486294465,0.38844449270498493,
636,OVERALL,SOURCE_PLUS_SIMPLE_MASK_CHANGE,0.48298209399452746,0.3452110704548005,
636,OVERALL,FROZEN_FULL_TRANSITION_SAFETTA,0.6506468724497144,0.5005904177672065,
636,OVERALL,CHANGE_MAGNITUDE_ONLY,0.47616233018098025,0.3536065776807824,
636,OVERALL,CHANGE_MAGNITUDE_IOU_ONLY,0.47616233018098025,0.3536065776807824,
637,OVERALL,SOURCE_STATE,0.5234385233530956,0.39219535288087626,
637,OVERALL,SOURCE_PLUS_SIMPLE_MASK_CHANGE,0.5131985853166806,0.38690312829930495,
637,OVERALL,FROZEN_FULL_TRANSITION_SAFETTA,0.6590806836497007,0.510862249261367,
637,OVERALL,CHANGE_MAGNITUDE_ONLY,0.5259358608553024,0.4077684643055384,
637,OVERALL,CHANGE_MAGNITUDE_IOU_ONLY,0.5259358608553024,0.4077684643055384,
638,OVERALL,SOURCE_STATE,0.5487458144862833,0.3640385251938223,
638,OVERALL,SOURCE_PLUS_SIMPLE_MASK_CHANGE,0.4549550608000939,0.32977744933119824,
638,OVERALL,FROZEN_FULL_TRANSITION_SAFETTA,0.6692474886917699,0.4742465997497609,
638,OVERALL,CHANGE_MAGNITUDE_ONLY,0.4520531046231569,0.32947572400544717,
638,OVERALL,CHANGE_MAGNITUDE_IOU_ONLY,0.4520531046231569,0.32947572400544717,
639,OVERALL,SOURCE_STATE,0.4849384679418287,0.3390495566384414,
639,OVERALL,SOURCE_PLUS_SIMPLE_MASK_CHANGE,0.47328433960974825,0.3454692332744615,
639,OVERALL,FROZEN_FULL_TRANSITION_SAFETTA,0.6416231293446727,0.5028268105929776,
639,OVERALL,CHANGE_MAGNITUDE_ONLY,0.533468345623179,0.39803666603847954,
639,OVERALL,CHANGE_MAGNITUDE_IOU_ONLY,0.533468345623179,0.39803666603847954,
640,OVERALL,SOURCE_STATE,0.5267257429709411,0.3756467843738288,
640,OVERALL,SOURCE_PLUS_SIMPLE_MASK_CHANGE,0.46679903843887727,0.35545514700960446,
640,OVERALL,FROZEN_FULL_TRANSITION_SAFETTA,0.652423935330301,0.5020459781232988,
640,OVERALL,CHANGE_MAGNITUDE_ONLY,0.491026607904598,0.3780129228481847,
640,OVERALL,CHANGE_MAGNITUDE_IOU_ONLY,0.491026607904598,0.3780129228481847,
641,OVERALL,SOURCE_STATE,0.5385820036982827,0.37108347431890853,
641,OVERALL,SOURCE_PLUS_SIMPLE_MASK_CHANGE,0.4832402739379484,0.3546860809528281,
641,OVERALL,FROZEN_FULL_TRANSITION_SAFETTA,0.6423447353679912,0.471793642253125,
641,OVERALL,CHANGE_MAGNITUDE_ONLY,0.4951844021611464,0.3672772454501036,
641,OVERALL,CHANGE_MAGNITUDE_IOU_ONLY,0.4951844021611464,0.3672772454501036,
642,OVERALL,SOURCE_STATE,0.49968742996661986,0.3413721062667858,
642,OVERALL,SOURCE_PLUS_SIMPLE_MASK_CHANGE,0.4929996107618453,0.3536454513726697,
642,OVERALL,FROZEN_FULL_TRANSITION_SAFETTA,0.6290973213337894,0.45064909277009113,
642,OVERALL,CHANGE_MAGNITUDE_ONLY,0.5068912846038618,0.36545570865904775,
642,OVERALL,CHANGE_MAGNITUDE_IOU_ONLY,0.5068912846038618,0.36545570865904775,
643,OVERALL,SOURCE_STATE,0.5397538986354776,0.359309031564359,
643,OVERALL,SOURCE_PLUS_SIMPLE_MASK_CHANGE,0.5129325048732943,0.34774246263804814,
643,OVERALL,FROZEN_FULL_TRANSITION_SAFETTA,0.6214303118908382,0.43092022868622637,
643,OVERALL,CHANGE_MAGNITUDE_ONLY,0.5224537037037037,0.36819268943276356,
643,OVERALL,CHANGE_MAGNITUDE_IOU_ONLY,0.5224537037037037,0.36819268943276356,
644,OVERALL,SOURCE_STATE,0.5025277234181343,0.33720724283163417,
644,OVERALL,SOURCE_PLUS_SIMPLE_MASK_CHANGE,0.46839180877830583,0.3229105486143744,
644,OVERALL,FROZEN_FULL_TRANSITION_SAFETTA,0.584166200726866,0.41225044503172975,
644,OVERALL,CHANGE_MAGNITUDE_ONLY,0.49543087783058426,0.3541753639338777,
644,OVERALL,CHANGE_MAGNITUDE_IOU_ONLY,0.49543087783058426,0.3541753639338777,
645,OVERALL,SOURCE_STATE,0.519962486602358,0.3693371859310211,
645,OVERALL,SOURCE_PLUS_SIMPLE_MASK_CHANGE,0.5117374994174938,0.38941829550462903,
645,OVERALL,FROZEN_FULL_TRANSITION_SAFETTA,0.6740586700219022,0.5151717577238446,
645,OVERALL,CHANGE_MAGNITUDE_ONLY,0.4849014399552635,0.36635758175699984,
645,OVERALL,CHANGE_MAGNITUDE_IOU_ONLY,0.4849014399552635,0.36635758175699984,
646,OVERALL,SOURCE_STATE,0.5162441877906105,0.36427403271579883,
646,OVERALL,SOURCE_PLUS_SIMPLE_MASK_CHANGE,0.5026128693565322,0.37210902155149583,
646,OVERALL,FROZEN_FULL_TRANSITION_SAFETTA,0.6149332533373331,0.4349317221264577,
646,OVERALL,CHANGE_MAGNITUDE_ONLY,0.5351222438878056,0.3906833572151466,
646,OVERALL,CHANGE_MAGNITUDE_IOU_ONLY,0.5351222438878056,0.3906833572151466,
647,OVERALL,SOURCE_STATE,0.4863920750782065,0.3591971017628832,
647,OVERALL,SOURCE_PLUS_SIMPLE_MASK_CHANGE,0.4537481172517669,0.3611864253096205,
647,OVERALL,FROZEN_FULL_TRANSITION_SAFETTA,0.6233171127331711,0.46342506109038767,
647,OVERALL,CHANGE_MAGNITUDE_ONLY,0.49742208318850656,0.4006051069804233,
647,OVERALL,CHANGE_MAGNITUDE_IOU_ONLY,0.49742208318850656,0.4006051069804233,
648,OVERALL,SOURCE_STATE,0.49034598789099604,0.3897142162098516,
648,OVERALL,SOURCE_PLUS_SIMPLE_MASK_CHANGE,0.461864649262358,0.37775725365285334,
648,OVERALL,FROZEN_FULL_TRANSITION_SAFETTA,0.6285580213567121,0.5258894711076243,
648,OVERALL,CHANGE_MAGNITUDE_ONLY,0.5345844826204891,0.45410973233836793,
648,OVERALL,CHANGE_MAGNITUDE_IOU_ONLY,0.5345844826204891,0.45410973233836793,
649,OVERALL,SOURCE_STATE,0.5292885795186408,0.41008242122401267,
649,OVERALL,SOURCE_PLUS_SIMPLE_MASK_CHANGE,0.48016753185464844,0.3856792971641361,
649,OVERALL,FROZEN_FULL_TRANSITION_SAFETTA,0.6118216139688532,0.5099101832749954,
649,OVERALL,CHANGE_MAGNITUDE_ONLY,0.5012918829636621,0.39974998117164706,
649,OVERALL,CHANGE_MAGNITUDE_IOU_ONLY,0.5012918829636621,0.39974998117164706,
650,OVERALL,SOURCE_STATE,0.6042394964134095,0.4235965886704924,
650,OVERALL,SOURCE_PLUS_SIMPLE_MASK_CHANGE,0.5609661835748792,0.39112062479049386,
650,OVERALL,FROZEN_FULL_TRANSITION_SAFETTA,0.7339481774264383,0.5471939216750007,
650,OVERALL,CHANGE_MAGNITUDE_ONLY,0.4898960620699751,0.3280139241074616,
650,OVERALL,CHANGE_MAGNITUDE_IOU_ONLY,0.4898960620699751,0.3280139241074616,
651,OVERALL,SOURCE_STATE,0.5500056593095642,0.3783051809491884,
651,OVERALL,SOURCE_PLUS_SIMPLE_MASK_CHANGE,0.44967741935483874,0.3206312102370297,
651,OVERALL,FROZEN_FULL_TRANSITION_SAFETTA,0.6689530277306168,0.4856058039621258,
651,OVERALL,CHANGE_MAGNITUDE_ONLY,0.4170288624787776,0.32028861379193396,
651,OVERALL,CHANGE_MAGNITUDE_IOU_ONLY,0.4170288624787776,0.32028861379193396,
652,OVERALL,SOURCE_STATE,0.5286320069706651,0.3800944730742676,
652,OVERALL,SOURCE_PLUS_SIMPLE_MASK_CHANGE,0.48848097589311645,0.36086881433062046,
652,OVERALL,FROZEN_FULL_TRANSITION_SAFETTA,0.6666686029625326,0.5219566474213895,
652,OVERALL,CHANGE_MAGNITUDE_ONLY,0.4772756317165263,0.3629919307821481,
652,OVERALL,CHANGE_MAGNITUDE_IOU_ONLY,0.4772756317165263,0.3629919307821481,
653,OVERALL,SOURCE_STATE,0.5609875169941911,0.37784168067282053,
653,OVERALL,SOURCE_PLUS_SIMPLE_MASK_CHANGE,0.5081077740699543,0.3620215588986607,
653,OVERALL,FROZEN_FULL_TRANSITION_SAFETTA,0.6565319490792237,0.4680891299887086,
653,OVERALL,CHANGE_MAGNITUDE_ONLY,0.4922012112223458,0.35157130340503795,
653,OVERALL,CHANGE_MAGNITUDE_IOU_ONLY,0.4922012112223458,0.35157130340503795,
654,OVERALL,SOURCE_STATE,0.5603076480736056,0.4075775118935299,
654,OVERALL,SOURCE_PLUS_SIMPLE_MASK_CHANGE,0.4930994824611846,0.369489131893966,
654,OVERALL,FROZEN_FULL_TRANSITION_SAFETTA,0.653051322599195,0.4936762143858554,
654,OVERALL,CHANGE_MAGNITUDE_ONLY,0.4919793463676443,0.3669238278841901,
654,OVERALL,CHANGE_MAGNITUDE_IOU_ONLY,0.4919793463676443,0.3669238278841901,
655,OVERALL,SOURCE_STATE,0.5051387797852842,0.32496639844151776,
655,OVERALL,SOURCE_PLUS_SIMPLE_MASK_CHANGE,0.4576459806231998,0.3145032223421085,
655,OVERALL,FROZEN_FULL_TRANSITION_SAFETTA,0.6190036658811208,0.4208702032731707,
655,OVERALL,CHANGE_MAGNITUDE_ONLY,0.49009557475779,0.34560556667926573,
655,OVERALL,CHANGE_MAGNITUDE_IOU_ONLY,0.49009557475779,0.34560556667926573,
656,OVERALL,SOURCE_STATE,0.48723791603538436,0.34768654775012864,
656,OVERALL,SOURCE_PLUS_SIMPLE_MASK_CHANGE,0.4428058257172181,0.3179502244891537,
656,OVERALL,FROZEN_FULL_TRANSITION_SAFETTA,0.608089780558135,0.45216145006756714,
656,OVERALL,CHANGE_MAGNITUDE_ONLY,0.49580910023948,0.3914437674671126,
656,OVERALL,CHANGE_MAGNITUDE_IOU_ONLY,0.49580910023948,0.3914437674671126,
657,OVERALL,SOURCE_STATE,0.49561897929903664,0.31871688662442516,
657,OVERALL,SOURCE_PLUS_SIMPLE_MASK_CHANGE,0.47216386554621853,0.30120241348257115,
657,OVERALL,FROZEN_FULL_TRANSITION_SAFETTA,0.6692329370772699,0.4735216165756455,
657,OVERALL,CHANGE_MAGNITUDE_ONLY,0.491458931133429,0.3341435910096359,
657,OVERALL,CHANGE_MAGNITUDE_IOU_ONLY,0.491458931133429,0.3341435910096359,
658,OVERALL,SOURCE_STATE,0.5036802930056712,0.3932959666375142,
658,OVERALL,SOURCE_PLUS_SIMPLE_MASK_CHANGE,0.4540642722117202,0.3738894919838586,
658,OVERALL,FROZEN_FULL_TRANSITION_SAFETTA,0.6246514650283554,0.5121569631471106,
658,OVERALL,CHANGE_MAGNITUDE_ONLY,0.5026465028355387,0.41313825689927575,
658,OVERALL,CHANGE_MAGNITUDE_IOU_ONLY,0.5026465028355387,0.41313825689927575,
659,OVERALL,SOURCE_STATE,0.5235876872272673,0.37199488117333723,
659,OVERALL,SOURCE_PLUS_SIMPLE_MASK_CHANGE,0.48370090812595823,0.3603638824178135,
659,OVERALL,FROZEN_FULL_TRANSITION_SAFETTA,0.6581377520934072,0.49004725170386243,
659,OVERALL,CHANGE_MAGNITUDE_ONLY,0.4928470338483312,0.3682044129550577,
659,OVERALL,CHANGE_MAGNITUDE_IOU_ONLY,0.4928470338483312,0.3682044129550577,
660,OVERALL,SOURCE_STATE,0.5080552766786748,0.3568925342700717,
660,OVERALL,SOURCE_PLUS_SIMPLE_MASK_CHANGE,0.4905687119825194,0.35050055046011974,
660,OVERALL,FROZEN_FULL_TRANSITION_SAFETTA,0.6268647020610641,0.4486893261628212,
660,OVERALL,CHANGE_MAGNITUDE_ONLY,0.5217681450422252,0.3801980763872099,
660,OVERALL,CHANGE_MAGNITUDE_IOU_ONLY,0.5217681450422252,0.3801980763872099,
661,OVERALL,SOURCE_STATE,0.49981581791940677,0.33717707936268054,
661,OVERALL,SOURCE_PLUS_SIMPLE_MASK_CHANGE,0.4737706600964994,0.32596641117224223,
661,OVERALL,FROZEN_FULL_TRANSITION_SAFETTA,0.6275415617432683,0.45068290576277237,
661,OVERALL,CHANGE_MAGNITUDE_ONLY,0.48289522153179104,0.3514588326450394,
661,OVERALL,CHANGE_MAGNITUDE_IOU_ONLY,0.48289522153179104,0.3514588326450394,
662,OVERALL,SOURCE_STATE,0.49789707599402394,0.34181047851055013,
662,OVERALL,SOURCE_PLUS_SIMPLE_MASK_CHANGE,0.48954815382104433,0.33657365096390823,
662,OVERALL,FROZEN_FULL_TRANSITION_SAFETTA,0.653281189187832,0.47271581736576773,
662,OVERALL,CHANGE_MAGNITUDE_ONLY,0.5004300008788339,0.3514786897610951,
662,OVERALL,CHANGE_MAGNITUDE_IOU_ONLY,0.5004300008788339,0.3514786897610951,
663,OVERALL,SOURCE_STATE,0.5036788048552754,0.30938093956576085,
663,OVERALL,SOURCE_PLUS_SIMPLE_MASK_CHANGE,0.5020292561469032,0.3209336921314627,
663,OVERALL,FROZEN_FULL_TRANSITION_SAFETTA,0.60869592281357,0.3936179728031737,
663,OVERALL,CHANGE_MAGNITUDE_ONLY,0.4912356053532524,0.31755466578321284,
663,OVERALL,CHANGE_MAGNITUDE_IOU_ONLY,0.4912356053532524,0.31755466578321284,
664,OVERALL,SOURCE_STATE,0.5689166327727575,0.398135256514976,
664,OVERALL,SOURCE_PLUS_SIMPLE_MASK_CHANGE,0.4926936521129168,0.3426940571069568,
664,OVERALL,FROZEN_FULL_TRANSITION_SAFETTA,0.6950844989890774,0.5254743987850868,
664,OVERALL,CHANGE_MAGNITUDE_ONLY,0.4853372001862692,0.3464987226759265,
664,OVERALL,CHANGE_MAGNITUDE_IOU_ONLY,0.4853372001862692,0.3464987226759265,
665,OVERALL,SOURCE_STATE,0.5458631088581453,0.3755958922372756,
665,OVERALL,SOURCE_PLUS_SIMPLE_MASK_CHANGE,0.48871756961312357,0.3657853258383119,
665,OVERALL,FROZEN_FULL_TRANSITION_SAFETTA,0.654304690158529,0.48423694796312483,
665,OVERALL,CHANGE_MAGNITUDE_ONLY,0.4899672615904531,0.3651005292167423,
665,OVERALL,CHANGE_MAGNITUDE_IOU_ONLY,0.4899672615904531,0.3651005292167423,
666,OVERALL,SOURCE_STATE,0.5214244905732242,0.3499666272250353,
666,OVERALL,SOURCE_PLUS_SIMPLE_MASK_CHANGE,0.5120611946930744,0.33186337622177103,
666,OVERALL,FROZEN_FULL_TRANSITION_SAFETTA,0.6363041960261537,0.4667273039098552,
666,OVERALL,CHANGE_MAGNITUDE_ONLY,0.5264457563638671,0.34507215073637665,
666,OVERALL,CHANGE_MAGNITUDE_IOU_ONLY,0.5264457563638671,0.34507215073637665,
667,OVERALL,SOURCE_STATE,0.5474625250408713,0.4029183468552008,
667,OVERALL,SOURCE_PLUS_SIMPLE_MASK_CHANGE,0.5253517235027285,0.39038368179619287,
667,OVERALL,FROZEN_FULL_TRANSITION_SAFETTA,0.6476087407032168,0.4868063115310246,
667,OVERALL,CHANGE_MAGNITUDE_ONLY,0.4764759722765894,0.3552453235995815,
667,OVERALL,CHANGE_MAGNITUDE_IOU_ONLY,0.4764759722765894,0.3552453235995815,
668,OVERALL,SOURCE_STATE,0.5212956598586018,0.3708380278859632,
668,OVERALL,SOURCE_PLUS_SIMPLE_MASK_CHANGE,0.4661417419481539,0.343454493871032,
668,OVERALL,FROZEN_FULL_TRANSITION_SAFETTA,0.6410054988216811,0.47443184160770735,
668,OVERALL,CHANGE_MAGNITUDE_ONLY,0.49674428024351924,0.3848604747885511,
668,OVERALL,CHANGE_MAGNITUDE_IOU_ONLY,0.49674428024351924,0.3848604747885511,
669,OVERALL,SOURCE_STATE,0.47407407407407404,0.32575604706417216,
669,OVERALL,SOURCE_PLUS_SIMPLE_MASK_CHANGE,0.42914122914122915,0.2992627487515388,
669,OVERALL,FROZEN_FULL_TRANSITION_SAFETTA,0.5855689284260713,0.40185412274137133,
669,OVERALL,CHANGE_MAGNITUDE_ONLY,0.5079684865399151,0.38632617786840073,
669,OVERALL,CHANGE_MAGNITUDE_IOU_ONLY,0.5079684865399151,0.38632617786840073,
670,OVERALL,SOURCE_STATE,0.5119606580410982,0.3686872717198027,
670,OVERALL,SOURCE_PLUS_SIMPLE_MASK_CHANGE,0.4177272993384462,0.3211189020330238,
670,OVERALL,FROZEN_FULL_TRANSITION_SAFETTA,0.6224986827469118,0.4633773070312761,
670,OVERALL,CHANGE_MAGNITUDE_ONLY,0.4629998243662549,0.38587759101012764,
670,OVERALL,CHANGE_MAGNITUDE_IOU_ONLY,0.4629998243662549,0.38587759101012764,
671,OVERALL,SOURCE_STATE,0.5087011150295297,0.37268135795872626,
671,OVERALL,SOURCE_PLUS_SIMPLE_MASK_CHANGE,0.46455517180680916,0.33861023670295576,
671,OVERALL,FROZEN_FULL_TRANSITION_SAFETTA,0.6498066756095636,0.5037131962653086,
671,OVERALL,CHANGE_MAGNITUDE_ONLY,0.49588768368852015,0.3819206345412436,
671,OVERALL,CHANGE_MAGNITUDE_IOU_ONLY,0.49588768368852015,0.3819206345412436,
672,OVERALL,SOURCE_STATE,0.5148336829487563,0.3449507154084928,
672,OVERALL,SOURCE_PLUS_SIMPLE_MASK_CHANGE,0.47542703026670663,0.31449809878500345,
672,OVERALL,FROZEN_FULL_TRANSITION_SAFETTA,0.6139371691139746,0.4320108763216152,
672,OVERALL,CHANGE_MAGNITUDE_ONLY,0.4852162621116771,0.3417451982448828,
672,OVERALL,CHANGE_MAGNITUDE_IOU_ONLY,0.4852162621116771,0.3417451982448828,
673,OVERALL,SOURCE_STATE,0.5275662523837706,0.3581025882943297,
673,OVERALL,SOURCE_PLUS_SIMPLE_MASK_CHANGE,0.4859143815348195,0.32142766500699294,
673,OVERALL,FROZEN_FULL_TRANSITION_SAFETTA,0.6385348852502137,0.4342768107994477,
673,OVERALL,CHANGE_MAGNITUDE_ONLY,0.47553100545801275,0.3329885713279003,
673,OVERALL,CHANGE_MAGNITUDE_IOU_ONLY,0.47553100545801275,0.3329885713279003,
674,OVERALL,SOURCE_STATE,0.5689638526847829,0.37935824957770736,
674,OVERALL,SOURCE_PLUS_SIMPLE_MASK_CHANGE,0.5122923588039867,0.3394882132739885,
674,OVERALL,FROZEN_FULL_TRANSITION_SAFETTA,0.6693471902774228,0.48013286338281475,
674,OVERALL,CHANGE_MAGNITUDE_ONLY,0.4803305221909873,0.33388960193586015,
674,OVERALL,CHANGE_MAGNITUDE_IOU_ONLY,0.4803305221909873,0.33388960193586015,
675,OVERALL,SOURCE_STATE,0.5458510854128626,0.4078244021521302,
675,OVERALL,SOURCE_PLUS_SIMPLE_MASK_CHANGE,0.5125368467533088,0.40618844737101906,
675,OVERALL,FROZEN_FULL_TRANSITION_SAFETTA,0.6630506128196867,0.5416010350383009,
675,OVERALL,CHANGE_MAGNITUDE_ONLY,0.5103499098970081,0.4053855686007912,
675,OVERALL,CHANGE_MAGNITUDE_IOU_ONLY,0.5103499098970081,0.4053855686007912,
676,OVERALL,SOURCE_STATE,0.5262135922330097,0.3640405359823694,
676,OVERALL,SOURCE_PLUS_SIMPLE_MASK_CHANGE,0.49395996219606486,0.3527833359131026,
676,OVERALL,FROZEN_FULL_TRANSITION_SAFETTA,0.6695706962224705,0.5289160031005121,
676,OVERALL,CHANGE_MAGNITUDE_ONLY,0.4763353094481198,0.3521416241416228,
676,OVERALL,CHANGE_MAGNITUDE_IOU_ONLY,0.4763353094481198,0.3521416241416228,
677,OVERALL,SOURCE_STATE,0.47651888341543513,0.31689105896655567,
677,OVERALL,SOURCE_PLUS_SIMPLE_MASK_CHANGE,0.48365587614356087,0.3409496176095885,
677,OVERALL,FROZEN_FULL_TRANSITION_SAFETTA,0.6370865587614355,0.45621928181161275,
677,OVERALL,CHANGE_MAGNITUDE_ONLY,0.4615646258503401,0.32761009816115577,
677,OVERALL,CHANGE_MAGNITUDE_IOU_ONLY,0.4615646258503401,0.32761009816115577,
678,OVERALL,SOURCE_STATE,0.5419454871878571,0.37625567919320585,
678,OVERALL,SOURCE_PLUS_SIMPLE_MASK_CHANGE,0.5057626395148838,0.3656138612152688,
678,OVERALL,FROZEN_FULL_TRANSITION_SAFETTA,0.6558737492310205,0.4897806164426446,
678,OVERALL,CHANGE_MAGNITUDE_ONLY,0.4933365557243475,0.34475150719138614,
678,OVERALL,CHANGE_MAGNITUDE_IOU_ONLY,0.4933365557243475,0.34475150719138614,
679,OVERALL,SOURCE_STATE,0.5012474868589977,0.31383811329073386,
679,OVERALL,SOURCE_PLUS_SIMPLE_MASK_CHANGE,0.4779146379865804,0.3164989435750313,
679,OVERALL,FROZEN_FULL_TRANSITION_SAFETTA,0.6264866894363297,0.4141359517973605,
679,OVERALL,CHANGE_MAGNITUDE_ONLY,0.4474783809316183,0.3081051220443558,
679,OVERALL,CHANGE_MAGNITUDE_IOU_ONLY,0.4474783809316183,0.3081051220443558,
680,OVERALL,SOURCE_STATE,0.5010176427110002,0.3769626011898779,
680,OVERALL,SOURCE_PLUS_SIMPLE_MASK_CHANGE,0.5105834841944019,0.3979445296659791,
680,OVERALL,FROZEN_FULL_TRANSITION_SAFETTA,0.6199265154842373,0.4933836290157862,
680,OVERALL,CHANGE_MAGNITUDE_ONLY,0.5304114490161003,0.4145896684355048,
680,OVERALL,CHANGE_MAGNITUDE_IOU_ONLY,0.5304114490161003,0.4145896684355048,
681,OVERALL,SOURCE_STATE,0.5156545087811708,0.3378805132808037,
681,OVERALL,SOURCE_PLUS_SIMPLE_MASK_CHANGE,0.44241170651489653,0.3067199741997625,
681,OVERALL,FROZEN_FULL_TRANSITION_SAFETTA,0.6370877603196423,0.453254787808856,
681,OVERALL,CHANGE_MAGNITUDE_ONLY,0.5045576011408456,0.37397447551409185,
681,OVERALL,CHANGE_MAGNITUDE_IOU_ONLY,0.5045576011408456,0.37397447551409185,
682,OVERALL,SOURCE_STATE,0.5312650270849627,0.3797778202262603,
682,OVERALL,SOURCE_PLUS_SIMPLE_MASK_CHANGE,0.446649865299383,0.33637113408892894,
682,OVERALL,FROZEN_FULL_TRANSITION_SAFETTA,0.6195996639726543,0.47461363018900504,
682,OVERALL,CHANGE_MAGNITUDE_ONLY,0.47491382057298454,0.380641584457383,
682,OVERALL,CHANGE_MAGNITUDE_IOU_ONLY,0.47491382057298454,0.380641584457383,
683,OVERALL,SOURCE_STATE,0.5009435110786462,0.3645046989456976,
683,OVERALL,SOURCE_PLUS_SIMPLE_MASK_CHANGE,0.4857316776235695,0.3476796810791082,
683,OVERALL,FROZEN_FULL_TRANSITION_SAFETTA,0.6190102264426589,0.4677421920465978,
683,OVERALL,CHANGE_MAGNITUDE_ONLY,0.49498417336255174,0.3671085649017886,
683,OVERALL,CHANGE_MAGNITUDE_IOU_ONLY,0.49498417336255174,0.3671085649017886,
684,OVERALL,SOURCE_STATE,0.4855915285131499,0.3184934203552845,
684,OVERALL,SOURCE_PLUS_SIMPLE_MASK_CHANGE,0.488152070132801,0.3506339859657216,
684,OVERALL,FROZEN_FULL_TRANSITION_SAFETTA,0.6675015809639541,0.486013416242974,
684,OVERALL,CHANGE_MAGNITUDE_ONLY,0.4582904509777177,0.32225415545509456,
684,OVERALL,CHANGE_MAGNITUDE_IOU_ONLY,0.4582904509777177,0.32225415545509456,
685,OVERALL,SOURCE_STATE,0.5518372525524174,0.39482143506925793,
685,OVERALL,SOURCE_PLUS_SIMPLE_MASK_CHANGE,0.4987448016352822,0.3674048170608071,
685,OVERALL,FROZEN_FULL_TRANSITION_SAFETTA,0.640856029018668,0.48099293357947326,
685,OVERALL,CHANGE_MAGNITUDE_ONLY,0.5116329507192313,0.388071315511486,
685,OVERALL,CHANGE_MAGNITUDE_IOU_ONLY,0.5116329507192313,0.388071315511486,
686,OVERALL,SOURCE_STATE,0.4914575813598615,0.3455803506384766,
686,OVERALL,SOURCE_PLUS_SIMPLE_MASK_CHANGE,0.4625465856736215,0.34296184455708867,
686,OVERALL,FROZEN_FULL_TRANSITION_SAFETTA,0.630607154385656,0.45768316043591595,
686,OVERALL,CHANGE_MAGNITUDE_ONLY,0.4805792763447486,0.3680829941434993,
686,OVERALL,CHANGE_MAGNITUDE_IOU_ONLY,0.4805792763447486,0.3680829941434993,
687,OVERALL,SOURCE_STATE,0.5393402730836825,0.37697872879926386,
687,OVERALL,SOURCE_PLUS_SIMPLE_MASK_CHANGE,0.4611835879410572,0.3399957951475977,
687,OVERALL,FROZEN_FULL_TRANSITION_SAFETTA,0.6546234960118966,0.47993751561351294,
687,OVERALL,CHANGE_MAGNITUDE_ONLY,0.4865035374701455,0.37251715498414883,
687,OVERALL,CHANGE_MAGNITUDE_IOU_ONLY,0.4865035374701455,0.37251715498414883,
688,OVERALL,SOURCE_STATE,0.558586663126687,0.41642998768301187,
688,OVERALL,SOURCE_PLUS_SIMPLE_MASK_CHANGE,0.5140769503075358,0.3828326123421565,
688,OVERALL,FROZEN_FULL_TRANSITION_SAFETTA,0.6662739501747865,0.5277917073404885,
688,OVERALL,CHANGE_MAGNITUDE_ONLY,0.5135182972697907,0.3881301366756349,
688,OVERALL,CHANGE_MAGNITUDE_IOU_ONLY,0.5135182972697907,0.3881301366756349,
689,OVERALL,SOURCE_STATE,0.4967136431784108,0.33049904917185025,
689,OVERALL,SOURCE_PLUS_SIMPLE_MASK_CHANGE,0.43815892053973016,0.3038430204097775,
689,OVERALL,FROZEN_FULL_TRANSITION_SAFETTA,0.6056671664167916,0.4261165081395375,
689,OVERALL,CHANGE_MAGNITUDE_ONLY,0.49916641679160423,0.3790378815842975,
689,OVERALL,CHANGE_MAGNITUDE_IOU_ONLY,0.49916641679160423,0.3790378815842975,
690,OVERALL,SOURCE_STATE,0.5860538076775091,0.4139930124400003,
690,OVERALL,SOURCE_PLUS_SIMPLE_MASK_CHANGE,0.478503566460473,0.3316208000875166,
690,OVERALL,FROZEN_FULL_TRANSITION_SAFETTA,0.6627637848876787,0.4784264537916672,
690,OVERALL,CHANGE_MAGNITUDE_ONLY,0.47138544410572114,0.3457749407068234,
690,OVERALL,CHANGE_MAGNITUDE_IOU_ONLY,0.47138544410572114,0.3457749407068234,
691,OVERALL,SOURCE_STATE,0.5292774756469252,0.3533602431504549,
691,OVERALL,SOURCE_PLUS_SIMPLE_MASK_CHANGE,0.4741767764298094,0.3195398154090867,
691,OVERALL,FROZEN_FULL_TRANSITION_SAFETTA,0.6339927090181079,0.4261356934798005,
691,OVERALL,CHANGE_MAGNITUDE_ONLY,0.48028446781808404,0.3476107172102128,
691,OVERALL,CHANGE_MAGNITUDE_IOU_ONLY,0.48028446781808404,0.3476107172102128,
692,OVERALL,SOURCE_STATE,0.5331862463844411,0.3545999522641023,
692,OVERALL,SOURCE_PLUS_SIMPLE_MASK_CHANGE,0.44067525922595985,0.30122317904206625,
692,OVERALL,FROZEN_FULL_TRANSITION_SAFETTA,0.6266968727264123,0.42787910479190616,
692,OVERALL,CHANGE_MAGNITUDE_ONLY,0.45939631257356817,0.34526902630489686,
692,OVERALL,CHANGE_MAGNITUDE_IOU_ONLY,0.45939631257356817,0.34526902630489686,
693,OVERALL,SOURCE_STATE,0.5608304172197227,0.41856936798737887,
693,OVERALL,SOURCE_PLUS_SIMPLE_MASK_CHANGE,0.4885912441893204,0.37270861479124007,
693,OVERALL,FROZEN_FULL_TRANSITION_SAFETTA,0.6630351714904645,0.5191281993367071,
693,OVERALL,CHANGE_MAGNITUDE_ONLY,0.5155286641039344,0.4017118032248104,
693,OVERALL,CHANGE_MAGNITUDE_IOU_ONLY,0.5155286641039344,0.4017118032248104,
694,OVERALL,SOURCE_STATE,0.5169484284406469,0.3658277075916658,
694,OVERALL,SOURCE_PLUS_SIMPLE_MASK_CHANGE,0.5063167531278608,0.3427160671044282,
694,OVERALL,FROZEN_FULL_TRANSITION_SAFETTA,0.6506011595971926,0.49372107155112627,
694,OVERALL,CHANGE_MAGNITUDE_ONLY,0.5307628928898384,0.3706580273055835,
694,OVERALL,CHANGE_MAGNITUDE_IOU_ONLY,0.5307628928898384,0.3706580273055835,
695,OVERALL,SOURCE_STATE,0.5263250307271679,0.3716576676444039,
695,OVERALL,SOURCE_PLUS_SIMPLE_MASK_CHANGE,0.4888316151202749,0.34721752293118696,
695,OVERALL,FROZEN_FULL_TRANSITION_SAFETTA,0.619396995008403,0.4642975074729145,
695,OVERALL,CHANGE_MAGNITUDE_ONLY,0.5233087515990669,0.38871402837757696,
695,OVERALL,CHANGE_MAGNITUDE_IOU_ONLY,0.5233087515990669,0.38871402837757696,
696,OVERALL,SOURCE_STATE,0.5177492667765041,0.4044026355432244,
696,OVERALL,SOURCE_PLUS_SIMPLE_MASK_CHANGE,0.474141456631729,0.39373710757768443,
696,OVERALL,FROZEN_FULL_TRANSITION_SAFETTA,0.620733574040967,0.510542684591252,
696,OVERALL,CHANGE_MAGNITUDE_ONLY,0.511135649267945,0.4253493118310857,
696,OVERALL,CHANGE_MAGNITUDE_IOU_ONLY,0.511135649267945,0.4253493118310857,
697,OVERALL,SOURCE_STATE,0.5496078125811645,0.37393195672069734,
697,OVERALL,SOURCE_PLUS_SIMPLE_MASK_CHANGE,0.4722546880681523,0.33941716906585206,
697,OVERALL,FROZEN_FULL_TRANSITION_SAFETTA,0.6764258999532491,0.5056768282251726,
697,OVERALL,CHANGE_MAGNITUDE_ONLY,0.5196872889720014,0.374480636201203,
697,OVERALL,CHANGE_MAGNITUDE_IOU_ONLY,0.5196872889720014,0.374480636201203,
698,OVERALL,SOURCE_STATE,0.5490555541507572,0.37277620694011177,
698,OVERALL,SOURCE_PLUS_SIMPLE_MASK_CHANGE,0.5225807267302197,0.3482371430163996,
698,OVERALL,FROZEN_FULL_TRANSITION_SAFETTA,0.7034477962930185,0.4965886549246329,
698,OVERALL,CHANGE_MAGNITUDE_ONLY,0.48680051584190964,0.3328268521588338,
698,OVERALL,CHANGE_MAGNITUDE_IOU_ONLY,0.48680051584190964,0.3328268521588338,
699,OVERALL,SOURCE_STATE,0.5109697262839354,0.3391848903883183,
699,OVERALL,SOURCE_PLUS_SIMPLE_MASK_CHANGE,0.45896119358559373,0.31348444351817034,
699,OVERALL,FROZEN_FULL_TRANSITION_SAFETTA,0.6355185970656447,0.4556300146471943,
699,OVERALL,CHANGE_MAGNITUDE_ONLY,0.5033237836564101,0.35265686217499537,
699,OVERALL,CHANGE_MAGNITUDE_IOU_ONLY,0.5033237836564101,0.35265686217499537,
700,OVERALL,SOURCE_STATE,0.5144948684274527,0.3773629283185703,
700,OVERALL,SOURCE_PLUS_SIMPLE_MASK_CHANGE,0.4623826547983851,0.34981902149200894,
700,OVERALL,FROZEN_FULL_TRANSITION_SAFETTA,0.6212121212121213,0.47432624814386815,
700,OVERALL,CHANGE_MAGNITUDE_ONLY,0.49793885889391515,0.3990887768383282,
700,OVERALL,CHANGE_MAGNITUDE_IOU_ONLY,0.49793885889391515,0.3990887768383282,
701,OVERALL,SOURCE_STATE,0.5116392600205549,0.349780750887007,
701,OVERALL,SOURCE_PLUS_SIMPLE_MASK_CHANGE,0.46792137718396715,0.3275174576581837,
701,OVERALL,FROZEN_FULL_TRANSITION_SAFETTA,0.6294899794450155,0.4512792229825449,
701,OVERALL,CHANGE_MAGNITUDE_ONLY,0.5192381808838643,0.3797927270481738,
701,OVERALL,CHANGE_MAGNITUDE_IOU_ONLY,0.5192381808838643,0.3797927270481738,
702,OVERALL,SOURCE_STATE,0.5532087885970892,0.35928214864398,
702,OVERALL,SOURCE_PLUS_SIMPLE_MASK_CHANGE,0.4810212084633715,0.3238485264758271,
702,OVERALL,FROZEN_FULL_TRANSITION_SAFETTA,0.6608084358523726,0.4690501457442977,
702,OVERALL,CHANGE_MAGNITUDE_ONLY,0.4726466486124749,0.3257444207994178,
702,OVERALL,CHANGE_MAGNITUDE_IOU_ONLY,0.4726466486124749,0.3257444207994178,
703,OVERALL,SOURCE_STATE,0.522493557640881,0.39750262883181753,
703,OVERALL,SOURCE_PLUS_SIMPLE_MASK_CHANGE,0.500109398551077,0.3784012915273107,
703,OVERALL,FROZEN_FULL_TRANSITION_SAFETTA,0.6512617299557544,0.5131038013034781,
703,OVERALL,CHANGE_MAGNITUDE_ONLY,0.49000218797102146,0.3835806710901667,
703,OVERALL,CHANGE_MAGNITUDE_IOU_ONLY,0.49000218797102146,0.3835806710901667,
704,OVERALL,SOURCE_STATE,0.5496758153366158,0.35853909768573333,
704,OVERALL,SOURCE_PLUS_SIMPLE_MASK_CHANGE,0.4942170818505338,0.3246825299266355,
704,OVERALL,FROZEN_FULL_TRANSITION_SAFETTA,0.6641885633500707,0.46942182946103705,
704,OVERALL,CHANGE_MAGNITUDE_ONLY,0.4820449227319261,0.32165832996388477,
704,OVERALL,CHANGE_MAGNITUDE_IOU_ONLY,0.4820449227319261,0.32165832996388477,
705,OVERALL,SOURCE_STATE,0.5364755860115811,0.3682767314858474,
705,OVERALL,SOURCE_PLUS_SIMPLE_MASK_CHANGE,0.4724757883025261,0.3276259334164011,
705,OVERALL,FROZEN_FULL_TRANSITION_SAFETTA,0.6368182162995929,0.439571578175273,
705,OVERALL,CHANGE_MAGNITUDE_ONLY,0.47583255367031635,0.34283188336507064,
705,OVERALL,CHANGE_MAGNITUDE_IOU_ONLY,0.47583255367031635,0.34283188336507064,
706,OVERALL,SOURCE_STATE,0.5337422552664188,0.33215044936656596,
706,OVERALL,SOURCE_PLUS_SIMPLE_MASK_CHANGE,0.4600557620817844,0.2988554823167075,
706,OVERALL,FROZEN_FULL_TRANSITION_SAFETTA,0.612812887236679,0.4141291257073981,
706,OVERALL,CHANGE_MAGNITUDE_ONLY,0.4478841387856258,0.3085990713772124,
706,OVERALL,CHANGE_MAGNITUDE_IOU_ONLY,0.4478841387856258,0.3085990713772124,
707,OVERALL,SOURCE_STATE,0.5348797852474323,0.38832869041709295,
707,OVERALL,SOURCE_PLUS_SIMPLE_MASK_CHANGE,0.48951330532212883,0.3869335481624938,
707,OVERALL,FROZEN_FULL_TRANSITION_SAFETTA,0.6726248832866479,0.5186024334009914,
707,OVERALL,CHANGE_MAGNITUDE_ONLY,0.496968370681606,0.37820245764914784,
707,OVERALL,CHANGE_MAGNITUDE_IOU_ONLY,0.496968370681606,0.37820245764914784,
708,OVERALL,SOURCE_STATE,0.5268940049622065,0.3772684355820774,
708,OVERALL,SOURCE_PLUS_SIMPLE_MASK_CHANGE,0.48228607697190007,0.36453023257117323,
708,OVERALL,FROZEN_FULL_TRANSITION_SAFETTA,0.6406208528071087,0.46375636355744965,
708,OVERALL,CHANGE_MAGNITUDE_ONLY,0.5037966649356644,0.39760639583055246,
708,OVERALL,CHANGE_MAGNITUDE_IOU_ONLY,0.5037966649356644,0.39760639583055246,
709,OVERALL,SOURCE_STATE,0.5117553368516141,0.401071792203889,
709,OVERALL,SOURCE_PLUS_SIMPLE_MASK_CHANGE,0.5120524889459421,0.4178470171418067,
709,OVERALL,FROZEN_FULL_TRANSITION_SAFETTA,0.614712594494366,0.512661084476342,
709,OVERALL,CHANGE_MAGNITUDE_ONLY,0.5857996957162555,0.471156473204405,
709,OVERALL,CHANGE_MAGNITUDE_IOU_ONLY,0.5857996957162555,0.471156473204405,
710,OVERALL,SOURCE_STATE,0.48315369057067514,0.32441253205122955,
710,OVERALL,SOURCE_PLUS_SIMPLE_MASK_CHANGE,0.46755549297217036,0.32736221865775983,
710,OVERALL,FROZEN_FULL_TRANSITION_SAFETTA,0.6181033820630328,0.43846037291687334,
710,OVERALL,CHANGE_MAGNITUDE_ONLY,0.5162894595355744,0.37904691232288323,
710,OVERALL,CHANGE_MAGNITUDE_IOU_ONLY,0.5162894595355744,0.37904691232288323,
711,OVERALL,SOURCE_STATE,0.48778112018335484,0.37290687937197425,
711,OVERALL,SOURCE_PLUS_SIMPLE_MASK_CHANGE,0.4598137802607076,0.36678387842741245,
711,OVERALL,FROZEN_FULL_TRANSITION_SAFETTA,0.6287809769374015,0.48008105569373716,
711,OVERALL,CHANGE_MAGNITUDE_ONLY,0.5035353101274889,0.41596829950092595,
711,OVERALL,CHANGE_MAGNITUDE_IOU_ONLY,0.5035353101274889,0.41596829950092595,
712,OVERALL,SOURCE_STATE,0.4677673101482537,0.31917575527702186,
712,OVERALL,SOURCE_PLUS_SIMPLE_MASK_CHANGE,0.4600492328194118,0.3353126016103312,
712,OVERALL,FROZEN_FULL_TRANSITION_SAFETTA,0.6081240321555708,0.4357109663526661,
712,OVERALL,CHANGE_MAGNITUDE_ONLY,0.4853936466218759,0.3608376718496401,
712,OVERALL,CHANGE_MAGNITUDE_IOU_ONLY,0.4853936466218759,0.3608376718496401,
713,OVERALL,SOURCE_STATE,0.5651252906225781,0.4170572548160089,
713,OVERALL,SOURCE_PLUS_SIMPLE_MASK_CHANGE,0.5551709291311462,0.4294602642524536,
713,OVERALL,FROZEN_FULL_TRANSITION_SAFETTA,0.6997445391658774,0.556046445747034,
713,OVERALL,CHANGE_MAGNITUDE_ONLY,0.5203421452969373,0.3800623857936023,
713,OVERALL,CHANGE_MAGNITUDE_IOU_ONLY,0.5203421452969373,0.3800623857936023,
714,OVERALL,SOURCE_STATE,0.5217171805093744,0.398539068760665,
714,OVERALL,SOURCE_PLUS_SIMPLE_MASK_CHANGE,0.44252563410685375,0.36052449184271207,
714,OVERALL,FROZEN_FULL_TRANSITION_SAFETTA,0.6347567733811489,0.4999409788815142,
714,OVERALL,CHANGE_MAGNITUDE_ONLY,0.45266321977148366,0.3850374863858108,
714,OVERALL,CHANGE_MAGNITUDE_IOU_ONLY,0.45266321977148366,0.3850374863858108,
715,OVERALL,SOURCE_STATE,0.4796878258020315,0.3283936467849836,
715,OVERALL,SOURCE_PLUS_SIMPLE_MASK_CHANGE,0.4718834708528194,0.33264671666337914,
715,OVERALL,FROZEN_FULL_TRANSITION_SAFETTA,0.6221977301837895,0.4583053836307851,
715,OVERALL,CHANGE_MAGNITUDE_ONLY,0.5331029757826695,0.3972927768374018,
715,OVERALL,CHANGE_MAGNITUDE_IOU_ONLY,0.5331029757826695,0.3972927768374018,
716,OVERALL,SOURCE_STATE,0.5149407951922358,0.3526307347146063,
716,OVERALL,SOURCE_PLUS_SIMPLE_MASK_CHANGE,0.44840806129438915,0.3244815872605358,
716,OVERALL,FROZEN_FULL_TRANSITION_SAFETTA,0.6253029317460957,0.45362102604961724,
716,OVERALL,CHANGE_MAGNITUDE_ONLY,0.5019946004754805,0.3821723784815855,
716,OVERALL,CHANGE_MAGNITUDE_IOU_ONLY,0.5019946004754805,0.3821723784815855,
717,OVERALL,SOURCE_STATE,0.5890026229927708,0.41643229852506924,
717,OVERALL,SOURCE_PLUS_SIMPLE_MASK_CHANGE,0.5222314631181626,0.37219383752967133,
717,OVERALL,FROZEN_FULL_TRANSITION_SAFETTA,0.6630669822788049,0.510301296343249,
717,OVERALL,CHANGE_MAGNITUDE_ONLY,0.5195892777173565,0.37456774997753217,
717,OVERALL,CHANGE_MAGNITUDE_IOU_ONLY,0.5195892777173565,0.37456774997753217,
718,OVERALL,SOURCE_STATE,0.5222876417172317,0.36703169639947775,
718,OVERALL,SOURCE_PLUS_SIMPLE_MASK_CHANGE,0.4810073401873759,0.341943561404795,
718,OVERALL,FROZEN_FULL_TRANSITION_SAFETTA,0.6359855236860584,0.47136927742049584,
718,OVERALL,CHANGE_MAGNITUDE_ONLY,0.5150674901120533,0.3813713285719501,
718,OVERALL,CHANGE_MAGNITUDE_IOU_ONLY,0.5150674901120533,0.3813713285719501,
719,OVERALL,SOURCE_STATE,0.5151106676236659,0.35872986344776997,
719,OVERALL,SOURCE_PLUS_SIMPLE_MASK_CHANGE,0.43908174757394863,0.31145520176768215,
719,OVERALL,FROZEN_FULL_TRANSITION_SAFETTA,0.6192018393058254,0.461056635417762,
719,OVERALL,CHANGE_MAGNITUDE_ONLY,0.5155249782632798,0.3879718350494704,
719,OVERALL,CHANGE_MAGNITUDE_IOU_ONLY,0.5155249782632798,0.3879718350494704,
720,OVERALL,SOURCE_STATE,0.5456784201782915,0.39850834882526165,
720,OVERALL,SOURCE_PLUS_SIMPLE_MASK_CHANGE,0.4911907157397225,0.3647343994893264,
720,OVERALL,FROZEN_FULL_TRANSITION_SAFETTA,0.6640773064414236,0.5160527356483338,
720,OVERALL,CHANGE_MAGNITUDE_ONLY,0.46641533493998455,0.35805471646864245,
720,OVERALL,CHANGE_MAGNITUDE_IOU_ONLY,0.46641533493998455,0.35805471646864245,
721,OVERALL,SOURCE_STATE,0.47819312644267764,0.31997080793921384,
721,OVERALL,SOURCE_PLUS_SIMPLE_MASK_CHANGE,0.47682739163888166,0.3174186321239808,
721,OVERALL,FROZEN_FULL_TRANSITION_SAFETTA,0.6207617337778917,0.4327326083675969,
721,OVERALL,CHANGE_MAGNITUDE_ONLY,0.4886509361374711,0.3466692041679439,
721,OVERALL,CHANGE_MAGNITUDE_IOU_ONLY,0.4886509361374711,0.3466692041679439,
722,OVERALL,SOURCE_STATE,0.5071650636354805,0.3611953660839463,
722,OVERALL,SOURCE_PLUS_SIMPLE_MASK_CHANGE,0.49607743126396575,0.34591486186521647,
722,OVERALL,FROZEN_FULL_TRANSITION_SAFETTA,0.6059275721364034,0.43675346416640554,
722,OVERALL,CHANGE_MAGNITUDE_ONLY,0.5402093655882638,0.3967730902716066,
722,OVERALL,CHANGE_MAGNITUDE_IOU_ONLY,0.5402093655882638,0.3967730902716066,
723,OVERALL,SOURCE_STATE,0.5071406386763418,0.3906713721181385,
723,OVERALL,SOURCE_PLUS_SIMPLE_MASK_CHANGE,0.4786514950447525,0.3756864731727908,
723,OVERALL,FROZEN_FULL_TRANSITION_SAFETTA,0.614896800971285,0.4978139522795507,
723,OVERALL,CHANGE_MAGNITUDE_ONLY,0.4912669057232402,0.4003833884676636,
723,OVERALL,CHANGE_MAGNITUDE_IOU_ONLY,0.4912669057232402,0.4003833884676636,
724,OVERALL,SOURCE_STATE,0.5042679116707341,0.3584679914603666,
724,OVERALL,SOURCE_PLUS_SIMPLE_MASK_CHANGE,0.47616689656798594,0.3447250691513789,
724,OVERALL,FROZEN_FULL_TRANSITION_SAFETTA,0.6223133967625178,0.4550863840946115,
724,OVERALL,CHANGE_MAGNITUDE_ONLY,0.5135111236869098,0.37419970839246797,
724,OVERALL,CHANGE_MAGNITUDE_IOU_ONLY,0.5135111236869098,0.37419970839246797,
725,OVERALL,SOURCE_STATE,0.5570883383383384,0.3726863354692823,
725,OVERALL,SOURCE_PLUS_SIMPLE_MASK_CHANGE,0.4898648648648648,0.334497927138509,
725,OVERALL,FROZEN_FULL_TRANSITION_SAFETTA,0.6570007507507508,0.4754339872511258,
725,OVERALL,CHANGE_MAGNITUDE_ONLY,0.4796358858858859,0.33983259630698315,
725,OVERALL,CHANGE_MAGNITUDE_IOU_ONLY,0.4796358858858859,0.33983259630698315,
726,OVERALL,SOURCE_STATE,0.525137376487195,0.370371972618768,
726,OVERALL,SOURCE_PLUS_SIMPLE_MASK_CHANGE,0.473255696713047,0.34147784393110425,
726,OVERALL,FROZEN_FULL_TRANSITION_SAFETTA,0.6397774248840492,0.4702765478899564,
726,OVERALL,CHANGE_MAGNITUDE_ONLY,0.5062890703770921,0.37076123026162705,
726,OVERALL,CHANGE_MAGNITUDE_IOU_ONLY,0.5062890703770921,0.37076123026162705,
727,OVERALL,SOURCE_STATE,0.5190934433115668,0.3784114059493737,
727,OVERALL,SOURCE_PLUS_SIMPLE_MASK_CHANGE,0.5390715494965695,0.4013953528988612,
727,OVERALL,FROZEN_FULL_TRANSITION_SAFETTA,0.6470895227912069,0.5096754232254735,
727,OVERALL,CHANGE_MAGNITUDE_ONLY,0.5373404106363208,0.3942970680132237,
727,OVERALL,CHANGE_MAGNITUDE_IOU_ONLY,0.5373404106363208,0.3942970680132237,
728,OVERALL,SOURCE_STATE,0.5236694862983523,0.3626143097610651,
728,OVERALL,SOURCE_PLUS_SIMPLE_MASK_CHANGE,0.5057604194202132,0.37742559691874283,
728,OVERALL,FROZEN_FULL_TRANSITION_SAFETTA,0.6276103621464446,0.4537976978001252,
728,OVERALL,CHANGE_MAGNITUDE_ONLY,0.4943166798836902,0.3585385383626232,
728,OVERALL,CHANGE_MAGNITUDE_IOU_ONLY,0.4943166798836902,0.3585385383626232,
729,OVERALL,SOURCE_STATE,0.5257227575982208,0.3646147356715012,
729,OVERALL,SOURCE_PLUS_SIMPLE_MASK_CHANGE,0.49393377810723993,0.34215356410590436,
729,OVERALL,FROZEN_FULL_TRANSITION_SAFETTA,0.6599271064986411,0.5002910255412378,
729,OVERALL,CHANGE_MAGNITUDE_ONLY,0.5096398566839634,0.3566589126695817,
729,OVERALL,CHANGE_MAGNITUDE_IOU_ONLY,0.5096398566839634,0.3566589126695817,
730,OVERALL,SOURCE_STATE,0.5089825114381181,0.3155348339647298,
730,OVERALL,SOURCE_PLUS_SIMPLE_MASK_CHANGE,0.46495873725619563,0.3045822532364625,
730,OVERALL,FROZEN_FULL_TRANSITION_SAFETTA,0.6409805322924493,0.4340296763238952,
730,OVERALL,CHANGE_MAGNITUDE_ONLY,0.49479252567086324,0.3422130028761028,
730,OVERALL,CHANGE_MAGNITUDE_IOU_ONLY,0.49479252567086324,0.3422130028761028,
731,OVERALL,SOURCE_STATE,0.5491203982765165,0.39096057208582596,
731,OVERALL,SOURCE_PLUS_SIMPLE_MASK_CHANGE,0.4600383988569643,0.3371127520946731,
731,OVERALL,FROZEN_FULL_TRANSITION_SAFETTA,0.6577757685352623,0.5094216443598065,
731,OVERALL,CHANGE_MAGNITUDE_ONLY,0.4827986515750229,0.3837382170513576,
731,OVERALL,CHANGE_MAGNITUDE_IOU_ONLY,0.4827986515750229,0.3837382170513576,
732,OVERALL,SOURCE_STATE,0.5096144380639869,0.35775332024576395,
732,OVERALL,SOURCE_PLUS_SIMPLE_MASK_CHANGE,0.4647908121410992,0.3533928472475322,
732,OVERALL,FROZEN_FULL_TRANSITION_SAFETTA,0.5990976210008203,0.4533500846701969,
732,OVERALL,CHANGE_MAGNITUDE_ONLY,0.4654634946677605,0.3565665835440385,
732,OVERALL,CHANGE_MAGNITUDE_IOU_ONLY,0.4654634946677605,0.3565665835440385,
733,OVERALL,SOURCE_STATE,0.501401011704027,0.3349424934050359,
733,OVERALL,SOURCE_PLUS_SIMPLE_MASK_CHANGE,0.46860121999603255,0.33142890569635597,
733,OVERALL,FROZEN_FULL_TRANSITION_SAFETTA,0.626401011704027,0.45780085774734774,
733,OVERALL,CHANGE_MAGNITUDE_ONLY,0.5334259075580242,0.39222152253241305,
733,OVERALL,CHANGE_MAGNITUDE_IOU_ONLY,0.5334259075580242,0.39222152253241305,
734,OVERALL,SOURCE_STATE,0.5018586216658666,0.37345389364319637,
734,OVERALL,SOURCE_PLUS_SIMPLE_MASK_CHANGE,0.4565008677670692,0.3491087366324808,
734,OVERALL,FROZEN_FULL_TRANSITION_SAFETTA,0.6199241780830349,0.4839208738496412,
734,OVERALL,CHANGE_MAGNITUDE_ONLY,0.49805213987666624,0.39421545950382963,
734,OVERALL,CHANGE_MAGNITUDE_IOU_ONLY,0.49805213987666624,0.39421545950382963,
735,OVERALL,SOURCE_STATE,0.5192729419703104,0.39229755394054955,
735,OVERALL,SOURCE_PLUS_SIMPLE_MASK_CHANGE,0.5068078850973587,0.41173619903644143,
735,OVERALL,FROZEN_FULL_TRANSITION_SAFETTA,0.6570994794679006,0.5294805222545995,
735,OVERALL,CHANGE_MAGNITUDE_ONLY,0.5111034798534799,0.3921197444350044,
735,OVERALL,CHANGE_MAGNITUDE_IOU_ONLY,0.5111034798534799,0.3921197444350044,
736,OVERALL,SOURCE_STATE,0.5328610519914868,0.38629794252492194,
736,OVERALL,SOURCE_PLUS_SIMPLE_MASK_CHANGE,0.4739495287321374,0.3477526348540404,
736,OVERALL,FROZEN_FULL_TRANSITION_SAFETTA,0.6370750988142292,0.4736124334162094,
736,OVERALL,CHANGE_MAGNITUDE_ONLY,0.46931286105199144,0.3530194163101186,
736,OVERALL,CHANGE_MAGNITUDE_IOU_ONLY,0.46931286105199144,0.3530194163101186,
737,OVERALL,SOURCE_STATE,0.5126438003448847,0.3864559143797065,
737,OVERALL,SOURCE_PLUS_SIMPLE_MASK_CHANGE,0.4669997401554343,0.3617932701857575,
737,OVERALL,FROZEN_FULL_TRANSITION_SAFETTA,0.6337195568469043,0.49920178833106105,
737,OVERALL,CHANGE_MAGNITUDE_ONLY,0.4965334372711596,0.38714018905954617,
737,OVERALL,CHANGE_MAGNITUDE_IOU_ONLY,0.4965334372711596,0.38714018905954617,
738,OVERALL,SOURCE_STATE,0.545941958582969,0.3774777497446754,
738,OVERALL,SOURCE_PLUS_SIMPLE_MASK_CHANGE,0.5240100034184343,0.3763753562887454,
738,OVERALL,FROZEN_FULL_TRANSITION_SAFETTA,0.6392232357580229,0.4777546919113006,
738,OVERALL,CHANGE_MAGNITUDE_ONLY,0.5212872504392988,0.36429427603820846,
738,OVERALL,CHANGE_MAGNITUDE_IOU_ONLY,0.5212872504392988,0.36429427603820846,
739,OVERALL,SOURCE_STATE,0.5034306657053592,0.3376860681608199,
739,OVERALL,SOURCE_PLUS_SIMPLE_MASK_CHANGE,0.4586397500600817,0.3117282503233697,
739,OVERALL,FROZEN_FULL_TRANSITION_SAFETTA,0.6240867579908675,0.44704724002567753,
739,OVERALL,CHANGE_MAGNITUDE_ONLY,0.4438236000961307,0.32471671759134707,
739,OVERALL,CHANGE_MAGNITUDE_IOU_ONLY,0.4438236000961307,0.32471671759134707,
740,OVERALL,SOURCE_STATE,0.5564437672156127,0.393910127020812,
740,OVERALL,SOURCE_PLUS_SIMPLE_MASK_CHANGE,0.48947430111938106,0.3405667741417861,
740,OVERALL,FROZEN_FULL_TRANSITION_SAFETTA,0.657481099454961,0.48942337799649854,
740,OVERALL,CHANGE_MAGNITUDE_ONLY,0.4902361835550606,0.35697748822424447,
740,OVERALL,CHANGE_MAGNITUDE_IOU_ONLY,0.4902361835550606,0.35697748822424447,
741,OVERALL,SOURCE_STATE,0.5414179104477612,0.4039339372955878,
741,OVERALL,SOURCE_PLUS_SIMPLE_MASK_CHANGE,0.447908000978713,0.331728919422666,
741,OVERALL,FROZEN_FULL_TRANSITION_SAFETTA,0.6265842916564718,0.4813557690463926,
741,OVERALL,CHANGE_MAGNITUDE_ONLY,0.49037191093711774,0.3976260655005722,
741,OVERALL,CHANGE_MAGNITUDE_IOU_ONLY,0.49037191093711774,0.3976260655005722,
742,OVERALL,SOURCE_STATE,0.5450786207540127,0.3792806084163143,
742,OVERALL,SOURCE_PLUS_SIMPLE_MASK_CHANGE,0.5178179824561403,0.3747322857767786,
742,OVERALL,FROZEN_FULL_TRANSITION_SAFETTA,0.667803984695782,0.5140696820549324,
742,OVERALL,CHANGE_MAGNITUDE_ONLY,0.4987576987681971,0.35767186605221013,
742,OVERALL,CHANGE_MAGNITUDE_IOU_ONLY,0.4987576987681971,0.35767186605221013,
743,OVERALL,SOURCE_STATE,0.5012004801920769,0.3168103974792828,
743,OVERALL,SOURCE_PLUS_SIMPLE_MASK_CHANGE,0.46128451380552227,0.3117142775033959,
743,OVERALL,FROZEN_FULL_TRANSITION_SAFETTA,0.6245748299319729,0.45038573062621773,
743,OVERALL,CHANGE_MAGNITUDE_ONLY,0.5038859293717486,0.3508533128347616,
743,OVERALL,CHANGE_MAGNITUDE_IOU_ONLY,0.5038859293717486,0.3508533128347616,
744,OVERALL,SOURCE_STATE,0.5288984255321503,0.36181417977353153,
744,OVERALL,SOURCE_PLUS_SIMPLE_MASK_CHANGE,0.47640510333309366,0.33730258384162554,
744,OVERALL,FROZEN_FULL_TRANSITION_SAFETTA,0.66388125404401,0.48914160874412826,
744,OVERALL,CHANGE_MAGNITUDE_ONLY,0.4944835557423558,0.3609320758134964,
744,OVERALL,CHANGE_MAGNITUDE_IOU_ONLY,0.4944835557423558,0.3609320758134964,
745,OVERALL,SOURCE_STATE,0.5254718056046968,0.3486252767276446,
745,OVERALL,SOURCE_PLUS_SIMPLE_MASK_CHANGE,0.4845070253608631,0.34563052547734124,
745,OVERALL,FROZEN_FULL_TRANSITION_SAFETTA,0.6462792273602275,0.4674094342799834,
745,OVERALL,CHANGE_MAGNITUDE_ONLY,0.508770456903324,0.3640731863576345,
745,OVERALL,CHANGE_MAGNITUDE_IOU_ONLY,0.508770456903324,0.3640731863576345,
746,OVERALL,SOURCE_STATE,0.5150213396628,0.40179428924082755,
746,OVERALL,SOURCE_PLUS_SIMPLE_MASK_CHANGE,0.48123446884854965,0.39291063079982286,
746,OVERALL,FROZEN_FULL_TRANSITION_SAFETTA,0.6122087386754922,0.4984158517917628,
746,OVERALL,CHANGE_MAGNITUDE_ONLY,0.5345836258482934,0.4405261917729775,
746,OVERALL,CHANGE_MAGNITUDE_IOU_ONLY,0.5345836258482934,0.4405261917729775,
747,OVERALL,SOURCE_STATE,0.5314589091252687,0.39197760950356625,
747,OVERALL,SOURCE_PLUS_SIMPLE_MASK_CHANGE,0.4795549571256467,0.3578768325558097,
747,OVERALL,FROZEN_FULL_TRANSITION_SAFETTA,0.6210285120355279,0.4621487728582465,
747,OVERALL,CHANGE_MAGNITUDE_ONLY,0.5156615406420523,0.3958051121955624,
747,OVERALL,CHANGE_MAGNITUDE_IOU_ONLY,0.5156615406420523,0.3958051121955624,
748,OVERALL,SOURCE_STATE,0.507624633431085,0.35651936257181316,
748,OVERALL,SOURCE_PLUS_SIMPLE_MASK_CHANGE,0.46128468305887654,0.3357787887575995,
748,OVERALL,FROZEN_FULL_TRANSITION_SAFETTA,0.589251071509136,0.41737671438359925,
748,OVERALL,CHANGE_MAGNITUDE_ONLY,0.49704771035416195,0.3846575519232699,
748,OVERALL,CHANGE_MAGNITUDE_IOU_ONLY,0.49704771035416195,0.3846575519232699,
749,OVERALL,SOURCE_STATE,0.5550377680311891,0.4298305435274502,
749,OVERALL,SOURCE_PLUS_SIMPLE_MASK_CHANGE,0.4945480019493177,0.4040680758006115,
749,OVERALL,FROZEN_FULL_TRANSITION_SAFETTA,0.6628898635477583,0.5263563147174051,
749,OVERALL,CHANGE_MAGNITUDE_ONLY,0.5194809941520467,0.4146124602182263,
749,OVERALL,CHANGE_MAGNITUDE_IOU_ONLY,0.5194809941520467,0.4146124602182263,
750,OVERALL,SOURCE_STATE,0.5467449061969082,0.37623752020384593,
750,OVERALL,SOURCE_PLUS_SIMPLE_MASK_CHANGE,0.5276770330027833,0.3661849712443056,
750,OVERALL,FROZEN_FULL_TRANSITION_SAFETTA,0.6913474630390515,0.5285323889800948,
750,OVERALL,CHANGE_MAGNITUDE_ONLY,0.479516344751967,0.33673806042961085,
750,OVERALL,CHANGE_MAGNITUDE_IOU_ONLY,0.479516344751967,0.33673806042961085,
751,OVERALL,SOURCE_STATE,0.5035569105691058,0.39216410002783775,
751,OVERALL,SOURCE_PLUS_SIMPLE_MASK_CHANGE,0.4455882352941176,0.3618985374987143,
751,OVERALL,FROZEN_FULL_TRANSITION_SAFETTA,0.638235294117647,0.530735514152997,
751,OVERALL,CHANGE_MAGNITUDE_ONLY,0.49186394069823053,0.41474086266332827,
751,OVERALL,CHANGE_MAGNITUDE_IOU_ONLY,0.49186394069823053,0.41474086266332827,
752,OVERALL,SOURCE_STATE,0.5023312290380955,0.32904683656055755,
752,OVERALL,SOURCE_PLUS_SIMPLE_MASK_CHANGE,0.4642770832228137,0.3085442350289468,
752,OVERALL,FROZEN_FULL_TRANSITION_SAFETTA,0.6609491137793024,0.4672466048636392,
752,OVERALL,CHANGE_MAGNITUDE_ONLY,0.4604486805420476,0.3270625437722195,
752,OVERALL,CHANGE_MAGNITUDE_IOU_ONLY,0.4604486805420476,0.3270625437722195,
753,OVERALL,SOURCE_STATE,0.4965137706061059,0.3355837819614188,
753,OVERALL,SOURCE_PLUS_SIMPLE_MASK_CHANGE,0.44068429702674433,0.32160793578810853,
753,OVERALL,FROZEN_FULL_TRANSITION_SAFETTA,0.6386585487325066,0.4632017828277821,
753,OVERALL,CHANGE_MAGNITUDE_ONLY,0.49165795109318194,0.3818004217885793,
753,OVERALL,CHANGE_MAGNITUDE_IOU_ONLY,0.49165795109318194,0.3818004217885793,
754,OVERALL,SOURCE_STATE,0.5420361357423829,0.34726445748859835,
754,OVERALL,SOURCE_PLUS_SIMPLE_MASK_CHANGE,0.4729103152331367,0.30683913690680703,
754,OVERALL,FROZEN_FULL_TRANSITION_SAFETTA,0.6845547278909503,0.48931154937420335,
754,OVERALL,CHANGE_MAGNITUDE_ONLY,0.44994211735327805,0.3128157962028605,
754,OVERALL,CHANGE_MAGNITUDE_IOU_ONLY,0.44994211735327805,0.3128157962028605,
755,OVERALL,SOURCE_STATE,0.5691597302387751,0.4068046526654271,
755,OVERALL,SOURCE_PLUS_SIMPLE_MASK_CHANGE,0.48018713166048965,0.34528594920221395,
755,OVERALL,FROZEN_FULL_TRANSITION_SAFETTA,0.6293091925390363,0.43869872042214536,
755,OVERALL,CHANGE_MAGNITUDE_ONLY,0.4727383194604775,0.35843513076209765,
755,OVERALL,CHANGE_MAGNITUDE_IOU_ONLY,0.4727383194604775,0.35843513076209765,
756,OVERALL,SOURCE_STATE,0.5087526641751832,0.3551881702257633,
756,OVERALL,SOURCE_PLUS_SIMPLE_MASK_CHANGE,0.4869846555317428,0.34826556145372667,
756,OVERALL,FROZEN_FULL_TRANSITION_SAFETTA,0.6416337519261766,0.4728332451658721,
756,OVERALL,CHANGE_MAGNITUDE_ONLY,0.470087438081912,0.3519889152271878,
756,OVERALL,CHANGE_MAGNITUDE_IOU_ONLY,0.470087438081912,0.3519889152271878,
757,OVERALL,SOURCE_STATE,0.522098840756559,0.3637083097840337,
757,OVERALL,SOURCE_PLUS_SIMPLE_MASK_CHANGE,0.48600976205003055,0.33441122523704814,
757,OVERALL,FROZEN_FULL_TRANSITION_SAFETTA,0.6481757169005491,0.49173959598859573,
757,OVERALL,CHANGE_MAGNITUDE_ONLY,0.47942037827943873,0.35463357558910047,
757,OVERALL,CHANGE_MAGNITUDE_IOU_ONLY,0.47942037827943873,0.35463357558910047,
758,OVERALL,SOURCE_STATE,0.5551669675090253,0.4044635494209702,
758,OVERALL,SOURCE_PLUS_SIMPLE_MASK_CHANGE,0.5014835288808663,0.3761017383101414,
758,OVERALL,FROZEN_FULL_TRANSITION_SAFETTA,0.6605087996389891,0.5041025202816345,
758,OVERALL,CHANGE_MAGNITUDE_ONLY,0.5178136281588448,0.39217779393056795,
758,OVERALL,CHANGE_MAGNITUDE_IOU_ONLY,0.5178136281588448,0.39217779393056795,
759,OVERALL,SOURCE_STATE,0.5523506143452235,0.3680853460849375,
759,OVERALL,SOURCE_PLUS_SIMPLE_MASK_CHANGE,0.49508757190697894,0.3446249387137002,
759,OVERALL,FROZEN_FULL_TRANSITION_SAFETTA,0.6583353753165074,0.49117855980140546,
759,OVERALL,CHANGE_MAGNITUDE_ONLY,0.506408910047724,0.3578529830969839,
759,OVERALL,CHANGE_MAGNITUDE_IOU_ONLY,0.506408910047724,0.3578529830969839,
760,OVERALL,SOURCE_STATE,0.5295117291629643,0.38668420567482437,
760,OVERALL,SOURCE_PLUS_SIMPLE_MASK_CHANGE,0.5152890083525857,0.3906560375691256,
760,OVERALL,FROZEN_FULL_TRANSITION_SAFETTA,0.6630586902434689,0.5224887877610229,
760,OVERALL,CHANGE_MAGNITUDE_ONLY,0.4798988137551093,0.370235758307056,
760,OVERALL,CHANGE_MAGNITUDE_IOU_ONLY,0.4798988137551093,0.370235758307056,
761,OVERALL,SOURCE_STATE,0.5259685052001176,0.39490211219942395,
761,OVERALL,SOURCE_PLUS_SIMPLE_MASK_CHANGE,0.4882602999759378,0.4019010424414819,
761,OVERALL,FROZEN_FULL_TRANSITION_SAFETTA,0.5987273748095072,0.4695618889123072,
761,OVERALL,CHANGE_MAGNITUDE_ONLY,0.5080982808865598,0.4036211191920397,
761,OVERALL,CHANGE_MAGNITUDE_IOU_ONLY,0.5080982808865598,0.4036211191920397,
762,OVERALL,SOURCE_STATE,0.5089090018307935,0.3425168024825167,
762,OVERALL,SOURCE_PLUS_SIMPLE_MASK_CHANGE,0.4749877517340966,0.33147066235474887,
762,OVERALL,FROZEN_FULL_TRANSITION_SAFETTA,0.637773652046105,0.4441048716323204,
762,OVERALL,CHANGE_MAGNITUDE_ONLY,0.4895019468296331,0.35642882130045633,
762,OVERALL,CHANGE_MAGNITUDE_IOU_ONLY,0.4895019468296331,0.35642882130045633,
763,OVERALL,SOURCE_STATE,0.5246514182026549,0.36032544829876845,
763,OVERALL,SOURCE_PLUS_SIMPLE_MASK_CHANGE,0.47915074968961896,0.3445206536076311,
763,OVERALL,FROZEN_FULL_TRANSITION_SAFETTA,0.6535610256900011,0.49106457191024255,
763,OVERALL,CHANGE_MAGNITUDE_ONLY,0.50158771846051,0.36414040298918204,
763,OVERALL,CHANGE_MAGNITUDE_IOU_ONLY,0.50158771846051,0.36414040298918204,
764,OVERALL,SOURCE_STATE,0.5253603357051633,0.35833212585511554,
764,OVERALL,SOURCE_PLUS_SIMPLE_MASK_CHANGE,0.4659247096028706,0.3277660009201001,
764,OVERALL,FROZEN_FULL_TRANSITION_SAFETTA,0.6533661740558292,0.4869377406710752,
764,OVERALL,CHANGE_MAGNITUDE_ONLY,0.5004196314541143,0.360144654710988,
764,OVERALL,CHANGE_MAGNITUDE_IOU_ONLY,0.5004196314541143,0.360144654710988,
765,OVERALL,SOURCE_STATE,0.504681647940075,0.36894389197925315,
765,OVERALL,SOURCE_PLUS_SIMPLE_MASK_CHANGE,0.4679122314212497,0.35662491934214247,
765,OVERALL,FROZEN_FULL_TRANSITION_SAFETTA,0.616006307904593,0.4750619485325352,
765,OVERALL,CHANGE_MAGNITUDE_ONLY,0.5308865562783363,0.42887157597626174,
765,OVERALL,CHANGE_MAGNITUDE_IOU_ONLY,0.5308865562783363,0.42887157597626174,
766,OVERALL,SOURCE_STATE,0.5034416802709486,0.38046977671478865,
766,OVERALL,SOURCE_PLUS_SIMPLE_MASK_CHANGE,0.46490704417533685,0.3685687239671225,
766,OVERALL,FROZEN_FULL_TRANSITION_SAFETTA,0.6277685728905241,0.49520352959347813,
766,OVERALL,CHANGE_MAGNITUDE_ONLY,0.5237902341560878,0.41068398065186124,
766,OVERALL,CHANGE_MAGNITUDE_IOU_ONLY,0.5237902341560878,0.41068398065186124,
767,OVERALL,SOURCE_STATE,0.547726888625993,0.374561710536504,
767,OVERALL,SOURCE_PLUS_SIMPLE_MASK_CHANGE,0.5176666103318123,0.37909919672336645,
767,OVERALL,FROZEN_FULL_TRANSITION_SAFETTA,0.6623401498507125,0.4877324429431196,
767,OVERALL,CHANGE_MAGNITUDE_ONLY,0.4944566503295589,0.3518572536455341,
767,OVERALL,CHANGE_MAGNITUDE_IOU_ONLY,0.4944566503295589,0.3518572536455341,
768,OVERALL,SOURCE_STATE,0.5193564957504436,0.41285662173562665,
768,OVERALL,SOURCE_PLUS_SIMPLE_MASK_CHANGE,0.4788222658074157,0.3815856621231325,
768,OVERALL,FROZEN_FULL_TRANSITION_SAFETTA,0.6383674231810964,0.49766527042333125,
768,OVERALL,CHANGE_MAGNITUDE_ONLY,0.4976300551041375,0.41305692304482255,
768,OVERALL,CHANGE_MAGNITUDE_IOU_ONLY,0.4976300551041375,0.41305692304482255,
769,OVERALL,SOURCE_STATE,0.5298389110889111,0.35216161470229956,
769,OVERALL,SOURCE_PLUS_SIMPLE_MASK_CHANGE,0.4929133366633366,0.3253875968567501,
769,OVERALL,FROZEN_FULL_TRANSITION_SAFETTA,0.6324238261738262,0.4258707191187411,
769,OVERALL,CHANGE_MAGNITUDE_ONLY,0.4978552697302697,0.3421065623699308,
769,OVERALL,CHANGE_MAGNITUDE_IOU_ONLY,0.4978552697302697,0.3421065623699308,
770,OVERALL,SOURCE_STATE,0.5342312008978676,0.39780953099399174,
770,OVERALL,SOURCE_PLUS_SIMPLE_MASK_CHANGE,0.49005887553373584,0.36019098313703074,
770,OVERALL,FROZEN_FULL_TRANSITION_SAFETTA,0.6427026315294472,0.4873252901152725,
770,OVERALL,CHANGE_MAGNITUDE_ONLY,0.48540024703898077,0.365471450948739,
770,OVERALL,CHANGE_MAGNITUDE_IOU_ONLY,0.48540024703898077,0.365471450948739,
771,OVERALL,SOURCE_STATE,0.5659066510515786,0.40708718654147197,
771,OVERALL,SOURCE_PLUS_SIMPLE_MASK_CHANGE,0.4905089542770702,0.3491726038372249,
771,OVERALL,FROZEN_FULL_TRANSITION_SAFETTA,0.6404808959156785,0.4819177062815493,
771,OVERALL,CHANGE_MAGNITUDE_ONLY,0.5035896403650026,0.37092294057612424,
771,OVERALL,CHANGE_MAGNITUDE_IOU_ONLY,0.5035896403650026,0.37092294057612424,
772,OVERALL,SOURCE_STATE,0.5195743504698729,0.4080488184407301,
772,OVERALL,SOURCE_PLUS_SIMPLE_MASK_CHANGE,0.4829574350469873,0.3906409190053598,
772,OVERALL,FROZEN_FULL_TRANSITION_SAFETTA,0.6286677722498617,0.49178358404115663,
772,OVERALL,CHANGE_MAGNITUDE_ONLY,0.5117523493642897,0.416210329541935,
772,OVERALL,CHANGE_MAGNITUDE_IOU_ONLY,0.5117523493642897,0.416210329541935,
773,OVERALL,SOURCE_STATE,0.5295171042597233,0.36388189197307563,
773,OVERALL,SOURCE_PLUS_SIMPLE_MASK_CHANGE,0.4858031920688528,0.3319246789309215,
773,OVERALL,FROZEN_FULL_TRANSITION_SAFETTA,0.6390061553546139,0.44933306745963514,
773,OVERALL,CHANGE_MAGNITUDE_ONLY,0.48024362675672727,0.34146788416321194,
773,OVERALL,CHANGE_MAGNITUDE_IOU_ONLY,0.48024362675672727,0.34146788416321194,
774,OVERALL,SOURCE_STATE,0.5402303652423013,0.3577078427034465,
774,OVERALL,SOURCE_PLUS_SIMPLE_MASK_CHANGE,0.4820422535211268,0.311072494886617,
774,OVERALL,FROZEN_FULL_TRANSITION_SAFETTA,0.6673549773215566,0.46613114885885987,
774,OVERALL,CHANGE_MAGNITUDE_ONLY,0.4885593220338983,0.34071299045352965,
774,OVERALL,CHANGE_MAGNITUDE_IOU_ONLY,0.4885593220338983,0.34071299045352965,
775,OVERALL,SOURCE_STATE,0.5247858723624712,0.37392693318097336,
775,OVERALL,SOURCE_PLUS_SIMPLE_MASK_CHANGE,0.45913695721952236,0.33319365985211996,
775,OVERALL,FROZEN_FULL_TRANSITION_SAFETTA,0.6773810261232902,0.5176503927558262,
775,OVERALL,CHANGE_MAGNITUDE_ONLY,0.4690422961915971,0.35765110382698795,
775,OVERALL,CHANGE_MAGNITUDE_IOU_ONLY,0.4690422961915971,0.35765110382698795,
776,OVERALL,SOURCE_STATE,0.5167255424987384,0.34828858490216574,
776,OVERALL,SOURCE_PLUS_SIMPLE_MASK_CHANGE,0.4789368706894479,0.3217417451786791,
776,OVERALL,FROZEN_FULL_TRANSITION_SAFETTA,0.630470045418499,0.44861265604215905,
776,OVERALL,CHANGE_MAGNITUDE_ONLY,0.4852660226371567,0.3402902185145461,
776,OVERALL,CHANGE_MAGNITUDE_IOU_ONLY,0.4852660226371567,0.3402902185145461,
777,OVERALL,SOURCE_STATE,0.4704188415980727,0.30987192232276195,
777,OVERALL,SOURCE_PLUS_SIMPLE_MASK_CHANGE,0.4569677273639831,0.3046372086932869,
777,OVERALL,FROZEN_FULL_TRANSITION_SAFETTA,0.6009649166833968,0.4309674986998654,
777,OVERALL,CHANGE_MAGNITUDE_ONLY,0.5322726360168641,0.37989992965404085,
777,OVERALL,CHANGE_MAGNITUDE_IOU_ONLY,0.5322726360168641,0.37989992965404085,
778,OVERALL,SOURCE_STATE,0.4968330088219033,0.3228844064935641,
778,OVERALL,SOURCE_PLUS_SIMPLE_MASK_CHANGE,0.49794476094324647,0.3524535931097579,
778,OVERALL,FROZEN_FULL_TRANSITION_SAFETTA,0.6470577630345424,0.4789896503846405,
778,OVERALL,CHANGE_MAGNITUDE_ONLY,0.4947026513785726,0.340196937656027,
778,OVERALL,CHANGE_MAGNITUDE_IOU_ONLY,0.4947026513785726,0.340196937656027,
779,OVERALL,SOURCE_STATE,0.5214526936796311,0.3451621028045882,
779,OVERALL,SOURCE_PLUS_SIMPLE_MASK_CHANGE,0.48563984164950413,0.3377624123409044,
779,OVERALL,FROZEN_FULL_TRANSITION_SAFETTA,0.6506674105420597,0.48406738123232274,
779,OVERALL,CHANGE_MAGNITUDE_ONLY,0.515743054360277,0.3692912192639386,
779,OVERALL,CHANGE_MAGNITUDE_IOU_ONLY,0.515743054360277,0.3692912192639386,
780,OVERALL,SOURCE_STATE,0.4829758286293241,0.3758291688113747,
780,OVERALL,SOURCE_PLUS_SIMPLE_MASK_CHANGE,0.4532117527862209,0.3601176727138971,
780,OVERALL,FROZEN_FULL_TRANSITION_SAFETTA,0.6110406715877841,0.4949040508344383,
780,OVERALL,CHANGE_MAGNITUDE_ONLY,0.5001331596468375,0.41408970103305115,
780,OVERALL,CHANGE_MAGNITUDE_IOU_ONLY,0.5001331596468375,0.41408970103305115,
781,OVERALL,SOURCE_STATE,0.5104717443450002,0.3584793591759577,
781,OVERALL,SOURCE_PLUS_SIMPLE_MASK_CHANGE,0.4702999664697841,0.3329900033479681,
781,OVERALL,FROZEN_FULL_TRANSITION_SAFETTA,0.6161821980346135,0.4333984933317578,
781,OVERALL,CHANGE_MAGNITUDE_ONLY,0.5107425653194397,0.3793074559996202,
781,OVERALL,CHANGE_MAGNITUDE_IOU_ONLY,0.5107425653194397,0.3793074559996202,
782,OVERALL,SOURCE_STATE,0.5429745321513999,0.3872765423704582,
782,OVERALL,SOURCE_PLUS_SIMPLE_MASK_CHANGE,0.4649894470240608,0.33666757551134985,
782,OVERALL,FROZEN_FULL_TRANSITION_SAFETTA,0.6271450682425778,0.4614271075515257,
782,OVERALL,CHANGE_MAGNITUDE_ONLY,0.4936119318981286,0.37431708163769783,
782,OVERALL,CHANGE_MAGNITUDE_IOU_ONLY,0.4936119318981286,0.37431708163769783,
783,OVERALL,SOURCE_STATE,0.5368589639255463,0.3613876379203137,
783,OVERALL,SOURCE_PLUS_SIMPLE_MASK_CHANGE,0.4861359774477698,0.3159439066928825,
783,OVERALL,FROZEN_FULL_TRANSITION_SAFETTA,0.5953684594300743,0.4051727087183719,
783,OVERALL,CHANGE_MAGNITUDE_ONLY,0.5218165482848195,0.36263172595968024,
783,OVERALL,CHANGE_MAGNITUDE_IOU_ONLY,0.5218165482848195,0.36263172595968024,
784,OVERALL,SOURCE_STATE,0.5547009888557526,0.418469273073966,
784,OVERALL,SOURCE_PLUS_SIMPLE_MASK_CHANGE,0.523196627575846,0.3838823685244131,
784,OVERALL,FROZEN_FULL_TRANSITION_SAFETTA,0.6621185281521178,0.5259081495519997,
784,OVERALL,CHANGE_MAGNITUDE_ONLY,0.503929636522636,0.3730348996270654,
784,OVERALL,CHANGE_MAGNITUDE_IOU_ONLY,0.503929636522636,0.3730348996270654,
785,OVERALL,SOURCE_STATE,0.5557562467539963,0.3992994575184301,
785,OVERALL,SOURCE_PLUS_SIMPLE_MASK_CHANGE,0.46498932425414047,0.3407957627413737,
785,OVERALL,FROZEN_FULL_TRANSITION_SAFETTA,0.6570835016446418,0.4911556056947049,
785,OVERALL,CHANGE_MAGNITUDE_ONLY,0.4423250043280051,0.33626103404489804,
785,OVERALL,CHANGE_MAGNITUDE_IOU_ONLY,0.4423250043280051,0.33626103404489804,
786,OVERALL,SOURCE_STATE,0.5505216622458001,0.37338576280748825,
786,OVERALL,SOURCE_PLUS_SIMPLE_MASK_CHANGE,0.5193692897141173,0.3519121966208053,
786,OVERALL,FROZEN_FULL_TRANSITION_SAFETTA,0.6650338933097554,0.47702950883717593,
786,OVERALL,CHANGE_MAGNITUDE_ONLY,0.5110934276451518,0.3470490817121946,
786,OVERALL,CHANGE_MAGNITUDE_IOU_ONLY,0.5110934276451518,0.3470490817121946,
787,OVERALL,SOURCE_STATE,0.49080050031269545,0.3681753660678627,
787,OVERALL,SOURCE_PLUS_SIMPLE_MASK_CHANGE,0.4588242651657286,0.3692096878968629,
787,OVERALL,FROZEN_FULL_TRANSITION_SAFETTA,0.621863664790494,0.5002149793927055,
787,OVERALL,CHANGE_MAGNITUDE_ONLY,0.48663539712320203,0.3802970807163036,
787,OVERALL,CHANGE_MAGNITUDE_IOU_ONLY,0.48663539712320203,0.3802970807163036,
788,OVERALL,SOURCE_STATE,0.5264618131681849,0.3478867289140091,
788,OVERALL,SOURCE_PLUS_SIMPLE_MASK_CHANGE,0.47276405307054226,0.33586165709842336,
788,OVERALL,FROZEN_FULL_TRANSITION_SAFETTA,0.6538435458716634,0.4785594927584127,
788,OVERALL,CHANGE_MAGNITUDE_ONLY,0.49142237190063964,0.35223591100162543,
788,OVERALL,CHANGE_MAGNITUDE_IOU_ONLY,0.49142237190063964,0.35223591100162543,
789,OVERALL,SOURCE_STATE,0.4906550949716418,0.3276460940414885,
789,OVERALL,SOURCE_PLUS_SIMPLE_MASK_CHANGE,0.4355245961960591,0.30189351365353406,
789,OVERALL,FROZEN_FULL_TRANSITION_SAFETTA,0.5850938296981463,0.40001480372006193,
789,OVERALL,CHANGE_MAGNITUDE_ONLY,0.49511819116135664,0.36497293204653675,
789,OVERALL,CHANGE_MAGNITUDE_IOU_ONLY,0.49511819116135664,0.36497293204653675,
790,OVERALL,SOURCE_STATE,0.48051199467563577,0.38266425351694844,
790,OVERALL,SOURCE_PLUS_SIMPLE_MASK_CHANGE,0.4578180802576612,0.3614113311376061,
790,OVERALL,FROZEN_FULL_TRANSITION_SAFETTA,0.6188444465572874,0.494910552395042,
790,OVERALL,CHANGE_MAGNITUDE_ONLY,0.5491463784220628,0.4541794719064465,
790,OVERALL,CHANGE_MAGNITUDE_IOU_ONLY,0.5491463784220628,0.4541794719064465,
791,OVERALL,SOURCE_STATE,0.5252095052232809,0.40992226977126467,
791,OVERALL,SOURCE_PLUS_SIMPLE_MASK_CHANGE,0.49904144185512567,0.3702143310615647,
791,OVERALL,FROZEN_FULL_TRANSITION_SAFETTA,0.6337791298358397,0.48107687697556045,
791,OVERALL,CHANGE_MAGNITUDE_ONLY,0.5390540695672139,0.40693106251455086,
791,OVERALL,CHANGE_MAGNITUDE_IOU_ONLY,0.5390540695672139,0.40693106251455086,
792,OVERALL,SOURCE_STATE,0.4638163003526049,0.3255233387456935,
792,OVERALL,SOURCE_PLUS_SIMPLE_MASK_CHANGE,0.45538369504570064,0.33949118090060554,
792,OVERALL,FROZEN_FULL_TRANSITION_SAFETTA,0.6307370189072126,0.47585169413520284,
792,OVERALL,CHANGE_MAGNITUDE_ONLY,0.5028271661039179,0.3804727898982837,
792,OVERALL,CHANGE_MAGNITUDE_IOU_ONLY,0.5028271661039179,0.3804727898982837,
793,OVERALL,SOURCE_STATE,0.4858238896745959,0.35250776749303175,
793,OVERALL,SOURCE_PLUS_SIMPLE_MASK_CHANGE,0.4706492907392457,0.3486620885127746,
793,OVERALL,FROZEN_FULL_TRANSITION_SAFETTA,0.6132237524962216,0.4592565899333571,
793,OVERALL,CHANGE_MAGNITUDE_ONLY,0.5035053323540659,0.38380654770341976,
793,OVERALL,CHANGE_MAGNITUDE_IOU_ONLY,0.5035053323540659,0.38380654770341976,
794,OVERALL,SOURCE_STATE,0.5172617272907971,0.3466732339089308,
794,OVERALL,SOURCE_PLUS_SIMPLE_MASK_CHANGE,0.4529666070363745,0.319024298669525,
794,OVERALL,FROZEN_FULL_TRANSITION_SAFETTA,0.6333979328165373,0.4768305909867566,
794,OVERALL,CHANGE_MAGNITUDE_ONLY,0.49111757105943155,0.36526605133509527,
794,OVERALL,CHANGE_MAGNITUDE_IOU_ONLY,0.49111757105943155,0.36526605133509527,
795,OVERALL,SOURCE_STATE,0.5306997039114851,0.36832958108731384,
795,OVERALL,SOURCE_PLUS_SIMPLE_MASK_CHANGE,0.47352585080495324,0.3421064818714288,
795,OVERALL,FROZEN_FULL_TRANSITION_SAFETTA,0.6491171287805229,0.48518111834604355,
795,OVERALL,CHANGE_MAGNITUDE_ONLY,0.4895320123230362,0.36146999804901536,
795,OVERALL,CHANGE_MAGNITUDE_IOU_ONLY,0.4895320123230362,0.36146999804901536,
796,OVERALL,SOURCE_STATE,0.5264908851099911,0.35593457694600716,
796,OVERALL,SOURCE_PLUS_SIMPLE_MASK_CHANGE,0.48260634038343775,0.3544252116104616,
796,OVERALL,FROZEN_FULL_TRANSITION_SAFETTA,0.6249646709689576,0.4711362444695545,
796,OVERALL,CHANGE_MAGNITUDE_ONLY,0.5107282490932216,0.3807473449803061,
796,OVERALL,CHANGE_MAGNITUDE_IOU_ONLY,0.5107282490932216,0.3807473449803061,
797,OVERALL,SOURCE_STATE,0.5214733542319749,0.39154248731114893,
797,OVERALL,SOURCE_PLUS_SIMPLE_MASK_CHANGE,0.4765830721003135,0.34050481564679,
797,OVERALL,FROZEN_FULL_TRANSITION_SAFETTA,0.6253542319749217,0.48200001995407293,
797,OVERALL,CHANGE_MAGNITUDE_ONLY,0.525398119122257,0.3869879669561986,
797,OVERALL,CHANGE_MAGNITUDE_IOU_ONLY,0.525398119122257,0.3869879669561986,
798,OVERALL,SOURCE_STATE,0.510251454973566,0.3889695529048573,
798,OVERALL,SOURCE_PLUS_SIMPLE_MASK_CHANGE,0.45583988626771516,0.3514425216205488,
798,OVERALL,FROZEN_FULL_TRANSITION_SAFETTA,0.6298480607756897,0.48969716386511813,
798,OVERALL,CHANGE_MAGNITUDE_ONLY,0.4744935359189658,0.38460341701197887,
798,OVERALL,CHANGE_MAGNITUDE_IOU_ONLY,0.4744935359189658,0.38460341701197887,
799,OVERALL,SOURCE_STATE,0.4867768595041322,0.35045441830081414,
799,OVERALL,SOURCE_PLUS_SIMPLE_MASK_CHANGE,0.45515938606847695,0.3279369297115613,
799,OVERALL,FROZEN_FULL_TRANSITION_SAFETTA,0.6169067296340024,0.449373394342237,
799,OVERALL,CHANGE_MAGNITUDE_ONLY,0.4730342384887839,0.37342122534296546,
799,OVERALL,CHANGE_MAGNITUDE_IOU_ONLY,0.4730342384887839,0.37342122534296546,
800,OVERALL,SOURCE_STATE,0.5330519033504202,0.39753747346213486,
800,OVERALL,SOURCE_PLUS_SIMPLE_MASK_CHANGE,0.4716360677935244,0.3703826725648035,
800,OVERALL,FROZEN_FULL_TRANSITION_SAFETTA,0.653971974580273,0.5230902058253931,
800,OVERALL,CHANGE_MAGNITUDE_ONLY,0.49804857511847933,0.38478979362836163,
800,OVERALL,CHANGE_MAGNITUDE_IOU_ONLY,0.49804857511847933,0.38478979362836163,
801,OVERALL,SOURCE_STATE,0.5185909980430528,0.41441574321222097,
801,OVERALL,SOURCE_PLUS_SIMPLE_MASK_CHANGE,0.4965877282072878,0.39230329341245007,
801,OVERALL,FROZEN_FULL_TRANSITION_SAFETTA,0.6396244643166786,0.5235404597192397,
801,OVERALL,CHANGE_MAGNITUDE_ONLY,0.5045703386261735,0.40222430627395855,
801,OVERALL,CHANGE_MAGNITUDE_IOU_ONLY,0.5045703386261735,0.40222430627395855,
802,OVERALL,SOURCE_STATE,0.584448403964178,0.4510544264186588,
802,OVERALL,SOURCE_PLUS_SIMPLE_MASK_CHANGE,0.5141843971631206,0.3955185283146829,
802,OVERALL,FROZEN_FULL_TRANSITION_SAFETTA,0.6844553913519431,0.5386628997420821,
802,OVERALL,CHANGE_MAGNITUDE_ONLY,0.47568971340064514,0.3766605160895612,
802,OVERALL,CHANGE_MAGNITUDE_IOU_ONLY,0.47568971340064514,0.3766605160895612,
803,OVERALL,SOURCE_STATE,0.5262934981684981,0.39155511406726834,
803,OVERALL,SOURCE_PLUS_SIMPLE_MASK_CHANGE,0.4887534340659341,0.3723379062935224,
803,OVERALL,FROZEN_FULL_TRANSITION_SAFETTA,0.6347699175824176,0.480054477326756,
803,OVERALL,CHANGE_MAGNITUDE_ONLY,0.5118131868131868,0.39645746742606836,
803,OVERALL,CHANGE_MAGNITUDE_IOU_ONLY,0.5118131868131868,0.39645746742606836,
804,OVERALL,SOURCE_STATE,0.5177738927738929,0.3745602857864694,
804,OVERALL,SOURCE_PLUS_SIMPLE_MASK_CHANGE,0.4569964349376114,0.3452205802726549,
804,OVERALL,FROZEN_FULL_TRANSITION_SAFETTA,0.6414998400292518,0.5138049122699493,
804,OVERALL,CHANGE_MAGNITUDE_ONLY,0.4862596553773024,0.38626037483631026,
804,OVERALL,CHANGE_MAGNITUDE_IOU_ONLY,0.4862596553773024,0.38626037483631026,
805,OVERALL,SOURCE_STATE,0.5156250947205063,0.34350105806119063,
805,OVERALL,SOURCE_PLUS_SIMPLE_MASK_CHANGE,0.4438496838608381,0.3039606699821624,
805,OVERALL,FROZEN_FULL_TRANSITION_SAFETTA,0.62940488242533,0.4462241076665516,
805,OVERALL,CHANGE_MAGNITUDE_ONLY,0.4616662322152777,0.3449888578067593,
805,OVERALL,CHANGE_MAGNITUDE_IOU_ONLY,0.4616662322152777,0.3449888578067593,
806,OVERALL,SOURCE_STATE,0.5009414398941516,0.31673806521390574,
806,OVERALL,SOURCE_PLUS_SIMPLE_MASK_CHANGE,0.4688370672875081,0.313470030642112,
806,OVERALL,FROZEN_FULL_TRANSITION_SAFETTA,0.6250524789130185,0.4168305070063818,
806,OVERALL,CHANGE_MAGNITUDE_ONLY,0.4919468722567841,0.3351092493675709,
806,OVERALL,CHANGE_MAGNITUDE_IOU_ONLY,0.4919468722567841,0.3351092493675709,
807,OVERALL,SOURCE_STATE,0.5194443683388585,0.38746446474953783,
807,OVERALL,SOURCE_PLUS_SIMPLE_MASK_CHANGE,0.5030493986136606,0.39682838212518207,
807,OVERALL,FROZEN_FULL_TRANSITION_SAFETTA,0.6455354941231267,0.5169066866555454,
807,OVERALL,CHANGE_MAGNITUDE_ONLY,0.4982574865064796,0.38715338783541875,
807,OVERALL,CHANGE_MAGNITUDE_IOU_ONLY,0.4982574865064796,0.38715338783541875,
808,OVERALL,SOURCE_STATE,0.5128157755360947,0.34150098108548466,
808,OVERALL,SOURCE_PLUS_SIMPLE_MASK_CHANGE,0.4574696079518161,0.30421448359831726,
808,OVERALL,FROZEN_FULL_TRANSITION_SAFETTA,0.6479018093584107,0.46655106034147703,
808,OVERALL,CHANGE_MAGNITUDE_ONLY,0.50861569917107,0.36610428986914356,
808,OVERALL,CHANGE_MAGNITUDE_IOU_ONLY,0.50861569917107,0.36610428986914356,
809,OVERALL,SOURCE_STATE,0.5255141035133393,0.3647088903436762,
809,OVERALL,SOURCE_PLUS_SIMPLE_MASK_CHANGE,0.47647424108528985,0.3282793805043901,
809,OVERALL,FROZEN_FULL_TRANSITION_SAFETTA,0.6387542095583845,0.4603799993689542,
809,OVERALL,CHANGE_MAGNITUDE_ONLY,0.4794478014760324,0.34926669508315156,
809,OVERALL,CHANGE_MAGNITUDE_IOU_ONLY,0.4794478014760324,0.34926669508315156,
810,OVERALL,SOURCE_STATE,0.5138119593654984,0.38506007054096464,
810,OVERALL,SOURCE_PLUS_SIMPLE_MASK_CHANGE,0.46698446743818794,0.3593165966370654,
810,OVERALL,FROZEN_FULL_TRANSITION_SAFETTA,0.6379251420086266,0.5009572593426204,
810,OVERALL,CHANGE_MAGNITUDE_ONLY,0.4707438659344285,0.3835531789437585,
810,OVERALL,CHANGE_MAGNITUDE_IOU_ONLY,0.4707438659344285,0.3835531789437585,
811,OVERALL,SOURCE_STATE,0.5147924085206316,0.36638327959715994,
811,OVERALL,SOURCE_PLUS_SIMPLE_MASK_CHANGE,0.47565442687393905,0.3368008162051914,
811,OVERALL,FROZEN_FULL_TRANSITION_SAFETTA,0.6206302408393001,0.44793267768413525,
811,OVERALL,CHANGE_MAGNITUDE_ONLY,0.5272364105116718,0.39866589914203,
811,OVERALL,CHANGE_MAGNITUDE_IOU_ONLY,0.5272364105116718,0.39866589914203,
812,OVERALL,SOURCE_STATE,0.5199124169052356,0.35966613348106324,
812,OVERALL,SOURCE_PLUS_SIMPLE_MASK_CHANGE,0.46691979232374214,0.3192537608016053,
812,OVERALL,FROZEN_FULL_TRANSITION_SAFETTA,0.6481998156145373,0.4600137267986695,
812,OVERALL,CHANGE_MAGNITUDE_ONLY,0.46623441215003153,0.3444094772106022,
812,OVERALL,CHANGE_MAGNITUDE_IOU_ONLY,0.46623441215003153,0.3444094772106022,
813,OVERALL,SOURCE_STATE,0.5196146109808495,0.35988360498048866,
813,OVERALL,SOURCE_PLUS_SIMPLE_MASK_CHANGE,0.5087837274902105,0.3817789949159053,
813,OVERALL,FROZEN_FULL_TRANSITION_SAFETTA,0.6495852128685178,0.4817306694556914,
813,OVERALL,CHANGE_MAGNITUDE_ONLY,0.5166956283697735,0.3801403234935503,
813,OVERALL,CHANGE_MAGNITUDE_IOU_ONLY,0.5166956283697735,0.3801403234935503,
814,OVERALL,SOURCE_STATE,0.5089312484144007,0.35358614634670604,
814,OVERALL,SOURCE_PLUS_SIMPLE_MASK_CHANGE,0.4755644733504002,0.337364123274007,
814,OVERALL,FROZEN_FULL_TRANSITION_SAFETTA,0.6385121889342467,0.48737863920193,
814,OVERALL,CHANGE_MAGNITUDE_ONLY,0.5018219977398002,0.36358467367037894,
814,OVERALL,CHANGE_MAGNITUDE_IOU_ONLY,0.5018219977398002,0.36358467367037894,
815,OVERALL,SOURCE_STATE,0.5373501566038072,0.38550429743701714,
815,OVERALL,SOURCE_PLUS_SIMPLE_MASK_CHANGE,0.4606232058909182,0.3387105131865018,
815,OVERALL,FROZEN_FULL_TRANSITION_SAFETTA,0.6520542734712556,0.49641071568572187,
815,OVERALL,CHANGE_MAGNITUDE_ONLY,0.5178534283455862,0.3943650321337375,
815,OVERALL,CHANGE_MAGNITUDE_IOU_ONLY,0.5178534283455862,0.3943650321337375,
816,OVERALL,SOURCE_STATE,0.5404316078658185,0.4055658399617898,
816,OVERALL,SOURCE_PLUS_SIMPLE_MASK_CHANGE,0.4783894833236939,0.36206592468816423,
816,OVERALL,FROZEN_FULL_TRANSITION_SAFETTA,0.6452429149797572,0.5173032796700809,
816,OVERALL,CHANGE_MAGNITUDE_ONLY,0.5065367746288799,0.39619770654654834,
816,OVERALL,CHANGE_MAGNITUDE_IOU_ONLY,0.5065367746288799,0.39619770654654834,
817,OVERALL,SOURCE_STATE,0.49845643576986864,0.31512394466923155,
817,OVERALL,SOURCE_PLUS_SIMPLE_MASK_CHANGE,0.4333460900625079,0.3004932650923893,
817,OVERALL,FROZEN_FULL_TRANSITION_SAFETTA,0.5878428370965685,0.38628118739456374,
817,OVERALL,CHANGE_MAGNITUDE_ONLY,0.49495152442913637,0.3550344603319842,
817,OVERALL,CHANGE_MAGNITUDE_IOU_ONLY,0.49495152442913637,0.3550344603319842,
818,OVERALL,SOURCE_STATE,0.5432443786874166,0.3805812056352593,
818,OVERALL,SOURCE_PLUS_SIMPLE_MASK_CHANGE,0.49809121961020686,0.3624754328387224,
818,OVERALL,FROZEN_FULL_TRANSITION_SAFETTA,0.6520296393714115,0.481289769959397,
818,OVERALL,CHANGE_MAGNITUDE_ONLY,0.48908311566539414,0.3649980292103815,
818,OVERALL,CHANGE_MAGNITUDE_IOU_ONLY,0.48908311566539414,0.3649980292103815,
819,OVERALL,SOURCE_STATE,0.5085119309991541,0.3304090230171929,
819,OVERALL,SOURCE_PLUS_SIMPLE_MASK_CHANGE,0.4656842305905339,0.3143485161263138,
819,OVERALL,FROZEN_FULL_TRANSITION_SAFETTA,0.6245160291156885,0.43836922111454024,
819,OVERALL,CHANGE_MAGNITUDE_ONLY,0.4938826080223014,0.3444253915220028,
819,OVERALL,CHANGE_MAGNITUDE_IOU_ONLY,0.4938826080223014,0.3444253915220028,
820,OVERALL,SOURCE_STATE,0.5534274454901351,0.34163431446725934,
820,OVERALL,SOURCE_PLUS_SIMPLE_MASK_CHANGE,0.4483938710430116,0.27354077521113124,
820,OVERALL,FROZEN_FULL_TRANSITION_SAFETTA,0.6548183868709652,0.42897310577946135,
820,OVERALL,CHANGE_MAGNITUDE_ONLY,0.46405978584947244,0.3126523292195419,
820,OVERALL,CHANGE_MAGNITUDE_IOU_ONLY,0.46405978584947244,0.3126523292195419,
821,OVERALL,SOURCE_STATE,0.5275220315398887,0.39341680229141696,
821,OVERALL,SOURCE_PLUS_SIMPLE_MASK_CHANGE,0.4786178107606679,0.3699804003657832,
821,OVERALL,FROZEN_FULL_TRANSITION_SAFETTA,0.6477388682745826,0.5112911647562446,
821,OVERALL,CHANGE_MAGNITUDE_ONLY,0.48034554730983303,0.37989227012871013,
821,OVERALL,CHANGE_MAGNITUDE_IOU_ONLY,0.48034554730983303,0.37989227012871013,
822,OVERALL,SOURCE_STATE,0.5098923100617233,0.3511949548910827,
822,OVERALL,SOURCE_PLUS_SIMPLE_MASK_CHANGE,0.4857124240306129,0.3543402204941335,
822,OVERALL,FROZEN_FULL_TRANSITION_SAFETTA,0.6295833382696159,0.4753672697420726,
822,OVERALL,CHANGE_MAGNITUDE_ONLY,0.5117137982916514,0.37848828627393,
822,OVERALL,CHANGE_MAGNITUDE_IOU_ONLY,0.5117137982916514,0.37848828627393,
823,OVERALL,SOURCE_STATE,0.47606389711652874,0.29004347623399407,
823,OVERALL,SOURCE_PLUS_SIMPLE_MASK_CHANGE,0.49499379762537654,0.3108665338058685,
823,OVERALL,FROZEN_FULL_TRANSITION_SAFETTA,0.639736968684337,0.4155416907780175,
823,OVERALL,CHANGE_MAGNITUDE_ONLY,0.5133604212551581,0.33031456469623466,
823,OVERALL,CHANGE_MAGNITUDE_IOU_ONLY,0.5133604212551581,0.33031456469623466,
824,OVERALL,SOURCE_STATE,0.4476114970301017,0.33897880952762705,
824,OVERALL,SOURCE_PLUS_SIMPLE_MASK_CHANGE,0.4451890164099466,0.33706145258225095,
824,OVERALL,FROZEN_FULL_TRANSITION_SAFETTA,0.5983212523910199,0.4591382801684767,
824,OVERALL,CHANGE_MAGNITUDE_ONLY,0.552048726467331,0.44470331903992444,
824,OVERALL,CHANGE_MAGNITUDE_IOU_ONLY,0.552048726467331,0.44470331903992444,
825,OVERALL,SOURCE_STATE,0.5104088822461834,0.381234833339624,
825,OVERALL,SOURCE_PLUS_SIMPLE_MASK_CHANGE,0.4783103804135085,0.36700280596459733,
825,OVERALL,FROZEN_FULL_TRANSITION_SAFETTA,0.6410032857668173,0.4895895281894979,
825,OVERALL,CHANGE_MAGNITUDE_ONLY,0.5393609954568639,0.42041282010659636,
825,OVERALL,CHANGE_MAGNITUDE_IOU_ONLY,0.5393609954568639,0.42041282010659636,
826,OVERALL,SOURCE_STATE,0.557891032784001,0.3849852146268437,
826,OVERALL,SOURCE_PLUS_SIMPLE_MASK_CHANGE,0.5257638848161399,0.34662763564538507,
826,OVERALL,FROZEN_FULL_TRANSITION_SAFETTA,0.6778546712802769,0.4788124915184231,
826,OVERALL,CHANGE_MAGNITUDE_ONLY,0.49623482493695387,0.3329685998356403,
826,OVERALL,CHANGE_MAGNITUDE_IOU_ONLY,0.49623482493695387,0.3329685998356403,
827,OVERALL,SOURCE_STATE,0.5273373672385621,0.34750746770986385,
827,OVERALL,SOURCE_PLUS_SIMPLE_MASK_CHANGE,0.451452716503268,0.2926107356907467,
827,OVERALL,FROZEN_FULL_TRANSITION_SAFETTA,0.6083792892156863,0.413123937272591,
827,OVERALL,CHANGE_MAGNITUDE_ONLY,0.49714052287581695,0.35224604082318645,
827,OVERALL,CHANGE_MAGNITUDE_IOU_ONLY,0.49714052287581695,0.35224604082318645,
828,OVERALL,SOURCE_STATE,0.5364188932506015,0.3274677289222462,
828,OVERALL,SOURCE_PLUS_SIMPLE_MASK_CHANGE,0.4686336583512727,0.30573900737940485,
828,OVERALL,FROZEN_FULL_TRANSITION_SAFETTA,0.6404900595162719,0.425019102882807,
828,OVERALL,CHANGE_MAGNITUDE_ONLY,0.45538812207167284,0.30366071156701224,
828,OVERALL,CHANGE_MAGNITUDE_IOU_ONLY,0.45538812207167284,0.30366071156701224,
829,OVERALL,SOURCE_STATE,0.5462401428358875,0.4183826276038267,
829,OVERALL,SOURCE_PLUS_SIMPLE_MASK_CHANGE,0.4994851956554084,0.3790582837559554,
829,OVERALL,FROZEN_FULL_TRANSITION_SAFETTA,0.6346853146853146,0.5055366238310095,
829,OVERALL,CHANGE_MAGNITUDE_ONLY,0.5003124535039429,0.40342925344574077,
829,OVERALL,CHANGE_MAGNITUDE_IOU_ONLY,0.5003124535039429,0.40342925344574077,
830,OVERALL,SOURCE_STATE,0.5559587813620072,0.3955921392090682,
830,OVERALL,SOURCE_PLUS_SIMPLE_MASK_CHANGE,0.4939684139784946,0.37042637217663066,
830,OVERALL,FROZEN_FULL_TRANSITION_SAFETTA,0.6707213261648746,0.4960650588090669,
830,OVERALL,CHANGE_MAGNITUDE_ONLY,0.47136816756272404,0.35505527439022544,
830,OVERALL,CHANGE_MAGNITUDE_IOU_ONLY,0.47136816756272404,0.35505527439022544,
831,OVERALL,SOURCE_STATE,0.4820907799297091,0.3738934569399821,
831,OVERALL,SOURCE_PLUS_SIMPLE_MASK_CHANGE,0.447917445599342,0.36047413139110474,
831,OVERALL,FROZEN_FULL_TRANSITION_SAFETTA,0.5874149405518583,0.4757480913924398,
831,OVERALL,CHANGE_MAGNITUDE_ONLY,0.5349024153144395,0.44206367680603237,
831,OVERALL,CHANGE_MAGNITUDE_IOU_ONLY,0.5349024153144395,0.44206367680603237,
832,OVERALL,SOURCE_STATE,0.5420947047522077,0.37462118080124346,
832,OVERALL,SOURCE_PLUS_SIMPLE_MASK_CHANGE,0.47437832203009755,0.3340887083455609,
832,OVERALL,FROZEN_FULL_TRANSITION_SAFETTA,0.649914846936611,0.4808178386318281,
832,OVERALL,CHANGE_MAGNITUDE_ONLY,0.5008727431407844,0.3684873830972517,
832,OVERALL,CHANGE_MAGNITUDE_IOU_ONLY,0.5008727431407844,0.3684873830972517,
833,OVERALL,SOURCE_STATE,0.5550009340992947,0.3966384888758796,
833,OVERALL,SOURCE_PLUS_SIMPLE_MASK_CHANGE,0.49154056326187473,0.37967832324937517,
833,OVERALL,FROZEN_FULL_TRANSITION_SAFETTA,0.6530988744103498,0.5109500554653985,
833,OVERALL,CHANGE_MAGNITUDE_ONLY,0.5078668674980151,0.38173514806195585,
833,OVERALL,CHANGE_MAGNITUDE_IOU_ONLY,0.5078668674980151,0.38173514806195585,
834,OVERALL,SOURCE_STATE,0.5276424121050288,0.3878890339778899,
834,OVERALL,SOURCE_PLUS_SIMPLE_MASK_CHANGE,0.4854695149087672,0.3560141327135765,
834,OVERALL,FROZEN_FULL_TRANSITION_SAFETTA,0.632343124165554,0.4823767789155907,
834,OVERALL,CHANGE_MAGNITUDE_ONLY,0.5210558522474411,0.405351568151769,
834,OVERALL,CHANGE_MAGNITUDE_IOU_ONLY,0.5210558522474411,0.405351568151769,
835,OVERALL,SOURCE_STATE,0.5057478680101819,0.40626723998858716,
835,OVERALL,SOURCE_PLUS_SIMPLE_MASK_CHANGE,0.49107320906990115,0.3986150791756417,
835,OVERALL,FROZEN_FULL_TRANSITION_SAFETTA,0.6475853089185797,0.5129855171896741,
835,OVERALL,CHANGE_MAGNITUDE_ONLY,0.5028387429764571,0.4109724943761531,
835,OVERALL,CHANGE_MAGNITUDE_IOU_ONLY,0.5028387429764571,0.4109724943761531,
836,OVERALL,SOURCE_STATE,0.5123578784451456,0.3786349475908237,
836,OVERALL,SOURCE_PLUS_SIMPLE_MASK_CHANGE,0.5111732841240549,0.3680475939501897,
836,OVERALL,FROZEN_FULL_TRANSITION_SAFETTA,0.6394547294481814,0.505458623066863,
836,OVERALL,CHANGE_MAGNITUDE_ONLY,0.4799452348354068,0.35998735301156837,
836,OVERALL,CHANGE_MAGNITUDE_IOU_ONLY,0.4799452348354068,0.35998735301156837,
837,OVERALL,SOURCE_STATE,0.556207051931959,0.4309400746933105,
837,OVERALL,SOURCE_PLUS_SIMPLE_MASK_CHANGE,0.49164695279936915,0.39865347107075194,
837,OVERALL,FROZEN_FULL_TRANSITION_SAFETTA,0.6406218316998986,0.5120133515060161,
837,OVERALL,CHANGE_MAGNITUDE_ONLY,0.5152697983553002,0.41525205844724966,
837,OVERALL,CHANGE_MAGNITUDE_IOU_ONLY,0.5152697983553002,0.41525205844724966,
838,OVERALL,SOURCE_STATE,0.5262353158392762,0.3327335411821607,
838,OVERALL,SOURCE_PLUS_SIMPLE_MASK_CHANGE,0.4871679475639872,0.3275591354111854,
838,OVERALL,FROZEN_FULL_TRANSITION_SAFETTA,0.6292321539846293,0.422605317042136,
838,OVERALL,CHANGE_MAGNITUDE_ONLY,0.47854208497772854,0.32498905045036597,
838,OVERALL,CHANGE_MAGNITUDE_IOU_ONLY,0.47854208497772854,0.32498905045036597,
839,OVERALL,SOURCE_STATE,0.5345063025210084,0.39076866307087965,
839,OVERALL,SOURCE_PLUS_SIMPLE_MASK_CHANGE,0.5162289915966387,0.4017338119083873,
839,OVERALL,FROZEN_FULL_TRANSITION_SAFETTA,0.6655287114845938,0.5389695182619041,
839,OVERALL,CHANGE_MAGNITUDE_ONLY,0.5137021475256769,0.38407067782439586,
839,OVERALL,CHANGE_MAGNITUDE_IOU_ONLY,0.5137021475256769,0.38407067782439586,
840,OVERALL,SOURCE_STATE,0.5024277082434182,0.3745280012239274,
840,OVERALL,SOURCE_PLUS_SIMPLE_MASK_CHANGE,0.45903646957272337,0.36117526591496263,
840,OVERALL,FROZEN_FULL_TRANSITION_SAFETTA,0.6560962451445835,0.5151909221799666,
840,OVERALL,CHANGE_MAGNITUDE_ONLY,0.44781506258092363,0.36391476076685947,
840,OVERALL,CHANGE_MAGNITUDE_IOU_ONLY,0.44781506258092363,0.36391476076685947,
841,OVERALL,SOURCE_STATE,0.5344753598311316,0.36805942991730156,
841,OVERALL,SOURCE_PLUS_SIMPLE_MASK_CHANGE,0.4901184166270398,0.3457205514312004,
841,OVERALL,FROZEN_FULL_TRANSITION_SAFETTA,0.6170248547337656,0.4216422366579121,
841,OVERALL,CHANGE_MAGNITUDE_ONLY,0.47850291692279145,0.3458354326499755,
841,OVERALL,CHANGE_MAGNITUDE_IOU_ONLY,0.47850291692279145,0.3458354326499755,
842,OVERALL,SOURCE_STATE,0.5319573037683551,0.38986599420310264,
842,OVERALL,SOURCE_PLUS_SIMPLE_MASK_CHANGE,0.48967977826266434,0.38120040386483767,
842,OVERALL,FROZEN_FULL_TRANSITION_SAFETTA,0.6556761219555347,0.507614164657976,
842,OVERALL,CHANGE_MAGNITUDE_ONLY,0.46783629179689806,0.35812852930234346,
842,OVERALL,CHANGE_MAGNITUDE_IOU_ONLY,0.46783629179689806,0.35812852930234346,
843,OVERALL,SOURCE_STATE,0.5121026620240369,0.3486847761655779,
843,OVERALL,SOURCE_PLUS_SIMPLE_MASK_CHANGE,0.47918117488487033,0.34512195901772114,
843,OVERALL,FROZEN_FULL_TRANSITION_SAFETTA,0.5984443446029428,0.4275431001103551,
843,OVERALL,CHANGE_MAGNITUDE_ONLY,0.5000842412669887,0.3714968393378969,
843,OVERALL,CHANGE_MAGNITUDE_IOU_ONLY,0.5000842412669887,0.3714968393378969,
844,OVERALL,SOURCE_STATE,0.5292406648451731,0.38391860677372386,
844,OVERALL,SOURCE_PLUS_SIMPLE_MASK_CHANGE,0.4685621584699453,0.35721935572803565,
844,OVERALL,FROZEN_FULL_TRANSITION_SAFETTA,0.6414902094717668,0.486271593539845,
844,OVERALL,CHANGE_MAGNITUDE_ONLY,0.5090505464480874,0.408631459138322,
844,OVERALL,CHANGE_MAGNITUDE_IOU_ONLY,0.5090505464480874,0.408631459138322,
845,OVERALL,SOURCE_STATE,0.48262010449900583,0.36995290412342835,
845,OVERALL,SOURCE_PLUS_SIMPLE_MASK_CHANGE,0.4580790215933786,0.37080148266364843,
845,OVERALL,FROZEN_FULL_TRANSITION_SAFETTA,0.6131340454062052,0.48513364693872396,
845,OVERALL,CHANGE_MAGNITUDE_ONLY,0.5069184352892218,0.4174897548387321,
845,OVERALL,CHANGE_MAGNITUDE_IOU_ONLY,0.5069184352892218,0.4174897548387321,
846,OVERALL,SOURCE_STATE,0.536049062624651,0.3937688730021148,
846,OVERALL,SOURCE_PLUS_SIMPLE_MASK_CHANGE,0.4800835438549838,0.36806388322585454,
846,OVERALL,FROZEN_FULL_TRANSITION_SAFETTA,0.6578247573460976,0.5147632981443601,
846,OVERALL,CHANGE_MAGNITUDE_ONLY,0.49886706111775914,0.39101400417573856,
846,OVERALL,CHANGE_MAGNITUDE_IOU_ONLY,0.49886706111775914,0.39101400417573856,
847,OVERALL,SOURCE_STATE,0.5439716064060424,0.3965094885092434,
847,OVERALL,SOURCE_PLUS_SIMPLE_MASK_CHANGE,0.4533708650954612,0.3396148499188955,
847,OVERALL,FROZEN_FULL_TRANSITION_SAFETTA,0.6667307737137795,0.5037326902467892,
847,OVERALL,CHANGE_MAGNITUDE_ONLY,0.4309450544327109,0.34135883214234963,
847,OVERALL,CHANGE_MAGNITUDE_IOU_ONLY,0.4309450544327109,0.34135883214234963,
848,OVERALL,SOURCE_STATE,0.5363904597983772,0.4035387175264797,
848,OVERALL,SOURCE_PLUS_SIMPLE_MASK_CHANGE,0.4746406777387845,0.3835685040810839,
848,OVERALL,FROZEN_FULL_TRANSITION_SAFETTA,0.6608064912712073,0.5308928900162447,
848,OVERALL,CHANGE_MAGNITUDE_ONLY,0.4846771129043074,0.391298991280918,
848,OVERALL,CHANGE_MAGNITUDE_IOU_ONLY,0.4846771129043074,0.391298991280918,
849,OVERALL,SOURCE_STATE,0.5236890096393614,0.3663678241944514,
849,OVERALL,SOURCE_PLUS_SIMPLE_MASK_CHANGE,0.4851625789323508,0.3424010738774079,
849,OVERALL,FROZEN_FULL_TRANSITION_SAFETTA,0.6130733062885357,0.4507723962872965,
849,OVERALL,CHANGE_MAGNITUDE_ONLY,0.5055578299651395,0.3736670191741699,
849,OVERALL,CHANGE_MAGNITUDE_IOU_ONLY,0.5055578299651395,0.3736670191741699,
850,OVERALL,SOURCE_STATE,0.5259929199754619,0.37818650181664093,
850,OVERALL,SOURCE_PLUS_SIMPLE_MASK_CHANGE,0.47953377644456696,0.35598450556348316,
850,OVERALL,FROZEN_FULL_TRANSITION_SAFETTA,0.6575080339706105,0.515168455331348,
850,OVERALL,CHANGE_MAGNITUDE_ONLY,0.4993443379501697,0.3928706138737381,
850,OVERALL,CHANGE_MAGNITUDE_IOU_ONLY,0.4993443379501697,0.3928706138737381,
851,OVERALL,SOURCE_STATE,0.5574108392269581,0.383623294845358,
851,OVERALL,SOURCE_PLUS_SIMPLE_MASK_CHANGE,0.4830629199601629,0.32961905330768154,
851,OVERALL,FROZEN_FULL_TRANSITION_SAFETTA,0.6543940597304692,0.4729609974839836,
851,OVERALL,CHANGE_MAGNITUDE_ONLY,0.5328845353806588,0.37063648961538864,
851,OVERALL,CHANGE_MAGNITUDE_IOU_ONLY,0.5328845353806588,0.37063648961538864,
852,OVERALL,SOURCE_STATE,0.500974731483206,0.32326364196896284,
852,OVERALL,SOURCE_PLUS_SIMPLE_MASK_CHANGE,0.5022350530825107,0.3328025509952991,
852,OVERALL,FROZEN_FULL_TRANSITION_SAFETTA,0.6479232631775005,0.4461602329561878,
852,OVERALL,CHANGE_MAGNITUDE_ONLY,0.5083752405786304,0.34139124681113836,
852,OVERALL,CHANGE_MAGNITUDE_IOU_ONLY,0.5083752405786304,0.34139124681113836,
853,OVERALL,SOURCE_STATE,0.5583169277537536,0.4046643504377168,
853,OVERALL,SOURCE_PLUS_SIMPLE_MASK_CHANGE,0.47115702803811704,0.349622374010359,
853,OVERALL,FROZEN_FULL_TRANSITION_SAFETTA,0.6230530643379156,0.45887638347165494,
853,OVERALL,CHANGE_MAGNITUDE_ONLY,0.4961636183136746,0.3673938174998099,
853,OVERALL,CHANGE_MAGNITUDE_IOU_ONLY,0.4961636183136746,0.3673938174998099,
854,OVERALL,SOURCE_STATE,0.5086476033438612,0.3574291091120786,
854,OVERALL,SOURCE_PLUS_SIMPLE_MASK_CHANGE,0.46081753647876134,0.3263743961960832,
854,OVERALL,FROZEN_FULL_TRANSITION_SAFETTA,0.6257554907583096,0.4774608294710355,
854,OVERALL,CHANGE_MAGNITUDE_ONLY,0.5027037021320448,0.3677434483534432,
854,OVERALL,CHANGE_MAGNITUDE_IOU_ONLY,0.5027037021320448,0.3677434483534432,
855,OVERALL,SOURCE_STATE,0.5466822803879108,0.3877145295800799,
855,OVERALL,SOURCE_PLUS_SIMPLE_MASK_CHANGE,0.4982228603709632,0.35822275784585256,
855,OVERALL,FROZEN_FULL_TRANSITION_SAFETTA,0.6367102909330572,0.4647820436669503,
855,OVERALL,CHANGE_MAGNITUDE_ONLY,0.4512757744091893,0.3263669661731499,
855,OVERALL,CHANGE_MAGNITUDE_IOU_ONLY,0.4512757744091893,0.3263669661731499,
856,OVERALL,SOURCE_STATE,0.5524311155337474,0.37313347597516233,
856,OVERALL,SOURCE_PLUS_SIMPLE_MASK_CHANGE,0.4855768680872479,0.3369590083914589,
856,OVERALL,FROZEN_FULL_TRANSITION_SAFETTA,0.6722712143567923,0.4900431771902641,
856,OVERALL,CHANGE_MAGNITUDE_ONLY,0.449190200048039,0.3213677200282774,
856,OVERALL,CHANGE_MAGNITUDE_IOU_ONLY,0.449190200048039,0.3213677200282774,
857,OVERALL,SOURCE_STATE,0.5187773492646461,0.4010917163999459,
857,OVERALL,SOURCE_PLUS_SIMPLE_MASK_CHANGE,0.46067926242853363,0.37023047090917105,
857,OVERALL,FROZEN_FULL_TRANSITION_SAFETTA,0.6300675584307405,0.5084724108767188,
857,OVERALL,CHANGE_MAGNITUDE_ONLY,0.47624636920763536,0.39264828901076015,
857,OVERALL,CHANGE_MAGNITUDE_IOU_ONLY,0.47624636920763536,0.39264828901076015,
858,OVERALL,SOURCE_STATE,0.5006060606060606,0.36517660767515747,
858,OVERALL,SOURCE_PLUS_SIMPLE_MASK_CHANGE,0.4628744588744589,0.34999492302413493,
858,OVERALL,FROZEN_FULL_TRANSITION_SAFETTA,0.6386204906204905,0.4904282855778505,
858,OVERALL,CHANGE_MAGNITUDE_ONLY,0.45661183261183264,0.3623545319208804,
858,OVERALL,CHANGE_MAGNITUDE_IOU_ONLY,0.45661183261183264,0.3623545319208804,
859,OVERALL,SOURCE_STATE,0.5133872189946955,0.39701513552765344,
859,OVERALL,SOURCE_PLUS_SIMPLE_MASK_CHANGE,0.48485668579126523,0.37805846306091795,
859,OVERALL,FROZEN_FULL_TRANSITION_SAFETTA,0.6239550632073996,0.5026106863349488,
859,OVERALL,CHANGE_MAGNITUDE_ONLY,0.4820842204019774,0.388601496137273,
859,OVERALL,CHANGE_MAGNITUDE_IOU_ONLY,0.4820842204019774,0.388601496137273,
860,OVERALL,SOURCE_STATE,0.5555253623188405,0.39541705324347926,
860,OVERALL,SOURCE_PLUS_SIMPLE_MASK_CHANGE,0.49765096618357485,0.35474066030189044,
860,OVERALL,FROZEN_FULL_TRANSITION_SAFETTA,0.6909903381642511,0.5388255122724295,
860,OVERALL,CHANGE_MAGNITUDE_ONLY,0.49266002415458937,0.3669839125500005,
860,OVERALL,CHANGE_MAGNITUDE_IOU_ONLY,0.49266002415458937,0.3669839125500005,
861,OVERALL,SOURCE_STATE,0.5026043627783218,0.3540274372977508,
861,OVERALL,SOURCE_PLUS_SIMPLE_MASK_CHANGE,0.4480319803198032,0.3332844724399046,
861,OVERALL,FROZEN_FULL_TRANSITION_SAFETTA,0.6075946983959636,0.44723463121887225,
861,OVERALL,CHANGE_MAGNITUDE_ONLY,0.493485955267716,0.38328108327189253,
861,OVERALL,CHANGE_MAGNITUDE_IOU_ONLY,0.493485955267716,0.38328108327189253,
862,OVERALL,SOURCE_STATE,0.5452627520105762,0.38735299835110537,
862,OVERALL,SOURCE_PLUS_SIMPLE_MASK_CHANGE,0.45954610554147846,0.33188531186916875,
862,OVERALL,FROZEN_FULL_TRANSITION_SAFETTA,0.6972953619037128,0.525692044210728,
862,OVERALL,CHANGE_MAGNITUDE_ONLY,0.4754103778781536,0.3661644687077801,
862,OVERALL,CHANGE_MAGNITUDE_IOU_ONLY,0.4754103778781536,0.3661644687077801,
863,OVERALL,SOURCE_STATE,0.5328745487364621,0.40125998165495635,
863,OVERALL,SOURCE_PLUS_SIMPLE_MASK_CHANGE,0.5147958032490975,0.40261550372359406,
863,OVERALL,FROZEN_FULL_TRANSITION_SAFETTA,0.6568422833935018,0.5013412319991659,
863,OVERALL,CHANGE_MAGNITUDE_ONLY,0.48958709386281585,0.3690851503567105,
863,OVERALL,CHANGE_MAGNITUDE_IOU_ONLY,0.48958709386281585,0.3690851503567105,
864,OVERALL,SOURCE_STATE,0.5524064822712318,0.3887512369436147,
864,OVERALL,SOURCE_PLUS_SIMPLE_MASK_CHANGE,0.46939807481418294,0.35248575902411844,
864,OVERALL,FROZEN_FULL_TRANSITION_SAFETTA,0.6257341294017302,0.44514058316001903,
864,OVERALL,CHANGE_MAGNITUDE_ONLY,0.4855154136712562,0.36126646953931907,
864,OVERALL,CHANGE_MAGNITUDE_IOU_ONLY,0.4855154136712562,0.36126646953931907,
865,OVERALL,SOURCE_STATE,0.4814324860625531,0.32564215595350343,
865,OVERALL,SOURCE_PLUS_SIMPLE_MASK_CHANGE,0.4603294591955653,0.33311114324550095,
865,OVERALL,FROZEN_FULL_TRANSITION_SAFETTA,0.6373933037261016,0.47751580126646054,
865,OVERALL,CHANGE_MAGNITUDE_ONLY,0.4970361271221141,0.36583588709638337,
865,OVERALL,CHANGE_MAGNITUDE_IOU_ONLY,0.4970361271221141,0.36583588709638337,
866,OVERALL,SOURCE_STATE,0.4651572565365669,0.3328425783719011,
866,OVERALL,SOURCE_PLUS_SIMPLE_MASK_CHANGE,0.45752178855627135,0.3226850122797007,
866,OVERALL,FROZEN_FULL_TRANSITION_SAFETTA,0.6001389415182519,0.427287386189547,
866,OVERALL,CHANGE_MAGNITUDE_ONLY,0.5144057092332954,0.3988041522334492,
866,OVERALL,CHANGE_MAGNITUDE_IOU_ONLY,0.5144057092332954,0.3988041522334492,
867,OVERALL,SOURCE_STATE,0.5565154264972777,0.36698553100484704,
867,OVERALL,SOURCE_PLUS_SIMPLE_MASK_CHANGE,0.4902419842710224,0.33351007384630293,
867,OVERALL,FROZEN_FULL_TRANSITION_SAFETTA,0.6589473684210527,0.463619728258455,
867,OVERALL,CHANGE_MAGNITUDE_ONLY,0.48203266787658805,0.33738476469439993,
867,OVERALL,CHANGE_MAGNITUDE_IOU_ONLY,0.48203266787658805,0.33738476469439993,
868,OVERALL,SOURCE_STATE,0.5064383521130926,0.35144797780832715,
868,OVERALL,SOURCE_PLUS_SIMPLE_MASK_CHANGE,0.5100878360393932,0.3659223665553368,
868,OVERALL,FROZEN_FULL_TRANSITION_SAFETTA,0.6071806701564487,0.43753247695638875,
868,OVERALL,CHANGE_MAGNITUDE_ONLY,0.533493035223139,0.371902235486,
868,OVERALL,CHANGE_MAGNITUDE_IOU_ONLY,0.533493035223139,0.371902235486,
869,OVERALL,SOURCE_STATE,0.5053756932828595,0.347050078964639,
869,OVERALL,SOURCE_PLUS_SIMPLE_MASK_CHANGE,0.47912448278897796,0.3526743866491824,
869,OVERALL,FROZEN_FULL_TRANSITION_SAFETTA,0.6231952636675764,0.4673291014563205,
869,OVERALL,CHANGE_MAGNITUDE_ONLY,0.5156098688264812,0.3821989495408661,
869,OVERALL,CHANGE_MAGNITUDE_IOU_ONLY,0.5156098688264812,0.3821989495408661,
870,OVERALL,SOURCE_STATE,0.539438127090301,0.33638870759994377,
870,OVERALL,SOURCE_PLUS_SIMPLE_MASK_CHANGE,0.46949163879598654,0.29005889564724013,
870,OVERALL,FROZEN_FULL_TRANSITION_SAFETTA,0.6349163879598663,0.43252845638265836,
870,OVERALL,CHANGE_MAGNITUDE_ONLY,0.48076254180602007,0.3202574381478406,
870,OVERALL,CHANGE_MAGNITUDE_IOU_ONLY,0.48076254180602007,0.3202574381478406,
871,OVERALL,SOURCE_STATE,0.4651307413860875,0.3564901624123038,
871,OVERALL,SOURCE_PLUS_SIMPLE_MASK_CHANGE,0.4525582132108347,0.3714126204638074,
871,OVERALL,FROZEN_FULL_TRANSITION_SAFETTA,0.5982716440501963,0.4613057443928965,
871,OVERALL,CHANGE_MAGNITUDE_ONLY,0.5032942018527319,0.4307333575641143,
871,OVERALL,CHANGE_MAGNITUDE_IOU_ONLY,0.5032942018527319,0.4307333575641143,
872,OVERALL,SOURCE_STATE,0.5208410135417434,0.38659564304588445,
872,OVERALL,SOURCE_PLUS_SIMPLE_MASK_CHANGE,0.46019194376858613,0.34828729661641555,
872,OVERALL,FROZEN_FULL_TRANSITION_SAFETTA,0.6556378873897122,0.49985816682921785,
872,OVERALL,CHANGE_MAGNITUDE_ONLY,0.5292523777925238,0.42029293185373523,
872,OVERALL,CHANGE_MAGNITUDE_IOU_ONLY,0.5292523777925238,0.42029293185373523,
873,OVERALL,SOURCE_STATE,0.5316526953435722,0.3791713309362025,
873,OVERALL,SOURCE_PLUS_SIMPLE_MASK_CHANGE,0.4614942177078871,0.33058377598607536,
873,OVERALL,FROZEN_FULL_TRANSITION_SAFETTA,0.6279446857982011,0.44736734433797665,
873,OVERALL,CHANGE_MAGNITUDE_ONLY,0.5042464663770422,0.3814947795411042,
873,OVERALL,CHANGE_MAGNITUDE_IOU_ONLY,0.5042464663770422,0.3814947795411042,
874,OVERALL,SOURCE_STATE,0.5606194400837258,0.40947325866764167,
874,OVERALL,SOURCE_PLUS_SIMPLE_MASK_CHANGE,0.5181841967556253,0.4145365557233061,
874,OVERALL,FROZEN_FULL_TRANSITION_SAFETTA,0.6995083289726146,0.5569351713106053,
874,OVERALL,CHANGE_MAGNITUDE_ONLY,0.47021084074655506,0.3723210256387578,
874,OVERALL,CHANGE_MAGNITUDE_IOU_ONLY,0.47021084074655506,0.3723210256387578,
875,OVERALL,SOURCE_STATE,0.4674630261660978,0.32463904741222904,
875,OVERALL,SOURCE_PLUS_SIMPLE_MASK_CHANGE,0.43466858271959763,0.3079581294465879,
875,OVERALL,FROZEN_FULL_TRANSITION_SAFETTA,0.6257289982635771,0.47755866697854815,
875,OVERALL,CHANGE_MAGNITUDE_ONLY,0.5121489731153823,0.3966340617999897,
875,OVERALL,CHANGE_MAGNITUDE_IOU_ONLY,0.5121489731153823,0.3966340617999897,
876,OVERALL,SOURCE_STATE,0.5384495846034307,0.37057608617857024,
876,OVERALL,SOURCE_PLUS_SIMPLE_MASK_CHANGE,0.505170043631582,0.3418437557993148,
876,OVERALL,FROZEN_FULL_TRANSITION_SAFETTA,0.6496623035084572,0.450341725857472,
876,OVERALL,CHANGE_MAGNITUDE_ONLY,0.4961149961149961,0.34547774450768876,
876,OVERALL,CHANGE_MAGNITUDE_IOU_ONLY,0.4961149961149961,0.34547774450768876,
877,OVERALL,SOURCE_STATE,0.5595217647347499,0.3625402827460586,
877,OVERALL,SOURCE_PLUS_SIMPLE_MASK_CHANGE,0.4913505422780586,0.3162342331569171,
877,OVERALL,FROZEN_FULL_TRANSITION_SAFETTA,0.6870000490749374,0.47974313327232626,
877,OVERALL,CHANGE_MAGNITUDE_ONLY,0.4663284585562153,0.31704771143602695,
877,OVERALL,CHANGE_MAGNITUDE_IOU_ONLY,0.4663284585562153,0.31704771143602695,
878,OVERALL,SOURCE_STATE,0.5199123855037834,0.3897962787945903,
878,OVERALL,SOURCE_PLUS_SIMPLE_MASK_CHANGE,0.47938514978538876,0.36463147637684207,
878,OVERALL,FROZEN_FULL_TRANSITION_SAFETTA,0.6174498871631489,0.5103909860929181,
878,OVERALL,CHANGE_MAGNITUDE_ONLY,0.49819129165007303,0.38939075560803377,
878,OVERALL,CHANGE_MAGNITUDE_IOU_ONLY,0.49819129165007303,0.38939075560803377,
879,OVERALL,SOURCE_STATE,0.5276836366315479,0.3419346073134235,
879,OVERALL,SOURCE_PLUS_SIMPLE_MASK_CHANGE,0.46151673665856235,0.31616019816903246,
879,OVERALL,FROZEN_FULL_TRANSITION_SAFETTA,0.6675876126623935,0.46936519020441614,
879,OVERALL,CHANGE_MAGNITUDE_ONLY,0.48998010756649235,0.34922816793248046,
879,OVERALL,CHANGE_MAGNITUDE_IOU_ONLY,0.48998010756649235,0.34922816793248046,
880,OVERALL,SOURCE_STATE,0.5469835032688595,0.40363035354546656,
880,OVERALL,SOURCE_PLUS_SIMPLE_MASK_CHANGE,0.49357519505888464,0.3622850254288368,
880,OVERALL,FROZEN_FULL_TRANSITION_SAFETTA,0.6542461298736493,0.4951259521312896,
880,OVERALL,CHANGE_MAGNITUDE_ONLY,0.4835964228854036,0.36482655746148107,
880,OVERALL,CHANGE_MAGNITUDE_IOU_ONLY,0.4835964228854036,0.36482655746148107,
881,OVERALL,SOURCE_STATE,0.48344737948698346,0.28749235273654583,
881,OVERALL,SOURCE_PLUS_SIMPLE_MASK_CHANGE,0.47410706321597407,0.2846660153953625,
881,OVERALL,FROZEN_FULL_TRANSITION_SAFETTA,0.6072862112466073,0.38667121309642427,
881,OVERALL,CHANGE_MAGNITUDE_ONLY,0.4881302802094881,0.3056751485921729,
881,OVERALL,CHANGE_MAGNITUDE_IOU_ONLY,0.4881302802094881,0.3056751485921729,
882,OVERALL,SOURCE_STATE,0.5143081316887926,0.3554815983649592,
882,OVERALL,SOURCE_PLUS_SIMPLE_MASK_CHANGE,0.4577597840755735,0.323460672921943,
882,OVERALL,FROZEN_FULL_TRANSITION_SAFETTA,0.6362112795405329,0.4732536168825224,
882,OVERALL,CHANGE_MAGNITUDE_ONLY,0.5162790697674419,0.3940919561482039,
882,OVERALL,CHANGE_MAGNITUDE_IOU_ONLY,0.5162790697674419,0.3940919561482039,
883,OVERALL,SOURCE_STATE,0.48087652165142125,0.3680413437748305,
883,OVERALL,SOURCE_PLUS_SIMPLE_MASK_CHANGE,0.45941737535224136,0.3516859204855962,
883,OVERALL,FROZEN_FULL_TRANSITION_SAFETTA,0.6217226575551451,0.4757541287716104,
883,OVERALL,CHANGE_MAGNITUDE_ONLY,0.48879446752444417,0.39060215489396155,
883,OVERALL,CHANGE_MAGNITUDE_IOU_ONLY,0.48879446752444417,0.39060215489396155,
884,OVERALL,SOURCE_STATE,0.5420164917541229,0.39470849863508445,
884,OVERALL,SOURCE_PLUS_SIMPLE_MASK_CHANGE,0.4877936031984008,0.36389247216066506,
884,OVERALL,FROZEN_FULL_TRANSITION_SAFETTA,0.6710957021489254,0.5055846933615664,
884,OVERALL,CHANGE_MAGNITUDE_ONLY,0.512743628185907,0.3806055823651031,
884,OVERALL,CHANGE_MAGNITUDE_IOU_ONLY,0.512743628185907,0.3806055823651031,
885,OVERALL,SOURCE_STATE,0.5070017459520222,0.36332592873798086,
885,OVERALL,SOURCE_PLUS_SIMPLE_MASK_CHANGE,0.4570567553992968,0.36665408913658226,
885,OVERALL,FROZEN_FULL_TRANSITION_SAFETTA,0.6204348138049797,0.4625065327270319,
885,OVERALL,CHANGE_MAGNITUDE_ONLY,0.5064935064935066,0.3979087884984063,
885,OVERALL,CHANGE_MAGNITUDE_IOU_ONLY,0.5064935064935066,0.3979087884984063,
886,OVERALL,SOURCE_STATE,0.5117161565402771,0.32503039519230836,
886,OVERALL,SOURCE_PLUS_SIMPLE_MASK_CHANGE,0.428512258261002,0.27352616554544384,
886,OVERALL,FROZEN_FULL_TRANSITION_SAFETTA,0.6177858991929344,0.3919925404915918,
886,OVERALL,CHANGE_MAGNITUDE_ONLY,0.45955839805086035,0.33003489929510177,
886,OVERALL,CHANGE_MAGNITUDE_IOU_ONLY,0.45955839805086035,0.33003489929510177,
887,OVERALL,SOURCE_STATE,0.46475773656020625,0.3202974602646548,
887,OVERALL,SOURCE_PLUS_SIMPLE_MASK_CHANGE,0.4617883356476889,0.31989771920681437,
887,OVERALL,FROZEN_FULL_TRANSITION_SAFETTA,0.6016353402102758,0.42708630242414325,
887,OVERALL,CHANGE_MAGNITUDE_ONLY,0.49869507538186864,0.36199295326210573,
887,OVERALL,CHANGE_MAGNITUDE_IOU_ONLY,0.49869507538186864,0.36199295326210573,
888,OVERALL,SOURCE_STATE,0.516047217776104,0.3703457892749547,
888,OVERALL,SOURCE_PLUS_SIMPLE_MASK_CHANGE,0.44578547217776104,0.31562059813429144,
888,OVERALL,FROZEN_FULL_TRANSITION_SAFETTA,0.6280011298371151,0.4381917251212737,
888,OVERALL,CHANGE_MAGNITUDE_ONLY,0.46386286602014876,0.364462781314487,
888,OVERALL,CHANGE_MAGNITUDE_IOU_ONLY,0.46386286602014876,0.364462781314487,
889,OVERALL,SOURCE_STATE,0.5217796998446701,0.38292263011205085,
889,OVERALL,SOURCE_PLUS_SIMPLE_MASK_CHANGE,0.5090068948562361,0.4034011330567837,
889,OVERALL,FROZEN_FULL_TRANSITION_SAFETTA,0.6694547811413948,0.5381469969447359,
889,OVERALL,CHANGE_MAGNITUDE_ONLY,0.4969213405299094,0.3812955326718175,
889,OVERALL,CHANGE_MAGNITUDE_IOU_ONLY,0.4969213405299094,0.3812955326718175,
890,OVERALL,SOURCE_STATE,0.5165951314264232,0.35915793848613,
890,OVERALL,SOURCE_PLUS_SIMPLE_MASK_CHANGE,0.4829662583414267,0.3579397775460759,
890,OVERALL,FROZEN_FULL_TRANSITION_SAFETTA,0.6233215326294683,0.4461473631864653,
890,OVERALL,CHANGE_MAGNITUDE_ONLY,0.5099219900372818,0.3837063941317179,
890,OVERALL,CHANGE_MAGNITUDE_IOU_ONLY,0.5099219900372818,0.3837063941317179,
891,OVERALL,SOURCE_STATE,0.5230296532005165,0.372133489626453,
891,OVERALL,SOURCE_PLUS_SIMPLE_MASK_CHANGE,0.4841184744512083,0.35507890056044256,
891,OVERALL,FROZEN_FULL_TRANSITION_SAFETTA,0.6520418280760008,0.4855628760093913,
891,OVERALL,CHANGE_MAGNITUDE_ONLY,0.4771576969193876,0.36589123154981973,
891,OVERALL,CHANGE_MAGNITUDE_IOU_ONLY,0.4771576969193876,0.36589123154981973,
892,OVERALL,SOURCE_STATE,0.532151657260949,0.39865448365245804,
892,OVERALL,SOURCE_PLUS_SIMPLE_MASK_CHANGE,0.4613000067256485,0.3344059766658326,
892,OVERALL,FROZEN_FULL_TRANSITION_SAFETTA,0.6241218442951214,0.4797434638673634,
892,OVERALL,CHANGE_MAGNITUDE_ONLY,0.5206263413083221,0.3982016759068895,
892,OVERALL,CHANGE_MAGNITUDE_IOU_ONLY,0.5206263413083221,0.3982016759068895,
893,OVERALL,SOURCE_STATE,0.5343915954744862,0.3670809535869122,
893,OVERALL,SOURCE_PLUS_SIMPLE_MASK_CHANGE,0.4807607942738398,0.3400853945292924,
893,OVERALL,FROZEN_FULL_TRANSITION_SAFETTA,0.6242322789194181,0.4462921294952279,
893,OVERALL,CHANGE_MAGNITUDE_ONLY,0.4537635649965366,0.33482882804111536,
893,OVERALL,CHANGE_MAGNITUDE_IOU_ONLY,0.4537635649965366,0.33482882804111536,
894,OVERALL,SOURCE_STATE,0.5091333769187356,0.37456404869221155,
894,OVERALL,SOURCE_PLUS_SIMPLE_MASK_CHANGE,0.481154901401997,0.3673714830236601,
894,OVERALL,FROZEN_FULL_TRANSITION_SAFETTA,0.6328265133354567,0.504607795208051,
894,OVERALL,CHANGE_MAGNITUDE_ONLY,0.5274895367095256,0.41620314851684753,
894,OVERALL,CHANGE_MAGNITUDE_IOU_ONLY,0.5274895367095256,0.41620314851684753,
895,OVERALL,SOURCE_STATE,0.5314798013561264,0.34387783964863294,
895,OVERALL,SOURCE_PLUS_SIMPLE_MASK_CHANGE,0.4588506350873842,0.30748822862787706,
895,OVERALL,FROZEN_FULL_TRANSITION_SAFETTA,0.6149842421927227,0.40512288801612867,
895,OVERALL,CHANGE_MAGNITUDE_ONLY,0.46456284022538435,0.32323314778102663,
895,OVERALL,CHANGE_MAGNITUDE_IOU_ONLY,0.46456284022538435,0.32323314778102663,
896,OVERALL,SOURCE_STATE,0.5221532515945895,0.3602070118502098,
896,OVERALL,SOURCE_PLUS_SIMPLE_MASK_CHANGE,0.4719585948232129,0.3344872967604789,
896,OVERALL,FROZEN_FULL_TRANSITION_SAFETTA,0.5931416975894481,0.4176988214952385,
896,OVERALL,CHANGE_MAGNITUDE_ONLY,0.5118390077349704,0.3765621668130713,
896,OVERALL,CHANGE_MAGNITUDE_IOU_ONLY,0.5118390077349704,0.3765621668130713,
897,OVERALL,SOURCE_STATE,0.5494739785397225,0.3858335500185596,
897,OVERALL,SOURCE_PLUS_SIMPLE_MASK_CHANGE,0.4848193585217807,0.3574931663258983,
897,OVERALL,FROZEN_FULL_TRANSITION_SAFETTA,0.6591054722542612,0.4661266481035841,
897,OVERALL,CHANGE_MAGNITUDE_ONLY,0.4627037386552957,0.3407202874948144,
897,OVERALL,CHANGE_MAGNITUDE_IOU_ONLY,0.4627037386552957,0.3407202874948144,
898,OVERALL,SOURCE_STATE,0.5394085565663741,0.367022156543278,
898,OVERALL,SOURCE_PLUS_SIMPLE_MASK_CHANGE,0.5032711565342927,0.3471583275244148,
898,OVERALL,FROZEN_FULL_TRANSITION_SAFETTA,0.6567004285157771,0.4854249323878936,
898,OVERALL,CHANGE_MAGNITUDE_ONLY,0.4833663695318408,0.34025726090770736,
898,OVERALL,CHANGE_MAGNITUDE_IOU_ONLY,0.4833663695318408,0.34025726090770736,
899,OVERALL,SOURCE_STATE,0.5091105165768972,0.3935544317165907,
899,OVERALL,SOURCE_PLUS_SIMPLE_MASK_CHANGE,0.45773568894598515,0.3717812192220045,
899,OVERALL,FROZEN_FULL_TRANSITION_SAFETTA,0.6107994389901824,0.4872040596304598,
899,OVERALL,CHANGE_MAGNITUDE_ONLY,0.5030289815786062,0.4161358380975535,
899,OVERALL,CHANGE_MAGNITUDE_IOU_ONLY,0.5030289815786062,0.4161358380975535,
900,OVERALL,SOURCE_STATE,0.5656590945760241,0.4176632999983888,
900,OVERALL,SOURCE_PLUS_SIMPLE_MASK_CHANGE,0.47393720895298186,0.35077253831278915,
900,OVERALL,FROZEN_FULL_TRANSITION_SAFETTA,0.6455415908623059,0.48377937139653904,
900,OVERALL,CHANGE_MAGNITUDE_ONLY,0.4678839873371945,0.35684141488342264,
900,OVERALL,CHANGE_MAGNITUDE_IOU_ONLY,0.4678839873371945,0.35684141488342264,
901,OVERALL,SOURCE_STATE,0.5216515495937522,0.3705927719167065,
901,OVERALL,SOURCE_PLUS_SIMPLE_MASK_CHANGE,0.5008608854178389,0.3586726981177787,
901,OVERALL,FROZEN_FULL_TRANSITION_SAFETTA,0.6496590218541107,0.49188783641301026,
901,OVERALL,CHANGE_MAGNITUDE_ONLY,0.5102462244829061,0.37716680867773544,
901,OVERALL,CHANGE_MAGNITUDE_IOU_ONLY,0.5102462244829061,0.37716680867773544,
902,OVERALL,SOURCE_STATE,0.52690087139459,0.4028360756560267,
902,OVERALL,SOURCE_PLUS_SIMPLE_MASK_CHANGE,0.48530941082250567,0.37615217889195396,
902,OVERALL,FROZEN_FULL_TRANSITION_SAFETTA,0.6101853954744857,0.4567228777919876,
902,OVERALL,CHANGE_MAGNITUDE_ONLY,0.5484317288038346,0.43815793497762234,
902,OVERALL,CHANGE_MAGNITUDE_IOU_ONLY,0.5484317288038346,0.43815793497762234,
903,OVERALL,SOURCE_STATE,0.5434424653253528,0.3821534906424119,
903,OVERALL,SOURCE_PLUS_SIMPLE_MASK_CHANGE,0.48510252157400063,0.3558717179434774,
903,OVERALL,FROZEN_FULL_TRANSITION_SAFETTA,0.6466611379534146,0.46942287762698115,
903,OVERALL,CHANGE_MAGNITUDE_ONLY,0.5393259777409196,0.40245452724868425,
903,OVERALL,CHANGE_MAGNITUDE_IOU_ONLY,0.5393259777409196,0.40245452724868425,
904,OVERALL,SOURCE_STATE,0.54039880762886,0.392428709210811,
904,OVERALL,SOURCE_PLUS_SIMPLE_MASK_CHANGE,0.48341967412380976,0.3694340964095222,
904,OVERALL,FROZEN_FULL_TRANSITION_SAFETTA,0.6686539518999797,0.5355178443658706,
904,OVERALL,CHANGE_MAGNITUDE_ONLY,0.481978409978873,0.3858387800259637,
904,OVERALL,CHANGE_MAGNITUDE_IOU_ONLY,0.481978409978873,0.3858387800259637,
905,OVERALL,SOURCE_STATE,0.5186837161384159,0.35466430595913484,
905,OVERALL,SOURCE_PLUS_SIMPLE_MASK_CHANGE,0.5010484213077996,0.3558426796304352,
905,OVERALL,FROZEN_FULL_TRANSITION_SAFETTA,0.6262105326949882,0.4586001938911374,
905,OVERALL,CHANGE_MAGNITUDE_ONLY,0.5025695412399248,0.3572396753788814,
905,OVERALL,CHANGE_MAGNITUDE_IOU_ONLY,0.5025695412399248,0.3572396753788814,
906,OVERALL,SOURCE_STATE,0.5132573983892115,0.3543858694831712,
906,OVERALL,SOURCE_PLUS_SIMPLE_MASK_CHANGE,0.47893449147780476,0.36460646799792995,
906,OVERALL,FROZEN_FULL_TRANSITION_SAFETTA,0.6463874321033902,0.4936722223313764,
906,OVERALL,CHANGE_MAGNITUDE_ONLY,0.5003394830492602,0.3705951857506862,
906,OVERALL,CHANGE_MAGNITUDE_IOU_ONLY,0.5003394830492602,0.3705951857506862,
907,OVERALL,SOURCE_STATE,0.5707097693472258,0.34370890781882707,
907,OVERALL,SOURCE_PLUS_SIMPLE_MASK_CHANGE,0.526271261911123,0.3198280185907256,
907,OVERALL,FROZEN_FULL_TRANSITION_SAFETTA,0.681411650954798,0.44258335495458856,
907,OVERALL,CHANGE_MAGNITUDE_ONLY,0.43787450860654176,0.2754833336929666,
907,OVERALL,CHANGE_MAGNITUDE_IOU_ONLY,0.43787450860654176,0.2754833336929666,
908,OVERALL,SOURCE_STATE,0.5531067193675889,0.35408648970239776,
908,OVERALL,SOURCE_PLUS_SIMPLE_MASK_CHANGE,0.4730814229249012,0.30730175597302367,
908,OVERALL,FROZEN_FULL_TRANSITION_SAFETTA,0.6770086956521739,0.4644051338401183,
908,OVERALL,CHANGE_MAGNITUDE_ONLY,0.46119209486166,0.3172574958654327,
908,OVERALL,CHANGE_MAGNITUDE_IOU_ONLY,0.46119209486166,0.3172574958654327,
909,OVERALL,SOURCE_STATE,0.5624433957767291,0.4033022459429899,
909,OVERALL,SOURCE_PLUS_SIMPLE_MASK_CHANGE,0.5095273845273846,0.35982769967300815,
909,OVERALL,FROZEN_FULL_TRANSITION_SAFETTA,0.614245197578531,0.4411186893833792,
909,OVERALL,CHANGE_MAGNITUDE_ONLY,0.48231862815196147,0.34305934946794353,
909,OVERALL,CHANGE_MAGNITUDE_IOU_ONLY,0.48231862815196147,0.34305934946794353,
910,OVERALL,SOURCE_STATE,0.5298563869992441,0.371438790929415,
910,OVERALL,SOURCE_PLUS_SIMPLE_MASK_CHANGE,0.5348662881130414,0.4026091173531937,
910,OVERALL,FROZEN_FULL_TRANSITION_SAFETTA,0.6513745994265474,0.5102388071135151,
910,OVERALL,CHANGE_MAGNITUDE_ONLY,0.5430026923533418,0.40393377649771844,
910,OVERALL,CHANGE_MAGNITUDE_IOU_ONLY,0.5430026923533418,0.40393377649771844,
911,OVERALL,SOURCE_STATE,0.5148871756058138,0.3510291268461283,
911,OVERALL,SOURCE_PLUS_SIMPLE_MASK_CHANGE,0.4611304247431144,0.3152518450037073,
911,OVERALL,FROZEN_FULL_TRANSITION_SAFETTA,0.592318448295768,0.4080078071879924,
911,OVERALL,CHANGE_MAGNITUDE_ONLY,0.5219651584929381,0.37380567980078006,
911,OVERALL,CHANGE_MAGNITUDE_IOU_ONLY,0.5219651584929381,0.37380567980078006,
912,OVERALL,SOURCE_STATE,0.5132472826086957,0.36851654311666904,
912,OVERALL,SOURCE_PLUS_SIMPLE_MASK_CHANGE,0.4740049552429667,0.36919635151541297,
912,OVERALL,FROZEN_FULL_TRANSITION_SAFETTA,0.5837995524296675,0.4447498494991683,
912,OVERALL,CHANGE_MAGNITUDE_ONLY,0.5407542092924126,0.39814857663571124,
912,OVERALL,CHANGE_MAGNITUDE_IOU_ONLY,0.5407542092924126,0.39814857663571124,
913,OVERALL,SOURCE_STATE,0.538320636615071,0.380771487033458,
913,OVERALL,SOURCE_PLUS_SIMPLE_MASK_CHANGE,0.5091404240865641,0.3670921737071574,
913,OVERALL,FROZEN_FULL_TRANSITION_SAFETTA,0.6686338492891455,0.49334268305008844,
913,OVERALL,CHANGE_MAGNITUDE_ONLY,0.465979669076617,0.33500818738218957,
913,OVERALL,CHANGE_MAGNITUDE_IOU_ONLY,0.465979669076617,0.33500818738218957,
914,OVERALL,SOURCE_STATE,0.5409001169472982,0.36995795718902735,
914,OVERALL,SOURCE_PLUS_SIMPLE_MASK_CHANGE,0.48375312802585413,0.35466939282096416,
914,OVERALL,FROZEN_FULL_TRANSITION_SAFETTA,0.6511952516881908,0.47946470092820376,
914,OVERALL,CHANGE_MAGNITUDE_ONLY,0.48665480427046265,0.3497250534416718,
914,OVERALL,CHANGE_MAGNITUDE_IOU_ONLY,0.48665480427046265,0.3497250534416718,
915,OVERALL,SOURCE_STATE,0.5098130954695703,0.3234375501599387,
915,OVERALL,SOURCE_PLUS_SIMPLE_MASK_CHANGE,0.4522044526540929,0.29086313585899615,
915,OVERALL,FROZEN_FULL_TRANSITION_SAFETTA,0.6197501458292826,0.4029371342438538,
915,OVERALL,CHANGE_MAGNITUDE_ONLY,0.4316364475986778,0.30372080626290077,
915,OVERALL,CHANGE_MAGNITUDE_IOU_ONLY,0.4316364475986778,0.30372080626290077,
916,OVERALL,SOURCE_STATE,0.5436410416161896,0.4286003907425706,
916,OVERALL,SOURCE_PLUS_SIMPLE_MASK_CHANGE,0.46271618612486015,0.37520887999090025,
916,OVERALL,FROZEN_FULL_TRANSITION_SAFETTA,0.6620746945415528,0.5488195281160066,
916,OVERALL,CHANGE_MAGNITUDE_ONLY,0.4511641456970452,0.3823848702654924,
916,OVERALL,CHANGE_MAGNITUDE_IOU_ONLY,0.4511641456970452,0.3823848702654924,
917,OVERALL,SOURCE_STATE,0.5523403657180828,0.3529295548333835,
917,OVERALL,SOURCE_PLUS_SIMPLE_MASK_CHANGE,0.4912467894245882,0.3267958094009813,
917,OVERALL,FROZEN_FULL_TRANSITION_SAFETTA,0.6677613504223263,0.4700510255808271,
917,OVERALL,CHANGE_MAGNITUDE_ONLY,0.46269982238010665,0.3157069944106574,
917,OVERALL,CHANGE_MAGNITUDE_IOU_ONLY,0.46269982238010665,0.3157069944106574,
918,OVERALL,SOURCE_STATE,0.5254223347042075,0.3687986392643964,
918,OVERALL,SOURCE_PLUS_SIMPLE_MASK_CHANGE,0.45243910155014233,0.32866896500011555,
918,OVERALL,FROZEN_FULL_TRANSITION_SAFETTA,0.6333185700727617,0.4575596738710255,
918,OVERALL,CHANGE_MAGNITUDE_ONLY,0.4867447010439734,0.38099438303377875,
918,OVERALL,CHANGE_MAGNITUDE_IOU_ONLY,0.4867447010439734,0.38099438303377875,
919,OVERALL,SOURCE_STATE,0.535737565182511,0.3593985419314853,
919,OVERALL,SOURCE_PLUS_SIMPLE_MASK_CHANGE,0.4724917268351384,0.3328613148218258,
919,OVERALL,FROZEN_FULL_TRANSITION_SAFETTA,0.6293810168471721,0.44537501748751207,
919,OVERALL,CHANGE_MAGNITUDE_ONLY,0.4635918070597673,0.3380448925555115,
919,OVERALL,CHANGE_MAGNITUDE_IOU_ONLY,0.4635918070597673,0.3380448925555115,
920,OVERALL,SOURCE_STATE,0.4902657210619632,0.36530307177186766,
920,OVERALL,SOURCE_PLUS_SIMPLE_MASK_CHANGE,0.4450770222662276,0.34059460618002735,
920,OVERALL,FROZEN_FULL_TRANSITION_SAFETTA,0.6102604250615947,0.4732367347336871,
920,OVERALL,CHANGE_MAGNITUDE_ONLY,0.5069394874392688,0.40982276708140386,
920,OVERALL,CHANGE_MAGNITUDE_IOU_ONLY,0.5069394874392688,0.40982276708140386,
921,OVERALL,SOURCE_STATE,0.5230320253708247,0.3798242740024339,
921,OVERALL,SOURCE_PLUS_SIMPLE_MASK_CHANGE,0.48831188698450806,0.3675715643406677,
921,OVERALL,FROZEN_FULL_TRANSITION_SAFETTA,0.6651368859548479,0.5351581331127563,
921,OVERALL,CHANGE_MAGNITUDE_ONLY,0.4875646479445042,0.37646000091010745,
921,OVERALL,CHANGE_MAGNITUDE_IOU_ONLY,0.4875646479445042,0.37646000091010745,
922,OVERALL,SOURCE_STATE,0.5308394160583941,0.3714502939923389,
922,OVERALL,SOURCE_PLUS_SIMPLE_MASK_CHANGE,0.484388980456793,0.3629102475946998,
922,OVERALL,FROZEN_FULL_TRANSITION_SAFETTA,0.6267836119613845,0.4585727711297869,
922,OVERALL,CHANGE_MAGNITUDE_ONLY,0.4852219213562515,0.36974869846469066,
922,OVERALL,CHANGE_MAGNITUDE_IOU_ONLY,0.4852219213562515,0.36974869846469066,
923,OVERALL,SOURCE_STATE,0.542126226404954,0.4296979824097618,
923,OVERALL,SOURCE_PLUS_SIMPLE_MASK_CHANGE,0.5268629710798336,0.44612436155287183,
923,OVERALL,FROZEN_FULL_TRANSITION_SAFETTA,0.6425316939466503,0.5473719446655148,
923,OVERALL,CHANGE_MAGNITUDE_ONLY,0.5237816566245275,0.41815729760847314,
923,OVERALL,CHANGE_MAGNITUDE_IOU_ONLY,0.5237816566245275,0.41815729760847314,
924,OVERALL,SOURCE_STATE,0.5271654858178869,0.40413633693865203,
924,OVERALL,SOURCE_PLUS_SIMPLE_MASK_CHANGE,0.4854004150862377,0.3682660546072468,
924,OVERALL,FROZEN_FULL_TRANSITION_SAFETTA,0.6339666976788568,0.5079375735430258,
924,OVERALL,CHANGE_MAGNITUDE_ONLY,0.5326224385123691,0.4210940912406145,
924,OVERALL,CHANGE_MAGNITUDE_IOU_ONLY,0.5326224385123691,0.4210940912406145,
925,OVERALL,SOURCE_STATE,0.5676579518042932,0.3918694204452419,
925,OVERALL,SOURCE_PLUS_SIMPLE_MASK_CHANGE,0.5067249823347384,0.34601059261617395,
925,OVERALL,FROZEN_FULL_TRANSITION_SAFETTA,0.724019882556468,0.5632215649456422,
925,OVERALL,CHANGE_MAGNITUDE_ONLY,0.4744706512999196,0.3290570076087691,
925,OVERALL,CHANGE_MAGNITUDE_IOU_ONLY,0.4744706512999196,0.3290570076087691,
926,OVERALL,SOURCE_STATE,0.5800031735182112,0.41246021856787307,
926,OVERALL,SOURCE_PLUS_SIMPLE_MASK_CHANGE,0.5308319500048823,0.39489853263818436,
926,OVERALL,FROZEN_FULL_TRANSITION_SAFETTA,0.6833256029684602,0.530561227988346,
926,OVERALL,CHANGE_MAGNITUDE_ONLY,0.46576872375744555,0.34011378203728165,
926,OVERALL,CHANGE_MAGNITUDE_IOU_ONLY,0.46576872375744555,0.34011378203728165,
927,OVERALL,SOURCE_STATE,0.5499957589979926,0.38219535029962426,
927,OVERALL,SOURCE_PLUS_SIMPLE_MASK_CHANGE,0.48515932030874487,0.3638802343366515,
927,OVERALL,FROZEN_FULL_TRANSITION_SAFETTA,0.6693714835025022,0.5168468942292417,
927,OVERALL,CHANGE_MAGNITUDE_ONLY,0.4856512765416042,0.36744385719221484,
927,OVERALL,CHANGE_MAGNITUDE_IOU_ONLY,0.4856512765416042,0.36744385719221484,
928,OVERALL,SOURCE_STATE,0.5161382662705913,0.3657015570041201,
928,OVERALL,SOURCE_PLUS_SIMPLE_MASK_CHANGE,0.4848231163921145,0.36582460624084784,
928,OVERALL,FROZEN_FULL_TRANSITION_SAFETTA,0.6103915743991358,0.458790478808541,
928,OVERALL,CHANGE_MAGNITUDE_ONLY,0.508822576289495,0.3817110373696616,
928,OVERALL,CHANGE_MAGNITUDE_IOU_ONLY,0.508822576289495,0.3817110373696616,
929,OVERALL,SOURCE_STATE,0.5169900527706011,0.3606213226088506,
929,OVERALL,SOURCE_PLUS_SIMPLE_MASK_CHANGE,0.49201505089212944,0.3540980277162685,
929,OVERALL,FROZEN_FULL_TRANSITION_SAFETTA,0.6366053417951254,0.4723488855487076,
929,OVERALL,CHANGE_MAGNITUDE_ONLY,0.5056440845485599,0.37366151926951724,
929,OVERALL,CHANGE_MAGNITUDE_IOU_ONLY,0.5056440845485599,0.37366151926951724,
930,OVERALL,SOURCE_STATE,0.5281559442987656,0.3676684810088602,
930,OVERALL,SOURCE_PLUS_SIMPLE_MASK_CHANGE,0.47264628758216887,0.3519048144222508,
930,OVERALL,FROZEN_FULL_TRANSITION_SAFETTA,0.6026856807596058,0.44717727871656565,
930,OVERALL,CHANGE_MAGNITUDE_ONLY,0.5045978663026689,0.37071960106800406,
930,OVERALL,CHANGE_MAGNITUDE_IOU_ONLY,0.5045978663026689,0.37071960106800406,
931,OVERALL,SOURCE_STATE,0.4979491241968137,0.3724524414851107,
931,OVERALL,SOURCE_PLUS_SIMPLE_MASK_CHANGE,0.46073409030895174,0.3577685002831492,
931,OVERALL,FROZEN_FULL_TRANSITION_SAFETTA,0.5983452160901329,0.45938877901214153,
931,OVERALL,CHANGE_MAGNITUDE_ONLY,0.5140040489393539,0.4098642269113212,
931,OVERALL,CHANGE_MAGNITUDE_IOU_ONLY,0.5140040489393539,0.4098642269113212,
932,OVERALL,SOURCE_STATE,0.5538127185108193,0.4059689482096326,
932,OVERALL,SOURCE_PLUS_SIMPLE_MASK_CHANGE,0.4752019748653501,0.35390365057475504,
932,OVERALL,FROZEN_FULL_TRANSITION_SAFETTA,0.6387484645185675,0.5043638783740122,
932,OVERALL,CHANGE_MAGNITUDE_ONLY,0.4998818860436549,0.3743496218311111,
932,OVERALL,CHANGE_MAGNITUDE_IOU_ONLY,0.4998818860436549,0.3743496218311111,
933,OVERALL,SOURCE_STATE,0.5271840315567906,0.37505647050029944,
933,OVERALL,SOURCE_PLUS_SIMPLE_MASK_CHANGE,0.4737441093438375,0.349840387057606,
933,OVERALL,FROZEN_FULL_TRANSITION_SAFETTA,0.6481627782350959,0.4743820667468481,
933,OVERALL,CHANGE_MAGNITUDE_ONLY,0.46730789416983876,0.353513888216061,
933,OVERALL,CHANGE_MAGNITUDE_IOU_ONLY,0.46730789416983876,0.353513888216061,
934,OVERALL,SOURCE_STATE,0.5343610733890557,0.3730721796356321,
934,OVERALL,SOURCE_PLUS_SIMPLE_MASK_CHANGE,0.49149181697046207,0.338692659451422,
934,OVERALL,FROZEN_FULL_TRANSITION_SAFETTA,0.6634661362201862,0.49754329726279795,
934,OVERALL,CHANGE_MAGNITUDE_ONLY,0.5009244560054574,0.36664930519194816,
934,OVERALL,CHANGE_MAGNITUDE_IOU_ONLY,0.5009244560054574,0.36664930519194816,
935,OVERALL,SOURCE_STATE,0.5557570048051571,0.42485286047320037,
935,OVERALL,SOURCE_PLUS_SIMPLE_MASK_CHANGE,0.48139853179046915,0.3796326295298489,
935,OVERALL,FROZEN_FULL_TRANSITION_SAFETTA,0.661760784941076,0.5314033663002854,
935,OVERALL,CHANGE_MAGNITUDE_ONLY,0.4701588486582888,0.3815796891762284,
935,OVERALL,CHANGE_MAGNITUDE_IOU_ONLY,0.4701588486582888,0.3815796891762284,
936,OVERALL,SOURCE_STATE,0.5427009313360149,0.3924244607452347,
936,OVERALL,SOURCE_PLUS_SIMPLE_MASK_CHANGE,0.4949166235229193,0.3661605175791465,
936,OVERALL,FROZEN_FULL_TRANSITION_SAFETTA,0.6427356359767649,0.48613212077058365,
936,OVERALL,CHANGE_MAGNITUDE_ONLY,0.4596572774493796,0.3516125214221478,
936,OVERALL,CHANGE_MAGNITUDE_IOU_ONLY,0.4596572774493796,0.3516125214221478,
937,OVERALL,SOURCE_STATE,0.5505337389866873,0.40229459480391433,
937,OVERALL,SOURCE_PLUS_SIMPLE_MASK_CHANGE,0.471472369261793,0.35471668867763795,
937,OVERALL,FROZEN_FULL_TRANSITION_SAFETTA,0.6487053678724888,0.5127124645527166,
937,OVERALL,CHANGE_MAGNITUDE_ONLY,0.5080397915457621,0.38693454822561746,
937,OVERALL,CHANGE_MAGNITUDE_IOU_ONLY,0.5080397915457621,0.38693454822561746,
938,OVERALL,SOURCE_STATE,0.5574337982615727,0.38883256747396117,
938,OVERALL,SOURCE_PLUS_SIMPLE_MASK_CHANGE,0.5066264908025067,0.3858705616282165,
938,OVERALL,FROZEN_FULL_TRANSITION_SAFETTA,0.6374886294724076,0.49652881948973193,
938,OVERALL,CHANGE_MAGNITUDE_ONLY,0.491105720638771,0.3614948272612049,
938,OVERALL,CHANGE_MAGNITUDE_IOU_ONLY,0.491105720638771,0.3614948272612049,
939,OVERALL,SOURCE_STATE,0.5056114343221896,0.3679075732902517,
939,OVERALL,SOURCE_PLUS_SIMPLE_MASK_CHANGE,0.49144856986165053,0.38502715212176963,
939,OVERALL,FROZEN_FULL_TRANSITION_SAFETTA,0.6214868463456418,0.471690350515218,
939,OVERALL,CHANGE_MAGNITUDE_ONLY,0.49493416105523236,0.38571349869806526,
939,OVERALL,CHANGE_MAGNITUDE_IOU_ONLY,0.49493416105523236,0.38571349869806526,
940,OVERALL,SOURCE_STATE,0.5376083089458885,0.39869369767629814,
940,OVERALL,SOURCE_PLUS_SIMPLE_MASK_CHANGE,0.493601882136914,0.3715630582176024,
940,OVERALL,FROZEN_FULL_TRANSITION_SAFETTA,0.6437654214724278,0.4966368762799547,
940,OVERALL,CHANGE_MAGNITUDE_ONLY,0.5167756928903426,0.39507275338038783,
940,OVERALL,CHANGE_MAGNITUDE_IOU_ONLY,0.5167756928903426,0.39507275338038783,
941,OVERALL,SOURCE_STATE,0.4452654128240505,0.2951797904953311,
941,OVERALL,SOURCE_PLUS_SIMPLE_MASK_CHANGE,0.45502626291966203,0.315315598197202,
941,OVERALL,FROZEN_FULL_TRANSITION_SAFETTA,0.6183586280347589,0.45905716870274826,
941,OVERALL,CHANGE_MAGNITUDE_ONLY,0.5306562099097136,0.3822015721329278,
941,OVERALL,CHANGE_MAGNITUDE_IOU_ONLY,0.5306562099097136,0.3822015721329278,
942,OVERALL,SOURCE_STATE,0.5055833749083809,0.35205441246779823,
942,OVERALL,SOURCE_PLUS_SIMPLE_MASK_CHANGE,0.49644302370701604,0.3624609344466288,
942,OVERALL,FROZEN_FULL_TRANSITION_SAFETTA,0.6616715016907186,0.5050754806817034,
942,OVERALL,CHANGE_MAGNITUDE_ONLY,0.4815406788743325,0.3517619881943106,
942,OVERALL,CHANGE_MAGNITUDE_IOU_ONLY,0.4815406788743325,0.3517619881943106,
943,OVERALL,SOURCE_STATE,0.488351068730422,0.3745277828217132,
943,OVERALL,SOURCE_PLUS_SIMPLE_MASK_CHANGE,0.42049590012898475,0.3347967847112856,
943,OVERALL,FROZEN_FULL_TRANSITION_SAFETTA,0.6107540998710153,0.4826301327985625,
943,OVERALL,CHANGE_MAGNITUDE_ONLY,0.4689198682513359,0.3923866671204283,
943,OVERALL,CHANGE_MAGNITUDE_IOU_ONLY,0.4689198682513359,0.3923866671204283,
944,OVERALL,SOURCE_STATE,0.5294486814736892,0.3644431257446222,
944,OVERALL,SOURCE_PLUS_SIMPLE_MASK_CHANGE,0.49331173643818593,0.35853943830864343,
944,OVERALL,FROZEN_FULL_TRANSITION_SAFETTA,0.6933499892413991,0.5170419525247855,
944,OVERALL,CHANGE_MAGNITUDE_ONLY,0.47027637650321563,0.34793407215583405,
944,OVERALL,CHANGE_MAGNITUDE_IOU_ONLY,0.47027637650321563,0.34793407215583405,
945,OVERALL,SOURCE_STATE,0.5349161005353242,0.3860422374327742,
945,OVERALL,SOURCE_PLUS_SIMPLE_MASK_CHANGE,0.5113426314905059,0.3822518004123252,
945,OVERALL,FROZEN_FULL_TRANSITION_SAFETTA,0.6285798305206809,0.4712935714599781,
945,OVERALL,CHANGE_MAGNITUDE_ONLY,0.5106374678925512,0.37739489886771027,
945,OVERALL,CHANGE_MAGNITUDE_IOU_ONLY,0.5106374678925512,0.37739489886771027,
946,OVERALL,SOURCE_STATE,0.5188932806324111,0.3573281477385555,
946,OVERALL,SOURCE_PLUS_SIMPLE_MASK_CHANGE,0.47770750988142296,0.31674653841667744,
946,OVERALL,FROZEN_FULL_TRANSITION_SAFETTA,0.6324967061923583,0.45685426089827286,
946,OVERALL,CHANGE_MAGNITUDE_ONLY,0.5148616600790514,0.37303222319244356,
946,OVERALL,CHANGE_MAGNITUDE_IOU_ONLY,0.5148616600790514,0.37303222319244356,
947,OVERALL,SOURCE_STATE,0.523072451130005,0.3269579497802577,
947,OVERALL,SOURCE_PLUS_SIMPLE_MASK_CHANGE,0.4370443039507788,0.2880767473666983,
947,OVERALL,FROZEN_FULL_TRANSITION_SAFETTA,0.6334629266283943,0.42856203153103495,
947,OVERALL,CHANGE_MAGNITUDE_ONLY,0.4488651503039992,0.3156499285473231,
947,OVERALL,CHANGE_MAGNITUDE_IOU_ONLY,0.4488651503039992,0.3156499285473231,
948,OVERALL,SOURCE_STATE,0.5375650364203954,0.38238953403048404,
948,OVERALL,SOURCE_PLUS_SIMPLE_MASK_CHANGE,0.49324199329402246,0.3575648491834179,
948,OVERALL,FROZEN_FULL_TRANSITION_SAFETTA,0.6499710949242689,0.48866034754366705,
948,OVERALL,CHANGE_MAGNITUDE_ONLY,0.49663833969244997,0.36711387116884,
948,OVERALL,CHANGE_MAGNITUDE_IOU_ONLY,0.49663833969244997,0.36711387116884,
949,OVERALL,SOURCE_STATE,0.5126452784503632,0.35008591933568944,
949,OVERALL,SOURCE_PLUS_SIMPLE_MASK_CHANGE,0.45268159806295405,0.32341071915566605,
949,OVERALL,FROZEN_FULL_TRANSITION_SAFETTA,0.6330508474576271,0.48368552152111793,
949,OVERALL,CHANGE_MAGNITUDE_ONLY,0.5057082324455207,0.3877701012772407,
949,OVERALL,CHANGE_MAGNITUDE_IOU_ONLY,0.5057082324455207,0.3877701012772407,
950,OVERALL,SOURCE_STATE,0.5257421875,0.4160380600013367,
950,OVERALL,SOURCE_PLUS_SIMPLE_MASK_CHANGE,0.471171875,0.39904881582848795,
950,OVERALL,FROZEN_FULL_TRANSITION_SAFETTA,0.6538002232142858,0.5339671362566871,
950,OVERALL,CHANGE_MAGNITUDE_ONLY,0.46060267857142856,0.4041189678904465,
950,OVERALL,CHANGE_MAGNITUDE_IOU_ONLY,0.46060267857142856,0.4041189678904465,
951,OVERALL,SOURCE_STATE,0.5077053364822635,0.37194694816971663,
951,OVERALL,SOURCE_PLUS_SIMPLE_MASK_CHANGE,0.4395679763353133,0.33097446029103084,
951,OVERALL,FROZEN_FULL_TRANSITION_SAFETTA,0.6061869319401703,0.46430066631987466,
951,OVERALL,CHANGE_MAGNITUDE_ONLY,0.4735889453469787,0.39287976274753134,
951,OVERALL,CHANGE_MAGNITUDE_IOU_ONLY,0.4735889453469787,0.39287976274753134,
952,OVERALL,SOURCE_STATE,0.5535766475601973,0.3899866985970756,
952,OVERALL,SOURCE_PLUS_SIMPLE_MASK_CHANGE,0.49771855633823814,0.3412871828787236,
952,OVERALL,FROZEN_FULL_TRANSITION_SAFETTA,0.6715436874094133,0.505905412946535,
952,OVERALL,CHANGE_MAGNITUDE_ONLY,0.4520181083998879,0.32703354225683573,
952,OVERALL,CHANGE_MAGNITUDE_IOU_ONLY,0.4520181083998879,0.32703354225683573,
953,OVERALL,SOURCE_STATE,0.534607706732805,0.38873977085640116,
953,OVERALL,SOURCE_PLUS_SIMPLE_MASK_CHANGE,0.48761115480007255,0.3607224546201795,
953,OVERALL,FROZEN_FULL_TRANSITION_SAFETTA,0.6159155525981489,0.46647154636174426,
953,OVERALL,CHANGE_MAGNITUDE_ONLY,0.5013066360171798,0.37672650679935316,
953,OVERALL,CHANGE_MAGNITUDE_IOU_ONLY,0.5013066360171798,0.37672650679935316,
954,OVERALL,SOURCE_STATE,0.5528406951627927,0.3461092018565982,
954,OVERALL,SOURCE_PLUS_SIMPLE_MASK_CHANGE,0.48457285535937217,0.3191622594011504,
954,OVERALL,FROZEN_FULL_TRANSITION_SAFETTA,0.653594382683022,0.43431277615301994,
954,OVERALL,CHANGE_MAGNITUDE_ONLY,0.47240222209011223,0.316758282192793,
954,OVERALL,CHANGE_MAGNITUDE_IOU_ONLY,0.47240222209011223,0.316758282192793,
955,OVERALL,SOURCE_STATE,0.5134940106797518,0.4022842863902709,
955,OVERALL,SOURCE_PLUS_SIMPLE_MASK_CHANGE,0.47830189726567274,0.38994941812467676,
955,OVERALL,FROZEN_FULL_TRANSITION_SAFETTA,0.6536296723913986,0.5219131976107636,
955,OVERALL,CHANGE_MAGNITUDE_ONLY,0.487496808286244,0.404333128039741,
955,OVERALL,CHANGE_MAGNITUDE_IOU_ONLY,0.487496808286244,0.404333128039741,
956,OVERALL,SOURCE_STATE,0.5223336154588911,0.3678957828954174,
956,OVERALL,SOURCE_PLUS_SIMPLE_MASK_CHANGE,0.5022947536567048,0.3639065816779472,
956,OVERALL,FROZEN_FULL_TRANSITION_SAFETTA,0.6542134061296745,0.4829138204016661,
956,OVERALL,CHANGE_MAGNITUDE_ONLY,0.49011169787929,0.3531875630910237,
956,OVERALL,CHANGE_MAGNITUDE_IOU_ONLY,0.49011169787929,0.3531875630910237,
957,OVERALL,SOURCE_STATE,0.5379983532266073,0.37222498696282813,
957,OVERALL,SOURCE_PLUS_SIMPLE_MASK_CHANGE,0.5094438054293239,0.3622949179579842,
957,OVERALL,FROZEN_FULL_TRANSITION_SAFETTA,0.6260630173665453,0.4529640008651534,
957,OVERALL,CHANGE_MAGNITUDE_ONLY,0.5047077605767478,0.36230376486571747,
957,OVERALL,CHANGE_MAGNITUDE_IOU_ONLY,0.5047077605767478,0.36230376486571747,
958,OVERALL,SOURCE_STATE,0.5166535277887269,0.31526210660606113,
958,OVERALL,SOURCE_PLUS_SIMPLE_MASK_CHANGE,0.49366049139403495,0.31079331205824523,
958,OVERALL,FROZEN_FULL_TRANSITION_SAFETTA,0.6774274076993825,0.4686005939270613,
958,OVERALL,CHANGE_MAGNITUDE_ONLY,0.5108461437393247,0.32741252388118264,
958,OVERALL,CHANGE_MAGNITUDE_IOU_ONLY,0.5108461437393247,0.32741252388118264,
959,OVERALL,SOURCE_STATE,0.5137004522479383,0.3844541899554415,
959,OVERALL,SOURCE_PLUS_SIMPLE_MASK_CHANGE,0.49605794577861617,0.36320696548700404,
959,OVERALL,FROZEN_FULL_TRANSITION_SAFETTA,0.6355836900529639,0.4973722723033913,
959,OVERALL,CHANGE_MAGNITUDE_ONLY,0.49286560739074703,0.37414901311182447,
959,OVERALL,CHANGE_MAGNITUDE_IOU_ONLY,0.49286560739074703,0.37414901311182447,
960,OVERALL,SOURCE_STATE,0.5149450138950991,0.381663273487703,
960,OVERALL,SOURCE_PLUS_SIMPLE_MASK_CHANGE,0.4897527181756952,0.38440757062336417,
960,OVERALL,FROZEN_FULL_TRANSITION_SAFETTA,0.6503585558152829,0.4975035054006495,
960,OVERALL,CHANGE_MAGNITUDE_ONLY,0.48662278343455156,0.3760955197901852,
960,OVERALL,CHANGE_MAGNITUDE_IOU_ONLY,0.48662278343455156,0.3760955197901852,
961,OVERALL,SOURCE_STATE,0.5186713697824809,0.3602075456775059,
961,OVERALL,SOURCE_PLUS_SIMPLE_MASK_CHANGE,0.484238683127572,0.35512462650950416,
961,OVERALL,FROZEN_FULL_TRANSITION_SAFETTA,0.6344738389182834,0.46249888743664136,
961,OVERALL,CHANGE_MAGNITUDE_ONLY,0.49725455614344505,0.3634379088724125,
961,OVERALL,CHANGE_MAGNITUDE_IOU_ONLY,0.49725455614344505,0.3634379088724125,
962,OVERALL,SOURCE_STATE,0.49876940976417417,0.3197897226931787,
962,OVERALL,SOURCE_PLUS_SIMPLE_MASK_CHANGE,0.5018506798611511,0.3377630245905403,
962,OVERALL,FROZEN_FULL_TRANSITION_SAFETTA,0.6611433941276873,0.4456076099396185,
962,OVERALL,CHANGE_MAGNITUDE_ONLY,0.5137602362733253,0.342514721616621,
962,OVERALL,CHANGE_MAGNITUDE_IOU_ONLY,0.5137602362733253,0.342514721616621,
963,OVERALL,SOURCE_STATE,0.5093391254272086,0.37467178696316983,
963,OVERALL,SOURCE_PLUS_SIMPLE_MASK_CHANGE,0.500369308579226,0.3623745440549654,
963,OVERALL,FROZEN_FULL_TRANSITION_SAFETTA,0.6022108439014009,0.45785214976998445,
963,OVERALL,CHANGE_MAGNITUDE_ONLY,0.5288937017238573,0.3993555541877263,
963,OVERALL,CHANGE_MAGNITUDE_IOU_ONLY,0.5288937017238573,0.3993555541877263,
964,OVERALL,SOURCE_STATE,0.5081527651192191,0.3598965800085252,
964,OVERALL,SOURCE_PLUS_SIMPLE_MASK_CHANGE,0.4619292623408697,0.3251228538358518,
964,OVERALL,FROZEN_FULL_TRANSITION_SAFETTA,0.6328933055008379,0.4487880905033597,
964,OVERALL,CHANGE_MAGNITUDE_ONLY,0.45898038985093936,0.33970903446693074,
964,OVERALL,CHANGE_MAGNITUDE_IOU_ONLY,0.45898038985093936,0.33970903446693074,
965,OVERALL,SOURCE_STATE,0.5388157445937649,0.3899418889143649,
965,OVERALL,SOURCE_PLUS_SIMPLE_MASK_CHANGE,0.46527730404529644,0.3432830094012571,
965,OVERALL,FROZEN_FULL_TRANSITION_SAFETTA,0.6036735111535576,0.465995925314063,
965,OVERALL,CHANGE_MAGNITUDE_ONLY,0.46504991245423744,0.3629746164611355,
965,OVERALL,CHANGE_MAGNITUDE_IOU_ONLY,0.46504991245423744,0.3629746164611355,
966,OVERALL,SOURCE_STATE,0.5267129005329737,0.3769103950373798,
966,OVERALL,SOURCE_PLUS_SIMPLE_MASK_CHANGE,0.4947473190778912,0.3419473952898985,
966,OVERALL,FROZEN_FULL_TRANSITION_SAFETTA,0.6418159635266165,0.48342331227345026,
966,OVERALL,CHANGE_MAGNITUDE_ONLY,0.5068194952802928,0.3644089991509625,
966,OVERALL,CHANGE_MAGNITUDE_IOU_ONLY,0.5068194952802928,0.3644089991509625,
967,OVERALL,SOURCE_STATE,0.5259627329192547,0.39118710092425135,
967,OVERALL,SOURCE_PLUS_SIMPLE_MASK_CHANGE,0.4848861283643892,0.39142701021987,
967,OVERALL,FROZEN_FULL_TRANSITION_SAFETTA,0.6383732623484177,0.5114283016217837,
967,OVERALL,CHANGE_MAGNITUDE_ONLY,0.5011328009464655,0.39942003671535187,
967,OVERALL,CHANGE_MAGNITUDE_IOU_ONLY,0.5011328009464655,0.39942003671535187,
968,OVERALL,SOURCE_STATE,0.5520845153530173,0.3918278962939089,
968,OVERALL,SOURCE_PLUS_SIMPLE_MASK_CHANGE,0.49388375734743434,0.3699713181608188,
968,OVERALL,FROZEN_FULL_TRANSITION_SAFETTA,0.6615811451784945,0.5216951113176567,
968,OVERALL,CHANGE_MAGNITUDE_ONLY,0.49825817579374987,0.38397987477121115,
968,OVERALL,CHANGE_MAGNITUDE_IOU_ONLY,0.49825817579374987,0.38397987477121115,
969,OVERALL,SOURCE_STATE,0.4639371330724071,0.3257486315619115,
969,OVERALL,SOURCE_PLUS_SIMPLE_MASK_CHANGE,0.43844789628180036,0.3213250627986405,
969,OVERALL,FROZEN_FULL_TRANSITION_SAFETTA,0.6094239236790606,0.44735962567291243,
969,OVERALL,CHANGE_MAGNITUDE_ONLY,0.48024706457925637,0.3725408114397327,
969,OVERALL,CHANGE_MAGNITUDE_IOU_ONLY,0.48024706457925637,0.3725408114397327,
970,OVERALL,SOURCE_STATE,0.5173339753324196,0.35019339033793384,
970,OVERALL,SOURCE_PLUS_SIMPLE_MASK_CHANGE,0.4469116140103955,0.3235090195706498,
970,OVERALL,FROZEN_FULL_TRANSITION_SAFETTA,0.6265293776312704,0.44710748223809044,
970,OVERALL,CHANGE_MAGNITUDE_ONLY,0.4782769732212304,0.36524314354965415,
970,OVERALL,CHANGE_MAGNITUDE_IOU_ONLY,0.4782769732212304,0.36524314354965415,
971,OVERALL,SOURCE_STATE,0.5100641824599005,0.34643014652239634,
971,OVERALL,SOURCE_PLUS_SIMPLE_MASK_CHANGE,0.4646472294377337,0.3294741502709396,
971,OVERALL,FROZEN_FULL_TRANSITION_SAFETTA,0.6249286537991124,0.4494910991397639,
971,OVERALL,CHANGE_MAGNITUDE_ONLY,0.5327610106116554,0.3934801484786675,
971,OVERALL,CHANGE_MAGNITUDE_IOU_ONLY,0.5327610106116554,0.3934801484786675,
972,OVERALL,SOURCE_STATE,0.5025357591275019,0.3680495666754799,
972,OVERALL,SOURCE_PLUS_SIMPLE_MASK_CHANGE,0.49111868829857946,0.35699465731821484,
972,OVERALL,FROZEN_FULL_TRANSITION_SAFETTA,0.6205285703734705,0.48615521080877866,
972,OVERALL,CHANGE_MAGNITUDE_ONLY,0.5602673625643172,0.43930329427860354,
972,OVERALL,CHANGE_MAGNITUDE_IOU_ONLY,0.5602673625643172,0.43930329427860354,
973,OVERALL,SOURCE_STATE,0.5206960342236097,0.37579532141651917,
973,OVERALL,SOURCE_PLUS_SIMPLE_MASK_CHANGE,0.47225112729795354,0.34333029918445596,
973,OVERALL,FROZEN_FULL_TRANSITION_SAFETTA,0.6336223840906463,0.5038619689027872,
973,OVERALL,CHANGE_MAGNITUDE_ONLY,0.4851081049832351,0.3702141163117719,
973,OVERALL,CHANGE_MAGNITUDE_IOU_ONLY,0.4851081049832351,0.3702141163117719,
974,OVERALL,SOURCE_STATE,0.5209587513935341,0.37083415075456794,
974,OVERALL,SOURCE_PLUS_SIMPLE_MASK_CHANGE,0.48254676080763037,0.36230355191551217,
974,OVERALL,FROZEN_FULL_TRANSITION_SAFETTA,0.6089310045831785,0.4485663151517608,
974,OVERALL,CHANGE_MAGNITUDE_ONLY,0.5013625665799579,0.38483591002673334,
974,OVERALL,CHANGE_MAGNITUDE_IOU_ONLY,0.5013625665799579,0.38483591002673334,
975,OVERALL,SOURCE_STATE,0.5353646353646353,0.3812844063904886,
975,OVERALL,SOURCE_PLUS_SIMPLE_MASK_CHANGE,0.4871239871239871,0.3523029436890034,
975,OVERALL,FROZEN_FULL_TRANSITION_SAFETTA,0.6433455433455434,0.47038255586068106,
975,OVERALL,CHANGE_MAGNITUDE_ONLY,0.489010989010989,0.3647835370303635,
975,OVERALL,CHANGE_MAGNITUDE_IOU_ONLY,0.489010989010989,0.3647835370303635,
976,OVERALL,SOURCE_STATE,0.5242367281840965,0.4124695700660952,
976,OVERALL,SOURCE_PLUS_SIMPLE_MASK_CHANGE,0.485144679881522,0.37989389105538707,
976,OVERALL,FROZEN_FULL_TRANSITION_SAFETTA,0.6481829573934837,0.514046820932845,
976,OVERALL,CHANGE_MAGNITUDE_ONLY,0.4805137844611529,0.3897231652770399,
976,OVERALL,CHANGE_MAGNITUDE_IOU_ONLY,0.4805137844611529,0.3897231652770399,
977,OVERALL,SOURCE_STATE,0.5713415194996321,0.4089717076576376,
977,OVERALL,SOURCE_PLUS_SIMPLE_MASK_CHANGE,0.493768395879323,0.3534872109058049,
977,OVERALL,FROZEN_FULL_TRANSITION_SAFETTA,0.6516395327446652,0.5036229797035244,
977,OVERALL,CHANGE_MAGNITUDE_ONLY,0.48006921449595297,0.3519357199655442,
977,OVERALL,CHANGE_MAGNITUDE_IOU_ONLY,0.48006921449595297,0.3519357199655442,
978,OVERALL,SOURCE_STATE,0.5153269024651661,0.382496094495721,
978,OVERALL,SOURCE_PLUS_SIMPLE_MASK_CHANGE,0.45816958437537214,0.3507725594194132,
978,OVERALL,FROZEN_FULL_TRANSITION_SAFETTA,0.6499821364773133,0.5107379092213264,
978,OVERALL,CHANGE_MAGNITUDE_ONLY,0.5001071811361201,0.39420096545762506,
978,OVERALL,CHANGE_MAGNITUDE_IOU_ONLY,0.5001071811361201,0.39420096545762506,
979,OVERALL,SOURCE_STATE,0.49995350783392994,0.35790807269666036,
979,OVERALL,SOURCE_PLUS_SIMPLE_MASK_CHANGE,0.4760216653493886,0.3672221964650793,
979,OVERALL,FROZEN_FULL_TRANSITION_SAFETTA,0.6574457203961133,0.5060796698818306,
979,OVERALL,CHANGE_MAGNITUDE_ONLY,0.5070435631596076,0.3986013305976047,
979,OVERALL,CHANGE_MAGNITUDE_IOU_ONLY,0.5070435631596076,0.3986013305976047,
980,OVERALL,SOURCE_STATE,0.5269278429129731,0.3921282292081749,
980,OVERALL,SOURCE_PLUS_SIMPLE_MASK_CHANGE,0.44631708130778763,0.3413012957541657,
980,OVERALL,FROZEN_FULL_TRANSITION_SAFETTA,0.6042321990277381,0.4546682331808223,
980,OVERALL,CHANGE_MAGNITUDE_ONLY,0.4833845677247164,0.39029516484642623,
980,OVERALL,CHANGE_MAGNITUDE_IOU_ONLY,0.4833845677247164,0.39029516484642623,
981,OVERALL,SOURCE_STATE,0.4987363834422658,0.3869645054186455,
981,OVERALL,SOURCE_PLUS_SIMPLE_MASK_CHANGE,0.43952692187986303,0.354674705171112,
981,OVERALL,FROZEN_FULL_TRANSITION_SAFETTA,0.6056333644568939,0.4722582020585088,
981,OVERALL,CHANGE_MAGNITUDE_ONLY,0.5214254590725179,0.4291907298657336,
981,OVERALL,CHANGE_MAGNITUDE_IOU_ONLY,0.5214254590725179,0.4291907298657336,
982,OVERALL,SOURCE_STATE,0.5186829922027291,0.35124421909664505,
982,OVERALL,SOURCE_PLUS_SIMPLE_MASK_CHANGE,0.5008223684210527,0.37339636833366596,
982,OVERALL,FROZEN_FULL_TRANSITION_SAFETTA,0.6383040935672515,0.46713020613768097,
982,OVERALL,CHANGE_MAGNITUDE_ONLY,0.5112024853801169,0.3670734858779847,
982,OVERALL,CHANGE_MAGNITUDE_IOU_ONLY,0.5112024853801169,0.3670734858779847,
983,OVERALL,SOURCE_STATE,0.5123274870615296,0.3523347742039493,
983,OVERALL,SOURCE_PLUS_SIMPLE_MASK_CHANGE,0.48149678934253404,0.3513038105891997,
983,OVERALL,FROZEN_FULL_TRANSITION_SAFETTA,0.667840713053479,0.48424379639648707,
983,OVERALL,CHANGE_MAGNITUDE_ONLY,0.48612408951504693,0.3525715166520015,
983,OVERALL,CHANGE_MAGNITUDE_IOU_ONLY,0.48612408951504693,0.3525715166520015,
984,OVERALL,SOURCE_STATE,0.5347358444160503,0.38163366020778444,
984,OVERALL,SOURCE_PLUS_SIMPLE_MASK_CHANGE,0.47693775082333034,0.3539357467205744,
984,OVERALL,FROZEN_FULL_TRANSITION_SAFETTA,0.6617836725634519,0.49679511464843196,
984,OVERALL,CHANGE_MAGNITUDE_ONLY,0.4863918032885226,0.37681296243002016,
984,OVERALL,CHANGE_MAGNITUDE_IOU_ONLY,0.4863918032885226,0.37681296243002016,
985,OVERALL,SOURCE_STATE,0.513109741700902,0.36858982580088373,
985,OVERALL,SOURCE_PLUS_SIMPLE_MASK_CHANGE,0.48367332483354586,0.35464783722618864,
985,OVERALL,FROZEN_FULL_TRANSITION_SAFETTA,0.6290137885441753,0.4691564077973852,
985,OVERALL,CHANGE_MAGNITUDE_ONLY,0.45987982244888326,0.3569106844250577,
985,OVERALL,CHANGE_MAGNITUDE_IOU_ONLY,0.45987982244888326,0.3569106844250577,
986,OVERALL,SOURCE_STATE,0.5131375676267317,0.3344835589738506,
986,OVERALL,SOURCE_PLUS_SIMPLE_MASK_CHANGE,0.4776870875942083,0.33546363613986163,
986,OVERALL,FROZEN_FULL_TRANSITION_SAFETTA,0.6442317916002126,0.44203333276612156,
986,OVERALL,CHANGE_MAGNITUDE_ONLY,0.47287738061731865,0.3377924063703934,
986,OVERALL,CHANGE_MAGNITUDE_IOU_ONLY,0.47287738061731865,0.3377924063703934,
987,OVERALL,SOURCE_STATE,0.5365072127867067,0.36450978409662727,
987,OVERALL,SOURCE_PLUS_SIMPLE_MASK_CHANGE,0.5173955444102486,0.35922388939136307,
987,OVERALL,FROZEN_FULL_TRANSITION_SAFETTA,0.654938764137442,0.4749511944203295,
987,OVERALL,CHANGE_MAGNITUDE_ONLY,0.5069373203135884,0.3535925336138345,
987,OVERALL,CHANGE_MAGNITUDE_IOU_ONLY,0.5069373203135884,0.3535925336138345,
988,OVERALL,SOURCE_STATE,0.5420569049975887,0.3610666139320662,
988,OVERALL,SOURCE_PLUS_SIMPLE_MASK_CHANGE,0.4960785806746364,0.33216748024754106,
988,OVERALL,FROZEN_FULL_TRANSITION_SAFETTA,0.6516091778979162,0.44884153253723597,
988,OVERALL,CHANGE_MAGNITUDE_ONLY,0.49826137719231445,0.3430225090886732,
988,OVERALL,CHANGE_MAGNITUDE_IOU_ONLY,0.49826137719231445,0.3430225090886732,
989,OVERALL,SOURCE_STATE,0.5658886223068855,0.38883255540639294,
989,OVERALL,SOURCE_PLUS_SIMPLE_MASK_CHANGE,0.5248664745668713,0.36593849291571445,
989,OVERALL,FROZEN_FULL_TRANSITION_SAFETTA,0.675644719867861,0.49824690640043373,
989,OVERALL,CHANGE_MAGNITUDE_ONLY,0.5354942550908456,0.3728918500424224,
989,OVERALL,CHANGE_MAGNITUDE_IOU_ONLY,0.5354942550908456,0.3728918500424224,
990,OVERALL,SOURCE_STATE,0.5363245598539716,0.3801674613153555,
990,OVERALL,SOURCE_PLUS_SIMPLE_MASK_CHANGE,0.4874050521109345,0.36795038937151314,
990,OVERALL,FROZEN_FULL_TRANSITION_SAFETTA,0.6211858917741271,0.47254542073586603,
990,OVERALL,CHANGE_MAGNITUDE_ONLY,0.5119766825649178,0.3899493047755991,
990,OVERALL,CHANGE_MAGNITUDE_IOU_ONLY,0.5119766825649178,0.3899493047755991,
991,OVERALL,SOURCE_STATE,0.50703721149317,0.3250673628652757,
991,OVERALL,SOURCE_PLUS_SIMPLE_MASK_CHANGE,0.4711446066886481,0.3261492527207225,
991,OVERALL,FROZEN_FULL_TRANSITION_SAFETTA,0.609671848013817,0.43544306821321127,
991,OVERALL,CHANGE_MAGNITUDE_ONLY,0.5069430051813472,0.35100482857306503,
991,OVERALL,CHANGE_MAGNITUDE_IOU_ONLY,0.5069430051813472,0.35100482857306503,
992,OVERALL,SOURCE_STATE,0.508188025850506,0.35714328526745603,
992,OVERALL,SOURCE_PLUS_SIMPLE_MASK_CHANGE,0.47955737105231067,0.34067522010114326,
992,OVERALL,FROZEN_FULL_TRANSITION_SAFETTA,0.6304901841238872,0.476798268432032,
992,OVERALL,CHANGE_MAGNITUDE_ONLY,0.48419704914034867,0.3626210821771479,
992,OVERALL,CHANGE_MAGNITUDE_IOU_ONLY,0.48419704914034867,0.3626210821771479,
993,OVERALL,SOURCE_STATE,0.5476809490755348,0.3980448691304317,
993,OVERALL,SOURCE_PLUS_SIMPLE_MASK_CHANGE,0.4674954250015776,0.33256894620422783,
993,OVERALL,FROZEN_FULL_TRANSITION_SAFETTA,0.6206221997854484,0.4437727828473561,
993,OVERALL,CHANGE_MAGNITUDE_ONLY,0.49503376033318613,0.3801013531044877,
993,OVERALL,CHANGE_MAGNITUDE_IOU_ONLY,0.49503376033318613,0.3801013531044877,
994,OVERALL,SOURCE_STATE,0.5439661141204741,0.3733222142331739,
994,OVERALL,SOURCE_PLUS_SIMPLE_MASK_CHANGE,0.4981294110117472,0.3531221652034481,
994,OVERALL,FROZEN_FULL_TRANSITION_SAFETTA,0.679148896556138,0.5102960177089696,
994,OVERALL,CHANGE_MAGNITUDE_ONLY,0.4603510772614344,0.33526243105372217,
994,OVERALL,CHANGE_MAGNITUDE_IOU_ONLY,0.4603510772614344,0.33526243105372217,
995,OVERALL,SOURCE_STATE,0.5335472234552432,0.40169929245855174,
995,OVERALL,SOURCE_PLUS_SIMPLE_MASK_CHANGE,0.4853264259185382,0.3654183779662802,
995,OVERALL,FROZEN_FULL_TRANSITION_SAFETTA,0.6203075747444837,0.4804256903689731,
995,OVERALL,CHANGE_MAGNITUDE_ONLY,0.5033263472549208,0.395362001965883,
995,OVERALL,CHANGE_MAGNITUDE_IOU_ONLY,0.5033263472549208,0.395362001965883,
996,OVERALL,SOURCE_STATE,0.48932346723044395,0.3819015118622815,
996,OVERALL,SOURCE_PLUS_SIMPLE_MASK_CHANGE,0.47169368099600656,0.39284121595146504,
996,OVERALL,FROZEN_FULL_TRANSITION_SAFETTA,0.6295630725863284,0.5075798270745835,
996,OVERALL,CHANGE_MAGNITUDE_ONLY,0.5024489076814658,0.42535803481297635,
996,OVERALL,CHANGE_MAGNITUDE_IOU_ONLY,0.5024489076814658,0.42535803481297635,
997,OVERALL,SOURCE_STATE,0.51112688973699,0.3281871032216748,
997,OVERALL,SOURCE_PLUS_SIMPLE_MASK_CHANGE,0.46322889855329724,0.3118495482406852,
997,OVERALL,FROZEN_FULL_TRANSITION_SAFETTA,0.6673885388006272,0.46136145364513015,
997,OVERALL,CHANGE_MAGNITUDE_ONLY,0.46949202686311053,0.32893490027943484,
997,OVERALL,CHANGE_MAGNITUDE_IOU_ONLY,0.46949202686311053,0.32893490027943484,
998,OVERALL,SOURCE_STATE,0.5100492648269399,0.3363856927498672,
998,OVERALL,SOURCE_PLUS_SIMPLE_MASK_CHANGE,0.49406669115132784,0.33566268175344055,
998,OVERALL,FROZEN_FULL_TRANSITION_SAFETTA,0.6653854434467649,0.47780196756064053,
998,OVERALL,CHANGE_MAGNITUDE_ONLY,0.48335254112789855,0.33355413133640055,
998,OVERALL,CHANGE_MAGNITUDE_IOU_ONLY,0.48335254112789855,0.33355413133640055,
999,OVERALL,SOURCE_STATE,0.4969188861985472,0.3435475751592693,
999,OVERALL,SOURCE_PLUS_SIMPLE_MASK_CHANGE,0.4331779661016949,0.3072377035281204,
999,OVERALL,FROZEN_FULL_TRANSITION_SAFETTA,0.6145702179176755,0.4433388290006346,
999,OVERALL,CHANGE_MAGNITUDE_ONLY,0.4707506053268765,0.36592584535242123,
999,OVERALL,CHANGE_MAGNITUDE_IOU_ONLY,0.4707506053268765,0.36592584535242123,
1000,OVERALL,SOURCE_STATE,0.5590063923105637,0.3911040611121712,
1000,OVERALL,SOURCE_PLUS_SIMPLE_MASK_CHANGE,0.494249253452781,0.3714501962360751,
1000,OVERALL,FROZEN_FULL_TRANSITION_SAFETTA,0.6363615154908547,0.49297447189397503,
1000,OVERALL,CHANGE_MAGNITUDE_ONLY,0.5046630039193729,0.36894717235181174,
1000,OVERALL,CHANGE_MAGNITUDE_IOU_ONLY,0.5046630039193729,0.36894717235181174,
1001,OVERALL,SOURCE_STATE,0.5376283300844704,0.36846751272515804,
1001,OVERALL,SOURCE_PLUS_SIMPLE_MASK_CHANGE,0.4566406757634828,0.3172908730520217,
1001,OVERALL,FROZEN_FULL_TRANSITION_SAFETTA,0.6233333333333333,0.4069044273409207,
1001,OVERALL,CHANGE_MAGNITUDE_ONLY,0.4851267056530214,0.34661244183270606,
1001,OVERALL,CHANGE_MAGNITUDE_IOU_ONLY,0.4851267056530214,0.34661244183270606,
1002,OVERALL,SOURCE_STATE,0.5203016101898582,0.33663017737652917,
1002,OVERALL,SOURCE_PLUS_SIMPLE_MASK_CHANGE,0.5303172314347513,0.3664854696831413,
1002,OVERALL,FROZEN_FULL_TRANSITION_SAFETTA,0.6647981254506129,0.4986734072639563,
1002,OVERALL,CHANGE_MAGNITUDE_ONLY,0.5005287190579188,0.339974872345816,
1002,OVERALL,CHANGE_MAGNITUDE_IOU_ONLY,0.5005287190579188,0.339974872345816,
1003,OVERALL,SOURCE_STATE,0.5171664744329104,0.3636772570147542,
1003,OVERALL,SOURCE_PLUS_SIMPLE_MASK_CHANGE,0.46625016019479687,0.3291157440450061,
1003,OVERALL,FROZEN_FULL_TRANSITION_SAFETTA,0.6534858387799565,0.4822035500197741,
1003,OVERALL,CHANGE_MAGNITUDE_ONLY,0.4790080738177624,0.3561226705293453,
1003,OVERALL,CHANGE_MAGNITUDE_IOU_ONLY,0.4790080738177624,0.3561226705293453,
1004,OVERALL,SOURCE_STATE,0.5343636156648452,0.3908492243879462,
1004,OVERALL,SOURCE_PLUS_SIMPLE_MASK_CHANGE,0.49694330601092895,0.3753219894916787,
1004,OVERALL,FROZEN_FULL_TRANSITION_SAFETTA,0.6478085154826958,0.5042313193797798,
1004,OVERALL,CHANGE_MAGNITUDE_ONLY,0.5227459016393443,0.4041359863059195,
1004,OVERALL,CHANGE_MAGNITUDE_IOU_ONLY,0.5227459016393443,0.4041359863059195,
1005,OVERALL,SOURCE_STATE,0.5256623582961182,0.38493535350409946,
1005,OVERALL,SOURCE_PLUS_SIMPLE_MASK_CHANGE,0.4931724493301271,0.3723238240491526,
1005,OVERALL,FROZEN_FULL_TRANSITION_SAFETTA,0.6246779457231193,0.47281117500780906,
1005,OVERALL,CHANGE_MAGNITUDE_ONLY,0.4830760477499141,0.3730555708126013,
1005,OVERALL,CHANGE_MAGNITUDE_IOU_ONLY,0.4830760477499141,0.3730555708126013,
1006,OVERALL,SOURCE_STATE,0.545543140487763,0.3465014402444041,
1006,OVERALL,SOURCE_PLUS_SIMPLE_MASK_CHANGE,0.4681372699245494,0.30339723843150845,
1006,OVERALL,FROZEN_FULL_TRANSITION_SAFETTA,0.646160352552512,0.43186934671617366,
1006,OVERALL,CHANGE_MAGNITUDE_ONLY,0.46883293595582065,0.3190692936750858,
1006,OVERALL,CHANGE_MAGNITUDE_IOU_ONLY,0.46883293595582065,0.3190692936750858,
1007,OVERALL,SOURCE_STATE,0.48064642334292496,0.3206593503157394,
1007,OVERALL,SOURCE_PLUS_SIMPLE_MASK_CHANGE,0.43929526982684636,0.29480670601580494,
1007,OVERALL,FROZEN_FULL_TRANSITION_SAFETTA,0.6043023373214196,0.4281607177947127,
1007,OVERALL,CHANGE_MAGNITUDE_ONLY,0.523123958806603,0.385484171355211,
1007,OVERALL,CHANGE_MAGNITUDE_IOU_ONLY,0.523123958806603,0.385484171355211,
1008,OVERALL,SOURCE_STATE,0.5640097949188858,0.4042745749702031,
1008,OVERALL,SOURCE_PLUS_SIMPLE_MASK_CHANGE,0.5103642485460667,0.36750326035913883,
1008,OVERALL,FROZEN_FULL_TRANSITION_SAFETTA,0.6564432200795837,0.48443799540359,
1008,OVERALL,CHANGE_MAGNITUDE_ONLY,0.49055402509947965,0.3541828466898552,
1008,OVERALL,CHANGE_MAGNITUDE_IOU_ONLY,0.49055402509947965,0.3541828466898552,
1009,OVERALL,SOURCE_STATE,0.5231576308597212,0.3764312824089331,
1009,OVERALL,SOURCE_PLUS_SIMPLE_MASK_CHANGE,0.4549045263614853,0.32488021846782783,
1009,OVERALL,FROZEN_FULL_TRANSITION_SAFETTA,0.6296001907638502,0.47312513101854703,
1009,OVERALL,CHANGE_MAGNITUDE_ONLY,0.49369317591239537,0.37575214875026297,
1009,OVERALL,CHANGE_MAGNITUDE_IOU_ONLY,0.49369317591239537,0.37575214875026297,
1010,OVERALL,SOURCE_STATE,0.5388673563610485,0.4117035227129635,
1010,OVERALL,SOURCE_PLUS_SIMPLE_MASK_CHANGE,0.4684844171808007,0.35672722862753115,
1010,OVERALL,FROZEN_FULL_TRANSITION_SAFETTA,0.6441035835484952,0.5001628000375361,
1010,OVERALL,CHANGE_MAGNITUDE_ONLY,0.48224105583230903,0.3819507273298237,
1010,OVERALL,CHANGE_MAGNITUDE_IOU_ONLY,0.48224105583230903,0.3819507273298237,
1011,OVERALL,SOURCE_STATE,0.5552798456024263,0.37664301563088576,
1011,OVERALL,SOURCE_PLUS_SIMPLE_MASK_CHANGE,0.5040291249968669,0.3464887028575041,
1011,OVERALL,FROZEN_FULL_TRANSITION_SAFETTA,0.6277915632754343,0.43989247646695534,
1011,OVERALL,CHANGE_MAGNITUDE_ONLY,0.4527878035942552,0.32341361275824726,
1011,OVERALL,CHANGE_MAGNITUDE_IOU_ONLY,0.4527878035942552,0.32341361275824726,
1012,OVERALL,SOURCE_STATE,0.5175935137854929,0.36318114903198806,
1012,OVERALL,SOURCE_PLUS_SIMPLE_MASK_CHANGE,0.45910094114149147,0.3484069296141083,
1012,OVERALL,FROZEN_FULL_TRANSITION_SAFETTA,0.6351104097338959,0.48497628367895357,
1012,OVERALL,CHANGE_MAGNITUDE_ONLY,0.5103376902580992,0.4002216073103802,
1012,OVERALL,CHANGE_MAGNITUDE_IOU_ONLY,0.5103376902580992,0.4002216073103802,
1013,OVERALL,SOURCE_STATE,0.5526564438828364,0.42471522664217143,
1013,OVERALL,SOURCE_PLUS_SIMPLE_MASK_CHANGE,0.5025386200380224,0.3959243355853446,
1013,OVERALL,FROZEN_FULL_TRANSITION_SAFETTA,0.6776749427956695,0.5503925206510737,
1013,OVERALL,CHANGE_MAGNITUDE_ONLY,0.5017872795783387,0.39288076221561763,
1013,OVERALL,CHANGE_MAGNITUDE_IOU_ONLY,0.5017872795783387,0.39288076221561763,
1014,OVERALL,SOURCE_STATE,0.5105198972282409,0.3301185084127741,
1014,OVERALL,SOURCE_PLUS_SIMPLE_MASK_CHANGE,0.47906084609100275,0.3079434645524574,
1014,OVERALL,FROZEN_FULL_TRANSITION_SAFETTA,0.6286008595886762,0.42241519631183555,
1014,OVERALL,CHANGE_MAGNITUDE_ONLY,0.4958322973276974,0.34363248411845737,
1014,OVERALL,CHANGE_MAGNITUDE_IOU_ONLY,0.4958322973276974,0.34363248411845737,
1015,OVERALL,SOURCE_STATE,0.5120204084071166,0.36792973058902345,
1015,OVERALL,SOURCE_PLUS_SIMPLE_MASK_CHANGE,0.4525576226834427,0.33402436181387707,
1015,OVERALL,FROZEN_FULL_TRANSITION_SAFETTA,0.6359524919047449,0.4673562271509085,
1015,OVERALL,CHANGE_MAGNITUDE_ONLY,0.4483367387174248,0.35098273005875635,
1015,OVERALL,CHANGE_MAGNITUDE_IOU_ONLY,0.4483367387174248,0.35098273005875635,
1016,OVERALL,SOURCE_STATE,0.5069442309702249,0.37652422943962716,
1016,OVERALL,SOURCE_PLUS_SIMPLE_MASK_CHANGE,0.5003412171924281,0.3772772030717142,
1016,OVERALL,FROZEN_FULL_TRANSITION_SAFETTA,0.649659090210448,0.5052815485412097,
1016,OVERALL,CHANGE_MAGNITUDE_ONLY,0.4855920271990064,0.37029433898712427,
1016,OVERALL,CHANGE_MAGNITUDE_IOU_ONLY,0.4855920271990064,0.37029433898712427,
1017,OVERALL,SOURCE_STATE,0.5864317806711902,0.45890384373925064,
1017,OVERALL,SOURCE_PLUS_SIMPLE_MASK_CHANGE,0.5211752704933065,0.3951422163466374,
1017,OVERALL,FROZEN_FULL_TRANSITION_SAFETTA,0.7145264074821199,0.572913864823543,
1017,OVERALL,CHANGE_MAGNITUDE_ONLY,0.4699821199339813,0.3587248171244716,
1017,OVERALL,CHANGE_MAGNITUDE_IOU_ONLY,0.4699821199339813,0.3587248171244716,
1018,OVERALL,SOURCE_STATE,0.5581627644151189,0.45170440086996744,
1018,OVERALL,SOURCE_PLUS_SIMPLE_MASK_CHANGE,0.48297354992636904,0.39260237190121755,
1018,OVERALL,FROZEN_FULL_TRANSITION_SAFETTA,0.6584435895386934,0.5350181045618778,
1018,OVERALL,CHANGE_MAGNITUDE_ONLY,0.4410381397047912,0.3818329792638284,
1018,OVERALL,CHANGE_MAGNITUDE_IOU_ONLY,0.4410381397047912,0.3818329792638284,
1019,OVERALL,SOURCE_STATE,0.529949977030269,0.38713298992880246,
1019,OVERALL,SOURCE_PLUS_SIMPLE_MASK_CHANGE,0.5092070338420703,0.3512994763302954,
1019,OVERALL,FROZEN_FULL_TRANSITION_SAFETTA,0.6255742432749732,0.4649517118472544,
1019,OVERALL,CHANGE_MAGNITUDE_ONLY,0.4929495686794957,0.35451763623621807,
1019,OVERALL,CHANGE_MAGNITUDE_IOU_ONLY,0.4929495686794957,0.35451763623621807,
1020,OVERALL,SOURCE_STATE,0.5837834549878346,0.41284520479924597,
1020,OVERALL,SOURCE_PLUS_SIMPLE_MASK_CHANGE,0.5490571776155718,0.39895909147809067,
1020,OVERALL,FROZEN_FULL_TRANSITION_SAFETTA,0.6589781021897809,0.4867812282527819,
1020,OVERALL,CHANGE_MAGNITUDE_ONLY,0.4817214111922141,0.3404106638462583,
1020,OVERALL,CHANGE_MAGNITUDE_IOU_ONLY,0.4817214111922141,0.3404106638462583,
1021,OVERALL,SOURCE_STATE,0.4832764880624931,0.3456541835089448,
1021,OVERALL,SOURCE_PLUS_SIMPLE_MASK_CHANGE,0.46987200645468885,0.3462386664759061,
1021,OVERALL,FROZEN_FULL_TRANSITION_SAFETTA,0.6002249361254752,0.45174094160813055,
1021,OVERALL,CHANGE_MAGNITUDE_ONLY,0.5182210486424371,0.384813569551643,
1021,OVERALL,CHANGE_MAGNITUDE_IOU_ONLY,0.5182210486424371,0.384813569551643,
1022,OVERALL,SOURCE_STATE,0.4995903402828126,0.3272505802841426,
1022,OVERALL,SOURCE_PLUS_SIMPLE_MASK_CHANGE,0.44862749258781165,0.3053647951426528,
1022,OVERALL,FROZEN_FULL_TRANSITION_SAFETTA,0.6129393526787029,0.4097891572722482,
1022,OVERALL,CHANGE_MAGNITUDE_ONLY,0.474922341485267,0.3450037570022011,
1022,OVERALL,CHANGE_MAGNITUDE_IOU_ONLY,0.474922341485267,0.3450037570022011,
1023,OVERALL,SOURCE_STATE,0.5226187346652647,0.3847387077297924,
1023,OVERALL,SOURCE_PLUS_SIMPLE_MASK_CHANGE,0.47644475113915175,0.3613621246715001,
1023,OVERALL,FROZEN_FULL_TRANSITION_SAFETTA,0.6278314493515598,0.4845535951583275,
1023,OVERALL,CHANGE_MAGNITUDE_ONLY,0.515195079740624,0.40318930364249733,
1023,OVERALL,CHANGE_MAGNITUDE_IOU_ONLY,0.515195079740624,0.40318930364249733,
1024,OVERALL,SOURCE_STATE,0.47167356938692173,0.3479264691595049,
1024,OVERALL,SOURCE_PLUS_SIMPLE_MASK_CHANGE,0.442932975558537,0.3275258315582714,
1024,OVERALL,FROZEN_FULL_TRANSITION_SAFETTA,0.6269672752727061,0.45561194389523524,
1024,OVERALL,CHANGE_MAGNITUDE_ONLY,0.4802134982208482,0.37994443913137627,
1024,OVERALL,CHANGE_MAGNITUDE_IOU_ONLY,0.4802134982208482,0.37994443913137627,
1025,OVERALL,SOURCE_STATE,0.5492008822018792,0.37736707109437095,
1025,OVERALL,SOURCE_PLUS_SIMPLE_MASK_CHANGE,0.46988730777364873,0.3280956742333284,
1025,OVERALL,FROZEN_FULL_TRANSITION_SAFETTA,0.6061149883682286,0.429715319419993,
1025,OVERALL,CHANGE_MAGNITUDE_ONLY,0.4869089700595184,0.35637396332576443,
1025,OVERALL,CHANGE_MAGNITUDE_IOU_ONLY,0.4869089700595184,0.35637396332576443,
1026,OVERALL,SOURCE_STATE,0.48081886797069007,0.3429522574314873,
1026,OVERALL,SOURCE_PLUS_SIMPLE_MASK_CHANGE,0.49422608780750366,0.3663652959373501,
1026,OVERALL,FROZEN_FULL_TRANSITION_SAFETTA,0.6249342483516214,0.4717957030098633,
1026,OVERALL,CHANGE_MAGNITUDE_ONLY,0.5136457607006986,0.37211589852451393,
1026,OVERALL,CHANGE_MAGNITUDE_IOU_ONLY,0.5136457607006986,0.37211589852451393,
1027,OVERALL,SOURCE_STATE,0.5325440990559908,0.3957146747034043,
1027,OVERALL,SOURCE_PLUS_SIMPLE_MASK_CHANGE,0.46026654379186893,0.3519701007176536,
1027,OVERALL,FROZEN_FULL_TRANSITION_SAFETTA,0.6594064202081783,0.5057973249913361,
1027,OVERALL,CHANGE_MAGNITUDE_ONLY,0.4430168125804889,0.3610724995517265,
1027,OVERALL,CHANGE_MAGNITUDE_IOU_ONLY,0.4430168125804889,0.3610724995517265,
1028,OVERALL,SOURCE_STATE,0.5442047287222712,0.38617031578701355,
1028,OVERALL,SOURCE_PLUS_SIMPLE_MASK_CHANGE,0.4898213796671028,0.35494793378220113,
1028,OVERALL,FROZEN_FULL_TRANSITION_SAFETTA,0.6519185710373369,0.5025148219801789,
1028,OVERALL,CHANGE_MAGNITUDE_ONLY,0.507074825791924,0.3703122124602435,
1028,OVERALL,CHANGE_MAGNITUDE_IOU_ONLY,0.507074825791924,0.3703122124602435,
1029,OVERALL,SOURCE_STATE,0.5530457067818867,0.4178300032521234,
1029,OVERALL,SOURCE_PLUS_SIMPLE_MASK_CHANGE,0.4986921252170966,0.3981633094764224,
1029,OVERALL,FROZEN_FULL_TRANSITION_SAFETTA,0.6528413182530606,0.5310685052133641,
1029,OVERALL,CHANGE_MAGNITUDE_ONLY,0.49773901808785526,0.40122232478975445,
1029,OVERALL,CHANGE_MAGNITUDE_IOU_ONLY,0.49773901808785526,0.40122232478975445,
1030,OVERALL,SOURCE_STATE,0.5339840135704739,0.34766636589837235,
1030,OVERALL,SOURCE_PLUS_SIMPLE_MASK_CHANGE,0.49681942017065905,0.3396753099146569,
1030,OVERALL,FROZEN_FULL_TRANSITION_SAFETTA,0.6523272848771461,0.472371373256115,
1030,OVERALL,CHANGE_MAGNITUDE_ONLY,0.47336023439909525,0.32669135133089405,
1030,OVERALL,CHANGE_MAGNITUDE_IOU_ONLY,0.47336023439909525,0.32669135133089405,
1031,OVERALL,SOURCE_STATE,0.5583936662726556,0.3781087672037683,
1031,OVERALL,SOURCE_PLUS_SIMPLE_MASK_CHANGE,0.519460451142632,0.36202441512088307,
1031,OVERALL,FROZEN_FULL_TRANSITION_SAFETTA,0.6445527974783294,0.4630855423051889,
1031,OVERALL,CHANGE_MAGNITUDE_ONLY,0.4995259554767534,0.3381716374376753,
1031,OVERALL,CHANGE_MAGNITUDE_IOU_ONLY,0.4995259554767534,0.3381716374376753,
1032,OVERALL,SOURCE_STATE,0.45706244815736463,0.31918416190990306,
1032,OVERALL,SOURCE_PLUS_SIMPLE_MASK_CHANGE,0.43383102263301343,0.30784622792942573,
1032,OVERALL,FROZEN_FULL_TRANSITION_SAFETTA,0.5981277402535845,0.4290447039204718,
1032,OVERALL,CHANGE_MAGNITUDE_ONLY,0.49484239838843463,0.37100653396321503,
1032,OVERALL,CHANGE_MAGNITUDE_IOU_ONLY,0.49484239838843463,0.37100653396321503,
1033,OVERALL,SOURCE_STATE,0.5319976449008708,0.4173790280016383,
1033,OVERALL,SOURCE_PLUS_SIMPLE_MASK_CHANGE,0.49078907143423267,0.41064104144019825,
1033,OVERALL,FROZEN_FULL_TRANSITION_SAFETTA,0.6522832006702974,0.5511283098134601,
1033,OVERALL,CHANGE_MAGNITUDE_ONLY,0.4952898017414146,0.4190343451960924,
1033,OVERALL,CHANGE_MAGNITUDE_IOU_ONLY,0.4952898017414146,0.4190343451960924,
1034,OVERALL,SOURCE_STATE,0.5248251535607857,0.3608130622725175,
1034,OVERALL,SOURCE_PLUS_SIMPLE_MASK_CHANGE,0.43729854649394884,0.3086906402344025,
1034,OVERALL,FROZEN_FULL_TRANSITION_SAFETTA,0.6189868028948489,0.462145559070102,
1034,OVERALL,CHANGE_MAGNITUDE_ONLY,0.4982636988384115,0.3779148445235289,
1034,OVERALL,CHANGE_MAGNITUDE_IOU_ONLY,0.4982636988384115,0.3779148445235289,
1035,OVERALL,SOURCE_STATE,0.5320753340103745,0.35389882200651535,
1035,OVERALL,SOURCE_PLUS_SIMPLE_MASK_CHANGE,0.49258396628578033,0.3428963452233863,
1035,OVERALL,FROZEN_FULL_TRANSITION_SAFETTA,0.6531947628632762,0.45830872640870984,
1035,OVERALL,CHANGE_MAGNITUDE_ONLY,0.45137161656764424,0.319049973330421,
1035,OVERALL,CHANGE_MAGNITUDE_IOU_ONLY,0.45137161656764424,0.319049973330421,
1036,OVERALL,SOURCE_STATE,0.5417061915139084,0.3541794637449188,
1036,OVERALL,SOURCE_PLUS_SIMPLE_MASK_CHANGE,0.4743814895526215,0.3160315372199819,
1036,OVERALL,FROZEN_FULL_TRANSITION_SAFETTA,0.6510126906806819,0.44238597919842226,
1036,OVERALL,CHANGE_MAGNITUDE_ONLY,0.50017946417126,0.3492061600832012,
1036,OVERALL,CHANGE_MAGNITUDE_IOU_ONLY,0.50017946417126,0.3492061600832012,
1037,OVERALL,SOURCE_STATE,0.5365012760109934,0.37005454088585366,
1037,OVERALL,SOURCE_PLUS_SIMPLE_MASK_CHANGE,0.47841823714173537,0.34031735299548727,
1037,OVERALL,FROZEN_FULL_TRANSITION_SAFETTA,0.6093197879858657,0.4304674104725375,
1037,OVERALL,CHANGE_MAGNITUDE_ONLY,0.5133183647428348,0.37026492370552155,
1037,OVERALL,CHANGE_MAGNITUDE_IOU_ONLY,0.5133183647428348,0.37026492370552155,
1038,OVERALL,SOURCE_STATE,0.5659094296502385,0.39375185215816255,
1038,OVERALL,SOURCE_PLUS_SIMPLE_MASK_CHANGE,0.4930445151033387,0.34200327127138985,
1038,OVERALL,FROZEN_FULL_TRANSITION_SAFETTA,0.6609201112877583,0.4623712990341305,
1038,OVERALL,CHANGE_MAGNITUDE_ONLY,0.4592327851748807,0.33559841553334,
1038,OVERALL,CHANGE_MAGNITUDE_IOU_ONLY,0.4592327851748807,0.33559841553334,
1039,OVERALL,SOURCE_STATE,0.5309090057603147,0.41071109332278233,
1039,OVERALL,SOURCE_PLUS_SIMPLE_MASK_CHANGE,0.4947782512995832,0.393902091642314,
1039,OVERALL,FROZEN_FULL_TRANSITION_SAFETTA,0.6329087247693532,0.5061877941085695,
1039,OVERALL,CHANGE_MAGNITUDE_ONLY,0.532559827658877,0.428914502091903,
1039,OVERALL,CHANGE_MAGNITUDE_IOU_ONLY,0.532559827658877,0.428914502091903,
1040,OVERALL,SOURCE_STATE,0.5461099708705688,0.3639444821429169,
1040,OVERALL,SOURCE_PLUS_SIMPLE_MASK_CHANGE,0.4972818345145967,0.33885499638946215,
1040,OVERALL,FROZEN_FULL_TRANSITION_SAFETTA,0.6766284282317098,0.48561259767606346,
1040,OVERALL,CHANGE_MAGNITUDE_ONLY,0.45749486891755964,0.31660732332697694,
1040,OVERALL,CHANGE_MAGNITUDE_IOU_ONLY,0.45749486891755964,0.31660732332697694,
1041,OVERALL,SOURCE_STATE,0.5236925170582343,0.3376227090738728,
1041,OVERALL,SOURCE_PLUS_SIMPLE_MASK_CHANGE,0.4848381751627069,0.3168200686304364,
1041,OVERALL,FROZEN_FULL_TRANSITION_SAFETTA,0.6367210388039389,0.42803525987434404,
1041,OVERALL,CHANGE_MAGNITUDE_ONLY,0.44649416271318854,0.3090297128438225,
1041,OVERALL,CHANGE_MAGNITUDE_IOU_ONLY,0.44649416271318854,0.3090297128438225,
1042,OVERALL,SOURCE_STATE,0.5118822479928635,0.34476056470621985,
1042,OVERALL,SOURCE_PLUS_SIMPLE_MASK_CHANGE,0.4909782931906036,0.3593681947012486,
1042,OVERALL,FROZEN_FULL_TRANSITION_SAFETTA,0.6229735355337496,0.4456403159903803,
1042,OVERALL,CHANGE_MAGNITUDE_ONLY,0.5190068391317276,0.37103502750554296,
1042,OVERALL,CHANGE_MAGNITUDE_IOU_ONLY,0.5190068391317276,0.37103502750554296,
1043,OVERALL,SOURCE_STATE,0.5080331061343719,0.3687538974374589,
1043,OVERALL,SOURCE_PLUS_SIMPLE_MASK_CHANGE,0.4865229707001859,0.3631373940840109,
1043,OVERALL,FROZEN_FULL_TRANSITION_SAFETTA,0.6281977516154731,0.48367040015032287,
1043,OVERALL,CHANGE_MAGNITUDE_ONLY,0.5026002478534124,0.3730620602261967,
1043,OVERALL,CHANGE_MAGNITUDE_IOU_ONLY,0.5026002478534124,0.3730620602261967,
1044,OVERALL,SOURCE_STATE,0.5350843933463796,0.36942971409190684,
1044,OVERALL,SOURCE_PLUS_SIMPLE_MASK_CHANGE,0.49326687866927593,0.3455384272982106,
1044,OVERALL,FROZEN_FULL_TRANSITION_SAFETTA,0.6254708904109589,0.46044727643463546,
1044,OVERALL,CHANGE_MAGNITUDE_ONLY,0.5004586594911937,0.3644964123083886,
1044,OVERALL,CHANGE_MAGNITUDE_IOU_ONLY,0.5004586594911937,0.3644964123083886,
1045,OVERALL,SOURCE_STATE,0.519106284047136,0.33802345360745883,
1045,OVERALL,SOURCE_PLUS_SIMPLE_MASK_CHANGE,0.4496900143596289,0.29875543341088595,
1045,OVERALL,FROZEN_FULL_TRANSITION_SAFETTA,0.6607081804298771,0.4524922170255922,
1045,OVERALL,CHANGE_MAGNITUDE_ONLY,0.44267829872586784,0.3125419616338518,
1045,OVERALL,CHANGE_MAGNITUDE_IOU_ONLY,0.44267829872586784,0.3125419616338518,
1046,OVERALL,SOURCE_STATE,0.5513114336643749,0.40613364608760033,
1046,OVERALL,SOURCE_PLUS_SIMPLE_MASK_CHANGE,0.5281095909438156,0.3952945367815989,
1046,OVERALL,FROZEN_FULL_TRANSITION_SAFETTA,0.6668113526402297,0.5136641805893349,
1046,OVERALL,CHANGE_MAGNITUDE_ONLY,0.5026911591082714,0.35740212658368886,
1046,OVERALL,CHANGE_MAGNITUDE_IOU_ONLY,0.5026911591082714,0.35740212658368886,
1047,OVERALL,SOURCE_STATE,0.5234863436684281,0.34505323486606687,
1047,OVERALL,SOURCE_PLUS_SIMPLE_MASK_CHANGE,0.4769720506780416,0.32646641946312904,
1047,OVERALL,FROZEN_FULL_TRANSITION_SAFETTA,0.6309097854459795,0.4557338603067149,
1047,OVERALL,CHANGE_MAGNITUDE_ONLY,0.48910040109505315,0.3567256161877749,
1047,OVERALL,CHANGE_MAGNITUDE_IOU_ONLY,0.48910040109505315,0.3567256161877749,
1048,OVERALL,SOURCE_STATE,0.5394624839687205,0.3926656030207111,
1048,OVERALL,SOURCE_PLUS_SIMPLE_MASK_CHANGE,0.4833785424871466,0.3529028322185388,
1048,OVERALL,FROZEN_FULL_TRANSITION_SAFETTA,0.6499506293341202,0.4818869371877385,
1048,OVERALL,CHANGE_MAGNITUDE_ONLY,0.4740633760455799,0.35243761141674007,
1048,OVERALL,CHANGE_MAGNITUDE_IOU_ONLY,0.4740633760455799,0.35243761141674007,
1049,OVERALL,SOURCE_STATE,0.5228272445247025,0.3822466501430082,
1049,OVERALL,SOURCE_PLUS_SIMPLE_MASK_CHANGE,0.468479418437746,0.34798089365085105,
1049,OVERALL,FROZEN_FULL_TRANSITION_SAFETTA,0.6572093346298097,0.5216319021015899,
1049,OVERALL,CHANGE_MAGNITUDE_ONLY,0.5212124369125342,0.4121229175115876,
1049,OVERALL,CHANGE_MAGNITUDE_IOU_ONLY,0.5212124369125342,0.4121229175115876,
1050,OVERALL,SOURCE_STATE,0.5659033650128464,0.36883721898365274,
1050,OVERALL,SOURCE_PLUS_SIMPLE_MASK_CHANGE,0.4808426251590212,0.321768655315417,
1050,OVERALL,FROZEN_FULL_TRANSITION_SAFETTA,0.6487315722517399,0.4422756422575251,
1050,OVERALL,CHANGE_MAGNITUDE_ONLY,0.4615418194517199,0.32562414505989695,
1050,OVERALL,CHANGE_MAGNITUDE_IOU_ONLY,0.4615418194517199,0.32562414505989695,
1051,OVERALL,SOURCE_STATE,0.553337818643941,0.4016311303808302,
1051,OVERALL,SOURCE_PLUS_SIMPLE_MASK_CHANGE,0.4989035907403254,0.35256640564161623,
1051,OVERALL,FROZEN_FULL_TRANSITION_SAFETTA,0.6285602152949092,0.4530827467284552,
1051,OVERALL,CHANGE_MAGNITUDE_ONLY,0.49294809498891135,0.3619767477605991,
1051,OVERALL,CHANGE_MAGNITUDE_IOU_ONLY,0.49294809498891135,0.3619767477605991,
1052,OVERALL,SOURCE_STATE,0.4834088411749843,0.33990021829990635,
1052,OVERALL,SOURCE_PLUS_SIMPLE_MASK_CHANGE,0.4534348722830398,0.3310635797330371,
1052,OVERALL,FROZEN_FULL_TRANSITION_SAFETTA,0.638167598027982,0.5058250402851765,
1052,OVERALL,CHANGE_MAGNITUDE_ONLY,0.4877336482921125,0.3669436638554313,
1052,OVERALL,CHANGE_MAGNITUDE_IOU_ONLY,0.4877336482921125,0.3669436638554313,
1053,OVERALL,SOURCE_STATE,0.5459541236127057,0.4108453716994552,
1053,OVERALL,SOURCE_PLUS_SIMPLE_MASK_CHANGE,0.4826767604286261,0.3594057138725845,
1053,OVERALL,FROZEN_FULL_TRANSITION_SAFETTA,0.6392078071182549,0.4849385612811678,
1053,OVERALL,CHANGE_MAGNITUDE_ONLY,0.4875233208955224,0.3732349092889712,
1053,OVERALL,CHANGE_MAGNITUDE_IOU_ONLY,0.4875233208955224,0.3732349092889712,
1054,OVERALL,SOURCE_STATE,0.5123840311493535,0.3360440521893948,
1054,OVERALL,SOURCE_PLUS_SIMPLE_MASK_CHANGE,0.4846897082151613,0.320107225565225,
1054,OVERALL,FROZEN_FULL_TRANSITION_SAFETTA,0.5942231889631303,0.4181429913335919,
1054,OVERALL,CHANGE_MAGNITUDE_ONLY,0.4825115367975773,0.3322223399351671,
1054,OVERALL,CHANGE_MAGNITUDE_IOU_ONLY,0.4825115367975773,0.3322223399351671,
1055,OVERALL,SOURCE_STATE,0.5388692259920049,0.37861961332088756,
1055,OVERALL,SOURCE_PLUS_SIMPLE_MASK_CHANGE,0.4797318074657373,0.34455405560544516,
1055,OVERALL,FROZEN_FULL_TRANSITION_SAFETTA,0.6319949834489993,0.4508166645474413,
1055,OVERALL,CHANGE_MAGNITUDE_ONLY,0.4886615094271364,0.3709055461191696,
1055,OVERALL,CHANGE_MAGNITUDE_IOU_ONLY,0.4886615094271364,0.3709055461191696,
1056,OVERALL,SOURCE_STATE,0.5267790852026009,0.4184377101721069,
1056,OVERALL,SOURCE_PLUS_SIMPLE_MASK_CHANGE,0.4699642270569442,0.3786215871701375,
1056,OVERALL,FROZEN_FULL_TRANSITION_SAFETTA,0.6332542128827593,0.5181823651652229,
1056,OVERALL,CHANGE_MAGNITUDE_ONLY,0.49837728080635363,0.41995647122157576,
1056,OVERALL,CHANGE_MAGNITUDE_IOU_ONLY,0.49837728080635363,0.41995647122157576,
1057,OVERALL,SOURCE_STATE,0.5581949710459538,0.37928818050079477,
1057,OVERALL,SOURCE_PLUS_SIMPLE_MASK_CHANGE,0.502156026522971,0.34593666493070535,
1057,OVERALL,FROZEN_FULL_TRANSITION_SAFETTA,0.6025339966047758,0.43913775225711277,
1057,OVERALL,CHANGE_MAGNITUDE_ONLY,0.5211107233483772,0.3601694425065579,
1057,OVERALL,CHANGE_MAGNITUDE_IOU_ONLY,0.5211107233483772,0.3601694425065579,
1058,OVERALL,SOURCE_STATE,0.5276069594469661,0.38361129737012045,
1058,OVERALL,SOURCE_PLUS_SIMPLE_MASK_CHANGE,0.48821701449984195,0.3532225395851786,
1058,OVERALL,FROZEN_FULL_TRANSITION_SAFETTA,0.6341637987080766,0.4712484931860053,
1058,OVERALL,CHANGE_MAGNITUDE_ONLY,0.50723202729382,0.3823866976325945,
1058,OVERALL,CHANGE_MAGNITUDE_IOU_ONLY,0.50723202729382,0.3823866976325945,
1059,OVERALL,SOURCE_STATE,0.5040840709043474,0.3457493844747386,
1059,OVERALL,SOURCE_PLUS_SIMPLE_MASK_CHANGE,0.4824384951113062,0.35528863174790115,
1059,OVERALL,FROZEN_FULL_TRANSITION_SAFETTA,0.6236010533245556,0.4719784191408274,
1059,OVERALL,CHANGE_MAGNITUDE_ONLY,0.48830553726867093,0.3539636335793985,
1059,OVERALL,CHANGE_MAGNITUDE_IOU_ONLY,0.48830553726867093,0.3539636335793985,
1060,OVERALL,SOURCE_STATE,0.5610952136375865,0.4194762880534933,
1060,OVERALL,SOURCE_PLUS_SIMPLE_MASK_CHANGE,0.5126018049746863,0.3865671039944259,
1060,OVERALL,FROZEN_FULL_TRANSITION_SAFETTA,0.6749150096607723,0.5334126690591617,
1060,OVERALL,CHANGE_MAGNITUDE_ONLY,0.506536307383765,0.37917933160089395,
1060,OVERALL,CHANGE_MAGNITUDE_IOU_ONLY,0.506536307383765,0.37917933160089395,
1061,OVERALL,SOURCE_STATE,0.5744746514042027,0.4285784586653752,
1061,OVERALL,SOURCE_PLUS_SIMPLE_MASK_CHANGE,0.50851499593188,0.3923533607928985,
1061,OVERALL,FROZEN_FULL_TRANSITION_SAFETTA,0.6915916168672671,0.5609319694782562,
1061,OVERALL,CHANGE_MAGNITUDE_ONLY,0.4682293858541649,0.3603360733566992,
1061,OVERALL,CHANGE_MAGNITUDE_IOU_ONLY,0.4682293858541649,0.3603360733566992,
1062,OVERALL,SOURCE_STATE,0.5423034673798834,0.39004588325087874,
1062,OVERALL,SOURCE_PLUS_SIMPLE_MASK_CHANGE,0.47713487439105934,0.349015373978944,
1062,OVERALL,FROZEN_FULL_TRANSITION_SAFETTA,0.6380146145763683,0.48282906672578213,
1062,OVERALL,CHANGE_MAGNITUDE_ONLY,0.5109698872862738,0.3860975569171034,
1062,OVERALL,CHANGE_MAGNITUDE_IOU_ONLY,0.5109698872862738,0.3860975569171034,
1063,OVERALL,SOURCE_STATE,0.5387913575817894,0.36624053064881357,
1063,OVERALL,SOURCE_PLUS_SIMPLE_MASK_CHANGE,0.48499033687840665,0.3369420536219578,
1063,OVERALL,FROZEN_FULL_TRANSITION_SAFETTA,0.6434481721077179,0.45541277829301635,
1063,OVERALL,CHANGE_MAGNITUDE_ONLY,0.4680220110865515,0.33025918185793196,
1063,OVERALL,CHANGE_MAGNITUDE_IOU_ONLY,0.4680220110865515,0.33025918185793196,
1064,OVERALL,SOURCE_STATE,0.5065148079512887,0.38319255857459406,
1064,OVERALL,SOURCE_PLUS_SIMPLE_MASK_CHANGE,0.45867816158104946,0.3641268788656378,
1064,OVERALL,FROZEN_FULL_TRANSITION_SAFETTA,0.6065504897616225,0.4691429836525647,
1064,OVERALL,CHANGE_MAGNITUDE_ONLY,0.4976778047629462,0.41220278644084163,
1064,OVERALL,CHANGE_MAGNITUDE_IOU_ONLY,0.4976778047629462,0.41220278644084163,
1065,OVERALL,SOURCE_STATE,0.5165330544905309,0.35851587025114107,
1065,OVERALL,SOURCE_PLUS_SIMPLE_MASK_CHANGE,0.4518124782154061,0.3332213634996585,
1065,OVERALL,FROZEN_FULL_TRANSITION_SAFETTA,0.612327175554781,0.453261349610525,
1065,OVERALL,CHANGE_MAGNITUDE_ONLY,0.49649994190774954,0.37721318600218506,
1065,OVERALL,CHANGE_MAGNITUDE_IOU_ONLY,0.49649994190774954,0.37721318600218506,
1066,OVERALL,SOURCE_STATE,0.5132047199850159,0.36049330589926654,
1066,OVERALL,SOURCE_PLUS_SIMPLE_MASK_CHANGE,0.4793851844914778,0.36883268546992276,
1066,OVERALL,FROZEN_FULL_TRANSITION_SAFETTA,0.6196794811762503,0.46957172533254765,
1066,OVERALL,CHANGE_MAGNITUDE_ONLY,0.4972841356059187,0.3758668009430506,
1066,OVERALL,CHANGE_MAGNITUDE_IOU_ONLY,0.4972841356059187,0.3758668009430506,
1067,OVERALL,SOURCE_STATE,0.5143119695439005,0.3622117492468825,
1067,OVERALL,SOURCE_PLUS_SIMPLE_MASK_CHANGE,0.4646210395940709,0.33264470235766075,
1067,OVERALL,FROZEN_FULL_TRANSITION_SAFETTA,0.6481053406619749,0.4950936039253777,
1067,OVERALL,CHANGE_MAGNITUDE_ONLY,0.49082778262929294,0.37348802314827223,
1067,OVERALL,CHANGE_MAGNITUDE_IOU_ONLY,0.49082778262929294,0.37348802314827223,
1068,OVERALL,SOURCE_STATE,0.5164477529299578,0.36537263246184315,
1068,OVERALL,SOURCE_PLUS_SIMPLE_MASK_CHANGE,0.4591713064074564,0.3294192399945462,
1068,OVERALL,FROZEN_FULL_TRANSITION_SAFETTA,0.6113137900273771,0.4482993085058106,
1068,OVERALL,CHANGE_MAGNITUDE_ONLY,0.49601341167061436,0.3761067612464549,
1068,OVERALL,CHANGE_MAGNITUDE_IOU_ONLY,0.49601341167061436,0.3761067612464549,
1069,OVERALL,SOURCE_STATE,0.5044015789983531,0.3582705903890146,
1069,OVERALL,SOURCE_PLUS_SIMPLE_MASK_CHANGE,0.45135861668119737,0.3284904642594382,
1069,OVERALL,FROZEN_FULL_TRANSITION_SAFETTA,0.6171897704155769,0.44468348779715205,
1069,OVERALL,CHANGE_MAGNITUDE_ONLY,0.4966882204785431,0.38084745309963597,
1069,OVERALL,CHANGE_MAGNITUDE_IOU_ONLY,0.4966882204785431,0.38084745309963597,
1070,OVERALL,SOURCE_STATE,0.534391248808046,0.3537487153790665,
1070,OVERALL,SOURCE_PLUS_SIMPLE_MASK_CHANGE,0.4889080800993145,0.3346984443241183,
1070,OVERALL,FROZEN_FULL_TRANSITION_SAFETTA,0.6665167353352164,0.4822982724070493,
1070,OVERALL,CHANGE_MAGNITUDE_ONLY,0.48641921999724125,0.34312349065106584,
1070,OVERALL,CHANGE_MAGNITUDE_IOU_ONLY,0.48641921999724125,0.34312349065106584,
1071,OVERALL,SOURCE_STATE,0.5339733163614078,0.3946289863197683,
1071,OVERALL,SOURCE_PLUS_SIMPLE_MASK_CHANGE,0.4904768639653019,0.3927473322176029,
1071,OVERALL,FROZEN_FULL_TRANSITION_SAFETTA,0.6474200315866393,0.5110890231896701,
1071,OVERALL,CHANGE_MAGNITUDE_ONLY,0.49144332084011033,0.38868141323695804,
1071,OVERALL,CHANGE_MAGNITUDE_IOU_ONLY,0.49144332084011033,0.38868141323695804,
1072,OVERALL,SOURCE_STATE,0.5280895002671906,0.39211569054129136,
1072,OVERALL,SOURCE_PLUS_SIMPLE_MASK_CHANGE,0.479627426982239,0.3684464039861947,
1072,OVERALL,FROZEN_FULL_TRANSITION_SAFETTA,0.6262432986847322,0.48057086395750653,
1072,OVERALL,CHANGE_MAGNITUDE_ONLY,0.4824659690978148,0.3796944938419363,
1072,OVERALL,CHANGE_MAGNITUDE_IOU_ONLY,0.4824659690978148,0.3796944938419363,
1073,OVERALL,SOURCE_STATE,0.5240203595744299,0.30790261221844817,
1073,OVERALL,SOURCE_PLUS_SIMPLE_MASK_CHANGE,0.48071747808600906,0.3106306324159539,
1073,OVERALL,FROZEN_FULL_TRANSITION_SAFETTA,0.6499310805730755,0.43519939774749833,
1073,OVERALL,CHANGE_MAGNITUDE_ONLY,0.4602862990566094,0.2992666740496208,
1073,OVERALL,CHANGE_MAGNITUDE_IOU_ONLY,0.4602862990566094,0.2992666740496208,
1074,OVERALL,SOURCE_STATE,0.5160752254564117,0.34102906384279985,
1074,OVERALL,SOURCE_PLUS_SIMPLE_MASK_CHANGE,0.47252364542855047,0.3140018117941372,
1074,OVERALL,FROZEN_FULL_TRANSITION_SAFETTA,0.6346200845614293,0.4485074702294021,
1074,OVERALL,CHANGE_MAGNITUDE_ONLY,0.5180334579759025,0.35721969007590704,
1074,OVERALL,CHANGE_MAGNITUDE_IOU_ONLY,0.5180334579759025,0.35721969007590704,
1075,OVERALL,SOURCE_STATE,0.4577566954208077,0.2997538856918677,
1075,OVERALL,SOURCE_PLUS_SIMPLE_MASK_CHANGE,0.43394874820161206,0.3047404186609891,
1075,OVERALL,FROZEN_FULL_TRANSITION_SAFETTA,0.6072982946165747,0.4184900462285106,
1075,OVERALL,CHANGE_MAGNITUDE_ONLY,0.4821846726181518,0.3475593540858639,
1075,OVERALL,CHANGE_MAGNITUDE_IOU_ONLY,0.4821846726181518,0.3475593540858639,
1076,OVERALL,SOURCE_STATE,0.530160399387124,0.40560495729466195,
1076,OVERALL,SOURCE_PLUS_SIMPLE_MASK_CHANGE,0.4622238806814005,0.3549049733517443,
1076,OVERALL,FROZEN_FULL_TRANSITION_SAFETTA,0.5989110707803993,0.4560322625137693,
1076,OVERALL,CHANGE_MAGNITUDE_ONLY,0.5074885085740455,0.40722902634147273,
1076,OVERALL,CHANGE_MAGNITUDE_IOU_ONLY,0.5074885085740455,0.40722902634147273,
1077,OVERALL,SOURCE_STATE,0.5545233816160631,0.38830728668630954,
1077,OVERALL,SOURCE_PLUS_SIMPLE_MASK_CHANGE,0.4506064104547781,0.3268776464848436,
1077,OVERALL,FROZEN_FULL_TRANSITION_SAFETTA,0.655054213927802,0.4815756482245732,
1077,OVERALL,CHANGE_MAGNITUDE_ONLY,0.4561468239326819,0.34787183340661376,
1077,OVERALL,CHANGE_MAGNITUDE_IOU_ONLY,0.4561468239326819,0.34787183340661376,
1078,OVERALL,SOURCE_STATE,0.5628916372202591,0.39132609813548513,
1078,OVERALL,SOURCE_PLUS_SIMPLE_MASK_CHANGE,0.5128857479387515,0.36504453507024776,
1078,OVERALL,FROZEN_FULL_TRANSITION_SAFETTA,0.6684511189634865,0.49815747280657896,
1078,OVERALL,CHANGE_MAGNITUDE_ONLY,0.4844287396937573,0.3448803866825203,
1078,OVERALL,CHANGE_MAGNITUDE_IOU_ONLY,0.4844287396937573,0.3448803866825203,
1079,OVERALL,SOURCE_STATE,0.5488407258064516,0.4068917459966,
1079,OVERALL,SOURCE_PLUS_SIMPLE_MASK_CHANGE,0.5088429659498208,0.39967692827852336,
1079,OVERALL,FROZEN_FULL_TRANSITION_SAFETTA,0.6471718189964157,0.5101978350148373,
1079,OVERALL,CHANGE_MAGNITUDE_ONLY,0.5164566532258065,0.38816689868181975,
1079,OVERALL,CHANGE_MAGNITUDE_IOU_ONLY,0.5164566532258065,0.38816689868181975,
1080,OVERALL,SOURCE_STATE,0.5178607298292601,0.3504395221094051,
1080,OVERALL,SOURCE_PLUS_SIMPLE_MASK_CHANGE,0.48938176542796563,0.34902474777245895,
1080,OVERALL,FROZEN_FULL_TRANSITION_SAFETTA,0.6722073429304765,0.49768871254166436,
1080,OVERALL,CHANGE_MAGNITUDE_ONLY,0.4523881263251869,0.3277447072593862,
1080,OVERALL,CHANGE_MAGNITUDE_IOU_ONLY,0.4523881263251869,0.3277447072593862,
1081,OVERALL,SOURCE_STATE,0.5349969718318563,0.3866863800748748,
1081,OVERALL,SOURCE_PLUS_SIMPLE_MASK_CHANGE,0.4927200365852151,0.3723070703491908,
1081,OVERALL,FROZEN_FULL_TRANSITION_SAFETTA,0.6385912220203445,0.5062600284671039,
1081,OVERALL,CHANGE_MAGNITUDE_ONLY,0.5240924765471466,0.39280872997081573,
1081,OVERALL,CHANGE_MAGNITUDE_IOU_ONLY,0.5240924765471466,0.39280872997081573,
1082,OVERALL,SOURCE_STATE,0.5291706184795089,0.3751856198637483,
1082,OVERALL,SOURCE_PLUS_SIMPLE_MASK_CHANGE,0.47865397094793594,0.3606203371033684,
1082,OVERALL,FROZEN_FULL_TRANSITION_SAFETTA,0.6017758198971697,0.43093477342739706,
1082,OVERALL,CHANGE_MAGNITUDE_ONLY,0.5061523486247691,0.38266565507832967,
1082,OVERALL,CHANGE_MAGNITUDE_IOU_ONLY,0.5061523486247691,0.38266565507832967,
1083,OVERALL,SOURCE_STATE,0.5228731074260995,0.3430995921668486,
1083,OVERALL,SOURCE_PLUS_SIMPLE_MASK_CHANGE,0.47074020668108624,0.3118211302106836,
1083,OVERALL,FROZEN_FULL_TRANSITION_SAFETTA,0.6212148521989905,0.43158470275802185,
1083,OVERALL,CHANGE_MAGNITUDE_ONLY,0.469550588800769,0.33168400387330516,
1083,OVERALL,CHANGE_MAGNITUDE_IOU_ONLY,0.469550588800769,0.33168400387330516,
1084,OVERALL,SOURCE_STATE,0.5540796963946869,0.43062990071128143,
1084,OVERALL,SOURCE_PLUS_SIMPLE_MASK_CHANGE,0.49759471708186087,0.3883098345700318,
1084,OVERALL,FROZEN_FULL_TRANSITION_SAFETTA,0.6523974490654504,0.5134628201223268,
1084,OVERALL,CHANGE_MAGNITUDE_ONLY,0.5242559290659146,0.4263611080716418,
1084,OVERALL,CHANGE_MAGNITUDE_IOU_ONLY,0.5242559290659146,0.4263611080716418,
1085,OVERALL,SOURCE_STATE,0.5241413638626182,0.3731000092661081,
1085,OVERALL,SOURCE_PLUS_SIMPLE_MASK_CHANGE,0.47927994908985516,0.3354786019687298,
1085,OVERALL,FROZEN_FULL_TRANSITION_SAFETTA,0.6492240613442042,0.4705945351799785,
1085,OVERALL,CHANGE_MAGNITUDE_ONLY,0.4898085198883506,0.35401992837319207,
1085,OVERALL,CHANGE_MAGNITUDE_IOU_ONLY,0.4898085198883506,0.35401992837319207,
1086,OVERALL,SOURCE_STATE,0.5574503501320169,0.4107474720147025,
1086,OVERALL,SOURCE_PLUS_SIMPLE_MASK_CHANGE,0.48858340029847325,0.36077303011738193,
1086,OVERALL,FROZEN_FULL_TRANSITION_SAFETTA,0.649977040523476,0.49243977370424163,
1086,OVERALL,CHANGE_MAGNITUDE_ONLY,0.49355699690047067,0.3704500458841903,
1086,OVERALL,CHANGE_MAGNITUDE_IOU_ONLY,0.49355699690047067,0.3704500458841903,
1087,OVERALL,SOURCE_STATE,0.5794425186925258,0.45044018178464557,
1087,OVERALL,SOURCE_PLUS_SIMPLE_MASK_CHANGE,0.49675423267539465,0.4060653947951827,
1087,OVERALL,FROZEN_FULL_TRANSITION_SAFETTA,0.683570630532558,0.5588369212762327,
1087,OVERALL,CHANGE_MAGNITUDE_ONLY,0.47699315323574065,0.39638997589701347,
1087,OVERALL,CHANGE_MAGNITUDE_IOU_ONLY,0.47699315323574065,0.39638997589701347,
1088,OVERALL,SOURCE_STATE,0.5347113841385799,0.3865322981671704,
1088,OVERALL,SOURCE_PLUS_SIMPLE_MASK_CHANGE,0.5025236593059937,0.3829175610379756,
1088,OVERALL,FROZEN_FULL_TRANSITION_SAFETTA,0.6357020311029941,0.48486479612851674,
1088,OVERALL,CHANGE_MAGNITUDE_ONLY,0.5247025291936466,0.3941722364604045,
1088,OVERALL,CHANGE_MAGNITUDE_IOU_ONLY,0.5247025291936466,0.3941722364604045,
1089,OVERALL,SOURCE_STATE,0.524802344601963,0.3461790521785416,
1089,OVERALL,SOURCE_PLUS_SIMPLE_MASK_CHANGE,0.48927889858233375,0.32658047043546856,
1089,OVERALL,FROZEN_FULL_TRANSITION_SAFETTA,0.6315362595419848,0.4336430136139767,
1089,OVERALL,CHANGE_MAGNITUDE_ONLY,0.5385428026172301,0.3696426494495122,
1089,OVERALL,CHANGE_MAGNITUDE_IOU_ONLY,0.5385428026172301,0.3696426494495122,
1090,OVERALL,SOURCE_STATE,0.5559475929311396,0.40473731413318004,
1090,OVERALL,SOURCE_PLUS_SIMPLE_MASK_CHANGE,0.5003534430225471,0.3968851928953018,
1090,OVERALL,FROZEN_FULL_TRANSITION_SAFETTA,0.6437050578915294,0.4790335983582856,
1090,OVERALL,CHANGE_MAGNITUDE_ONLY,0.5340097501523462,0.4001568411337691,
1090,OVERALL,CHANGE_MAGNITUDE_IOU_ONLY,0.5340097501523462,0.4001568411337691,
1091,OVERALL,SOURCE_STATE,0.49363174603174603,0.3529684711463048,
1091,OVERALL,SOURCE_PLUS_SIMPLE_MASK_CHANGE,0.4850603174603174,0.36409560119245293,
1091,OVERALL,FROZEN_FULL_TRANSITION_SAFETTA,0.606120634920635,0.4480297398330601,
1091,OVERALL,CHANGE_MAGNITUDE_ONLY,0.5081460317460318,0.39687178798067957,
1091,OVERALL,CHANGE_MAGNITUDE_IOU_ONLY,0.5081460317460318,0.39687178798067957,
1092,OVERALL,SOURCE_STATE,0.4982060690779894,0.3282178581837447,
1092,OVERALL,SOURCE_PLUS_SIMPLE_MASK_CHANGE,0.5181839361640165,0.3478199511786274,
1092,OVERALL,FROZEN_FULL_TRANSITION_SAFETTA,0.6498805987535674,0.4738480995605654,
1092,OVERALL,CHANGE_MAGNITUDE_ONLY,0.5061389714019454,0.34809850987734564,
1092,OVERALL,CHANGE_MAGNITUDE_IOU_ONLY,0.5061389714019454,0.34809850987734564,
1093,OVERALL,SOURCE_STATE,0.5466504939322072,0.3374939527041205,
1093,OVERALL,SOURCE_PLUS_SIMPLE_MASK_CHANGE,0.449547706549354,0.2851385479374891,
1093,OVERALL,FROZEN_FULL_TRANSITION_SAFETTA,0.6474524925925255,0.4353967909280856,
1093,OVERALL,CHANGE_MAGNITUDE_ONLY,0.4651652575870039,0.30968537510743743,
1093,OVERALL,CHANGE_MAGNITUDE_IOU_ONLY,0.4651652575870039,0.30968537510743743,
1094,OVERALL,SOURCE_STATE,0.5386992399818433,0.38041361592644024,
1094,OVERALL,SOURCE_PLUS_SIMPLE_MASK_CHANGE,0.45506232614439185,0.33473752821143965,
1094,OVERALL,FROZEN_FULL_TRANSITION_SAFETTA,0.6455556978084009,0.4854866762377304,
1094,OVERALL,CHANGE_MAGNITUDE_ONLY,0.4685692338132427,0.3585986619923358,
1094,OVERALL,CHANGE_MAGNITUDE_IOU_ONLY,0.4685692338132427,0.3585986619923358,
1095,OVERALL,SOURCE_STATE,0.5084839018849171,0.3434843689728482,
1095,OVERALL,SOURCE_PLUS_SIMPLE_MASK_CHANGE,0.4623312389809852,0.30652672810722836,
1095,OVERALL,FROZEN_FULL_TRANSITION_SAFETTA,0.6307964455172577,0.4414637157105706,
1095,OVERALL,CHANGE_MAGNITUDE_ONLY,0.46728313987197234,0.32697500689944026,
1095,OVERALL,CHANGE_MAGNITUDE_IOU_ONLY,0.46728313987197234,0.32697500689944026,
1096,OVERALL,SOURCE_STATE,0.5381095273818455,0.34618000992767356,
1096,OVERALL,SOURCE_PLUS_SIMPLE_MASK_CHANGE,0.49843085771442863,0.3005888391606329,
1096,OVERALL,FROZEN_FULL_TRANSITION_SAFETTA,0.6455301325331333,0.42287038814746164,
1096,OVERALL,CHANGE_MAGNITUDE_ONLY,0.5241122780695174,0.3267620469958108,
1096,OVERALL,CHANGE_MAGNITUDE_IOU_ONLY,0.5241122780695174,0.3267620469958108,
1097,OVERALL,SOURCE_STATE,0.5583137448966968,0.40147891500204774,
1097,OVERALL,SOURCE_PLUS_SIMPLE_MASK_CHANGE,0.52322157614747,0.3769146747928239,
1097,OVERALL,FROZEN_FULL_TRANSITION_SAFETTA,0.6720153408387974,0.5118578120016448,
1097,OVERALL,CHANGE_MAGNITUDE_ONLY,0.5282444636892243,0.37685598565910927,
1097,OVERALL,CHANGE_MAGNITUDE_IOU_ONLY,0.5282444636892243,0.37685598565910927,
1098,OVERALL,SOURCE_STATE,0.5156928584729422,0.32666954751282057,
1098,OVERALL,SOURCE_PLUS_SIMPLE_MASK_CHANGE,0.4826432480162425,0.31344237097191097,
1098,OVERALL,FROZEN_FULL_TRANSITION_SAFETTA,0.6231851847402344,0.43008463194025204,
1098,OVERALL,CHANGE_MAGNITUDE_ONLY,0.5244928728893481,0.35190341023767635,
1098,OVERALL,CHANGE_MAGNITUDE_IOU_ONLY,0.5244928728893481,0.35190341023767635,
1099,OVERALL,SOURCE_STATE,0.532085078723097,0.36313455395494637,
1099,OVERALL,SOURCE_PLUS_SIMPLE_MASK_CHANGE,0.49626847705715255,0.3664563909883805,
1099,OVERALL,FROZEN_FULL_TRANSITION_SAFETTA,0.6580239780442005,0.49024617776422336,
1099,OVERALL,CHANGE_MAGNITUDE_ONLY,0.44414150897972937,0.3288014235542601,
1099,OVERALL,CHANGE_MAGNITUDE_IOU_ONLY,0.44414150897972937,0.3288014235542601,
1100,OVERALL,SOURCE_STATE,0.5083909848414967,0.3449347204522223,
1100,OVERALL,SOURCE_PLUS_SIMPLE_MASK_CHANGE,0.4796728469083418,0.3434138226487633,
1100,OVERALL,FROZEN_FULL_TRANSITION_SAFETTA,0.6496756141807337,0.47929839660333007,
1100,OVERALL,CHANGE_MAGNITUDE_ONLY,0.501995510869231,0.3664042911987843,
1100,OVERALL,CHANGE_MAGNITUDE_IOU_ONLY,0.501995510869231,0.3664042911987843,
1101,OVERALL,SOURCE_STATE,0.5252857357132144,0.3753760036516989,
1101,OVERALL,SOURCE_PLUS_SIMPLE_MASK_CHANGE,0.464100794960252,0.34458976397219115,
1101,OVERALL,FROZEN_FULL_TRANSITION_SAFETTA,0.6189290535473226,0.4693113835929884,
1101,OVERALL,CHANGE_MAGNITUDE_ONLY,0.5352332383380831,0.4066670407444784,
1101,OVERALL,CHANGE_MAGNITUDE_IOU_ONLY,0.5352332383380831,0.4066670407444784,
1102,OVERALL,SOURCE_STATE,0.5423440883369821,0.37746156636503764,
1102,OVERALL,SOURCE_PLUS_SIMPLE_MASK_CHANGE,0.48553039275502763,0.37358733167608527,
1102,OVERALL,FROZEN_FULL_TRANSITION_SAFETTA,0.6175334075057722,0.4521206132580506,
1102,OVERALL,CHANGE_MAGNITUDE_ONLY,0.5089963990477215,0.37580108440720605,
1102,OVERALL,CHANGE_MAGNITUDE_IOU_ONLY,0.5089963990477215,0.37580108440720605,
1103,OVERALL,SOURCE_STATE,0.5013825948910376,0.3834320412088605,
1103,OVERALL,SOURCE_PLUS_SIMPLE_MASK_CHANGE,0.4838735748304228,0.3935874075788883,
1103,OVERALL,FROZEN_FULL_TRANSITION_SAFETTA,0.6481108385048348,0.5158582636966333,
1103,OVERALL,CHANGE_MAGNITUDE_ONLY,0.49353730697070286,0.3993000183425427,
1103,OVERALL,CHANGE_MAGNITUDE_IOU_ONLY,0.49353730697070286,0.3993000183425427,
1104,OVERALL,SOURCE_STATE,0.5308393070489845,0.3647301527141019,
1104,OVERALL,SOURCE_PLUS_SIMPLE_MASK_CHANGE,0.4656760254878534,0.3317806378541246,
1104,OVERALL,FROZEN_FULL_TRANSITION_SAFETTA,0.6368478693747511,0.475015897189133,
1104,OVERALL,CHANGE_MAGNITUDE_ONLY,0.5010796246515332,0.374077179905629,
1104,OVERALL,CHANGE_MAGNITUDE_IOU_ONLY,0.5010796246515332,0.374077179905629,
1105,OVERALL,SOURCE_STATE,0.513180905116389,0.3661888753102239,
1105,OVERALL,SOURCE_PLUS_SIMPLE_MASK_CHANGE,0.47247429989365475,0.34884649807789936,
1105,OVERALL,FROZEN_FULL_TRANSITION_SAFETTA,0.6401926030958289,0.49091279620585127,
1105,OVERALL,CHANGE_MAGNITUDE_ONLY,0.5018255937610776,0.38761120870517995,
1105,OVERALL,CHANGE_MAGNITUDE_IOU_ONLY,0.5018255937610776,0.38761120870517995,
1106,OVERALL,SOURCE_STATE,0.5197584564673172,0.4042844685500033,
1106,OVERALL,SOURCE_PLUS_SIMPLE_MASK_CHANGE,0.48315222998767304,0.3710832584662536,
1106,OVERALL,FROZEN_FULL_TRANSITION_SAFETTA,0.6337042286409376,0.4940594366045556,
1106,OVERALL,CHANGE_MAGNITUDE_ONLY,0.5124953162927847,0.4084908118784438,
1106,OVERALL,CHANGE_MAGNITUDE_IOU_ONLY,0.5124953162927847,0.4084908118784438,
1107,OVERALL,SOURCE_STATE,0.5243880825057297,0.332881376242272,
1107,OVERALL,SOURCE_PLUS_SIMPLE_MASK_CHANGE,0.4769503437738732,0.3136125508347256,
1107,OVERALL,FROZEN_FULL_TRANSITION_SAFETTA,0.6251306340718106,0.41777324375444536,
1107,OVERALL,CHANGE_MAGNITUDE_ONLY,0.46707410236821995,0.3195161563630313,
1107,OVERALL,CHANGE_MAGNITUDE_IOU_ONLY,0.46707410236821995,0.3195161563630313,
1108,OVERALL,SOURCE_STATE,0.5148197049717721,0.37998204002044633,
1108,OVERALL,SOURCE_PLUS_SIMPLE_MASK_CHANGE,0.48794618466581685,0.3662248221738468,
1108,OVERALL,FROZEN_FULL_TRANSITION_SAFETTA,0.6431888544891641,0.5051432893579877,
1108,OVERALL,CHANGE_MAGNITUDE_ONLY,0.5000284556547077,0.3856033188707049,
1108,OVERALL,CHANGE_MAGNITUDE_IOU_ONLY,0.5000284556547077,0.3856033188707049,
1109,OVERALL,SOURCE_STATE,0.5451267779839208,0.4111795550056515,
1109,OVERALL,SOURCE_PLUS_SIMPLE_MASK_CHANGE,0.5091960420531849,0.38425619089504337,
1109,OVERALL,FROZEN_FULL_TRANSITION_SAFETTA,0.6462399505256649,0.5139509432310054,
1109,OVERALL,CHANGE_MAGNITUDE_ONLY,0.4812801484230055,0.36425354526067477,
1109,OVERALL,CHANGE_MAGNITUDE_IOU_ONLY,0.4812801484230055,0.36425354526067477,
1110,OVERALL,SOURCE_STATE,0.5080732036888282,0.32842026309617184,
1110,OVERALL,SOURCE_PLUS_SIMPLE_MASK_CHANGE,0.46408623040854835,0.30529254613575674,
1110,OVERALL,FROZEN_FULL_TRANSITION_SAFETTA,0.6157615836306689,0.42873377716434746,
1110,OVERALL,CHANGE_MAGNITUDE_ONLY,0.5086024920139732,0.34533283166220685,
1110,OVERALL,CHANGE_MAGNITUDE_IOU_ONLY,0.5086024920139732,0.34533283166220685,
1111,OVERALL,SOURCE_STATE,0.5382465509568314,0.4052588813543332,
1111,OVERALL,SOURCE_PLUS_SIMPLE_MASK_CHANGE,0.4979617267467735,0.3992344375965562,
1111,OVERALL,FROZEN_FULL_TRANSITION_SAFETTA,0.6725411659991101,0.5378189087907495,
1111,OVERALL,CHANGE_MAGNITUDE_ONLY,0.5014923601839489,0.3823772925189477,
1111,OVERALL,CHANGE_MAGNITUDE_IOU_ONLY,0.5014923601839489,0.3823772925189477,
1112,OVERALL,SOURCE_STATE,0.5360355351273878,0.3766337272585196,
1112,OVERALL,SOURCE_PLUS_SIMPLE_MASK_CHANGE,0.5098784194528876,0.3541940231226446,
1112,OVERALL,FROZEN_FULL_TRANSITION_SAFETTA,0.6806780833765784,0.4892405536574145,
1112,OVERALL,CHANGE_MAGNITUDE_ONLY,0.48341858798527193,0.33308935575788146,
1112,OVERALL,CHANGE_MAGNITUDE_IOU_ONLY,0.48341858798527193,0.33308935575788146,
1113,OVERALL,SOURCE_STATE,0.5573521630678526,0.375545613753474,
1113,OVERALL,SOURCE_PLUS_SIMPLE_MASK_CHANGE,0.5070359545465998,0.3438862978505731,
1113,OVERALL,FROZEN_FULL_TRANSITION_SAFETTA,0.6522840081634709,0.4586418717460754,
1113,OVERALL,CHANGE_MAGNITUDE_ONLY,0.5013290836251858,0.3477461331969444,
1113,OVERALL,CHANGE_MAGNITUDE_IOU_ONLY,0.5013290836251858,0.3477461331969444,
1114,OVERALL,SOURCE_STATE,0.5371962317985045,0.3917164133090505,
1114,OVERALL,SOURCE_PLUS_SIMPLE_MASK_CHANGE,0.5150961727666273,0.4156824786557568,
1114,OVERALL,FROZEN_FULL_TRANSITION_SAFETTA,0.6526158500590318,0.4957922373197752,
1114,OVERALL,CHANGE_MAGNITUDE_ONLY,0.5085995916961826,0.387606913298751,
1114,OVERALL,CHANGE_MAGNITUDE_IOU_ONLY,0.5085995916961826,0.387606913298751,
1115,OVERALL,SOURCE_STATE,0.49799204118140994,0.34784561954947074,
1115,OVERALL,SOURCE_PLUS_SIMPLE_MASK_CHANGE,0.45775984812529663,0.3308378756895515,
1115,OVERALL,FROZEN_FULL_TRANSITION_SAFETTA,0.6169483893736386,0.4558391454893203,
1115,OVERALL,CHANGE_MAGNITUDE_ONLY,0.5078249546688085,0.3899626473658062,
1115,OVERALL,CHANGE_MAGNITUDE_IOU_ONLY,0.5078249546688085,0.3899626473658062,
1116,OVERALL,SOURCE_STATE,0.586417313404235,0.400920251992516,
1116,OVERALL,SOURCE_PLUS_SIMPLE_MASK_CHANGE,0.4826099453866053,0.32567412444367205,
1116,OVERALL,FROZEN_FULL_TRANSITION_SAFETTA,0.6511509533390821,0.4590439640283617,
1116,OVERALL,CHANGE_MAGNITUDE_ONLY,0.45987232921337545,0.3231830718847623,
1116,OVERALL,CHANGE_MAGNITUDE_IOU_ONLY,0.45987232921337545,0.3231830718847623,
1117,OVERALL,SOURCE_STATE,0.5056240867230775,0.35286213417724294,
1117,OVERALL,SOURCE_PLUS_SIMPLE_MASK_CHANGE,0.46168484724912495,0.3203668631636846,
1117,OVERALL,FROZEN_FULL_TRANSITION_SAFETTA,0.6297164735333763,0.4512683082026236,
1117,OVERALL,CHANGE_MAGNITUDE_ONLY,0.48439075225699757,0.3620618245797207,
1117,OVERALL,CHANGE_MAGNITUDE_IOU_ONLY,0.48439075225699757,0.3620618245797207,
1118,OVERALL,SOURCE_STATE,0.5690501146036097,0.4194788374174147,
1118,OVERALL,SOURCE_PLUS_SIMPLE_MASK_CHANGE,0.5298948411098698,0.40560866798625345,
1118,OVERALL,FROZEN_FULL_TRANSITION_SAFETTA,0.6751074048905219,0.533222725532196,
1118,OVERALL,CHANGE_MAGNITUDE_ONLY,0.5126063970698334,0.37807909892480307,
1118,OVERALL,CHANGE_MAGNITUDE_IOU_ONLY,0.5126063970698334,0.37807909892480307,
1119,OVERALL,SOURCE_STATE,0.49528011253327753,0.3655593815446202,
1119,OVERALL,SOURCE_PLUS_SIMPLE_MASK_CHANGE,0.49586137946267683,0.3976422022571164,
1119,OVERALL,FROZEN_FULL_TRANSITION_SAFETTA,0.6335577023680814,0.5107277567058022,
1119,OVERALL,CHANGE_MAGNITUDE_ONLY,0.48949069391646033,0.38119790216677885,
1119,OVERALL,CHANGE_MAGNITUDE_IOU_ONLY,0.48949069391646033,0.38119790216677885,
1120,OVERALL,SOURCE_STATE,0.5567717507219286,0.40497458666260777,
1120,OVERALL,SOURCE_PLUS_SIMPLE_MASK_CHANGE,0.496585067759445,0.35647866730233124,
1120,OVERALL,FROZEN_FULL_TRANSITION_SAFETTA,0.6688594126316547,0.49851069578303897,
1120,OVERALL,CHANGE_MAGNITUDE_ONLY,0.4516277843679979,0.3187909968403556,
1120,OVERALL,CHANGE_MAGNITUDE_IOU_ONLY,0.4516277843679979,0.3187909968403556,
1121,OVERALL,SOURCE_STATE,0.5273052171498255,0.368655288895574,
1121,OVERALL,SOURCE_PLUS_SIMPLE_MASK_CHANGE,0.47306907501539425,0.3448091410036066,
1121,OVERALL,FROZEN_FULL_TRANSITION_SAFETTA,0.6276939980440216,0.45843161406991545,
1121,OVERALL,CHANGE_MAGNITUDE_ONLY,0.5047873175325694,0.3793486013009766,
1121,OVERALL,CHANGE_MAGNITUDE_IOU_ONLY,0.5047873175325694,0.3793486013009766,
1122,OVERALL,SOURCE_STATE,0.5250200481154772,0.362110214859389,
1122,OVERALL,SOURCE_PLUS_SIMPLE_MASK_CHANGE,0.45839861822219485,0.33125343141620955,
1122,OVERALL,FROZEN_FULL_TRANSITION_SAFETTA,0.6553204614150885,0.4981791099184389,
1122,OVERALL,CHANGE_MAGNITUDE_ONLY,0.496002714206403,0.367604883742785,
1122,OVERALL,CHANGE_MAGNITUDE_IOU_ONLY,0.496002714206403,0.367604883742785,
1123,OVERALL,SOURCE_STATE,0.5448827193009637,0.3832007339599487,
1123,OVERALL,SOURCE_PLUS_SIMPLE_MASK_CHANGE,0.5162767638583337,0.3655021056415281,
1123,OVERALL,FROZEN_FULL_TRANSITION_SAFETTA,0.6584265485080407,0.48066990125184206,
1123,OVERALL,CHANGE_MAGNITUDE_ONLY,0.5229789607411768,0.38211873072082836,
1123,OVERALL,CHANGE_MAGNITUDE_IOU_ONLY,0.5229789607411768,0.38211873072082836,
1124,OVERALL,SOURCE_STATE,0.48289761871475834,0.35351528340560845,
1124,OVERALL,SOURCE_PLUS_SIMPLE_MASK_CHANGE,0.4863111048977119,0.38885273294569,
1124,OVERALL,FROZEN_FULL_TRANSITION_SAFETTA,0.6312910666853068,0.4991562552150661,
1124,OVERALL,CHANGE_MAGNITUDE_ONLY,0.5307796262640384,0.4107079617207629,
1124,OVERALL,CHANGE_MAGNITUDE_IOU_ONLY,0.5307796262640384,0.4107079617207629,
1125,OVERALL,SOURCE_STATE,0.5118065433854908,0.3578455394255526,
1125,OVERALL,SOURCE_PLUS_SIMPLE_MASK_CHANGE,0.4738675517622886,0.3389260844035179,
1125,OVERALL,FROZEN_FULL_TRANSITION_SAFETTA,0.6554259522680576,0.49848515689694417,
1125,OVERALL,CHANGE_MAGNITUDE_ONLY,0.5075327959538485,0.3745089365515609,
1125,OVERALL,CHANGE_MAGNITUDE_IOU_ONLY,0.5075327959538485,0.3745089365515609,
1126,OVERALL,SOURCE_STATE,0.497346143101794,0.35245725697880037,
1126,OVERALL,SOURCE_PLUS_SIMPLE_MASK_CHANGE,0.44149369025785534,0.31601111243393193,
1126,OVERALL,FROZEN_FULL_TRANSITION_SAFETTA,0.623079445665772,0.46739008064191484,
1126,OVERALL,CHANGE_MAGNITUDE_ONLY,0.5225213462402681,0.4024102972004695,
1126,OVERALL,CHANGE_MAGNITUDE_IOU_ONLY,0.5225213462402681,0.4024102972004695,
1127,OVERALL,SOURCE_STATE,0.4810550662637794,0.3026934821235556,
1127,OVERALL,SOURCE_PLUS_SIMPLE_MASK_CHANGE,0.4084193978597153,0.27322576562607304,
1127,OVERALL,FROZEN_FULL_TRANSITION_SAFETTA,0.5890743687706572,0.39946773459930285,
1127,OVERALL,CHANGE_MAGNITUDE_ONLY,0.4734203964874075,0.3538684463685716,
1127,OVERALL,CHANGE_MAGNITUDE_IOU_ONLY,0.4734203964874075,0.3538684463685716,
1128,OVERALL,SOURCE_STATE,0.5325587296341975,0.36185736350668696,
1128,OVERALL,SOURCE_PLUS_SIMPLE_MASK_CHANGE,0.4820816343390593,0.34852835581661284,
1128,OVERALL,FROZEN_FULL_TRANSITION_SAFETTA,0.6523311873388292,0.4858123108060087,
1128,OVERALL,CHANGE_MAGNITUDE_ONLY,0.45337920371998613,0.32859631393596533,
1128,OVERALL,CHANGE_MAGNITUDE_IOU_ONLY,0.45337920371998613,0.32859631393596533,
1129,OVERALL,SOURCE_STATE,0.5443979357798165,0.3959462700428474,
1129,OVERALL,SOURCE_PLUS_SIMPLE_MASK_CHANGE,0.48088302752293577,0.36230307539132883,
1129,OVERALL,FROZEN_FULL_TRANSITION_SAFETTA,0.6579759174311927,0.5130895288238649,
1129,OVERALL,CHANGE_MAGNITUDE_ONLY,0.4489248853211009,0.349628744062217,
1129,OVERALL,CHANGE_MAGNITUDE_IOU_ONLY,0.4489248853211009,0.349628744062217,
1130,OVERALL,SOURCE_STATE,0.49279209900562043,0.30999456483198795,
1130,OVERALL,SOURCE_PLUS_SIMPLE_MASK_CHANGE,0.5103153372243839,0.3413668773583437,
1130,OVERALL,FROZEN_FULL_TRANSITION_SAFETTA,0.6597627539991354,0.4763925187986019,
1130,OVERALL,CHANGE_MAGNITUDE_ONLY,0.5224106949848681,0.33387815458213155,
1130,OVERALL,CHANGE_MAGNITUDE_IOU_ONLY,0.5224106949848681,0.33387815458213155,
1131,OVERALL,SOURCE_STATE,0.5532737738337931,0.41101781063715376,
1131,OVERALL,SOURCE_PLUS_SIMPLE_MASK_CHANGE,0.4716572730543231,0.35799680555989805,
1131,OVERALL,FROZEN_FULL_TRANSITION_SAFETTA,0.6520386137426549,0.4920517079697536,
1131,OVERALL,CHANGE_MAGNITUDE_ONLY,0.4723917735939561,0.36969115977261113,
1131,OVERALL,CHANGE_MAGNITUDE_IOU_ONLY,0.4723917735939561,0.36969115977261113,
1132,OVERALL,SOURCE_STATE,0.5058999532491819,0.32824743239136644,
1132,OVERALL,SOURCE_PLUS_SIMPLE_MASK_CHANGE,0.4971045659965716,0.3336609535712049,
1132,OVERALL,FROZEN_FULL_TRANSITION_SAFETTA,0.664503662147421,0.46008312397398954,
1132,OVERALL,CHANGE_MAGNITUDE_ONLY,0.5144740532959327,0.3548001738895745,
1132,OVERALL,CHANGE_MAGNITUDE_IOU_ONLY,0.5144740532959327,0.3548001738895745,
1133,OVERALL,SOURCE_STATE,0.500370063726228,0.34411400681925386,
1133,OVERALL,SOURCE_PLUS_SIMPLE_MASK_CHANGE,0.4817665211500828,0.3515882422021021,
1133,OVERALL,FROZEN_FULL_TRANSITION_SAFETTA,0.641182447689297,0.5029444095522068,
1133,OVERALL,CHANGE_MAGNITUDE_ONLY,0.526807667218626,0.3940284868436662,
1133,OVERALL,CHANGE_MAGNITUDE_IOU_ONLY,0.526807667218626,0.3940284868436662,
1134,OVERALL,SOURCE_STATE,0.5659900983987061,0.39329423876112235,
1134,OVERALL,SOURCE_PLUS_SIMPLE_MASK_CHANGE,0.5428781312888132,0.3984469852467062,
1134,OVERALL,FROZEN_FULL_TRANSITION_SAFETTA,0.6607034828450435,0.49477381240943547,
1134,OVERALL,CHANGE_MAGNITUDE_ONLY,0.5173092830598665,0.36851589220233105,
1134,OVERALL,CHANGE_MAGNITUDE_IOU_ONLY,0.5173092830598665,0.36851589220233105,
1135,OVERALL,SOURCE_STATE,0.5430779085595324,0.39851177041951913,
1135,OVERALL,SOURCE_PLUS_SIMPLE_MASK_CHANGE,0.5012982853482493,0.3692067797421495,
1135,OVERALL,FROZEN_FULL_TRANSITION_SAFETTA,0.673884446884687,0.5230920690079218,
1135,OVERALL,CHANGE_MAGNITUDE_ONLY,0.4944236642531141,0.3751921057060881,
1135,OVERALL,CHANGE_MAGNITUDE_IOU_ONLY,0.4944236642531141,0.3751921057060881,
1136,OVERALL,SOURCE_STATE,0.5325004732159757,0.3412423163488663,
1136,OVERALL,SOURCE_PLUS_SIMPLE_MASK_CHANGE,0.5043535869770963,0.33606507342188063,
1136,OVERALL,FROZEN_FULL_TRANSITION_SAFETTA,0.6700170357751278,0.4727945055688418,
1136,OVERALL,CHANGE_MAGNITUDE_ONLY,0.508158243422298,0.33914814458931597,
1136,OVERALL,CHANGE_MAGNITUDE_IOU_ONLY,0.508158243422298,0.33914814458931597,
1137,OVERALL,SOURCE_STATE,0.5304151404151404,0.3990133964839919,
1137,OVERALL,SOURCE_PLUS_SIMPLE_MASK_CHANGE,0.48710622710622714,0.3899211737849708,
1137,OVERALL,FROZEN_FULL_TRANSITION_SAFETTA,0.6627655677655677,0.518639288049277,
1137,OVERALL,CHANGE_MAGNITUDE_ONLY,0.5103357753357753,0.4071800712730095,
1137,OVERALL,CHANGE_MAGNITUDE_IOU_ONLY,0.5103357753357753,0.4071800712730095,
1138,OVERALL,SOURCE_STATE,0.4968561911996727,0.364893123929469,
1138,OVERALL,SOURCE_PLUS_SIMPLE_MASK_CHANGE,0.4453047390872436,0.34912067163358457,
1138,OVERALL,FROZEN_FULL_TRANSITION_SAFETTA,0.5979664582481155,0.4556796488286819,
1138,OVERALL,CHANGE_MAGNITUDE_ONLY,0.5329953836264828,0.42893411697847605,
1138,OVERALL,CHANGE_MAGNITUDE_IOU_ONLY,0.5329953836264828,0.42893411697847605,
1139,OVERALL,SOURCE_STATE,0.5382092198581561,0.3717802790479406,
1139,OVERALL,SOURCE_PLUS_SIMPLE_MASK_CHANGE,0.48138297872340424,0.3480216325663867,
1139,OVERALL,FROZEN_FULL_TRANSITION_SAFETTA,0.6259688449848024,0.4369203839222902,
1139,OVERALL,CHANGE_MAGNITUDE_ONLY,0.5097517730496454,0.36122155820166046,
1139,OVERALL,CHANGE_MAGNITUDE_IOU_ONLY,0.5097517730496454,0.36122155820166046,
1140,OVERALL,SOURCE_STATE,0.5933349969620691,0.4581785506711124,
1140,OVERALL,SOURCE_PLUS_SIMPLE_MASK_CHANGE,0.5081644388507942,0.37055640755326963,
1140,OVERALL,FROZEN_FULL_TRANSITION_SAFETTA,0.6765525996007291,0.5406027950934843,
1140,OVERALL,CHANGE_MAGNITUDE_ONLY,0.4718882909469664,0.3585058075869739,
1140,OVERALL,CHANGE_MAGNITUDE_IOU_ONLY,0.4718882909469664,0.3585058075869739,
1141,OVERALL,SOURCE_STATE,0.5158828770402876,0.3421718441780449,
1141,OVERALL,SOURCE_PLUS_SIMPLE_MASK_CHANGE,0.48917806641654893,0.3320991732039593,
1141,OVERALL,FROZEN_FULL_TRANSITION_SAFETTA,0.6634321075950518,0.47990690682502185,
1141,OVERALL,CHANGE_MAGNITUDE_ONLY,0.499881810302505,0.3494508817814483,
1141,OVERALL,CHANGE_MAGNITUDE_IOU_ONLY,0.499881810302505,0.3494508817814483,
1142,OVERALL,SOURCE_STATE,0.5445107614396817,0.3840417713140204,
1142,OVERALL,SOURCE_PLUS_SIMPLE_MASK_CHANGE,0.5030807258696569,0.37444053104733455,
1142,OVERALL,FROZEN_FULL_TRANSITION_SAFETTA,0.6422378971483693,0.4869925463656505,
1142,OVERALL,CHANGE_MAGNITUDE_ONLY,0.5381322722614096,0.3855812364162779,
1142,OVERALL,CHANGE_MAGNITUDE_IOU_ONLY,0.5381322722614096,0.3855812364162779,
1143,OVERALL,SOURCE_STATE,0.5351698113207547,0.37896330516097737,
1143,OVERALL,SOURCE_PLUS_SIMPLE_MASK_CHANGE,0.49899371069182386,0.37004308039328193,
1143,OVERALL,FROZEN_FULL_TRANSITION_SAFETTA,0.6636981132075472,0.506889144966826,
1143,OVERALL,CHANGE_MAGNITUDE_ONLY,0.4990157232704402,0.3772632499988842,
1143,OVERALL,CHANGE_MAGNITUDE_IOU_ONLY,0.4990157232704402,0.3772632499988842,
1144,OVERALL,SOURCE_STATE,0.5128644618069673,0.3499710447646881,
1144,OVERALL,SOURCE_PLUS_SIMPLE_MASK_CHANGE,0.470301953596607,0.3420119104563524,
1144,OVERALL,FROZEN_FULL_TRANSITION_SAFETTA,0.6008795250814781,0.43231981345753856,
1144,OVERALL,CHANGE_MAGNITUDE_ONLY,0.5203085218849111,0.39116031013153224,
1144,OVERALL,CHANGE_MAGNITUDE_IOU_ONLY,0.5203085218849111,0.39116031013153224,
1145,OVERALL,SOURCE_STATE,0.5272375149088934,0.3549696312845303,
1145,OVERALL,SOURCE_PLUS_SIMPLE_MASK_CHANGE,0.4865495211440583,0.3364867835874489,
1145,OVERALL,FROZEN_FULL_TRANSITION_SAFETTA,0.5885204473258464,0.4005955476703316,
1145,OVERALL,CHANGE_MAGNITUDE_ONLY,0.5026983620883079,0.35066359619023446,
1145,OVERALL,CHANGE_MAGNITUDE_IOU_ONLY,0.5026983620883079,0.35066359619023446,
1146,OVERALL,SOURCE_STATE,0.5420340975896532,0.4108268268234576,
1146,OVERALL,SOURCE_PLUS_SIMPLE_MASK_CHANGE,0.4933215755437978,0.3784468756934849,
1146,OVERALL,FROZEN_FULL_TRANSITION_SAFETTA,0.6521164021164021,0.5117116883586952,
1146,OVERALL,CHANGE_MAGNITUDE_ONLY,0.5086478542034099,0.3876119608779238,
1146,OVERALL,CHANGE_MAGNITUDE_IOU_ONLY,0.5086478542034099,0.3876119608779238,
1147,OVERALL,SOURCE_STATE,0.5129937106918239,0.39373566065439375,
1147,OVERALL,SOURCE_PLUS_SIMPLE_MASK_CHANGE,0.4627358490566038,0.3428435839826882,
1147,OVERALL,FROZEN_FULL_TRANSITION_SAFETTA,0.6412704402515723,0.4764470567198442,
1147,OVERALL,CHANGE_MAGNITUDE_ONLY,0.5186352201257862,0.4114277988299957,
1147,OVERALL,CHANGE_MAGNITUDE_IOU_ONLY,0.5186352201257862,0.4114277988299957,
1148,OVERALL,SOURCE_STATE,0.5157748569244088,0.3495355185514756,
1148,OVERALL,SOURCE_PLUS_SIMPLE_MASK_CHANGE,0.49416453974072116,0.3464018862967866,
1148,OVERALL,FROZEN_FULL_TRANSITION_SAFETTA,0.6731748726655349,0.4794150538624579,
1148,OVERALL,CHANGE_MAGNITUDE_ONLY,0.4600456492652268,0.32845855937816737,
1148,OVERALL,CHANGE_MAGNITUDE_IOU_ONLY,0.4600456492652268,0.32845855937816737,
1149,OVERALL,SOURCE_STATE,0.5212910752479099,0.3721408839093583,
1149,OVERALL,SOURCE_PLUS_SIMPLE_MASK_CHANGE,0.47060932335212907,0.3540431789542906,
1149,OVERALL,FROZEN_FULL_TRANSITION_SAFETTA,0.6403181508846977,0.4857281263260469,
1149,OVERALL,CHANGE_MAGNITUDE_ONLY,0.513382874781256,0.3841027235184339,
1149,OVERALL,CHANGE_MAGNITUDE_IOU_ONLY,0.513382874781256,0.3841027235184339,
1150,OVERALL,SOURCE_STATE,0.520169938953968,0.3601913971042667,
1150,OVERALL,SOURCE_PLUS_SIMPLE_MASK_CHANGE,0.49241638579206637,0.3620027143279593,
1150,OVERALL,FROZEN_FULL_TRANSITION_SAFETTA,0.6215087090767673,0.452497930243028,
1150,OVERALL,CHANGE_MAGNITUDE_ONLY,0.5150434864590945,0.3897899107118103,
1150,OVERALL,CHANGE_MAGNITUDE_IOU_ONLY,0.5150434864590945,0.3897899107118103,
1151,OVERALL,SOURCE_STATE,0.5192550618977154,0.37457973834210656,
1151,OVERALL,SOURCE_PLUS_SIMPLE_MASK_CHANGE,0.4609484967697694,0.3501285791066844,
1151,OVERALL,FROZEN_FULL_TRANSITION_SAFETTA,0.6252090326151033,0.47920320102346664,
1151,OVERALL,CHANGE_MAGNITUDE_ONLY,0.4666630574704347,0.3655261649945569,
1151,OVERALL,CHANGE_MAGNITUDE_IOU_ONLY,0.4666630574704347,0.3655261649945569,
1152,OVERALL,SOURCE_STATE,0.49861698814822963,0.3468014906708257,
1152,OVERALL,SOURCE_PLUS_SIMPLE_MASK_CHANGE,0.4552032386290781,0.2953752254126909,
1152,OVERALL,FROZEN_FULL_TRANSITION_SAFETTA,0.6008804870155642,0.40447012107221797,
1152,OVERALL,CHANGE_MAGNITUDE_ONLY,0.5040147032783182,0.35863615279947536,
1152,OVERALL,CHANGE_MAGNITUDE_IOU_ONLY,0.5040147032783182,0.35863615279947536,
1153,OVERALL,SOURCE_STATE,0.5627075098814229,0.37113810956786253,
1153,OVERALL,SOURCE_PLUS_SIMPLE_MASK_CHANGE,0.5052635046113307,0.3292370527506422,
1153,OVERALL,FROZEN_FULL_TRANSITION_SAFETTA,0.6419565217391303,0.43852222021041815,
1153,OVERALL,CHANGE_MAGNITUDE_ONLY,0.5372200263504611,0.37353427291595476,
1153,OVERALL,CHANGE_MAGNITUDE_IOU_ONLY,0.5372200263504611,0.37353427291595476,
1154,OVERALL,SOURCE_STATE,0.5448287785954333,0.382025153000418,
1154,OVERALL,SOURCE_PLUS_SIMPLE_MASK_CHANGE,0.47080213094736384,0.3671497145724638,
1154,OVERALL,FROZEN_FULL_TRANSITION_SAFETTA,0.6841508088306805,0.529076458890698,
1154,OVERALL,CHANGE_MAGNITUDE_ONLY,0.453047838255476,0.355060164454038,
1154,OVERALL,CHANGE_MAGNITUDE_IOU_ONLY,0.453047838255476,0.355060164454038,
1155,OVERALL,SOURCE_STATE,0.5063372159342958,0.3825750939199942,
1155,OVERALL,SOURCE_PLUS_SIMPLE_MASK_CHANGE,0.4464631997870695,0.34489119127485846,
1155,OVERALL,FROZEN_FULL_TRANSITION_SAFETTA,0.6125172689134211,0.47700641103331015,
1155,OVERALL,CHANGE_MAGNITUDE_ONLY,0.5132574557345466,0.4179540030729262,
1155,OVERALL,CHANGE_MAGNITUDE_IOU_ONLY,0.5132574557345466,0.4179540030729262,
1156,OVERALL,SOURCE_STATE,0.5244751631031587,0.3361873305948746,
1156,OVERALL,SOURCE_PLUS_SIMPLE_MASK_CHANGE,0.5060590401136877,0.3298989808159623,
1156,OVERALL,FROZEN_FULL_TRANSITION_SAFETTA,0.6477488534332407,0.4735380464594491,
1156,OVERALL,CHANGE_MAGNITUDE_ONLY,0.5265809702215618,0.35493954842977904,
1156,OVERALL,CHANGE_MAGNITUDE_IOU_ONLY,0.5265809702215618,0.35493954842977904,
1157,OVERALL,SOURCE_STATE,0.5448049305192163,0.389354357756711,
1157,OVERALL,SOURCE_PLUS_SIMPLE_MASK_CHANGE,0.47409151694865975,0.36756674570742354,
1157,OVERALL,FROZEN_FULL_TRANSITION_SAFETTA,0.671806500377929,0.5088303736600511,
1157,OVERALL,CHANGE_MAGNITUDE_ONLY,0.4650677364963079,0.36335178412063573,
1157,OVERALL,CHANGE_MAGNITUDE_IOU_ONLY,0.4650677364963079,0.36335178412063573,
1158,OVERALL,SOURCE_STATE,0.5883907094128318,0.4235661157910479,
1158,OVERALL,SOURCE_PLUS_SIMPLE_MASK_CHANGE,0.5121822063736177,0.37542899028502746,
1158,OVERALL,FROZEN_FULL_TRANSITION_SAFETTA,0.6684749849306811,0.5070209489490136,
1158,OVERALL,CHANGE_MAGNITUDE_ONLY,0.4898429974142739,0.3705095525103814,
1158,OVERALL,CHANGE_MAGNITUDE_IOU_ONLY,0.4898429974142739,0.3705095525103814,
1159,OVERALL,SOURCE_STATE,0.5399897721326293,0.36751375891724747,
1159,OVERALL,SOURCE_PLUS_SIMPLE_MASK_CHANGE,0.5214012178297893,0.36836359064896496,
1159,OVERALL,FROZEN_FULL_TRANSITION_SAFETTA,0.6826625755197184,0.5014446432422004,
1159,OVERALL,CHANGE_MAGNITUDE_ONLY,0.527362518433947,0.3667974576021069,
1159,OVERALL,CHANGE_MAGNITUDE_IOU_ONLY,0.527362518433947,0.3667974576021069,
1160,OVERALL,SOURCE_STATE,0.5336751733094945,0.36667939230406144,
1160,OVERALL,SOURCE_PLUS_SIMPLE_MASK_CHANGE,0.4782554916479723,0.33123101107561015,
1160,OVERALL,FROZEN_FULL_TRANSITION_SAFETTA,0.646679148323691,0.45797092174919346,
1160,OVERALL,CHANGE_MAGNITUDE_ONLY,0.49819240867868725,0.3612455835104219,
1160,OVERALL,CHANGE_MAGNITUDE_IOU_ONLY,0.49819240867868725,0.3612455835104219,
1161,OVERALL,SOURCE_STATE,0.49142921754862057,0.37370520761954873,
1161,OVERALL,SOURCE_PLUS_SIMPLE_MASK_CHANGE,0.4735018091361375,0.38319022420850407,
1161,OVERALL,FROZEN_FULL_TRANSITION_SAFETTA,0.6198778833107192,0.4963503330200509,
1161,OVERALL,CHANGE_MAGNITUDE_ONLY,0.4800090456806875,0.39873439114662296,
1161,OVERALL,CHANGE_MAGNITUDE_IOU_ONLY,0.4800090456806875,0.39873439114662296,
1162,OVERALL,SOURCE_STATE,0.5656619950098211,0.37167739250389215,
1162,OVERALL,SOURCE_PLUS_SIMPLE_MASK_CHANGE,0.5045455751977491,0.35780650079960774,
1162,OVERALL,FROZEN_FULL_TRANSITION_SAFETTA,0.664994425863991,0.48139805683215864,
1162,OVERALL,CHANGE_MAGNITUDE_ONLY,0.47834050007963047,0.3258596573814183,
1162,OVERALL,CHANGE_MAGNITUDE_IOU_ONLY,0.47834050007963047,0.3258596573814183,
1163,OVERALL,SOURCE_STATE,0.4966874331675113,0.3656605172794296,
1163,OVERALL,SOURCE_PLUS_SIMPLE_MASK_CHANGE,0.4362941094425589,0.33846735195999883,
1163,OVERALL,FROZEN_FULL_TRANSITION_SAFETTA,0.6164628760053932,0.4651478395484479,
1163,OVERALL,CHANGE_MAGNITUDE_ONLY,0.4646891998698219,0.37703122978755976,
1163,OVERALL,CHANGE_MAGNITUDE_IOU_ONLY,0.4646891998698219,0.37703122978755976,
1164,OVERALL,SOURCE_STATE,0.5259377769592891,0.3712439657108577,
1164,OVERALL,SOURCE_PLUS_SIMPLE_MASK_CHANGE,0.4671101851958426,0.34833099554538094,
1164,OVERALL,FROZEN_FULL_TRANSITION_SAFETTA,0.6469251044532176,0.49539211918507864,
1164,OVERALL,CHANGE_MAGNITUDE_ONLY,0.5083044624256166,0.39379990622422734,
1164,OVERALL,CHANGE_MAGNITUDE_IOU_ONLY,0.5083044624256166,0.39379990622422734,
1165,OVERALL,SOURCE_STATE,0.5389519563398399,0.3621048894651073,
1165,OVERALL,SOURCE_PLUS_SIMPLE_MASK_CHANGE,0.472987149226331,0.31566830035136584,
1165,OVERALL,FROZEN_FULL_TRANSITION_SAFETTA,0.6230751938855794,0.41686238133492703,
1165,OVERALL,CHANGE_MAGNITUDE_ONLY,0.48749578509609987,0.3467639625195036,
1165,OVERALL,CHANGE_MAGNITUDE_IOU_ONLY,0.48749578509609987,0.3467639625195036,
1166,OVERALL,SOURCE_STATE,0.5534719205708967,0.39256592658148937,
1166,OVERALL,SOURCE_PLUS_SIMPLE_MASK_CHANGE,0.47826248836487745,0.3407505693623789,
1166,OVERALL,FROZEN_FULL_TRANSITION_SAFETTA,0.6061805771020787,0.4435197798643757,
1166,OVERALL,CHANGE_MAGNITUDE_ONLY,0.4923208191126279,0.36170497600060053,
1166,OVERALL,CHANGE_MAGNITUDE_IOU_ONLY,0.4923208191126279,0.36170497600060053,
1167,OVERALL,SOURCE_STATE,0.545198505459609,0.37946602668203777,
1167,OVERALL,SOURCE_PLUS_SIMPLE_MASK_CHANGE,0.4937023898784583,0.33707893874683703,
1167,OVERALL,FROZEN_FULL_TRANSITION_SAFETTA,0.6270831889409052,0.46370859813332593,
1167,OVERALL,CHANGE_MAGNITUDE_ONLY,0.49608092696788497,0.35602402116839893,
1167,OVERALL,CHANGE_MAGNITUDE_IOU_ONLY,0.49608092696788497,0.35602402116839893,
1168,OVERALL,SOURCE_STATE,0.4989327388293331,0.39598480752225773,
1168,OVERALL,SOURCE_PLUS_SIMPLE_MASK_CHANGE,0.46792287259273313,0.3917430144387498,
1168,OVERALL,FROZEN_FULL_TRANSITION_SAFETTA,0.6119260506593303,0.5073000980298683,
1168,OVERALL,CHANGE_MAGNITUDE_ONLY,0.5087011431552984,0.4395102015114595,
1168,OVERALL,CHANGE_MAGNITUDE_IOU_ONLY,0.5087011431552984,0.4395102015114595,
1169,OVERALL,SOURCE_STATE,0.5540857212238952,0.3578553900113355,
1169,OVERALL,SOURCE_PLUS_SIMPLE_MASK_CHANGE,0.4966852841185041,0.32739605683896283,
1169,OVERALL,FROZEN_FULL_TRANSITION_SAFETTA,0.693886595434677,0.48640772097344054,
1169,OVERALL,CHANGE_MAGNITUDE_ONLY,0.4452525497814473,0.3014355672789538,
1169,OVERALL,CHANGE_MAGNITUDE_IOU_ONLY,0.4452525497814473,0.3014355672789538,
1170,OVERALL,SOURCE_STATE,0.4835890464167799,0.3155790750204521,
1170,OVERALL,SOURCE_PLUS_SIMPLE_MASK_CHANGE,0.39344313646871615,0.26032993529977555,
1170,OVERALL,FROZEN_FULL_TRANSITION_SAFETTA,0.5810899704922347,0.37990435503757103,
1170,OVERALL,CHANGE_MAGNITUDE_ONLY,0.4648193510797587,0.3525497036321534,
1170,OVERALL,CHANGE_MAGNITUDE_IOU_ONLY,0.4648193510797587,0.3525497036321534,
1171,OVERALL,SOURCE_STATE,0.5207457133613718,0.37045639523068247,
1171,OVERALL,SOURCE_PLUS_SIMPLE_MASK_CHANGE,0.4598026528631511,0.33623321890555075,
1171,OVERALL,FROZEN_FULL_TRANSITION_SAFETTA,0.6359650136340528,0.49245986951297416,
1171,OVERALL,CHANGE_MAGNITUDE_ONLY,0.5001675370892453,0.37956730152865537,
1171,OVERALL,CHANGE_MAGNITUDE_IOU_ONLY,0.5001675370892453,0.37956730152865537,
1172,OVERALL,SOURCE_STATE,0.5293977475104723,0.36475617672188854,
1172,OVERALL,SOURCE_PLUS_SIMPLE_MASK_CHANGE,0.49572327990568643,0.36463415623154516,
1172,OVERALL,FROZEN_FULL_TRANSITION_SAFETTA,0.631838362555497,0.4787430339490613,
1172,OVERALL,CHANGE_MAGNITUDE_ONLY,0.514767853111596,0.3775734448250573,
1172,OVERALL,CHANGE_MAGNITUDE_IOU_ONLY,0.514767853111596,0.3775734448250573,
1173,OVERALL,SOURCE_STATE,0.5289138470956654,0.36613091178239365,
1173,OVERALL,SOURCE_PLUS_SIMPLE_MASK_CHANGE,0.46960867415412877,0.3376931348892195,
1173,OVERALL,FROZEN_FULL_TRANSITION_SAFETTA,0.6429916884462339,0.478935334375535,
1173,OVERALL,CHANGE_MAGNITUDE_ONLY,0.5027577641214005,0.3728642868183307,
1173,OVERALL,CHANGE_MAGNITUDE_IOU_ONLY,0.5027577641214005,0.3728642868183307,
1174,OVERALL,SOURCE_STATE,0.5485000278287973,0.3920574522645011,
1174,OVERALL,SOURCE_PLUS_SIMPLE_MASK_CHANGE,0.5199866421773252,0.3846768133443553,
1174,OVERALL,FROZEN_FULL_TRANSITION_SAFETTA,0.6840040073468024,0.5201587703945953,
1174,OVERALL,CHANGE_MAGNITUDE_ONLY,0.498600211498859,0.3634967604588995,
1174,OVERALL,CHANGE_MAGNITUDE_IOU_ONLY,0.498600211498859,0.3634967604588995,
1175,OVERALL,SOURCE_STATE,0.4741092291487584,0.3521878463459287,
1175,OVERALL,SOURCE_PLUS_SIMPLE_MASK_CHANGE,0.4494473164884923,0.3333451569128062,
1175,OVERALL,FROZEN_FULL_TRANSITION_SAFETTA,0.607976076612952,0.46634833593663294,
1175,OVERALL,CHANGE_MAGNITUDE_ONLY,0.5528590626778213,0.44332645071715465,
1175,OVERALL,CHANGE_MAGNITUDE_IOU_ONLY,0.5528590626778213,0.44332645071715465,
1176,OVERALL,SOURCE_STATE,0.496063531183679,0.3471370677329608,
1176,OVERALL,SOURCE_PLUS_SIMPLE_MASK_CHANGE,0.49400349770035534,0.36594318093622835,
1176,OVERALL,FROZEN_FULL_TRANSITION_SAFETTA,0.6133236244141974,0.4677749929255359,
1176,OVERALL,CHANGE_MAGNITUDE_ONLY,0.4952917965856968,0.36109509850391486,
1176,OVERALL,CHANGE_MAGNITUDE_IOU_ONLY,0.4952917965856968,0.36109509850391486,
1177,OVERALL,SOURCE_STATE,0.5597806612736848,0.403126553698148,
1177,OVERALL,SOURCE_PLUS_SIMPLE_MASK_CHANGE,0.49168793094087626,0.3698263395782266,
1177,OVERALL,FROZEN_FULL_TRANSITION_SAFETTA,0.6483142407296812,0.4853106386293552,
1177,OVERALL,CHANGE_MAGNITUDE_ONLY,0.4773386177316901,0.3644803096532008,
1177,OVERALL,CHANGE_MAGNITUDE_IOU_ONLY,0.4773386177316901,0.3644803096532008,
1178,OVERALL,SOURCE_STATE,0.5109407665505228,0.338731926536354,
1178,OVERALL,SOURCE_PLUS_SIMPLE_MASK_CHANGE,0.4750492349643993,0.32243201601561494,
1178,OVERALL,FROZEN_FULL_TRANSITION_SAFETTA,0.6635782457203454,0.4672908296394872,
1178,OVERALL,CHANGE_MAGNITUDE_ONLY,0.48304196333888805,0.3445511360348523,
1178,OVERALL,CHANGE_MAGNITUDE_IOU_ONLY,0.48304196333888805,0.3445511360348523,
1179,OVERALL,SOURCE_STATE,0.5084829332795445,0.38435992687475506,
1179,OVERALL,SOURCE_PLUS_SIMPLE_MASK_CHANGE,0.46277370626863,0.3454038565565911,
1179,OVERALL,FROZEN_FULL_TRANSITION_SAFETTA,0.5828010488805218,0.42883677494994693,
1179,OVERALL,CHANGE_MAGNITUDE_ONLY,0.4870738922880387,0.3835738939735872,
1179,OVERALL,CHANGE_MAGNITUDE_IOU_ONLY,0.4870738922880387,0.3835738939735872,
1180,OVERALL,SOURCE_STATE,0.5474043198181129,0.35401067947248216,
1180,OVERALL,SOURCE_PLUS_SIMPLE_MASK_CHANGE,0.4824554755589238,0.3127441351766598,
1180,OVERALL,FROZEN_FULL_TRANSITION_SAFETTA,0.6636857395478085,0.44770905214278417,
1180,OVERALL,CHANGE_MAGNITUDE_ONLY,0.4916508778577744,0.3346981582736394,
1180,OVERALL,CHANGE_MAGNITUDE_IOU_ONLY,0.4916508778577744,0.3346981582736394,
1181,OVERALL,SOURCE_STATE,0.5644531690696992,0.40356016907170367,
1181,OVERALL,SOURCE_PLUS_SIMPLE_MASK_CHANGE,0.5368803447731222,0.383198520639549,
1181,OVERALL,FROZEN_FULL_TRANSITION_SAFETTA,0.6451634739050971,0.48765982351785114,
1181,OVERALL,CHANGE_MAGNITUDE_ONLY,0.5121166993840114,0.37622567383993377,
1181,OVERALL,CHANGE_MAGNITUDE_IOU_ONLY,0.5121166993840114,0.37622567383993377,
1182,OVERALL,SOURCE_STATE,0.5313037059575931,0.37596737689780224,
1182,OVERALL,SOURCE_PLUS_SIMPLE_MASK_CHANGE,0.5163547847253918,0.39136762281427884,
1182,OVERALL,FROZEN_FULL_TRANSITION_SAFETTA,0.6692191963757459,0.5245101916036623,
1182,OVERALL,CHANGE_MAGNITUDE_ONLY,0.5133345729724856,0.3789963988802991,
1182,OVERALL,CHANGE_MAGNITUDE_IOU_ONLY,0.5133345729724856,0.3789963988802991,
1183,OVERALL,SOURCE_STATE,0.5176744918859304,0.3377257296245997,
1183,OVERALL,SOURCE_PLUS_SIMPLE_MASK_CHANGE,0.446781156451867,0.2953191604983786,
1183,OVERALL,FROZEN_FULL_TRANSITION_SAFETTA,0.6301622813927841,0.45025404546042197,
1183,OVERALL,CHANGE_MAGNITUDE_ONLY,0.4793697809988971,0.3359275560862172,
1183,OVERALL,CHANGE_MAGNITUDE_IOU_ONLY,0.4793697809988971,0.3359275560862172,
1184,OVERALL,SOURCE_STATE,0.5334347054777162,0.37187065568107514,
1184,OVERALL,SOURCE_PLUS_SIMPLE_MASK_CHANGE,0.4827848376235473,0.33709836337534177,
1184,OVERALL,FROZEN_FULL_TRANSITION_SAFETTA,0.6584603502166226,0.4884630560615756,
1184,OVERALL,CHANGE_MAGNITUDE_ONLY,0.47058397596032003,0.3416187467562256,
1184,OVERALL,CHANGE_MAGNITUDE_IOU_ONLY,0.47058397596032003,0.3416187467562256,
1185,OVERALL,SOURCE_STATE,0.4611553662230211,0.30878396164691774,
1185,OVERALL,SOURCE_PLUS_SIMPLE_MASK_CHANGE,0.4423178734563722,0.3078014389520831,
1185,OVERALL,FROZEN_FULL_TRANSITION_SAFETTA,0.6037293310843255,0.41495435290752836,
1185,OVERALL,CHANGE_MAGNITUDE_ONLY,0.49894731658068725,0.36896180437941606,
1185,OVERALL,CHANGE_MAGNITUDE_IOU_ONLY,0.49894731658068725,0.36896180437941606,
1186,OVERALL,SOURCE_STATE,0.5408867347913284,0.36992815831317394,
1186,OVERALL,SOURCE_PLUS_SIMPLE_MASK_CHANGE,0.5042975838028841,0.3552137712366122,
1186,OVERALL,FROZEN_FULL_TRANSITION_SAFETTA,0.6393670614076975,0.4669795050333204,
1186,OVERALL,CHANGE_MAGNITUDE_ONLY,0.4995642727533187,0.34855463227249606,
1186,OVERALL,CHANGE_MAGNITUDE_IOU_ONLY,0.4995642727533187,0.34855463227249606,
1187,OVERALL,SOURCE_STATE,0.4737195017807101,0.34066126044454026,
1187,OVERALL,SOURCE_PLUS_SIMPLE_MASK_CHANGE,0.4702972489135454,0.36920218184243636,
1187,OVERALL,FROZEN_FULL_TRANSITION_SAFETTA,0.6433582358634389,0.5212829936388546,
1187,OVERALL,CHANGE_MAGNITUDE_ONLY,0.5301993256706921,0.4076067631163839,
1187,OVERALL,CHANGE_MAGNITUDE_IOU_ONLY,0.5301993256706921,0.4076067631163839,
1188,OVERALL,SOURCE_STATE,0.5258195367068127,0.3926650927845091,
1188,OVERALL,SOURCE_PLUS_SIMPLE_MASK_CHANGE,0.47140594555792303,0.3640984409193373,
1188,OVERALL,FROZEN_FULL_TRANSITION_SAFETTA,0.6435456855394642,0.47364641496722837,
1188,OVERALL,CHANGE_MAGNITUDE_ONLY,0.4923601061950936,0.38320464808340693,
1188,OVERALL,CHANGE_MAGNITUDE_IOU_ONLY,0.4923601061950936,0.38320464808340693,
1189,OVERALL,SOURCE_STATE,0.5337775707854165,0.3954604936995597,
1189,OVERALL,SOURCE_PLUS_SIMPLE_MASK_CHANGE,0.4763252486893801,0.3598391995534783,
1189,OVERALL,FROZEN_FULL_TRANSITION_SAFETTA,0.6299931931358149,0.46787510141632893,
1189,OVERALL,CHANGE_MAGNITUDE_ONLY,0.49779672554007093,0.38611252754367975,
1189,OVERALL,CHANGE_MAGNITUDE_IOU_ONLY,0.49779672554007093,0.38611252754367975,
1190,OVERALL,SOURCE_STATE,0.5044504830917874,0.3380847144191812,
1190,OVERALL,SOURCE_PLUS_SIMPLE_MASK_CHANGE,0.44871980676328505,0.3076398100605118,
1190,OVERALL,FROZEN_FULL_TRANSITION_SAFETTA,0.5914009661835748,0.40642689791041187,
1190,OVERALL,CHANGE_MAGNITUDE_ONLY,0.5140700483091787,0.38856925334837966,
1190,OVERALL,CHANGE_MAGNITUDE_IOU_ONLY,0.5140700483091787,0.38856925334837966,
1191,OVERALL,SOURCE_STATE,0.5068160460830617,0.3429429583763455,
1191,OVERALL,SOURCE_PLUS_SIMPLE_MASK_CHANGE,0.4673537631652815,0.3190662142664084,
1191,OVERALL,FROZEN_FULL_TRANSITION_SAFETTA,0.6273142215550592,0.43921457472262526,
1191,OVERALL,CHANGE_MAGNITUDE_ONLY,0.4897515224740355,0.3558392311155214,
1191,OVERALL,CHANGE_MAGNITUDE_IOU_ONLY,0.4897515224740355,0.3558392311155214,
1192,OVERALL,SOURCE_STATE,0.5100859549098486,0.37591048613390665,
1192,OVERALL,SOURCE_PLUS_SIMPLE_MASK_CHANGE,0.5095881688999508,0.3949833898364747,
1192,OVERALL,FROZEN_FULL_TRANSITION_SAFETTA,0.6453158915289555,0.5142798606135741,
1192,OVERALL,CHANGE_MAGNITUDE_ONLY,0.5144734176482505,0.394168254581236,
1192,OVERALL,CHANGE_MAGNITUDE_IOU_ONLY,0.5144734176482505,0.394168254581236,
1193,OVERALL,SOURCE_STATE,0.5658254788689571,0.33988506877498514,
1193,OVERALL,SOURCE_PLUS_SIMPLE_MASK_CHANGE,0.501924532451822,0.2959805536106374,
1193,OVERALL,FROZEN_FULL_TRANSITION_SAFETTA,0.6519086833610422,0.42630744748530547,
1193,OVERALL,CHANGE_MAGNITUDE_ONLY,0.49063933291500356,0.2943787233741918,
1193,OVERALL,CHANGE_MAGNITUDE_IOU_ONLY,0.49063933291500356,0.2943787233741918,
1194,OVERALL,SOURCE_STATE,0.5245234512907391,0.3696484596070402,
1194,OVERALL,SOURCE_PLUS_SIMPLE_MASK_CHANGE,0.4925067232167186,0.3580988585445801,
1194,OVERALL,FROZEN_FULL_TRANSITION_SAFETTA,0.6325747254439692,0.46993811523283524,
1194,OVERALL,CHANGE_MAGNITUDE_ONLY,0.506880190501013,0.3752606129668228,
1194,OVERALL,CHANGE_MAGNITUDE_IOU_ONLY,0.506880190501013,0.3752606129668228,
1195,OVERALL,SOURCE_STATE,0.5136925795053003,0.3659027746474914,
1195,OVERALL,SOURCE_PLUS_SIMPLE_MASK_CHANGE,0.4739858198338764,0.3373037819772421,
1195,OVERALL,FROZEN_FULL_TRANSITION_SAFETTA,0.6232848423661145,0.44510985975564643,
1195,OVERALL,CHANGE_MAGNITUDE_ONLY,0.5125223716213116,0.3861163487495669,
1195,OVERALL,CHANGE_MAGNITUDE_IOU_ONLY,0.5125223716213116,0.3861163487495669,
1196,OVERALL,SOURCE_STATE,0.5581844081844082,0.3983385545584365,
1196,OVERALL,SOURCE_PLUS_SIMPLE_MASK_CHANGE,0.49369981869981866,0.34938601829701865,
1196,OVERALL,FROZEN_FULL_TRANSITION_SAFETTA,0.6575692825692826,0.497396297065786,
1196,OVERALL,CHANGE_MAGNITUDE_ONLY,0.486509324009324,0.3585469092960652,
1196,OVERALL,CHANGE_MAGNITUDE_IOU_ONLY,0.486509324009324,0.3585469092960652,
1197,OVERALL,SOURCE_STATE,0.4825109834403515,0.3497409409604479,
1197,OVERALL,SOURCE_PLUS_SIMPLE_MASK_CHANGE,0.4737242311591754,0.3507737623434233,
1197,OVERALL,FROZEN_FULL_TRANSITION_SAFETTA,0.5758943658571911,0.4421191121679443,
1197,OVERALL,CHANGE_MAGNITUDE_ONLY,0.5113485492202964,0.3923106189489042,
1197,OVERALL,CHANGE_MAGNITUDE_IOU_ONLY,0.5113485492202964,0.3923106189489042,
1198,OVERALL,SOURCE_STATE,0.5454165545588294,0.3943105397946568,
1198,OVERALL,SOURCE_PLUS_SIMPLE_MASK_CHANGE,0.47001711672000135,0.3471069328469254,
1198,OVERALL,FROZEN_FULL_TRANSITION_SAFETTA,0.6366389402517704,0.46768887354786726,
1198,OVERALL,CHANGE_MAGNITUDE_ONLY,0.47706416766371085,0.3580124899352977,
1198,OVERALL,CHANGE_MAGNITUDE_IOU_ONLY,0.47706416766371085,0.3580124899352977,
1199,OVERALL,SOURCE_STATE,0.5479299283243948,0.363815160994751,
1199,OVERALL,SOURCE_PLUS_SIMPLE_MASK_CHANGE,0.4913412861510701,0.316023378582019,
1199,OVERALL,FROZEN_FULL_TRANSITION_SAFETTA,0.6504999749385996,0.44352316010754594,
1199,OVERALL,CHANGE_MAGNITUDE_ONLY,0.47729123853440936,0.32791344950014,
1199,OVERALL,CHANGE_MAGNITUDE_IOU_ONLY,0.47729123853440936,0.32791344950014,
1200,OVERALL,SOURCE_STATE,0.5470810620713908,0.40437532410374644,
1200,OVERALL,SOURCE_PLUS_SIMPLE_MASK_CHANGE,0.505997387525434,0.39463644700949485,
1200,OVERALL,FROZEN_FULL_TRANSITION_SAFETTA,0.6987301866412119,0.555103686324488,
1200,OVERALL,CHANGE_MAGNITUDE_ONLY,0.5068514657489512,0.39360900220754574,
1200,OVERALL,CHANGE_MAGNITUDE_IOU_ONLY,0.5068514657489512,0.39360900220754574,
1201,OVERALL,SOURCE_STATE,0.5121995000531858,0.35221213960980313,
1201,OVERALL,SOURCE_PLUS_SIMPLE_MASK_CHANGE,0.4760198383150729,0.3259789841801495,
1201,OVERALL,FROZEN_FULL_TRANSITION_SAFETTA,0.6514798957557707,0.4836448812346681,
1201,OVERALL,CHANGE_MAGNITUDE_ONLY,0.5294915434528242,0.3788720459174063,
1201,OVERALL,CHANGE_MAGNITUDE_IOU_ONLY,0.5294915434528242,0.3788720459174063,
1202,OVERALL,SOURCE_STATE,0.5079965106135504,0.3802846395758345,
1202,OVERALL,SOURCE_PLUS_SIMPLE_MASK_CHANGE,0.4363550450712416,0.3323879620564665,
1202,OVERALL,FROZEN_FULL_TRANSITION_SAFETTA,0.6427861781525638,0.4945399548403847,
1202,OVERALL,CHANGE_MAGNITUDE_ONLY,0.47343583406028883,0.3842785309129078,
1202,OVERALL,CHANGE_MAGNITUDE_IOU_ONLY,0.47343583406028883,0.3842785309129078,
1203,OVERALL,SOURCE_STATE,0.4925900648369327,0.3258936587013881,
1203,OVERALL,SOURCE_PLUS_SIMPLE_MASK_CHANGE,0.4822307804806708,0.32674806485281577,
1203,OVERALL,FROZEN_FULL_TRANSITION_SAFETTA,0.648418076341832,0.4631430029771532,
1203,OVERALL,CHANGE_MAGNITUDE_ONLY,0.4903171159752352,0.34382971927204026,
1203,OVERALL,CHANGE_MAGNITUDE_IOU_ONLY,0.4903171159752352,0.34382971927204026,
1204,OVERALL,SOURCE_STATE,0.5529998373463905,0.3927318516393709,
1204,OVERALL,SOURCE_PLUS_SIMPLE_MASK_CHANGE,0.4675337786676987,0.32682916394682915,
1204,OVERALL,FROZEN_FULL_TRANSITION_SAFETTA,0.6447028206379387,0.473510410217705,
1204,OVERALL,CHANGE_MAGNITUDE_ONLY,0.4701811063810694,0.34890935594990513,
1204,OVERALL,CHANGE_MAGNITUDE_IOU_ONLY,0.4701811063810694,0.34890935594990513,
1205,OVERALL,SOURCE_STATE,0.5435121782092398,0.35768353313041795,
1205,OVERALL,SOURCE_PLUS_SIMPLE_MASK_CHANGE,0.48715932589556576,0.32814927490533663,
1205,OVERALL,FROZEN_FULL_TRANSITION_SAFETTA,0.670544459441053,0.49631388889112577,
1205,OVERALL,CHANGE_MAGNITUDE_ONLY,0.4872583860622346,0.33957849246499533,
1205,OVERALL,CHANGE_MAGNITUDE_IOU_ONLY,0.4872583860622346,0.33957849246499533,
1206,OVERALL,SOURCE_STATE,0.5427574171029668,0.3649963342266753,
1206,OVERALL,SOURCE_PLUS_SIMPLE_MASK_CHANGE,0.49769670508574915,0.3280014502025228,
1206,OVERALL,FROZEN_FULL_TRANSITION_SAFETTA,0.6583970054082722,0.4634634593909904,
1206,OVERALL,CHANGE_MAGNITUDE_ONLY,0.471543361762221,0.32560419810973984,
1206,OVERALL,CHANGE_MAGNITUDE_IOU_ONLY,0.471543361762221,0.32560419810973984,
1207,OVERALL,SOURCE_STATE,0.5336961505709732,0.4110632509464005,
1207,OVERALL,SOURCE_PLUS_SIMPLE_MASK_CHANGE,0.5007805847289242,0.39279946252670117,
1207,OVERALL,FROZEN_FULL_TRANSITION_SAFETTA,0.654468438175506,0.5252905351570164,
1207,OVERALL,CHANGE_MAGNITUDE_ONLY,0.5126694906002315,0.4103326464858349,
1207,OVERALL,CHANGE_MAGNITUDE_IOU_ONLY,0.5126694906002315,0.4103326464858349,
1208,OVERALL,SOURCE_STATE,0.5226846578463156,0.36168628778474243,
1208,OVERALL,SOURCE_PLUS_SIMPLE_MASK_CHANGE,0.4843599404188207,0.3441070286539597,
1208,OVERALL,FROZEN_FULL_TRANSITION_SAFETTA,0.6376880165892695,0.4735270379864409,
1208,OVERALL,CHANGE_MAGNITUDE_ONLY,0.48675487017728325,0.3580289672260805,
1208,OVERALL,CHANGE_MAGNITUDE_IOU_ONLY,0.48675487017728325,0.3580289672260805,
1209,OVERALL,SOURCE_STATE,0.5151230378336988,0.38371029217510194,
1209,OVERALL,SOURCE_PLUS_SIMPLE_MASK_CHANGE,0.4916988618565313,0.36867416387139884,
1209,OVERALL,FROZEN_FULL_TRANSITION_SAFETTA,0.6143422319677933,0.490473432069397,
1209,OVERALL,CHANGE_MAGNITUDE_ONLY,0.552446254336199,0.4368671904945469,
1209,OVERALL,CHANGE_MAGNITUDE_IOU_ONLY,0.552446254336199,0.4368671904945469,
1210,OVERALL,SOURCE_STATE,0.5410624774860031,0.36857074778987653,
1210,OVERALL,SOURCE_PLUS_SIMPLE_MASK_CHANGE,0.48945887036211666,0.3451652869180455,
1210,OVERALL,FROZEN_FULL_TRANSITION_SAFETTA,0.6307460299046933,0.4489457422940234,
1210,OVERALL,CHANGE_MAGNITUDE_ONLY,0.5173121187884264,0.3807111735492501,
1210,OVERALL,CHANGE_MAGNITUDE_IOU_ONLY,0.5173121187884264,0.3807111735492501,
1211,OVERALL,SOURCE_STATE,0.5099844072229767,0.3323459882597994,
1211,OVERALL,SOURCE_PLUS_SIMPLE_MASK_CHANGE,0.4699273175393592,0.33009854121516835,
1211,OVERALL,FROZEN_FULL_TRANSITION_SAFETTA,0.6657675670237916,0.46926712039379714,
1211,OVERALL,CHANGE_MAGNITUDE_ONLY,0.46375936824103414,0.33632017716953655,
1211,OVERALL,CHANGE_MAGNITUDE_IOU_ONLY,0.46375936824103414,0.33632017716953655,
1212,OVERALL,SOURCE_STATE,0.505995905235449,0.3220373144575283,
1212,OVERALL,SOURCE_PLUS_SIMPLE_MASK_CHANGE,0.47571414643657994,0.31175818549982753,
1212,OVERALL,FROZEN_FULL_TRANSITION_SAFETTA,0.6017418998407591,0.41151244851819263,
1212,OVERALL,CHANGE_MAGNITUDE_ONLY,0.5134964739527477,0.34458064238204855,
1212,OVERALL,CHANGE_MAGNITUDE_IOU_ONLY,0.5134964739527477,0.34458064238204855,
1213,OVERALL,SOURCE_STATE,0.5284630146039992,0.3414009942459488,
1213,OVERALL,SOURCE_PLUS_SIMPLE_MASK_CHANGE,0.498495538794228,0.33330396215917424,
1213,OVERALL,FROZEN_FULL_TRANSITION_SAFETTA,0.6579162487607761,0.4587300242136137,
1213,OVERALL,CHANGE_MAGNITUDE_ONLY,0.48039852278722456,0.32326199892417806,
1213,OVERALL,CHANGE_MAGNITUDE_IOU_ONLY,0.48039852278722456,0.32326199892417806,
1214,OVERALL,SOURCE_STATE,0.5257522224754958,0.40138189605914726,
1214,OVERALL,SOURCE_PLUS_SIMPLE_MASK_CHANGE,0.46934123546842943,0.36117226421260856,
1214,OVERALL,FROZEN_FULL_TRANSITION_SAFETTA,0.6473330294050603,0.5201132827486834,
1214,OVERALL,CHANGE_MAGNITUDE_ONLY,0.4793765671301573,0.3913200677540223,
1214,OVERALL,CHANGE_MAGNITUDE_IOU_ONLY,0.4793765671301573,0.3913200677540223,
1215,OVERALL,SOURCE_STATE,0.5130317807297797,0.3927637992436612,
1215,OVERALL,SOURCE_PLUS_SIMPLE_MASK_CHANGE,0.4836612297516955,0.39326476826777423,
1215,OVERALL,FROZEN_FULL_TRANSITION_SAFETTA,0.6427268028075157,0.5367659829306075,
1215,OVERALL,CHANGE_MAGNITUDE_ONLY,0.49713830191381897,0.4033505776846473,
1215,OVERALL,CHANGE_MAGNITUDE_IOU_ONLY,0.49713830191381897,0.4033505776846473,
1216,OVERALL,SOURCE_STATE,0.5183690183690184,0.4247525196186466,
1216,OVERALL,SOURCE_PLUS_SIMPLE_MASK_CHANGE,0.4811044811044812,0.3996340473338865,
1216,OVERALL,FROZEN_FULL_TRANSITION_SAFETTA,0.6099274599274599,0.4970733025610309,
1216,OVERALL,CHANGE_MAGNITUDE_ONLY,0.5046624546624547,0.4205505330401027,
1216,OVERALL,CHANGE_MAGNITUDE_IOU_ONLY,0.5046624546624547,0.4205505330401027,
1217,OVERALL,SOURCE_STATE,0.48078674194135856,0.3528885764357146,
1217,OVERALL,SOURCE_PLUS_SIMPLE_MASK_CHANGE,0.46620037333818976,0.3664757151341592,
1217,OVERALL,FROZEN_FULL_TRANSITION_SAFETTA,0.6169356674558367,0.47132189564435445,
1217,OVERALL,CHANGE_MAGNITUDE_ONLY,0.4835412493170643,0.39133410511134625,
1217,OVERALL,CHANGE_MAGNITUDE_IOU_ONLY,0.4835412493170643,0.39133410511134625,
1218,OVERALL,SOURCE_STATE,0.4954803261254874,0.3594517913412743,
1218,OVERALL,SOURCE_PLUS_SIMPLE_MASK_CHANGE,0.4705305447240931,0.3616345011656498,
1218,OVERALL,FROZEN_FULL_TRANSITION_SAFETTA,0.6370495096301548,0.5009685546010686,
1218,OVERALL,CHANGE_MAGNITUDE_ONLY,0.5105577218480444,0.39977495343010866,
1218,OVERALL,CHANGE_MAGNITUDE_IOU_ONLY,0.5105577218480444,0.39977495343010866,
1219,OVERALL,SOURCE_STATE,0.5002611028032946,0.36222670545950575,
1219,OVERALL,SOURCE_PLUS_SIMPLE_MASK_CHANGE,0.47293432077666214,0.34620164982931645,
1219,OVERALL,FROZEN_FULL_TRANSITION_SAFETTA,0.6379512924588762,0.5170958957597357,
1219,OVERALL,CHANGE_MAGNITUDE_ONLY,0.5367620878729615,0.40823420087560536,
1219,OVERALL,CHANGE_MAGNITUDE_IOU_ONLY,0.5367620878729615,0.40823420087560536,
1220,OVERALL,SOURCE_STATE,0.5372882959598827,0.34196801563105894,
1220,OVERALL,SOURCE_PLUS_SIMPLE_MASK_CHANGE,0.4762796858737818,0.3234585525722241,
1220,OVERALL,FROZEN_FULL_TRANSITION_SAFETTA,0.6632226322263223,0.44019728354706095,
1220,OVERALL,CHANGE_MAGNITUDE_ONLY,0.4856088560885609,0.3298062239090678,
1220,OVERALL,CHANGE_MAGNITUDE_IOU_ONLY,0.4856088560885609,0.3298062239090678,
1221,OVERALL,SOURCE_STATE,0.5160795087265675,0.3624493542981453,
1221,OVERALL,SOURCE_PLUS_SIMPLE_MASK_CHANGE,0.45487233354880413,0.3025404298640082,
1221,OVERALL,FROZEN_FULL_TRANSITION_SAFETTA,0.6429110105580694,0.4533364381969859,
1221,OVERALL,CHANGE_MAGNITUDE_ONLY,0.5119687297996122,0.37643584297999244,
1221,OVERALL,CHANGE_MAGNITUDE_IOU_ONLY,0.5119687297996122,0.37643584297999244,
1222,OVERALL,SOURCE_STATE,0.5549924288652338,0.3842645068406637,
1222,OVERALL,SOURCE_PLUS_SIMPLE_MASK_CHANGE,0.45605916785318773,0.323509196133114,
1222,OVERALL,FROZEN_FULL_TRANSITION_SAFETTA,0.6352521074875132,0.44320567929748694,
1222,OVERALL,CHANGE_MAGNITUDE_ONLY,0.4706138269261193,0.3473399431915792,
1222,OVERALL,CHANGE_MAGNITUDE_IOU_ONLY,0.4706138269261193,0.3473399431915792,
1223,OVERALL,SOURCE_STATE,0.4960117250923514,0.3681444655965976,
1223,OVERALL,SOURCE_PLUS_SIMPLE_MASK_CHANGE,0.4488934171670172,0.3606964186130176,
1223,OVERALL,FROZEN_FULL_TRANSITION_SAFETTA,0.6132844424587824,0.4823155944722127,
1223,OVERALL,CHANGE_MAGNITUDE_ONLY,0.5196335363793875,0.42630093899911653,
1223,OVERALL,CHANGE_MAGNITUDE_IOU_ONLY,0.5196335363793875,0.42630093899911653,
1224,OVERALL,SOURCE_STATE,0.4895907201457472,0.36694007275668294,
1224,OVERALL,SOURCE_PLUS_SIMPLE_MASK_CHANGE,0.45648626989755037,0.356279766179973,
1224,OVERALL,FROZEN_FULL_TRANSITION_SAFETTA,0.6343808914333156,0.48999812332560466,
1224,OVERALL,CHANGE_MAGNITUDE_ONLY,0.4874719661460585,0.3964571352308487,
1224,OVERALL,CHANGE_MAGNITUDE_IOU_ONLY,0.4874719661460585,0.3964571352308487,
1225,OVERALL,SOURCE_STATE,0.513962388962389,0.37472286987163483,
1225,OVERALL,SOURCE_PLUS_SIMPLE_MASK_CHANGE,0.5115231052731053,0.3822485255634481,
1225,OVERALL,FROZEN_FULL_TRANSITION_SAFETTA,0.6210428085428086,0.4722501384564777,
1225,OVERALL,CHANGE_MAGNITUDE_ONLY,0.5143403893403894,0.36954411904274476,
1225,OVERALL,CHANGE_MAGNITUDE_IOU_ONLY,0.5143403893403894,0.36954411904274476,
1226,OVERALL,SOURCE_STATE,0.5342858298332072,0.38438541905133383,
1226,OVERALL,SOURCE_PLUS_SIMPLE_MASK_CHANGE,0.4821854652808671,0.3665533017869188,
1226,OVERALL,FROZEN_FULL_TRANSITION_SAFETTA,0.6462802373345504,0.47065950565659515,
1226,OVERALL,CHANGE_MAGNITUDE_ONLY,0.46951857137079767,0.36270512300720464,
1226,OVERALL,CHANGE_MAGNITUDE_IOU_ONLY,0.46951857137079767,0.36270512300720464,
1227,OVERALL,SOURCE_STATE,0.5086931973620643,0.3500343865720563,
1227,OVERALL,SOURCE_PLUS_SIMPLE_MASK_CHANGE,0.4649681899406872,0.3426030694683803,
1227,OVERALL,FROZEN_FULL_TRANSITION_SAFETTA,0.6313874773720758,0.4589632679586346,
1227,OVERALL,CHANGE_MAGNITUDE_ONLY,0.4857422250161524,0.36845178630770936,
1227,OVERALL,CHANGE_MAGNITUDE_IOU_ONLY,0.4857422250161524,0.36845178630770936,
1228,OVERALL,SOURCE_STATE,0.5271711331035249,0.4094755003560739,
1228,OVERALL,SOURCE_PLUS_SIMPLE_MASK_CHANGE,0.44874346714110974,0.36743130825720105,
1228,OVERALL,FROZEN_FULL_TRANSITION_SAFETTA,0.65510952963416,0.5301230662234124,
1228,OVERALL,CHANGE_MAGNITUDE_ONLY,0.4391721338819082,0.37789117289628094,
1228,OVERALL,CHANGE_MAGNITUDE_IOU_ONLY,0.4391721338819082,0.37789117289628094,
1229,OVERALL,SOURCE_STATE,0.5220880018674137,0.3794479532887702,
1229,OVERALL,SOURCE_PLUS_SIMPLE_MASK_CHANGE,0.49907796451914105,0.35419159927492605,
1229,OVERALL,FROZEN_FULL_TRANSITION_SAFETTA,0.6374883286647993,0.493526216688729,
1229,OVERALL,CHANGE_MAGNITUDE_ONLY,0.5004726890756303,0.37432495047906594,
1229,OVERALL,CHANGE_MAGNITUDE_IOU_ONLY,0.5004726890756303,0.37432495047906594,
1230,OVERALL,SOURCE_STATE,0.5505471380471381,0.37838279134143055,
1230,OVERALL,SOURCE_PLUS_SIMPLE_MASK_CHANGE,0.46696127946127947,0.3060489168723275,
1230,OVERALL,FROZEN_FULL_TRANSITION_SAFETTA,0.6387926887926888,0.46031723891255666,
1230,OVERALL,CHANGE_MAGNITUDE_ONLY,0.4743626743626744,0.3267806036556964,
1230,OVERALL,CHANGE_MAGNITUDE_IOU_ONLY,0.4743626743626744,0.3267806036556964,
1231,OVERALL,SOURCE_STATE,0.5292325547657044,0.410420392120304,
1231,OVERALL,SOURCE_PLUS_SIMPLE_MASK_CHANGE,0.4907447705938929,0.397807796063324,
1231,OVERALL,FROZEN_FULL_TRANSITION_SAFETTA,0.6248797760476275,0.49064546497589684,
1231,OVERALL,CHANGE_MAGNITUDE_ONLY,0.5027698523999119,0.40124457739617,
1231,OVERALL,CHANGE_MAGNITUDE_IOU_ONLY,0.5027698523999119,0.40124457739617,
1232,OVERALL,SOURCE_STATE,0.5748816319306164,0.4214884136453433,
1232,OVERALL,SOURCE_PLUS_SIMPLE_MASK_CHANGE,0.5484700650471259,0.42202531250074826,
1232,OVERALL,FROZEN_FULL_TRANSITION_SAFETTA,0.6551396079472542,0.5068937086088048,
1232,OVERALL,CHANGE_MAGNITUDE_ONLY,0.5113970750918182,0.37764025953700636,
1232,OVERALL,CHANGE_MAGNITUDE_IOU_ONLY,0.5113970750918182,0.37764025953700636,
1233,OVERALL,SOURCE_STATE,0.5200151057401813,0.4243648741767411,
1233,OVERALL,SOURCE_PLUS_SIMPLE_MASK_CHANGE,0.48832302306622555,0.4004814662866356,
1233,OVERALL,FROZEN_FULL_TRANSITION_SAFETTA,0.642563420131396,0.5302928801655218,
1233,OVERALL,CHANGE_MAGNITUDE_ONLY,0.5172037596508896,0.431884794666599,
1233,OVERALL,CHANGE_MAGNITUDE_IOU_ONLY,0.5172037596508896,0.431884794666599,
1234,OVERALL,SOURCE_STATE,0.5157931293954214,0.3742254344382085,
1234,OVERALL,SOURCE_PLUS_SIMPLE_MASK_CHANGE,0.49348537030069745,0.3738542419787368,
1234,OVERALL,FROZEN_FULL_TRANSITION_SAFETTA,0.6381790293172807,0.4740678805588327,
1234,OVERALL,CHANGE_MAGNITUDE_ONLY,0.46378317367522354,0.35609805234979564,
1234,OVERALL,CHANGE_MAGNITUDE_IOU_ONLY,0.46378317367522354,0.35609805234979564,
1235,OVERALL,SOURCE_STATE,0.501485043704443,0.36086198393144164,
1235,OVERALL,SOURCE_PLUS_SIMPLE_MASK_CHANGE,0.4539575961044068,0.32751022732156265,
1235,OVERALL,FROZEN_FULL_TRANSITION_SAFETTA,0.6265795602334937,0.45828910059599354,
1235,OVERALL,CHANGE_MAGNITUDE_ONLY,0.45429634334452407,0.3606335606561584,
1235,OVERALL,CHANGE_MAGNITUDE_IOU_ONLY,0.45429634334452407,0.3606335606561584,
1236,OVERALL,SOURCE_STATE,0.5205202788638184,0.3572171178926853,
1236,OVERALL,SOURCE_PLUS_SIMPLE_MASK_CHANGE,0.483607329596307,0.35907531821558336,
1236,OVERALL,FROZEN_FULL_TRANSITION_SAFETTA,0.6314416599934053,0.4781665244692048,
1236,OVERALL,CHANGE_MAGNITUDE_ONLY,0.5243946959348061,0.39314504360054153,
1236,OVERALL,CHANGE_MAGNITUDE_IOU_ONLY,0.5243946959348061,0.39314504360054153,
1237,OVERALL,SOURCE_STATE,0.5463085036255768,0.39636578510806697,
1237,OVERALL,SOURCE_PLUS_SIMPLE_MASK_CHANGE,0.4893998964120916,0.33791073045372577,
1237,OVERALL,FROZEN_FULL_TRANSITION_SAFETTA,0.6577949901120633,0.4892335024100104,
1237,OVERALL,CHANGE_MAGNITUDE_ONLY,0.48270788209812604,0.33970059659776214,
1237,OVERALL,CHANGE_MAGNITUDE_IOU_ONLY,0.48270788209812604,0.33970059659776214,
1238,OVERALL,SOURCE_STATE,0.5569760653823701,0.3904827222737585,
1238,OVERALL,SOURCE_PLUS_SIMPLE_MASK_CHANGE,0.49628721541155874,0.34437227513788227,
1238,OVERALL,FROZEN_FULL_TRANSITION_SAFETTA,0.6686690017513134,0.48979378308374394,
1238,OVERALL,CHANGE_MAGNITUDE_ONLY,0.46466433158201986,0.3375313489798679,
1238,OVERALL,CHANGE_MAGNITUDE_IOU_ONLY,0.46466433158201986,0.3375313489798679,
1239,OVERALL,SOURCE_STATE,0.5634568821009498,0.39547421022341694,
1239,OVERALL,SOURCE_PLUS_SIMPLE_MASK_CHANGE,0.5138262867076426,0.3592348034375856,
1239,OVERALL,FROZEN_FULL_TRANSITION_SAFETTA,0.6514310548208853,0.4677543073461595,
1239,OVERALL,CHANGE_MAGNITUDE_ONLY,0.48234928912895014,0.34829769009157585,
1239,OVERALL,CHANGE_MAGNITUDE_IOU_ONLY,0.48234928912895014,0.34829769009157585,
1240,OVERALL,SOURCE_STATE,0.5413413932066782,0.3639374026221704,
1240,OVERALL,SOURCE_PLUS_SIMPLE_MASK_CHANGE,0.4974035693724813,0.3436668031812969,
1240,OVERALL,FROZEN_FULL_TRANSITION_SAFETTA,0.6450777202072538,0.4522877225360522,
1240,OVERALL,CHANGE_MAGNITUDE_ONLY,0.47538284398388025,0.3393562369074874,
1240,OVERALL,CHANGE_MAGNITUDE_IOU_ONLY,0.47538284398388025,0.3393562369074874,
1241,OVERALL,SOURCE_STATE,0.4857347102901566,0.30736078017078305,
1241,OVERALL,SOURCE_PLUS_SIMPLE_MASK_CHANGE,0.43240741922718506,0.2841975455055802,
1241,OVERALL,FROZEN_FULL_TRANSITION_SAFETTA,0.6060290794898961,0.38625055102227585,
1241,OVERALL,CHANGE_MAGNITUDE_ONLY,0.5227670194161125,0.3749126161740634,
1241,OVERALL,CHANGE_MAGNITUDE_IOU_ONLY,0.5227670194161125,0.3749126161740634,
1242,OVERALL,SOURCE_STATE,0.5452081475571409,0.3791911671096999,
1242,OVERALL,SOURCE_PLUS_SIMPLE_MASK_CHANGE,0.49337658985309996,0.34567466998624413,
1242,OVERALL,FROZEN_FULL_TRANSITION_SAFETTA,0.6483667339372037,0.4728078979671517,
1242,OVERALL,CHANGE_MAGNITUDE_ONLY,0.47879804758999384,0.3448477196643903,
1242,OVERALL,CHANGE_MAGNITUDE_IOU_ONLY,0.47879804758999384,0.3448477196643903,
1243,OVERALL,SOURCE_STATE,0.4923537609702814,0.33472936301170053,
1243,OVERALL,SOURCE_PLUS_SIMPLE_MASK_CHANGE,0.4321129483847477,0.2900700426713556,
1243,OVERALL,FROZEN_FULL_TRANSITION_SAFETTA,0.6356924931259181,0.4447610051281504,
1243,OVERALL,CHANGE_MAGNITUDE_ONLY,0.5012869285723254,0.3711579596842418,
1243,OVERALL,CHANGE_MAGNITUDE_IOU_ONLY,0.5012869285723254,0.3711579596842418,
1244,OVERALL,SOURCE_STATE,0.5068861856823266,0.3507482632683383,
1244,OVERALL,SOURCE_PLUS_SIMPLE_MASK_CHANGE,0.4622891032811335,0.3193261071051677,
1244,OVERALL,FROZEN_FULL_TRANSITION_SAFETTA,0.638830630126771,0.4738595276646797,
1244,OVERALL,CHANGE_MAGNITUDE_ONLY,0.5021963553318419,0.3694325025446373,
1244,OVERALL,CHANGE_MAGNITUDE_IOU_ONLY,0.5021963553318419,0.3694325025446373,
1245,OVERALL,SOURCE_STATE,0.5536238333493698,0.390074625599966,
1245,OVERALL,SOURCE_PLUS_SIMPLE_MASK_CHANGE,0.4956821899355336,0.37346082757014143,
1245,OVERALL,FROZEN_FULL_TRANSITION_SAFETTA,0.6564574713749639,0.49388679223818494,
1245,OVERALL,CHANGE_MAGNITUDE_ONLY,0.4779719522755701,0.34680882720407996,
1245,OVERALL,CHANGE_MAGNITUDE_IOU_ONLY,0.4779719522755701,0.34680882720407996,
1246,OVERALL,SOURCE_STATE,0.5169138418079096,0.3462003372671896,
1246,OVERALL,SOURCE_PLUS_SIMPLE_MASK_CHANGE,0.48226224105461396,0.32666808747084364,
1246,OVERALL,FROZEN_FULL_TRANSITION_SAFETTA,0.645539077212806,0.46524065060598907,
1246,OVERALL,CHANGE_MAGNITUDE_ONLY,0.4787135122410546,0.3361346544127317,
1246,OVERALL,CHANGE_MAGNITUDE_IOU_ONLY,0.4787135122410546,0.3361346544127317,
1247,OVERALL,SOURCE_STATE,0.5012830619056404,0.37359112373620673,
1247,OVERALL,SOURCE_PLUS_SIMPLE_MASK_CHANGE,0.46175133757107156,0.36173352021497485,
1247,OVERALL,FROZEN_FULL_TRANSITION_SAFETTA,0.6122301796286668,0.47003681469194125,
1247,OVERALL,CHANGE_MAGNITUDE_ONLY,0.4865795638148589,0.3956668825739537,
1247,OVERALL,CHANGE_MAGNITUDE_IOU_ONLY,0.4865795638148589,0.3956668825739537,
1248,OVERALL,SOURCE_STATE,0.5160894480384097,0.35423822781469494,
1248,OVERALL,SOURCE_PLUS_SIMPLE_MASK_CHANGE,0.4837080191095703,0.34760561828094905,
1248,OVERALL,FROZEN_FULL_TRANSITION_SAFETTA,0.6526859430287001,0.47164536450175587,
1248,OVERALL,CHANGE_MAGNITUDE_ONLY,0.486537522189261,0.3526596069333466,
1248,OVERALL,CHANGE_MAGNITUDE_IOU_ONLY,0.486537522189261,0.3526596069333466,
1249,OVERALL,SOURCE_STATE,0.49128437557420224,0.3482724084655618,
1249,OVERALL,SOURCE_PLUS_SIMPLE_MASK_CHANGE,0.45697311202302937,0.3504437151374469,
1249,OVERALL,FROZEN_FULL_TRANSITION_SAFETTA,0.6209407729527776,0.4588798536538461,
1249,OVERALL,CHANGE_MAGNITUDE_ONLY,0.49511239051877254,0.3801683947107468,
1249,OVERALL,CHANGE_MAGNITUDE_IOU_ONLY,0.49511239051877254,0.3801683947107468,
1250,OVERALL,SOURCE_STATE,0.4744456384834934,0.35396996907801104,
1250,OVERALL,SOURCE_PLUS_SIMPLE_MASK_CHANGE,0.4677378352457216,0.3633630716904721,
1250,OVERALL,FROZEN_FULL_TRANSITION_SAFETTA,0.5642527819183971,0.4280413166898231,
1250,OVERALL,CHANGE_MAGNITUDE_ONLY,0.5315110756751136,0.4244421561330191,
1250,OVERALL,CHANGE_MAGNITUDE_IOU_ONLY,0.5315110756751136,0.4244421561330191,
1251,OVERALL,SOURCE_STATE,0.5241835285764999,0.36579934508350825,
1251,OVERALL,SOURCE_PLUS_SIMPLE_MASK_CHANGE,0.5037051828186014,0.37136745958202066,
1251,OVERALL,FROZEN_FULL_TRANSITION_SAFETTA,0.6545083422080228,0.4717284714927949,
1251,OVERALL,CHANGE_MAGNITUDE_ONLY,0.47903909300674474,0.35007161750861604,
1251,OVERALL,CHANGE_MAGNITUDE_IOU_ONLY,0.47903909300674474,0.35007161750861604,
1252,OVERALL,SOURCE_STATE,0.5448405981097475,0.37653440901481494,
1252,OVERALL,SOURCE_PLUS_SIMPLE_MASK_CHANGE,0.4902254666854752,0.3661024468205124,
1252,OVERALL,FROZEN_FULL_TRANSITION_SAFETTA,0.6337518220717543,0.47015561594874267,
1252,OVERALL,CHANGE_MAGNITUDE_ONLY,0.4658273381294964,0.3476326595759527,
1252,OVERALL,CHANGE_MAGNITUDE_IOU_ONLY,0.4658273381294964,0.3476326595759527,
1253,OVERALL,SOURCE_STATE,0.5407202060931899,0.38793222729514,
1253,OVERALL,SOURCE_PLUS_SIMPLE_MASK_CHANGE,0.478769041218638,0.3564282691588096,
1253,OVERALL,FROZEN_FULL_TRANSITION_SAFETTA,0.6498263888888889,0.4944837414518182,
1253,OVERALL,CHANGE_MAGNITUDE_ONLY,0.4678371415770609,0.3589453730598422,
1253,OVERALL,CHANGE_MAGNITUDE_IOU_ONLY,0.4678371415770609,0.3589453730598422,
1254,OVERALL,SOURCE_STATE,0.5073618294592077,0.3204761237934576,
1254,OVERALL,SOURCE_PLUS_SIMPLE_MASK_CHANGE,0.4906829426180238,0.3249485788030839,
1254,OVERALL,FROZEN_FULL_TRANSITION_SAFETTA,0.6310762340724888,0.426804976847176,
1254,OVERALL,CHANGE_MAGNITUDE_ONLY,0.5009842194611234,0.35013107465364696,
1254,OVERALL,CHANGE_MAGNITUDE_IOU_ONLY,0.5009842194611234,0.35013107465364696,
1255,OVERALL,SOURCE_STATE,0.5167989542606811,0.3265878598783193,
1255,OVERALL,SOURCE_PLUS_SIMPLE_MASK_CHANGE,0.4715836826981959,0.3087681849622418,
1255,OVERALL,FROZEN_FULL_TRANSITION_SAFETTA,0.6379127608460124,0.4294867789067248,
1255,OVERALL,CHANGE_MAGNITUDE_ONLY,0.45119294361486645,0.3113811728205813,
1255,OVERALL,CHANGE_MAGNITUDE_IOU_ONLY,0.45119294361486645,0.3113811728205813,
1256,OVERALL,SOURCE_STATE,0.547415848484478,0.35205283990018676,
1256,OVERALL,SOURCE_PLUS_SIMPLE_MASK_CHANGE,0.49440008803355057,0.3582185483509717,
1256,OVERALL,FROZEN_FULL_TRANSITION_SAFETTA,0.6728636580385636,0.4805313075487726,
1256,OVERALL,CHANGE_MAGNITUDE_ONLY,0.48590240502769394,0.33145260669052706,
1256,OVERALL,CHANGE_MAGNITUDE_IOU_ONLY,0.48590240502769394,0.33145260669052706,
1257,OVERALL,SOURCE_STATE,0.4977451544809058,0.32491201994353913,
1257,OVERALL,SOURCE_PLUS_SIMPLE_MASK_CHANGE,0.4852355593935905,0.33161104034157557,
1257,OVERALL,FROZEN_FULL_TRANSITION_SAFETTA,0.629467712531184,0.44612786589199244,
1257,OVERALL,CHANGE_MAGNITUDE_ONLY,0.5117180003838034,0.36431895843040096,
1257,OVERALL,CHANGE_MAGNITUDE_IOU_ONLY,0.5117180003838034,0.36431895843040096,
1258,OVERALL,SOURCE_STATE,0.5498591453687676,0.4046028512791588,
1258,OVERALL,SOURCE_PLUS_SIMPLE_MASK_CHANGE,0.504655556686918,0.3754502188022069,
1258,OVERALL,FROZEN_FULL_TRANSITION_SAFETTA,0.6535937729808009,0.5058360811558457,
1258,OVERALL,CHANGE_MAGNITUDE_ONLY,0.4722589915034676,0.3630880262837099,
1258,OVERALL,CHANGE_MAGNITUDE_IOU_ONLY,0.4722589915034676,0.3630880262837099,
1259,OVERALL,SOURCE_STATE,0.5076541640178004,0.3385077331354042,
1259,OVERALL,SOURCE_PLUS_SIMPLE_MASK_CHANGE,0.43383343928798473,0.29022604071885727,
1259,OVERALL,FROZEN_FULL_TRANSITION_SAFETTA,0.6174888747616021,0.42615519119580697,
1259,OVERALL,CHANGE_MAGNITUDE_ONLY,0.4787412587412587,0.3548025200431758,
1259,OVERALL,CHANGE_MAGNITUDE_IOU_ONLY,0.4787412587412587,0.3548025200431758,
1260,OVERALL,SOURCE_STATE,0.5247432251392578,0.3749510451327872,
1260,OVERALL,SOURCE_PLUS_SIMPLE_MASK_CHANGE,0.45474416527604766,0.33735839752126207,
1260,OVERALL,FROZEN_FULL_TRANSITION_SAFETTA,0.6700472418736927,0.5236459022966393,
1260,OVERALL,CHANGE_MAGNITUDE_ONLY,0.4442704538510353,0.3539634680396494,
1260,OVERALL,CHANGE_MAGNITUDE_IOU_ONLY,0.4442704538510353,0.3539634680396494,
1261,OVERALL,SOURCE_STATE,0.5143709945473038,0.38232230566585984,
1261,OVERALL,SOURCE_PLUS_SIMPLE_MASK_CHANGE,0.4614615004085353,0.3412846749556314,
1261,OVERALL,FROZEN_FULL_TRANSITION_SAFETTA,0.6471977811251118,0.4841185640932621,
1261,OVERALL,CHANGE_MAGNITUDE_ONLY,0.49195435520896447,0.3887369134114952,
1261,OVERALL,CHANGE_MAGNITUDE_IOU_ONLY,0.49195435520896447,0.3887369134114952,
1262,OVERALL,SOURCE_STATE,0.5114810952942244,0.3917481747950167,
1262,OVERALL,SOURCE_PLUS_SIMPLE_MASK_CHANGE,0.4697785383987669,0.3733535436795959,
1262,OVERALL,FROZEN_FULL_TRANSITION_SAFETTA,0.6027008341644755,0.46148193371422463,
1262,OVERALL,CHANGE_MAGNITUDE_ONLY,0.520536766705957,0.4184063875232228,
1262,OVERALL,CHANGE_MAGNITUDE_IOU_ONLY,0.520536766705957,0.4184063875232228,
1263,OVERALL,SOURCE_STATE,0.5253893929836478,0.3601400499416207,
1263,OVERALL,SOURCE_PLUS_SIMPLE_MASK_CHANGE,0.48079722451356205,0.3515296761695398,
1263,OVERALL,FROZEN_FULL_TRANSITION_SAFETTA,0.6489943713911398,0.48841099327998105,
1263,OVERALL,CHANGE_MAGNITUDE_ONLY,0.49861407637439953,0.3663585503298372,
1263,OVERALL,CHANGE_MAGNITUDE_IOU_ONLY,0.49861407637439953,0.3663585503298372,
1264,OVERALL,SOURCE_STATE,0.5155612692105417,0.3723824530179223,
1264,OVERALL,SOURCE_PLUS_SIMPLE_MASK_CHANGE,0.4750482089639455,0.35021679718398435,
1264,OVERALL,FROZEN_FULL_TRANSITION_SAFETTA,0.6369309881376731,0.4918033837215107,
1264,OVERALL,CHANGE_MAGNITUDE_ONLY,0.48939694968737213,0.3778066251059198,
1264,OVERALL,CHANGE_MAGNITUDE_IOU_ONLY,0.48939694968737213,0.3778066251059198,
1265,OVERALL,SOURCE_STATE,0.550515157406031,0.3918097957267863,
1265,OVERALL,SOURCE_PLUS_SIMPLE_MASK_CHANGE,0.4815206577548056,0.3523677429415283,
1265,OVERALL,FROZEN_FULL_TRANSITION_SAFETTA,0.6416254045214926,0.4802158592705081,
1265,OVERALL,CHANGE_MAGNITUDE_ONLY,0.46394755800523735,0.35664810785090423,
1265,OVERALL,CHANGE_MAGNITUDE_IOU_ONLY,0.46394755800523735,0.35664810785090423,
1266,OVERALL,SOURCE_STATE,0.5235048426150121,0.37012380327506345,
1266,OVERALL,SOURCE_PLUS_SIMPLE_MASK_CHANGE,0.45536924939467316,0.33084165862599435,
1266,OVERALL,FROZEN_FULL_TRANSITION_SAFETTA,0.6074213075060533,0.43867882028112526,
1266,OVERALL,CHANGE_MAGNITUDE_ONLY,0.49922518159806295,0.37322980831331665,
1266,OVERALL,CHANGE_MAGNITUDE_IOU_ONLY,0.49922518159806295,0.37322980831331665,
1267,OVERALL,SOURCE_STATE,0.5268065268065267,0.36235905752122366,
1267,OVERALL,SOURCE_PLUS_SIMPLE_MASK_CHANGE,0.4992440806394295,0.3513693307349943,
1267,OVERALL,FROZEN_FULL_TRANSITION_SAFETTA,0.6662028755052011,0.4894127253038545,
1267,OVERALL,CHANGE_MAGNITUDE_ONLY,0.4833306228655066,0.3459158493185303,
1267,OVERALL,CHANGE_MAGNITUDE_IOU_ONLY,0.4833306228655066,0.3459158493185303,
1268,OVERALL,SOURCE_STATE,0.5351863226252735,0.4203161662181583,
1268,OVERALL,SOURCE_PLUS_SIMPLE_MASK_CHANGE,0.500969032696654,0.4253870134530455,
1268,OVERALL,FROZEN_FULL_TRANSITION_SAFETTA,0.6243671471081083,0.5222766243475366,
1268,OVERALL,CHANGE_MAGNITUDE_ONLY,0.5404340073825383,0.43119414077977164,
1268,OVERALL,CHANGE_MAGNITUDE_IOU_ONLY,0.5404340073825383,0.43119414077977164,
1269,OVERALL,SOURCE_STATE,0.5479325560328453,0.3923694574604264,
1269,OVERALL,SOURCE_PLUS_SIMPLE_MASK_CHANGE,0.4879167762485024,0.34722601147940163,
1269,OVERALL,FROZEN_FULL_TRANSITION_SAFETTA,0.6389000905876508,0.4674156470371035,
1269,OVERALL,CHANGE_MAGNITUDE_ONLY,0.49033049881651614,0.3713422978173938,
1269,OVERALL,CHANGE_MAGNITUDE_IOU_ONLY,0.49033049881651614,0.3713422978173938,
1270,OVERALL,SOURCE_STATE,0.5491825139146568,0.39131249144564373,
1270,OVERALL,SOURCE_PLUS_SIMPLE_MASK_CHANGE,0.5159438775510204,0.39497812471997207,
1270,OVERALL,FROZEN_FULL_TRANSITION_SAFETTA,0.6483592300556587,0.49360078999630486,
1270,OVERALL,CHANGE_MAGNITUDE_ONLY,0.5345373376623377,0.3992143907251344,
1270,OVERALL,CHANGE_MAGNITUDE_IOU_ONLY,0.5345373376623377,0.3992143907251344,
1271,OVERALL,SOURCE_STATE,0.5357620208237396,0.4037309574922322,
1271,OVERALL,SOURCE_PLUS_SIMPLE_MASK_CHANGE,0.48817292464591777,0.37506717203329687,
1271,OVERALL,FROZEN_FULL_TRANSITION_SAFETTA,0.6475576471645345,0.5185921219615366,
1271,OVERALL,CHANGE_MAGNITUDE_ONLY,0.5033863848236046,0.39382483333665075,
1271,OVERALL,CHANGE_MAGNITUDE_IOU_ONLY,0.5033863848236046,0.39382483333665075,
1272,OVERALL,SOURCE_STATE,0.5231848240684316,0.3907870760070732,
1272,OVERALL,SOURCE_PLUS_SIMPLE_MASK_CHANGE,0.48982102150901663,0.36768250889689075,
1272,OVERALL,FROZEN_FULL_TRANSITION_SAFETTA,0.6325467759044847,0.49880476130137635,
1272,OVERALL,CHANGE_MAGNITUDE_ONLY,0.4974044733337847,0.39434621935813746,
1272,OVERALL,CHANGE_MAGNITUDE_IOU_ONLY,0.4974044733337847,0.39434621935813746,
1273,OVERALL,SOURCE_STATE,0.5211818656759738,0.39028808209726346,
1273,OVERALL,SOURCE_PLUS_SIMPLE_MASK_CHANGE,0.4979973297730307,0.3990270044455213,
1273,OVERALL,FROZEN_FULL_TRANSITION_SAFETTA,0.6512799674928891,0.5182457597698309,
1273,OVERALL,CHANGE_MAGNITUDE_ONLY,0.5182301039066581,0.4102593452743925,
1273,OVERALL,CHANGE_MAGNITUDE_IOU_ONLY,0.5182301039066581,0.4102593452743925,
1274,OVERALL,SOURCE_STATE,0.5305648395721925,0.4090541983068224,
1274,OVERALL,SOURCE_PLUS_SIMPLE_MASK_CHANGE,0.4795064616755794,0.38034846929346805,
1274,OVERALL,FROZEN_FULL_TRANSITION_SAFETTA,0.656439393939394,0.5218777856847677,
1274,OVERALL,CHANGE_MAGNITUDE_ONLY,0.49556038324420676,0.4050307441451708,
1274,OVERALL,CHANGE_MAGNITUDE_IOU_ONLY,0.49556038324420676,0.4050307441451708,
1275,OVERALL,SOURCE_STATE,0.5276806817803522,0.36971755526361383,
1275,OVERALL,SOURCE_PLUS_SIMPLE_MASK_CHANGE,0.4516572899674868,0.3223888569419995,
1275,OVERALL,FROZEN_FULL_TRANSITION_SAFETTA,0.6299310895835415,0.47160890914988607,
1275,OVERALL,CHANGE_MAGNITUDE_ONLY,0.4747134280990269,0.3556028604676299,
1275,OVERALL,CHANGE_MAGNITUDE_IOU_ONLY,0.4747134280990269,0.3556028604676299,
1276,OVERALL,SOURCE_STATE,0.5128603569821509,0.3520721824957967,
1276,OVERALL,SOURCE_PLUS_SIMPLE_MASK_CHANGE,0.4776241187940603,0.3575041262906966,
1276,OVERALL,FROZEN_FULL_TRANSITION_SAFETTA,0.6521073946302685,0.48154769615291093,
1276,OVERALL,CHANGE_MAGNITUDE_ONLY,0.5104664766761662,0.3804247711470638,
1276,OVERALL,CHANGE_MAGNITUDE_IOU_ONLY,0.5104664766761662,0.3804247711470638,
1277,OVERALL,SOURCE_STATE,0.5190047162140186,0.3495618890659351,
1277,OVERALL,SOURCE_PLUS_SIMPLE_MASK_CHANGE,0.4638998211091235,0.31241717726697044,
1277,OVERALL,FROZEN_FULL_TRANSITION_SAFETTA,0.647702065376484,0.45145619250605584,
1277,OVERALL,CHANGE_MAGNITUDE_ONLY,0.4996129451943406,0.3561764385746965,
1277,OVERALL,CHANGE_MAGNITUDE_IOU_ONLY,0.4996129451943406,0.3561764385746965,
1278,OVERALL,SOURCE_STATE,0.5286529984319991,0.35096193599482717,
1278,OVERALL,SOURCE_PLUS_SIMPLE_MASK_CHANGE,0.4679920712404959,0.3155760537307224,
1278,OVERALL,FROZEN_FULL_TRANSITION_SAFETTA,0.623525931185468,0.4470568780039789,
1278,OVERALL,CHANGE_MAGNITUDE_ONLY,0.5070441702908197,0.3567881249034744,
1278,OVERALL,CHANGE_MAGNITUDE_IOU_ONLY,0.5070441702908197,0.3567881249034744,
1279,OVERALL,SOURCE_STATE,0.480574642253173,0.3614987760007943,
1279,OVERALL,SOURCE_PLUS_SIMPLE_MASK_CHANGE,0.4452241430650209,0.35128262941055854,
1279,OVERALL,FROZEN_FULL_TRANSITION_SAFETTA,0.5981493238346189,0.454544967289396,
1279,OVERALL,CHANGE_MAGNITUDE_ONLY,0.47385231671620154,0.3956732825071407,
1279,OVERALL,CHANGE_MAGNITUDE_IOU_ONLY,0.47385231671620154,0.3956732825071407,
1280,OVERALL,SOURCE_STATE,0.5169019668683525,0.3868723395515267,
1280,OVERALL,SOURCE_PLUS_SIMPLE_MASK_CHANGE,0.4697729740911207,0.35631952520770027,
1280,OVERALL,FROZEN_FULL_TRANSITION_SAFETTA,0.5927841271482996,0.4493400007205845,
1280,OVERALL,CHANGE_MAGNITUDE_ONLY,0.4960093775318474,0.3869753875345102,
1280,OVERALL,CHANGE_MAGNITUDE_IOU_ONLY,0.4960093775318474,0.3869753875345102,
1281,OVERALL,SOURCE_STATE,0.5640863904728264,0.41721528691867843,
1281,OVERALL,SOURCE_PLUS_SIMPLE_MASK_CHANGE,0.5488343341575415,0.4030816714304199,
1281,OVERALL,FROZEN_FULL_TRANSITION_SAFETTA,0.7089872331836302,0.5563208351975785,
1281,OVERALL,CHANGE_MAGNITUDE_ONLY,0.5131705101680375,0.36352529267930567,
1281,OVERALL,CHANGE_MAGNITUDE_IOU_ONLY,0.5131705101680375,0.36352529267930567,
1282,OVERALL,SOURCE_STATE,0.521855992585298,0.3516845176036759,
1282,OVERALL,SOURCE_PLUS_SIMPLE_MASK_CHANGE,0.4933904883276371,0.35446333533709895,
1282,OVERALL,FROZEN_FULL_TRANSITION_SAFETTA,0.6362277703759487,0.45945234952594505,
1282,OVERALL,CHANGE_MAGNITUDE_ONLY,0.44905868041475994,0.33247766681069296,
1282,OVERALL,CHANGE_MAGNITUDE_IOU_ONLY,0.44905868041475994,0.33247766681069296,
1283,OVERALL,SOURCE_STATE,0.50190778819257,0.3341800676366081,
1283,OVERALL,SOURCE_PLUS_SIMPLE_MASK_CHANGE,0.4482750159493547,0.30251829532990754,
1283,OVERALL,FROZEN_FULL_TRANSITION_SAFETTA,0.6064435392844874,0.42745934635988503,
1283,OVERALL,CHANGE_MAGNITUDE_ONLY,0.47624159591696524,0.35453582735528527,
1283,OVERALL,CHANGE_MAGNITUDE_IOU_ONLY,0.47624159591696524,0.35453582735528527,
1284,OVERALL,SOURCE_STATE,0.5360827232973352,0.3657843803232167,
1284,OVERALL,SOURCE_PLUS_SIMPLE_MASK_CHANGE,0.53708535672006,0.3953019295048914,
1284,OVERALL,FROZEN_FULL_TRANSITION_SAFETTA,0.669324249232925,0.4863234643323536,
1284,OVERALL,CHANGE_MAGNITUDE_ONLY,0.5302481215723225,0.37544711795946284,
1284,OVERALL,CHANGE_MAGNITUDE_IOU_ONLY,0.5302481215723225,0.37544711795946284,
1285,OVERALL,SOURCE_STATE,0.5646094503375121,0.407197485191542,
1285,OVERALL,SOURCE_PLUS_SIMPLE_MASK_CHANGE,0.4995773658583045,0.3635443914353621,
1285,OVERALL,FROZEN_FULL_TRANSITION_SAFETTA,0.6514339797849924,0.48763039758540877,
1285,OVERALL,CHANGE_MAGNITUDE_ONLY,0.48529114135028634,0.36212683542321833,
1285,OVERALL,CHANGE_MAGNITUDE_IOU_ONLY,0.48529114135028634,0.36212683542321833,
1286,OVERALL,SOURCE_STATE,0.5264247330427362,0.3586476176835836,
1286,OVERALL,SOURCE_PLUS_SIMPLE_MASK_CHANGE,0.46522636592172323,0.32092277713041273,
1286,OVERALL,FROZEN_FULL_TRANSITION_SAFETTA,0.6107209575866601,0.4116899085674789,
1286,OVERALL,CHANGE_MAGNITUDE_ONLY,0.4692970317581125,0.33456554424361085,
1286,OVERALL,CHANGE_MAGNITUDE_IOU_ONLY,0.4692970317581125,0.33456554424361085,
1287,OVERALL,SOURCE_STATE,0.5102739726027398,0.3281339396968389,
1287,OVERALL,SOURCE_PLUS_SIMPLE_MASK_CHANGE,0.48027742189809797,0.32409222792833825,
1287,OVERALL,FROZEN_FULL_TRANSITION_SAFETTA,0.6628190598206366,0.46925811959979646,
1287,OVERALL,CHANGE_MAGNITUDE_ONLY,0.5126884793535035,0.3529848181931661,
1287,OVERALL,CHANGE_MAGNITUDE_IOU_ONLY,0.5126884793535035,0.3529848181931661,
1288,OVERALL,SOURCE_STATE,0.5049767605016224,0.421452200843873,
1288,OVERALL,SOURCE_PLUS_SIMPLE_MASK_CHANGE,0.49244168201350524,0.42084943533635466,
1288,OVERALL,FROZEN_FULL_TRANSITION_SAFETTA,0.6235968604753135,0.5340399684604318,
1288,OVERALL,CHANGE_MAGNITUDE_ONLY,0.5088956853459616,0.44565996360748106,
1288,OVERALL,CHANGE_MAGNITUDE_IOU_ONLY,0.5088956853459616,0.44565996360748106,
1289,OVERALL,SOURCE_STATE,0.5064891705516705,0.3343271474663515,
1289,OVERALL,SOURCE_PLUS_SIMPLE_MASK_CHANGE,0.46465860528360525,0.34295592472634406,
1289,OVERALL,FROZEN_FULL_TRANSITION_SAFETTA,0.6342693764568765,0.4827954036715124,
1289,OVERALL,CHANGE_MAGNITUDE_ONLY,0.5237895784770785,0.39020538473747635,
1289,OVERALL,CHANGE_MAGNITUDE_IOU_ONLY,0.5237895784770785,0.39020538473747635,
1290,OVERALL,SOURCE_STATE,0.515969718817592,0.35173758662699395,
1290,OVERALL,SOURCE_PLUS_SIMPLE_MASK_CHANGE,0.4977349194905072,0.3389816089826655,
1290,OVERALL,FROZEN_FULL_TRANSITION_SAFETTA,0.6436613794760875,0.48447922241971814,
1290,OVERALL,CHANGE_MAGNITUDE_ONLY,0.5503064167267484,0.3941975053602007,
1290,OVERALL,CHANGE_MAGNITUDE_IOU_ONLY,0.5503064167267484,0.3941975053602007,
1291,OVERALL,SOURCE_STATE,0.5128038530775743,0.380816617600202,
1291,OVERALL,SOURCE_PLUS_SIMPLE_MASK_CHANGE,0.48537809515861763,0.39598891272697617,
1291,OVERALL,FROZEN_FULL_TRANSITION_SAFETTA,0.6474887042357627,0.543028822251604,
1291,OVERALL,CHANGE_MAGNITUDE_ONLY,0.4929662259629714,0.4018048343332043,
1291,OVERALL,CHANGE_MAGNITUDE_IOU_ONLY,0.4929662259629714,0.4018048343332043,
1292,OVERALL,SOURCE_STATE,0.5326707365495335,0.37699447565771055,
1292,OVERALL,SOURCE_PLUS_SIMPLE_MASK_CHANGE,0.45345071471113757,0.3207588042549089,
1292,OVERALL,FROZEN_FULL_TRANSITION_SAFETTA,0.6362480146912844,0.46807090770686544,
1292,OVERALL,CHANGE_MAGNITUDE_ONLY,0.48482169446098866,0.36625833806429275,
1292,OVERALL,CHANGE_MAGNITUDE_IOU_ONLY,0.48482169446098866,0.36625833806429275,
1293,OVERALL,SOURCE_STATE,0.5179263767874266,0.30461244979461743,
1293,OVERALL,SOURCE_PLUS_SIMPLE_MASK_CHANGE,0.48342852378371615,0.3048445525861062,
1293,OVERALL,FROZEN_FULL_TRANSITION_SAFETTA,0.6504078598129542,0.42692907546965186,
1293,OVERALL,CHANGE_MAGNITUDE_ONLY,0.4904913772738011,0.31590056795364146,
1293,OVERALL,CHANGE_MAGNITUDE_IOU_ONLY,0.4904913772738011,0.31590056795364146,
1294,OVERALL,SOURCE_STATE,0.5102272597564177,0.38001061314994694,
1294,OVERALL,SOURCE_PLUS_SIMPLE_MASK_CHANGE,0.4521396203586389,0.3440389319584586,
1294,OVERALL,FROZEN_FULL_TRANSITION_SAFETTA,0.6314305607871338,0.474165909303302,
1294,OVERALL,CHANGE_MAGNITUDE_ONLY,0.43891323950735656,0.3499911161470256,
1294,OVERALL,CHANGE_MAGNITUDE_IOU_ONLY,0.43891323950735656,0.3499911161470256,
1295,OVERALL,SOURCE_STATE,0.5320469564408041,0.38852079230414566,
1295,OVERALL,SOURCE_PLUS_SIMPLE_MASK_CHANGE,0.5065676191362621,0.369453406436631,
1295,OVERALL,FROZEN_FULL_TRANSITION_SAFETTA,0.6575763216679076,0.49186601819251874,
1295,OVERALL,CHANGE_MAGNITUDE_ONLY,0.4811290022338049,0.36202777101266237,
1295,OVERALL,CHANGE_MAGNITUDE_IOU_ONLY,0.4811290022338049,0.36202777101266237,
1296,OVERALL,SOURCE_STATE,0.5102044237797723,0.37496086958504804,
1296,OVERALL,SOURCE_PLUS_SIMPLE_MASK_CHANGE,0.49937409887002493,0.37454112811830725,
1296,OVERALL,FROZEN_FULL_TRANSITION_SAFETTA,0.6130925104223716,0.4539047650285466,
1296,OVERALL,CHANGE_MAGNITUDE_ONLY,0.521157693554336,0.39804564554256194,
1296,OVERALL,CHANGE_MAGNITUDE_IOU_ONLY,0.521157693554336,0.39804564554256194,
1297,OVERALL,SOURCE_STATE,0.562786683404954,0.3929976129647106,
1297,OVERALL,SOURCE_PLUS_SIMPLE_MASK_CHANGE,0.48463376949447157,0.3423549144656347,
1297,OVERALL,FROZEN_FULL_TRANSITION_SAFETTA,0.6424363864613009,0.4547389763788731,
1297,OVERALL,CHANGE_MAGNITUDE_ONLY,0.4537926705615374,0.3298663091450569,
1297,OVERALL,CHANGE_MAGNITUDE_IOU_ONLY,0.4537926705615374,0.3298663091450569,
1298,OVERALL,SOURCE_STATE,0.5633105802047782,0.38636948283815387,
1298,OVERALL,SOURCE_PLUS_SIMPLE_MASK_CHANGE,0.4825938566552901,0.3377490417825388,
1298,OVERALL,FROZEN_FULL_TRANSITION_SAFETTA,0.6437507355537249,0.46704760123632044,
1298,OVERALL,CHANGE_MAGNITUDE_ONLY,0.4728845474873485,0.3388199811898854,
1298,OVERALL,CHANGE_MAGNITUDE_IOU_ONLY,0.4728845474873485,0.3388199811898854,
1299,OVERALL,SOURCE_STATE,0.5173493613824193,0.3281833070023149,
1299,OVERALL,SOURCE_PLUS_SIMPLE_MASK_CHANGE,0.4721021788129226,0.30107290128364106,
1299,OVERALL,FROZEN_FULL_TRANSITION_SAFETTA,0.6150022539444028,0.4091369615138061,
1299,OVERALL,CHANGE_MAGNITUDE_ONLY,0.4709030803906837,0.3149225325790298,
1299,OVERALL,CHANGE_MAGNITUDE_IOU_ONLY,0.4709030803906837,0.3149225325790298,
1300,OVERALL,SOURCE_STATE,0.5260612101313321,0.4038992988309713,
1300,OVERALL,SOURCE_PLUS_SIMPLE_MASK_CHANGE,0.4754514540337711,0.3835663236355865,
1300,OVERALL,FROZEN_FULL_TRANSITION_SAFETTA,0.6419031425891182,0.5089426970631536,
1300,OVERALL,CHANGE_MAGNITUDE_ONLY,0.47631918386491556,0.39655081947727744,
1300,OVERALL,CHANGE_MAGNITUDE_IOU_ONLY,0.47631918386491556,0.39655081947727744,
1301,OVERALL,SOURCE_STATE,0.4935510541546093,0.3278016745313621,
1301,OVERALL,SOURCE_PLUS_SIMPLE_MASK_CHANGE,0.4866414693202622,0.32937970394005545,
1301,OVERALL,FROZEN_FULL_TRANSITION_SAFETTA,0.6072521112620327,0.4278531088536329,
1301,OVERALL,CHANGE_MAGNITUDE_ONLY,0.5132640406307211,0.3596671028397589,
1301,OVERALL,CHANGE_MAGNITUDE_IOU_ONLY,0.5132640406307211,0.3596671028397589,
1302,OVERALL,SOURCE_STATE,0.5562639821029083,0.37761923938556835,
1302,OVERALL,SOURCE_PLUS_SIMPLE_MASK_CHANGE,0.46450606381726134,0.314971514413002,
1302,OVERALL,FROZEN_FULL_TRANSITION_SAFETTA,0.6391263393382786,0.43539982870612687,
1302,OVERALL,CHANGE_MAGNITUDE_ONLY,0.45514835747085836,0.33137562853161795,
1302,OVERALL,CHANGE_MAGNITUDE_IOU_ONLY,0.45514835747085836,0.33137562853161795,
1303,OVERALL,SOURCE_STATE,0.5282971653369182,0.38729687313671535,
1303,OVERALL,SOURCE_PLUS_SIMPLE_MASK_CHANGE,0.5005732176423006,0.3682319672101103,
1303,OVERALL,FROZEN_FULL_TRANSITION_SAFETTA,0.6366789457450956,0.469713936879875,
1303,OVERALL,CHANGE_MAGNITUDE_ONLY,0.5080104983210834,0.38326466265932047,
1303,OVERALL,CHANGE_MAGNITUDE_IOU_ONLY,0.5080104983210834,0.38326466265932047,
1304,OVERALL,SOURCE_STATE,0.5515558750426435,0.3661751500947573,
1304,OVERALL,SOURCE_PLUS_SIMPLE_MASK_CHANGE,0.5057081241775916,0.346645302074515,
1304,OVERALL,FROZEN_FULL_TRANSITION_SAFETTA,0.6555144012866124,0.4735142233371186,
1304,OVERALL,CHANGE_MAGNITUDE_ONLY,0.5201337784492421,0.3682167058630164,
1304,OVERALL,CHANGE_MAGNITUDE_IOU_ONLY,0.5201337784492421,0.3682167058630164,
1305,OVERALL,SOURCE_STATE,0.5375874125874126,0.3452750670546977,
1305,OVERALL,SOURCE_PLUS_SIMPLE_MASK_CHANGE,0.48395026026604976,0.31452573080344637,
1305,OVERALL,FROZEN_FULL_TRANSITION_SAFETTA,0.6218452600031548,0.3982661442275949,
1305,OVERALL,CHANGE_MAGNITUDE_ONLY,0.4803716020821284,0.3241623199098753,
1305,OVERALL,CHANGE_MAGNITUDE_IOU_ONLY,0.4803716020821284,0.3241623199098753,
1306,OVERALL,SOURCE_STATE,0.48977744027104386,0.3882249359010716,
1306,OVERALL,SOURCE_PLUS_SIMPLE_MASK_CHANGE,0.4413575559320054,0.36059042005242403,
1306,OVERALL,FROZEN_FULL_TRANSITION_SAFETTA,0.5834044044628776,0.4659716430512233,
1306,OVERALL,CHANGE_MAGNITUDE_ONLY,0.5059086395233366,0.43438360060762515,
1306,OVERALL,CHANGE_MAGNITUDE_IOU_ONLY,0.5059086395233366,0.43438360060762515,
1307,OVERALL,SOURCE_STATE,0.5623354461238419,0.395632088304289,
1307,OVERALL,SOURCE_PLUS_SIMPLE_MASK_CHANGE,0.4673025353486105,0.32595559266437657,
1307,OVERALL,FROZEN_FULL_TRANSITION_SAFETTA,0.6621952705997074,0.4738927319247449,
1307,OVERALL,CHANGE_MAGNITUDE_ONLY,0.44995124329595326,0.33180728006000026,
1307,OVERALL,CHANGE_MAGNITUDE_IOU_ONLY,0.44995124329595326,0.33180728006000026,
1308,OVERALL,SOURCE_STATE,0.5312018489984592,0.36794281178030785,
1308,OVERALL,SOURCE_PLUS_SIMPLE_MASK_CHANGE,0.4805795899016238,0.32859054286746736,
1308,OVERALL,FROZEN_FULL_TRANSITION_SAFETTA,0.6823989569752281,0.5092479287389785,
1308,OVERALL,CHANGE_MAGNITUDE_ONLY,0.47814981628540953,0.3409664595587769,
1308,OVERALL,CHANGE_MAGNITUDE_IOU_ONLY,0.47814981628540953,0.3409664595587769,
1309,OVERALL,SOURCE_STATE,0.5215210156538888,0.38269052375303503,
1309,OVERALL,SOURCE_PLUS_SIMPLE_MASK_CHANGE,0.5075742635276717,0.40186471964897075,
1309,OVERALL,FROZEN_FULL_TRANSITION_SAFETTA,0.6599593245408604,0.5200933077639159,
1309,OVERALL,CHANGE_MAGNITUDE_ONLY,0.5239430543572045,0.3999258722491156,
1309,OVERALL,CHANGE_MAGNITUDE_IOU_ONLY,0.5239430543572045,0.3999258722491156,
1310,OVERALL,SOURCE_STATE,0.5338609129730177,0.38679149654243417,
1310,OVERALL,SOURCE_PLUS_SIMPLE_MASK_CHANGE,0.46597347906833697,0.3455780445572723,
1310,OVERALL,FROZEN_FULL_TRANSITION_SAFETTA,0.6254125412541254,0.46874382395273917,
1310,OVERALL,CHANGE_MAGNITUDE_ONLY,0.5332605841229284,0.4140905934779976,
1310,OVERALL,CHANGE_MAGNITUDE_IOU_ONLY,0.5332605841229284,0.4140905934779976,
1311,OVERALL,SOURCE_STATE,0.5412910867633994,0.39218100515225895,
1311,OVERALL,SOURCE_PLUS_SIMPLE_MASK_CHANGE,0.47567663606751553,0.3489634532142528,
1311,OVERALL,FROZEN_FULL_TRANSITION_SAFETTA,0.6291264435889844,0.4739416652628147,
1311,OVERALL,CHANGE_MAGNITUDE_ONLY,0.5504826769321883,0.4202870212640675,
1311,OVERALL,CHANGE_MAGNITUDE_IOU_ONLY,0.5504826769321883,0.4202870212640675,
1312,OVERALL,SOURCE_STATE,0.5229499522572876,0.35792665601886836,
1312,OVERALL,SOURCE_PLUS_SIMPLE_MASK_CHANGE,0.5032385980063616,0.33126026980391887,
1312,OVERALL,FROZEN_FULL_TRANSITION_SAFETTA,0.6575479099639345,0.4829378126171814,
1312,OVERALL,CHANGE_MAGNITUDE_ONLY,0.514228544668325,0.3592758380174983,
1312,OVERALL,CHANGE_MAGNITUDE_IOU_ONLY,0.514228544668325,0.3592758380174983,
1313,OVERALL,SOURCE_STATE,0.5304093567251462,0.36190731631592765,
1313,OVERALL,SOURCE_PLUS_SIMPLE_MASK_CHANGE,0.5034550662370212,0.35600788976072123,
1313,OVERALL,FROZEN_FULL_TRANSITION_SAFETTA,0.6417114214106695,0.4536804511242466,
1313,OVERALL,CHANGE_MAGNITUDE_ONLY,0.4740720849743406,0.33528506228673044,
1313,OVERALL,CHANGE_MAGNITUDE_IOU_ONLY,0.4740720849743406,0.33528506228673044,
1314,OVERALL,SOURCE_STATE,0.5195132937205758,0.3138942559233985,
1314,OVERALL,SOURCE_PLUS_SIMPLE_MASK_CHANGE,0.4472107559126052,0.2789379235849272,
1314,OVERALL,FROZEN_FULL_TRANSITION_SAFETTA,0.6212477401600554,0.40180984311750756,
1314,OVERALL,CHANGE_MAGNITUDE_ONLY,0.47079330408653103,0.32140879130049327,
1314,OVERALL,CHANGE_MAGNITUDE_IOU_ONLY,0.47079330408653103,0.32140879130049327,
1315,OVERALL,SOURCE_STATE,0.5499382128757806,0.41109493619823106,
1315,OVERALL,SOURCE_PLUS_SIMPLE_MASK_CHANGE,0.48651619041370037,0.36921843333754106,
1315,OVERALL,FROZEN_FULL_TRANSITION_SAFETTA,0.6560097547105848,0.5183429366774266,
1315,OVERALL,CHANGE_MAGNITUDE_ONLY,0.484167732904651,0.37287239870813793,
1315,OVERALL,CHANGE_MAGNITUDE_IOU_ONLY,0.484167732904651,0.37287239870813793,
1316,OVERALL,SOURCE_STATE,0.47515186130496606,0.3470737110809122,
1316,OVERALL,SOURCE_PLUS_SIMPLE_MASK_CHANGE,0.44423819467994596,0.3439485426742345,
1316,OVERALL,FROZEN_FULL_TRANSITION_SAFETTA,0.5908758277259178,0.4449530610947724,
1316,OVERALL,CHANGE_MAGNITUDE_ONLY,0.4832669962696557,0.38984418033981516,
1316,OVERALL,CHANGE_MAGNITUDE_IOU_ONLY,0.4832669962696557,0.38984418033981516,
1317,OVERALL,SOURCE_STATE,0.4909827824556993,0.3515883078810275,
1317,OVERALL,SOURCE_PLUS_SIMPLE_MASK_CHANGE,0.4596016086464747,0.3298884086364713,
1317,OVERALL,FROZEN_FULL_TRANSITION_SAFETTA,0.637243936156843,0.48017622662957515,
1317,OVERALL,CHANGE_MAGNITUDE_ONLY,0.518637677516652,0.3998112468790068,
1317,OVERALL,CHANGE_MAGNITUDE_IOU_ONLY,0.518637677516652,0.3998112468790068,
1318,OVERALL,SOURCE_STATE,0.5273410265656929,0.36394647847346934,
1318,OVERALL,SOURCE_PLUS_SIMPLE_MASK_CHANGE,0.4556136554874384,0.33158983492648686,
1318,OVERALL,FROZEN_FULL_TRANSITION_SAFETTA,0.6186560884721721,0.47680794778416813,
1318,OVERALL,CHANGE_MAGNITUDE_ONLY,0.48632347637937257,0.3696219743327959,
1318,OVERALL,CHANGE_MAGNITUDE_IOU_ONLY,0.48632347637937257,0.3696219743327959,
1319,OVERALL,SOURCE_STATE,0.5482181020042743,0.3535113613786698,
1319,OVERALL,SOURCE_PLUS_SIMPLE_MASK_CHANGE,0.5167273147345925,0.3548631022341866,
1319,OVERALL,FROZEN_FULL_TRANSITION_SAFETTA,0.6438687691330215,0.44235222304555005,
1319,OVERALL,CHANGE_MAGNITUDE_ONLY,0.48660544099809383,0.3273147443940416,
1319,OVERALL,CHANGE_MAGNITUDE_IOU_ONLY,0.48660544099809383,0.3273147443940416,
1320,OVERALL,SOURCE_STATE,0.5031494079113127,0.39038570917626364,
1320,OVERALL,SOURCE_PLUS_SIMPLE_MASK_CHANGE,0.4503939622987242,0.3472242062298956,
1320,OVERALL,FROZEN_FULL_TRANSITION_SAFETTA,0.6169861884147598,0.4744448849334628,
1320,OVERALL,CHANGE_MAGNITUDE_ONLY,0.4997194163860831,0.4118848539166078,
1320,OVERALL,CHANGE_MAGNITUDE_IOU_ONLY,0.4997194163860831,0.4118848539166078,
1321,OVERALL,SOURCE_STATE,0.5987173970212054,0.4137948465802366,
1321,OVERALL,SOURCE_PLUS_SIMPLE_MASK_CHANGE,0.5020798967223696,0.3453012980304827,
1321,OVERALL,FROZEN_FULL_TRANSITION_SAFETTA,0.6809032011284037,0.48425737591006507,
1321,OVERALL,CHANGE_MAGNITUDE_ONLY,0.5012282148748476,0.3496721349000327,
1321,OVERALL,CHANGE_MAGNITUDE_IOU_ONLY,0.5012282148748476,0.3496721349000327,
1322,OVERALL,SOURCE_STATE,0.5202367517750506,0.31673054345360235,
1322,OVERALL,SOURCE_PLUS_SIMPLE_MASK_CHANGE,0.4776884374853059,0.30766095279075234,
1322,OVERALL,FROZEN_FULL_TRANSITION_SAFETTA,0.5918324164198053,0.38700104782742906,
1322,OVERALL,CHANGE_MAGNITUDE_ONLY,0.46870738703155124,0.3060933762331603,
1322,OVERALL,CHANGE_MAGNITUDE_IOU_ONLY,0.46870738703155124,0.3060933762331603,
1323,OVERALL,SOURCE_STATE,0.5407738878652277,0.3359181689173748,
1323,OVERALL,SOURCE_PLUS_SIMPLE_MASK_CHANGE,0.46868254803895765,0.2864231199226904,
1323,OVERALL,FROZEN_FULL_TRANSITION_SAFETTA,0.6421163464069491,0.41691265093266094,
1323,OVERALL,CHANGE_MAGNITUDE_ONLY,0.4596472755988418,0.3037839826540686,
1323,OVERALL,CHANGE_MAGNITUDE_IOU_ONLY,0.4596472755988418,0.3037839826540686,
1324,OVERALL,SOURCE_STATE,0.5323884187390755,0.377837445326977,
1324,OVERALL,SOURCE_PLUS_SIMPLE_MASK_CHANGE,0.49798383607635466,0.36968568893788023,
1324,OVERALL,FROZEN_FULL_TRANSITION_SAFETTA,0.6705201645235911,0.5329561601685098,
1324,OVERALL,CHANGE_MAGNITUDE_ONLY,0.4521543245129767,0.33139546797036057,
1324,OVERALL,CHANGE_MAGNITUDE_IOU_ONLY,0.4521543245129767,0.33139546797036057,
1325,OVERALL,SOURCE_STATE,0.4953837106733313,0.3436360880383007,
1325,OVERALL,SOURCE_PLUS_SIMPLE_MASK_CHANGE,0.5035773792021955,0.3852270948952121,
1325,OVERALL,FROZEN_FULL_TRANSITION_SAFETTA,0.6131725962952073,0.47575963334015337,
1325,OVERALL,CHANGE_MAGNITUDE_ONLY,0.5330817733346401,0.3876376907240249,
1325,OVERALL,CHANGE_MAGNITUDE_IOU_ONLY,0.5330817733346401,0.3876376907240249,
1326,OVERALL,SOURCE_STATE,0.5076847296783324,0.3279714520969643,
1326,OVERALL,SOURCE_PLUS_SIMPLE_MASK_CHANGE,0.44341981382066675,0.30104150579489064,
1326,OVERALL,FROZEN_FULL_TRANSITION_SAFETTA,0.6562416216182514,0.45848692149481984,
1326,OVERALL,CHANGE_MAGNITUDE_ONLY,0.494054856188,0.3546595590842585,
1326,OVERALL,CHANGE_MAGNITUDE_IOU_ONLY,0.494054856188,0.3546595590842585,
1327,OVERALL,SOURCE_STATE,0.5851101347918348,0.40068629445345033,
1327,OVERALL,SOURCE_PLUS_SIMPLE_MASK_CHANGE,0.5075345945784393,0.3322393375079972,
1327,OVERALL,FROZEN_FULL_TRANSITION_SAFETTA,0.6474192295047669,0.4589197451384623,
1327,OVERALL,CHANGE_MAGNITUDE_ONLY,0.502199707104217,0.34206534517438103,
1327,OVERALL,CHANGE_MAGNITUDE_IOU_ONLY,0.502199707104217,0.34206534517438103,
1328,OVERALL,SOURCE_STATE,0.5306938479220857,0.40135335663567334,
1328,OVERALL,SOURCE_PLUS_SIMPLE_MASK_CHANGE,0.5159095033573287,0.3949475784977615,
1328,OVERALL,FROZEN_FULL_TRANSITION_SAFETTA,0.6478373964067509,0.5037532602757491,
1328,OVERALL,CHANGE_MAGNITUDE_ONLY,0.5153287762385821,0.3828835804631126,
1328,OVERALL,CHANGE_MAGNITUDE_IOU_ONLY,0.5153287762385821,0.3828835804631126,
1329,OVERALL,SOURCE_STATE,0.5305175565782009,0.37163100364095336,
1329,OVERALL,SOURCE_PLUS_SIMPLE_MASK_CHANGE,0.4739141398222278,0.34549703157720474,
1329,OVERALL,FROZEN_FULL_TRANSITION_SAFETTA,0.6251150475950324,0.456773457532284,
1329,OVERALL,CHANGE_MAGNITUDE_ONLY,0.506505705099918,0.3774845622015528,
1329,OVERALL,CHANGE_MAGNITUDE_IOU_ONLY,0.506505705099918,0.3774845622015528,
1330,OVERALL,SOURCE_STATE,0.5048004880446821,0.41204532665749,
1330,OVERALL,SOURCE_PLUS_SIMPLE_MASK_CHANGE,0.4785088576556087,0.40194397739661325,
1330,OVERALL,FROZEN_FULL_TRANSITION_SAFETTA,0.6475890948074178,0.5415316167101547,
1330,OVERALL,CHANGE_MAGNITUDE_ONLY,0.5213401090993088,0.44590808343020144,
1330,OVERALL,CHANGE_MAGNITUDE_IOU_ONLY,0.5213401090993088,0.44590808343020144,
1331,OVERALL,SOURCE_STATE,0.5351951147751632,0.37418634113291094,
1331,OVERALL,SOURCE_PLUS_SIMPLE_MASK_CHANGE,0.4897714103865068,0.3519557893272125,
1331,OVERALL,FROZEN_FULL_TRANSITION_SAFETTA,0.6277477888593336,0.4515814124701214,
1331,OVERALL,CHANGE_MAGNITUDE_ONLY,0.4781828116462415,0.3463286383892568,
1331,OVERALL,CHANGE_MAGNITUDE_IOU_ONLY,0.4781828116462415,0.3463286383892568,
1332,OVERALL,SOURCE_STATE,0.4830967869110979,0.35620979099950745,
1332,OVERALL,SOURCE_PLUS_SIMPLE_MASK_CHANGE,0.4833801498127341,0.362010528336419,
1332,OVERALL,FROZEN_FULL_TRANSITION_SAFETTA,0.6171335994480583,0.4624892936410666,
1332,OVERALL,CHANGE_MAGNITUDE_ONLY,0.5306709540705696,0.4053436386105869,
1332,OVERALL,CHANGE_MAGNITUDE_IOU_ONLY,0.5306709540705696,0.4053436386105869,
1333,OVERALL,SOURCE_STATE,0.5104020277052801,0.3468899138523307,
1333,OVERALL,SOURCE_PLUS_SIMPLE_MASK_CHANGE,0.5033753262397109,0.33922846621217817,
1333,OVERALL,FROZEN_FULL_TRANSITION_SAFETTA,0.6170196747641036,0.4139457569604042,
1333,OVERALL,CHANGE_MAGNITUDE_ONLY,0.4901437964264204,0.32669757686038997,
1333,OVERALL,CHANGE_MAGNITUDE_IOU_ONLY,0.4901437964264204,0.32669757686038997,
1334,OVERALL,SOURCE_STATE,0.5180943311112225,0.3377217939656312,
1334,OVERALL,SOURCE_PLUS_SIMPLE_MASK_CHANGE,0.4953072527692847,0.3336985382646307,
1334,OVERALL,FROZEN_FULL_TRANSITION_SAFETTA,0.6519911282642474,0.47292564009636273,
1334,OVERALL,CHANGE_MAGNITUDE_ONLY,0.5111209964412811,0.36071154127067584,
1334,OVERALL,CHANGE_MAGNITUDE_IOU_ONLY,0.5111209964412811,0.36071154127067584,
1335,OVERALL,SOURCE_STATE,0.5057028847892928,0.34031555536068936,
1335,OVERALL,SOURCE_PLUS_SIMPLE_MASK_CHANGE,0.47369551455959485,0.3524010507269639,
1335,OVERALL,FROZEN_FULL_TRANSITION_SAFETTA,0.629968122626153,0.46613146743557915,
1335,OVERALL,CHANGE_MAGNITUDE_ONLY,0.47344682582745523,0.34835439846011373,
1335,OVERALL,CHANGE_MAGNITUDE_IOU_ONLY,0.47344682582745523,0.34835439846011373,
1336,OVERALL,SOURCE_STATE,0.515646195175147,0.3272258965743952,
1336,OVERALL,SOURCE_PLUS_SIMPLE_MASK_CHANGE,0.495844083304519,0.3099616880974504,
1336,OVERALL,FROZEN_FULL_TRANSITION_SAFETTA,0.651308615049073,0.4375016905812737,
1336,OVERALL,CHANGE_MAGNITUDE_ONLY,0.49654227730935985,0.3297077174777112,
1336,OVERALL,CHANGE_MAGNITUDE_IOU_ONLY,0.49654227730935985,0.3297077174777112,
1337,OVERALL,SOURCE_STATE,0.5082471776589423,0.35885610235585164,
1337,OVERALL,SOURCE_PLUS_SIMPLE_MASK_CHANGE,0.4498276886512181,0.33562276202300734,
1337,OVERALL,FROZEN_FULL_TRANSITION_SAFETTA,0.6225193107546049,0.4681260657985159,
1337,OVERALL,CHANGE_MAGNITUDE_ONLY,0.4788591800356506,0.3751754067252826,
1337,OVERALL,CHANGE_MAGNITUDE_IOU_ONLY,0.4788591800356506,0.3751754067252826,
1338,OVERALL,SOURCE_STATE,0.5430727820333436,0.3814831142604589,
1338,OVERALL,SOURCE_PLUS_SIMPLE_MASK_CHANGE,0.4887174804942254,0.3357117773724774,
1338,OVERALL,FROZEN_FULL_TRANSITION_SAFETTA,0.6378210448929258,0.44701891068649385,
1338,OVERALL,CHANGE_MAGNITUDE_ONLY,0.4542118244124553,0.3256226831409105,
1338,OVERALL,CHANGE_MAGNITUDE_IOU_ONLY,0.4542118244124553,0.3256226831409105,
1339,OVERALL,SOURCE_STATE,0.5138548470835396,0.35820906753671594,
1339,OVERALL,SOURCE_PLUS_SIMPLE_MASK_CHANGE,0.5240452531301691,0.38898485374825315,
1339,OVERALL,FROZEN_FULL_TRANSITION_SAFETTA,0.6337611533028266,0.46399668660656335,
1339,OVERALL,CHANGE_MAGNITUDE_ONLY,0.5236588870241359,0.3799289553120794,
1339,OVERALL,CHANGE_MAGNITUDE_IOU_ONLY,0.5236588870241359,0.3799289553120794,
1340,OVERALL,SOURCE_STATE,0.4986352657004831,0.36133287323786945,
1340,OVERALL,SOURCE_PLUS_SIMPLE_MASK_CHANGE,0.4314130434782609,0.31955486033311686,
1340,OVERALL,FROZEN_FULL_TRANSITION_SAFETTA,0.5947041062801932,0.4290396778494393,
1340,OVERALL,CHANGE_MAGNITUDE_ONLY,0.5000905797101449,0.3972158899760718,
1340,OVERALL,CHANGE_MAGNITUDE_IOU_ONLY,0.5000905797101449,0.3972158899760718,
1341,OVERALL,SOURCE_STATE,0.47825318246110327,0.3438460296179732,
1341,OVERALL,SOURCE_PLUS_SIMPLE_MASK_CHANGE,0.40121404997642623,0.2932353055271522,
1341,OVERALL,FROZEN_FULL_TRANSITION_SAFETTA,0.5844589816124469,0.416379569690128,
1341,OVERALL,CHANGE_MAGNITUDE_ONLY,0.4785714285714286,0.3855808833672524,
1341,OVERALL,CHANGE_MAGNITUDE_IOU_ONLY,0.4785714285714286,0.3855808833672524,
1342,OVERALL,SOURCE_STATE,0.49982342970147847,0.33882517793838657,
1342,OVERALL,SOURCE_PLUS_SIMPLE_MASK_CHANGE,0.43172615123834635,0.31472301198018465,
1342,OVERALL,FROZEN_FULL_TRANSITION_SAFETTA,0.6391727092946605,0.4606164374316506,
1342,OVERALL,CHANGE_MAGNITUDE_ONLY,0.45626942273283744,0.3571765812094984,
1342,OVERALL,CHANGE_MAGNITUDE_IOU_ONLY,0.45626942273283744,0.3571765812094984,
1343,OVERALL,SOURCE_STATE,0.5454742236678913,0.36222271064762857,
1343,OVERALL,SOURCE_PLUS_SIMPLE_MASK_CHANGE,0.4909496173917113,0.3372800205246316,
1343,OVERALL,FROZEN_FULL_TRANSITION_SAFETTA,0.6623043081459293,0.4833044294985117,
1343,OVERALL,CHANGE_MAGNITUDE_ONLY,0.4875564551985585,0.33606717511838236,
1343,OVERALL,CHANGE_MAGNITUDE_IOU_ONLY,0.4875564551985585,0.33606717511838236,
1344,OVERALL,SOURCE_STATE,0.5201483089166214,0.3456641792597882,
1344,OVERALL,SOURCE_PLUS_SIMPLE_MASK_CHANGE,0.5024296135527823,0.3362255769473492,
1344,OVERALL,FROZEN_FULL_TRANSITION_SAFETTA,0.633839754024236,0.45973072009657556,
1344,OVERALL,CHANGE_MAGNITUDE_ONLY,0.5315729185506722,0.3697212854913038,
1344,OVERALL,CHANGE_MAGNITUDE_IOU_ONLY,0.5315729185506722,0.3697212854913038,
1345,OVERALL,SOURCE_STATE,0.5363823080387053,0.41688469470011336,
1345,OVERALL,SOURCE_PLUS_SIMPLE_MASK_CHANGE,0.5038496600656803,0.3999051563664249,
1345,OVERALL,FROZEN_FULL_TRANSITION_SAFETTA,0.6524981602908388,0.5443823953727678,
1345,OVERALL,CHANGE_MAGNITUDE_ONLY,0.4929706635034652,0.39716942511453884,
1345,OVERALL,CHANGE_MAGNITUDE_IOU_ONLY,0.4929706635034652,0.39716942511453884,
1346,OVERALL,SOURCE_STATE,0.5253102436823105,0.3750248148373755,
1346,OVERALL,SOURCE_PLUS_SIMPLE_MASK_CHANGE,0.4785198555956679,0.377947102335121,
1346,OVERALL,FROZEN_FULL_TRANSITION_SAFETTA,0.637697427797834,0.48965486613702586,
1346,OVERALL,CHANGE_MAGNITUDE_ONLY,0.46631881768953065,0.3663298782771327,
1346,OVERALL,CHANGE_MAGNITUDE_IOU_ONLY,0.46631881768953065,0.3663298782771327,
1347,OVERALL,SOURCE_STATE,0.5159880235839487,0.38326477722120356,
1347,OVERALL,SOURCE_PLUS_SIMPLE_MASK_CHANGE,0.5047370783201048,0.37804805238812894,
1347,OVERALL,FROZEN_FULL_TRANSITION_SAFETTA,0.6554874487405704,0.5300678787693631,
1347,OVERALL,CHANGE_MAGNITUDE_ONLY,0.513482690144049,0.39566645980025805,
1347,OVERALL,CHANGE_MAGNITUDE_IOU_ONLY,0.513482690144049,0.39566645980025805,
1348,OVERALL,SOURCE_STATE,0.506922619047619,0.3283432937089662,
1348,OVERALL,SOURCE_PLUS_SIMPLE_MASK_CHANGE,0.4816666666666667,0.32072028354840787,
1348,OVERALL,FROZEN_FULL_TRANSITION_SAFETTA,0.6208214285714286,0.4189401889740012,
1348,OVERALL,CHANGE_MAGNITUDE_ONLY,0.4805535714285714,0.32041762878904734,
1348,OVERALL,CHANGE_MAGNITUDE_IOU_ONLY,0.4805535714285714,0.32041762878904734,
1349,OVERALL,SOURCE_STATE,0.5213060428849903,0.32110408774019644,
1349,OVERALL,SOURCE_PLUS_SIMPLE_MASK_CHANGE,0.5064392462638077,0.32837872600171214,
1349,OVERALL,FROZEN_FULL_TRANSITION_SAFETTA,0.6248862897985705,0.40983098156683795,
1349,OVERALL,CHANGE_MAGNITUDE_ONLY,0.4930734243014945,0.3276122821941087,
1349,OVERALL,CHANGE_MAGNITUDE_IOU_ONLY,0.4930734243014945,0.3276122821941087,
1350,OVERALL,SOURCE_STATE,0.546009471009471,0.39625155111110555,
1350,OVERALL,SOURCE_PLUS_SIMPLE_MASK_CHANGE,0.5208015708015709,0.38607742971911685,
1350,OVERALL,FROZEN_FULL_TRANSITION_SAFETTA,0.6781416031416031,0.547384621397772,
1350,OVERALL,CHANGE_MAGNITUDE_ONLY,0.491972741972742,0.3579491202939169,
1350,OVERALL,CHANGE_MAGNITUDE_IOU_ONLY,0.491972741972742,0.3579491202939169,
1351,OVERALL,SOURCE_STATE,0.561592069100903,0.37397479035073167,
1351,OVERALL,SOURCE_PLUS_SIMPLE_MASK_CHANGE,0.48642397919120534,0.3186487499074957,
1351,OVERALL,FROZEN_FULL_TRANSITION_SAFETTA,0.6381649980369062,0.4419001209636785,
1351,OVERALL,CHANGE_MAGNITUDE_ONLY,0.48545470160973697,0.340155962134187,
1351,OVERALL,CHANGE_MAGNITUDE_IOU_ONLY,0.48545470160973697,0.340155962134187,
1352,OVERALL,SOURCE_STATE,0.47948030907278166,0.340181732699409,
1352,OVERALL,SOURCE_PLUS_SIMPLE_MASK_CHANGE,0.4657963609172483,0.34573599364536456,
1352,OVERALL,FROZEN_FULL_TRANSITION_SAFETTA,0.638416001994018,0.49626946374181086,
1352,OVERALL,CHANGE_MAGNITUDE_ONLY,0.5088733798604188,0.39788279529853265,
1352,OVERALL,CHANGE_MAGNITUDE_IOU_ONLY,0.5088733798604188,0.39788279529853265,
1353,OVERALL,SOURCE_STATE,0.5117404137602415,0.3073729890481668,
1353,OVERALL,SOURCE_PLUS_SIMPLE_MASK_CHANGE,0.4694974255800717,0.2784878917566168,
1353,OVERALL,FROZEN_FULL_TRANSITION_SAFETTA,0.6335455520112243,0.3931550794481697,
1353,OVERALL,CHANGE_MAGNITUDE_ONLY,0.49731969133433046,0.31829490264440685,
1353,OVERALL,CHANGE_MAGNITUDE_IOU_ONLY,0.49731969133433046,0.31829490264440685,
1354,OVERALL,SOURCE_STATE,0.5457111266294227,0.4094942614288066,
1354,OVERALL,SOURCE_PLUS_SIMPLE_MASK_CHANGE,0.4821985567970205,0.38711974436953717,
1354,OVERALL,FROZEN_FULL_TRANSITION_SAFETTA,0.6525837988826815,0.5316383767413246,
1354,OVERALL,CHANGE_MAGNITUDE_ONLY,0.4825709962756052,0.38066335618937197,
1354,OVERALL,CHANGE_MAGNITUDE_IOU_ONLY,0.4825709962756052,0.38066335618937197,
1355,OVERALL,SOURCE_STATE,0.5505775934088093,0.40757014009325965,
1355,OVERALL,SOURCE_PLUS_SIMPLE_MASK_CHANGE,0.4558407513035462,0.345072460641044,
1355,OVERALL,FROZEN_FULL_TRANSITION_SAFETTA,0.6310143174027021,0.4679173983167247,
1355,OVERALL,CHANGE_MAGNITUDE_ONLY,0.46475383861953734,0.36610571647431445,
1355,OVERALL,CHANGE_MAGNITUDE_IOU_ONLY,0.46475383861953734,0.36610571647431445,
1356,OVERALL,SOURCE_STATE,0.54444389544938,0.3938074010640852,
1356,OVERALL,SOURCE_PLUS_SIMPLE_MASK_CHANGE,0.4565257670833539,0.3384130761891859,
1356,OVERALL,FROZEN_FULL_TRANSITION_SAFETTA,0.6380194179554325,0.4837982655940795,
1356,OVERALL,CHANGE_MAGNITUDE_ONLY,0.46997751865210735,0.359130670013816,
1356,OVERALL,CHANGE_MAGNITUDE_IOU_ONLY,0.46997751865210735,0.359130670013816,
1357,OVERALL,SOURCE_STATE,0.5325640185673934,0.3973972671572152,
1357,OVERALL,SOURCE_PLUS_SIMPLE_MASK_CHANGE,0.4880986964503149,0.3613606424798186,
1357,OVERALL,FROZEN_FULL_TRANSITION_SAFETTA,0.6124211163923382,0.4682923613440496,
1357,OVERALL,CHANGE_MAGNITUDE_ONLY,0.5225108011051431,0.4079325082432956,
1357,OVERALL,CHANGE_MAGNITUDE_IOU_ONLY,0.5225108011051431,0.4079325082432956,
1358,OVERALL,SOURCE_STATE,0.5660414404132997,0.34599892629252205,
1358,OVERALL,SOURCE_PLUS_SIMPLE_MASK_CHANGE,0.508194206686669,0.3195032160888276,
1358,OVERALL,FROZEN_FULL_TRANSITION_SAFETTA,0.6759499573569925,0.4573719799242505,
1358,OVERALL,CHANGE_MAGNITUDE_ONLY,0.4997208263539922,0.31764387068437583,
1358,OVERALL,CHANGE_MAGNITUDE_IOU_ONLY,0.4997208263539922,0.31764387068437583,
1359,OVERALL,SOURCE_STATE,0.551581684240936,0.37332698753261706,
1359,OVERALL,SOURCE_PLUS_SIMPLE_MASK_CHANGE,0.48684096489961,0.3503676405018072,
1359,OVERALL,FROZEN_FULL_TRANSITION_SAFETTA,0.668970099667774,0.4906030693653216,
1359,OVERALL,CHANGE_MAGNITUDE_ONLY,0.4908218980210891,0.36353443984237827,
1359,OVERALL,CHANGE_MAGNITUDE_IOU_ONLY,0.4908218980210891,0.36353443984237827,
1360,OVERALL,SOURCE_STATE,0.509234487410072,0.3677283772335749,
1360,OVERALL,SOURCE_PLUS_SIMPLE_MASK_CHANGE,0.479872976618705,0.3457041836888368,
1360,OVERALL,FROZEN_FULL_TRANSITION_SAFETTA,0.6526584982014388,0.4996869897740881,
1360,OVERALL,CHANGE_MAGNITUDE_ONLY,0.4643154226618704,0.3646256887217745,
1360,OVERALL,CHANGE_MAGNITUDE_IOU_ONLY,0.4643154226618704,0.3646256887217745,
1361,OVERALL,SOURCE_STATE,0.49674996632089446,0.3612910072489283,
1361,OVERALL,SOURCE_PLUS_SIMPLE_MASK_CHANGE,0.44501886029907045,0.32619019211154865,
1361,OVERALL,FROZEN_FULL_TRANSITION_SAFETTA,0.5885311419462032,0.4345146757017647,
1361,OVERALL,CHANGE_MAGNITUDE_ONLY,0.5189613363869054,0.4062468807423103,
1361,OVERALL,CHANGE_MAGNITUDE_IOU_ONLY,0.5189613363869054,0.4062468807423103,
1362,OVERALL,SOURCE_STATE,0.5317167634924644,0.39029440781222646,
1362,OVERALL,SOURCE_PLUS_SIMPLE_MASK_CHANGE,0.4521456035474727,0.34999643452807006,
1362,OVERALL,FROZEN_FULL_TRANSITION_SAFETTA,0.6517021694591787,0.5150007731064337,
1362,OVERALL,CHANGE_MAGNITUDE_ONLY,0.45174146108725544,0.3651175239780936,
1362,OVERALL,CHANGE_MAGNITUDE_IOU_ONLY,0.45174146108725544,0.3651175239780936,
1363,OVERALL,SOURCE_STATE,0.5492008181198393,0.4003009226531823,
1363,OVERALL,SOURCE_PLUS_SIMPLE_MASK_CHANGE,0.5084521568878815,0.38031381569854994,
1363,OVERALL,FROZEN_FULL_TRANSITION_SAFETTA,0.6682710517268505,0.5465093260396132,
1363,OVERALL,CHANGE_MAGNITUDE_ONLY,0.5016985892677128,0.3660711043324696,
1363,OVERALL,CHANGE_MAGNITUDE_IOU_ONLY,0.5016985892677128,0.3660711043324696,
1364,OVERALL,SOURCE_STATE,0.5741063738156761,0.4601238663344083,
1364,OVERALL,SOURCE_PLUS_SIMPLE_MASK_CHANGE,0.5020725667527993,0.38859594807040665,
1364,OVERALL,FROZEN_FULL_TRANSITION_SAFETTA,0.6675387596899225,0.5261964660475047,
1364,OVERALL,CHANGE_MAGNITUDE_ONLY,0.433640180878553,0.3537020145599469,
1364,OVERALL,CHANGE_MAGNITUDE_IOU_ONLY,0.433640180878553,0.3537020145599469,
1365,OVERALL,SOURCE_STATE,0.555481843575419,0.41594942105707705,
1365,OVERALL,SOURCE_PLUS_SIMPLE_MASK_CHANGE,0.5210952048417132,0.4044639842302755,
1365,OVERALL,FROZEN_FULL_TRANSITION_SAFETTA,0.6478119180633146,0.5078743864406876,
1365,OVERALL,CHANGE_MAGNITUDE_ONLY,0.511010242085661,0.3975551401798043,
1365,OVERALL,CHANGE_MAGNITUDE_IOU_ONLY,0.511010242085661,0.3975551401798043,
1366,OVERALL,SOURCE_STATE,0.5248896759142142,0.4151733215610105,
1366,OVERALL,SOURCE_PLUS_SIMPLE_MASK_CHANGE,0.4728335722517356,0.3725478870829703,
1366,OVERALL,FROZEN_FULL_TRANSITION_SAFETTA,0.6395311577704696,0.5198727062000723,
1366,OVERALL,CHANGE_MAGNITUDE_ONLY,0.5065238777862102,0.41973413645611524,
1366,OVERALL,CHANGE_MAGNITUDE_IOU_ONLY,0.5065238777862102,0.41973413645611524,
1367,OVERALL,SOURCE_STATE,0.5065337322922998,0.33285551140516584,
1367,OVERALL,SOURCE_PLUS_SIMPLE_MASK_CHANGE,0.4868974706624901,0.33054899003664495,
1367,OVERALL,FROZEN_FULL_TRANSITION_SAFETTA,0.644840806021787,0.4620544294215963,
1367,OVERALL,CHANGE_MAGNITUDE_ONLY,0.4987902660245921,0.3447677426546044,
1367,OVERALL,CHANGE_MAGNITUDE_IOU_ONLY,0.4987902660245921,0.3447677426546044,
1368,OVERALL,SOURCE_STATE,0.4982710747045818,0.40240583563646376,
1368,OVERALL,SOURCE_PLUS_SIMPLE_MASK_CHANGE,0.45058852732510146,0.3832349106713169,
1368,OVERALL,FROZEN_FULL_TRANSITION_SAFETTA,0.6113583753297658,0.5153103845582121,
1368,OVERALL,CHANGE_MAGNITUDE_ONLY,0.5197339937308418,0.45598299810991666,
1368,OVERALL,CHANGE_MAGNITUDE_IOU_ONLY,0.5197339937308418,0.45598299810991666,
1369,OVERALL,SOURCE_STATE,0.5158292061651566,0.34539093490039574,
1369,OVERALL,SOURCE_PLUS_SIMPLE_MASK_CHANGE,0.4557257134398688,0.3083508715407194,
1369,OVERALL,FROZEN_FULL_TRANSITION_SAFETTA,0.6223317318070521,0.4372433766276196,
1369,OVERALL,CHANGE_MAGNITUDE_ONLY,0.49247858292678415,0.3576771681830063,
1369,OVERALL,CHANGE_MAGNITUDE_IOU_ONLY,0.49247858292678415,0.3576771681830063,
1370,OVERALL,SOURCE_STATE,0.5365913016638075,0.3593232755575311,
1370,OVERALL,SOURCE_PLUS_SIMPLE_MASK_CHANGE,0.49121203307433414,0.3307292537505179,
1370,OVERALL,FROZEN_FULL_TRANSITION_SAFETTA,0.6313802539339581,0.4371735528391313,
1370,OVERALL,CHANGE_MAGNITUDE_ONLY,0.4860538140548113,0.3346287103444887,
1370,OVERALL,CHANGE_MAGNITUDE_IOU_ONLY,0.4860538140548113,0.3346287103444887,
1371,OVERALL,SOURCE_STATE,0.5355722845291135,0.35474210688289387,
1371,OVERALL,SOURCE_PLUS_SIMPLE_MASK_CHANGE,0.5173452143186358,0.3431219073809879,
1371,OVERALL,FROZEN_FULL_TRANSITION_SAFETTA,0.6578153326163775,0.45218814586001144,
1371,OVERALL,CHANGE_MAGNITUDE_ONLY,0.4858964510677523,0.3308292087596747,
1371,OVERALL,CHANGE_MAGNITUDE_IOU_ONLY,0.4858964510677523,0.3308292087596747,
1372,OVERALL,SOURCE_STATE,0.5283589953749781,0.3518404409869237,
1372,OVERALL,SOURCE_PLUS_SIMPLE_MASK_CHANGE,0.45704584040747026,0.3122331173153018,
1372,OVERALL,FROZEN_FULL_TRANSITION_SAFETTA,0.612200690826064,0.43905706759961993,
1372,OVERALL,CHANGE_MAGNITUDE_ONLY,0.529998243662549,0.39004593717527253,
1372,OVERALL,CHANGE_MAGNITUDE_IOU_ONLY,0.529998243662549,0.39004593717527253,
1373,OVERALL,SOURCE_STATE,0.5069885877848407,0.3588366263557392,
1373,OVERALL,SOURCE_PLUS_SIMPLE_MASK_CHANGE,0.47106675092623573,0.34454547200105345,
1373,OVERALL,FROZEN_FULL_TRANSITION_SAFETTA,0.6146549694559063,0.4437701625091033,
1373,OVERALL,CHANGE_MAGNITUDE_ONLY,0.4929866299889719,0.3682771205143427,
1373,OVERALL,CHANGE_MAGNITUDE_IOU_ONLY,0.4929866299889719,0.3682771205143427,
1374,OVERALL,SOURCE_STATE,0.5345026460240083,0.35450447077818337,
1374,OVERALL,SOURCE_PLUS_SIMPLE_MASK_CHANGE,0.49974206337705696,0.3522215278054553,
1374,OVERALL,FROZEN_FULL_TRANSITION_SAFETTA,0.6653315789778753,0.47578990327179627,
1374,OVERALL,CHANGE_MAGNITUDE_ONLY,0.46954319134260364,0.33076120805782516,
1374,OVERALL,CHANGE_MAGNITUDE_IOU_ONLY,0.46954319134260364,0.33076120805782516,
1375,OVERALL,SOURCE_STATE,0.5033841590935015,0.3487387247052171,
1375,OVERALL,SOURCE_PLUS_SIMPLE_MASK_CHANGE,0.45316044970024205,0.32202531500253495,
1375,OVERALL,FROZEN_FULL_TRANSITION_SAFETTA,0.6212276765909983,0.45075211070632415,
1375,OVERALL,CHANGE_MAGNITUDE_ONLY,0.4737252367010153,0.3629968380490506,
1375,OVERALL,CHANGE_MAGNITUDE_IOU_ONLY,0.4737252367010153,0.3629968380490506,
1376,OVERALL,SOURCE_STATE,0.4896240694405831,0.3573582433089747,
1376,OVERALL,SOURCE_PLUS_SIMPLE_MASK_CHANGE,0.46072962036264786,0.32441548264478337,
1376,OVERALL,FROZEN_FULL_TRANSITION_SAFETTA,0.6209495567293732,0.4674988103353874,
1376,OVERALL,CHANGE_MAGNITUDE_ONLY,0.478892904580978,0.366901387796565,
1376,OVERALL,CHANGE_MAGNITUDE_IOU_ONLY,0.478892904580978,0.366901387796565,
1377,OVERALL,SOURCE_STATE,0.5338284844346434,0.37599617925330114,
1377,OVERALL,SOURCE_PLUS_SIMPLE_MASK_CHANGE,0.47355400579852913,0.349479400975295,
1377,OVERALL,FROZEN_FULL_TRANSITION_SAFETTA,0.6385770096157075,0.46591237433271615,
1377,OVERALL,CHANGE_MAGNITUDE_ONLY,0.45859312907883987,0.3518510820483589,
1377,OVERALL,CHANGE_MAGNITUDE_IOU_ONLY,0.45859312907883987,0.3518510820483589,
1378,OVERALL,SOURCE_STATE,0.5224896796325368,0.38599053191604793,
1378,OVERALL,SOURCE_PLUS_SIMPLE_MASK_CHANGE,0.47006221291935574,0.354300301702851,
1378,OVERALL,FROZEN_FULL_TRANSITION_SAFETTA,0.6357113785685214,0.5099200042320579,
1378,OVERALL,CHANGE_MAGNITUDE_ONLY,0.49983138554567125,0.39695688743868274,
1378,OVERALL,CHANGE_MAGNITUDE_IOU_ONLY,0.49983138554567125,0.39695688743868274,
1379,OVERALL,SOURCE_STATE,0.46072962636069437,0.3382449387639622,
1379,OVERALL,SOURCE_PLUS_SIMPLE_MASK_CHANGE,0.45820535451603406,0.3412522175063745,
1379,OVERALL,FROZEN_FULL_TRANSITION_SAFETTA,0.57654604295381,0.4344645767238412,
1379,OVERALL,CHANGE_MAGNITUDE_ONLY,0.522594880847308,0.41456356390941784,
1379,OVERALL,CHANGE_MAGNITUDE_IOU_ONLY,0.522594880847308,0.41456356390941784,
1380,OVERALL,SOURCE_STATE,0.5418342151675486,0.38076777778930637,
1380,OVERALL,SOURCE_PLUS_SIMPLE_MASK_CHANGE,0.5329688418577307,0.37983293664154927,
1380,OVERALL,FROZEN_FULL_TRANSITION_SAFETTA,0.6591299235743681,0.49110659013934826,
1380,OVERALL,CHANGE_MAGNITUDE_ONLY,0.5202145796590241,0.36624261205631653,
1380,OVERALL,CHANGE_MAGNITUDE_IOU_ONLY,0.5202145796590241,0.36624261205631653,
1381,OVERALL,SOURCE_STATE,0.5149203967658581,0.36008337602206186,
1381,OVERALL,SOURCE_PLUS_SIMPLE_MASK_CHANGE,0.4860798532966575,0.34900543266283424,
1381,OVERALL,FROZEN_FULL_TRANSITION_SAFETTA,0.6165172245442312,0.44378735979279654,
1381,OVERALL,CHANGE_MAGNITUDE_ONLY,0.46586051274723445,0.3443298389408949,
1381,OVERALL,CHANGE_MAGNITUDE_IOU_ONLY,0.46586051274723445,0.3443298389408949,
1382,OVERALL,SOURCE_STATE,0.4890101074923792,0.3662203457522334,
1382,OVERALL,SOURCE_PLUS_SIMPLE_MASK_CHANGE,0.48266714033599967,0.37137526860273595,
1382,OVERALL,FROZEN_FULL_TRANSITION_SAFETTA,0.6131420320414385,0.47483027345272005,
1382,OVERALL,CHANGE_MAGNITUDE_ONLY,0.5166108959226239,0.4095602584946256,
1382,OVERALL,CHANGE_MAGNITUDE_IOU_ONLY,0.5166108959226239,0.4095602584946256,
1383,OVERALL,SOURCE_STATE,0.5187534932394668,0.3453106179021026,
1383,OVERALL,SOURCE_PLUS_SIMPLE_MASK_CHANGE,0.49142000927566565,0.33818541145071523,
1383,OVERALL,FROZEN_FULL_TRANSITION_SAFETTA,0.6374879594724763,0.4502583017325785,
1383,OVERALL,CHANGE_MAGNITUDE_ONLY,0.4890892009846476,0.333777169453994,
1383,OVERALL,CHANGE_MAGNITUDE_IOU_ONLY,0.4890892009846476,0.333777169453994,
1384,OVERALL,SOURCE_STATE,0.5247305786507116,0.34411245253817335,
1384,OVERALL,SOURCE_PLUS_SIMPLE_MASK_CHANGE,0.5075043483978171,0.35458152745989896,
1384,OVERALL,FROZEN_FULL_TRANSITION_SAFETTA,0.6687805956856722,0.4731383605766437,
1384,OVERALL,CHANGE_MAGNITUDE_ONLY,0.4634346066717273,0.32236979335953503,
1384,OVERALL,CHANGE_MAGNITUDE_IOU_ONLY,0.4634346066717273,0.32236979335953503,
1385,OVERALL,SOURCE_STATE,0.5254705224476754,0.3470997312135665,
1385,OVERALL,SOURCE_PLUS_SIMPLE_MASK_CHANGE,0.4864994408052405,0.32001481073489624,
1385,OVERALL,FROZEN_FULL_TRANSITION_SAFETTA,0.6663748202588273,0.48343521345515295,
1385,OVERALL,CHANGE_MAGNITUDE_ONLY,0.45214890557597065,0.3107590606333438,
1385,OVERALL,CHANGE_MAGNITUDE_IOU_ONLY,0.45214890557597065,0.3107590606333438,
1386,OVERALL,SOURCE_STATE,0.5097718253968254,0.35838392599010305,
1386,OVERALL,SOURCE_PLUS_SIMPLE_MASK_CHANGE,0.46165054563492064,0.3183968002986644,
1386,OVERALL,FROZEN_FULL_TRANSITION_SAFETTA,0.6161396329365079,0.4594927755289143,
1386,OVERALL,CHANGE_MAGNITUDE_ONLY,0.5052703373015873,0.3719225344593091,
1386,OVERALL,CHANGE_MAGNITUDE_IOU_ONLY,0.5052703373015873,0.3719225344593091,
1387,OVERALL,SOURCE_STATE,0.5452923470063137,0.35736920548355566,
1387,OVERALL,SOURCE_PLUS_SIMPLE_MASK_CHANGE,0.490385556175863,0.32557280482566453,
1387,OVERALL,FROZEN_FULL_TRANSITION_SAFETTA,0.6754110815026273,0.471845258829794,
1387,OVERALL,CHANGE_MAGNITUDE_ONLY,0.4690041381533131,0.32838579489621,
1387,OVERALL,CHANGE_MAGNITUDE_IOU_ONLY,0.4690041381533131,0.32838579489621,
1388,OVERALL,SOURCE_STATE,0.5096483037659508,0.33031917083846296,
1388,OVERALL,SOURCE_PLUS_SIMPLE_MASK_CHANGE,0.4952731092436975,0.34409659269943527,
1388,OVERALL,FROZEN_FULL_TRANSITION_SAFETTA,0.659410986616869,0.48102093722337685,
1388,OVERALL,CHANGE_MAGNITUDE_ONLY,0.4912659508247743,0.3457389339808286,
1388,OVERALL,CHANGE_MAGNITUDE_IOU_ONLY,0.4912659508247743,0.3457389339808286,
1389,OVERALL,SOURCE_STATE,0.5126926284796274,0.3843727719273792,
1389,OVERALL,SOURCE_PLUS_SIMPLE_MASK_CHANGE,0.4520926743802023,0.35523668134455416,
1389,OVERALL,FROZEN_FULL_TRANSITION_SAFETTA,0.6409287589492126,0.4997278457102178,
1389,OVERALL,CHANGE_MAGNITUDE_ONLY,0.5059082996076061,0.41920014730983,
1389,OVERALL,CHANGE_MAGNITUDE_IOU_ONLY,0.5059082996076061,0.41920014730983,
1390,OVERALL,SOURCE_STATE,0.5134894252541311,0.366704345603621,
1390,OVERALL,SOURCE_PLUS_SIMPLE_MASK_CHANGE,0.49589897384015036,0.35344948028996137,
1390,OVERALL,FROZEN_FULL_TRANSITION_SAFETTA,0.642722936840584,0.4842042201360134,
1390,OVERALL,CHANGE_MAGNITUDE_ONLY,0.4987925759984584,0.36066216483283287,
1390,OVERALL,CHANGE_MAGNITUDE_IOU_ONLY,0.4987925759984584,0.36066216483283287,
1391,OVERALL,SOURCE_STATE,0.5314834209950856,0.4086640083386362,
1391,OVERALL,SOURCE_PLUS_SIMPLE_MASK_CHANGE,0.48714422180533334,0.3955661706915543,
1391,OVERALL,FROZEN_FULL_TRANSITION_SAFETTA,0.6220205554340695,0.48715406756106355,
1391,OVERALL,CHANGE_MAGNITUDE_ONLY,0.47230598363391524,0.3767550132589894,
1391,OVERALL,CHANGE_MAGNITUDE_IOU_ONLY,0.47230598363391524,0.3767550132589894,
1392,OVERALL,SOURCE_STATE,0.49551690430444595,0.3654841301012002,
1392,OVERALL,SOURCE_PLUS_SIMPLE_MASK_CHANGE,0.446101729194054,0.33772479921659293,
1392,OVERALL,FROZEN_FULL_TRANSITION_SAFETTA,0.6164762193683218,0.4573530722387718,
1392,OVERALL,CHANGE_MAGNITUDE_ONLY,0.5023848046651161,0.39385682386100007,
1392,OVERALL,CHANGE_MAGNITUDE_IOU_ONLY,0.5023848046651161,0.39385682386100007,
1393,OVERALL,SOURCE_STATE,0.5217857142857143,0.3518026623690981,
1393,OVERALL,SOURCE_PLUS_SIMPLE_MASK_CHANGE,0.48709975369458125,0.33341593667052216,
1393,OVERALL,FROZEN_FULL_TRANSITION_SAFETTA,0.6652586206896551,0.4756137986798832,
1393,OVERALL,CHANGE_MAGNITUDE_ONLY,0.47325738916256155,0.335980424159373,
1393,OVERALL,CHANGE_MAGNITUDE_IOU_ONLY,0.47325738916256155,0.335980424159373,
1394,OVERALL,SOURCE_STATE,0.4786064100179778,0.3193880068481088,
1394,OVERALL,SOURCE_PLUS_SIMPLE_MASK_CHANGE,0.4775711363213688,0.33149510163939944,
1394,OVERALL,FROZEN_FULL_TRANSITION_SAFETTA,0.6125472692331535,0.4281513828946679,
1394,OVERALL,CHANGE_MAGNITUDE_ONLY,0.48989523278160063,0.34880534374763195,
1394,OVERALL,CHANGE_MAGNITUDE_IOU_ONLY,0.48989523278160063,0.34880534374763195,
1395,OVERALL,SOURCE_STATE,0.4955402846027846,0.30669719696380826,
1395,OVERALL,SOURCE_PLUS_SIMPLE_MASK_CHANGE,0.4695050163800164,0.29583528241182944,
1395,OVERALL,FROZEN_FULL_TRANSITION_SAFETTA,0.631500819000819,0.42153418190962877,
1395,OVERALL,CHANGE_MAGNITUDE_ONLY,0.4917396089271089,0.32952045265588736,
1395,OVERALL,CHANGE_MAGNITUDE_IOU_ONLY,0.4917396089271089,0.32952045265588736,
1396,OVERALL,SOURCE_STATE,0.5033535098880975,0.3305787825534703,
1396,OVERALL,SOURCE_PLUS_SIMPLE_MASK_CHANGE,0.4812227230024616,0.31397453511018225,
1396,OVERALL,FROZEN_FULL_TRANSITION_SAFETTA,0.6523468623277164,0.45776652953715946,
1396,OVERALL,CHANGE_MAGNITUDE_ONLY,0.4843205574912892,0.3368156784687873,
1396,OVERALL,CHANGE_MAGNITUDE_IOU_ONLY,0.4843205574912892,0.3368156784687873,
1397,OVERALL,SOURCE_STATE,0.5116000797713222,0.3565520115589954,
1397,OVERALL,SOURCE_PLUS_SIMPLE_MASK_CHANGE,0.46429125396086773,0.3420904722563772,
1397,OVERALL,FROZEN_FULL_TRANSITION_SAFETTA,0.582070287398347,0.4403008924847378,
1397,OVERALL,CHANGE_MAGNITUDE_ONLY,0.5029941944204392,0.3836022778949553,
1397,OVERALL,CHANGE_MAGNITUDE_IOU_ONLY,0.5029941944204392,0.3836022778949553,
1398,OVERALL,SOURCE_STATE,0.5785475696101318,0.3724563298780006,
1398,OVERALL,SOURCE_PLUS_SIMPLE_MASK_CHANGE,0.530333122686648,0.33005049630999383,
1398,OVERALL,FROZEN_FULL_TRANSITION_SAFETTA,0.678523065812043,0.45459254704669577,
1398,OVERALL,CHANGE_MAGNITUDE_ONLY,0.4852106681798837,0.30291180545939916,
1398,OVERALL,CHANGE_MAGNITUDE_IOU_ONLY,0.4852106681798837,0.30291180545939916,
1399,OVERALL,SOURCE_STATE,0.5266878897163465,0.3905756690818908,
1399,OVERALL,SOURCE_PLUS_SIMPLE_MASK_CHANGE,0.41963913195059643,0.31432952912071865,
1399,OVERALL,FROZEN_FULL_TRANSITION_SAFETTA,0.6360113621425755,0.4820367416951677,
1399,OVERALL,CHANGE_MAGNITUDE_ONLY,0.4675824584064423,0.37741965748392325,
1399,OVERALL,CHANGE_MAGNITUDE_IOU_ONLY,0.4675824584064423,0.37741965748392325,
1400,OVERALL,SOURCE_STATE,0.5543708609271523,0.40665963928135174,
1400,OVERALL,SOURCE_PLUS_SIMPLE_MASK_CHANGE,0.49219747140276937,0.35477178241383334,
1400,OVERALL,FROZEN_FULL_TRANSITION_SAFETTA,0.6813907284768213,0.5270696524769708,
1400,OVERALL,CHANGE_MAGNITUDE_ONLY,0.4879108970499699,0.36035936302233784,
1400,OVERALL,CHANGE_MAGNITUDE_IOU_ONLY,0.4879108970499699,0.36035936302233784,
1401,OVERALL,SOURCE_STATE,0.5223806462922924,0.3905465165996579,
1401,OVERALL,SOURCE_PLUS_SIMPLE_MASK_CHANGE,0.4739613159586279,0.3750298777213128,
1401,OVERALL,FROZEN_FULL_TRANSITION_SAFETTA,0.6386431367965874,0.4800359259991857,
1401,OVERALL,CHANGE_MAGNITUDE_ONLY,0.4797960614737334,0.3754820067536807,
1401,OVERALL,CHANGE_MAGNITUDE_IOU_ONLY,0.4797960614737334,0.3754820067536807,
1402,OVERALL,SOURCE_STATE,0.5228228228228229,0.41170358715851224,
1402,OVERALL,SOURCE_PLUS_SIMPLE_MASK_CHANGE,0.4665999332665999,0.3699011716412637,
1402,OVERALL,FROZEN_FULL_TRANSITION_SAFETTA,0.6399010121232344,0.5182782482344085,
1402,OVERALL,CHANGE_MAGNITUDE_ONLY,0.4901679457235012,0.3981412311779791,
1402,OVERALL,CHANGE_MAGNITUDE_IOU_ONLY,0.4901679457235012,0.3981412311779791,
1403,OVERALL,SOURCE_STATE,0.5292500292500293,0.39899164837397694,
1403,OVERALL,SOURCE_PLUS_SIMPLE_MASK_CHANGE,0.47599157599157604,0.3703267273096496,
1403,OVERALL,FROZEN_FULL_TRANSITION_SAFETTA,0.641166491166491,0.4900259678775069,
1403,OVERALL,CHANGE_MAGNITUDE_ONLY,0.483991458991459,0.39232636306131397,
1403,OVERALL,CHANGE_MAGNITUDE_IOU_ONLY,0.483991458991459,0.39232636306131397,
1404,OVERALL,SOURCE_STATE,0.5111417104666588,0.4142140678108165,
1404,OVERALL,SOURCE_PLUS_SIMPLE_MASK_CHANGE,0.4670338589332393,0.4071951932422081,
1404,OVERALL,FROZEN_FULL_TRANSITION_SAFETTA,0.6114982675913643,0.4957338821292455,
1404,OVERALL,CHANGE_MAGNITUDE_ONLY,0.4969969717832894,0.4247904682959121,
1404,OVERALL,CHANGE_MAGNITUDE_IOU_ONLY,0.4969969717832894,0.4247904682959121,
1405,OVERALL,SOURCE_STATE,0.5286134258747596,0.37886607964352914,
1405,OVERALL,SOURCE_PLUS_SIMPLE_MASK_CHANGE,0.4797197232598749,0.3665451902218234,
1405,OVERALL,FROZEN_FULL_TRANSITION_SAFETTA,0.6404809796423598,0.5005365302205335,
1405,OVERALL,CHANGE_MAGNITUDE_ONLY,0.4749066112596981,0.3620419338343979,
1405,OVERALL,CHANGE_MAGNITUDE_IOU_ONLY,0.4749066112596981,0.3620419338343979,
1406,OVERALL,SOURCE_STATE,0.5082091035579408,0.3508826545313659,
1406,OVERALL,SOURCE_PLUS_SIMPLE_MASK_CHANGE,0.4827384501803106,0.33467920234719084,
1406,OVERALL,FROZEN_FULL_TRANSITION_SAFETTA,0.6000624698299116,0.42254366066426635,
1406,OVERALL,CHANGE_MAGNITUDE_ONLY,0.5149615242638498,0.3786970041705561,
1406,OVERALL,CHANGE_MAGNITUDE_IOU_ONLY,0.5149615242638498,0.3786970041705561,
1407,OVERALL,SOURCE_STATE,0.5306316590563165,0.36656513435901766,
1407,OVERALL,SOURCE_PLUS_SIMPLE_MASK_CHANGE,0.4488142583591103,0.3169769867293214,
1407,OVERALL,FROZEN_FULL_TRANSITION_SAFETTA,0.6270621593754603,0.42472900449287454,
1407,OVERALL,CHANGE_MAGNITUDE_ONLY,0.4168323759021947,0.3139757647956003,
1407,OVERALL,CHANGE_MAGNITUDE_IOU_ONLY,0.4168323759021947,0.3139757647956003,
1408,OVERALL,SOURCE_STATE,0.5514228608259168,0.359398377766898,
1408,OVERALL,SOURCE_PLUS_SIMPLE_MASK_CHANGE,0.5008235730701371,0.316238156958593,
1408,OVERALL,FROZEN_FULL_TRANSITION_SAFETTA,0.6192488232345263,0.4312704247781892,
1408,OVERALL,CHANGE_MAGNITUDE_ONLY,0.5148568675577315,0.34467689612808294,
1408,OVERALL,CHANGE_MAGNITUDE_IOU_ONLY,0.5148568675577315,0.34467689612808294,
1409,OVERALL,SOURCE_STATE,0.5524742236686031,0.4122432266759905,
1409,OVERALL,SOURCE_PLUS_SIMPLE_MASK_CHANGE,0.48480793211472367,0.36966955286814807,
1409,OVERALL,FROZEN_FULL_TRANSITION_SAFETTA,0.6545211229051978,0.5117722645608527,
1409,OVERALL,CHANGE_MAGNITUDE_ONLY,0.49425469144438694,0.3820483711172878,
1409,OVERALL,CHANGE_MAGNITUDE_IOU_ONLY,0.49425469144438694,0.3820483711172878,
1410,OVERALL,SOURCE_STATE,0.49864991976982237,0.3794590922805036,
1410,OVERALL,SOURCE_PLUS_SIMPLE_MASK_CHANGE,0.4653018314612959,0.36711221317798987,
1410,OVERALL,FROZEN_FULL_TRANSITION_SAFETTA,0.580551098323466,0.446274639397641,
1410,OVERALL,CHANGE_MAGNITUDE_ONLY,0.469269075416367,0.38959648119273904,
1410,OVERALL,CHANGE_MAGNITUDE_IOU_ONLY,0.469269075416367,0.38959648119273904,
1411,OVERALL,SOURCE_STATE,0.5616152239498723,0.37037003111521494,
1411,OVERALL,SOURCE_PLUS_SIMPLE_MASK_CHANGE,0.5197519403831773,0.35816204783167116,
1411,OVERALL,FROZEN_FULL_TRANSITION_SAFETTA,0.6395528738299683,0.4373681175882955,
1411,OVERALL,CHANGE_MAGNITUDE_ONLY,0.483226322168072,0.3303647604763331,
1411,OVERALL,CHANGE_MAGNITUDE_IOU_ONLY,0.483226322168072,0.3303647604763331,
1412,OVERALL,SOURCE_STATE,0.5362334070796461,0.37798746096726155,
1412,OVERALL,SOURCE_PLUS_SIMPLE_MASK_CHANGE,0.49309181415929204,0.367641330720462,
1412,OVERALL,FROZEN_FULL_TRANSITION_SAFETTA,0.6697511061946904,0.5519589088465848,
1412,OVERALL,CHANGE_MAGNITUDE_ONLY,0.4701769911504424,0.3552547925729766,
1412,OVERALL,CHANGE_MAGNITUDE_IOU_ONLY,0.4701769911504424,0.3552547925729766,
1413,OVERALL,SOURCE_STATE,0.5745734265734266,0.44222924013865317,
1413,OVERALL,SOURCE_PLUS_SIMPLE_MASK_CHANGE,0.4750265734265734,0.3636707873867013,
1413,OVERALL,FROZEN_FULL_TRANSITION_SAFETTA,0.6682125874125875,0.5113743609180543,
1413,OVERALL,CHANGE_MAGNITUDE_ONLY,0.4260307692307692,0.3381737482398811,
1413,OVERALL,CHANGE_MAGNITUDE_IOU_ONLY,0.4260307692307692,0.3381737482398811,
1414,OVERALL,SOURCE_STATE,0.5238361446882791,0.37275320655841493,
1414,OVERALL,SOURCE_PLUS_SIMPLE_MASK_CHANGE,0.48399609813977096,0.35549035688313707,
1414,OVERALL,FROZEN_FULL_TRANSITION_SAFETTA,0.6401389609871022,0.47952588919520034,
1414,OVERALL,CHANGE_MAGNITUDE_ONLY,0.4983827816156211,0.38548551411247634,
1414,OVERALL,CHANGE_MAGNITUDE_IOU_ONLY,0.4983827816156211,0.38548551411247634,
1415,OVERALL,SOURCE_STATE,0.4871817959635199,0.31326637587724876,
1415,OVERALL,SOURCE_PLUS_SIMPLE_MASK_CHANGE,0.45701753257611816,0.30425235807081397,
1415,OVERALL,FROZEN_FULL_TRANSITION_SAFETTA,0.6170296240079238,0.4191330413617621,
1415,OVERALL,CHANGE_MAGNITUDE_ONLY,0.5192498166990391,0.36656889258697073,
1415,OVERALL,CHANGE_MAGNITUDE_IOU_ONLY,0.5192498166990391,0.36656889258697073,
1416,OVERALL,SOURCE_STATE,0.5367043245869776,0.37175383359392,
1416,OVERALL,SOURCE_PLUS_SIMPLE_MASK_CHANGE,0.4977769679300292,0.33635692929776273,
1416,OVERALL,FROZEN_FULL_TRANSITION_SAFETTA,0.6260325558794947,0.44367898630310076,
1416,OVERALL,CHANGE_MAGNITUDE_ONLY,0.4578717201166181,0.3325577621761763,
1416,OVERALL,CHANGE_MAGNITUDE_IOU_ONLY,0.4578717201166181,0.3325577621761763,
1417,OVERALL,SOURCE_STATE,0.5244844417327639,0.3671291568799415,
1417,OVERALL,SOURCE_PLUS_SIMPLE_MASK_CHANGE,0.45238560097620495,0.3262690445399816,
1417,OVERALL,FROZEN_FULL_TRANSITION_SAFETTA,0.6166931055521659,0.437240604031246,
1417,OVERALL,CHANGE_MAGNITUDE_ONLY,0.48484441732763883,0.36819289480634143,
1417,OVERALL,CHANGE_MAGNITUDE_IOU_ONLY,0.48484441732763883,0.36819289480634143,
1418,OVERALL,SOURCE_STATE,0.5337571730768128,0.41175194560274153,
1418,OVERALL,SOURCE_PLUS_SIMPLE_MASK_CHANGE,0.4863245756347564,0.39368355640340447,
1418,OVERALL,FROZEN_FULL_TRANSITION_SAFETTA,0.6391935197234532,0.5090409436468197,
1418,OVERALL,CHANGE_MAGNITUDE_ONLY,0.4667014452209107,0.3807118081431389,
1418,OVERALL,CHANGE_MAGNITUDE_IOU_ONLY,0.4667014452209107,0.3807118081431389,
1419,OVERALL,SOURCE_STATE,0.517132240153823,0.3759212471979935,
1419,OVERALL,SOURCE_PLUS_SIMPLE_MASK_CHANGE,0.4922278393501416,0.3724295502902377,
1419,OVERALL,FROZEN_FULL_TRANSITION_SAFETTA,0.6402931708687105,0.48232792602503755,
1419,OVERALL,CHANGE_MAGNITUDE_ONLY,0.4665402812884827,0.36940631629274867,
1419,OVERALL,CHANGE_MAGNITUDE_IOU_ONLY,0.4665402812884827,0.36940631629274867,
1420,OVERALL,SOURCE_STATE,0.5411209794771439,0.4314458802807145,
1420,OVERALL,SOURCE_PLUS_SIMPLE_MASK_CHANGE,0.4894653798763388,0.4134395448534359,
1420,OVERALL,FROZEN_FULL_TRANSITION_SAFETTA,0.6660087755978167,0.5362445935541932,
1420,OVERALL,CHANGE_MAGNITUDE_ONLY,0.4768762439995317,0.4093480049609688,
1420,OVERALL,CHANGE_MAGNITUDE_IOU_ONLY,0.4768762439995317,0.4093480049609688,
1421,OVERALL,SOURCE_STATE,0.5015921931176168,0.34364809868731905,
1421,OVERALL,SOURCE_PLUS_SIMPLE_MASK_CHANGE,0.5039608447385118,0.36096194153921346,
1421,OVERALL,FROZEN_FULL_TRANSITION_SAFETTA,0.6522191002749327,0.4746915592488462,
1421,OVERALL,CHANGE_MAGNITUDE_ONLY,0.4988005679929907,0.36408653907054317,
1421,OVERALL,CHANGE_MAGNITUDE_IOU_ONLY,0.4988005679929907,0.36408653907054317,
1422,OVERALL,SOURCE_STATE,0.5062379057944015,0.3553229328291908,
1422,OVERALL,SOURCE_PLUS_SIMPLE_MASK_CHANGE,0.4629511664523263,0.3403822160515919,
1422,OVERALL,FROZEN_FULL_TRANSITION_SAFETTA,0.6194336606531172,0.47642917064109813,
1422,OVERALL,CHANGE_MAGNITUDE_ONLY,0.4770555642360068,0.36297984637052044,
1422,OVERALL,CHANGE_MAGNITUDE_IOU_ONLY,0.4770555642360068,0.36297984637052044,
1423,OVERALL,SOURCE_STATE,0.5645213963963963,0.39895778071607335,
1423,OVERALL,SOURCE_PLUS_SIMPLE_MASK_CHANGE,0.5017511261261262,0.3778181307708246,
1423,OVERALL,FROZEN_FULL_TRANSITION_SAFETTA,0.6606137387387387,0.5017038385099609,
1423,OVERALL,CHANGE_MAGNITUDE_ONLY,0.46246340090090093,0.3565809026205471,
1423,OVERALL,CHANGE_MAGNITUDE_IOU_ONLY,0.46246340090090093,0.3565809026205471,
1424,OVERALL,SOURCE_STATE,0.5214041095890412,0.36279493417853664,
1424,OVERALL,SOURCE_PLUS_SIMPLE_MASK_CHANGE,0.4486176382361764,0.31940260400204534,
1424,OVERALL,FROZEN_FULL_TRANSITION_SAFETTA,0.6402797220277971,0.46895966666787575,
1424,OVERALL,CHANGE_MAGNITUDE_ONLY,0.4964128587141286,0.3794010793462568,
1424,OVERALL,CHANGE_MAGNITUDE_IOU_ONLY,0.4964128587141286,0.3794010793462568,
1425,OVERALL,SOURCE_STATE,0.5326731860606914,0.38346000378928846,
1425,OVERALL,SOURCE_PLUS_SIMPLE_MASK_CHANGE,0.46535106233291124,0.3495381752861806,
1425,OVERALL,FROZEN_FULL_TRANSITION_SAFETTA,0.6528188171286524,0.4803093754176225,
1425,OVERALL,CHANGE_MAGNITUDE_ONLY,0.4954856714037803,0.38674098927121636,
1425,OVERALL,CHANGE_MAGNITUDE_IOU_ONLY,0.4954856714037803,0.38674098927121636,
1426,OVERALL,SOURCE_STATE,0.5234063995968757,0.418210536033983,
1426,OVERALL,SOURCE_PLUS_SIMPLE_MASK_CHANGE,0.4622952884857646,0.37768324901326794,
1426,OVERALL,FROZEN_FULL_TRANSITION_SAFETTA,0.6385550516502898,0.5275752075879114,
1426,OVERALL,CHANGE_MAGNITUDE_ONLY,0.4915532879818594,0.42087884789002794,
1426,OVERALL,CHANGE_MAGNITUDE_IOU_ONLY,0.4915532879818594,0.42087884789002794,
1427,OVERALL,SOURCE_STATE,0.5425668343691428,0.4121298627768668,
1427,OVERALL,SOURCE_PLUS_SIMPLE_MASK_CHANGE,0.4701936412327583,0.3640749818542973,
1427,OVERALL,FROZEN_FULL_TRANSITION_SAFETTA,0.6318959664362934,0.492373244252698,
1427,OVERALL,CHANGE_MAGNITUDE_ONLY,0.4820633787696789,0.3901758853504935,
1427,OVERALL,CHANGE_MAGNITUDE_IOU_ONLY,0.4820633787696789,0.3901758853504935,
1428,OVERALL,SOURCE_STATE,0.4846998448502208,0.33326986982176476,
1428,OVERALL,SOURCE_PLUS_SIMPLE_MASK_CHANGE,0.4473743883518319,0.31479781295446607,
1428,OVERALL,FROZEN_FULL_TRANSITION_SAFETTA,0.6515335958944981,0.4814356583614888,
1428,OVERALL,CHANGE_MAGNITUDE_ONLY,0.4499492779567968,0.32790563169481335,
1428,OVERALL,CHANGE_MAGNITUDE_IOU_ONLY,0.4499492779567968,0.32790563169481335,
1429,OVERALL,SOURCE_STATE,0.5409315961285807,0.40367975803711376,
1429,OVERALL,SOURCE_PLUS_SIMPLE_MASK_CHANGE,0.5117697343132361,0.40948467915683096,
1429,OVERALL,FROZEN_FULL_TRANSITION_SAFETTA,0.6472751473009644,0.5219790839005967,
1429,OVERALL,CHANGE_MAGNITUDE_ONLY,0.5533697067749838,0.42774682213972287,
1429,OVERALL,CHANGE_MAGNITUDE_IOU_ONLY,0.5533697067749838,0.42774682213972287,
1430,OVERALL,SOURCE_STATE,0.5336753866165631,0.3571940060381418,
1430,OVERALL,SOURCE_PLUS_SIMPLE_MASK_CHANGE,0.48027773763067877,0.3396613398783819,
1430,OVERALL,FROZEN_FULL_TRANSITION_SAFETTA,0.6308775352893,0.4391180374622861,
1430,OVERALL,CHANGE_MAGNITUDE_ONLY,0.46042901189960006,0.34132753308305364,
1430,OVERALL,CHANGE_MAGNITUDE_IOU_ONLY,0.46042901189960006,0.34132753308305364,
1431,OVERALL,SOURCE_STATE,0.5216541229402966,0.3829396311831901,
1431,OVERALL,SOURCE_PLUS_SIMPLE_MASK_CHANGE,0.47053696571381465,0.3671334083425757,
1431,OVERALL,FROZEN_FULL_TRANSITION_SAFETTA,0.6190711753412718,0.45592767074522644,
1431,OVERALL,CHANGE_MAGNITUDE_ONLY,0.493398348703815,0.3765238478949344,
1431,OVERALL,CHANGE_MAGNITUDE_IOU_ONLY,0.493398348703815,0.3765238478949344,
1432,OVERALL,SOURCE_STATE,0.49312843411184343,0.31835074040654643,
1432,OVERALL,SOURCE_PLUS_SIMPLE_MASK_CHANGE,0.47186534939372465,0.30202665238444965,
1432,OVERALL,FROZEN_FULL_TRANSITION_SAFETTA,0.6323043809574738,0.425749907410227,
1432,OVERALL,CHANGE_MAGNITUDE_ONLY,0.5136595767436265,0.3563447690901917,
1432,OVERALL,CHANGE_MAGNITUDE_IOU_ONLY,0.5136595767436265,0.3563447690901917,
1433,OVERALL,SOURCE_STATE,0.5100155651340996,0.3496549157399728,
1433,OVERALL,SOURCE_PLUS_SIMPLE_MASK_CHANGE,0.4520713601532567,0.308482205428915,
1433,OVERALL,FROZEN_FULL_TRANSITION_SAFETTA,0.6297533524904215,0.4393642038225546,
1433,OVERALL,CHANGE_MAGNITUDE_ONLY,0.4952107279693486,0.36156644023802226,
1433,OVERALL,CHANGE_MAGNITUDE_IOU_ONLY,0.4952107279693486,0.36156644023802226,
1434,OVERALL,SOURCE_STATE,0.5051990084010467,0.3605748299370223,
1434,OVERALL,SOURCE_PLUS_SIMPLE_MASK_CHANGE,0.4822338520864895,0.37852196528134335,
1434,OVERALL,FROZEN_FULL_TRANSITION_SAFETTA,0.6501342790249277,0.5056999291192602,
1434,OVERALL,CHANGE_MAGNITUDE_ONLY,0.5121023275030988,0.4054739314260681,
1434,OVERALL,CHANGE_MAGNITUDE_IOU_ONLY,0.5121023275030988,0.4054739314260681,
1435,OVERALL,SOURCE_STATE,0.5393090569561159,0.41565236808219347,
1435,OVERALL,SOURCE_PLUS_SIMPLE_MASK_CHANGE,0.5290262341495737,0.4076624916361544,
1435,OVERALL,FROZEN_FULL_TRANSITION_SAFETTA,0.6441613204421552,0.49956214693263,
1435,OVERALL,CHANGE_MAGNITUDE_ONLY,0.517845848016626,0.39926171232818486,
1435,OVERALL,CHANGE_MAGNITUDE_IOU_ONLY,0.517845848016626,0.39926171232818486,
1436,OVERALL,SOURCE_STATE,0.5280852709431043,0.38812981311551575,
1436,OVERALL,SOURCE_PLUS_SIMPLE_MASK_CHANGE,0.4822593899550442,0.36032208461043913,
1436,OVERALL,FROZEN_FULL_TRANSITION_SAFETTA,0.649912988833567,0.5330467793931432,
1436,OVERALL,CHANGE_MAGNITUDE_ONLY,0.5404481075071301,0.4210222815335103,
1436,OVERALL,CHANGE_MAGNITUDE_IOU_ONLY,0.5404481075071301,0.4210222815335103,
1437,OVERALL,SOURCE_STATE,0.5402498032204723,0.41224385224759197,
1437,OVERALL,SOURCE_PLUS_SIMPLE_MASK_CHANGE,0.4740525599643662,0.3747588497278066,
1437,OVERALL,FROZEN_FULL_TRANSITION_SAFETTA,0.6314456735961534,0.5073640692536605,
1437,OVERALL,CHANGE_MAGNITUDE_ONLY,0.5003111862297043,0.40250244066785523,
1437,OVERALL,CHANGE_MAGNITUDE_IOU_ONLY,0.5003111862297043,0.40250244066785523,
1438,OVERALL,SOURCE_STATE,0.5499418506045114,0.39288280866196984,
1438,OVERALL,SOURCE_PLUS_SIMPLE_MASK_CHANGE,0.49718338865602213,0.34778720194171636,
1438,OVERALL,FROZEN_FULL_TRANSITION_SAFETTA,0.6540837835873332,0.4873346153140835,
1438,OVERALL,CHANGE_MAGNITUDE_ONLY,0.4803988079373925,0.3502421988440358,
1438,OVERALL,CHANGE_MAGNITUDE_IOU_ONLY,0.4803988079373925,0.3502421988440358,
1439,OVERALL,SOURCE_STATE,0.5600961665477795,0.4189770235829717,
1439,OVERALL,SOURCE_PLUS_SIMPLE_MASK_CHANGE,0.46945655332752106,0.3677915283546622,
1439,OVERALL,FROZEN_FULL_TRANSITION_SAFETTA,0.6481783836622546,0.4900115058648934,
1439,OVERALL,CHANGE_MAGNITUDE_ONLY,0.4602097698871892,0.3738526140462316,
1439,OVERALL,CHANGE_MAGNITUDE_IOU_ONLY,0.4602097698871892,0.3738526140462316,
1440,OVERALL,SOURCE_STATE,0.5262055618886031,0.3432062383101087,
1440,OVERALL,SOURCE_PLUS_SIMPLE_MASK_CHANGE,0.4981442697701546,0.34446419684742063,
1440,OVERALL,FROZEN_FULL_TRANSITION_SAFETTA,0.6498237056281646,0.4805129403929348,
1440,OVERALL,CHANGE_MAGNITUDE_ONLY,0.518597067946237,0.3577944944398434,
1440,OVERALL,CHANGE_MAGNITUDE_IOU_ONLY,0.518597067946237,0.3577944944398434,
1441,OVERALL,SOURCE_STATE,0.4675848940399205,0.34681045868779387,
1441,OVERALL,SOURCE_PLUS_SIMPLE_MASK_CHANGE,0.44705915287925874,0.33480102835713266,
1441,OVERALL,FROZEN_FULL_TRANSITION_SAFETTA,0.6774054477758182,0.5617450255879914,
1441,OVERALL,CHANGE_MAGNITUDE_ONLY,0.493787967862042,0.39264276786012975,
1441,OVERALL,CHANGE_MAGNITUDE_IOU_ONLY,0.493787967862042,0.39264276786012975,
1442,OVERALL,SOURCE_STATE,0.519557964970809,0.37110434684796223,
1442,OVERALL,SOURCE_PLUS_SIMPLE_MASK_CHANGE,0.4590551650184677,0.33183846324327715,
1442,OVERALL,FROZEN_FULL_TRANSITION_SAFETTA,0.6383712617657573,0.4607580712497927,
1442,OVERALL,CHANGE_MAGNITUDE_ONLY,0.4591504825449779,0.35494258660595873,
1442,OVERALL,CHANGE_MAGNITUDE_IOU_ONLY,0.4591504825449779,0.35494258660595873,
1443,OVERALL,SOURCE_STATE,0.4918961777943611,0.35430546622434417,
1443,OVERALL,SOURCE_PLUS_SIMPLE_MASK_CHANGE,0.4516510808983,0.34519057705327627,
1443,OVERALL,FROZEN_FULL_TRANSITION_SAFETTA,0.6092558475781815,0.46410093444783546,
1443,OVERALL,CHANGE_MAGNITUDE_ONLY,0.5007404211655511,0.40156600940734893,
1443,OVERALL,CHANGE_MAGNITUDE_IOU_ONLY,0.5007404211655511,0.40156600940734893,
1444,OVERALL,SOURCE_STATE,0.5384023874475915,0.34503672506340083,
1444,OVERALL,SOURCE_PLUS_SIMPLE_MASK_CHANGE,0.5002288580896758,0.3383934766646334,
1444,OVERALL,FROZEN_FULL_TRANSITION_SAFETTA,0.6486509578473912,0.4479869578529885,
1444,OVERALL,CHANGE_MAGNITUDE_ONLY,0.4729916939770654,0.3266318367614005,
1444,OVERALL,CHANGE_MAGNITUDE_IOU_ONLY,0.4729916939770654,0.3266318367614005,
1445,OVERALL,SOURCE_STATE,0.5359936975426476,0.3743644088246526,
1445,OVERALL,SOURCE_PLUS_SIMPLE_MASK_CHANGE,0.45205587370845074,0.30281638931438987,
1445,OVERALL,FROZEN_FULL_TRANSITION_SAFETTA,0.6422264642608247,0.4767187484428495,
1445,OVERALL,CHANGE_MAGNITUDE_ONLY,0.5239553979941218,0.37761699928201903,
1445,OVERALL,CHANGE_MAGNITUDE_IOU_ONLY,0.5239553979941218,0.37761699928201903,
1446,OVERALL,SOURCE_STATE,0.5716364533234678,0.4168257252575349,
1446,OVERALL,SOURCE_PLUS_SIMPLE_MASK_CHANGE,0.5214823036132692,0.3845050467157317,
1446,OVERALL,FROZEN_FULL_TRANSITION_SAFETTA,0.6865704772475029,0.5318575300165529,
1446,OVERALL,CHANGE_MAGNITUDE_ONLY,0.4970033296337403,0.36792690225834335,
1446,OVERALL,CHANGE_MAGNITUDE_IOU_ONLY,0.4970033296337403,0.36792690225834335,
1447,OVERALL,SOURCE_STATE,0.5139063972834543,0.33334460561069224,
1447,OVERALL,SOURCE_PLUS_SIMPLE_MASK_CHANGE,0.4909145628201197,0.3302304332479008,
1447,OVERALL,FROZEN_FULL_TRANSITION_SAFETTA,0.6291835599014229,0.4358669451724827,
1447,OVERALL,CHANGE_MAGNITUDE_ONLY,0.4664860936027166,0.3221612580035723,
1447,OVERALL,CHANGE_MAGNITUDE_IOU_ONLY,0.4664860936027166,0.3221612580035723,
1448,OVERALL,SOURCE_STATE,0.48507904354564146,0.3556362248341414,
1448,OVERALL,SOURCE_PLUS_SIMPLE_MASK_CHANGE,0.479325429995668,0.3848707771583606,
1448,OVERALL,FROZEN_FULL_TRANSITION_SAFETTA,0.6109812870278285,0.478063079654353,
1448,OVERALL,CHANGE_MAGNITUDE_ONLY,0.500625392777171,0.4038654798684752,
1448,OVERALL,CHANGE_MAGNITUDE_IOU_ONLY,0.500625392777171,0.4038654798684752,
1449,OVERALL,SOURCE_STATE,0.5363370243095329,0.35624133293900717,
1449,OVERALL,SOURCE_PLUS_SIMPLE_MASK_CHANGE,0.4514869967332739,0.3105417708248965,
1449,OVERALL,FROZEN_FULL_TRANSITION_SAFETTA,0.6375994715055425,0.4353168437324492,
1449,OVERALL,CHANGE_MAGNITUDE_ONLY,0.46608726219264596,0.3402892155431694,
1449,OVERALL,CHANGE_MAGNITUDE_IOU_ONLY,0.46608726219264596,0.3402892155431694,
1450,OVERALL,SOURCE_STATE,0.5271666940758264,0.33306320594800776,
1450,OVERALL,SOURCE_PLUS_SIMPLE_MASK_CHANGE,0.4659894495819049,0.29974561495857166,
1450,OVERALL,FROZEN_FULL_TRANSITION_SAFETTA,0.6265797163784488,0.4163366868235848,
1450,OVERALL,CHANGE_MAGNITUDE_ONLY,0.46936077622740324,0.3244037541285096,
1450,OVERALL,CHANGE_MAGNITUDE_IOU_ONLY,0.46936077622740324,0.3244037541285096,
1451,OVERALL,SOURCE_STATE,0.47511792821217713,0.295604824261698,
1451,OVERALL,SOURCE_PLUS_SIMPLE_MASK_CHANGE,0.4534503764331011,0.2914981980270761,
1451,OVERALL,FROZEN_FULL_TRANSITION_SAFETTA,0.634194495642123,0.40967196085441493,
1451,OVERALL,CHANGE_MAGNITUDE_ONLY,0.4575552153947081,0.31175608142397787,
1451,OVERALL,CHANGE_MAGNITUDE_IOU_ONLY,0.4575552153947081,0.31175608142397787,
1452,OVERALL,SOURCE_STATE,0.5068430445464238,0.35808318365261094,
1452,OVERALL,SOURCE_PLUS_SIMPLE_MASK_CHANGE,0.4906943865016456,0.36070806396837074,
1452,OVERALL,FROZEN_FULL_TRANSITION_SAFETTA,0.6359685718258935,0.484013688866362,
1452,OVERALL,CHANGE_MAGNITUDE_ONLY,0.490004867195105,0.36687681170713327,
1452,OVERALL,CHANGE_MAGNITUDE_IOU_ONLY,0.490004867195105,0.36687681170713327,
1453,OVERALL,SOURCE_STATE,0.5274071257374631,0.4263265791648238,
1453,OVERALL,SOURCE_PLUS_SIMPLE_MASK_CHANGE,0.48674870943952797,0.4036384179114654,
1453,OVERALL,FROZEN_FULL_TRANSITION_SAFETTA,0.6363269727138643,0.5204473863160043,
1453,OVERALL,CHANGE_MAGNITUDE_ONLY,0.5243996589233038,0.43766950730153564,
1453,OVERALL,CHANGE_MAGNITUDE_IOU_ONLY,0.5243996589233038,0.43766950730153564,
1454,OVERALL,SOURCE_STATE,0.457007980218051,0.3112367263602648,
1454,OVERALL,SOURCE_PLUS_SIMPLE_MASK_CHANGE,0.4424462677806501,0.31037411671908766,
1454,OVERALL,FROZEN_FULL_TRANSITION_SAFETTA,0.6085197257502529,0.43871125696853286,
1454,OVERALL,CHANGE_MAGNITUDE_ONLY,0.5146397662133303,0.38623601111407113,
1454,OVERALL,CHANGE_MAGNITUDE_IOU_ONLY,0.5146397662133303,0.38623601111407113,
1455,OVERALL,SOURCE_STATE,0.4961932614685551,0.3549711996509879,
1455,OVERALL,SOURCE_PLUS_SIMPLE_MASK_CHANGE,0.4452494320104413,0.3317638729278034,
1455,OVERALL,FROZEN_FULL_TRANSITION_SAFETTA,0.6009752501571035,0.4463307788093607,
1455,OVERALL,CHANGE_MAGNITUDE_ONLY,0.5046285106588679,0.38988868297261847,
1455,OVERALL,CHANGE_MAGNITUDE_IOU_ONLY,0.5046285106588679,0.38988868297261847,
1456,OVERALL,SOURCE_STATE,0.5696781018588484,0.4435936303382593,
1456,OVERALL,SOURCE_PLUS_SIMPLE_MASK_CHANGE,0.5137494332779204,0.4219024193308878,
1456,OVERALL,FROZEN_FULL_TRANSITION_SAFETTA,0.6336164424965997,0.5237077446390503,
1456,OVERALL,CHANGE_MAGNITUDE_ONLY,0.5084056218830286,0.4070649552855955,
1456,OVERALL,CHANGE_MAGNITUDE_IOU_ONLY,0.5084056218830286,0.4070649552855955,
1457,OVERALL,SOURCE_STATE,0.5453464704504927,0.4056860639058951,
1457,OVERALL,SOURCE_PLUS_SIMPLE_MASK_CHANGE,0.47321841357902383,0.3505432810576304,
1457,OVERALL,FROZEN_FULL_TRANSITION_SAFETTA,0.6457121242142047,0.4969062617703227,
1457,OVERALL,CHANGE_MAGNITUDE_ONLY,0.5047733126789993,0.38817428198511406,
1457,OVERALL,CHANGE_MAGNITUDE_IOU_ONLY,0.5047733126789993,0.38817428198511406,
1458,OVERALL,SOURCE_STATE,0.555719346632112,0.39591531760533216,
1458,OVERALL,SOURCE_PLUS_SIMPLE_MASK_CHANGE,0.5002555933331748,0.3621055896120927,
1458,OVERALL,FROZEN_FULL_TRANSITION_SAFETTA,0.6522741862621555,0.49415131657336947,
1458,OVERALL,CHANGE_MAGNITUDE_ONLY,0.4894374569057752,0.3696185442711705,
1458,OVERALL,CHANGE_MAGNITUDE_IOU_ONLY,0.4894374569057752,0.3696185442711705,
1459,OVERALL,SOURCE_STATE,0.5863290232375407,0.4286157789565236,
1459,OVERALL,SOURCE_PLUS_SIMPLE_MASK_CHANGE,0.5137449301487156,0.3859965298451991,
1459,OVERALL,FROZEN_FULL_TRANSITION_SAFETTA,0.6860332096925157,0.5480863514505399,
1459,OVERALL,CHANGE_MAGNITUDE_ONLY,0.5006066488716331,0.38206391616996493,
1459,OVERALL,CHANGE_MAGNITUDE_IOU_ONLY,0.5006066488716331,0.38206391616996493,
1460,OVERALL,SOURCE_STATE,0.5237553794992176,0.36893605347636127,
1460,OVERALL,SOURCE_PLUS_SIMPLE_MASK_CHANGE,0.42722393388106417,0.28933477315450984,
1460,OVERALL,FROZEN_FULL_TRANSITION_SAFETTA,0.6200239632237872,0.43403966782466097,
1460,OVERALL,CHANGE_MAGNITUDE_ONLY,0.4681356367370892,0.3531239850376987,
1460,OVERALL,CHANGE_MAGNITUDE_IOU_ONLY,0.4681356367370892,0.3531239850376987,
1461,OVERALL,SOURCE_STATE,0.5057218309859155,0.34021830133358333,
1461,OVERALL,SOURCE_PLUS_SIMPLE_MASK_CHANGE,0.4682181631455399,0.33271569301068804,
1461,OVERALL,FROZEN_FULL_TRANSITION_SAFETTA,0.6006944444444444,0.42011273846453684,
1461,OVERALL,CHANGE_MAGNITUDE_ONLY,0.5154232687793427,0.3791779670002596,
1461,OVERALL,CHANGE_MAGNITUDE_IOU_ONLY,0.5154232687793427,0.3791779670002596,
1462,OVERALL,SOURCE_STATE,0.5383296086481991,0.3479052771902516,
1462,OVERALL,SOURCE_PLUS_SIMPLE_MASK_CHANGE,0.4661400135128112,0.31426658449505,
1462,OVERALL,FROZEN_FULL_TRANSITION_SAFETTA,0.6595421235902499,0.4684417874163606,
1462,OVERALL,CHANGE_MAGNITUDE_ONLY,0.47855490878852447,0.3334015711752858,
1462,OVERALL,CHANGE_MAGNITUDE_IOU_ONLY,0.47855490878852447,0.3334015711752858,
1463,OVERALL,SOURCE_STATE,0.547081904302317,0.3953208748919886,
1463,OVERALL,SOURCE_PLUS_SIMPLE_MASK_CHANGE,0.49803813430306376,0.3749494370372329,
1463,OVERALL,FROZEN_FULL_TRANSITION_SAFETTA,0.6707167847232993,0.511117478198474,
1463,OVERALL,CHANGE_MAGNITUDE_ONLY,0.5071781879599468,0.3770863875008072,
1463,OVERALL,CHANGE_MAGNITUDE_IOU_ONLY,0.5071781879599468,0.3770863875008072,
1464,OVERALL,SOURCE_STATE,0.5628170289855072,0.3800393736879203,
1464,OVERALL,SOURCE_PLUS_SIMPLE_MASK_CHANGE,0.49767080745341613,0.3594644119402094,
1464,OVERALL,FROZEN_FULL_TRANSITION_SAFETTA,0.673925983436853,0.48279190740248457,
1464,OVERALL,CHANGE_MAGNITUDE_ONLY,0.4763263457556936,0.3310876884846009,
1464,OVERALL,CHANGE_MAGNITUDE_IOU_ONLY,0.4763263457556936,0.3310876884846009,
1465,OVERALL,SOURCE_STATE,0.5649052185998765,0.4104401451865247,
1465,OVERALL,SOURCE_PLUS_SIMPLE_MASK_CHANGE,0.5206258398260659,0.4091177890108727,
1465,OVERALL,FROZEN_FULL_TRANSITION_SAFETTA,0.6691849433964441,0.5187649067027523,
1465,OVERALL,CHANGE_MAGNITUDE_ONLY,0.5140831262002665,0.39552195620358405,
1465,OVERALL,CHANGE_MAGNITUDE_IOU_ONLY,0.5140831262002665,0.39552195620358405,
1466,OVERALL,SOURCE_STATE,0.5297492804120587,0.3522210266399512,
1466,OVERALL,SOURCE_PLUS_SIMPLE_MASK_CHANGE,0.4662424885118417,0.30181207038778424,
1466,OVERALL,FROZEN_FULL_TRANSITION_SAFETTA,0.6488410846841388,0.4516168927619503,
1466,OVERALL,CHANGE_MAGNITUDE_ONLY,0.5029509417764986,0.3540035799292718,
1466,OVERALL,CHANGE_MAGNITUDE_IOU_ONLY,0.5029509417764986,0.3540035799292718,
1467,OVERALL,SOURCE_STATE,0.5666472481986815,0.3519885423046848,
1467,OVERALL,SOURCE_PLUS_SIMPLE_MASK_CHANGE,0.5043814195922122,0.31315418475773404,
1467,OVERALL,FROZEN_FULL_TRANSITION_SAFETTA,0.6560478307527211,0.4449228742942071,
1467,OVERALL,CHANGE_MAGNITUDE_ONLY,0.4693852521845776,0.30608681454063413,
1467,OVERALL,CHANGE_MAGNITUDE_IOU_ONLY,0.4693852521845776,0.30608681454063413,
1468,OVERALL,SOURCE_STATE,0.5154898864576284,0.35412669365567623,
1468,OVERALL,SOURCE_PLUS_SIMPLE_MASK_CHANGE,0.43700654184525156,0.30363979472455876,
1468,OVERALL,FROZEN_FULL_TRANSITION_SAFETTA,0.6068188084317117,0.4375457087594176,
1468,OVERALL,CHANGE_MAGNITUDE_ONLY,0.5230468456274908,0.3909145066623528,
1468,OVERALL,CHANGE_MAGNITUDE_IOU_ONLY,0.5230468456274908,0.3909145066623528,
1469,OVERALL,SOURCE_STATE,0.5153247356802603,0.3592824218565842,
1469,OVERALL,SOURCE_PLUS_SIMPLE_MASK_CHANGE,0.4752759381898455,0.3344983889579714,
1469,OVERALL,FROZEN_FULL_TRANSITION_SAFETTA,0.638794004879749,0.4642032389179488,
1469,OVERALL,CHANGE_MAGNITUDE_ONLY,0.4899384222144766,0.3617237040934796,
1469,OVERALL,CHANGE_MAGNITUDE_IOU_ONLY,0.4899384222144766,0.3617237040934796,
1470,OVERALL,SOURCE_STATE,0.4904221158012867,0.3645946253948306,
1470,OVERALL,SOURCE_PLUS_SIMPLE_MASK_CHANGE,0.4421715796842187,0.33485327034152723,
1470,OVERALL,FROZEN_FULL_TRANSITION_SAFETTA,0.5826398071089679,0.4335565151600255,
1470,OVERALL,CHANGE_MAGNITUDE_ONLY,0.48507205635618167,0.3940264960170753,
1470,OVERALL,CHANGE_MAGNITUDE_IOU_ONLY,0.48507205635618167,0.3940264960170753,
1471,OVERALL,SOURCE_STATE,0.537246414265409,0.3612092533393154,
1471,OVERALL,SOURCE_PLUS_SIMPLE_MASK_CHANGE,0.4721734074169789,0.3224646839223074,
1471,OVERALL,FROZEN_FULL_TRANSITION_SAFETTA,0.654974802946117,0.46797497293804946,
1471,OVERALL,CHANGE_MAGNITUDE_ONLY,0.46939527070680964,0.34471661241832974,
1471,OVERALL,CHANGE_MAGNITUDE_IOU_ONLY,0.46939527070680964,0.34471661241832974,
1472,OVERALL,SOURCE_STATE,0.5802884913019253,0.4009314876286164,
1472,OVERALL,SOURCE_PLUS_SIMPLE_MASK_CHANGE,0.5183990589983285,0.3559352445286869,
1472,OVERALL,FROZEN_FULL_TRANSITION_SAFETTA,0.6674859159289296,0.469455478662555,
1472,OVERALL,CHANGE_MAGNITUDE_ONLY,0.4913019253389463,0.34273792339912357,
1472,OVERALL,CHANGE_MAGNITUDE_IOU_ONLY,0.4913019253389463,0.34273792339912357,
1473,OVERALL,SOURCE_STATE,0.4918685955394816,0.3686038257767337,
1473,OVERALL,SOURCE_PLUS_SIMPLE_MASK_CHANGE,0.4552561784207354,0.3466730759362515,
1473,OVERALL,FROZEN_FULL_TRANSITION_SAFETTA,0.6364315852923449,0.47057599205197553,
1473,OVERALL,CHANGE_MAGNITUDE_ONLY,0.44804098854731766,0.3634600260502938,
1473,OVERALL,CHANGE_MAGNITUDE_IOU_ONLY,0.44804098854731766,0.3634600260502938,
1474,OVERALL,SOURCE_STATE,0.48683537376116887,0.3402432412640215,
1474,OVERALL,SOURCE_PLUS_SIMPLE_MASK_CHANGE,0.4366039666393023,0.3110041676094747,
1474,OVERALL,FROZEN_FULL_TRANSITION_SAFETTA,0.6363457900560373,0.4776936362955809,
1474,OVERALL,CHANGE_MAGNITUDE_ONLY,0.47289740752638276,0.36609184671821543,
1474,OVERALL,CHANGE_MAGNITUDE_IOU_ONLY,0.47289740752638276,0.36609184671821543,
1475,OVERALL,SOURCE_STATE,0.49022537253144316,0.358974499431564,
1475,OVERALL,SOURCE_PLUS_SIMPLE_MASK_CHANGE,0.4420190014552658,0.35215399239037215,
1475,OVERALL,FROZEN_FULL_TRANSITION_SAFETTA,0.6432606807102581,0.48410518178116174,
1475,OVERALL,CHANGE_MAGNITUDE_ONLY,0.47345384926102374,0.38526858523298274,
1475,OVERALL,CHANGE_MAGNITUDE_IOU_ONLY,0.47345384926102374,0.38526858523298274,
1476,OVERALL,SOURCE_STATE,0.5156882018288506,0.34061314182800906,
1476,OVERALL,SOURCE_PLUS_SIMPLE_MASK_CHANGE,0.49393858159830817,0.3340737138159494,
1476,OVERALL,FROZEN_FULL_TRANSITION_SAFETTA,0.6386620200756561,0.44958918321850155,
1476,OVERALL,CHANGE_MAGNITUDE_ONLY,0.49863282995264047,0.34673459818574354,
1476,OVERALL,CHANGE_MAGNITUDE_IOU_ONLY,0.49863282995264047,0.34673459818574354,
1477,OVERALL,SOURCE_STATE,0.5449976512137282,0.3627441211236925,
1477,OVERALL,SOURCE_PLUS_SIMPLE_MASK_CHANGE,0.4767639950873579,0.33520059105894334,
1477,OVERALL,FROZEN_FULL_TRANSITION_SAFETTA,0.6404659086407036,0.4554723333015227,
1477,OVERALL,CHANGE_MAGNITUDE_ONLY,0.46824893738645174,0.33619801980605796,
1477,OVERALL,CHANGE_MAGNITUDE_IOU_ONLY,0.46824893738645174,0.33619801980605796,
1478,OVERALL,SOURCE_STATE,0.5269529159978599,0.383831298036167,
1478,OVERALL,SOURCE_PLUS_SIMPLE_MASK_CHANGE,0.4642796342234544,0.3553663540836453,
1478,OVERALL,FROZEN_FULL_TRANSITION_SAFETTA,0.6318704703536164,0.46795470388078975,
1478,OVERALL,CHANGE_MAGNITUDE_ONLY,0.46255897660392037,0.36161982285327665,
1478,OVERALL,CHANGE_MAGNITUDE_IOU_ONLY,0.46255897660392037,0.36161982285327665,
1479,OVERALL,SOURCE_STATE,0.5179066415345381,0.38335381519903533,
1479,OVERALL,SOURCE_PLUS_SIMPLE_MASK_CHANGE,0.46966345901342776,0.3547826738954839,
1479,OVERALL,FROZEN_FULL_TRANSITION_SAFETTA,0.6283051569493643,0.47911414756585013,
1479,OVERALL,CHANGE_MAGNITUDE_ONLY,0.46112592713627953,0.3588456772726723,
1479,OVERALL,CHANGE_MAGNITUDE_IOU_ONLY,0.46112592713627953,0.3588456772726723,
1480,OVERALL,SOURCE_STATE,0.5229017637394601,0.3562461511145729,
1480,OVERALL,SOURCE_PLUS_SIMPLE_MASK_CHANGE,0.4798662652065794,0.33316445881680085,
1480,OVERALL,FROZEN_FULL_TRANSITION_SAFETTA,0.6052777937594691,0.4355532534102506,
1480,OVERALL,CHANGE_MAGNITUDE_ONLY,0.5531007677604536,0.3845248979791872,
1480,OVERALL,CHANGE_MAGNITUDE_IOU_ONLY,0.5531007677604536,0.3845248979791872,
1481,OVERALL,SOURCE_STATE,0.524912339288696,0.3879658982260169,
1481,OVERALL,SOURCE_PLUS_SIMPLE_MASK_CHANGE,0.4918183336116213,0.3652094125904263,
1481,OVERALL,FROZEN_FULL_TRANSITION_SAFETTA,0.6415706573161908,0.4863310329754729,
1481,OVERALL,CHANGE_MAGNITUDE_ONLY,0.4950186452941504,0.3794060995109019,
1481,OVERALL,CHANGE_MAGNITUDE_IOU_ONLY,0.4950186452941504,0.3794060995109019,
1482,OVERALL,SOURCE_STATE,0.5285468350527385,0.3520708773844423,
1482,OVERALL,SOURCE_PLUS_SIMPLE_MASK_CHANGE,0.4754358467052944,0.3415440547737812,
1482,OVERALL,FROZEN_FULL_TRANSITION_SAFETTA,0.6110911263280958,0.4429771295392414,
1482,OVERALL,CHANGE_MAGNITUDE_ONLY,0.4761263923326952,0.34437299597673887,
1482,OVERALL,CHANGE_MAGNITUDE_IOU_ONLY,0.4761263923326952,0.34437299597673887,
1483,OVERALL,SOURCE_STATE,0.5367409349060726,0.3912534784196935,
1483,OVERALL,SOURCE_PLUS_SIMPLE_MASK_CHANGE,0.49522062035823505,0.3733038129590555,
1483,OVERALL,FROZEN_FULL_TRANSITION_SAFETTA,0.6344196883646425,0.483644999843446,
1483,OVERALL,CHANGE_MAGNITUDE_ONLY,0.4790592689675258,0.36763434422212515,
1483,OVERALL,CHANGE_MAGNITUDE_IOU_ONLY,0.4790592689675258,0.36763434422212515,
1484,OVERALL,SOURCE_STATE,0.5365983606557377,0.38672268917165165,
1484,OVERALL,SOURCE_PLUS_SIMPLE_MASK_CHANGE,0.505099531615925,0.36981192175709837,
1484,OVERALL,FROZEN_FULL_TRANSITION_SAFETTA,0.6506850117096019,0.4774108702347556,
1484,OVERALL,CHANGE_MAGNITUDE_ONLY,0.47636416861826697,0.3602647836198447,
1484,OVERALL,CHANGE_MAGNITUDE_IOU_ONLY,0.47636416861826697,0.3602647836198447,
1485,OVERALL,SOURCE_STATE,0.5014878738282993,0.34580230178917876,
1485,OVERALL,SOURCE_PLUS_SIMPLE_MASK_CHANGE,0.44418613301592025,0.3177650674074188,
1485,OVERALL,FROZEN_FULL_TRANSITION_SAFETTA,0.6107722065168874,0.4349676554387805,
1485,OVERALL,CHANGE_MAGNITUDE_ONLY,0.5014506769825919,0.3735255501262621,
1485,OVERALL,CHANGE_MAGNITUDE_IOU_ONLY,0.5014506769825919,0.3735255501262621,
1486,OVERALL,SOURCE_STATE,0.5515209853062266,0.41994007245779363,
1486,OVERALL,SOURCE_PLUS_SIMPLE_MASK_CHANGE,0.45352383824092224,0.34968075673408977,
1486,OVERALL,FROZEN_FULL_TRANSITION_SAFETTA,0.6456156424321847,0.5113545690497445,
1486,OVERALL,CHANGE_MAGNITUDE_ONLY,0.46739710299558146,0.37834111321298497,
1486,OVERALL,CHANGE_MAGNITUDE_IOU_ONLY,0.46739710299558146,0.37834111321298497,
1487,OVERALL,SOURCE_STATE,0.5522834770407586,0.3771876318424092,
1487,OVERALL,SOURCE_PLUS_SIMPLE_MASK_CHANGE,0.48586688392513633,0.3445227113505265,
1487,OVERALL,FROZEN_FULL_TRANSITION_SAFETTA,0.6363070586371558,0.4554380411586351,
1487,OVERALL,CHANGE_MAGNITUDE_ONLY,0.47806198655713217,0.3524240607205506,
1487,OVERALL,CHANGE_MAGNITUDE_IOU_ONLY,0.47806198655713217,0.3524240607205506,
1488,OVERALL,SOURCE_STATE,0.5443468526651167,0.38766525646057803,
1488,OVERALL,SOURCE_PLUS_SIMPLE_MASK_CHANGE,0.4894576275356436,0.3779040948822777,
1488,OVERALL,FROZEN_FULL_TRANSITION_SAFETTA,0.6550971202224107,0.49615558784964586,
1488,OVERALL,CHANGE_MAGNITUDE_ONLY,0.5132640759739702,0.37508131130616795,
1488,OVERALL,CHANGE_MAGNITUDE_IOU_ONLY,0.5132640759739702,0.37508131130616795,
1489,OVERALL,SOURCE_STATE,0.5481188593338127,0.40993699312731446,
1489,OVERALL,SOURCE_PLUS_SIMPLE_MASK_CHANGE,0.5027018931224538,0.3685512171081403,
1489,OVERALL,FROZEN_FULL_TRANSITION_SAFETTA,0.643679606997364,0.49429830995772994,
1489,OVERALL,CHANGE_MAGNITUDE_ONLY,0.485933381260484,0.37462548148325214,
1489,OVERALL,CHANGE_MAGNITUDE_IOU_ONLY,0.485933381260484,0.37462548148325214,
1490,OVERALL,SOURCE_STATE,0.5433134117344645,0.35392433585091726,
1490,OVERALL,SOURCE_PLUS_SIMPLE_MASK_CHANGE,0.45949489107383845,0.3009288545934886,
1490,OVERALL,FROZEN_FULL_TRANSITION_SAFETTA,0.6629586787481524,0.46921874279003994,
1490,OVERALL,CHANGE_MAGNITUDE_ONLY,0.4534348692243429,0.3206804854187616,
1490,OVERALL,CHANGE_MAGNITUDE_IOU_ONLY,0.4534348692243429,0.3206804854187616,
1491,OVERALL,SOURCE_STATE,0.5671808510638298,0.3870745193441673,
1491,OVERALL,SOURCE_PLUS_SIMPLE_MASK_CHANGE,0.5514243498817967,0.38670918273277477,
1491,OVERALL,FROZEN_FULL_TRANSITION_SAFETTA,0.6603250591016548,0.49113458490678924,
1491,OVERALL,CHANGE_MAGNITUDE_ONLY,0.48378841607565015,0.3424062327362033,
1491,OVERALL,CHANGE_MAGNITUDE_IOU_ONLY,0.48378841607565015,0.3424062327362033,
1492,OVERALL,SOURCE_STATE,0.5329090583933053,0.3550081931357497,
1492,OVERALL,SOURCE_PLUS_SIMPLE_MASK_CHANGE,0.49719719534530926,0.34873041217113365,
1492,OVERALL,FROZEN_FULL_TRANSITION_SAFETTA,0.6593466905937999,0.48243439347358774,
1492,OVERALL,CHANGE_MAGNITUDE_ONLY,0.5165547394840866,0.35911185844382026,
1492,OVERALL,CHANGE_MAGNITUDE_IOU_ONLY,0.5165547394840866,0.35911185844382026,
1493,OVERALL,SOURCE_STATE,0.4937974683544304,0.3571745880731305,
1493,OVERALL,SOURCE_PLUS_SIMPLE_MASK_CHANGE,0.4814787111622555,0.3510665191818383,
1493,OVERALL,FROZEN_FULL_TRANSITION_SAFETTA,0.6444476409666283,0.4935159204991741,
1493,OVERALL,CHANGE_MAGNITUDE_ONLY,0.4852474108170311,0.3796850344459054,
1493,OVERALL,CHANGE_MAGNITUDE_IOU_ONLY,0.4852474108170311,0.3796850344459054,
1494,OVERALL,SOURCE_STATE,0.5282583621683967,0.35950009252843407,
1494,OVERALL,SOURCE_PLUS_SIMPLE_MASK_CHANGE,0.497677775105009,0.3420242189828132,
1494,OVERALL,FROZEN_FULL_TRANSITION_SAFETTA,0.6673821463155882,0.47315250565771005,
1494,OVERALL,CHANGE_MAGNITUDE_ONLY,0.4629893479883303,0.32922522481173255,
1494,OVERALL,CHANGE_MAGNITUDE_IOU_ONLY,0.4629893479883303,0.32922522481173255,
1495,OVERALL,SOURCE_STATE,0.557391201513718,0.3894342795791968,
1495,OVERALL,SOURCE_PLUS_SIMPLE_MASK_CHANGE,0.49496807000946075,0.3591257239996045,
1495,OVERALL,FROZEN_FULL_TRANSITION_SAFETTA,0.6600283822138127,0.4774566288630757,
1495,OVERALL,CHANGE_MAGNITUDE_ONLY,0.4583668401135289,0.33156869020883084,
1495,OVERALL,CHANGE_MAGNITUDE_IOU_ONLY,0.4583668401135289,0.33156869020883084,
1496,OVERALL,SOURCE_STATE,0.5310156124255593,0.35811177847083797,
1496,OVERALL,SOURCE_PLUS_SIMPLE_MASK_CHANGE,0.474772251730243,0.3192145331047799,
1496,OVERALL,FROZEN_FULL_TRANSITION_SAFETTA,0.6291968453243199,0.4280419347177554,
1496,OVERALL,CHANGE_MAGNITUDE_ONLY,0.4553999678094318,0.33636031820997825,
1496,OVERALL,CHANGE_MAGNITUDE_IOU_ONLY,0.4553999678094318,0.33636031820997825,
1497,OVERALL,SOURCE_STATE,0.554897567221511,0.3781775056607761,
1497,OVERALL,SOURCE_PLUS_SIMPLE_MASK_CHANGE,0.4733760957352507,0.32037066118103263,
1497,OVERALL,FROZEN_FULL_TRANSITION_SAFETTA,0.6515992810006895,0.4638439924532185,
1497,OVERALL,CHANGE_MAGNITUDE_ONLY,0.48449349945828823,0.35038307298156457,
1497,OVERALL,CHANGE_MAGNITUDE_IOU_ONLY,0.48449349945828823,0.35038307298156457,
1498,OVERALL,SOURCE_STATE,0.504950495049505,0.3341136395904798,
1498,OVERALL,SOURCE_PLUS_SIMPLE_MASK_CHANGE,0.48379056655665564,0.30922906467944566,
1498,OVERALL,FROZEN_FULL_TRANSITION_SAFETTA,0.671193160982765,0.46876493396426594,
1498,OVERALL,CHANGE_MAGNITUDE_ONLY,0.48684451778511184,0.32686552584342143,
1498,OVERALL,CHANGE_MAGNITUDE_IOU_ONLY,0.48684451778511184,0.32686552584342143,
1499,OVERALL,SOURCE_STATE,0.5071174377224199,0.34671172433053354,
1499,OVERALL,SOURCE_PLUS_SIMPLE_MASK_CHANGE,0.46002577003313294,0.32478669497468526,
1499,OVERALL,FROZEN_FULL_TRANSITION_SAFETTA,0.593937906491594,0.4202296677920665,
1499,OVERALL,CHANGE_MAGNITUDE_ONLY,0.5130598846484231,0.3930564171636886,
1499,OVERALL,CHANGE_MAGNITUDE_IOU_ONLY,0.5130598846484231,0.3930564171636886,
1500,OVERALL,SOURCE_STATE,0.5601514032711014,0.374273602917257,
1500,OVERALL,SOURCE_PLUS_SIMPLE_MASK_CHANGE,0.46559412992540306,0.31574106649831823,
1500,OVERALL,FROZEN_FULL_TRANSITION_SAFETTA,0.6455686634765774,0.4485626945961597,
1500,OVERALL,CHANGE_MAGNITUDE_ONLY,0.46444872115401387,0.3296580445372323,
1500,OVERALL,CHANGE_MAGNITUDE_IOU_ONLY,0.46444872115401387,0.3296580445372323,
1501,OVERALL,SOURCE_STATE,0.5751529051987767,0.4090493285869907,
1501,OVERALL,SOURCE_PLUS_SIMPLE_MASK_CHANGE,0.4378822629969419,0.3185260824153693,
1501,OVERALL,FROZEN_FULL_TRANSITION_SAFETTA,0.6251210499490315,0.4461880271707173,
1501,OVERALL,CHANGE_MAGNITUDE_ONLY,0.46952726809378187,0.357433523217518,
1501,OVERALL,CHANGE_MAGNITUDE_IOU_ONLY,0.46952726809378187,0.357433523217518,
1502,OVERALL,SOURCE_STATE,0.48363550183671056,0.3306997306708833,
1502,OVERALL,SOURCE_PLUS_SIMPLE_MASK_CHANGE,0.46577201090176557,0.3306683703448011,
1502,OVERALL,FROZEN_FULL_TRANSITION_SAFETTA,0.5897203460125607,0.4160229906126443,
1502,OVERALL,CHANGE_MAGNITUDE_ONLY,0.502654342931627,0.3617236225597583,
1502,OVERALL,CHANGE_MAGNITUDE_IOU_ONLY,0.502654342931627,0.3617236225597583,
1503,OVERALL,SOURCE_STATE,0.5043654587062948,0.3600069345293051,
1503,OVERALL,SOURCE_PLUS_SIMPLE_MASK_CHANGE,0.5163987138263666,0.38208291437142433,
1503,OVERALL,FROZEN_FULL_TRANSITION_SAFETTA,0.6654094609078531,0.5054523600677299,
1503,OVERALL,CHANGE_MAGNITUDE_ONLY,0.49530141073549433,0.366999289896865,
1503,OVERALL,CHANGE_MAGNITUDE_IOU_ONLY,0.49530141073549433,0.366999289896865,
1504,OVERALL,SOURCE_STATE,0.5537485172004745,0.37659977837889874,
1504,OVERALL,SOURCE_PLUS_SIMPLE_MASK_CHANGE,0.4762218268090154,0.3170282866272236,
1504,OVERALL,FROZEN_FULL_TRANSITION_SAFETTA,0.6411150652431791,0.45358067694966786,
1504,OVERALL,CHANGE_MAGNITUDE_ONLY,0.5017378410438909,0.33942839601895897,
1504,OVERALL,CHANGE_MAGNITUDE_IOU_ONLY,0.5017378410438909,0.33942839601895897,
1505,OVERALL,SOURCE_STATE,0.5020134818472518,0.3468628732685066,
1505,OVERALL,SOURCE_PLUS_SIMPLE_MASK_CHANGE,0.49555526238087166,0.36081039500627027,
1505,OVERALL,FROZEN_FULL_TRANSITION_SAFETTA,0.6258693152905256,0.4529199130129278,
1505,OVERALL,CHANGE_MAGNITUDE_ONLY,0.4807352821073397,0.3534768690636787,
1505,OVERALL,CHANGE_MAGNITUDE_IOU_ONLY,0.4807352821073397,0.3534768690636787,
1506,OVERALL,SOURCE_STATE,0.577226903631071,0.42447601723655437,
1506,OVERALL,SOURCE_PLUS_SIMPLE_MASK_CHANGE,0.518284050865635,0.38906528932767903,
1506,OVERALL,FROZEN_FULL_TRANSITION_SAFETTA,0.6687605331699097,0.5197229794103739,
1506,OVERALL,CHANGE_MAGNITUDE_ONLY,0.5211214953271028,0.3842317062231717,
1506,OVERALL,CHANGE_MAGNITUDE_IOU_ONLY,0.5211214953271028,0.3842317062231717,
1507,OVERALL,SOURCE_STATE,0.5689637587543346,0.40547624190158965,
1507,OVERALL,SOURCE_PLUS_SIMPLE_MASK_CHANGE,0.4848428186124521,0.34564574319977415,
1507,OVERALL,FROZEN_FULL_TRANSITION_SAFETTA,0.6530450352439882,0.47378704079246814,
1507,OVERALL,CHANGE_MAGNITUDE_ONLY,0.47396081231159765,0.35190709132473896,
1507,OVERALL,CHANGE_MAGNITUDE_IOU_ONLY,0.47396081231159765,0.35190709132473896,
1508,OVERALL,SOURCE_STATE,0.5146712151778225,0.3723104207319553,
1508,OVERALL,SOURCE_PLUS_SIMPLE_MASK_CHANGE,0.49780130108574927,0.3936348863109326,
1508,OVERALL,FROZEN_FULL_TRANSITION_SAFETTA,0.6388580365845367,0.4789508835381934,
1508,OVERALL,CHANGE_MAGNITUDE_ONLY,0.48420110161615704,0.36778313756160974,
1508,OVERALL,CHANGE_MAGNITUDE_IOU_ONLY,0.48420110161615704,0.36778313756160974,
1509,OVERALL,SOURCE_STATE,0.5221508997158792,0.3759454365376159,
1509,OVERALL,SOURCE_PLUS_SIMPLE_MASK_CHANGE,0.4638418277269166,0.3627280764746422,
1509,OVERALL,FROZEN_FULL_TRANSITION_SAFETTA,0.6383072012346979,0.47992974804862554,
1509,OVERALL,CHANGE_MAGNITUDE_ONLY,0.5059513370046886,0.3857877933029854,
1509,OVERALL,CHANGE_MAGNITUDE_IOU_ONLY,0.5059513370046886,0.3857877933029854,
1510,OVERALL,SOURCE_STATE,0.5411730978728284,0.40752652133617073,
1510,OVERALL,SOURCE_PLUS_SIMPLE_MASK_CHANGE,0.4725302448254114,0.35809743590585486,
1510,OVERALL,FROZEN_FULL_TRANSITION_SAFETTA,0.6438162949372169,0.4944017296357989,
1510,OVERALL,CHANGE_MAGNITUDE_ONLY,0.44232555472736657,0.35886730001517014,
1510,OVERALL,CHANGE_MAGNITUDE_IOU_ONLY,0.44232555472736657,0.35886730001517014,
1511,OVERALL,SOURCE_STATE,0.5732501787558593,0.4043245412570165,
1511,OVERALL,SOURCE_PLUS_SIMPLE_MASK_CHANGE,0.5158213122382503,0.35336622166874154,
1511,OVERALL,FROZEN_FULL_TRANSITION_SAFETTA,0.6750104983599859,0.4844398458741238,
1511,OVERALL,CHANGE_MAGNITUDE_ONLY,0.46381754417823384,0.3281253508470403,
1511,OVERALL,CHANGE_MAGNITUDE_IOU_ONLY,0.46381754417823384,0.3281253508470403,
1512,OVERALL,SOURCE_STATE,0.5484641638225256,0.37075908186339157,
1512,OVERALL,SOURCE_PLUS_SIMPLE_MASK_CHANGE,0.4876889322281814,0.33178977973769164,
1512,OVERALL,FROZEN_FULL_TRANSITION_SAFETTA,0.6360860555826426,0.44252177764050005,
1512,OVERALL,CHANGE_MAGNITUDE_ONLY,0.44199475865431503,0.3182703582566006,
1512,OVERALL,CHANGE_MAGNITUDE_IOU_ONLY,0.44199475865431503,0.3182703582566006,
1513,OVERALL,SOURCE_STATE,0.578184346174715,0.37356186058120155,
1513,OVERALL,SOURCE_PLUS_SIMPLE_MASK_CHANGE,0.5054146319406765,0.3202295095382214,
1513,OVERALL,FROZEN_FULL_TRANSITION_SAFETTA,0.6593473051184663,0.4519783004602309,
1513,OVERALL,CHANGE_MAGNITUDE_ONLY,0.4525852324109243,0.2972148498604653,
1513,OVERALL,CHANGE_MAGNITUDE_IOU_ONLY,0.4525852324109243,0.2972148498604653,
1514,OVERALL,SOURCE_STATE,0.5719400113992591,0.4332737275658747,
1514,OVERALL,SOURCE_PLUS_SIMPLE_MASK_CHANGE,0.49722143060701063,0.3805783756234433,
1514,OVERALL,FROZEN_FULL_TRANSITION_SAFETTA,0.6719803837750546,0.5055194303310759,
1514,OVERALL,CHANGE_MAGNITUDE_ONLY,0.4345730027548209,0.3467673066201306,
1514,OVERALL,CHANGE_MAGNITUDE_IOU_ONLY,0.4345730027548209,0.3467673066201306,
1515,OVERALL,SOURCE_STATE,0.5767991004497751,0.407489108511299,
1515,OVERALL,SOURCE_PLUS_SIMPLE_MASK_CHANGE,0.5098075962018991,0.35572179921100466,
1515,OVERALL,FROZEN_FULL_TRANSITION_SAFETTA,0.6686281859070465,0.48479818362696603,
1515,OVERALL,CHANGE_MAGNITUDE_ONLY,0.5226449275362318,0.37631574691617686,
1515,OVERALL,CHANGE_MAGNITUDE_IOU_ONLY,0.5226449275362318,0.37631574691617686,
1516,OVERALL,SOURCE_STATE,0.5107355442176871,0.3325661684912671,
1516,OVERALL,SOURCE_PLUS_SIMPLE_MASK_CHANGE,0.48030045351473927,0.312428170894107,
1516,OVERALL,FROZEN_FULL_TRANSITION_SAFETTA,0.6322515117157974,0.43073714425321363,
1516,OVERALL,CHANGE_MAGNITUDE_ONLY,0.4936106386999244,0.34444320964006975,
1516,OVERALL,CHANGE_MAGNITUDE_IOU_ONLY,0.4936106386999244,0.34444320964006975,
1517,OVERALL,SOURCE_STATE,0.5304990420582064,0.3586807400258577,
1517,OVERALL,SOURCE_PLUS_SIMPLE_MASK_CHANGE,0.501511419274397,0.35117883014377316,
1517,OVERALL,FROZEN_FULL_TRANSITION_SAFETTA,0.6553112550558039,0.4809818178778602,
1517,OVERALL,CHANGE_MAGNITUDE_ONLY,0.5239607091810359,0.37249635942726433,
1517,OVERALL,CHANGE_MAGNITUDE_IOU_ONLY,0.5239607091810359,0.37249635942726433,
1518,OVERALL,SOURCE_STATE,0.5448386383731212,0.3779759765916561,
1518,OVERALL,SOURCE_PLUS_SIMPLE_MASK_CHANGE,0.49083222811671084,0.34264860510330164,
1518,OVERALL,FROZEN_FULL_TRANSITION_SAFETTA,0.6782714412024756,0.48814107808930046,
1518,OVERALL,CHANGE_MAGNITUDE_ONLY,0.4615412245800177,0.3356493928058586,
1518,OVERALL,CHANGE_MAGNITUDE_IOU_ONLY,0.4615412245800177,0.3356493928058586,
1519,OVERALL,SOURCE_STATE,0.49961118030485996,0.3559468075765746,
1519,OVERALL,SOURCE_PLUS_SIMPLE_MASK_CHANGE,0.4605711540042106,0.36727055111908163,
1519,OVERALL,FROZEN_FULL_TRANSITION_SAFETTA,0.6466482477824633,0.5011088798442985,
1519,OVERALL,CHANGE_MAGNITUDE_ONLY,0.48703934349533096,0.38128921694129825,
1519,OVERALL,CHANGE_MAGNITUDE_IOU_ONLY,0.48703934349533096,0.38128921694129825,
1520,OVERALL,SOURCE_STATE,0.5349921349921349,0.38467914155885957,
1520,OVERALL,SOURCE_PLUS_SIMPLE_MASK_CHANGE,0.47044759044759044,0.35825717965426784,
1520,OVERALL,FROZEN_FULL_TRANSITION_SAFETTA,0.6196825396825396,0.4799933818586456,
1520,OVERALL,CHANGE_MAGNITUDE_ONLY,0.46522522522522525,0.35916988289893204,
1520,OVERALL,CHANGE_MAGNITUDE_IOU_ONLY,0.46522522522522525,0.35916988289893204,
1521,OVERALL,SOURCE_STATE,0.5428536890035056,0.36882972119930507,
1521,OVERALL,SOURCE_PLUS_SIMPLE_MASK_CHANGE,0.5281632981999667,0.3890887171223871,
1521,OVERALL,FROZEN_FULL_TRANSITION_SAFETTA,0.6745894231488784,0.4861544173388671,
1521,OVERALL,CHANGE_MAGNITUDE_ONLY,0.49066020412275,0.3378206269111236,
1521,OVERALL,CHANGE_MAGNITUDE_IOU_ONLY,0.49066020412275,0.3378206269111236,
1522,OVERALL,SOURCE_STATE,0.5398848684210527,0.39671696599578493,
1522,OVERALL,SOURCE_PLUS_SIMPLE_MASK_CHANGE,0.4703007518796992,0.35357096103741736,
1522,OVERALL,FROZEN_FULL_TRANSITION_SAFETTA,0.6551339285714285,0.49040728345524986,
1522,OVERALL,CHANGE_MAGNITUDE_ONLY,0.500093984962406,0.38241143469738226,
1522,OVERALL,CHANGE_MAGNITUDE_IOU_ONLY,0.500093984962406,0.38241143469738226,
1523,OVERALL,SOURCE_STATE,0.5191794080172498,0.37532284086373013,
1523,OVERALL,SOURCE_PLUS_SIMPLE_MASK_CHANGE,0.4963613643046163,0.36545830535085655,
1523,OVERALL,FROZEN_FULL_TRANSITION_SAFETTA,0.6582561501519162,0.49220792761552207,
1523,OVERALL,CHANGE_MAGNITUDE_ONLY,0.537651303538175,0.41121309506325404,
1523,OVERALL,CHANGE_MAGNITUDE_IOU_ONLY,0.537651303538175,0.41121309506325404,
1524,OVERALL,SOURCE_STATE,0.5058067677565132,0.38415086896417255,
1524,OVERALL,SOURCE_PLUS_SIMPLE_MASK_CHANGE,0.48328750714616275,0.37229469258177555,
1524,OVERALL,FROZEN_FULL_TRANSITION_SAFETTA,0.6453053113004655,0.5144363428777312,
1524,OVERALL,CHANGE_MAGNITUDE_ONLY,0.48118585468107694,0.3924551638534024,
1524,OVERALL,CHANGE_MAGNITUDE_IOU_ONLY,0.48118585468107694,0.3924551638534024,
1525,OVERALL,SOURCE_STATE,0.5739320920043811,0.3945576706896574,
1525,OVERALL,SOURCE_PLUS_SIMPLE_MASK_CHANGE,0.49000999000999,0.3328560585330118,
1525,OVERALL,FROZEN_FULL_TRANSITION_SAFETTA,0.6570898980537534,0.44797748033752705,
1525,OVERALL,CHANGE_MAGNITUDE_ONLY,0.4629948364888124,0.3219678383615126,
1525,OVERALL,CHANGE_MAGNITUDE_IOU_ONLY,0.4629948364888124,0.3219678383615126,
1526,OVERALL,SOURCE_STATE,0.5224531744866497,0.3973395843928453,
1526,OVERALL,SOURCE_PLUS_SIMPLE_MASK_CHANGE,0.47582691864001514,0.38081092035735203,
1526,OVERALL,FROZEN_FULL_TRANSITION_SAFETTA,0.6314784906768464,0.49933987806936997,
1526,OVERALL,CHANGE_MAGNITUDE_ONLY,0.5161713195041635,0.4188755746168506,
1526,OVERALL,CHANGE_MAGNITUDE_IOU_ONLY,0.5161713195041635,0.4188755746168506,
1527,OVERALL,SOURCE_STATE,0.5278185545998277,0.330835808759085,
1527,OVERALL,SOURCE_PLUS_SIMPLE_MASK_CHANGE,0.4928967449986048,0.33961636704480425,
1527,OVERALL,FROZEN_FULL_TRANSITION_SAFETTA,0.6535601198636369,0.4633373692595668,
1527,OVERALL,CHANGE_MAGNITUDE_ONLY,0.46820216676574433,0.30935017680112786,
1527,OVERALL,CHANGE_MAGNITUDE_IOU_ONLY,0.46820216676574433,0.30935017680112786,
1528,OVERALL,SOURCE_STATE,0.5143567662161228,0.3698551380973035,
1528,OVERALL,SOURCE_PLUS_SIMPLE_MASK_CHANGE,0.46996246747564996,0.3587089198192445,
1528,OVERALL,FROZEN_FULL_TRANSITION_SAFETTA,0.6217331736857861,0.49720142819878055,
1528,OVERALL,CHANGE_MAGNITUDE_ONLY,0.5051981394920445,0.39310634222199803,
1528,OVERALL,CHANGE_MAGNITUDE_IOU_ONLY,0.5051981394920445,0.39310634222199803,
1529,OVERALL,SOURCE_STATE,0.5665338747650481,0.38723560975702287,
1529,OVERALL,SOURCE_PLUS_SIMPLE_MASK_CHANGE,0.5128974936330453,0.36203324357277766,
1529,OVERALL,FROZEN_FULL_TRANSITION_SAFETTA,0.6554210529692142,0.4833115397062873,
1529,OVERALL,CHANGE_MAGNITUDE_ONLY,0.4981556680330761,0.3316517643644234,
1529,OVERALL,CHANGE_MAGNITUDE_IOU_ONLY,0.4981556680330761,0.3316517643644234,
1530,OVERALL,SOURCE_STATE,0.5446060606060605,0.3967983730247645,
1530,OVERALL,SOURCE_PLUS_SIMPLE_MASK_CHANGE,0.4754285714285714,0.35242708750620955,
1530,OVERALL,FROZEN_FULL_TRANSITION_SAFETTA,0.6525945165945166,0.4838714074463153,
1530,OVERALL,CHANGE_MAGNITUDE_ONLY,0.4747070707070707,0.36875914317254566,
1530,OVERALL,CHANGE_MAGNITUDE_IOU_ONLY,0.4747070707070707,0.36875914317254566,
1531,OVERALL,SOURCE_STATE,0.5665755011026105,0.4331042357703062,
1531,OVERALL,SOURCE_PLUS_SIMPLE_MASK_CHANGE,0.5143154574909758,0.4149769503566437,
1531,OVERALL,FROZEN_FULL_TRANSITION_SAFETTA,0.656533737418536,0.5203934010612191,
1531,OVERALL,CHANGE_MAGNITUDE_ONLY,0.533811336561087,0.41339457203784813,
1531,OVERALL,CHANGE_MAGNITUDE_IOU_ONLY,0.533811336561087,0.41339457203784813,
1532,OVERALL,SOURCE_STATE,0.5223825029027209,0.34641415256267,
1532,OVERALL,SOURCE_PLUS_SIMPLE_MASK_CHANGE,0.4687326467767177,0.3156450471603691,
1532,OVERALL,FROZEN_FULL_TRANSITION_SAFETTA,0.6516356201726488,0.47686465040364323,
1532,OVERALL,CHANGE_MAGNITUDE_ONLY,0.4945542430208491,0.34616243641872113,
1532,OVERALL,CHANGE_MAGNITUDE_IOU_ONLY,0.4945542430208491,0.34616243641872113,
1533,OVERALL,SOURCE_STATE,0.4905381613129609,0.33040276679600994,
1533,OVERALL,SOURCE_PLUS_SIMPLE_MASK_CHANGE,0.4525984659139877,0.3111723759829714,
1533,OVERALL,FROZEN_FULL_TRANSITION_SAFETTA,0.554006968641115,0.3740355642049751,
1533,OVERALL,CHANGE_MAGNITUDE_ONLY,0.4960632102535059,0.36074293625144926,
1533,OVERALL,CHANGE_MAGNITUDE_IOU_ONLY,0.4960632102535059,0.36074293625144926,
1534,OVERALL,SOURCE_STATE,0.4722802740044119,0.34615480607859067,
1534,OVERALL,SOURCE_PLUS_SIMPLE_MASK_CHANGE,0.4707883432021363,0.37458349924979806,
1534,OVERALL,FROZEN_FULL_TRANSITION_SAFETTA,0.6357598978288633,0.49521742942646685,
1534,OVERALL,CHANGE_MAGNITUDE_ONLY,0.4789039823522582,0.38445390942502966,
1534,OVERALL,CHANGE_MAGNITUDE_IOU_ONLY,0.4789039823522582,0.38445390942502966,
1535,OVERALL,SOURCE_STATE,0.46197696208835126,0.3127734245758696,
1535,OVERALL,SOURCE_PLUS_SIMPLE_MASK_CHANGE,0.43364478632926656,0.2982969291156021,
1535,OVERALL,FROZEN_FULL_TRANSITION_SAFETTA,0.5954212478213579,0.40456918253980956,
1535,OVERALL,CHANGE_MAGNITUDE_ONLY,0.4960882726808109,0.3678836368907593,
1535,OVERALL,CHANGE_MAGNITUDE_IOU_ONLY,0.4960882726808109,0.3678836368907593,
1536,OVERALL,SOURCE_STATE,0.5362907861758145,0.39578652147937676,
1536,OVERALL,SOURCE_PLUS_SIMPLE_MASK_CHANGE,0.512370944376739,0.38678575587986674,
1536,OVERALL,FROZEN_FULL_TRANSITION_SAFETTA,0.6670882292073858,0.5698257302536762,
1536,OVERALL,CHANGE_MAGNITUDE_ONLY,0.5431545908160684,0.4026179586722475,
1536,OVERALL,CHANGE_MAGNITUDE_IOU_ONLY,0.5431545908160684,0.4026179586722475,
1537,OVERALL,SOURCE_STATE,0.4838113695090439,0.29560475786731627,
1537,OVERALL,SOURCE_PLUS_SIMPLE_MASK_CHANGE,0.4454263565891473,0.2696583328426411,
1537,OVERALL,FROZEN_FULL_TRANSITION_SAFETTA,0.6100581395348836,0.4000556621298079,
1537,OVERALL,CHANGE_MAGNITUDE_ONLY,0.4838888888888889,0.31948768243416276,
1537,OVERALL,CHANGE_MAGNITUDE_IOU_ONLY,0.4838888888888889,0.31948768243416276,
1538,OVERALL,SOURCE_STATE,0.5562493901844082,0.40592547167188775,
1538,OVERALL,SOURCE_PLUS_SIMPLE_MASK_CHANGE,0.5079580934725338,0.38213746260152326,
1538,OVERALL,FROZEN_FULL_TRANSITION_SAFETTA,0.658552053858913,0.4844334222746219,
1538,OVERALL,CHANGE_MAGNITUDE_ONLY,0.5080190750317104,0.37115086434506483,
1538,OVERALL,CHANGE_MAGNITUDE_IOU_ONLY,0.5080190750317104,0.37115086434506483,
1539,OVERALL,SOURCE_STATE,0.5565212760922043,0.38265727937755034,
1539,OVERALL,SOURCE_PLUS_SIMPLE_MASK_CHANGE,0.4593588772660577,0.3086536307750073,
1539,OVERALL,FROZEN_FULL_TRANSITION_SAFETTA,0.6902955933166091,0.5129992424127474,
1539,OVERALL,CHANGE_MAGNITUDE_ONLY,0.43099174042694177,0.31430826871657536,
1539,OVERALL,CHANGE_MAGNITUDE_IOU_ONLY,0.43099174042694177,0.31430826871657536,
1540,OVERALL,SOURCE_STATE,0.5878599587822826,0.41172773905518073,
1540,OVERALL,SOURCE_PLUS_SIMPLE_MASK_CHANGE,0.5129687277588331,0.35629828967260935,
1540,OVERALL,FROZEN_FULL_TRANSITION_SAFETTA,0.6655733037919063,0.4931452569325287,
1540,OVERALL,CHANGE_MAGNITUDE_ONLY,0.4763926451748659,0.33744208770915807,
1540,OVERALL,CHANGE_MAGNITUDE_IOU_ONLY,0.4763926451748659,0.33744208770915807,
1541,OVERALL,SOURCE_STATE,0.51242851061467,0.36730403600683686,
1541,OVERALL,SOURCE_PLUS_SIMPLE_MASK_CHANGE,0.49641859001647265,0.33528439687481604,
1541,OVERALL,FROZEN_FULL_TRANSITION_SAFETTA,0.6406374354513317,0.4573155027145612,
1541,OVERALL,CHANGE_MAGNITUDE_ONLY,0.48389445174505047,0.3448243881095098,
1541,OVERALL,CHANGE_MAGNITUDE_IOU_ONLY,0.48389445174505047,0.3448243881095098,
1542,OVERALL,SOURCE_STATE,0.5172818888568961,0.34993774972827896,
1542,OVERALL,SOURCE_PLUS_SIMPLE_MASK_CHANGE,0.4766887417218543,0.35349454180172396,
1542,OVERALL,FROZEN_FULL_TRANSITION_SAFETTA,0.5896976677224302,0.4050029890391117,
1542,OVERALL,CHANGE_MAGNITUDE_ONLY,0.49084940973221997,0.35989056648026896,
1542,OVERALL,CHANGE_MAGNITUDE_IOU_ONLY,0.49084940973221997,0.35989056648026896,
1543,OVERALL,SOURCE_STATE,0.5387179189408896,0.3963717416717567,
1543,OVERALL,SOURCE_PLUS_SIMPLE_MASK_CHANGE,0.5230461038206944,0.3940524894021674,
1543,OVERALL,FROZEN_FULL_TRANSITION_SAFETTA,0.6354546510277552,0.4925867627686538,
1543,OVERALL,CHANGE_MAGNITUDE_ONLY,0.5272093833468818,0.39631793543842797,
1543,OVERALL,CHANGE_MAGNITUDE_IOU_ONLY,0.5272093833468818,0.39631793543842797,
1544,OVERALL,SOURCE_STATE,0.5427126716532211,0.4233852747030099,
1544,OVERALL,SOURCE_PLUS_SIMPLE_MASK_CHANGE,0.5207505009284223,0.4095983550107536,
1544,OVERALL,FROZEN_FULL_TRANSITION_SAFETTA,0.6652906433914165,0.5311609743124962,
1544,OVERALL,CHANGE_MAGNITUDE_ONLY,0.47334326447971636,0.3723241735167385,
1544,OVERALL,CHANGE_MAGNITUDE_IOU_ONLY,0.47334326447971636,0.3723241735167385,
1545,OVERALL,SOURCE_STATE,0.5168460848391644,0.3271304468981576,
1545,OVERALL,SOURCE_PLUS_SIMPLE_MASK_CHANGE,0.5085095476098936,0.3381430544542758,
1545,OVERALL,FROZEN_FULL_TRANSITION_SAFETTA,0.6350249903883122,0.4297782370067806,
1545,OVERALL,CHANGE_MAGNITUDE_ONLY,0.49751377675253106,0.32812962917394256,
1545,OVERALL,CHANGE_MAGNITUDE_IOU_ONLY,0.49751377675253106,0.32812962917394256,
1546,OVERALL,SOURCE_STATE,0.5575361359373276,0.3968265342568671,
1546,OVERALL,SOURCE_PLUS_SIMPLE_MASK_CHANGE,0.49112324837250365,0.3572947106210063,
1546,OVERALL,FROZEN_FULL_TRANSITION_SAFETTA,0.6619110669756153,0.49551963841145774,
1546,OVERALL,CHANGE_MAGNITUDE_ONLY,0.48801169590643273,0.3587844279167828,
1546,OVERALL,CHANGE_MAGNITUDE_IOU_ONLY,0.48801169590643273,0.3587844279167828,
1547,OVERALL,SOURCE_STATE,0.4855380371985538,0.30650244031467627,
1547,OVERALL,SOURCE_PLUS_SIMPLE_MASK_CHANGE,0.45463242511212987,0.2977044043700415,
1547,OVERALL,FROZEN_FULL_TRANSITION_SAFETTA,0.6306111545963945,0.45052772396072954,
1547,OVERALL,CHANGE_MAGNITUDE_ONLY,0.5008075838334141,0.34556484107754876,
1547,OVERALL,CHANGE_MAGNITUDE_IOU_ONLY,0.5008075838334141,0.34556484107754876,
1548,OVERALL,SOURCE_STATE,0.5428484024873076,0.3792018247763969,
1548,OVERALL,SOURCE_PLUS_SIMPLE_MASK_CHANGE,0.45622797573875035,0.3298864801112139,
1548,OVERALL,FROZEN_FULL_TRANSITION_SAFETTA,0.6588011742350706,0.4769686601487411,
1548,OVERALL,CHANGE_MAGNITUDE_ONLY,0.4569633433931628,0.3465171688851808,
1548,OVERALL,CHANGE_MAGNITUDE_IOU_ONLY,0.4569633433931628,0.3465171688851808,
1549,OVERALL,SOURCE_STATE,0.5327301665173962,0.3700722321657819,
1549,OVERALL,SOURCE_PLUS_SIMPLE_MASK_CHANGE,0.4659520699156289,0.33330438682616614,
1549,OVERALL,FROZEN_FULL_TRANSITION_SAFETTA,0.6696748946074377,0.5014557115112641,
1549,OVERALL,CHANGE_MAGNITUDE_ONLY,0.4460829335356566,0.33405714078605797,
1549,OVERALL,CHANGE_MAGNITUDE_IOU_ONLY,0.4460829335356566,0.33405714078605797,
1550,OVERALL,SOURCE_STATE,0.5085216572504707,0.34185017747372015,
1550,OVERALL,SOURCE_PLUS_SIMPLE_MASK_CHANGE,0.4726047551789077,0.3254400584532463,
1550,OVERALL,FROZEN_FULL_TRANSITION_SAFETTA,0.6061322975517891,0.41569949759860136,
1550,OVERALL,CHANGE_MAGNITUDE_ONLY,0.46810263653483997,0.33671876991314126,
1550,OVERALL,CHANGE_MAGNITUDE_IOU_ONLY,0.46810263653483997,0.33671876991314126,
1551,OVERALL,SOURCE_STATE,0.48744053570887497,0.32206224346861734,
1551,OVERALL,SOURCE_PLUS_SIMPLE_MASK_CHANGE,0.4202405841893161,0.29201109627048805,
1551,OVERALL,FROZEN_FULL_TRANSITION_SAFETTA,0.6125503742084053,0.42675778370556194,
1551,OVERALL,CHANGE_MAGNITUDE_ONLY,0.5040632669757295,0.37784021904698706,
1551,OVERALL,CHANGE_MAGNITUDE_IOU_ONLY,0.5040632669757295,0.37784021904698706,
1552,OVERALL,SOURCE_STATE,0.5352386104099051,0.3359791873581852,
1552,OVERALL,SOURCE_PLUS_SIMPLE_MASK_CHANGE,0.4537203990864287,0.2968281021620099,
1552,OVERALL,FROZEN_FULL_TRANSITION_SAFETTA,0.6342348840004809,0.41529393518324065,
1552,OVERALL,CHANGE_MAGNITUDE_ONLY,0.4712826060824618,0.34036906807373063,
1552,OVERALL,CHANGE_MAGNITUDE_IOU_ONLY,0.4712826060824618,0.34036906807373063,
1553,OVERALL,SOURCE_STATE,0.5184776845961057,0.385687684818224,
1553,OVERALL,SOURCE_PLUS_SIMPLE_MASK_CHANGE,0.4810403412377096,0.3671450898760268,
1553,OVERALL,FROZEN_FULL_TRANSITION_SAFETTA,0.6320066994409099,0.4877240731857698,
1553,OVERALL,CHANGE_MAGNITUDE_ONLY,0.4603967852323115,0.36454320240929927,
1553,OVERALL,CHANGE_MAGNITUDE_IOU_ONLY,0.4603967852323115,0.36454320240929927,
1554,OVERALL,SOURCE_STATE,0.517031519665728,0.36745361642333463,
1554,OVERALL,SOURCE_PLUS_SIMPLE_MASK_CHANGE,0.46157386380839915,0.3549524737752878,
1554,OVERALL,FROZEN_FULL_TRANSITION_SAFETTA,0.6155811911466376,0.4371971667325456,
1554,OVERALL,CHANGE_MAGNITUDE_ONLY,0.47654948981136647,0.375526648206875,
1554,OVERALL,CHANGE_MAGNITUDE_IOU_ONLY,0.47654948981136647,0.375526648206875,
1555,OVERALL,SOURCE_STATE,0.512673285985183,0.3659935371462324,
1555,OVERALL,SOURCE_PLUS_SIMPLE_MASK_CHANGE,0.46223926127463105,0.34901965114262734,
1555,OVERALL,FROZEN_FULL_TRANSITION_SAFETTA,0.6301131879910016,0.45796490382992183,
1555,OVERALL,CHANGE_MAGNITUDE_ONLY,0.4712377654499841,0.37206462546893526,
1555,OVERALL,CHANGE_MAGNITUDE_IOU_ONLY,0.4712377654499841,0.37206462546893526,
1556,OVERALL,SOURCE_STATE,0.5260305881631777,0.37146045024425434,
1556,OVERALL,SOURCE_PLUS_SIMPLE_MASK_CHANGE,0.4817727648879762,0.3368293603512303,
1556,OVERALL,FROZEN_FULL_TRANSITION_SAFETTA,0.6711435314310235,0.5112656640812508,
1556,OVERALL,CHANGE_MAGNITUDE_ONLY,0.4874367854844147,0.35839843921824177,
1556,OVERALL,CHANGE_MAGNITUDE_IOU_ONLY,0.4874367854844147,0.35839843921824177,
1557,OVERALL,SOURCE_STATE,0.5419544586276948,0.3793442882541354,
1557,OVERALL,SOURCE_PLUS_SIMPLE_MASK_CHANGE,0.5079651920802887,0.35022042238217543,
1557,OVERALL,FROZEN_FULL_TRANSITION_SAFETTA,0.6208241108517025,0.456838207260715,
1557,OVERALL,CHANGE_MAGNITUDE_ONLY,0.4928201085473454,0.35832240426385537,
1557,OVERALL,CHANGE_MAGNITUDE_IOU_ONLY,0.4928201085473454,0.35832240426385537,
1558,OVERALL,SOURCE_STATE,0.48918089772303097,0.34666120156840413,
1558,OVERALL,SOURCE_PLUS_SIMPLE_MASK_CHANGE,0.44336739455020535,0.3367980967919838,
1558,OVERALL,FROZEN_FULL_TRANSITION_SAFETTA,0.6139242721164614,0.46892086458488813,
1558,OVERALL,CHANGE_MAGNITUDE_ONLY,0.5103991694662187,0.39746435325587604,
1558,OVERALL,CHANGE_MAGNITUDE_IOU_ONLY,0.5103991694662187,0.39746435325587604,
1559,OVERALL,SOURCE_STATE,0.512513216070742,0.3448855948203294,
1559,OVERALL,SOURCE_PLUS_SIMPLE_MASK_CHANGE,0.46101859861591693,0.33484632624870053,
1559,OVERALL,FROZEN_FULL_TRANSITION_SAFETTA,0.6508374183006536,0.4763796810382033,
1559,OVERALL,CHANGE_MAGNITUDE_ONLY,0.4903762975778546,0.348515641711413,
1559,OVERALL,CHANGE_MAGNITUDE_IOU_ONLY,0.4903762975778546,0.348515641711413,
1560,OVERALL,SOURCE_STATE,0.5176191088496604,0.37290812135588114,
1560,OVERALL,SOURCE_PLUS_SIMPLE_MASK_CHANGE,0.5011297048072154,0.3778272521272463,
1560,OVERALL,FROZEN_FULL_TRANSITION_SAFETTA,0.6317835865219176,0.4707040168219716,
1560,OVERALL,CHANGE_MAGNITUDE_ONLY,0.5182130457943754,0.3932843654017535,
1560,OVERALL,CHANGE_MAGNITUDE_IOU_ONLY,0.5182130457943754,0.3932843654017535,
1561,OVERALL,SOURCE_STATE,0.53194504233032,0.3799950550742705,
1561,OVERALL,SOURCE_PLUS_SIMPLE_MASK_CHANGE,0.4720010044482709,0.33811700556768065,
1561,OVERALL,FROZEN_FULL_TRANSITION_SAFETTA,0.6250597885875545,0.4658795809544108,
1561,OVERALL,CHANGE_MAGNITUDE_ONLY,0.45540369254316737,0.34433643127236546,
1561,OVERALL,CHANGE_MAGNITUDE_IOU_ONLY,0.45540369254316737,0.34433643127236546,
1562,OVERALL,SOURCE_STATE,0.5771424093364197,0.3799186707223017,
1562,OVERALL,SOURCE_PLUS_SIMPLE_MASK_CHANGE,0.5170536747685185,0.3636220638880422,
1562,OVERALL,FROZEN_FULL_TRANSITION_SAFETTA,0.6511381172839508,0.4574571298183258,
1562,OVERALL,CHANGE_MAGNITUDE_ONLY,0.4822711709104939,0.33208647221852405,
1562,OVERALL,CHANGE_MAGNITUDE_IOU_ONLY,0.4822711709104939,0.33208647221852405,
1563,OVERALL,SOURCE_STATE,0.5303522791894885,0.37222659164987926,
1563,OVERALL,SOURCE_PLUS_SIMPLE_MASK_CHANGE,0.4756517314656849,0.34825728094166675,
1563,OVERALL,FROZEN_FULL_TRANSITION_SAFETTA,0.6254586812726346,0.4638005518816732,
1563,OVERALL,CHANGE_MAGNITUDE_ONLY,0.5074017539133818,0.3820343226553883,
1563,OVERALL,CHANGE_MAGNITUDE_IOU_ONLY,0.5074017539133818,0.3820343226553883,
1564,OVERALL,SOURCE_STATE,0.5452465003043213,0.3381249976397462,
1564,OVERALL,SOURCE_PLUS_SIMPLE_MASK_CHANGE,0.480876445526476,0.29970666160735643,
1564,OVERALL,FROZEN_FULL_TRANSITION_SAFETTA,0.6423006695069995,0.40281722338390025,
1564,OVERALL,CHANGE_MAGNITUDE_ONLY,0.4865916007303713,0.30795012028627144,
1564,OVERALL,CHANGE_MAGNITUDE_IOU_ONLY,0.4865916007303713,0.30795012028627144,
1565,OVERALL,SOURCE_STATE,0.5282830956973387,0.33122979071191117,
1565,OVERALL,SOURCE_PLUS_SIMPLE_MASK_CHANGE,0.4994137891910291,0.3301930066026358,
1565,OVERALL,FROZEN_FULL_TRANSITION_SAFETTA,0.6343620387529468,0.4245537058785037,
1565,OVERALL,CHANGE_MAGNITUDE_ONLY,0.495732637444373,0.3345041175003489,
1565,OVERALL,CHANGE_MAGNITUDE_IOU_ONLY,0.495732637444373,0.3345041175003489,
1566,OVERALL,SOURCE_STATE,0.5013876686584706,0.351540491227671,
1566,OVERALL,SOURCE_PLUS_SIMPLE_MASK_CHANGE,0.4378050980095537,0.31857604530416356,
1566,OVERALL,FROZEN_FULL_TRANSITION_SAFETTA,0.6259694771078309,0.4575451034251136,
1566,OVERALL,CHANGE_MAGNITUDE_ONLY,0.542069342704703,0.43101984697716383,
1566,OVERALL,CHANGE_MAGNITUDE_IOU_ONLY,0.542069342704703,0.43101984697716383,
1567,OVERALL,SOURCE_STATE,0.5123167852813402,0.34770185135801657,
1567,OVERALL,SOURCE_PLUS_SIMPLE_MASK_CHANGE,0.4613327765113946,0.3309930918467825,
1567,OVERALL,FROZEN_FULL_TRANSITION_SAFETTA,0.6078581496110947,0.43494633491019075,
1567,OVERALL,CHANGE_MAGNITUDE_ONLY,0.4643778964891217,0.3471333422262538,
1567,OVERALL,CHANGE_MAGNITUDE_IOU_ONLY,0.4643778964891217,0.3471333422262538,
1568,OVERALL,SOURCE_STATE,0.5336372136512388,0.39563522652198446,
1568,OVERALL,SOURCE_PLUS_SIMPLE_MASK_CHANGE,0.5024544179523142,0.3773052717768672,
1568,OVERALL,FROZEN_FULL_TRANSITION_SAFETTA,0.6740942028985507,0.5276933119634742,
1568,OVERALL,CHANGE_MAGNITUDE_ONLY,0.5101157082748948,0.3837934674197552,
1568,OVERALL,CHANGE_MAGNITUDE_IOU_ONLY,0.5101157082748948,0.3837934674197552,
1569,OVERALL,SOURCE_STATE,0.5101292044098027,0.37512618682152504,
1569,OVERALL,SOURCE_PLUS_SIMPLE_MASK_CHANGE,0.4539884839547785,0.34017523236007857,
1569,OVERALL,FROZEN_FULL_TRANSITION_SAFETTA,0.655566088523746,0.49780752174531445,
1569,OVERALL,CHANGE_MAGNITUDE_ONLY,0.458031973410107,0.3644969348795629,
1569,OVERALL,CHANGE_MAGNITUDE_IOU_ONLY,0.458031973410107,0.3644969348795629,
1570,OVERALL,SOURCE_STATE,0.5247471605119008,0.38204935867507217,
1570,OVERALL,SOURCE_PLUS_SIMPLE_MASK_CHANGE,0.46360819334138514,0.35167536567255886,
1570,OVERALL,FROZEN_FULL_TRANSITION_SAFETTA,0.6103892935134014,0.45935256211920983,
1570,OVERALL,CHANGE_MAGNITUDE_ONLY,0.4978772462760312,0.38765036896404037,
1570,OVERALL,CHANGE_MAGNITUDE_IOU_ONLY,0.4978772462760312,0.38765036896404037,
1571,OVERALL,SOURCE_STATE,0.4762113709020247,0.3522556249511999,
1571,OVERALL,SOURCE_PLUS_SIMPLE_MASK_CHANGE,0.43696483420046384,0.3309058879387966,
1571,OVERALL,FROZEN_FULL_TRANSITION_SAFETTA,0.6027957124051903,0.4568777169941179,
1571,OVERALL,CHANGE_MAGNITUDE_ONLY,0.5253620008775779,0.42961953627483396,
1571,OVERALL,CHANGE_MAGNITUDE_IOU_ONLY,0.5253620008775779,0.42961953627483396,
1572,OVERALL,SOURCE_STATE,0.5648606745775595,0.40809293025950955,
1572,OVERALL,SOURCE_PLUS_SIMPLE_MASK_CHANGE,0.5042983054119435,0.40112092847361724,
1572,OVERALL,FROZEN_FULL_TRANSITION_SAFETTA,0.6367826354494066,0.4791659231970359,
1572,OVERALL,CHANGE_MAGNITUDE_ONLY,0.47798664358149884,0.3689060917617093,
1572,OVERALL,CHANGE_MAGNITUDE_IOU_ONLY,0.47798664358149884,0.3689060917617093,
1573,OVERALL,SOURCE_STATE,0.5659949041423057,0.41113667705355184,
1573,OVERALL,SOURCE_PLUS_SIMPLE_MASK_CHANGE,0.4943573130287249,0.3747869745211023,
1573,OVERALL,FROZEN_FULL_TRANSITION_SAFETTA,0.6628753170131889,0.5108096816895124,
1573,OVERALL,CHANGE_MAGNITUDE_ONLY,0.4798027867602287,0.3593402736605569,
1573,OVERALL,CHANGE_MAGNITUDE_IOU_ONLY,0.4798027867602287,0.3593402736605569,
1574,OVERALL,SOURCE_STATE,0.5125904905310709,0.3692032511685672,
1574,OVERALL,SOURCE_PLUS_SIMPLE_MASK_CHANGE,0.4542016563386807,0.34997143414887405,
1574,OVERALL,FROZEN_FULL_TRANSITION_SAFETTA,0.624532344935426,0.48603088431152086,
1574,OVERALL,CHANGE_MAGNITUDE_ONLY,0.4980743614988128,0.3952796372048108,
1574,OVERALL,CHANGE_MAGNITUDE_IOU_ONLY,0.4980743614988128,0.3952796372048108,
1575,OVERALL,SOURCE_STATE,0.5128943437651844,0.3662357715768736,
1575,OVERALL,SOURCE_PLUS_SIMPLE_MASK_CHANGE,0.4962597704872796,0.37687778150448153,
1575,OVERALL,FROZEN_FULL_TRANSITION_SAFETTA,0.6633073586841111,0.5206123807443445,
1575,OVERALL,CHANGE_MAGNITUDE_ONLY,0.5082393027036431,0.3917082498859834,
1575,OVERALL,CHANGE_MAGNITUDE_IOU_ONLY,0.5082393027036431,0.3917082498859834,
1576,OVERALL,SOURCE_STATE,0.5305353538972282,0.37925096837710065,
1576,OVERALL,SOURCE_PLUS_SIMPLE_MASK_CHANGE,0.4865176321666129,0.3518081142516354,
1576,OVERALL,FROZEN_FULL_TRANSITION_SAFETTA,0.6311336414335018,0.47246341877914544,
1576,OVERALL,CHANGE_MAGNITUDE_ONLY,0.47203513297268895,0.35584951549542904,
1576,OVERALL,CHANGE_MAGNITUDE_IOU_ONLY,0.47203513297268895,0.35584951549542904,
1577,OVERALL,SOURCE_STATE,0.4847609219126247,0.3487476697927605,
1577,OVERALL,SOURCE_PLUS_SIMPLE_MASK_CHANGE,0.4466345602568513,0.3326666069949623,
1577,OVERALL,FROZEN_FULL_TRANSITION_SAFETTA,0.6003153308106869,0.4416811842372532,
1577,OVERALL,CHANGE_MAGNITUDE_ONLY,0.5189255819286779,0.4132715421587483,
1577,OVERALL,CHANGE_MAGNITUDE_IOU_ONLY,0.5189255819286779,0.4132715421587483,
1578,OVERALL,SOURCE_STATE,0.5413345679591166,0.38446325525219843,
1578,OVERALL,SOURCE_PLUS_SIMPLE_MASK_CHANGE,0.4493354118805382,0.3351649525040605,
1578,OVERALL,FROZEN_FULL_TRANSITION_SAFETTA,0.6390243330676544,0.47302985305045264,
1578,OVERALL,CHANGE_MAGNITUDE_ONLY,0.47911294481691596,0.3727266082760955,
1578,OVERALL,CHANGE_MAGNITUDE_IOU_ONLY,0.47911294481691596,0.3727266082760955,
1579,OVERALL,SOURCE_STATE,0.5554857840572126,0.40684255119968393,
1579,OVERALL,SOURCE_PLUS_SIMPLE_MASK_CHANGE,0.4955404383975813,0.36966779128349647,
1579,OVERALL,FROZEN_FULL_TRANSITION_SAFETTA,0.6670097098668527,0.5147529153053526,
1579,OVERALL,CHANGE_MAGNITUDE_ONLY,0.4651549508692366,0.3630704924082546,
1579,OVERALL,CHANGE_MAGNITUDE_IOU_ONLY,0.4651549508692366,0.3630704924082546,
1580,OVERALL,SOURCE_STATE,0.5354241163735436,0.34948018188421115,
1580,OVERALL,SOURCE_PLUS_SIMPLE_MASK_CHANGE,0.4509778880537109,0.30393735519490117,
1580,OVERALL,FROZEN_FULL_TRANSITION_SAFETTA,0.6366853973582427,0.43679277523684745,
1580,OVERALL,CHANGE_MAGNITUDE_ONLY,0.45821778685932524,0.328429732781396,
1580,OVERALL,CHANGE_MAGNITUDE_IOU_ONLY,0.45821778685932524,0.328429732781396,
1581,OVERALL,SOURCE_STATE,0.5492334566851311,0.39891209280988754,
1581,OVERALL,SOURCE_PLUS_SIMPLE_MASK_CHANGE,0.4917139770611626,0.3817031740379774,
1581,OVERALL,FROZEN_FULL_TRANSITION_SAFETTA,0.6658928448295676,0.51693985089225,
1581,OVERALL,CHANGE_MAGNITUDE_ONLY,0.4622819316431839,0.35045952974834915,
1581,OVERALL,CHANGE_MAGNITUDE_IOU_ONLY,0.4622819316431839,0.35045952974834915,
1582,OVERALL,SOURCE_STATE,0.5392047406389557,0.36681252068830894,
1582,OVERALL,SOURCE_PLUS_SIMPLE_MASK_CHANGE,0.4444839770329293,0.30663014201357774,
1582,OVERALL,FROZEN_FULL_TRANSITION_SAFETTA,0.6337476075968004,0.42883861298926756,
1582,OVERALL,CHANGE_MAGNITUDE_ONLY,0.48232075379103895,0.35114262152547604,
1582,OVERALL,CHANGE_MAGNITUDE_IOU_ONLY,0.48232075379103895,0.35114262152547604,
1583,OVERALL,SOURCE_STATE,0.5276948425336165,0.37481365679499834,
1583,OVERALL,SOURCE_PLUS_SIMPLE_MASK_CHANGE,0.5133525743099788,0.37424300068662397,
1583,OVERALL,FROZEN_FULL_TRANSITION_SAFETTA,0.6480781139419675,0.49542548506674433,
1583,OVERALL,CHANGE_MAGNITUDE_ONLY,0.4934757607926398,0.3677921589728472,
1583,OVERALL,CHANGE_MAGNITUDE_IOU_ONLY,0.4934757607926398,0.3677921589728472,
1584,OVERALL,SOURCE_STATE,0.511770439868405,0.3436305734332874,
1584,OVERALL,SOURCE_PLUS_SIMPLE_MASK_CHANGE,0.4725051785061533,0.33621947607670444,
1584,OVERALL,FROZEN_FULL_TRANSITION_SAFETTA,0.6180882173754112,0.4331882189898821,
1584,OVERALL,CHANGE_MAGNITUDE_ONLY,0.5111520653101012,0.3747571781234178,
1584,OVERALL,CHANGE_MAGNITUDE_IOU_ONLY,0.5111520653101012,0.3747571781234178,
1585,OVERALL,SOURCE_STATE,0.5435190174682294,0.3899059213028962,
1585,OVERALL,SOURCE_PLUS_SIMPLE_MASK_CHANGE,0.49939377610130675,0.37493646526976687,
1585,OVERALL,FROZEN_FULL_TRANSITION_SAFETTA,0.6530546948673044,0.5004221754805773,
1585,OVERALL,CHANGE_MAGNITUDE_ONLY,0.4945608244645022,0.36600622743677524,
1585,OVERALL,CHANGE_MAGNITUDE_IOU_ONLY,0.4945608244645022,0.36600622743677524,
1586,OVERALL,SOURCE_STATE,0.5374119075839761,0.36401955989538876,
1586,OVERALL,SOURCE_PLUS_SIMPLE_MASK_CHANGE,0.4562413513245246,0.330861561294209,
1586,OVERALL,FROZEN_FULL_TRANSITION_SAFETTA,0.6197210236528502,0.46029914071787786,
1586,OVERALL,CHANGE_MAGNITUDE_ONLY,0.48944058761363707,0.3675332680153246,
1586,OVERALL,CHANGE_MAGNITUDE_IOU_ONLY,0.48944058761363707,0.3675332680153246,
1587,OVERALL,SOURCE_STATE,0.5236878604277685,0.3960261903989211,
1587,OVERALL,SOURCE_PLUS_SIMPLE_MASK_CHANGE,0.5124461639535732,0.40182616511930136,
1587,OVERALL,FROZEN_FULL_TRANSITION_SAFETTA,0.6391889918972189,0.5098526647110719,
1587,OVERALL,CHANGE_MAGNITUDE_ONLY,0.5318910139426236,0.4115444371405231,
1587,OVERALL,CHANGE_MAGNITUDE_IOU_ONLY,0.5318910139426236,0.4115444371405231,
1588,OVERALL,SOURCE_STATE,0.5037862985297279,0.3366016821111877,
1588,OVERALL,SOURCE_PLUS_SIMPLE_MASK_CHANGE,0.45065801949406453,0.3002572448600215,
1588,OVERALL,FROZEN_FULL_TRANSITION_SAFETTA,0.6330640573444077,0.44196892488106443,
1588,OVERALL,CHANGE_MAGNITUDE_ONLY,0.480063463167343,0.34596061196185696,
1588,OVERALL,CHANGE_MAGNITUDE_IOU_ONLY,0.480063463167343,0.34596061196185696,
1589,OVERALL,SOURCE_STATE,0.529586968722894,0.3647154321799618,
1589,OVERALL,SOURCE_PLUS_SIMPLE_MASK_CHANGE,0.4701324047145262,0.33285615696821996,
1589,OVERALL,FROZEN_FULL_TRANSITION_SAFETTA,0.6549186182968519,0.46732216407737925,
1589,OVERALL,CHANGE_MAGNITUDE_ONLY,0.5029880351038318,0.36704605292865466,
1589,OVERALL,CHANGE_MAGNITUDE_IOU_ONLY,0.5029880351038318,0.36704605292865466,
1590,OVERALL,SOURCE_STATE,0.5034141675847791,0.3673366465083659,
1590,OVERALL,SOURCE_PLUS_SIMPLE_MASK_CHANGE,0.4579887889390656,0.33338150289652574,
1590,OVERALL,FROZEN_FULL_TRANSITION_SAFETTA,0.6201314817729457,0.45307846730889345,
1590,OVERALL,CHANGE_MAGNITUDE_ONLY,0.5114592539680618,0.39646799016697526,
1590,OVERALL,CHANGE_MAGNITUDE_IOU_ONLY,0.5114592539680618,0.39646799016697526,
1591,OVERALL,SOURCE_STATE,0.5715233348212072,0.3950118156581477,
1591,OVERALL,SOURCE_PLUS_SIMPLE_MASK_CHANGE,0.49742101869761446,0.35691019286895953,
1591,OVERALL,FROZEN_FULL_TRANSITION_SAFETTA,0.6682475326092348,0.48735084509898613,
1591,OVERALL,CHANGE_MAGNITUDE_ONLY,0.48835738729355754,0.3436898029381196,
1591,OVERALL,CHANGE_MAGNITUDE_IOU_ONLY,0.48835738729355754,0.3436898029381196,
1592,OVERALL,SOURCE_STATE,0.46215585572909335,0.34218124642095193,
1592,OVERALL,SOURCE_PLUS_SIMPLE_MASK_CHANGE,0.4556364617044229,0.34874061316783167,
1592,OVERALL,FROZEN_FULL_TRANSITION_SAFETTA,0.5892488626237044,0.4529968840377173,
1592,OVERALL,CHANGE_MAGNITUDE_ONLY,0.5289796444819662,0.4195385922242898,
1592,OVERALL,CHANGE_MAGNITUDE_IOU_ONLY,0.5289796444819662,0.4195385922242898,
1593,OVERALL,SOURCE_STATE,0.5486358879216022,0.4043493104951416,
1593,OVERALL,SOURCE_PLUS_SIMPLE_MASK_CHANGE,0.46194281908567625,0.35232507399667257,
1593,OVERALL,FROZEN_FULL_TRANSITION_SAFETTA,0.649624185338471,0.5052709065742872,
1593,OVERALL,CHANGE_MAGNITUDE_ONLY,0.5039781646924504,0.40254359516643795,
1593,OVERALL,CHANGE_MAGNITUDE_IOU_ONLY,0.5039781646924504,0.40254359516643795,
1594,OVERALL,SOURCE_STATE,0.5490688259109312,0.40615501585736113,
1594,OVERALL,SOURCE_PLUS_SIMPLE_MASK_CHANGE,0.49842683632157325,0.3712250519417164,
1594,OVERALL,FROZEN_FULL_TRANSITION_SAFETTA,0.6511162521688838,0.5002808416259373,
1594,OVERALL,CHANGE_MAGNITUDE_ONLY,0.45703875072296124,0.3577652598744575,
1594,OVERALL,CHANGE_MAGNITUDE_IOU_ONLY,0.45703875072296124,0.3577652598744575,
1595,OVERALL,SOURCE_STATE,0.5106234444242093,0.34349967368580503,
1595,OVERALL,SOURCE_PLUS_SIMPLE_MASK_CHANGE,0.44594791476962303,0.30779379298140186,
1595,OVERALL,FROZEN_FULL_TRANSITION_SAFETTA,0.6228495113215565,0.43947255185338535,
1595,OVERALL,CHANGE_MAGNITUDE_ONLY,0.4902871365264372,0.3633433605009112,
1595,OVERALL,CHANGE_MAGNITUDE_IOU_ONLY,0.4902871365264372,0.3633433605009112,
1596,OVERALL,SOURCE_STATE,0.556941792557856,0.4364938900253267,
1596,OVERALL,SOURCE_PLUS_SIMPLE_MASK_CHANGE,0.5150665165716134,0.39966813177080196,
1596,OVERALL,FROZEN_FULL_TRANSITION_SAFETTA,0.662255033056155,0.5445473150892612,
1596,OVERALL,CHANGE_MAGNITUDE_ONLY,0.5472954903070522,0.421722551219697,
1596,OVERALL,CHANGE_MAGNITUDE_IOU_ONLY,0.5472954903070522,0.421722551219697,
1597,OVERALL,SOURCE_STATE,0.5010922344504992,0.3539806656573134,
1597,OVERALL,SOURCE_PLUS_SIMPLE_MASK_CHANGE,0.47056309434768673,0.3354004202326379,
1597,OVERALL,FROZEN_FULL_TRANSITION_SAFETTA,0.6094549512649737,0.44569678963829296,
1597,OVERALL,CHANGE_MAGNITUDE_ONLY,0.5010803623369069,0.36217153998137686,
1597,OVERALL,CHANGE_MAGNITUDE_IOU_ONLY,0.5010803623369069,0.36217153998137686,
1598,OVERALL,SOURCE_STATE,0.4653063597256133,0.33734244633851207,
1598,OVERALL,SOURCE_PLUS_SIMPLE_MASK_CHANGE,0.44883153121730035,0.33343866950922946,
1598,OVERALL,FROZEN_FULL_TRANSITION_SAFETTA,0.5980583653063597,0.4515346245877858,
1598,OVERALL,CHANGE_MAGNITUDE_ONLY,0.5372979886059761,0.4133220320591823,
1598,OVERALL,CHANGE_MAGNITUDE_IOU_ONLY,0.5372979886059761,0.4133220320591823,
1599,OVERALL,SOURCE_STATE,0.5566337699184307,0.35781729780158733,
1599,OVERALL,SOURCE_PLUS_SIMPLE_MASK_CHANGE,0.4890609140159714,0.33593443869555867,
1599,OVERALL,FROZEN_FULL_TRANSITION_SAFETTA,0.6730014308251091,0.49281672457235753,
1599,OVERALL,CHANGE_MAGNITUDE_ONLY,0.4848571009282019,0.3282577828384159,
1599,OVERALL,CHANGE_MAGNITUDE_IOU_ONLY,0.4848571009282019,0.3282577828384159,
1600,OVERALL,SOURCE_STATE,0.4945675573002406,0.309318501234515,
1600,OVERALL,SOURCE_PLUS_SIMPLE_MASK_CHANGE,0.5004685323540585,0.3217574536723299,
1600,OVERALL,FROZEN_FULL_TRANSITION_SAFETTA,0.589977206534127,0.3997282985049563,
1600,OVERALL,CHANGE_MAGNITUDE_ONLY,0.5627991642395846,0.37923085990918715,
1600,OVERALL,CHANGE_MAGNITUDE_IOU_ONLY,0.5627991642395846,0.37923085990918715,
1601,OVERALL,SOURCE_STATE,0.51307213036185,0.3881683566036749,
1601,OVERALL,SOURCE_PLUS_SIMPLE_MASK_CHANGE,0.4652707884016296,0.3474218005145936,
1601,OVERALL,FROZEN_FULL_TRANSITION_SAFETTA,0.6203810208483106,0.4684949256852355,
1601,OVERALL,CHANGE_MAGNITUDE_ONLY,0.48528636472561704,0.3823949448902035,
1601,OVERALL,CHANGE_MAGNITUDE_IOU_ONLY,0.48528636472561704,0.3823949448902035,
1602,OVERALL,SOURCE_STATE,0.5199697754749568,0.3539633814846327,
1602,OVERALL,SOURCE_PLUS_SIMPLE_MASK_CHANGE,0.476462051429668,0.3360826525287633,
1602,OVERALL,FROZEN_FULL_TRANSITION_SAFETTA,0.651482440990213,0.47827956757304635,
1602,OVERALL,CHANGE_MAGNITUDE_ONLY,0.49037792650163115,0.34353381677439776,
1602,OVERALL,CHANGE_MAGNITUDE_IOU_ONLY,0.49037792650163115,0.34353381677439776,
1603,OVERALL,SOURCE_STATE,0.5399537695590327,0.3831081803813554,
1603,OVERALL,SOURCE_PLUS_SIMPLE_MASK_CHANGE,0.44961474632527265,0.3210623311370403,
1603,OVERALL,FROZEN_FULL_TRANSITION_SAFETTA,0.6104314841156946,0.4504565158905249,
1603,OVERALL,CHANGE_MAGNITUDE_ONLY,0.4966720009483167,0.3763539211494641,
1603,OVERALL,CHANGE_MAGNITUDE_IOU_ONLY,0.4966720009483167,0.3763539211494641,
1604,OVERALL,SOURCE_STATE,0.518038820992092,0.38400909891872637,
1604,OVERALL,SOURCE_PLUS_SIMPLE_MASK_CHANGE,0.46533429187634795,0.35343853495116045,
1604,OVERALL,FROZEN_FULL_TRANSITION_SAFETTA,0.677020848310568,0.5251154333964122,
1604,OVERALL,CHANGE_MAGNITUDE_ONLY,0.4486412652767793,0.36296885767356046,
1604,OVERALL,CHANGE_MAGNITUDE_IOU_ONLY,0.4486412652767793,0.36296885767356046,
1605,OVERALL,SOURCE_STATE,0.5134141126158233,0.35514741669856276,
1605,OVERALL,SOURCE_PLUS_SIMPLE_MASK_CHANGE,0.4644675694939415,0.3336655791783232,
1605,OVERALL,FROZEN_FULL_TRANSITION_SAFETTA,0.6308481824661439,0.4670581979504675,
1605,OVERALL,CHANGE_MAGNITUDE_ONLY,0.5067312900926586,0.38018330190211,
1605,OVERALL,CHANGE_MAGNITUDE_IOU_ONLY,0.5067312900926586,0.38018330190211,
1606,OVERALL,SOURCE_STATE,0.5238284195071625,0.3860584422295433,
1606,OVERALL,SOURCE_PLUS_SIMPLE_MASK_CHANGE,0.5104105846139892,0.38315386490531256,
1606,OVERALL,FROZEN_FULL_TRANSITION_SAFETTA,0.635258238051778,0.48536212412872526,
1606,OVERALL,CHANGE_MAGNITUDE_ONLY,0.5338790410811363,0.4085249257076227,
1606,OVERALL,CHANGE_MAGNITUDE_IOU_ONLY,0.5338790410811363,0.4085249257076227,
1607,OVERALL,SOURCE_STATE,0.5403830896520457,0.42960466530672703,
1607,OVERALL,SOURCE_PLUS_SIMPLE_MASK_CHANGE,0.4825172843703956,0.3918812296592159,
1607,OVERALL,FROZEN_FULL_TRANSITION_SAFETTA,0.6288677320639238,0.5102926955548739,
1607,OVERALL,CHANGE_MAGNITUDE_ONLY,0.4949620310551966,0.4149490967708133,
1607,OVERALL,CHANGE_MAGNITUDE_IOU_ONLY,0.4949620310551966,0.4149490967708133,
1608,OVERALL,SOURCE_STATE,0.4844749658824855,0.31894216536503306,
1608,OVERALL,SOURCE_PLUS_SIMPLE_MASK_CHANGE,0.4819771882159982,0.32347091577124965,
1608,OVERALL,FROZEN_FULL_TRANSITION_SAFETTA,0.6426362509546644,0.4582625405621039,
1608,OVERALL,CHANGE_MAGNITUDE_ONLY,0.5157034468079779,0.3522403486529031,
1608,OVERALL,CHANGE_MAGNITUDE_IOU_ONLY,0.5157034468079779,0.3522403486529031,
1609,OVERALL,SOURCE_STATE,0.5241346873087472,0.37210046650014256,
1609,OVERALL,SOURCE_PLUS_SIMPLE_MASK_CHANGE,0.47273160006346765,0.3495353629941811,
1609,OVERALL,FROZEN_FULL_TRANSITION_SAFETTA,0.6471824920098829,0.4967786459055087,
1609,OVERALL,CHANGE_MAGNITUDE_ONLY,0.46919554820137366,0.36136504150262894,
1609,OVERALL,CHANGE_MAGNITUDE_IOU_ONLY,0.46919554820137366,0.36136504150262894,
1610,OVERALL,SOURCE_STATE,0.5203981933818785,0.34238148182280104,
1610,OVERALL,SOURCE_PLUS_SIMPLE_MASK_CHANGE,0.4535164531293207,0.3127041711433675,
1610,OVERALL,FROZEN_FULL_TRANSITION_SAFETTA,0.6372876148339325,0.4488033959254316,
1610,OVERALL,CHANGE_MAGNITUDE_ONLY,0.4513257750330292,0.3313572404282198,
1610,OVERALL,CHANGE_MAGNITUDE_IOU_ONLY,0.4513257750330292,0.3313572404282198,
1611,OVERALL,SOURCE_STATE,0.5136194713111555,0.3251000850262571,
1611,OVERALL,SOURCE_PLUS_SIMPLE_MASK_CHANGE,0.4791820512358687,0.3201120354831748,
1611,OVERALL,FROZEN_FULL_TRANSITION_SAFETTA,0.6410607397801433,0.4458808054206168,
1611,OVERALL,CHANGE_MAGNITUDE_ONLY,0.5043437017825088,0.33688432428504067,
1611,OVERALL,CHANGE_MAGNITUDE_IOU_ONLY,0.5043437017825088,0.33688432428504067,
1612,OVERALL,SOURCE_STATE,0.5266621155231919,0.35159830355772426,
1612,OVERALL,SOURCE_PLUS_SIMPLE_MASK_CHANGE,0.49139075359350703,0.3414901478260929,
1612,OVERALL,FROZEN_FULL_TRANSITION_SAFETTA,0.654429147545543,0.4648533877659203,
1612,OVERALL,CHANGE_MAGNITUDE_ONLY,0.4781513508046674,0.3293231827587352,
1612,OVERALL,CHANGE_MAGNITUDE_IOU_ONLY,0.4781513508046674,0.3293231827587352,
1613,OVERALL,SOURCE_STATE,0.5679477109515261,0.40568091455003696,
1613,OVERALL,SOURCE_PLUS_SIMPLE_MASK_CHANGE,0.5707473070017953,0.40875679012484956,
1613,OVERALL,FROZEN_FULL_TRANSITION_SAFETTA,0.6981036804308798,0.5373137509522641,
1613,OVERALL,CHANGE_MAGNITUDE_ONLY,0.4741584380610413,0.3376420931200226,
1613,OVERALL,CHANGE_MAGNITUDE_IOU_ONLY,0.4741584380610413,0.3376420931200226,
1614,OVERALL,SOURCE_STATE,0.4801155115511551,0.3032354957552987,
1614,OVERALL,SOURCE_PLUS_SIMPLE_MASK_CHANGE,0.4633722300801509,0.3083337456436329,
1614,OVERALL,FROZEN_FULL_TRANSITION_SAFETTA,0.6293434700612919,0.42476963815368074,
1614,OVERALL,CHANGE_MAGNITUDE_ONLY,0.48679573314474306,0.3398129612330323,
1614,OVERALL,CHANGE_MAGNITUDE_IOU_ONLY,0.48679573314474306,0.3398129612330323,
1615,OVERALL,SOURCE_STATE,0.5097117492176838,0.298719771222433,
1615,OVERALL,SOURCE_PLUS_SIMPLE_MASK_CHANGE,0.4802249762203444,0.2888827608783262,
1615,OVERALL,FROZEN_FULL_TRANSITION_SAFETTA,0.6375291214623453,0.4340388550231443,
1615,OVERALL,CHANGE_MAGNITUDE_ONLY,0.5146744599605739,0.31982997369528743,
1615,OVERALL,CHANGE_MAGNITUDE_IOU_ONLY,0.5146744599605739,0.31982997369528743,
1616,OVERALL,SOURCE_STATE,0.555305744437133,0.374579561127709,
1616,OVERALL,SOURCE_PLUS_SIMPLE_MASK_CHANGE,0.5072810801589043,0.360492935345075,
1616,OVERALL,FROZEN_FULL_TRANSITION_SAFETTA,0.6505568960054593,0.46078654580085093,
1616,OVERALL,CHANGE_MAGNITUDE_ONLY,0.4928225000609295,0.34142835721308185,
1616,OVERALL,CHANGE_MAGNITUDE_IOU_ONLY,0.4928225000609295,0.34142835721308185,
1617,OVERALL,SOURCE_STATE,0.4946927907920816,0.34447099712824086,
1617,OVERALL,SOURCE_PLUS_SIMPLE_MASK_CHANGE,0.4933734508202593,0.39106071357636146,
1617,OVERALL,FROZEN_FULL_TRANSITION_SAFETTA,0.6402082288607112,0.5054457921258213,
1617,OVERALL,CHANGE_MAGNITUDE_ONLY,0.521545239630346,0.3852588860132099,
1617,OVERALL,CHANGE_MAGNITUDE_IOU_ONLY,0.521545239630346,0.3852588860132099,
1618,OVERALL,SOURCE_STATE,0.5538096365707068,0.4088248712760529,
1618,OVERALL,SOURCE_PLUS_SIMPLE_MASK_CHANGE,0.45141684426552997,0.32882587480635467,
1618,OVERALL,FROZEN_FULL_TRANSITION_SAFETTA,0.6419776056290383,0.4817621057572621,
1618,OVERALL,CHANGE_MAGNITUDE_ONLY,0.4582107055467226,0.3576381150275482,
1618,OVERALL,CHANGE_MAGNITUDE_IOU_ONLY,0.4582107055467226,0.3576381150275482,
1619,OVERALL,SOURCE_STATE,0.520802393760382,0.3602138265172026,
1619,OVERALL,SOURCE_PLUS_SIMPLE_MASK_CHANGE,0.43283499994499636,0.3382770094293833,
1619,OVERALL,FROZEN_FULL_TRANSITION_SAFETTA,0.6539663157431548,0.4792197517788429,
1619,OVERALL,CHANGE_MAGNITUDE_ONLY,0.4817662783406489,0.37404852275480277,
1619,OVERALL,CHANGE_MAGNITUDE_IOU_ONLY,0.4817662783406489,0.37404852275480277,
1620,OVERALL,SOURCE_STATE,0.566521879021879,0.3820844321416651,
1620,OVERALL,SOURCE_PLUS_SIMPLE_MASK_CHANGE,0.4875379205736349,0.3225301441312619,
1620,OVERALL,FROZEN_FULL_TRANSITION_SAFETTA,0.6765777256848685,0.4870476119695096,
1620,OVERALL,CHANGE_MAGNITUDE_ONLY,0.4578047435190292,0.31969962669098584,
1620,OVERALL,CHANGE_MAGNITUDE_IOU_ONLY,0.4578047435190292,0.31969962669098584,
1621,OVERALL,SOURCE_STATE,0.4863064017358323,0.3607337393653074,
1621,OVERALL,SOURCE_PLUS_SIMPLE_MASK_CHANGE,0.40430996679822084,0.3039536943929566,
1621,OVERALL,FROZEN_FULL_TRANSITION_SAFETTA,0.5861452335799264,0.42648421082244736,
1621,OVERALL,CHANGE_MAGNITUDE_ONLY,0.5038896766955403,0.4083826483237134,
1621,OVERALL,CHANGE_MAGNITUDE_IOU_ONLY,0.5038896766955403,0.4083826483237134,
1622,OVERALL,SOURCE_STATE,0.5488337728181807,0.36057717803713807,
1622,OVERALL,SOURCE_PLUS_SIMPLE_MASK_CHANGE,0.48615304263639947,0.32385167618489824,
1622,OVERALL,FROZEN_FULL_TRANSITION_SAFETTA,0.659220901644565,0.4368904694663297,
1622,OVERALL,CHANGE_MAGNITUDE_ONLY,0.4590865084521216,0.3152503167611399,
1622,OVERALL,CHANGE_MAGNITUDE_IOU_ONLY,0.4590865084521216,0.3152503167611399,
1623,OVERALL,SOURCE_STATE,0.5202253451371264,0.3558593612107301,
1623,OVERALL,SOURCE_PLUS_SIMPLE_MASK_CHANGE,0.5027053798056088,0.3490360058205002,
1623,OVERALL,FROZEN_FULL_TRANSITION_SAFETTA,0.6494768773602426,0.47219342993936003,
1623,OVERALL,CHANGE_MAGNITUDE_ONLY,0.49874945830495887,0.36240610420116004,
1623,OVERALL,CHANGE_MAGNITUDE_IOU_ONLY,0.49874945830495887,0.36240610420116004,
1624,OVERALL,SOURCE_STATE,0.4687398051200611,0.33035600466211895,
1624,OVERALL,SOURCE_PLUS_SIMPLE_MASK_CHANGE,0.442216189930998,0.3236065692753804,
1624,OVERALL,FROZEN_FULL_TRANSITION_SAFETTA,0.6107756418542525,0.4442313559360383,
1624,OVERALL,CHANGE_MAGNITUDE_ONLY,0.4867566586030937,0.37946816776042397,
1624,OVERALL,CHANGE_MAGNITUDE_IOU_ONLY,0.4867566586030937,0.37946816776042397,
1625,OVERALL,SOURCE_STATE,0.5071753727096848,0.3433655735672552,
1625,OVERALL,SOURCE_PLUS_SIMPLE_MASK_CHANGE,0.4957209514054854,0.3456138591258332,
1625,OVERALL,FROZEN_FULL_TRANSITION_SAFETTA,0.628803914874246,0.47328320978250904,
1625,OVERALL,CHANGE_MAGNITUDE_ONLY,0.5339649482189599,0.3880180297924223,
1625,OVERALL,CHANGE_MAGNITUDE_IOU_ONLY,0.5339649482189599,0.3880180297924223,
1626,OVERALL,SOURCE_STATE,0.5441100986128976,0.3734675494508708,
1626,OVERALL,SOURCE_PLUS_SIMPLE_MASK_CHANGE,0.5019595765623773,0.354647573346628,
1626,OVERALL,FROZEN_FULL_TRANSITION_SAFETTA,0.6378919907969348,0.45076095967067936,
1626,OVERALL,CHANGE_MAGNITUDE_ONLY,0.5308912601073691,0.3787735682509443,
1626,OVERALL,CHANGE_MAGNITUDE_IOU_ONLY,0.5308912601073691,0.3787735682509443,
1627,OVERALL,SOURCE_STATE,0.5350865431496831,0.3406779549795126,
1627,OVERALL,SOURCE_PLUS_SIMPLE_MASK_CHANGE,0.48258776206728426,0.31754623362126605,
1627,OVERALL,FROZEN_FULL_TRANSITION_SAFETTA,0.6551560214529497,0.4630786511026019,
1627,OVERALL,CHANGE_MAGNITUDE_ONLY,0.49650780107264747,0.34123655018869953,
1627,OVERALL,CHANGE_MAGNITUDE_IOU_ONLY,0.49650780107264747,0.34123655018869953,
1628,OVERALL,SOURCE_STATE,0.49813828098391133,0.35896403172291713,
1628,OVERALL,SOURCE_PLUS_SIMPLE_MASK_CHANGE,0.4502358177420379,0.330743081153652,
1628,OVERALL,FROZEN_FULL_TRANSITION_SAFETTA,0.6434505013652605,0.4869818396194384,
1628,OVERALL,CHANGE_MAGNITUDE_ONLY,0.47308444988367865,0.3739296520637687,
1628,OVERALL,CHANGE_MAGNITUDE_IOU_ONLY,0.47308444988367865,0.3739296520637687,
1629,OVERALL,SOURCE_STATE,0.5153749212350347,0.3884193722268477,
1629,OVERALL,SOURCE_PLUS_SIMPLE_MASK_CHANGE,0.4903843730308759,0.37361480121193996,
1629,OVERALL,FROZEN_FULL_TRANSITION_SAFETTA,0.6476244486452425,0.49725382212355446,
1629,OVERALL,CHANGE_MAGNITUDE_ONLY,0.5001134215500945,0.3847055048073072,
1629,OVERALL,CHANGE_MAGNITUDE_IOU_ONLY,0.5001134215500945,0.3847055048073072,
1630,OVERALL,SOURCE_STATE,0.5078495301241129,0.37020280364313873,
1630,OVERALL,SOURCE_PLUS_SIMPLE_MASK_CHANGE,0.4921833474889723,0.37548024843012506,
1630,OVERALL,FROZEN_FULL_TRANSITION_SAFETTA,0.6548124606153592,0.5166354734003223,
1630,OVERALL,CHANGE_MAGNITUDE_ONLY,0.5079646017699114,0.38705327974247594,
1630,OVERALL,CHANGE_MAGNITUDE_IOU_ONLY,0.5079646017699114,0.38705327974247594,
1631,OVERALL,SOURCE_STATE,0.5175797917733401,0.3672890908728167,
1631,OVERALL,SOURCE_PLUS_SIMPLE_MASK_CHANGE,0.47996367005583596,0.34852841338790497,
1631,OVERALL,FROZEN_FULL_TRANSITION_SAFETTA,0.6290200668080852,0.4832472054782996,
1631,OVERALL,CHANGE_MAGNITUDE_ONLY,0.5412003511081851,0.40051201621291177,
1631,OVERALL,CHANGE_MAGNITUDE_IOU_ONLY,0.5412003511081851,0.40051201621291177,
1632,OVERALL,SOURCE_STATE,0.5393625669868765,0.4171979201980508,
1632,OVERALL,SOURCE_PLUS_SIMPLE_MASK_CHANGE,0.4854578335241319,0.38554488172476575,
1632,OVERALL,FROZEN_FULL_TRANSITION_SAFETTA,0.6427145377421621,0.5092777610682457,
1632,OVERALL,CHANGE_MAGNITUDE_ONLY,0.46511981594854523,0.37089851896441295,
1632,OVERALL,CHANGE_MAGNITUDE_IOU_ONLY,0.46511981594854523,0.37089851896441295,
1633,OVERALL,SOURCE_STATE,0.5435750482625482,0.33835711888392606,
1633,OVERALL,SOURCE_PLUS_SIMPLE_MASK_CHANGE,0.4933156370656371,0.3177837057240665,
1633,OVERALL,FROZEN_FULL_TRANSITION_SAFETTA,0.6663791023166024,0.449516294955418,
1633,OVERALL,CHANGE_MAGNITUDE_ONLY,0.45413851351351353,0.30261994827197913,
1633,OVERALL,CHANGE_MAGNITUDE_IOU_ONLY,0.45413851351351353,0.30261994827197913,
1634,OVERALL,SOURCE_STATE,0.5616531165311653,0.3715370593988597,
1634,OVERALL,SOURCE_PLUS_SIMPLE_MASK_CHANGE,0.5046134985159375,0.3460370752192736,
1634,OVERALL,FROZEN_FULL_TRANSITION_SAFETTA,0.6364756742805524,0.4248734627714562,
1634,OVERALL,CHANGE_MAGNITUDE_ONLY,0.5137049941927991,0.3441568118128048,
1634,OVERALL,CHANGE_MAGNITUDE_IOU_ONLY,0.5137049941927991,0.3441568118128048,
1635,OVERALL,SOURCE_STATE,0.5334591626630061,0.3434528571606914,
1635,OVERALL,SOURCE_PLUS_SIMPLE_MASK_CHANGE,0.48361041205927957,0.3352320460344826,
1635,OVERALL,FROZEN_FULL_TRANSITION_SAFETTA,0.6583733699382293,0.4650185510915734,
1635,OVERALL,CHANGE_MAGNITUDE_ONLY,0.4474884974198632,0.31003772046726313,
1635,OVERALL,CHANGE_MAGNITUDE_IOU_ONLY,0.4474884974198632,0.31003772046726313,
1636,OVERALL,SOURCE_STATE,0.4986028809558221,0.33771515488252246,
1636,OVERALL,SOURCE_PLUS_SIMPLE_MASK_CHANGE,0.46076022546610784,0.32552607940865175,
1636,OVERALL,FROZEN_FULL_TRANSITION_SAFETTA,0.6189899792840969,0.4344334299432034,
1636,OVERALL,CHANGE_MAGNITUDE_ONLY,0.504007684154743,0.3750956159072907,
1636,OVERALL,CHANGE_MAGNITUDE_IOU_ONLY,0.504007684154743,0.3750956159072907,
1637,OVERALL,SOURCE_STATE,0.5419182018667439,0.3689822265165775,
1637,OVERALL,SOURCE_PLUS_SIMPLE_MASK_CHANGE,0.4370697912721926,0.30625869179431997,
1637,OVERALL,FROZEN_FULL_TRANSITION_SAFETTA,0.6479305428705087,0.4778990125724454,
1637,OVERALL,CHANGE_MAGNITUDE_ONLY,0.4687715800494531,0.35869068992248954,
1637,OVERALL,CHANGE_MAGNITUDE_IOU_ONLY,0.4687715800494531,0.35869068992248954,
1638,OVERALL,SOURCE_STATE,0.5205024700070571,0.38992289687275067,
1638,OVERALL,SOURCE_PLUS_SIMPLE_MASK_CHANGE,0.45942695836273817,0.3542320995862991,
1638,OVERALL,FROZEN_FULL_TRANSITION_SAFETTA,0.6427325335215243,0.5167217632522793,
1638,OVERALL,CHANGE_MAGNITUDE_ONLY,0.5427212420606915,0.44829328808553504,
1638,OVERALL,CHANGE_MAGNITUDE_IOU_ONLY,0.5427212420606915,0.44829328808553504,
1639,OVERALL,SOURCE_STATE,0.48697907456528144,0.3216216222611184,
1639,OVERALL,SOURCE_PLUS_SIMPLE_MASK_CHANGE,0.4804244031830238,0.3309863502617164,
1639,OVERALL,FROZEN_FULL_TRANSITION_SAFETTA,0.6253227232537577,0.435293441652016,
1639,OVERALL,CHANGE_MAGNITUDE_ONLY,0.48959917477158854,0.3471138145749286,
1639,OVERALL,CHANGE_MAGNITUDE_IOU_ONLY,0.48959917477158854,0.3471138145749286,
1640,OVERALL,SOURCE_STATE,0.5331037122081898,0.38298954085936454,
1640,OVERALL,SOURCE_PLUS_SIMPLE_MASK_CHANGE,0.45454219288174513,0.34227875730598056,
1640,OVERALL,FROZEN_FULL_TRANSITION_SAFETTA,0.6549165231534635,0.486755744952472,
1640,OVERALL,CHANGE_MAGNITUDE_ONLY,0.47051401645618063,0.3723892554082051,
1640,OVERALL,CHANGE_MAGNITUDE_IOU_ONLY,0.47051401645618063,0.3723892554082051,
1641,OVERALL,SOURCE_STATE,0.5123844197873324,0.3642137628421965,
1641,OVERALL,SOURCE_PLUS_SIMPLE_MASK_CHANGE,0.4613499768839575,0.32827475624672464,
1641,OVERALL,FROZEN_FULL_TRANSITION_SAFETTA,0.6119741100323625,0.4424260842206361,
1641,OVERALL,CHANGE_MAGNITUDE_ONLY,0.48593677762367077,0.36833086831622225,
1641,OVERALL,CHANGE_MAGNITUDE_IOU_ONLY,0.48593677762367077,0.36833086831622225,
1642,OVERALL,SOURCE_STATE,0.5303901766535218,0.37390296998341255,
1642,OVERALL,SOURCE_PLUS_SIMPLE_MASK_CHANGE,0.45622775800711746,0.3169850192618072,
1642,OVERALL,FROZEN_FULL_TRANSITION_SAFETTA,0.629136609919528,0.46993587719456725,
1642,OVERALL,CHANGE_MAGNITUDE_ONLY,0.4861145843352249,0.36003827184963194,
1642,OVERALL,CHANGE_MAGNITUDE_IOU_ONLY,0.4861145843352249,0.36003827184963194,
1643,OVERALL,SOURCE_STATE,0.5302124854263444,0.3545276124804906,
1643,OVERALL,SOURCE_PLUS_SIMPLE_MASK_CHANGE,0.5047764965847287,0.3364008369107695,
1643,OVERALL,FROZEN_FULL_TRANSITION_SAFETTA,0.6354235974191658,0.45612115820570576,
1643,OVERALL,CHANGE_MAGNITUDE_ONLY,0.5151230291228948,0.3533306605787703,
1643,OVERALL,CHANGE_MAGNITUDE_IOU_ONLY,0.5151230291228948,0.3533306605787703,
1644,OVERALL,SOURCE_STATE,0.5586044919053683,0.42588342312858113,
1644,OVERALL,SOURCE_PLUS_SIMPLE_MASK_CHANGE,0.5076933777031147,0.39737418096999116,
1644,OVERALL,FROZEN_FULL_TRANSITION_SAFETTA,0.6524230394726986,0.5395396092458609,
1644,OVERALL,CHANGE_MAGNITUDE_ONLY,0.5088115389965439,0.40288503171616213,
1644,OVERALL,CHANGE_MAGNITUDE_IOU_ONLY,0.5088115389965439,0.40288503171616213,
1645,OVERALL,SOURCE_STATE,0.5355046575872429,0.3757839343089927,
1645,OVERALL,SOURCE_PLUS_SIMPLE_MASK_CHANGE,0.46555924293805806,0.32949579754708075,
1645,OVERALL,FROZEN_FULL_TRANSITION_SAFETTA,0.6385156169716313,0.4655752179831516,
1645,OVERALL,CHANGE_MAGNITUDE_ONLY,0.48901945849881223,0.37044508645307345,
1645,OVERALL,CHANGE_MAGNITUDE_IOU_ONLY,0.48901945849881223,0.37044508645307345,
1646,OVERALL,SOURCE_STATE,0.5218225830113942,0.34447747254998307,
1646,OVERALL,SOURCE_PLUS_SIMPLE_MASK_CHANGE,0.4605970952124799,0.30286690324987364,
1646,OVERALL,FROZEN_FULL_TRANSITION_SAFETTA,0.6687185192429947,0.4777748432029328,
1646,OVERALL,CHANGE_MAGNITUDE_ONLY,0.4680546726001271,0.3426177746779389,
1646,OVERALL,CHANGE_MAGNITUDE_IOU_ONLY,0.4680546726001271,0.3426177746779389,
1647,OVERALL,SOURCE_STATE,0.5075860134401717,0.35768656213836986,
1647,OVERALL,SOURCE_PLUS_SIMPLE_MASK_CHANGE,0.47053406998158376,0.3443199108139662,
1647,OVERALL,FROZEN_FULL_TRANSITION_SAFETTA,0.6228458526947422,0.4671613615962836,
1647,OVERALL,CHANGE_MAGNITUDE_ONLY,0.4821966509336163,0.3651889742705296,
1647,OVERALL,CHANGE_MAGNITUDE_IOU_ONLY,0.4821966509336163,0.3651889742705296,
1648,OVERALL,SOURCE_STATE,0.555248537926109,0.3762480872596051,
1648,OVERALL,SOURCE_PLUS_SIMPLE_MASK_CHANGE,0.4633383874159197,0.32065527277829586,
1648,OVERALL,FROZEN_FULL_TRANSITION_SAFETTA,0.6277170572360218,0.45589223439570475,
1648,OVERALL,CHANGE_MAGNITUDE_ONLY,0.4938385074259889,0.36046988049287465,
1648,OVERALL,CHANGE_MAGNITUDE_IOU_ONLY,0.4938385074259889,0.36046988049287465,
1649,OVERALL,SOURCE_STATE,0.5266401283889133,0.3835735758340069,
1649,OVERALL,SOURCE_PLUS_SIMPLE_MASK_CHANGE,0.5056969724660609,0.3876652408836852,
1649,OVERALL,FROZEN_FULL_TRANSITION_SAFETTA,0.6551832454752617,0.5129941409764308,
1649,OVERALL,CHANGE_MAGNITUDE_ONLY,0.4930836755324313,0.3706617244087943,
1649,OVERALL,CHANGE_MAGNITUDE_IOU_ONLY,0.4930836755324313,0.3706617244087943,
1650,OVERALL,SOURCE_STATE,0.5029632384849048,0.3532858621396241,
1650,OVERALL,SOURCE_PLUS_SIMPLE_MASK_CHANGE,0.4369412931622342,0.3050143056026763,
1650,OVERALL,FROZEN_FULL_TRANSITION_SAFETTA,0.5993862748744654,0.40974655652582503,
1650,OVERALL,CHANGE_MAGNITUDE_ONLY,0.47236377161986237,0.353558059898099,
1650,OVERALL,CHANGE_MAGNITUDE_IOU_ONLY,0.47236377161986237,0.353558059898099,
1651,OVERALL,SOURCE_STATE,0.5248163359750101,0.35502193922737163,
1651,OVERALL,SOURCE_PLUS_SIMPLE_MASK_CHANGE,0.4830045699080233,0.335578545001325,
1651,OVERALL,FROZEN_FULL_TRANSITION_SAFETTA,0.6643431480303117,0.4845838026470413,
1651,OVERALL,CHANGE_MAGNITUDE_ONLY,0.47450685486203503,0.3353501418883864,
1651,OVERALL,CHANGE_MAGNITUDE_IOU_ONLY,0.47450685486203503,0.3353501418883864,
1652,OVERALL,SOURCE_STATE,0.5121939691842329,0.3561536969651673,
1652,OVERALL,SOURCE_PLUS_SIMPLE_MASK_CHANGE,0.48275474997636825,0.338744693561975,
1652,OVERALL,FROZEN_FULL_TRANSITION_SAFETTA,0.6163507892995558,0.4422051396473682,
1652,OVERALL,CHANGE_MAGNITUDE_ONLY,0.49874456470365813,0.36256355175213206,
1652,OVERALL,CHANGE_MAGNITUDE_IOU_ONLY,0.49874456470365813,0.36256355175213206,
1653,OVERALL,SOURCE_STATE,0.5082554601271179,0.3704749374135111,
1653,OVERALL,SOURCE_PLUS_SIMPLE_MASK_CHANGE,0.4679054358198743,0.33831060013871095,
1653,OVERALL,FROZEN_FULL_TRANSITION_SAFETTA,0.6305779122178409,0.49360140162057686,
1653,OVERALL,CHANGE_MAGNITUDE_ONLY,0.5305521045271491,0.4050099909216961,
1653,OVERALL,CHANGE_MAGNITUDE_IOU_ONLY,0.5305521045271491,0.4050099909216961,
1654,OVERALL,SOURCE_STATE,0.5129036744809448,0.3278499068043357,
1654,OVERALL,SOURCE_PLUS_SIMPLE_MASK_CHANGE,0.47673418809903145,0.30172407637533255,
1654,OVERALL,FROZEN_FULL_TRANSITION_SAFETTA,0.621184533292871,0.4155497195504634,
1654,OVERALL,CHANGE_MAGNITUDE_ONLY,0.486018385049187,0.33085205975456344,
1654,OVERALL,CHANGE_MAGNITUDE_IOU_ONLY,0.486018385049187,0.33085205975456344,
1655,OVERALL,SOURCE_STATE,0.5776890807640614,0.40215676328058203,
1655,OVERALL,SOURCE_PLUS_SIMPLE_MASK_CHANGE,0.5242536553577974,0.37117125645679194,
1655,OVERALL,FROZEN_FULL_TRANSITION_SAFETTA,0.6909077156704737,0.5130154790926957,
1655,OVERALL,CHANGE_MAGNITUDE_ONLY,0.4762205374961454,0.32916024122454657,
1655,OVERALL,CHANGE_MAGNITUDE_IOU_ONLY,0.4762205374961454,0.32916024122454657,
1656,OVERALL,SOURCE_STATE,0.5548292177285874,0.41229331831113303,
1656,OVERALL,SOURCE_PLUS_SIMPLE_MASK_CHANGE,0.5605358924202654,0.4345265750682049,
1656,OVERALL,FROZEN_FULL_TRANSITION_SAFETTA,0.6738557392763,0.5418165226166758,
1656,OVERALL,CHANGE_MAGNITUDE_ONLY,0.530971527928711,0.38112959639059485,
1656,OVERALL,CHANGE_MAGNITUDE_IOU_ONLY,0.530971527928711,0.38112959639059485,
1657,OVERALL,SOURCE_STATE,0.5410929581375975,0.3932364745291697,
1657,OVERALL,SOURCE_PLUS_SIMPLE_MASK_CHANGE,0.49761645801032095,0.3688234580619495,
1657,OVERALL,FROZEN_FULL_TRANSITION_SAFETTA,0.6423587809224076,0.5042274999083804,
1657,OVERALL,CHANGE_MAGNITUDE_ONLY,0.5174021706430936,0.39203203541587817,
1657,OVERALL,CHANGE_MAGNITUDE_IOU_ONLY,0.5174021706430936,0.39203203541587817,
1658,OVERALL,SOURCE_STATE,0.4807535851760105,0.3179412448061487,
1658,OVERALL,SOURCE_PLUS_SIMPLE_MASK_CHANGE,0.42271684091654216,0.28942380925608424,
1658,OVERALL,FROZEN_FULL_TRANSITION_SAFETTA,0.5743931611477421,0.3912066492225357,
1658,OVERALL,CHANGE_MAGNITUDE_ONLY,0.47442108969922164,0.3567327183049332,
1658,OVERALL,CHANGE_MAGNITUDE_IOU_ONLY,0.47442108969922164,0.3567327183049332,
1659,OVERALL,SOURCE_STATE,0.5771337319923893,0.3685087483267779,
1659,OVERALL,SOURCE_PLUS_SIMPLE_MASK_CHANGE,0.5379382984506659,0.3617891433998754,
1659,OVERALL,FROZEN_FULL_TRANSITION_SAFETTA,0.692124218537646,0.48844818827930514,
1659,OVERALL,CHANGE_MAGNITUDE_ONLY,0.5263318836640392,0.3423015529777078,
1659,OVERALL,CHANGE_MAGNITUDE_IOU_ONLY,0.5263318836640392,0.3423015529777078,
1660,OVERALL,SOURCE_STATE,0.4796688164956219,0.34390063402710813,
1660,OVERALL,SOURCE_PLUS_SIMPLE_MASK_CHANGE,0.47244256661331324,0.33565947801900464,
1660,OVERALL,FROZEN_FULL_TRANSITION_SAFETTA,0.5976367573674796,0.4316950574293996,
1660,OVERALL,CHANGE_MAGNITUDE_ONLY,0.5079794746257416,0.38523617960416523,
1660,OVERALL,CHANGE_MAGNITUDE_IOU_ONLY,0.5079794746257416,0.38523617960416523,
1661,OVERALL,SOURCE_STATE,0.5183721375874294,0.3533057641045786,
1661,OVERALL,SOURCE_PLUS_SIMPLE_MASK_CHANGE,0.47238789882150045,0.326605861827546,
1661,OVERALL,FROZEN_FULL_TRANSITION_SAFETTA,0.6591393599693398,0.470697289265784,
1661,OVERALL,CHANGE_MAGNITUDE_ONLY,0.4710255581105682,0.34323898186868185,
1661,OVERALL,CHANGE_MAGNITUDE_IOU_ONLY,0.4710255581105682,0.34323898186868185,
1662,OVERALL,SOURCE_STATE,0.5163964552619758,0.40656926171260976,
1662,OVERALL,SOURCE_PLUS_SIMPLE_MASK_CHANGE,0.5105216178847085,0.4168700762160965,
1662,OVERALL,FROZEN_FULL_TRANSITION_SAFETTA,0.6563541004264652,0.5379618877191994,
1662,OVERALL,CHANGE_MAGNITUDE_ONLY,0.5243481964190913,0.4210440212660838,
1662,OVERALL,CHANGE_MAGNITUDE_IOU_ONLY,0.5243481964190913,0.4210440212660838,
1663,OVERALL,SOURCE_STATE,0.5024791775117127,0.33438356022209464,
1663,OVERALL,SOURCE_PLUS_SIMPLE_MASK_CHANGE,0.41721108797501305,0.28956670412636987,
1663,OVERALL,FROZEN_FULL_TRANSITION_SAFETTA,0.5987311296199895,0.4140950878641322,
1663,OVERALL,CHANGE_MAGNITUDE_ONLY,0.49641788131181674,0.36488948412936806,
1663,OVERALL,CHANGE_MAGNITUDE_IOU_ONLY,0.49641788131181674,0.36488948412936806,
1664,OVERALL,SOURCE_STATE,0.5679484631690515,0.3836670038488441,
1664,OVERALL,SOURCE_PLUS_SIMPLE_MASK_CHANGE,0.4932487634693517,0.34348253423371616,
1664,OVERALL,FROZEN_FULL_TRANSITION_SAFETTA,0.65373829712065,0.46299528436790344,
1664,OVERALL,CHANGE_MAGNITUDE_ONLY,0.4703757065889419,0.33404130071502786,
1664,OVERALL,CHANGE_MAGNITUDE_IOU_ONLY,0.4703757065889419,0.33404130071502786,
1665,OVERALL,SOURCE_STATE,0.524877110765861,0.3650556991689673,
1665,OVERALL,SOURCE_PLUS_SIMPLE_MASK_CHANGE,0.49547920433996384,0.34398555190965974,
1665,OVERALL,FROZEN_FULL_TRANSITION_SAFETTA,0.6518923668593841,0.48353226591381165,
1665,OVERALL,CHANGE_MAGNITUDE_ONLY,0.5240398084710796,0.381647513667741,
1665,OVERALL,CHANGE_MAGNITUDE_IOU_ONLY,0.5240398084710796,0.381647513667741,
1666,OVERALL,SOURCE_STATE,0.5443404634581106,0.370491538578927,
1666,OVERALL,SOURCE_PLUS_SIMPLE_MASK_CHANGE,0.5005058534470299,0.3448053551660107,
1666,OVERALL,FROZEN_FULL_TRANSITION_SAFETTA,0.6711470829117888,0.4730566461033757,
1666,OVERALL,CHANGE_MAGNITUDE_ONLY,0.42716914775738307,0.3009969547537817,
1666,OVERALL,CHANGE_MAGNITUDE_IOU_ONLY,0.42716914775738307,0.3009969547537817,
1667,OVERALL,SOURCE_STATE,0.54451944155994,0.41239532667844303,
1667,OVERALL,SOURCE_PLUS_SIMPLE_MASK_CHANGE,0.5024172147225107,0.3856660809285559,
1667,OVERALL,FROZEN_FULL_TRANSITION_SAFETTA,0.6683454482519902,0.5282587161296646,
1667,OVERALL,CHANGE_MAGNITUDE_ONLY,0.5170849198107765,0.40280197336536455,
1667,OVERALL,CHANGE_MAGNITUDE_IOU_ONLY,0.5170849198107765,0.40280197336536455,
1668,OVERALL,SOURCE_STATE,0.520963926348265,0.42249758729626924,
1668,OVERALL,SOURCE_PLUS_SIMPLE_MASK_CHANGE,0.4730456017181044,0.37743482981085213,
1668,OVERALL,FROZEN_FULL_TRANSITION_SAFETTA,0.6408496767652542,0.5197144511440575,
1668,OVERALL,CHANGE_MAGNITUDE_ONLY,0.4770001853285221,0.39679933169658765,
1668,OVERALL,CHANGE_MAGNITUDE_IOU_ONLY,0.4770001853285221,0.39679933169658765,
1669,OVERALL,SOURCE_STATE,0.5110342679127726,0.36474857651475767,
1669,OVERALL,SOURCE_PLUS_SIMPLE_MASK_CHANGE,0.49512149532710276,0.38270653604323585,
1669,OVERALL,FROZEN_FULL_TRANSITION_SAFETTA,0.6314766355140187,0.47145574848680133,
1669,OVERALL,CHANGE_MAGNITUDE_ONLY,0.4914454828660436,0.3671830449001787,
1669,OVERALL,CHANGE_MAGNITUDE_IOU_ONLY,0.4914454828660436,0.3671830449001787,
1670,OVERALL,SOURCE_STATE,0.5502059202059202,0.39879012485865883,
1670,OVERALL,SOURCE_PLUS_SIMPLE_MASK_CHANGE,0.5015122265122265,0.3685934790477754,
1670,OVERALL,FROZEN_FULL_TRANSITION_SAFETTA,0.6736422136422137,0.5220309519360784,
1670,OVERALL,CHANGE_MAGNITUDE_ONLY,0.48408622908622906,0.36678572244905183,
1670,OVERALL,CHANGE_MAGNITUDE_IOU_ONLY,0.48408622908622906,0.36678572244905183,
1671,OVERALL,SOURCE_STATE,0.5142282535147733,0.3363824183060855,
1671,OVERALL,SOURCE_PLUS_SIMPLE_MASK_CHANGE,0.4754968298122948,0.32362964285565726,
1671,OVERALL,FROZEN_FULL_TRANSITION_SAFETTA,0.6338934415958699,0.4392111958290748,
1671,OVERALL,CHANGE_MAGNITUDE_ONLY,0.4962408841440493,0.34808225613400234,
1671,OVERALL,CHANGE_MAGNITUDE_IOU_ONLY,0.4962408841440493,0.34808225613400234,
1672,OVERALL,SOURCE_STATE,0.5852216399943351,0.42527538374517815,
1672,OVERALL,SOURCE_PLUS_SIMPLE_MASK_CHANGE,0.5137197280838408,0.401680946179617,
1672,OVERALL,FROZEN_FULL_TRANSITION_SAFETTA,0.6888837747250154,0.5286673797051147,
1672,OVERALL,CHANGE_MAGNITUDE_ONLY,0.48738080064202427,0.35827030167804463,
1672,OVERALL,CHANGE_MAGNITUDE_IOU_ONLY,0.48738080064202427,0.35827030167804463,
1673,OVERALL,SOURCE_STATE,0.4933840090090089,0.3556742160285352,
1673,OVERALL,SOURCE_PLUS_SIMPLE_MASK_CHANGE,0.46077702702702705,0.34534493484128326,
1673,OVERALL,FROZEN_FULL_TRANSITION_SAFETTA,0.639481981981982,0.4915965598270937,
1673,OVERALL,CHANGE_MAGNITUDE_ONLY,0.49663006756756756,0.39470206560826393,
1673,OVERALL,CHANGE_MAGNITUDE_IOU_ONLY,0.49663006756756756,0.39470206560826393,
1674,OVERALL,SOURCE_STATE,0.4997734224538348,0.36089437590131873,
1674,OVERALL,SOURCE_PLUS_SIMPLE_MASK_CHANGE,0.4575230039147565,0.3402535100545473,
1674,OVERALL,FROZEN_FULL_TRANSITION_SAFETTA,0.6265498533539771,0.45455222697739184,
1674,OVERALL,CHANGE_MAGNITUDE_ONLY,0.5091197462331483,0.38724282619143907,
1674,OVERALL,CHANGE_MAGNITUDE_IOU_ONLY,0.5091197462331483,0.38724282619143907,
1675,OVERALL,SOURCE_STATE,0.5085103252072398,0.36725745695440165,
1675,OVERALL,SOURCE_PLUS_SIMPLE_MASK_CHANGE,0.475076028841909,0.34469461878019214,
1675,OVERALL,FROZEN_FULL_TRANSITION_SAFETTA,0.6475817923186344,0.4887112296551096,
1675,OVERALL,CHANGE_MAGNITUDE_ONLY,0.512560087310541,0.38701245079874946,
1675,OVERALL,CHANGE_MAGNITUDE_IOU_ONLY,0.512560087310541,0.38701245079874946,
1676,OVERALL,SOURCE_STATE,0.5242903252503517,0.34991846119535486,
1676,OVERALL,SOURCE_PLUS_SIMPLE_MASK_CHANGE,0.48622030952578,0.32750217305482887,
1676,OVERALL,FROZEN_FULL_TRANSITION_SAFETTA,0.6192170818505338,0.437454854374165,
1676,OVERALL,CHANGE_MAGNITUDE_ONLY,0.4699291439339441,0.32778800451733187,
1676,OVERALL,CHANGE_MAGNITUDE_IOU_ONLY,0.4699291439339441,0.32778800451733187,
1677,OVERALL,SOURCE_STATE,0.5051923287138814,0.34948011693162695,
1677,OVERALL,SOURCE_PLUS_SIMPLE_MASK_CHANGE,0.4485321802922279,0.3166019919259855,
1677,OVERALL,FROZEN_FULL_TRANSITION_SAFETTA,0.6342900173684913,0.45240587796761167,
1677,OVERALL,CHANGE_MAGNITUDE_ONLY,0.4465615245405852,0.335627469775715,
1677,OVERALL,CHANGE_MAGNITUDE_IOU_ONLY,0.4465615245405852,0.335627469775715,
1678,OVERALL,SOURCE_STATE,0.5108885319222652,0.3458028996285971,
1678,OVERALL,SOURCE_PLUS_SIMPLE_MASK_CHANGE,0.4910390878452865,0.33341067701735777,
1678,OVERALL,FROZEN_FULL_TRANSITION_SAFETTA,0.6390122523544048,0.46422897162900245,
1678,OVERALL,CHANGE_MAGNITUDE_ONLY,0.5356641154052096,0.3931689241881717,
1678,OVERALL,CHANGE_MAGNITUDE_IOU_ONLY,0.5356641154052096,0.3931689241881717,
1679,OVERALL,SOURCE_STATE,0.5042679912711139,0.3384475243817723,
1679,OVERALL,SOURCE_PLUS_SIMPLE_MASK_CHANGE,0.4481451117032179,0.32433891242204765,
1679,OVERALL,FROZEN_FULL_TRANSITION_SAFETTA,0.6272138697659839,0.4641678414802024,
1679,OVERALL,CHANGE_MAGNITUDE_ONLY,0.4968653171455096,0.3596535055565475,
1679,OVERALL,CHANGE_MAGNITUDE_IOU_ONLY,0.4968653171455096,0.3596535055565475,
1680,OVERALL,SOURCE_STATE,0.48580122333654174,0.356382499766424,
1680,OVERALL,SOURCE_PLUS_SIMPLE_MASK_CHANGE,0.4430589623373801,0.3274133651881785,
1680,OVERALL,FROZEN_FULL_TRANSITION_SAFETTA,0.5990250566647002,0.43200803098929696,
1680,OVERALL,CHANGE_MAGNITUDE_ONLY,0.48451268357810406,0.37968352784957826,
1680,OVERALL,CHANGE_MAGNITUDE_IOU_ONLY,0.48451268357810406,0.37968352784957826,
1681,OVERALL,SOURCE_STATE,0.4979564715911941,0.32430547470233656,
1681,OVERALL,SOURCE_PLUS_SIMPLE_MASK_CHANGE,0.461361014994233,0.3134765149339326,
1681,OVERALL,FROZEN_FULL_TRANSITION_SAFETTA,0.6199413269143974,0.4436433872100989,
1681,OVERALL,CHANGE_MAGNITUDE_ONLY,0.5339470187051802,0.37791144102591534,
1681,OVERALL,CHANGE_MAGNITUDE_IOU_ONLY,0.5339470187051802,0.37791144102591534,
1682,OVERALL,SOURCE_STATE,0.5303783551232104,0.37337412830863514,
1682,OVERALL,SOURCE_PLUS_SIMPLE_MASK_CHANGE,0.501935992734052,0.37139377579942445,
1682,OVERALL,FROZEN_FULL_TRANSITION_SAFETTA,0.6610518893855015,0.488004954843582,
1682,OVERALL,CHANGE_MAGNITUDE_ONLY,0.483251272735964,0.357425995300923,
1682,OVERALL,CHANGE_MAGNITUDE_IOU_ONLY,0.483251272735964,0.357425995300923,
1683,OVERALL,SOURCE_STATE,0.5223443746430612,0.38802183414964386,
1683,OVERALL,SOURCE_PLUS_SIMPLE_MASK_CHANGE,0.48290262707024556,0.35924757136688196,
1683,OVERALL,FROZEN_FULL_TRANSITION_SAFETTA,0.6539477441462022,0.4910191703585537,
1683,OVERALL,CHANGE_MAGNITUDE_ONLY,0.5010827146392538,0.38497965756652786,
1683,OVERALL,CHANGE_MAGNITUDE_IOU_ONLY,0.5010827146392538,0.38497965756652786,
1684,OVERALL,SOURCE_STATE,0.5260441001795757,0.4380926375399297,
1684,OVERALL,SOURCE_PLUS_SIMPLE_MASK_CHANGE,0.4465692041814671,0.37299777780774734,
1684,OVERALL,FROZEN_FULL_TRANSITION_SAFETTA,0.61262321198372,0.5090056898583508,
1684,OVERALL,CHANGE_MAGNITUDE_ONLY,0.5014833287360463,0.4395566186696996,
1684,OVERALL,CHANGE_MAGNITUDE_IOU_ONLY,0.5014833287360463,0.4395566186696996,
1685,OVERALL,SOURCE_STATE,0.4943650948933673,0.32446230839384993,
1685,OVERALL,SOURCE_PLUS_SIMPLE_MASK_CHANGE,0.48403443553120723,0.31536145249798,
1685,OVERALL,FROZEN_FULL_TRANSITION_SAFETTA,0.6496641231331115,0.4622986935835572,
1685,OVERALL,CHANGE_MAGNITUDE_ONLY,0.5412476358181699,0.390725662041994,
1685,OVERALL,CHANGE_MAGNITUDE_IOU_ONLY,0.5412476358181699,0.390725662041994,
1686,OVERALL,SOURCE_STATE,0.5227873240652793,0.38535636270619694,
1686,OVERALL,SOURCE_PLUS_SIMPLE_MASK_CHANGE,0.47285496358978785,0.3525376003874144,
1686,OVERALL,FROZEN_FULL_TRANSITION_SAFETTA,0.6411018046800794,0.4889217308247172,
1686,OVERALL,CHANGE_MAGNITUDE_ONLY,0.48312465820453043,0.3777416944547757,
1686,OVERALL,CHANGE_MAGNITUDE_IOU_ONLY,0.48312465820453043,0.3777416944547757,
1687,OVERALL,SOURCE_STATE,0.5128885413466641,0.3552024928227924,
1687,OVERALL,SOURCE_PLUS_SIMPLE_MASK_CHANGE,0.4804200296031502,0.3317870627342235,
1687,OVERALL,FROZEN_FULL_TRANSITION_SAFETTA,0.6102102940765772,0.4296305401100997,
1687,OVERALL,CHANGE_MAGNITUDE_ONLY,0.5066411595498087,0.36751681992149876,
1687,OVERALL,CHANGE_MAGNITUDE_IOU_ONLY,0.5066411595498087,0.36751681992149876,
1688,OVERALL,SOURCE_STATE,0.5047424511545293,0.34884520839435573,
1688,OVERALL,SOURCE_PLUS_SIMPLE_MASK_CHANGE,0.48603315571343997,0.3436249786426242,
1688,OVERALL,FROZEN_FULL_TRANSITION_SAFETTA,0.6155180580224986,0.45653125012179907,
1688,OVERALL,CHANGE_MAGNITUDE_ONLY,0.4990763765541741,0.35930382181067566,
1688,OVERALL,CHANGE_MAGNITUDE_IOU_ONLY,0.4990763765541741,0.35930382181067566,
1689,OVERALL,SOURCE_STATE,0.5076964606325411,0.33871467099600017,
1689,OVERALL,SOURCE_PLUS_SIMPLE_MASK_CHANGE,0.5000502216028224,0.32565675094277713,
1689,OVERALL,FROZEN_FULL_TRANSITION_SAFETTA,0.6355543837181565,0.44418017677219634,
1689,OVERALL,CHANGE_MAGNITUDE_ONLY,0.5185317714414855,0.3527838288991343,
1689,OVERALL,CHANGE_MAGNITUDE_IOU_ONLY,0.5185317714414855,0.3527838288991343,
1690,OVERALL,SOURCE_STATE,0.5233652618135376,0.3707879343818723,
1690,OVERALL,SOURCE_PLUS_SIMPLE_MASK_CHANGE,0.48922094508301406,0.34691428167569127,
1690,OVERALL,FROZEN_FULL_TRANSITION_SAFETTA,0.6204278416347382,0.45083053201851053,
1690,OVERALL,CHANGE_MAGNITUDE_ONLY,0.5274074074074074,0.3984101174060867,
1690,OVERALL,CHANGE_MAGNITUDE_IOU_ONLY,0.5274074074074074,0.3984101174060867,
1691,OVERALL,SOURCE_STATE,0.5244421342745933,0.3904088611419681,
1691,OVERALL,SOURCE_PLUS_SIMPLE_MASK_CHANGE,0.4575405555689868,0.3565203717966509,
1691,OVERALL,FROZEN_FULL_TRANSITION_SAFETTA,0.6083214467035756,0.46679449790040833,
1691,OVERALL,CHANGE_MAGNITUDE_ONLY,0.5260770495370258,0.41335158433899255,
1691,OVERALL,CHANGE_MAGNITUDE_IOU_ONLY,0.5260770495370258,0.41335158433899255,
1692,OVERALL,SOURCE_STATE,0.5143776657155333,0.38195978460436475,
1692,OVERALL,SOURCE_PLUS_SIMPLE_MASK_CHANGE,0.46877710580310944,0.3682165095438223,
1692,OVERALL,FROZEN_FULL_TRANSITION_SAFETTA,0.6012538209835555,0.46970581517662074,
1692,OVERALL,CHANGE_MAGNITUDE_ONLY,0.5319826044302473,0.4257253503998915,
1692,OVERALL,CHANGE_MAGNITUDE_IOU_ONLY,0.5319826044302473,0.4257253503998915,
1693,OVERALL,SOURCE_STATE,0.5708854775380494,0.3731847216648122,
1693,OVERALL,SOURCE_PLUS_SIMPLE_MASK_CHANGE,0.5447269241375687,0.38904406620349524,
1693,OVERALL,FROZEN_FULL_TRANSITION_SAFETTA,0.647207521897283,0.4438626920792802,
1693,OVERALL,CHANGE_MAGNITUDE_ONLY,0.5235912857349214,0.34611920881988323,
1693,OVERALL,CHANGE_MAGNITUDE_IOU_ONLY,0.5235912857349214,0.34611920881988323,
1694,OVERALL,SOURCE_STATE,0.5318209397964,0.3988345696921368,
1694,OVERALL,SOURCE_PLUS_SIMPLE_MASK_CHANGE,0.484612013753118,0.3661667800029428,
1694,OVERALL,FROZEN_FULL_TRANSITION_SAFETTA,0.6471100474167959,0.49734452073558527,
1694,OVERALL,CHANGE_MAGNITUDE_ONLY,0.47337580619789216,0.36839643030791464,
1694,OVERALL,CHANGE_MAGNITUDE_IOU_ONLY,0.47337580619789216,0.36839643030791464,
1695,OVERALL,SOURCE_STATE,0.4661506396976659,0.30699467707823186,
1695,OVERALL,SOURCE_PLUS_SIMPLE_MASK_CHANGE,0.5009542104536266,0.351416055328473,
1695,OVERALL,FROZEN_FULL_TRANSITION_SAFETTA,0.6148442502542468,0.43283565164597315,
1695,OVERALL,CHANGE_MAGNITUDE_ONLY,0.5157821386869562,0.3595752832498361,
1695,OVERALL,CHANGE_MAGNITUDE_IOU_ONLY,0.5157821386869562,0.3595752832498361,
1696,OVERALL,SOURCE_STATE,0.5027979917639759,0.35909257054631716,
1696,OVERALL,SOURCE_PLUS_SIMPLE_MASK_CHANGE,0.48214587916737184,0.356891618123761,
1696,OVERALL,FROZEN_FULL_TRANSITION_SAFETTA,0.6388729057370115,0.49542714378439,
1696,OVERALL,CHANGE_MAGNITUDE_ONLY,0.4845010436057991,0.36297526894959264,
1696,OVERALL,CHANGE_MAGNITUDE_IOU_ONLY,0.4845010436057991,0.36297526894959264,
1697,OVERALL,SOURCE_STATE,0.5199338246352835,0.38175652330772175,
1697,OVERALL,SOURCE_PLUS_SIMPLE_MASK_CHANGE,0.4636486689727779,0.34916005782846077,
1697,OVERALL,FROZEN_FULL_TRANSITION_SAFETTA,0.6264099864641299,0.46962131569416415,
1697,OVERALL,CHANGE_MAGNITUDE_ONLY,0.48223492254474354,0.37531329380846745,
1697,OVERALL,CHANGE_MAGNITUDE_IOU_ONLY,0.48223492254474354,0.37531329380846745,
1698,OVERALL,SOURCE_STATE,0.5609257290751952,0.4036695382361233,
1698,OVERALL,SOURCE_PLUS_SIMPLE_MASK_CHANGE,0.48940472339048857,0.36557622366947906,
1698,OVERALL,FROZEN_FULL_TRANSITION_SAFETTA,0.6955157831492351,0.5444732338471344,
1698,OVERALL,CHANGE_MAGNITUDE_ONLY,0.4405705504459953,0.3253865740890097,
1698,OVERALL,CHANGE_MAGNITUDE_IOU_ONLY,0.4405705504459953,0.3253865740890097,
1699,OVERALL,SOURCE_STATE,0.5266445205716461,0.4413302038880839,
1699,OVERALL,SOURCE_PLUS_SIMPLE_MASK_CHANGE,0.48055296031004535,0.41811292778243625,
1699,OVERALL,FROZEN_FULL_TRANSITION_SAFETTA,0.6291105805275846,0.5321716177310012,
1699,OVERALL,CHANGE_MAGNITUDE_ONLY,0.491029101352988,0.4146534280531001,
1699,OVERALL,CHANGE_MAGNITUDE_IOU_ONLY,0.491029101352988,0.4146534280531001,
1700,OVERALL,SOURCE_STATE,0.5323624595469255,0.36255503369991104,
1700,OVERALL,SOURCE_PLUS_SIMPLE_MASK_CHANGE,0.4440299778572645,0.3201090585326554,
1700,OVERALL,FROZEN_FULL_TRANSITION_SAFETTA,0.6102821779367513,0.42773544751574094,
1700,OVERALL,CHANGE_MAGNITUDE_ONLY,0.46473627434281495,0.3552408647616615,
1700,OVERALL,CHANGE_MAGNITUDE_IOU_ONLY,0.46473627434281495,0.3552408647616615,
1701,OVERALL,SOURCE_STATE,0.5305918593560693,0.35942397700095596,
1701,OVERALL,SOURCE_PLUS_SIMPLE_MASK_CHANGE,0.4751759338024901,0.3071289512105755,
1701,OVERALL,FROZEN_FULL_TRANSITION_SAFETTA,0.6659964426571805,0.48505636133949076,
1701,OVERALL,CHANGE_MAGNITUDE_ONLY,0.4852615162529323,0.3247452695765263,
1701,OVERALL,CHANGE_MAGNITUDE_IOU_ONLY,0.4852615162529323,0.3247452695765263,
1702,OVERALL,SOURCE_STATE,0.5140195070268923,0.34717497537130715,
1702,OVERALL,SOURCE_PLUS_SIMPLE_MASK_CHANGE,0.4432706989498614,0.307019016948363,
1702,OVERALL,FROZEN_FULL_TRANSITION_SAFETTA,0.593337695927207,0.40734230681914474,
1702,OVERALL,CHANGE_MAGNITUDE_ONLY,0.5022186905986101,0.37174126208400793,
1702,OVERALL,CHANGE_MAGNITUDE_IOU_ONLY,0.5022186905986101,0.37174126208400793,
1703,OVERALL,SOURCE_STATE,0.5082001891394157,0.37062606314775476,
1703,OVERALL,SOURCE_PLUS_SIMPLE_MASK_CHANGE,0.48250460405156537,0.37288122556870124,
1703,OVERALL,FROZEN_FULL_TRANSITION_SAFETTA,0.6046737345079887,0.43812860651588315,
1703,OVERALL,CHANGE_MAGNITUDE_ONLY,0.5290273007814443,0.4063069463049285,
1703,OVERALL,CHANGE_MAGNITUDE_IOU_ONLY,0.5290273007814443,0.4063069463049285,
1704,OVERALL,SOURCE_STATE,0.5528550091911765,0.3976420046854379,
1704,OVERALL,SOURCE_PLUS_SIMPLE_MASK_CHANGE,0.4835535386029412,0.3692566777933453,
1704,OVERALL,FROZEN_FULL_TRANSITION_SAFETTA,0.6544289981617647,0.5134866966421097,
1704,OVERALL,CHANGE_MAGNITUDE_ONLY,0.49933938419117646,0.3842577742686455,
1704,OVERALL,CHANGE_MAGNITUDE_IOU_ONLY,0.49933938419117646,0.3842577742686455,
1705,OVERALL,SOURCE_STATE,0.5130057121276494,0.3695141420353202,
1705,OVERALL,SOURCE_PLUS_SIMPLE_MASK_CHANGE,0.46179719586460843,0.33687952932696663,
1705,OVERALL,FROZEN_FULL_TRANSITION_SAFETTA,0.6108731057923806,0.45562469714171866,
1705,OVERALL,CHANGE_MAGNITUDE_ONLY,0.49278312797998397,0.3800970019504586,
1705,OVERALL,CHANGE_MAGNITUDE_IOU_ONLY,0.49278312797998397,0.3800970019504586,
1706,OVERALL,SOURCE_STATE,0.5077942492849813,0.3727857468738026,
1706,OVERALL,SOURCE_PLUS_SIMPLE_MASK_CHANGE,0.4418706198283955,0.3560320994059997,
1706,OVERALL,FROZEN_FULL_TRANSITION_SAFETTA,0.6064340763705434,0.4540577045063538,
1706,OVERALL,CHANGE_MAGNITUDE_ONLY,0.49298626727506933,0.4037946379263019,
1706,OVERALL,CHANGE_MAGNITUDE_IOU_ONLY,0.49298626727506933,0.4037946379263019,
1707,OVERALL,SOURCE_STATE,0.5057367010213986,0.3578208327549497,
1707,OVERALL,SOURCE_PLUS_SIMPLE_MASK_CHANGE,0.4439039608078754,0.35565185845009506,
1707,OVERALL,FROZEN_FULL_TRANSITION_SAFETTA,0.6242489716689005,0.4719438183101679,
1707,OVERALL,CHANGE_MAGNITUDE_ONLY,0.4804357119748579,0.3865552281518357,
1707,OVERALL,CHANGE_MAGNITUDE_IOU_ONLY,0.4804357119748579,0.3865552281518357,
1708,OVERALL,SOURCE_STATE,0.5029087815309619,0.36568418783002027,
1708,OVERALL,SOURCE_PLUS_SIMPLE_MASK_CHANGE,0.4613695417231944,0.3477584937449995,
1708,OVERALL,FROZEN_FULL_TRANSITION_SAFETTA,0.6388914438133781,0.482106640570826,
1708,OVERALL,CHANGE_MAGNITUDE_ONLY,0.491423118489733,0.3950520116426526,
1708,OVERALL,CHANGE_MAGNITUDE_IOU_ONLY,0.491423118489733,0.3950520116426526,
1709,OVERALL,SOURCE_STATE,0.571125226860254,0.3848803729839292,
1709,OVERALL,SOURCE_PLUS_SIMPLE_MASK_CHANGE,0.5225771324863884,0.36561597122195655,
1709,OVERALL,FROZEN_FULL_TRANSITION_SAFETTA,0.6288021778584392,0.45627203631955415,
1709,OVERALL,CHANGE_MAGNITUDE_ONLY,0.5066122202056866,0.3437115932515023,
1709,OVERALL,CHANGE_MAGNITUDE_IOU_ONLY,0.5066122202056866,0.3437115932515023,
1710,OVERALL,SOURCE_STATE,0.5085953029522197,0.34083983953369723,
1710,OVERALL,SOURCE_PLUS_SIMPLE_MASK_CHANGE,0.465637193550762,0.31930039830421586,
1710,OVERALL,FROZEN_FULL_TRANSITION_SAFETTA,0.6147206066406538,0.427283998085607,
1710,OVERALL,CHANGE_MAGNITUDE_ONLY,0.483932121033645,0.3491040284862198,
1710,OVERALL,CHANGE_MAGNITUDE_IOU_ONLY,0.483932121033645,0.3491040284862198,
1711,OVERALL,SOURCE_STATE,0.4987197603777915,0.3242819265217569,
1711,OVERALL,SOURCE_PLUS_SIMPLE_MASK_CHANGE,0.4777045062019155,0.3403968569336921,
1711,OVERALL,FROZEN_FULL_TRANSITION_SAFETTA,0.6607063057840259,0.4671574096603852,
1711,OVERALL,CHANGE_MAGNITUDE_ONLY,0.47551843665833293,0.34208233189472675,
1711,OVERALL,CHANGE_MAGNITUDE_IOU_ONLY,0.47551843665833293,0.34208233189472675,
1712,OVERALL,SOURCE_STATE,0.5466536219866491,0.38982274793426136,
1712,OVERALL,SOURCE_PLUS_SIMPLE_MASK_CHANGE,0.5013810259561293,0.3903828989393835,
1712,OVERALL,FROZEN_FULL_TRANSITION_SAFETTA,0.6504900703338922,0.4744276602667531,
1712,OVERALL,CHANGE_MAGNITUDE_ONLY,0.48023015110750533,0.3676157395222922,
1712,OVERALL,CHANGE_MAGNITUDE_IOU_ONLY,0.48023015110750533,0.3676157395222922,
1713,OVERALL,SOURCE_STATE,0.5118300646014313,0.3550500471867202,
1713,OVERALL,SOURCE_PLUS_SIMPLE_MASK_CHANGE,0.5054685053525243,0.36057481899799815,
1713,OVERALL,FROZEN_FULL_TRANSITION_SAFETTA,0.6531297479732316,0.49972062279233365,
1713,OVERALL,CHANGE_MAGNITUDE_ONLY,0.5271221628141636,0.3821249805437198,
1713,OVERALL,CHANGE_MAGNITUDE_IOU_ONLY,0.5271221628141636,0.3821249805437198,
1714,OVERALL,SOURCE_STATE,0.5097673511081525,0.3524444594348783,
1714,OVERALL,SOURCE_PLUS_SIMPLE_MASK_CHANGE,0.5024791396467226,0.3487899947509574,
1714,OVERALL,FROZEN_FULL_TRANSITION_SAFETTA,0.636301031827103,0.47456402255262575,
1714,OVERALL,CHANGE_MAGNITUDE_ONLY,0.4963214617741917,0.3640287539642659,
1714,OVERALL,CHANGE_MAGNITUDE_IOU_ONLY,0.4963214617741917,0.3640287539642659,
1715,OVERALL,SOURCE_STATE,0.5064338669311046,0.3775726511626463,
1715,OVERALL,SOURCE_PLUS_SIMPLE_MASK_CHANGE,0.4712837040185106,0.3701938071361005,
1715,OVERALL,FROZEN_FULL_TRANSITION_SAFETTA,0.6054032676960854,0.44748897840496266,
1715,OVERALL,CHANGE_MAGNITUDE_ONLY,0.49789866364451996,0.3819030718378878,
1715,OVERALL,CHANGE_MAGNITUDE_IOU_ONLY,0.49789866364451996,0.3819030718378878,
1716,OVERALL,SOURCE_STATE,0.5429816523536557,0.3984969594510017,
1716,OVERALL,SOURCE_PLUS_SIMPLE_MASK_CHANGE,0.4868679012082596,0.38312759140534863,
1716,OVERALL,FROZEN_FULL_TRANSITION_SAFETTA,0.6614102755343405,0.5111627750295913,
1716,OVERALL,CHANGE_MAGNITUDE_ONLY,0.4833331557525518,0.3763101720199141,
1716,OVERALL,CHANGE_MAGNITUDE_IOU_ONLY,0.4833331557525518,0.3763101720199141,
1717,OVERALL,SOURCE_STATE,0.5659910044977512,0.37689210956703173,
1717,OVERALL,SOURCE_PLUS_SIMPLE_MASK_CHANGE,0.5059490254872564,0.3411793206818521,
1717,OVERALL,FROZEN_FULL_TRANSITION_SAFETTA,0.6509265367316341,0.47696834288215845,
1717,OVERALL,CHANGE_MAGNITUDE_ONLY,0.4833013493253373,0.32949797067007613,
1717,OVERALL,CHANGE_MAGNITUDE_IOU_ONLY,0.4833013493253373,0.32949797067007613,
1718,OVERALL,SOURCE_STATE,0.5360257195345989,0.3638116529199828,
1718,OVERALL,SOURCE_PLUS_SIMPLE_MASK_CHANGE,0.49426821800367426,0.33923276341376124,
1718,OVERALL,FROZEN_FULL_TRANSITION_SAFETTA,0.6435088793631353,0.45189943600745086,
1718,OVERALL,CHANGE_MAGNITUDE_ONLY,0.5181261481935089,0.36235583822896644,
1718,OVERALL,CHANGE_MAGNITUDE_IOU_ONLY,0.5181261481935089,0.36235583822896644,
1719,OVERALL,SOURCE_STATE,0.5169097778375537,0.3661156026760639,
1719,OVERALL,SOURCE_PLUS_SIMPLE_MASK_CHANGE,0.4775575580471224,0.3408003639703381,
1719,OVERALL,FROZEN_FULL_TRANSITION_SAFETTA,0.6417462432904985,0.4753006354636339,
1719,OVERALL,CHANGE_MAGNITUDE_ONLY,0.4962280068959614,0.3641972851670176,
1719,OVERALL,CHANGE_MAGNITUDE_IOU_ONLY,0.4962280068959614,0.3641972851670176,
1720,OVERALL,SOURCE_STATE,0.5345238161942276,0.3799994828683554,
1720,OVERALL,SOURCE_PLUS_SIMPLE_MASK_CHANGE,0.48519927607286345,0.3594367481847355,
1720,OVERALL,FROZEN_FULL_TRANSITION_SAFETTA,0.6465308089269406,0.4815207288875136,
1720,OVERALL,CHANGE_MAGNITUDE_ONLY,0.4682385373534076,0.3546703983951477,
1720,OVERALL,CHANGE_MAGNITUDE_IOU_ONLY,0.4682385373534076,0.3546703983951477,
1721,OVERALL,SOURCE_STATE,0.5290448065656206,0.37928276016568596,
1721,OVERALL,SOURCE_PLUS_SIMPLE_MASK_CHANGE,0.4654996560639484,0.3467867832634137,
1721,OVERALL,FROZEN_FULL_TRANSITION_SAFETTA,0.6121824521454493,0.46625284338289813,
1721,OVERALL,CHANGE_MAGNITUDE_ONLY,0.49880215375127496,0.3688992855860672,
1721,OVERALL,CHANGE_MAGNITUDE_IOU_ONLY,0.49880215375127496,0.3688992855860672,
1722,OVERALL,SOURCE_STATE,0.5183166801191238,0.3546208115995959,
1722,OVERALL,SOURCE_PLUS_SIMPLE_MASK_CHANGE,0.5160455342481004,0.35965137782340983,
1722,OVERALL,FROZEN_FULL_TRANSITION_SAFETTA,0.6468757827938434,0.4762974992930188,
1722,OVERALL,CHANGE_MAGNITUDE_ONLY,0.5011940215424866,0.3527535684393669,
1722,OVERALL,CHANGE_MAGNITUDE_IOU_ONLY,0.5011940215424866,0.3527535684393669,
1723,OVERALL,SOURCE_STATE,0.5018922036223075,0.34478445361626037,
1723,OVERALL,SOURCE_PLUS_SIMPLE_MASK_CHANGE,0.4821846067520808,0.3607163505651976,
1723,OVERALL,FROZEN_FULL_TRANSITION_SAFETTA,0.6686929143676549,0.5343499902753037,
1723,OVERALL,CHANGE_MAGNITUDE_ONLY,0.5027214065276349,0.37212608140996517,
1723,OVERALL,CHANGE_MAGNITUDE_IOU_ONLY,0.5027214065276349,0.37212608140996517,
1724,OVERALL,SOURCE_STATE,0.5543087971274685,0.39623615064096795,
1724,OVERALL,SOURCE_PLUS_SIMPLE_MASK_CHANGE,0.5025122182325953,0.36713117477182755,
1724,OVERALL,FROZEN_FULL_TRANSITION_SAFETTA,0.670338370237383,0.4927293566607862,
1724,OVERALL,CHANGE_MAGNITUDE_ONLY,0.5143813584679833,0.3695566490521247,
1724,OVERALL,CHANGE_MAGNITUDE_IOU_ONLY,0.5143813584679833,0.3695566490521247,
1725,OVERALL,SOURCE_STATE,0.5115646258503402,0.40184671039366704,
1725,OVERALL,SOURCE_PLUS_SIMPLE_MASK_CHANGE,0.48862642929512234,0.3781067862526719,
1725,OVERALL,FROZEN_FULL_TRANSITION_SAFETTA,0.6853437545230858,0.5634752041484135,
1725,OVERALL,CHANGE_MAGNITUDE_ONLY,0.4782949775654943,0.3829888271300928,
1725,OVERALL,CHANGE_MAGNITUDE_IOU_ONLY,0.4782949775654943,0.3829888271300928,
1726,OVERALL,SOURCE_STATE,0.5273907347862332,0.3902598379900386,
1726,OVERALL,SOURCE_PLUS_SIMPLE_MASK_CHANGE,0.48084434917232344,0.3506440383923246,
1726,OVERALL,FROZEN_FULL_TRANSITION_SAFETTA,0.6698642372275813,0.5079237854245074,
1726,OVERALL,CHANGE_MAGNITUDE_ONLY,0.47950458497082293,0.3711730453724122,
1726,OVERALL,CHANGE_MAGNITUDE_IOU_ONLY,0.47950458497082293,0.3711730453724122,
1727,OVERALL,SOURCE_STATE,0.47723528793242437,0.342134822303748,
1727,OVERALL,SOURCE_PLUS_SIMPLE_MASK_CHANGE,0.4372612246328555,0.33326908888111206,
1727,OVERALL,FROZEN_FULL_TRANSITION_SAFETTA,0.6322713305994649,0.46789220408675625,
1727,OVERALL,CHANGE_MAGNITUDE_ONLY,0.4637704017851927,0.36679123260518853,
1727,OVERALL,CHANGE_MAGNITUDE_IOU_ONLY,0.4637704017851927,0.36679123260518853,
1728,OVERALL,SOURCE_STATE,0.5373121968531882,0.4012567592715325,
1728,OVERALL,SOURCE_PLUS_SIMPLE_MASK_CHANGE,0.49613746598840647,0.36972324914659205,
1728,OVERALL,FROZEN_FULL_TRANSITION_SAFETTA,0.6350703892109311,0.48789910434394956,
1728,OVERALL,CHANGE_MAGNITUDE_ONLY,0.5008931740210576,0.38556760579207155,
1728,OVERALL,CHANGE_MAGNITUDE_IOU_ONLY,0.5008931740210576,0.38556760579207155,
1729,OVERALL,SOURCE_STATE,0.5433683657982723,0.4003972031778141,
1729,OVERALL,SOURCE_PLUS_SIMPLE_MASK_CHANGE,0.48672874373808944,0.38134185560208267,
1729,OVERALL,FROZEN_FULL_TRANSITION_SAFETTA,0.6685837526959022,0.517185531621468,
1729,OVERALL,CHANGE_MAGNITUDE_ONLY,0.48032134013442424,0.380162688278227,
1729,OVERALL,CHANGE_MAGNITUDE_IOU_ONLY,0.48032134013442424,0.380162688278227,
1730,OVERALL,SOURCE_STATE,0.5057189177101967,0.37743172593408025,
1730,OVERALL,SOURCE_PLUS_SIMPLE_MASK_CHANGE,0.4693984794275493,0.34466267756931473,
1730,OVERALL,FROZEN_FULL_TRANSITION_SAFETTA,0.6049250894454383,0.4585271412116174,
1730,OVERALL,CHANGE_MAGNITUDE_ONLY,0.4912902504472272,0.38338685887973056,
1730,OVERALL,CHANGE_MAGNITUDE_IOU_ONLY,0.4912902504472272,0.38338685887973056,
1731,OVERALL,SOURCE_STATE,0.5174844017580207,0.3659761798053567,
1731,OVERALL,SOURCE_PLUS_SIMPLE_MASK_CHANGE,0.4777313389938086,0.35261627459950196,
1731,OVERALL,FROZEN_FULL_TRANSITION_SAFETTA,0.642138605798594,0.5094090107266818,
1731,OVERALL,CHANGE_MAGNITUDE_ONLY,0.47431230015688053,0.35751920000285076,
1731,OVERALL,CHANGE_MAGNITUDE_IOU_ONLY,0.47431230015688053,0.35751920000285076,
1732,OVERALL,SOURCE_STATE,0.5190911579523679,0.38331494626367757,
1732,OVERALL,SOURCE_PLUS_SIMPLE_MASK_CHANGE,0.4873254859019983,0.3764324224040079,
1732,OVERALL,FROZEN_FULL_TRANSITION_SAFETTA,0.6407664932931837,0.5028594680438437,
1732,OVERALL,CHANGE_MAGNITUDE_ONLY,0.5054475773336984,0.3998309125182453,
1732,OVERALL,CHANGE_MAGNITUDE_IOU_ONLY,0.5054475773336984,0.3998309125182453,
1733,OVERALL,SOURCE_STATE,0.5064074160447761,0.39757409649145037,
1733,OVERALL,SOURCE_PLUS_SIMPLE_MASK_CHANGE,0.4885377798507462,0.37884137752165886,
1733,OVERALL,FROZEN_FULL_TRANSITION_SAFETTA,0.63671875,0.5049402370620577,
1733,OVERALL,CHANGE_MAGNITUDE_ONLY,0.5171321128731343,0.40937618592736447,
1733,OVERALL,CHANGE_MAGNITUDE_IOU_ONLY,0.5171321128731343,0.40937618592736447,
1734,OVERALL,SOURCE_STATE,0.5568996121228058,0.369403040231896,
1734,OVERALL,SOURCE_PLUS_SIMPLE_MASK_CHANGE,0.47799140574106064,0.3110451494226587,
1734,OVERALL,FROZEN_FULL_TRANSITION_SAFETTA,0.642053298749111,0.4373661013488298,
1734,OVERALL,CHANGE_MAGNITUDE_ONLY,0.47268424166721457,0.32583858638913094,
1734,OVERALL,CHANGE_MAGNITUDE_IOU_ONLY,0.47268424166721457,0.32583858638913094,
1735,OVERALL,SOURCE_STATE,0.5084366871051653,0.3643212652434584,
1735,OVERALL,SOURCE_PLUS_SIMPLE_MASK_CHANGE,0.4795208565589,0.3544364679850006,
1735,OVERALL,FROZEN_FULL_TRANSITION_SAFETTA,0.6176665273132665,0.45862189373104634,
1735,OVERALL,CHANGE_MAGNITUDE_ONLY,0.5031993218134523,0.3879471731674949,
1735,OVERALL,CHANGE_MAGNITUDE_IOU_ONLY,0.5031993218134523,0.3879471731674949,
1736,OVERALL,SOURCE_STATE,0.5578930650491427,0.3566487623185408,
1736,OVERALL,SOURCE_PLUS_SIMPLE_MASK_CHANGE,0.477475001068983,0.301603579588188,
1736,OVERALL,FROZEN_FULL_TRANSITION_SAFETTA,0.636704600291985,0.4244713720149748,
1736,OVERALL,CHANGE_MAGNITUDE_ONLY,0.5083930436694827,0.34831734829854566,
1736,OVERALL,CHANGE_MAGNITUDE_IOU_ONLY,0.5083930436694827,0.34831734829854566,
1737,OVERALL,SOURCE_STATE,0.5307437690436002,0.43102129931052796,
1737,OVERALL,SOURCE_PLUS_SIMPLE_MASK_CHANGE,0.49324842719042505,0.39287887860069015,
1737,OVERALL,FROZEN_FULL_TRANSITION_SAFETTA,0.6229038339288454,0.5047956095501162,
1737,OVERALL,CHANGE_MAGNITUDE_ONLY,0.48566934829785835,0.3943530246416972,
1737,OVERALL,CHANGE_MAGNITUDE_IOU_ONLY,0.48566934829785835,0.3943530246416972,
1738,OVERALL,SOURCE_STATE,0.47704091824911676,0.35839012291572736,
1738,OVERALL,SOURCE_PLUS_SIMPLE_MASK_CHANGE,0.4217678921023042,0.3257243324684468,
1738,OVERALL,FROZEN_FULL_TRANSITION_SAFETTA,0.5830208386842691,0.43123533208036047,
1738,OVERALL,CHANGE_MAGNITUDE_ONLY,0.5205846931844774,0.4310693476148921,
1738,OVERALL,CHANGE_MAGNITUDE_IOU_ONLY,0.5205846931844774,0.4310693476148921,
1739,OVERALL,SOURCE_STATE,0.4971443680592279,0.3439787480538201,
1739,OVERALL,SOURCE_PLUS_SIMPLE_MASK_CHANGE,0.48005170691579996,0.34159358597013256,
1739,OVERALL,FROZEN_FULL_TRANSITION_SAFETTA,0.6381867324754686,0.46621091764644024,
1739,OVERALL,CHANGE_MAGNITUDE_ONLY,0.48357130266173104,0.3589397665422119,
1739,OVERALL,CHANGE_MAGNITUDE_IOU_ONLY,0.48357130266173104,0.3589397665422119,
1740,OVERALL,SOURCE_STATE,0.5225906169302396,0.3419405251160864,
1740,OVERALL,SOURCE_PLUS_SIMPLE_MASK_CHANGE,0.48007338573376307,0.3152751968144667,
1740,OVERALL,FROZEN_FULL_TRANSITION_SAFETTA,0.6611941517601895,0.4977551496358335,
1740,OVERALL,CHANGE_MAGNITUDE_ONLY,0.49601027902914696,0.33779072282050904,
1740,OVERALL,CHANGE_MAGNITUDE_IOU_ONLY,0.49601027902914696,0.33779072282050904,
1741,OVERALL,SOURCE_STATE,0.5445860593575261,0.3941559827714698,
1741,OVERALL,SOURCE_PLUS_SIMPLE_MASK_CHANGE,0.5227514545084101,0.3937533221167226,
1741,OVERALL,FROZEN_FULL_TRANSITION_SAFETTA,0.6717055667489189,0.5378489366758218,
1741,OVERALL,CHANGE_MAGNITUDE_ONLY,0.4899627600570484,0.3810911690367047,
1741,OVERALL,CHANGE_MAGNITUDE_IOU_ONLY,0.4899627600570484,0.3810911690367047,
1742,OVERALL,SOURCE_STATE,0.5209731543624161,0.3417817005335101,
1742,OVERALL,SOURCE_PLUS_SIMPLE_MASK_CHANGE,0.5003569898614879,0.3294385995560039,
1742,OVERALL,FROZEN_FULL_TRANSITION_SAFETTA,0.6334963587034128,0.4275149003077562,
1742,OVERALL,CHANGE_MAGNITUDE_ONLY,0.4805500023799324,0.3286138730104825,
1742,OVERALL,CHANGE_MAGNITUDE_IOU_ONLY,0.4805500023799324,0.3286138730104825,
1743,OVERALL,SOURCE_STATE,0.5400523845901997,0.36512757989208716,
1743,OVERALL,SOURCE_PLUS_SIMPLE_MASK_CHANGE,0.49022033055646497,0.3491870359481538,
1743,OVERALL,FROZEN_FULL_TRANSITION_SAFETTA,0.64738622721816,0.462199938756153,
1743,OVERALL,CHANGE_MAGNITUDE_ONLY,0.46978791516606644,0.33370343164287986,
1743,OVERALL,CHANGE_MAGNITUDE_IOU_ONLY,0.46978791516606644,0.33370343164287986,
1744,OVERALL,SOURCE_STATE,0.5334113429268535,0.387957246085191,
1744,OVERALL,SOURCE_PLUS_SIMPLE_MASK_CHANGE,0.4883608026689239,0.3608468386332462,
1744,OVERALL,FROZEN_FULL_TRANSITION_SAFETTA,0.6377222028581387,0.4790546922483093,
1744,OVERALL,CHANGE_MAGNITUDE_ONLY,0.4991286162425933,0.3850612956734849,
1744,OVERALL,CHANGE_MAGNITUDE_IOU_ONLY,0.4991286162425933,0.3850612956734849,
1745,OVERALL,SOURCE_STATE,0.5198608617594256,0.36840110826131567,
1745,OVERALL,SOURCE_PLUS_SIMPLE_MASK_CHANGE,0.44195880185202685,0.3237820109469684,
1745,OVERALL,FROZEN_FULL_TRANSITION_SAFETTA,0.6236475951998488,0.4432422548379469,
1745,OVERALL,CHANGE_MAGNITUDE_ONLY,0.46048497590475285,0.36158767263059466,
1745,OVERALL,CHANGE_MAGNITUDE_IOU_ONLY,0.46048497590475285,0.36158767263059466,
1746,OVERALL,SOURCE_STATE,0.5636160714285714,0.40330669140254194,
1746,OVERALL,SOURCE_PLUS_SIMPLE_MASK_CHANGE,0.5069901315789473,0.35782419949687266,
1746,OVERALL,FROZEN_FULL_TRANSITION_SAFETTA,0.6799094089390142,0.4858730975006349,
1746,OVERALL,CHANGE_MAGNITUDE_ONLY,0.46014776524644946,0.33537925559814563,
1746,OVERALL,CHANGE_MAGNITUDE_IOU_ONLY,0.46014776524644946,0.33537925559814563,
1747,OVERALL,SOURCE_STATE,0.5332807504500653,0.38946742191334544,
1747,OVERALL,SOURCE_PLUS_SIMPLE_MASK_CHANGE,0.49457814278059087,0.3671960147323121,
1747,OVERALL,FROZEN_FULL_TRANSITION_SAFETTA,0.6320061172758856,0.49022672578896936,
1747,OVERALL,CHANGE_MAGNITUDE_ONLY,0.5358215874812599,0.41640389540681877,
1747,OVERALL,CHANGE_MAGNITUDE_IOU_ONLY,0.5358215874812599,0.41640389540681877,
1748,OVERALL,SOURCE_STATE,0.5433563808532023,0.4082983141638943,
1748,OVERALL,SOURCE_PLUS_SIMPLE_MASK_CHANGE,0.4640906724144195,0.3563624219422366,
1748,OVERALL,FROZEN_FULL_TRANSITION_SAFETTA,0.6460348982236054,0.4918557108629036,
1748,OVERALL,CHANGE_MAGNITUDE_ONLY,0.5140949105748156,0.40359362488308964,
1748,OVERALL,CHANGE_MAGNITUDE_IOU_ONLY,0.5140949105748156,0.40359362488308964,
1749,OVERALL,SOURCE_STATE,0.5345861167586408,0.384785356230124,
1749,OVERALL,SOURCE_PLUS_SIMPLE_MASK_CHANGE,0.4473656694742957,0.334532101682353,
1749,OVERALL,FROZEN_FULL_TRANSITION_SAFETTA,0.6460935230903282,0.48030251484745445,
1749,OVERALL,CHANGE_MAGNITUDE_ONLY,0.47204182399070577,0.37192734514731735,
1749,OVERALL,CHANGE_MAGNITUDE_IOU_ONLY,0.47204182399070577,0.37192734514731735,
1750,OVERALL,SOURCE_STATE,0.5193733462576301,0.35006879180830286,
1750,OVERALL,SOURCE_PLUS_SIMPLE_MASK_CHANGE,0.4203059914594849,0.28269030289561425,
1750,OVERALL,FROZEN_FULL_TRANSITION_SAFETTA,0.6211521835948757,0.43930268222452706,
1750,OVERALL,CHANGE_MAGNITUDE_ONLY,0.4797097272798722,0.3519841430936912,
1750,OVERALL,CHANGE_MAGNITUDE_IOU_ONLY,0.4797097272798722,0.3519841430936912,
1751,OVERALL,SOURCE_STATE,0.5576973684210527,0.4071390022620949,
1751,OVERALL,SOURCE_PLUS_SIMPLE_MASK_CHANGE,0.49872009569377995,0.36566232700306,
1751,OVERALL,FROZEN_FULL_TRANSITION_SAFETTA,0.6295454545454546,0.47823688133914766,
1751,OVERALL,CHANGE_MAGNITUDE_ONLY,0.5220334928229665,0.39714097031722406,
1751,OVERALL,CHANGE_MAGNITUDE_IOU_ONLY,0.5220334928229665,0.39714097031722406,
1752,OVERALL,SOURCE_STATE,0.5097657837956159,0.34661360233283967,
1752,OVERALL,SOURCE_PLUS_SIMPLE_MASK_CHANGE,0.4983145189030301,0.3496434368026851,
1752,OVERALL,FROZEN_FULL_TRANSITION_SAFETTA,0.6155351949717001,0.47679856011590327,
1752,OVERALL,CHANGE_MAGNITUDE_ONLY,0.5251758966821977,0.38209583400170477,
1752,OVERALL,CHANGE_MAGNITUDE_IOU_ONLY,0.5251758966821977,0.38209583400170477,
1753,OVERALL,SOURCE_STATE,0.5488967691095351,0.3570847448928832,
1753,OVERALL,SOURCE_PLUS_SIMPLE_MASK_CHANGE,0.5023837667454689,0.3218931817267219,
1753,OVERALL,FROZEN_FULL_TRANSITION_SAFETTA,0.653079852902548,0.4420262715432951,
1753,OVERALL,CHANGE_MAGNITUDE_ONLY,0.47532834252692413,0.31798971102295526,
1753,OVERALL,CHANGE_MAGNITUDE_IOU_ONLY,0.47532834252692413,0.31798971102295526,
1754,OVERALL,SOURCE_STATE,0.5076004062731325,0.33271050014533377,
1754,OVERALL,SOURCE_PLUS_SIMPLE_MASK_CHANGE,0.46926842144525355,0.31484026943034693,
1754,OVERALL,FROZEN_FULL_TRANSITION_SAFETTA,0.6647213758198627,0.4583356896164395,
1754,OVERALL,CHANGE_MAGNITUDE_ONLY,0.4706771792708889,0.32436663199313465,
1754,OVERALL,CHANGE_MAGNITUDE_IOU_ONLY,0.4706771792708889,0.32436663199313465,
1755,OVERALL,SOURCE_STATE,0.5053264931281272,0.3395433808428853,
1755,OVERALL,SOURCE_PLUS_SIMPLE_MASK_CHANGE,0.44823611375007916,0.3026272371401797,
1755,OVERALL,FROZEN_FULL_TRANSITION_SAFETTA,0.6119893596807905,0.4242874408676127,
1755,OVERALL,CHANGE_MAGNITUDE_ONLY,0.5163119893596808,0.3813090589328051,
1755,OVERALL,CHANGE_MAGNITUDE_IOU_ONLY,0.5163119893596808,0.3813090589328051,
1756,OVERALL,SOURCE_STATE,0.469553816150116,0.3257567476891262,
1756,OVERALL,SOURCE_PLUS_SIMPLE_MASK_CHANGE,0.46118622180054825,0.32548086843206725,
1756,OVERALL,FROZEN_FULL_TRANSITION_SAFETTA,0.5924520345772718,0.4078967413407871,
1756,OVERALL,CHANGE_MAGNITUDE_ONLY,0.5181089236769978,0.38347564282793656,
1756,OVERALL,CHANGE_MAGNITUDE_IOU_ONLY,0.5181089236769978,0.38347564282793656,
1757,OVERALL,SOURCE_STATE,0.5376373253763733,0.3791905189862568,
1757,OVERALL,SOURCE_PLUS_SIMPLE_MASK_CHANGE,0.47320742348207423,0.3356906706409777,
1757,OVERALL,FROZEN_FULL_TRANSITION_SAFETTA,0.6653951354039513,0.48241170692911095,
1757,OVERALL,CHANGE_MAGNITUDE_ONLY,0.4837272254622722,0.34880830899047044,
1757,OVERALL,CHANGE_MAGNITUDE_IOU_ONLY,0.4837272254622722,0.34880830899047044,
1758,OVERALL,SOURCE_STATE,0.5441500136873803,0.40604121891363515,
1758,OVERALL,SOURCE_PLUS_SIMPLE_MASK_CHANGE,0.47465097180399674,0.3464620658662113,
1758,OVERALL,FROZEN_FULL_TRANSITION_SAFETTA,0.6282398029017245,0.46469218616230434,
1758,OVERALL,CHANGE_MAGNITUDE_ONLY,0.4621078565562551,0.3568176458715116,
1758,OVERALL,CHANGE_MAGNITUDE_IOU_ONLY,0.4621078565562551,0.3568176458715116,
1759,OVERALL,SOURCE_STATE,0.526416770899953,0.359028295201426,
1759,OVERALL,SOURCE_PLUS_SIMPLE_MASK_CHANGE,0.44196234018348834,0.31186660981182124,
1759,OVERALL,FROZEN_FULL_TRANSITION_SAFETTA,0.6159592952509241,0.43944694729833833,
1759,OVERALL,CHANGE_MAGNITUDE_ONLY,0.46222132924323805,0.34934738073938354,
1759,OVERALL,CHANGE_MAGNITUDE_IOU_ONLY,0.46222132924323805,0.34934738073938354,
1760,OVERALL,SOURCE_STATE,0.5627733856541058,0.3977605191446876,
1760,OVERALL,SOURCE_PLUS_SIMPLE_MASK_CHANGE,0.5192855906284264,0.3749527351469028,
1760,OVERALL,FROZEN_FULL_TRANSITION_SAFETTA,0.6354723296208667,0.4769760472588518,
1760,OVERALL,CHANGE_MAGNITUDE_ONLY,0.47889953257545154,0.3451010500630014,
1760,OVERALL,CHANGE_MAGNITUDE_IOU_ONLY,0.47889953257545154,0.3451010500630014,
1761,OVERALL,SOURCE_STATE,0.5370402295312097,0.3695924629804497,
1761,OVERALL,SOURCE_PLUS_SIMPLE_MASK_CHANGE,0.4868980039158221,0.3496519994138809,
1761,OVERALL,FROZEN_FULL_TRANSITION_SAFETTA,0.669913433240158,0.500034344182779,
1761,OVERALL,CHANGE_MAGNITUDE_ONLY,0.5120122153948454,0.37307021687806463,
1761,OVERALL,CHANGE_MAGNITUDE_IOU_ONLY,0.5120122153948454,0.37307021687806463,
1762,OVERALL,SOURCE_STATE,0.5102754237288135,0.40120686138750483,
1762,OVERALL,SOURCE_PLUS_SIMPLE_MASK_CHANGE,0.47759533898305084,0.3721892993561712,
1762,OVERALL,FROZEN_FULL_TRANSITION_SAFETTA,0.6214395009416196,0.507321212837351,
1762,OVERALL,CHANGE_MAGNITUDE_ONLY,0.5314589218455743,0.4274012925924341,
1762,OVERALL,CHANGE_MAGNITUDE_IOU_ONLY,0.5314589218455743,0.4274012925924341,
1763,OVERALL,SOURCE_STATE,0.5692054640398185,0.3726919150805167,
1763,OVERALL,SOURCE_PLUS_SIMPLE_MASK_CHANGE,0.5352080811045481,0.3717906714728094,
1763,OVERALL,FROZEN_FULL_TRANSITION_SAFETTA,0.7167822333100977,0.533549161726548,
1763,OVERALL,CHANGE_MAGNITUDE_ONLY,0.46622274400459823,0.31731864596769993,
1763,OVERALL,CHANGE_MAGNITUDE_IOU_ONLY,0.46622274400459823,0.31731864596769993,
1764,OVERALL,SOURCE_STATE,0.552015732546706,0.3638697871037142,
1764,OVERALL,SOURCE_PLUS_SIMPLE_MASK_CHANGE,0.4853490658800393,0.32467005944026195,
1764,OVERALL,FROZEN_FULL_TRANSITION_SAFETTA,0.6039700098328417,0.40828364310734117,
1764,OVERALL,CHANGE_MAGNITUDE_ONLY,0.49329830383480827,0.3460282192576274,
1764,OVERALL,CHANGE_MAGNITUDE_IOU_ONLY,0.49329830383480827,0.3460282192576274,
1765,OVERALL,SOURCE_STATE,0.542089483394834,0.3466927503256136,
1765,OVERALL,SOURCE_PLUS_SIMPLE_MASK_CHANGE,0.46475886633866337,0.30344631928625887,
1765,OVERALL,FROZEN_FULL_TRANSITION_SAFETTA,0.6438025317753178,0.4309968516949823,
1765,OVERALL,CHANGE_MAGNITUDE_ONLY,0.4847850041000409,0.34133404197715345,
1765,OVERALL,CHANGE_MAGNITUDE_IOU_ONLY,0.4847850041000409,0.34133404197715345,
1766,OVERALL,SOURCE_STATE,0.5560631430790137,0.3992609426191176,
1766,OVERALL,SOURCE_PLUS_SIMPLE_MASK_CHANGE,0.5173934672879053,0.3785338729816329,
1766,OVERALL,FROZEN_FULL_TRANSITION_SAFETTA,0.6682864977674239,0.5006972779048847,
1766,OVERALL,CHANGE_MAGNITUDE_ONLY,0.47670355270821196,0.3468049763872498,
1766,OVERALL,CHANGE_MAGNITUDE_IOU_ONLY,0.47670355270821196,0.3468049763872498,
1767,OVERALL,SOURCE_STATE,0.5473318959708935,0.4010035994881384,
1767,OVERALL,SOURCE_PLUS_SIMPLE_MASK_CHANGE,0.491864304002156,0.3753845616438609,
1767,OVERALL,FROZEN_FULL_TRANSITION_SAFETTA,0.6739096258365899,0.5157826400776507,
1767,OVERALL,CHANGE_MAGNITUDE_ONLY,0.4833411939091767,0.3743183917572446,
1767,OVERALL,CHANGE_MAGNITUDE_IOU_ONLY,0.4833411939091767,0.3743183917572446,
1768,OVERALL,SOURCE_STATE,0.5152934059286146,0.3479222106771609,
1768,OVERALL,SOURCE_PLUS_SIMPLE_MASK_CHANGE,0.48627344222625524,0.33739893215205874,
1768,OVERALL,FROZEN_FULL_TRANSITION_SAFETTA,0.6059467634603751,0.4371420599818578,
1768,OVERALL,CHANGE_MAGNITUDE_ONLY,0.5041712038717483,0.3570986015324375,
1768,OVERALL,CHANGE_MAGNITUDE_IOU_ONLY,0.5041712038717483,0.3570986015324375,
1769,OVERALL,SOURCE_STATE,0.5517111910071452,0.3691248898439028,
1769,OVERALL,SOURCE_PLUS_SIMPLE_MASK_CHANGE,0.47393391890046876,0.33616434970401876,
1769,OVERALL,FROZEN_FULL_TRANSITION_SAFETTA,0.6754027670322669,0.47822857944880187,
1769,OVERALL,CHANGE_MAGNITUDE_ONLY,0.44049799754243846,0.31271605257092766,
1769,OVERALL,CHANGE_MAGNITUDE_IOU_ONLY,0.44049799754243846,0.31271605257092766,
1770,OVERALL,SOURCE_STATE,0.4910773497317176,0.32745813851006655,
1770,OVERALL,SOURCE_PLUS_SIMPLE_MASK_CHANGE,0.43147645746669083,0.2905640184504536,
1770,OVERALL,FROZEN_FULL_TRANSITION_SAFETTA,0.596997648761078,0.40504030368587085,
1770,OVERALL,CHANGE_MAGNITUDE_ONLY,0.47704226201241934,0.3504230385023289,
1770,OVERALL,CHANGE_MAGNITUDE_IOU_ONLY,0.47704226201241934,0.3504230385023289,
1771,OVERALL,SOURCE_STATE,0.4978424835674091,0.3725258109503822,
1771,OVERALL,SOURCE_PLUS_SIMPLE_MASK_CHANGE,0.4609459970681421,0.3476771662308942,
1771,OVERALL,FROZEN_FULL_TRANSITION_SAFETTA,0.5981935972005485,0.4486137349648789,
1771,OVERALL,CHANGE_MAGNITUDE_ONLY,0.4535040431266847,0.3696684456631164,
1771,OVERALL,CHANGE_MAGNITUDE_IOU_ONLY,0.4535040431266847,0.3696684456631164,
1772,OVERALL,SOURCE_STATE,0.5136126334687706,0.37803181218083237,
1772,OVERALL,SOURCE_PLUS_SIMPLE_MASK_CHANGE,0.45658130964754795,0.343080769951707,
1772,OVERALL,FROZEN_FULL_TRANSITION_SAFETTA,0.6305218274591325,0.47847410600095464,
1772,OVERALL,CHANGE_MAGNITUDE_ONLY,0.4880882075025985,0.3795917992001312,
1772,OVERALL,CHANGE_MAGNITUDE_IOU_ONLY,0.4880882075025985,0.3795917992001312,
1773,OVERALL,SOURCE_STATE,0.5065635588251631,0.37734628085578603,
1773,OVERALL,SOURCE_PLUS_SIMPLE_MASK_CHANGE,0.4722923391202918,0.3676496900387715,
1773,OVERALL,FROZEN_FULL_TRANSITION_SAFETTA,0.6288611438551882,0.48323796856838824,
1773,OVERALL,CHANGE_MAGNITUDE_ONLY,0.5067980818485351,0.41122992651262036,
1773,OVERALL,CHANGE_MAGNITUDE_IOU_ONLY,0.5067980818485351,0.41122992651262036,
1774,OVERALL,SOURCE_STATE,0.5367179492683241,0.3881604971616709,
1774,OVERALL,SOURCE_PLUS_SIMPLE_MASK_CHANGE,0.48236948157528986,0.3566838355049478,
1774,OVERALL,FROZEN_FULL_TRANSITION_SAFETTA,0.6357128675148777,0.507713088817312,
1774,OVERALL,CHANGE_MAGNITUDE_ONLY,0.5140915359559546,0.4053081726531991,
1774,OVERALL,CHANGE_MAGNITUDE_IOU_ONLY,0.5140915359559546,0.4053081726531991,
1775,OVERALL,SOURCE_STATE,0.5403480232672779,0.3795253696878328,
1775,OVERALL,SOURCE_PLUS_SIMPLE_MASK_CHANGE,0.47828551710539285,0.3398078856150607,
1775,OVERALL,FROZEN_FULL_TRANSITION_SAFETTA,0.660067287784679,0.4798846751505498,
1775,OVERALL,CHANGE_MAGNITUDE_ONLY,0.48668416642019124,0.3545943821929598,
1775,OVERALL,CHANGE_MAGNITUDE_IOU_ONLY,0.48668416642019124,0.3545943821929598,
1776,OVERALL,SOURCE_STATE,0.4875062656641604,0.3188045631448785,
1776,OVERALL,SOURCE_PLUS_SIMPLE_MASK_CHANGE,0.4682769423558897,0.3202876700553979,
1776,OVERALL,FROZEN_FULL_TRANSITION_SAFETTA,0.6363095238095238,0.4417337599623602,
1776,OVERALL,CHANGE_MAGNITUDE_ONLY,0.4720958646616541,0.3387669937046278,
1776,OVERALL,CHANGE_MAGNITUDE_IOU_ONLY,0.4720958646616541,0.3387669937046278,
1777,OVERALL,SOURCE_STATE,0.5407114108302563,0.357865800905218,
1777,OVERALL,SOURCE_PLUS_SIMPLE_MASK_CHANGE,0.4818051218730336,0.3327686944821553,
1777,OVERALL,FROZEN_FULL_TRANSITION_SAFETTA,0.6470074916594442,0.44092313733474253,
1777,OVERALL,CHANGE_MAGNITUDE_ONLY,0.48620394885250573,0.3348994701304302,
1777,OVERALL,CHANGE_MAGNITUDE_IOU_ONLY,0.48620394885250573,0.3348994701304302,
1778,OVERALL,SOURCE_STATE,0.5278175976272863,0.34472874085501626,
1778,OVERALL,SOURCE_PLUS_SIMPLE_MASK_CHANGE,0.4919982698961938,0.3180954440086412,
1778,OVERALL,FROZEN_FULL_TRANSITION_SAFETTA,0.6493450321304992,0.4412237219778348,
1778,OVERALL,CHANGE_MAGNITUDE_ONLY,0.4441176470588235,0.3070404141620744,
1778,OVERALL,CHANGE_MAGNITUDE_IOU_ONLY,0.4441176470588235,0.3070404141620744,
1779,OVERALL,SOURCE_STATE,0.5391278210248012,0.38966495837939014,
1779,OVERALL,SOURCE_PLUS_SIMPLE_MASK_CHANGE,0.4874215572608992,0.379065925553369,
1779,OVERALL,FROZEN_FULL_TRANSITION_SAFETTA,0.6412582736769785,0.4817879299038302,
1779,OVERALL,CHANGE_MAGNITUDE_ONLY,0.47726617469343685,0.3686711162317386,
1779,OVERALL,CHANGE_MAGNITUDE_IOU_ONLY,0.47726617469343685,0.3686711162317386,
1780,OVERALL,SOURCE_STATE,0.5107129157762069,0.36235910140871347,
1780,OVERALL,SOURCE_PLUS_SIMPLE_MASK_CHANGE,0.4695356214343557,0.3425772980754754,
1780,OVERALL,FROZEN_FULL_TRANSITION_SAFETTA,0.6390182719296644,0.4874136802155015,
1780,OVERALL,CHANGE_MAGNITUDE_ONLY,0.49124761782989634,0.37139606572011674,
1780,OVERALL,CHANGE_MAGNITUDE_IOU_ONLY,0.49124761782989634,0.37139606572011674,
1781,OVERALL,SOURCE_STATE,0.5462899768909324,0.3667321171818548,
1781,OVERALL,SOURCE_PLUS_SIMPLE_MASK_CHANGE,0.45114767053414273,0.31098590786962926,
1781,OVERALL,FROZEN_FULL_TRANSITION_SAFETTA,0.6345474574038819,0.4345213264578191,
1781,OVERALL,CHANGE_MAGNITUDE_ONLY,0.46246871894344865,0.34296494724481175,
1781,OVERALL,CHANGE_MAGNITUDE_IOU_ONLY,0.46246871894344865,0.34296494724481175,
1782,OVERALL,SOURCE_STATE,0.5737839803038614,0.3795410723239223,
1782,OVERALL,SOURCE_PLUS_SIMPLE_MASK_CHANGE,0.4972956079141739,0.3283936267323191,
1782,OVERALL,FROZEN_FULL_TRANSITION_SAFETTA,0.6818767460550319,0.47933637887977687,
1782,OVERALL,CHANGE_MAGNITUDE_ONLY,0.46999974486867113,0.32833520302969155,
1782,OVERALL,CHANGE_MAGNITUDE_IOU_ONLY,0.46999974486867113,0.32833520302969155,
1783,OVERALL,SOURCE_STATE,0.5099559735841506,0.39923387877158134,
1783,OVERALL,SOURCE_PLUS_SIMPLE_MASK_CHANGE,0.48601938941142464,0.3852560192541724,
1783,OVERALL,FROZEN_FULL_TRANSITION_SAFETTA,0.64329708936473,0.5299034559462638,
1783,OVERALL,CHANGE_MAGNITUDE_ONLY,0.49250661508015925,0.41485800824162855,
1783,OVERALL,CHANGE_MAGNITUDE_IOU_ONLY,0.49250661508015925,0.41485800824162855,
1784,OVERALL,SOURCE_STATE,0.5457394815129621,0.39418375419910257,
1784,OVERALL,SOURCE_PLUS_SIMPLE_MASK_CHANGE,0.49545497473674266,0.3833065074881837,
1784,OVERALL,FROZEN_FULL_TRANSITION_SAFETTA,0.6876151012891345,0.5400685500840932,
1784,OVERALL,CHANGE_MAGNITUDE_ONLY,0.49272500826368226,0.37299423527644443,
1784,OVERALL,CHANGE_MAGNITUDE_IOU_ONLY,0.49272500826368226,0.37299423527644443,
1785,OVERALL,SOURCE_STATE,0.52985573155535,0.35220299744312233,
1785,OVERALL,SOURCE_PLUS_SIMPLE_MASK_CHANGE,0.4682108400457342,0.32683135874405717,
1785,OVERALL,FROZEN_FULL_TRANSITION_SAFETTA,0.6021441142842461,0.40937660095839845,
1785,OVERALL,CHANGE_MAGNITUDE_ONLY,0.5052928405339089,0.3636262596328863,
1785,OVERALL,CHANGE_MAGNITUDE_IOU_ONLY,0.5052928405339089,0.3636262596328863,
1786,OVERALL,SOURCE_STATE,0.5749595111896348,0.3975816077733539,
1786,OVERALL,SOURCE_PLUS_SIMPLE_MASK_CHANGE,0.509263349038084,0.3582324808037758,
1786,OVERALL,FROZEN_FULL_TRANSITION_SAFETTA,0.6675991362387121,0.49296314681871267,
1786,OVERALL,CHANGE_MAGNITUDE_ONLY,0.5143367196702002,0.36552764090938766,
1786,OVERALL,CHANGE_MAGNITUDE_IOU_ONLY,0.5143367196702002,0.36552764090938766,
1787,OVERALL,SOURCE_STATE,0.5097921662669864,0.3458800917787796,
1787,OVERALL,SOURCE_PLUS_SIMPLE_MASK_CHANGE,0.47207082818593604,0.34715010827062365,
1787,OVERALL,FROZEN_FULL_TRANSITION_SAFETTA,0.6410205169197973,0.46990510675439795,
1787,OVERALL,CHANGE_MAGNITUDE_ONLY,0.4834193251459438,0.36514409770151984,
1787,OVERALL,CHANGE_MAGNITUDE_IOU_ONLY,0.4834193251459438,0.36514409770151984,
1788,OVERALL,SOURCE_STATE,0.5592803165748885,0.41198308428000546,
1788,OVERALL,SOURCE_PLUS_SIMPLE_MASK_CHANGE,0.5509726095973683,0.421858353505128,
1788,OVERALL,FROZEN_FULL_TRANSITION_SAFETTA,0.6539309637893631,0.5130332239621509,
1788,OVERALL,CHANGE_MAGNITUDE_ONLY,0.5237103387446661,0.3914500631121054,
1788,OVERALL,CHANGE_MAGNITUDE_IOU_ONLY,0.5237103387446661,0.3914500631121054,
1789,OVERALL,SOURCE_STATE,0.5341237675388699,0.3671366923237131,
1789,OVERALL,SOURCE_PLUS_SIMPLE_MASK_CHANGE,0.4850978858551384,0.3658284586021186,
1789,OVERALL,FROZEN_FULL_TRANSITION_SAFETTA,0.6545316647705726,0.48134702203367297,
1789,OVERALL,CHANGE_MAGNITUDE_ONLY,0.48556598407281004,0.34582783515221016,
1789,OVERALL,CHANGE_MAGNITUDE_IOU_ONLY,0.48556598407281004,0.34582783515221016,
1790,OVERALL,SOURCE_STATE,0.4794785214072551,0.3405777283151912,
1790,OVERALL,SOURCE_PLUS_SIMPLE_MASK_CHANGE,0.44749545222157483,0.3402951587819555,
1790,OVERALL,FROZEN_FULL_TRANSITION_SAFETTA,0.6022863733101882,0.44279102255763464,
1790,OVERALL,CHANGE_MAGNITUDE_ONLY,0.4873791717692939,0.38158218076340444,
1790,OVERALL,CHANGE_MAGNITUDE_IOU_ONLY,0.4873791717692939,0.38158218076340444,
1791,OVERALL,SOURCE_STATE,0.5263983785020758,0.4019298955846018,
1791,OVERALL,SOURCE_PLUS_SIMPLE_MASK_CHANGE,0.5069578388745409,0.3939244962228072,
1791,OVERALL,FROZEN_FULL_TRANSITION_SAFETTA,0.6605806008695936,0.5188349682559013,
1791,OVERALL,CHANGE_MAGNITUDE_ONLY,0.4835289374175902,0.3848833842731713,
1791,OVERALL,CHANGE_MAGNITUDE_IOU_ONLY,0.4835289374175902,0.3848833842731713,
1792,OVERALL,SOURCE_STATE,0.5304432930339665,0.36823272954652375,
1792,OVERALL,SOURCE_PLUS_SIMPLE_MASK_CHANGE,0.49344271732872774,0.34693483742680775,
1792,OVERALL,FROZEN_FULL_TRANSITION_SAFETTA,0.6374611398963731,0.47498909136660417,
1792,OVERALL,CHANGE_MAGNITUDE_ONLY,0.5254749568221071,0.3738611631325806,
1792,OVERALL,CHANGE_MAGNITUDE_IOU_ONLY,0.5254749568221071,0.3738611631325806,
1793,OVERALL,SOURCE_STATE,0.535229915494255,0.3923617513892022,
1793,OVERALL,SOURCE_PLUS_SIMPLE_MASK_CHANGE,0.4771466071058509,0.35727273191379716,
1793,OVERALL,FROZEN_FULL_TRANSITION_SAFETTA,0.6104158511593636,0.4676368429009178,
1793,OVERALL,CHANGE_MAGNITUDE_ONLY,0.4806983812659743,0.3751774537540037,
1793,OVERALL,CHANGE_MAGNITUDE_IOU_ONLY,0.4806983812659743,0.3751774537540037,
1794,OVERALL,SOURCE_STATE,0.5213825566865227,0.324858927737505,
1794,OVERALL,SOURCE_PLUS_SIMPLE_MASK_CHANGE,0.4496584856903684,0.28966910117949646,
1794,OVERALL,FROZEN_FULL_TRANSITION_SAFETTA,0.646596382253388,0.42151703418026015,
1794,OVERALL,CHANGE_MAGNITUDE_ONLY,0.45047132614313273,0.3224683421234821,
1794,OVERALL,CHANGE_MAGNITUDE_IOU_ONLY,0.45047132614313273,0.3224683421234821,
1795,OVERALL,SOURCE_STATE,0.5267992012084283,0.3466902708869052,
1795,OVERALL,SOURCE_PLUS_SIMPLE_MASK_CHANGE,0.48660359968253153,0.32703413865808856,
1795,OVERALL,FROZEN_FULL_TRANSITION_SAFETTA,0.643520059397322,0.4561366990910989,
1795,OVERALL,CHANGE_MAGNITUDE_ONLY,0.5017089531221997,0.3556811895961634,
1795,OVERALL,CHANGE_MAGNITUDE_IOU_ONLY,0.5017089531221997,0.3556811895961634,
1796,OVERALL,SOURCE_STATE,0.534856086612094,0.39091917647745783,
1796,OVERALL,SOURCE_PLUS_SIMPLE_MASK_CHANGE,0.4913339894855606,0.3679004020291077,
1796,OVERALL,FROZEN_FULL_TRANSITION_SAFETTA,0.648594473917949,0.49986682734207033,
1796,OVERALL,CHANGE_MAGNITUDE_ONLY,0.48384425186643304,0.3708347483619098,
1796,OVERALL,CHANGE_MAGNITUDE_IOU_ONLY,0.48384425186643304,0.3708347483619098,
1797,OVERALL,SOURCE_STATE,0.4861688595242163,0.33311759206863123,
1797,OVERALL,SOURCE_PLUS_SIMPLE_MASK_CHANGE,0.4444824160037465,0.32147589334369514,
1797,OVERALL,FROZEN_FULL_TRANSITION_SAFETTA,0.6094878269509472,0.43426141404910323,
1797,OVERALL,CHANGE_MAGNITUDE_ONLY,0.5085341079531431,0.3971414896485263,
1797,OVERALL,CHANGE_MAGNITUDE_IOU_ONLY,0.5085341079531431,0.3971414896485263,
1798,OVERALL,SOURCE_STATE,0.4849495419965844,0.3348095114212183,
1798,OVERALL,SOURCE_PLUS_SIMPLE_MASK_CHANGE,0.45958081043316257,0.3209942566365085,
1798,OVERALL,FROZEN_FULL_TRANSITION_SAFETTA,0.5812886197795373,0.4161810685197571,
1798,OVERALL,CHANGE_MAGNITUDE_ONLY,0.5213165657506599,0.38615143214760134,
1798,OVERALL,CHANGE_MAGNITUDE_IOU_ONLY,0.5213165657506599,0.38615143214760134,
1799,OVERALL,SOURCE_STATE,0.5192867225535102,0.3710987218452909,
1799,OVERALL,SOURCE_PLUS_SIMPLE_MASK_CHANGE,0.4898222567914038,0.36648628465439237,
1799,OVERALL,FROZEN_FULL_TRANSITION_SAFETTA,0.6545962607668597,0.49584390669768336,
1799,OVERALL,CHANGE_MAGNITUDE_ONLY,0.492340045516089,0.3775456725134914,
1799,OVERALL,CHANGE_MAGNITUDE_IOU_ONLY,0.492340045516089,0.3775456725134914,
1800,OVERALL,SOURCE_STATE,0.5067936677669813,0.3805163000333921,
1800,OVERALL,SOURCE_PLUS_SIMPLE_MASK_CHANGE,0.4429483007113302,0.3502272564647685,
1800,OVERALL,FROZEN_FULL_TRANSITION_SAFETTA,0.6235761774141056,0.5086117586569314,
1800,OVERALL,CHANGE_MAGNITUDE_ONLY,0.5295109024129434,0.42533821245163295,
1800,OVERALL,CHANGE_MAGNITUDE_IOU_ONLY,0.5295109024129434,0.42533821245163295,
1801,OVERALL,SOURCE_STATE,0.5181530898876404,0.38629096958448517,
1801,OVERALL,SOURCE_PLUS_SIMPLE_MASK_CHANGE,0.4961903089887641,0.38582302589585954,
1801,OVERALL,FROZEN_FULL_TRANSITION_SAFETTA,0.6390273876404494,0.5086622057640315,
1801,OVERALL,CHANGE_MAGNITUDE_ONLY,0.4955846207865169,0.3894142492673939,
1801,OVERALL,CHANGE_MAGNITUDE_IOU_ONLY,0.4955846207865169,0.3894142492673939,
1802,OVERALL,SOURCE_STATE,0.5563000896912884,0.3464705282900572,
1802,OVERALL,SOURCE_PLUS_SIMPLE_MASK_CHANGE,0.4689234152127998,0.3028772798425624,
1802,OVERALL,FROZEN_FULL_TRANSITION_SAFETTA,0.6731533721031161,0.4546705377079927,
1802,OVERALL,CHANGE_MAGNITUDE_ONLY,0.46517663397274533,0.31050469722369356,
1802,OVERALL,CHANGE_MAGNITUDE_IOU_ONLY,0.46517663397274533,0.31050469722369356,
1803,OVERALL,SOURCE_STATE,0.5328428887455066,0.37787438800094586,
1803,OVERALL,SOURCE_PLUS_SIMPLE_MASK_CHANGE,0.4610620794543276,0.3447815818471742,
1803,OVERALL,FROZEN_FULL_TRANSITION_SAFETTA,0.6080226288137156,0.4521033595872125,
1803,OVERALL,CHANGE_MAGNITUDE_ONLY,0.49806721817679045,0.3779513773400816,
1803,OVERALL,CHANGE_MAGNITUDE_IOU_ONLY,0.49806721817679045,0.3779513773400816,
1804,OVERALL,SOURCE_STATE,0.5002756542193473,0.36936984304237813,
1804,OVERALL,SOURCE_PLUS_SIMPLE_MASK_CHANGE,0.4856904831912183,0.3883928668025679,
1804,OVERALL,FROZEN_FULL_TRANSITION_SAFETTA,0.6237748701362344,0.503881084955376,
1804,OVERALL,CHANGE_MAGNITUDE_ONLY,0.5186403508771931,0.3994518658165763,
1804,OVERALL,CHANGE_MAGNITUDE_IOU_ONLY,0.5186403508771931,0.3994518658165763,
1805,OVERALL,SOURCE_STATE,0.5542756875477464,0.399269905214771,
1805,OVERALL,SOURCE_PLUS_SIMPLE_MASK_CHANGE,0.5121216100076393,0.3688623094571737,
1805,OVERALL,FROZEN_FULL_TRANSITION_SAFETTA,0.6214130538579068,0.45472953447715303,
1805,OVERALL,CHANGE_MAGNITUDE_ONLY,0.4581473214285714,0.3418899306537447,
1805,OVERALL,CHANGE_MAGNITUDE_IOU_ONLY,0.4581473214285714,0.3418899306537447,
1806,OVERALL,SOURCE_STATE,0.5348227471748196,0.39064172087073645,
1806,OVERALL,SOURCE_PLUS_SIMPLE_MASK_CHANGE,0.45136525987755927,0.31166674755830304,
1806,OVERALL,FROZEN_FULL_TRANSITION_SAFETTA,0.6375701822298268,0.46177154089627365,
1806,OVERALL,CHANGE_MAGNITUDE_ONLY,0.4788070810047688,0.3569362807954011,
1806,OVERALL,CHANGE_MAGNITUDE_IOU_ONLY,0.4788070810047688,0.3569362807954011,
1807,OVERALL,SOURCE_STATE,0.5027267195554586,0.37670164316028504,
1807,OVERALL,SOURCE_PLUS_SIMPLE_MASK_CHANGE,0.4994316942400202,0.38835518430341776,
1807,OVERALL,FROZEN_FULL_TRANSITION_SAFETTA,0.622616273062307,0.4830503804418595,
1807,OVERALL,CHANGE_MAGNITUDE_ONLY,0.5212081376792459,0.40541835188022546,
1807,OVERALL,CHANGE_MAGNITUDE_IOU_ONLY,0.5212081376792459,0.40541835188022546,
1808,OVERALL,SOURCE_STATE,0.5532851817334576,0.4018868790522027,
1808,OVERALL,SOURCE_PLUS_SIMPLE_MASK_CHANGE,0.5276619291705499,0.37937003865359337,
1808,OVERALL,FROZEN_FULL_TRANSITION_SAFETTA,0.6654065703634668,0.5221107388156794,
1808,OVERALL,CHANGE_MAGNITUDE_ONLY,0.5372786579683131,0.3826159373888117,
1808,OVERALL,CHANGE_MAGNITUDE_IOU_ONLY,0.5372786579683131,0.3826159373888117,
1809,OVERALL,SOURCE_STATE,0.6127022792293882,0.4301068597386526,
1809,OVERALL,SOURCE_PLUS_SIMPLE_MASK_CHANGE,0.5038790669939927,0.32647561011751014,
1809,OVERALL,FROZEN_FULL_TRANSITION_SAFETTA,0.6614142259945066,0.47396462428361064,
1809,OVERALL,CHANGE_MAGNITUDE_ONLY,0.4737948883856357,0.32322767340280123,
1809,OVERALL,CHANGE_MAGNITUDE_IOU_ONLY,0.4737948883856357,0.32322767340280123,
1810,OVERALL,SOURCE_STATE,0.5149751649492178,0.3542393103644752,
1810,OVERALL,SOURCE_PLUS_SIMPLE_MASK_CHANGE,0.4689005856623916,0.3256584682557955,
1810,OVERALL,FROZEN_FULL_TRANSITION_SAFETTA,0.6243482343638026,0.4425965229629737,
1810,OVERALL,CHANGE_MAGNITUDE_ONLY,0.5033175179776115,0.3652409254767861,
1810,OVERALL,CHANGE_MAGNITUDE_IOU_ONLY,0.5033175179776115,0.3652409254767861,
1811,OVERALL,SOURCE_STATE,0.4866070325434283,0.33898905799262447,
1811,OVERALL,SOURCE_PLUS_SIMPLE_MASK_CHANGE,0.4318861350663471,0.30775448031854413,
1811,OVERALL,FROZEN_FULL_TRANSITION_SAFETTA,0.6244409300946403,0.46568117294298816,
1811,OVERALL,CHANGE_MAGNITUDE_ONLY,0.520466282833774,0.3943635933042303,
1811,OVERALL,CHANGE_MAGNITUDE_IOU_ONLY,0.520466282833774,0.3943635933042303,
1812,OVERALL,SOURCE_STATE,0.5453332187759543,0.38454629226257786,
1812,OVERALL,SOURCE_PLUS_SIMPLE_MASK_CHANGE,0.5264255233840249,0.3953634109282889,
1812,OVERALL,FROZEN_FULL_TRANSITION_SAFETTA,0.6426554400435317,0.4729561437799902,
1812,OVERALL,CHANGE_MAGNITUDE_ONLY,0.5014520147779018,0.3600491785707275,
1812,OVERALL,CHANGE_MAGNITUDE_IOU_ONLY,0.5014520147779018,0.3600491785707275,
1813,OVERALL,SOURCE_STATE,0.5139510142184551,0.34470520741444954,
1813,OVERALL,SOURCE_PLUS_SIMPLE_MASK_CHANGE,0.5116175182653366,0.3585331817412488,
1813,OVERALL,FROZEN_FULL_TRANSITION_SAFETTA,0.6394836919785343,0.47759960242074495,
1813,OVERALL,CHANGE_MAGNITUDE_ONLY,0.4940369479988949,0.3484936320863375,
1813,OVERALL,CHANGE_MAGNITUDE_IOU_ONLY,0.4940369479988949,0.3484936320863375,
1814,OVERALL,SOURCE_STATE,0.5012515144247032,0.30601931942886673,
1814,OVERALL,SOURCE_PLUS_SIMPLE_MASK_CHANGE,0.46670725632368404,0.30063631450420003,
1814,OVERALL,FROZEN_FULL_TRANSITION_SAFETTA,0.6515439444536694,0.4388433849798359,
1814,OVERALL,CHANGE_MAGNITUDE_ONLY,0.488631821061112,0.3183616673272043,
1814,OVERALL,CHANGE_MAGNITUDE_IOU_ONLY,0.488631821061112,0.3183616673272043,
1815,OVERALL,SOURCE_STATE,0.4786357786357786,0.34806635105717415,
1815,OVERALL,SOURCE_PLUS_SIMPLE_MASK_CHANGE,0.46303966303966304,0.3409354489996042,
1815,OVERALL,FROZEN_FULL_TRANSITION_SAFETTA,0.5986720486720486,0.44472742876218757,
1815,OVERALL,CHANGE_MAGNITUDE_ONLY,0.4856089856089856,0.3709006381033102,
1815,OVERALL,CHANGE_MAGNITUDE_IOU_ONLY,0.4856089856089856,0.3709006381033102,
1816,OVERALL,SOURCE_STATE,0.5275935568860921,0.39744361703121717,
1816,OVERALL,SOURCE_PLUS_SIMPLE_MASK_CHANGE,0.49465429606888645,0.36707648852760455,
1816,OVERALL,FROZEN_FULL_TRANSITION_SAFETTA,0.6488570766264679,0.49578372503117535,
1816,OVERALL,CHANGE_MAGNITUDE_ONLY,0.4925736836451425,0.3784129167526336,
1816,OVERALL,CHANGE_MAGNITUDE_IOU_ONLY,0.4925736836451425,0.3784129167526336,
1817,OVERALL,SOURCE_STATE,0.49566676459289055,0.3610318609111829,
1817,OVERALL,SOURCE_PLUS_SIMPLE_MASK_CHANGE,0.48544665657273284,0.37145081629165344,
1817,OVERALL,FROZEN_FULL_TRANSITION_SAFETTA,0.6353980701001107,0.48533954418954683,
1817,OVERALL,CHANGE_MAGNITUDE_ONLY,0.5124855935459085,0.4007889896465691,
1817,OVERALL,CHANGE_MAGNITUDE_IOU_ONLY,0.5124855935459085,0.4007889896465691,
1818,OVERALL,SOURCE_STATE,0.5183972328374709,0.37357571217391233,
1818,OVERALL,SOURCE_PLUS_SIMPLE_MASK_CHANGE,0.4801347921953654,0.347092433283584,
1818,OVERALL,FROZEN_FULL_TRANSITION_SAFETTA,0.6139582429468855,0.475518254061455,
1818,OVERALL,CHANGE_MAGNITUDE_ONLY,0.5291485150868602,0.3974226255069273,
1818,OVERALL,CHANGE_MAGNITUDE_IOU_ONLY,0.5291485150868602,0.3974226255069273,
1819,OVERALL,SOURCE_STATE,0.6256510868810334,0.4488912428025546,
1819,OVERALL,SOURCE_PLUS_SIMPLE_MASK_CHANGE,0.5408188068615876,0.38605034645383096,
1819,OVERALL,FROZEN_FULL_TRANSITION_SAFETTA,0.6890872051299859,0.5068527793581243,
1819,OVERALL,CHANGE_MAGNITUDE_ONLY,0.4937756094173207,0.3464509601668564,
1819,OVERALL,CHANGE_MAGNITUDE_IOU_ONLY,0.4937756094173207,0.3464509601668564,
1820,OVERALL,SOURCE_STATE,0.49252214066645994,0.3394561347306998,
1820,OVERALL,SOURCE_PLUS_SIMPLE_MASK_CHANGE,0.4783475194412856,0.3484713648747489,
1820,OVERALL,FROZEN_FULL_TRANSITION_SAFETTA,0.6312071401495571,0.4788487020873322,
1820,OVERALL,CHANGE_MAGNITUDE_ONLY,0.4949171232640684,0.37039479049328344,
1820,OVERALL,CHANGE_MAGNITUDE_IOU_ONLY,0.4949171232640684,0.37039479049328344,
1821,OVERALL,SOURCE_STATE,0.4676090580298845,0.30886813652984996,
1821,OVERALL,SOURCE_PLUS_SIMPLE_MASK_CHANGE,0.45949101237866563,0.32495516854741413,
1821,OVERALL,FROZEN_FULL_TRANSITION_SAFETTA,0.6198118827968442,0.4457408292315222,
1821,OVERALL,CHANGE_MAGNITUDE_ONLY,0.49315171538095837,0.3537572614653476,
1821,OVERALL,CHANGE_MAGNITUDE_IOU_ONLY,0.49315171538095837,0.3537572614653476,
1822,OVERALL,SOURCE_STATE,0.5197358129834014,0.36293039320479636,
1822,OVERALL,SOURCE_PLUS_SIMPLE_MASK_CHANGE,0.5088496856985603,0.38559642825372936,
1822,OVERALL,FROZEN_FULL_TRANSITION_SAFETTA,0.6334289273196025,0.4791911715276794,
1822,OVERALL,CHANGE_MAGNITUDE_ONLY,0.49555922481967496,0.37201414088994,
1822,OVERALL,CHANGE_MAGNITUDE_IOU_ONLY,0.49555922481967496,0.37201414088994,
1823,OVERALL,SOURCE_STATE,0.5442616651314711,0.3769811142237637,
1823,OVERALL,SOURCE_PLUS_SIMPLE_MASK_CHANGE,0.4867963765618025,0.3364801447221286,
1823,OVERALL,FROZEN_FULL_TRANSITION_SAFETTA,0.6350171508654547,0.4438691954773752,
1823,OVERALL,CHANGE_MAGNITUDE_ONLY,0.45283370724292066,0.33341696999340364,
1823,OVERALL,CHANGE_MAGNITUDE_IOU_ONLY,0.45283370724292066,0.33341696999340364,
1824,OVERALL,SOURCE_STATE,0.5641300484293775,0.40193208016412296,
1824,OVERALL,SOURCE_PLUS_SIMPLE_MASK_CHANGE,0.5080086195405874,0.3694933149382675,
1824,OVERALL,FROZEN_FULL_TRANSITION_SAFETTA,0.6646321144532812,0.4989128817762497,
1824,OVERALL,CHANGE_MAGNITUDE_ONLY,0.49219964899808943,0.36434655495474244,
1824,OVERALL,CHANGE_MAGNITUDE_IOU_ONLY,0.49219964899808943,0.36434655495474244,
1825,OVERALL,SOURCE_STATE,0.4668758820692078,0.33580561789531105,
1825,OVERALL,SOURCE_PLUS_SIMPLE_MASK_CHANGE,0.4186471663619744,0.3221244515548553,
1825,OVERALL,FROZEN_FULL_TRANSITION_SAFETTA,0.5997534672391308,0.45115657157516803,
1825,OVERALL,CHANGE_MAGNITUDE_ONLY,0.4698682181159895,0.38017142896870953,
1825,OVERALL,CHANGE_MAGNITUDE_IOU_ONLY,0.4698682181159895,0.38017142896870953,
1826,OVERALL,SOURCE_STATE,0.5530461922596754,0.3445906540785565,
1826,OVERALL,SOURCE_PLUS_SIMPLE_MASK_CHANGE,0.4562172284644195,0.2896232288697701,
1826,OVERALL,FROZEN_FULL_TRANSITION_SAFETTA,0.6360986267166042,0.414155472228413,
1826,OVERALL,CHANGE_MAGNITUDE_ONLY,0.41979088639201,0.2857742363141289,
1826,OVERALL,CHANGE_MAGNITUDE_IOU_ONLY,0.41979088639201,0.2857742363141289,
1827,OVERALL,SOURCE_STATE,0.5203665521191294,0.3440977538093478,
1827,OVERALL,SOURCE_PLUS_SIMPLE_MASK_CHANGE,0.5056586483390607,0.38534275496163467,
1827,OVERALL,FROZEN_FULL_TRANSITION_SAFETTA,0.6479839633447881,0.47662871485730696,
1827,OVERALL,CHANGE_MAGNITUDE_ONLY,0.4727262313860252,0.33568173954927616,
1827,OVERALL,CHANGE_MAGNITUDE_IOU_ONLY,0.4727262313860252,0.33568173954927616,
1828,OVERALL,SOURCE_STATE,0.5199113015974881,0.39237151144665056,
1828,OVERALL,SOURCE_PLUS_SIMPLE_MASK_CHANGE,0.489399738717884,0.3763596522943669,
1828,OVERALL,FROZEN_FULL_TRANSITION_SAFETTA,0.6542022873644885,0.493043513673135,
1828,OVERALL,CHANGE_MAGNITUDE_ONLY,0.45166567348903297,0.35287343841561203,
1828,OVERALL,CHANGE_MAGNITUDE_IOU_ONLY,0.45166567348903297,0.35287343841561203,
1829,OVERALL,SOURCE_STATE,0.5204434523121053,0.3624549010063896,
1829,OVERALL,SOURCE_PLUS_SIMPLE_MASK_CHANGE,0.5004221703023434,0.36412263017596236,
1829,OVERALL,FROZEN_FULL_TRANSITION_SAFETTA,0.6419764509935459,0.4840800271491904,
1829,OVERALL,CHANGE_MAGNITUDE_ONLY,0.4737502602419672,0.3538661962295404,
1829,OVERALL,CHANGE_MAGNITUDE_IOU_ONLY,0.4737502602419672,0.3538661962295404,
1830,OVERALL,SOURCE_STATE,0.5365897353529863,0.3622695157987248,
1830,OVERALL,SOURCE_PLUS_SIMPLE_MASK_CHANGE,0.46974227186241324,0.3238435835811375,
1830,OVERALL,FROZEN_FULL_TRANSITION_SAFETTA,0.6128023919543354,0.4350965574410922,
1830,OVERALL,CHANGE_MAGNITUDE_ONLY,0.49252514270182113,0.3561861761220809,
1830,OVERALL,CHANGE_MAGNITUDE_IOU_ONLY,0.49252514270182113,0.3561861761220809,
1831,OVERALL,SOURCE_STATE,0.48692679947378303,0.3568271575092451,
1831,OVERALL,SOURCE_PLUS_SIMPLE_MASK_CHANGE,0.48572871640669046,0.3663129050521092,
1831,OVERALL,FROZEN_FULL_TRANSITION_SAFETTA,0.6340795903025748,0.49843783371926204,
1831,OVERALL,CHANGE_MAGNITUDE_ONLY,0.5182531479045293,0.4074218016440708,
1831,OVERALL,CHANGE_MAGNITUDE_IOU_ONLY,0.5182531479045293,0.4074218016440708,
1832,OVERALL,SOURCE_STATE,0.5003278496575142,0.3719796214104075,
1832,OVERALL,SOURCE_PLUS_SIMPLE_MASK_CHANGE,0.48576195773081204,0.3606682954236823,
1832,OVERALL,FROZEN_FULL_TRANSITION_SAFETTA,0.6119723669574381,0.4721090688226715,
1832,OVERALL,CHANGE_MAGNITUDE_ONLY,0.5113752122241086,0.3964678348239938,
1832,OVERALL,CHANGE_MAGNITUDE_IOU_ONLY,0.5113752122241086,0.3964678348239938,
1833,OVERALL,SOURCE_STATE,0.5457206505575115,0.38480965044815707,
1833,OVERALL,SOURCE_PLUS_SIMPLE_MASK_CHANGE,0.4706314545849963,0.33891664824110795,
1833,OVERALL,FROZEN_FULL_TRANSITION_SAFETTA,0.6098829725329306,0.4171836149219561,
1833,OVERALL,CHANGE_MAGNITUDE_ONLY,0.47562172678700526,0.3534546988067095,
1833,OVERALL,CHANGE_MAGNITUDE_IOU_ONLY,0.47562172678700526,0.3534546988067095,
1834,OVERALL,SOURCE_STATE,0.4997651711778519,0.3594218779914714,
1834,OVERALL,SOURCE_PLUS_SIMPLE_MASK_CHANGE,0.5028303052774687,0.36063406473899995,
1834,OVERALL,FROZEN_FULL_TRANSITION_SAFETTA,0.6124891855147694,0.4399783890465989,
1834,OVERALL,CHANGE_MAGNITUDE_ONLY,0.5128290693362996,0.3753874075911076,
1834,OVERALL,CHANGE_MAGNITUDE_IOU_ONLY,0.5128290693362996,0.3753874075911076,
1835,OVERALL,SOURCE_STATE,0.5028246575992784,0.35707586216996834,
1835,OVERALL,SOURCE_PLUS_SIMPLE_MASK_CHANGE,0.45299556125234397,0.33153670538716407,
1835,OVERALL,FROZEN_FULL_TRANSITION_SAFETTA,0.631684825179805,0.4786901530549091,
1835,OVERALL,CHANGE_MAGNITUDE_ONLY,0.4865443043983954,0.3706275725938525,
1835,OVERALL,CHANGE_MAGNITUDE_IOU_ONLY,0.4865443043983954,0.3706275725938525,
1836,OVERALL,SOURCE_STATE,0.5412289699241914,0.3583089970329727,
1836,OVERALL,SOURCE_PLUS_SIMPLE_MASK_CHANGE,0.4817140027588158,0.32808436221384807,
1836,OVERALL,FROZEN_FULL_TRANSITION_SAFETTA,0.6394970466522831,0.43966341593409664,
1836,OVERALL,CHANGE_MAGNITUDE_ONLY,0.48384795859418284,0.34421010293697385,
1836,OVERALL,CHANGE_MAGNITUDE_IOU_ONLY,0.48384795859418284,0.34421010293697385,
1837,OVERALL,SOURCE_STATE,0.5277645942097771,0.36193963472203394,
1837,OVERALL,SOURCE_PLUS_SIMPLE_MASK_CHANGE,0.4607535321821036,0.3289239910757127,
1837,OVERALL,FROZEN_FULL_TRANSITION_SAFETTA,0.6481143441276331,0.4546236508412884,
1837,OVERALL,CHANGE_MAGNITUDE_ONLY,0.46251201732929315,0.33979439756283214,
1837,OVERALL,CHANGE_MAGNITUDE_IOU_ONLY,0.46251201732929315,0.33979439756283214,
1838,OVERALL,SOURCE_STATE,0.5506570507263964,0.3917520792432916,
1838,OVERALL,SOURCE_PLUS_SIMPLE_MASK_CHANGE,0.5072235128231799,0.34930832901423503,
1838,OVERALL,FROZEN_FULL_TRANSITION_SAFETTA,0.6721218635507322,0.5078484219455717,
1838,OVERALL,CHANGE_MAGNITUDE_ONLY,0.4742785155392208,0.33816789840335976,
1838,OVERALL,CHANGE_MAGNITUDE_IOU_ONLY,0.4742785155392208,0.33816789840335976,
1839,OVERALL,SOURCE_STATE,0.502992411800402,0.3900075913185964,
1839,OVERALL,SOURCE_PLUS_SIMPLE_MASK_CHANGE,0.5071177646266305,0.4066090345490485,
1839,OVERALL,FROZEN_FULL_TRANSITION_SAFETTA,0.6415619554506433,0.5169759137391066,
1839,OVERALL,CHANGE_MAGNITUDE_ONLY,0.4850936137756721,0.3913270274579561,
1839,OVERALL,CHANGE_MAGNITUDE_IOU_ONLY,0.4850936137756721,0.3913270274579561,
1840,OVERALL,SOURCE_STATE,0.5220776399015017,0.3394427248681706,
1840,OVERALL,SOURCE_PLUS_SIMPLE_MASK_CHANGE,0.4561706339626286,0.2984858939795962,
1840,OVERALL,FROZEN_FULL_TRANSITION_SAFETTA,0.6281203225339191,0.43842767208598676,
1840,OVERALL,CHANGE_MAGNITUDE_ONLY,0.5018408092318092,0.3450276504216484,
1840,OVERALL,CHANGE_MAGNITUDE_IOU_ONLY,0.5018408092318092,0.3450276504216484,
1841,OVERALL,SOURCE_STATE,0.541132714246546,0.36539062438938963,
1841,OVERALL,SOURCE_PLUS_SIMPLE_MASK_CHANGE,0.5144241658421448,0.3809340089828517,
1841,OVERALL,FROZEN_FULL_TRANSITION_SAFETTA,0.6805404889911428,0.5011140888772486,
1841,OVERALL,CHANGE_MAGNITUDE_ONLY,0.4977916721303658,0.3559709578843109,
1841,OVERALL,CHANGE_MAGNITUDE_IOU_ONLY,0.4977916721303658,0.3559709578843109,
1842,OVERALL,SOURCE_STATE,0.5508772628337846,0.3307387523521312,
1842,OVERALL,SOURCE_PLUS_SIMPLE_MASK_CHANGE,0.5010484684397728,0.3144494263708738,
1842,OVERALL,FROZEN_FULL_TRANSITION_SAFETTA,0.6692679301374953,0.4547303241628815,
1842,OVERALL,CHANGE_MAGNITUDE_ONLY,0.475503663003663,0.2941258983911288,
1842,OVERALL,CHANGE_MAGNITUDE_IOU_ONLY,0.475503663003663,0.2941258983911288,
1843,OVERALL,SOURCE_STATE,0.5280717388882701,0.3461054239989415,
1843,OVERALL,SOURCE_PLUS_SIMPLE_MASK_CHANGE,0.5166474818362977,0.3435660160657009,
1843,OVERALL,FROZEN_FULL_TRANSITION_SAFETTA,0.6336378151572537,0.44081541982085476,
1843,OVERALL,CHANGE_MAGNITUDE_ONLY,0.5364480833735596,0.36929679321247944,
1843,OVERALL,CHANGE_MAGNITUDE_IOU_ONLY,0.5364480833735596,0.36929679321247944,
1844,OVERALL,SOURCE_STATE,0.5557348538845331,0.38222031933652,
1844,OVERALL,SOURCE_PLUS_SIMPLE_MASK_CHANGE,0.5074839629365645,0.35281697337910956,
1844,OVERALL,FROZEN_FULL_TRANSITION_SAFETTA,0.6734540270848182,0.47249815632194797,
1844,OVERALL,CHANGE_MAGNITUDE_ONLY,0.4821012116892373,0.34165002761470586,
1844,OVERALL,CHANGE_MAGNITUDE_IOU_ONLY,0.4821012116892373,0.34165002761470586,
1845,OVERALL,SOURCE_STATE,0.4935245804070944,0.366337277915124,
1845,OVERALL,SOURCE_PLUS_SIMPLE_MASK_CHANGE,0.47498512081895017,0.36754314372573504,
1845,OVERALL,FROZEN_FULL_TRANSITION_SAFETTA,0.6226818235924294,0.490736605337891,
1845,OVERALL,CHANGE_MAGNITUDE_ONLY,0.5000773717414594,0.39104712509433526,
1845,OVERALL,CHANGE_MAGNITUDE_IOU_ONLY,0.5000773717414594,0.39104712509433526,
1846,OVERALL,SOURCE_STATE,0.5257963988919667,0.3626664581297759,
1846,OVERALL,SOURCE_PLUS_SIMPLE_MASK_CHANGE,0.4789242843951985,0.35991487554122287,
1846,OVERALL,FROZEN_FULL_TRANSITION_SAFETTA,0.6227550784856879,0.44478829107368706,
1846,OVERALL,CHANGE_MAGNITUDE_ONLY,0.4797379963065559,0.36042290967380525,
1846,OVERALL,CHANGE_MAGNITUDE_IOU_ONLY,0.4797379963065559,0.36042290967380525,
1847,OVERALL,SOURCE_STATE,0.4824144248142943,0.3352720480333619,
1847,OVERALL,SOURCE_PLUS_SIMPLE_MASK_CHANGE,0.46122139128689016,0.32977433064973527,
1847,OVERALL,FROZEN_FULL_TRANSITION_SAFETTA,0.6304770628387873,0.456277524901409,
1847,OVERALL,CHANGE_MAGNITUDE_ONLY,0.4773420246938366,0.3655954524357353,
1847,OVERALL,CHANGE_MAGNITUDE_IOU_ONLY,0.4773420246938366,0.3655954524357353,
1848,OVERALL,SOURCE_STATE,0.5565228502538917,0.4126824915002216,
1848,OVERALL,SOURCE_PLUS_SIMPLE_MASK_CHANGE,0.5074778608651207,0.3817836797769977,
1848,OVERALL,FROZEN_FULL_TRANSITION_SAFETTA,0.6413682374248604,0.5008242924333821,
1848,OVERALL,CHANGE_MAGNITUDE_ONLY,0.49301103345592723,0.37189276472997684,
1848,OVERALL,CHANGE_MAGNITUDE_IOU_ONLY,0.49301103345592723,0.37189276472997684,
1849,OVERALL,SOURCE_STATE,0.5613277651885464,0.399870045098369,
1849,OVERALL,SOURCE_PLUS_SIMPLE_MASK_CHANGE,0.4989234794500421,0.36096112372031974,
1849,OVERALL,FROZEN_FULL_TRANSITION_SAFETTA,0.6683582072683503,0.5004382221371105,
1849,OVERALL,CHANGE_MAGNITUDE_ONLY,0.4900457168044575,0.3668911714791645,
1849,OVERALL,CHANGE_MAGNITUDE_IOU_ONLY,0.4900457168044575,0.3668911714791645,
1850,OVERALL,SOURCE_STATE,0.535589412851682,0.3559053460693077,
1850,OVERALL,SOURCE_PLUS_SIMPLE_MASK_CHANGE,0.4548150026872467,0.3097041786781407,
1850,OVERALL,FROZEN_FULL_TRANSITION_SAFETTA,0.6314727923815044,0.42743132734386147,
1850,OVERALL,CHANGE_MAGNITUDE_ONLY,0.46552775714535893,0.3395718883491198,
1850,OVERALL,CHANGE_MAGNITUDE_IOU_ONLY,0.46552775714535893,0.3395718883491198,
1851,OVERALL,SOURCE_STATE,0.5013120122005921,0.36679387237875893,
1851,OVERALL,SOURCE_PLUS_SIMPLE_MASK_CHANGE,0.5018110253879967,0.36946887551088203,
1851,OVERALL,FROZEN_FULL_TRANSITION_SAFETTA,0.6329113214317753,0.48473641851973903,
1851,OVERALL,CHANGE_MAGNITUDE_ONLY,0.5100615636494124,0.38455535936883256,
1851,OVERALL,CHANGE_MAGNITUDE_IOU_ONLY,0.5100615636494124,0.38455535936883256,
1852,OVERALL,SOURCE_STATE,0.5838930007309941,0.40843168676117403,
1852,OVERALL,SOURCE_PLUS_SIMPLE_MASK_CHANGE,0.5098284448099415,0.3556169687418286,
1852,OVERALL,FROZEN_FULL_TRANSITION_SAFETTA,0.6656958150584795,0.4973073689814349,
1852,OVERALL,CHANGE_MAGNITUDE_ONLY,0.46463530244883045,0.32918155415170053,
1852,OVERALL,CHANGE_MAGNITUDE_IOU_ONLY,0.46463530244883045,0.32918155415170053,
1853,OVERALL,SOURCE_STATE,0.5158049981419547,0.36566270062405004,
1853,OVERALL,SOURCE_PLUS_SIMPLE_MASK_CHANGE,0.4687209680416202,0.3463643865856615,
1853,OVERALL,FROZEN_FULL_TRANSITION_SAFETTA,0.6330302396878484,0.47046140117218715,
1853,OVERALL,CHANGE_MAGNITUDE_ONLY,0.49755841230026016,0.3668746828448286,
1853,OVERALL,CHANGE_MAGNITUDE_IOU_ONLY,0.49755841230026016,0.3668746828448286,
1854,OVERALL,SOURCE_STATE,0.5247228527979194,0.37569098906843446,
1854,OVERALL,SOURCE_PLUS_SIMPLE_MASK_CHANGE,0.47452780287836377,0.33779533993259847,
1854,OVERALL,FROZEN_FULL_TRANSITION_SAFETTA,0.6260771824653428,0.46670400957310876,
1854,OVERALL,CHANGE_MAGNITUDE_ONLY,0.5103255239900382,0.3871578054391809,
1854,OVERALL,CHANGE_MAGNITUDE_IOU_ONLY,0.5103255239900382,0.3871578054391809,
1855,OVERALL,SOURCE_STATE,0.5844926424946142,0.4254290671502206,
1855,OVERALL,SOURCE_PLUS_SIMPLE_MASK_CHANGE,0.5112522973186792,0.38758664911424634,
1855,OVERALL,FROZEN_FULL_TRANSITION_SAFETTA,0.6754786334148806,0.5092051826740287,
1855,OVERALL,CHANGE_MAGNITUDE_ONLY,0.45541071798055033,0.3423435457419377,
1855,OVERALL,CHANGE_MAGNITUDE_IOU_ONLY,0.45541071798055033,0.3423435457419377,
1856,OVERALL,SOURCE_STATE,0.526916221033868,0.38144800507472665,
1856,OVERALL,SOURCE_PLUS_SIMPLE_MASK_CHANGE,0.47911609088079676,0.3630965573156197,
1856,OVERALL,FROZEN_FULL_TRANSITION_SAFETTA,0.6457629516453045,0.47993913189044773,
1856,OVERALL,CHANGE_MAGNITUDE_ONLY,0.47801261918908977,0.3629611657130615,
1856,OVERALL,CHANGE_MAGNITUDE_IOU_ONLY,0.47801261918908977,0.3629611657130615,
1857,OVERALL,SOURCE_STATE,0.5409585751917383,0.3981742071276768,
1857,OVERALL,SOURCE_PLUS_SIMPLE_MASK_CHANGE,0.44322446791150893,0.33413411762444034,
1857,OVERALL,FROZEN_FULL_TRANSITION_SAFETTA,0.6270893069445416,0.47988804689268716,
1857,OVERALL,CHANGE_MAGNITUDE_ONLY,0.4977387696109285,0.39719788995888844,
1857,OVERALL,CHANGE_MAGNITUDE_IOU_ONLY,0.4977387696109285,0.39719788995888844,
1858,OVERALL,SOURCE_STATE,0.5183094275578394,0.39340290495868735,
1858,OVERALL,SOURCE_PLUS_SIMPLE_MASK_CHANGE,0.4613186087899395,0.3511949181237937,
1858,OVERALL,FROZEN_FULL_TRANSITION_SAFETTA,0.6198804907657313,0.4847554696699167,
1858,OVERALL,CHANGE_MAGNITUDE_ONLY,0.5010489469279997,0.4134303044881134,
1858,OVERALL,CHANGE_MAGNITUDE_IOU_ONLY,0.5010489469279997,0.4134303044881134,
1859,OVERALL,SOURCE_STATE,0.565748448707818,0.39108012480205423,
1859,OVERALL,SOURCE_PLUS_SIMPLE_MASK_CHANGE,0.5006952484211429,0.3467775754570137,
1859,OVERALL,FROZEN_FULL_TRANSITION_SAFETTA,0.6360818616731292,0.46656087059386825,
1859,OVERALL,CHANGE_MAGNITUDE_ONLY,0.5052648988367605,0.35959721241626375,
1859,OVERALL,CHANGE_MAGNITUDE_IOU_ONLY,0.5052648988367605,0.35959721241626375,
1860,OVERALL,SOURCE_STATE,0.527116571561663,0.3797429839525482,
1860,OVERALL,SOURCE_PLUS_SIMPLE_MASK_CHANGE,0.4789856760218935,0.35843516851141144,
1860,OVERALL,FROZEN_FULL_TRANSITION_SAFETTA,0.6415686502853151,0.5042660990029089,
1860,OVERALL,CHANGE_MAGNITUDE_ONLY,0.48618260160708043,0.36412708670127164,
1860,OVERALL,CHANGE_MAGNITUDE_IOU_ONLY,0.48618260160708043,0.36412708670127164,
1861,OVERALL,SOURCE_STATE,0.4921874523718078,0.37533246794377173,
1861,OVERALL,SOURCE_PLUS_SIMPLE_MASK_CHANGE,0.4642598045491401,0.3662229541521346,
1861,OVERALL,FROZEN_FULL_TRANSITION_SAFETTA,0.6344837256372271,0.5014643554500104,
1861,OVERALL,CHANGE_MAGNITUDE_ONLY,0.5086782376502003,0.41901961078656413,
1861,OVERALL,CHANGE_MAGNITUDE_IOU_ONLY,0.5086782376502003,0.41901961078656413,
1862,OVERALL,SOURCE_STATE,0.5385265072765072,0.36906746256474804,
1862,OVERALL,SOURCE_PLUS_SIMPLE_MASK_CHANGE,0.4887013324513325,0.3315152820378157,
1862,OVERALL,FROZEN_FULL_TRANSITION_SAFETTA,0.636032886032886,0.45905450927525526,
1862,OVERALL,CHANGE_MAGNITUDE_ONLY,0.4681652806652806,0.33746109414019126,
1862,OVERALL,CHANGE_MAGNITUDE_IOU_ONLY,0.4681652806652806,0.33746109414019126,
1863,OVERALL,SOURCE_STATE,0.5615713614675271,0.372161495610122,
1863,OVERALL,SOURCE_PLUS_SIMPLE_MASK_CHANGE,0.5195740314964523,0.33971073438491395,
1863,OVERALL,FROZEN_FULL_TRANSITION_SAFETTA,0.6646023387475587,0.47251300950461034,
1863,OVERALL,CHANGE_MAGNITUDE_ONLY,0.48587109693688346,0.3245957768173162,
1863,OVERALL,CHANGE_MAGNITUDE_IOU_ONLY,0.48587109693688346,0.3245957768173162,
1864,OVERALL,SOURCE_STATE,0.5272318474771485,0.3747462611919286,
1864,OVERALL,SOURCE_PLUS_SIMPLE_MASK_CHANGE,0.4577952312103315,0.3360950981099743,
1864,OVERALL,FROZEN_FULL_TRANSITION_SAFETTA,0.6219153576592251,0.4580929823300781,
1864,OVERALL,CHANGE_MAGNITUDE_ONLY,0.505385105496606,0.3718404812603903,
1864,OVERALL,CHANGE_MAGNITUDE_IOU_ONLY,0.505385105496606,0.3718404812603903,
1865,OVERALL,SOURCE_STATE,0.5518838711308282,0.4039266508356002,
1865,OVERALL,SOURCE_PLUS_SIMPLE_MASK_CHANGE,0.4944577155929676,0.35839016989929795,
1865,OVERALL,FROZEN_FULL_TRANSITION_SAFETTA,0.6542486634057558,0.4948685063430202,
1865,OVERALL,CHANGE_MAGNITUDE_ONLY,0.4819607174003716,0.3541621397612425,
1865,OVERALL,CHANGE_MAGNITUDE_IOU_ONLY,0.4819607174003716,0.3541621397612425,
1866,OVERALL,SOURCE_STATE,0.5651225404762191,0.4060955896324901,
1866,OVERALL,SOURCE_PLUS_SIMPLE_MASK_CHANGE,0.4961717369616694,0.36314192778161547,
1866,OVERALL,FROZEN_FULL_TRANSITION_SAFETTA,0.6467901486832458,0.49010359079183047,
1866,OVERALL,CHANGE_MAGNITUDE_ONLY,0.4809488322896258,0.3610560982524872,
1866,OVERALL,CHANGE_MAGNITUDE_IOU_ONLY,0.4809488322896258,0.3610560982524872,
1867,OVERALL,SOURCE_STATE,0.5248732161811535,0.3691701208395778,
1867,OVERALL,SOURCE_PLUS_SIMPLE_MASK_CHANGE,0.5175669300625074,0.3913165077307599,
1867,OVERALL,FROZEN_FULL_TRANSITION_SAFETTA,0.6837244958131855,0.5052115461628117,
1867,OVERALL,CHANGE_MAGNITUDE_ONLY,0.5010732397688407,0.3637646125953178,
1867,OVERALL,CHANGE_MAGNITUDE_IOU_ONLY,0.5010732397688407,0.3637646125953178,
1868,OVERALL,SOURCE_STATE,0.5095124559096439,0.3487980565268482,
1868,OVERALL,SOURCE_PLUS_SIMPLE_MASK_CHANGE,0.48591566605626363,0.33938389948698244,
1868,OVERALL,FROZEN_FULL_TRANSITION_SAFETTA,0.6350608969238143,0.45679667432477145,
1868,OVERALL,CHANGE_MAGNITUDE_ONLY,0.5275234431649194,0.3793483540194996,
1868,OVERALL,CHANGE_MAGNITUDE_IOU_ONLY,0.5275234431649194,0.3793483540194996,
1869,OVERALL,SOURCE_STATE,0.5334807782213111,0.3675221803324388,
1869,OVERALL,SOURCE_PLUS_SIMPLE_MASK_CHANGE,0.4826062981743206,0.3325157151429656,
1869,OVERALL,FROZEN_FULL_TRANSITION_SAFETTA,0.6534445763057264,0.46083129025325026,
1869,OVERALL,CHANGE_MAGNITUDE_ONLY,0.4663693794128576,0.34496164612899094,
1869,OVERALL,CHANGE_MAGNITUDE_IOU_ONLY,0.4663693794128576,0.34496164612899094,
1870,OVERALL,SOURCE_STATE,0.5211407199625994,0.3372387806319048,
1870,OVERALL,SOURCE_PLUS_SIMPLE_MASK_CHANGE,0.4561757830762038,0.3183907748556833,
1870,OVERALL,FROZEN_FULL_TRANSITION_SAFETTA,0.6199968832787907,0.42569071444217765,
1870,OVERALL,CHANGE_MAGNITUDE_ONLY,0.46730247779336137,0.3352016046941926,
1870,OVERALL,CHANGE_MAGNITUDE_IOU_ONLY,0.46730247779336137,0.3352016046941926,
1871,OVERALL,SOURCE_STATE,0.5565263743394827,0.4137642017347347,
1871,OVERALL,SOURCE_PLUS_SIMPLE_MASK_CHANGE,0.510823213126912,0.38756880470439375,
1871,OVERALL,FROZEN_FULL_TRANSITION_SAFETTA,0.6553953833317883,0.5191375147469953,
1871,OVERALL,CHANGE_MAGNITUDE_ONLY,0.5055970149253732,0.3857489615518649,
1871,OVERALL,CHANGE_MAGNITUDE_IOU_ONLY,0.5055970149253732,0.3857489615518649,
1872,OVERALL,SOURCE_STATE,0.5051941725575494,0.3284401464274591,
1872,OVERALL,SOURCE_PLUS_SIMPLE_MASK_CHANGE,0.41745400580025377,0.27189265778527244,
1872,OVERALL,FROZEN_FULL_TRANSITION_SAFETTA,0.5853384991843393,0.3893653242820941,
1872,OVERALL,CHANGE_MAGNITUDE_ONLY,0.470126427406199,0.3375887073629402,
1872,OVERALL,CHANGE_MAGNITUDE_IOU_ONLY,0.470126427406199,0.3375887073629402,
1873,OVERALL,SOURCE_STATE,0.48256488059996056,0.32363206119282933,
1873,OVERALL,SOURCE_PLUS_SIMPLE_MASK_CHANGE,0.4529985691730808,0.31678880962815653,
1873,OVERALL,FROZEN_FULL_TRANSITION_SAFETTA,0.6178520327610026,0.43249428826418396,
1873,OVERALL,CHANGE_MAGNITUDE_ONLY,0.48369967436352873,0.35995167988137416,
1873,OVERALL,CHANGE_MAGNITUDE_IOU_ONLY,0.48369967436352873,0.35995167988137416,
1874,OVERALL,SOURCE_STATE,0.5376226631330134,0.33670229839652255,
1874,OVERALL,SOURCE_PLUS_SIMPLE_MASK_CHANGE,0.49434734856624407,0.32135682411094874,
1874,OVERALL,FROZEN_FULL_TRANSITION_SAFETTA,0.6327209130196022,0.43275639210911265,
1874,OVERALL,CHANGE_MAGNITUDE_ONLY,0.4802933170976291,0.31052061706392475,
1874,OVERALL,CHANGE_MAGNITUDE_IOU_ONLY,0.4802933170976291,0.31052061706392475,
1875,OVERALL,SOURCE_STATE,0.5092555090957838,0.37506465205630435,
1875,OVERALL,SOURCE_PLUS_SIMPLE_MASK_CHANGE,0.4844467515872699,0.3660039194343159,
1875,OVERALL,FROZEN_FULL_TRANSITION_SAFETTA,0.6310060980827263,0.4678484854540276,
1875,OVERALL,CHANGE_MAGNITUDE_ONLY,0.5025584565975094,0.38647892911625364,
1875,OVERALL,CHANGE_MAGNITUDE_IOU_ONLY,0.5025584565975094,0.38647892911625364,
1876,OVERALL,SOURCE_STATE,0.5963876146788991,0.4120040223124631,
1876,OVERALL,SOURCE_PLUS_SIMPLE_MASK_CHANGE,0.5115889398572884,0.36273515222054153,
1876,OVERALL,FROZEN_FULL_TRANSITION_SAFETTA,0.6797655453618756,0.48402085736856343,
1876,OVERALL,CHANGE_MAGNITUDE_ONLY,0.42081740570846077,0.298648227132766,
1876,OVERALL,CHANGE_MAGNITUDE_IOU_ONLY,0.42081740570846077,0.298648227132766,
1877,OVERALL,SOURCE_STATE,0.5120580396801895,0.36562635201490845,
1877,OVERALL,SOURCE_PLUS_SIMPLE_MASK_CHANGE,0.45519099792715434,0.33125200927350806,
1877,OVERALL,FROZEN_FULL_TRANSITION_SAFETTA,0.6136985490079953,0.4558781897519244,
1877,OVERALL,CHANGE_MAGNITUDE_ONLY,0.5086822623630441,0.3886581189127331,
1877,OVERALL,CHANGE_MAGNITUDE_IOU_ONLY,0.5086822623630441,0.3886581189127331,
1878,OVERALL,SOURCE_STATE,0.5839491884262527,0.43153816384694627,
1878,OVERALL,SOURCE_PLUS_SIMPLE_MASK_CHANGE,0.5444008468595625,0.42240181921936015,
1878,OVERALL,FROZEN_FULL_TRANSITION_SAFETTA,0.6898743824982356,0.564049218733021,
1878,OVERALL,CHANGE_MAGNITUDE_ONLY,0.5026167960479887,0.37543404016663984,
1878,OVERALL,CHANGE_MAGNITUDE_IOU_ONLY,0.5026167960479887,0.37543404016663984,
1879,OVERALL,SOURCE_STATE,0.4861514964607748,0.3331459683333632,
1879,OVERALL,SOURCE_PLUS_SIMPLE_MASK_CHANGE,0.44403912238963783,0.3118821177478723,
1879,OVERALL,FROZEN_FULL_TRANSITION_SAFETTA,0.6072664258231268,0.4353355055314445,
1879,OVERALL,CHANGE_MAGNITUDE_ONLY,0.5217052897465269,0.37900854813058915,
1879,OVERALL,CHANGE_MAGNITUDE_IOU_ONLY,0.5217052897465269,0.37900854813058915,
1880,OVERALL,SOURCE_STATE,0.524029304029304,0.3694601668302233,
1880,OVERALL,SOURCE_PLUS_SIMPLE_MASK_CHANGE,0.47199633699633703,0.33659248757192595,
1880,OVERALL,FROZEN_FULL_TRANSITION_SAFETTA,0.6514835164835164,0.46926603096227815,
1880,OVERALL,CHANGE_MAGNITUDE_ONLY,0.46224664224664225,0.3483531682492706,
1880,OVERALL,CHANGE_MAGNITUDE_IOU_ONLY,0.46224664224664225,0.3483531682492706,
1881,OVERALL,SOURCE_STATE,0.5023740905225362,0.35759446754914503,
1881,OVERALL,SOURCE_PLUS_SIMPLE_MASK_CHANGE,0.47194202967022586,0.3295584462144042,
1881,OVERALL,FROZEN_FULL_TRANSITION_SAFETTA,0.629228479637154,0.450983714331486,
1881,OVERALL,CHANGE_MAGNITUDE_ONLY,0.4927182745913257,0.3700662539939243,
1881,OVERALL,CHANGE_MAGNITUDE_IOU_ONLY,0.4927182745913257,0.3700662539939243,
1882,OVERALL,SOURCE_STATE,0.5420033073470352,0.43488924148885166,
1882,OVERALL,SOURCE_PLUS_SIMPLE_MASK_CHANGE,0.5106661941885188,0.4268725708804523,
1882,OVERALL,FROZEN_FULL_TRANSITION_SAFETTA,0.6593078195133475,0.5387769488534945,
1882,OVERALL,CHANGE_MAGNITUDE_ONLY,0.5001092605716986,0.4160418422203579,
1882,OVERALL,CHANGE_MAGNITUDE_IOU_ONLY,0.5001092605716986,0.4160418422203579,
1883,OVERALL,SOURCE_STATE,0.5497026039715249,0.40973809559403834,
1883,OVERALL,SOURCE_PLUS_SIMPLE_MASK_CHANGE,0.49313881603596854,0.3688067777251541,
1883,OVERALL,FROZEN_FULL_TRANSITION_SAFETTA,0.6603011427500937,0.5158837473692748,
1883,OVERALL,CHANGE_MAGNITUDE_ONLY,0.482405044023979,0.36539512620534376,
1883,OVERALL,CHANGE_MAGNITUDE_IOU_ONLY,0.482405044023979,0.36539512620534376,
1884,OVERALL,SOURCE_STATE,0.5533300321861847,0.3603553633426677,
1884,OVERALL,SOURCE_PLUS_SIMPLE_MASK_CHANGE,0.486723198811587,0.3384942534729146,
1884,OVERALL,FROZEN_FULL_TRANSITION_SAFETTA,0.6688474870017331,0.4801655892527622,
1884,OVERALL,CHANGE_MAGNITUDE_ONLY,0.45341668729883633,0.31193191244051227,
1884,OVERALL,CHANGE_MAGNITUDE_IOU_ONLY,0.45341668729883633,0.31193191244051227,
1885,OVERALL,SOURCE_STATE,0.550535735311433,0.3900627125037315,
1885,OVERALL,SOURCE_PLUS_SIMPLE_MASK_CHANGE,0.4574119863416931,0.318258157538861,
1885,OVERALL,FROZEN_FULL_TRANSITION_SAFETTA,0.6793182620981986,0.49580488584540255,
1885,OVERALL,CHANGE_MAGNITUDE_ONLY,0.45853644177557984,0.34181798889013904,
1885,OVERALL,CHANGE_MAGNITUDE_IOU_ONLY,0.45853644177557984,0.34181798889013904,
1886,OVERALL,SOURCE_STATE,0.5459265692270736,0.3804024812807659,
1886,OVERALL,SOURCE_PLUS_SIMPLE_MASK_CHANGE,0.49718829493030786,0.36048058077076994,
1886,OVERALL,FROZEN_FULL_TRANSITION_SAFETTA,0.6631066107405286,0.4992083274471405,
1886,OVERALL,CHANGE_MAGNITUDE_ONLY,0.4763330192107516,0.3554238132029673,
1886,OVERALL,CHANGE_MAGNITUDE_IOU_ONLY,0.4763330192107516,0.3554238132029673,
1887,OVERALL,SOURCE_STATE,0.4827971828304939,0.35582410728922736,
1887,OVERALL,SOURCE_PLUS_SIMPLE_MASK_CHANGE,0.4469044446559436,0.3295562306052713,
1887,OVERALL,FROZEN_FULL_TRANSITION_SAFETTA,0.5755270295993148,0.4322177244991763,
1887,OVERALL,CHANGE_MAGNITUDE_ONLY,0.5128188350623394,0.40569681558875087,
1887,OVERALL,CHANGE_MAGNITUDE_IOU_ONLY,0.5128188350623394,0.40569681558875087,
1888,OVERALL,SOURCE_STATE,0.5380580957504035,0.37037097858007095,
1888,OVERALL,SOURCE_PLUS_SIMPLE_MASK_CHANGE,0.49780737656991836,0.3419630724758219,
1888,OVERALL,FROZEN_FULL_TRANSITION_SAFETTA,0.6363227073929414,0.44360892170963495,
1888,OVERALL,CHANGE_MAGNITUDE_ONLY,0.4461900975278902,0.3193650293666993,
1888,OVERALL,CHANGE_MAGNITUDE_IOU_ONLY,0.4461900975278902,0.3193650293666993,
1889,OVERALL,SOURCE_STATE,0.5245437344318835,0.3705922634576062,
1889,OVERALL,SOURCE_PLUS_SIMPLE_MASK_CHANGE,0.47909082199655106,0.3510693613808956,
1889,OVERALL,FROZEN_FULL_TRANSITION_SAFETTA,0.6360593504502778,0.46134157268654735,
1889,OVERALL,CHANGE_MAGNITUDE_ONLY,0.46737581433224756,0.3521238903024644,
1889,OVERALL,CHANGE_MAGNITUDE_IOU_ONLY,0.46737581433224756,0.3521238903024644,
1890,OVERALL,SOURCE_STATE,0.5271040479261139,0.3657298590360153,
1890,OVERALL,SOURCE_PLUS_SIMPLE_MASK_CHANGE,0.4505256776754884,0.3314408007044292,
1890,OVERALL,FROZEN_FULL_TRANSITION_SAFETTA,0.6110579523235014,0.4435287744163122,
1890,OVERALL,CHANGE_MAGNITUDE_ONLY,0.4907315507640007,0.37316910503320777,
1890,OVERALL,CHANGE_MAGNITUDE_IOU_ONLY,0.4907315507640007,0.37316910503320777,
1891,OVERALL,SOURCE_STATE,0.5176894255841624,0.37071506190079023,
1891,OVERALL,SOURCE_PLUS_SIMPLE_MASK_CHANGE,0.4611592111592112,0.33587462634962617,
1891,OVERALL,FROZEN_FULL_TRANSITION_SAFETTA,0.6069340016708438,0.4260420500942166,
1891,OVERALL,CHANGE_MAGNITUDE_ONLY,0.4643933064985697,0.3641277412378622,
1891,OVERALL,CHANGE_MAGNITUDE_IOU_ONLY,0.4643933064985697,0.3641277412378622,
1892,OVERALL,SOURCE_STATE,0.46822226808629464,0.31819294277399457,
1892,OVERALL,SOURCE_PLUS_SIMPLE_MASK_CHANGE,0.4650232490378662,0.31409789152402334,
1892,OVERALL,FROZEN_FULL_TRANSITION_SAFETTA,0.5952724932923794,0.40777419945179305,
1892,OVERALL,CHANGE_MAGNITUDE_ONLY,0.49003872816229405,0.3556604754832454,
1892,OVERALL,CHANGE_MAGNITUDE_IOU_ONLY,0.49003872816229405,0.3556604754832454,
1893,OVERALL,SOURCE_STATE,0.5609276498831927,0.39643845677977907,
1893,OVERALL,SOURCE_PLUS_SIMPLE_MASK_CHANGE,0.48402850333986824,0.3446205515897307,
1893,OVERALL,FROZEN_FULL_TRANSITION_SAFETTA,0.6486681614876207,0.4684672476955781,
1893,OVERALL,CHANGE_MAGNITUDE_ONLY,0.46314992428066637,0.33536157700081215,
1893,OVERALL,CHANGE_MAGNITUDE_IOU_ONLY,0.46314992428066637,0.33536157700081215,
1894,OVERALL,SOURCE_STATE,0.5430823309716043,0.39407974257818607,
1894,OVERALL,SOURCE_PLUS_SIMPLE_MASK_CHANGE,0.5149393090569561,0.36018676995189153,
1894,OVERALL,FROZEN_FULL_TRANSITION_SAFETTA,0.6693304772889548,0.5278283739614354,
1894,OVERALL,CHANGE_MAGNITUDE_ONLY,0.4827923326193222,0.3495573421936646,
1894,OVERALL,CHANGE_MAGNITUDE_IOU_ONLY,0.4827923326193222,0.3495573421936646,
1895,OVERALL,SOURCE_STATE,0.4947693785832127,0.32517142615636496,
1895,OVERALL,SOURCE_PLUS_SIMPLE_MASK_CHANGE,0.42966947529440025,0.2928678398397908,
1895,OVERALL,FROZEN_FULL_TRANSITION_SAFETTA,0.6204433544243788,0.4290602515625146,
1895,OVERALL,CHANGE_MAGNITUDE_ONLY,0.468006295708678,0.3439075329240091,
1895,OVERALL,CHANGE_MAGNITUDE_IOU_ONLY,0.468006295708678,0.3439075329240091,
1896,OVERALL,SOURCE_STATE,0.5235500697206011,0.34664384718691765,
1896,OVERALL,SOURCE_PLUS_SIMPLE_MASK_CHANGE,0.4886187574239529,0.3349998795803357,
1896,OVERALL,FROZEN_FULL_TRANSITION_SAFETTA,0.6190737489025461,0.4436725581764021,
1896,OVERALL,CHANGE_MAGNITUDE_ONLY,0.5128628053504106,0.3473283654300407,
1896,OVERALL,CHANGE_MAGNITUDE_IOU_ONLY,0.5128628053504106,0.3473283654300407,
1897,OVERALL,SOURCE_STATE,0.49009708265407914,0.3209352917782012,
1897,OVERALL,SOURCE_PLUS_SIMPLE_MASK_CHANGE,0.47111243582568924,0.339784045229473,
1897,OVERALL,FROZEN_FULL_TRANSITION_SAFETTA,0.6414632959439402,0.47439857920084194,
1897,OVERALL,CHANGE_MAGNITUDE_ONLY,0.4899054721526071,0.35665356968321893,
1897,OVERALL,CHANGE_MAGNITUDE_IOU_ONLY,0.4899054721526071,0.35665356968321893,
1898,OVERALL,SOURCE_STATE,0.5232317101104036,0.3932754141463825,
1898,OVERALL,SOURCE_PLUS_SIMPLE_MASK_CHANGE,0.48307297631590995,0.38577247875169673,
1898,OVERALL,FROZEN_FULL_TRANSITION_SAFETTA,0.6397281139768198,0.5076910938022452,
1898,OVERALL,CHANGE_MAGNITUDE_ONLY,0.4940789775069861,0.3990580204115076,
1898,OVERALL,CHANGE_MAGNITUDE_IOU_ONLY,0.4940789775069861,0.3990580204115076,
1899,OVERALL,SOURCE_STATE,0.5103234728234728,0.3745919981456424,
1899,OVERALL,SOURCE_PLUS_SIMPLE_MASK_CHANGE,0.4872113997113997,0.37054304781206227,
1899,OVERALL,FROZEN_FULL_TRANSITION_SAFETTA,0.6238155363155362,0.4827570728460505,
1899,OVERALL,CHANGE_MAGNITUDE_ONLY,0.5174242424242425,0.399618627839327,
1899,OVERALL,CHANGE_MAGNITUDE_IOU_ONLY,0.5174242424242425,0.399618627839327,
1900,OVERALL,SOURCE_STATE,0.5314687756420329,0.39356906561779464,
1900,OVERALL,SOURCE_PLUS_SIMPLE_MASK_CHANGE,0.46663989711179776,0.3571694277012023,
1900,OVERALL,FROZEN_FULL_TRANSITION_SAFETTA,0.6545679917596328,0.5077732352473135,
1900,OVERALL,CHANGE_MAGNITUDE_ONLY,0.4849304864493677,0.38182753274118053,
1900,OVERALL,CHANGE_MAGNITUDE_IOU_ONLY,0.4849304864493677,0.38182753274118053,
1901,OVERALL,SOURCE_STATE,0.5293951384963256,0.3690180302928485,
1901,OVERALL,SOURCE_PLUS_SIMPLE_MASK_CHANGE,0.4563720871804535,0.3237261062489977,
1901,OVERALL,FROZEN_FULL_TRANSITION_SAFETTA,0.6376169838577979,0.46007532760632813,
1901,OVERALL,CHANGE_MAGNITUDE_ONLY,0.4607562339049055,0.3499379905520878,
1901,OVERALL,CHANGE_MAGNITUDE_IOU_ONLY,0.4607562339049055,0.3499379905520878,
1902,OVERALL,SOURCE_STATE,0.5244081290592919,0.3631544519615182,
1902,OVERALL,SOURCE_PLUS_SIMPLE_MASK_CHANGE,0.5116279069767442,0.3586416735671613,
1902,OVERALL,FROZEN_FULL_TRANSITION_SAFETTA,0.6526652898745923,0.48002694452184236,
1902,OVERALL,CHANGE_MAGNITUDE_ONLY,0.48591182544670913,0.3512704746804849,
1902,OVERALL,CHANGE_MAGNITUDE_IOU_ONLY,0.48591182544670913,0.3512704746804849,
1903,OVERALL,SOURCE_STATE,0.4826525268394868,0.3154822216799286,
1903,OVERALL,SOURCE_PLUS_SIMPLE_MASK_CHANGE,0.43786986122021476,0.28970453528008966,
1903,OVERALL,FROZEN_FULL_TRANSITION_SAFETTA,0.5875294579732915,0.3894893059780593,
1903,OVERALL,CHANGE_MAGNITUDE_ONLY,0.5267936632626342,0.3862205474312867,
1903,OVERALL,CHANGE_MAGNITUDE_IOU_ONLY,0.5267936632626342,0.3862205474312867,
1904,OVERALL,SOURCE_STATE,0.513327721661055,0.3930086148613951,
1904,OVERALL,SOURCE_PLUS_SIMPLE_MASK_CHANGE,0.4793322109988777,0.3735827609379725,
1904,OVERALL,FROZEN_FULL_TRANSITION_SAFETTA,0.6412850729517396,0.5181207206766436,
1904,OVERALL,CHANGE_MAGNITUDE_ONLY,0.5167985409652076,0.40915279875296906,
1904,OVERALL,CHANGE_MAGNITUDE_IOU_ONLY,0.5167985409652076,0.40915279875296906,
1905,OVERALL,SOURCE_STATE,0.5431031495790166,0.3648199241297031,
1905,OVERALL,SOURCE_PLUS_SIMPLE_MASK_CHANGE,0.47194021921162355,0.33001451064520215,
1905,OVERALL,FROZEN_FULL_TRANSITION_SAFETTA,0.6641199773627617,0.47649917383883356,
1905,OVERALL,CHANGE_MAGNITUDE_ONLY,0.4842694293337029,0.34467202432460364,
1905,OVERALL,CHANGE_MAGNITUDE_IOU_ONLY,0.4842694293337029,0.34467202432460364,
1906,OVERALL,SOURCE_STATE,0.5378849189266752,0.3696240455580666,
1906,OVERALL,SOURCE_PLUS_SIMPLE_MASK_CHANGE,0.5135657913617449,0.3579134457609726,
1906,OVERALL,FROZEN_FULL_TRANSITION_SAFETTA,0.6575520160711723,0.496631088450992,
1906,OVERALL,CHANGE_MAGNITUDE_ONLY,0.5209843593054957,0.37119442421986965,
1906,OVERALL,CHANGE_MAGNITUDE_IOU_ONLY,0.5209843593054957,0.37119442421986965,
1907,OVERALL,SOURCE_STATE,0.5561024545923875,0.40182040470087876,
1907,OVERALL,SOURCE_PLUS_SIMPLE_MASK_CHANGE,0.4986917444971136,0.39663410931566495,
1907,OVERALL,FROZEN_FULL_TRANSITION_SAFETTA,0.6486189984512132,0.5057301262230731,
1907,OVERALL,CHANGE_MAGNITUDE_ONLY,0.5099791148448867,0.37440478641345787,
1907,OVERALL,CHANGE_MAGNITUDE_IOU_ONLY,0.5099791148448867,0.37440478641345787,
1908,OVERALL,SOURCE_STATE,0.5064342775896762,0.35403737227513926,
1908,OVERALL,SOURCE_PLUS_SIMPLE_MASK_CHANGE,0.4575988336365718,0.3319414545387607,
1908,OVERALL,FROZEN_FULL_TRANSITION_SAFETTA,0.6363729471160219,0.47066063666355407,
1908,OVERALL,CHANGE_MAGNITUDE_ONLY,0.4874326750448833,0.3736001519158394,
1908,OVERALL,CHANGE_MAGNITUDE_IOU_ONLY,0.4874326750448833,0.3736001519158394,
1909,OVERALL,SOURCE_STATE,0.5149015885388837,0.33172094563168103,
1909,OVERALL,SOURCE_PLUS_SIMPLE_MASK_CHANGE,0.45973333668600747,0.2921981967560159,
1909,OVERALL,FROZEN_FULL_TRANSITION_SAFETTA,0.6290035643116226,0.4241754528394909,
1909,OVERALL,CHANGE_MAGNITUDE_ONLY,0.4813706569774386,0.33320159154796614,
1909,OVERALL,CHANGE_MAGNITUDE_IOU_ONLY,0.4813706569774386,0.33320159154796614,
1910,OVERALL,SOURCE_STATE,0.5396467315880543,0.3853753486762874,
1910,OVERALL,SOURCE_PLUS_SIMPLE_MASK_CHANGE,0.4874950541241223,0.3617779958992886,
1910,OVERALL,FROZEN_FULL_TRANSITION_SAFETTA,0.6301547837692594,0.48301345346537644,
1910,OVERALL,CHANGE_MAGNITUDE_ONLY,0.49249112695103725,0.3808639780896704,
1910,OVERALL,CHANGE_MAGNITUDE_IOU_ONLY,0.49249112695103725,0.3808639780896704,
1911,OVERALL,SOURCE_STATE,0.5069605792437651,0.33580174329931206,
1911,OVERALL,SOURCE_PLUS_SIMPLE_MASK_CHANGE,0.44512308930008043,0.30222005033426813,
1911,OVERALL,FROZEN_FULL_TRANSITION_SAFETTA,0.63266291230893,0.4435005077196611,
1911,OVERALL,CHANGE_MAGNITUDE_ONLY,0.5200289621882542,0.37465344654399346,
1911,OVERALL,CHANGE_MAGNITUDE_IOU_ONLY,0.5200289621882542,0.37465344654399346,
1912,OVERALL,SOURCE_STATE,0.5205378824672171,0.3547333559761322,
1912,OVERALL,SOURCE_PLUS_SIMPLE_MASK_CHANGE,0.504826372025255,0.3591285218986912,
1912,OVERALL,FROZEN_FULL_TRANSITION_SAFETTA,0.6244050509956289,0.42481118233951287,
1912,OVERALL,CHANGE_MAGNITUDE_ONLY,0.508180548810102,0.36375184126787713,
1912,OVERALL,CHANGE_MAGNITUDE_IOU_ONLY,0.508180548810102,0.36375184126787713,
1913,OVERALL,SOURCE_STATE,0.5237042798072995,0.3670577741700835,
1913,OVERALL,SOURCE_PLUS_SIMPLE_MASK_CHANGE,0.48733514992474386,0.3631067731363052,
1913,OVERALL,FROZEN_FULL_TRANSITION_SAFETTA,0.63898882628425,0.48046242351458,
1913,OVERALL,CHANGE_MAGNITUDE_ONLY,0.4537272762878869,0.3380322756911544,
1913,OVERALL,CHANGE_MAGNITUDE_IOU_ONLY,0.4537272762878869,0.3380322756911544,
1914,OVERALL,SOURCE_STATE,0.5306224435025635,0.3698543144802935,
1914,OVERALL,SOURCE_PLUS_SIMPLE_MASK_CHANGE,0.4792302899060381,0.3410645974786535,
1914,OVERALL,FROZEN_FULL_TRANSITION_SAFETTA,0.6169094375242925,0.47497664038596377,
1914,OVERALL,CHANGE_MAGNITUDE_ONLY,0.510963248132176,0.37633127720593107,
1914,OVERALL,CHANGE_MAGNITUDE_IOU_ONLY,0.510963248132176,0.37633127720593107,
1915,OVERALL,SOURCE_STATE,0.4968539454150965,0.3542270876830087,
1915,OVERALL,SOURCE_PLUS_SIMPLE_MASK_CHANGE,0.49704236610711433,0.3769015478402618,
1915,OVERALL,FROZEN_FULL_TRANSITION_SAFETTA,0.6101518784972022,0.4615059246225993,
1915,OVERALL,CHANGE_MAGNITUDE_ONLY,0.5028091812264474,0.3864230277691222,
1915,OVERALL,CHANGE_MAGNITUDE_IOU_ONLY,0.5028091812264474,0.3864230277691222,
1916,OVERALL,SOURCE_STATE,0.5647483299396279,0.40066753244596576,
1916,OVERALL,SOURCE_PLUS_SIMPLE_MASK_CHANGE,0.5153847985805975,0.38765089740905834,
1916,OVERALL,FROZEN_FULL_TRANSITION_SAFETTA,0.6574679384131747,0.49668343281823435,
1916,OVERALL,CHANGE_MAGNITUDE_ONLY,0.4837697519618,0.3493405703945991,
1916,OVERALL,CHANGE_MAGNITUDE_IOU_ONLY,0.4837697519618,0.3493405703945991,
1917,OVERALL,SOURCE_STATE,0.5022975738088279,0.358278796456076,
1917,OVERALL,SOURCE_PLUS_SIMPLE_MASK_CHANGE,0.4373107278573516,0.3295528181223959,
1917,OVERALL,FROZEN_FULL_TRANSITION_SAFETTA,0.6395323004969307,0.48548864112423024,
1917,OVERALL,CHANGE_MAGNITUDE_ONLY,0.46249926921952644,0.3690445415550372,
1917,OVERALL,CHANGE_MAGNITUDE_IOU_ONLY,0.46249926921952644,0.3690445415550372,
1918,OVERALL,SOURCE_STATE,0.536425983436853,0.38638506352911073,
1918,OVERALL,SOURCE_PLUS_SIMPLE_MASK_CHANGE,0.4767786561264822,0.35734661507406884,
1918,OVERALL,FROZEN_FULL_TRANSITION_SAFETTA,0.646980284208545,0.47251843075237154,
1918,OVERALL,CHANGE_MAGNITUDE_ONLY,0.4761493035949558,0.36340438278390597,
1918,OVERALL,CHANGE_MAGNITUDE_IOU_ONLY,0.4761493035949558,0.36340438278390597,
1919,OVERALL,SOURCE_STATE,0.5559748427672956,0.40938995246540605,
1919,OVERALL,SOURCE_PLUS_SIMPLE_MASK_CHANGE,0.5081875357347057,0.3935405845760516,
1919,OVERALL,FROZEN_FULL_TRANSITION_SAFETTA,0.651303602058319,0.5041941886240793,
1919,OVERALL,CHANGE_MAGNITUDE_ONLY,0.511357918810749,0.38487830845468735,
1919,OVERALL,CHANGE_MAGNITUDE_IOU_ONLY,0.511357918810749,0.38487830845468735,
1920,OVERALL,SOURCE_STATE,0.5326371734411258,0.3687072623912028,
1920,OVERALL,SOURCE_PLUS_SIMPLE_MASK_CHANGE,0.48325099184070663,0.34878743121049527,
1920,OVERALL,FROZEN_FULL_TRANSITION_SAFETTA,0.6139868253611798,0.4456739706577042,
1920,OVERALL,CHANGE_MAGNITUDE_ONLY,0.4692279861267061,0.34572159947957193,
1920,OVERALL,CHANGE_MAGNITUDE_IOU_ONLY,0.4692279861267061,0.34572159947957193,
1921,OVERALL,SOURCE_STATE,0.5338484546360918,0.3653321277493614,
1921,OVERALL,SOURCE_PLUS_SIMPLE_MASK_CHANGE,0.517098703888335,0.3925577112522895,
1921,OVERALL,FROZEN_FULL_TRANSITION_SAFETTA,0.6688060817547359,0.5102000648064979,
1921,OVERALL,CHANGE_MAGNITUDE_ONLY,0.5199152542372882,0.37506879646931657,
1921,OVERALL,CHANGE_MAGNITUDE_IOU_ONLY,0.5199152542372882,0.37506879646931657,
1922,OVERALL,SOURCE_STATE,0.5233592300556587,0.3734798038116551,
1922,OVERALL,SOURCE_PLUS_SIMPLE_MASK_CHANGE,0.4824153525046382,0.3410913818860847,
1922,OVERALL,FROZEN_FULL_TRANSITION_SAFETTA,0.6424107142857143,0.4866775458542466,
1922,OVERALL,CHANGE_MAGNITUDE_ONLY,0.5168657235621522,0.39211479296165047,
1922,OVERALL,CHANGE_MAGNITUDE_IOU_ONLY,0.5168657235621522,0.39211479296165047,
1923,OVERALL,SOURCE_STATE,0.5540580851470027,0.3795352715314726,
1923,OVERALL,SOURCE_PLUS_SIMPLE_MASK_CHANGE,0.4946902443680795,0.359484594962445,
1923,OVERALL,FROZEN_FULL_TRANSITION_SAFETTA,0.6429696449026345,0.46648865586200944,
1923,OVERALL,CHANGE_MAGNITUDE_ONLY,0.4906721315387552,0.34719063418466933,
1923,OVERALL,CHANGE_MAGNITUDE_IOU_ONLY,0.4906721315387552,0.34719063418466933,
1924,OVERALL,SOURCE_STATE,0.5227133113367067,0.3360179710517539,
1924,OVERALL,SOURCE_PLUS_SIMPLE_MASK_CHANGE,0.4551971780143506,0.29333271977847647,
1924,OVERALL,FROZEN_FULL_TRANSITION_SAFETTA,0.6179553270045535,0.4054723528513057,
1924,OVERALL,CHANGE_MAGNITUDE_ONLY,0.48675452651311246,0.3345428437011212,
1924,OVERALL,CHANGE_MAGNITUDE_IOU_ONLY,0.48675452651311246,0.3345428437011212,
1925,OVERALL,SOURCE_STATE,0.5370675734073281,0.36867609961050274,
1925,OVERALL,SOURCE_PLUS_SIMPLE_MASK_CHANGE,0.5395182750699388,0.40437930769472846,
1925,OVERALL,FROZEN_FULL_TRANSITION_SAFETTA,0.6491459503718697,0.488872118564406,
1925,OVERALL,CHANGE_MAGNITUDE_ONLY,0.47491300293401867,0.33657910516388356,
1925,OVERALL,CHANGE_MAGNITUDE_IOU_ONLY,0.47491300293401867,0.33657910516388356,
1926,OVERALL,SOURCE_STATE,0.5276352644277433,0.4206809803693509,
1926,OVERALL,SOURCE_PLUS_SIMPLE_MASK_CHANGE,0.5019995008181036,0.40131175315131296,
1926,OVERALL,FROZEN_FULL_TRANSITION_SAFETTA,0.6458304445492109,0.5103811599932699,
1926,OVERALL,CHANGE_MAGNITUDE_ONLY,0.49924013422446545,0.4055132603645259,
1926,OVERALL,CHANGE_MAGNITUDE_IOU_ONLY,0.49924013422446545,0.4055132603645259,
1927,OVERALL,SOURCE_STATE,0.5034381726859603,0.36377825018432036,
1927,OVERALL,SOURCE_PLUS_SIMPLE_MASK_CHANGE,0.4546280794068405,0.3179532656332086,
1927,OVERALL,FROZEN_FULL_TRANSITION_SAFETTA,0.602493422626166,0.44263006146631334,
1927,OVERALL,CHANGE_MAGNITUDE_ONLY,0.506484692657259,0.379774922045804,
1927,OVERALL,CHANGE_MAGNITUDE_IOU_ONLY,0.506484692657259,0.379774922045804,
1928,OVERALL,SOURCE_STATE,0.5372254365187228,0.3446175437443163,
1928,OVERALL,SOURCE_PLUS_SIMPLE_MASK_CHANGE,0.49387773592720585,0.3258928527567624,
1928,OVERALL,FROZEN_FULL_TRANSITION_SAFETTA,0.6268331197659819,0.4185603780197845,
1928,OVERALL,CHANGE_MAGNITUDE_ONLY,0.4828628379865129,0.3350244739289508,
1928,OVERALL,CHANGE_MAGNITUDE_IOU_ONLY,0.4828628379865129,0.3350244739289508,
1929,OVERALL,SOURCE_STATE,0.4820235738208464,0.33663196487669816,
1929,OVERALL,SOURCE_PLUS_SIMPLE_MASK_CHANGE,0.4585669436066342,0.3308837944362416,
1929,OVERALL,FROZEN_FULL_TRANSITION_SAFETTA,0.5891543153908307,0.4278551750740905,
1929,OVERALL,CHANGE_MAGNITUDE_ONLY,0.5240826749070184,0.39036950312184415,
1929,OVERALL,CHANGE_MAGNITUDE_IOU_ONLY,0.5240826749070184,0.39036950312184415,
1930,OVERALL,SOURCE_STATE,0.49911594279011956,0.33874466859016983,
1930,OVERALL,SOURCE_PLUS_SIMPLE_MASK_CHANGE,0.46976407634986495,0.32628202264719663,
1930,OVERALL,FROZEN_FULL_TRANSITION_SAFETTA,0.6259125045953469,0.46159848093012074,
1930,OVERALL,CHANGE_MAGNITUDE_ONLY,0.5157788164720574,0.3797365668652597,
1930,OVERALL,CHANGE_MAGNITUDE_IOU_ONLY,0.5157788164720574,0.3797365668652597,
1931,OVERALL,SOURCE_STATE,0.5024701290188016,0.35549068706415615,
1931,OVERALL,SOURCE_PLUS_SIMPLE_MASK_CHANGE,0.45048121331307167,0.32217214421320217,
1931,OVERALL,FROZEN_FULL_TRANSITION_SAFETTA,0.6274485265635708,0.46681798369464006,
1931,OVERALL,CHANGE_MAGNITUDE_ONLY,0.5365841303894401,0.4025045480493214,
1931,OVERALL,CHANGE_MAGNITUDE_IOU_ONLY,0.5365841303894401,0.4025045480493214,
1932,OVERALL,SOURCE_STATE,0.5226096350642259,0.38384323080026417,
1932,OVERALL,SOURCE_PLUS_SIMPLE_MASK_CHANGE,0.47356768050905806,0.35702777490452775,
1932,OVERALL,FROZEN_FULL_TRANSITION_SAFETTA,0.6001495833036541,0.46471373432668905,
1932,OVERALL,CHANGE_MAGNITUDE_ONLY,0.5233634874278795,0.3955270483844646,
1932,OVERALL,CHANGE_MAGNITUDE_IOU_ONLY,0.5233634874278795,0.3955270483844646,
1933,OVERALL,SOURCE_STATE,0.5020845848852578,0.33217320542443446,
1933,OVERALL,SOURCE_PLUS_SIMPLE_MASK_CHANGE,0.48292082181905566,0.3328991044402809,
1933,OVERALL,FROZEN_FULL_TRANSITION_SAFETTA,0.6309744082662501,0.4574103848682314,
1933,OVERALL,CHANGE_MAGNITUDE_ONLY,0.49840201850294363,0.3589066522625568,
1933,OVERALL,CHANGE_MAGNITUDE_IOU_ONLY,0.49840201850294363,0.3589066522625568,
1934,OVERALL,SOURCE_STATE,0.5420693277310924,0.3376059772085605,
1934,OVERALL,SOURCE_PLUS_SIMPLE_MASK_CHANGE,0.481921101774043,0.3117477421799583,
1934,OVERALL,FROZEN_FULL_TRANSITION_SAFETTA,0.6438842203548085,0.4372716109788233,
1934,OVERALL,CHANGE_MAGNITUDE_ONLY,0.5031629318394024,0.3379966201677882,
1934,OVERALL,CHANGE_MAGNITUDE_IOU_ONLY,0.5031629318394024,0.3379966201677882,
1935,OVERALL,SOURCE_STATE,0.5467234719758632,0.4253745075397298,
1935,OVERALL,SOURCE_PLUS_SIMPLE_MASK_CHANGE,0.5092750692107488,0.383311832848132,
1935,OVERALL,FROZEN_FULL_TRANSITION_SAFETTA,0.6510617840624637,0.5053852660051109,
1935,OVERALL,CHANGE_MAGNITUDE_ONLY,0.46995894324442306,0.37571743787197276,
1935,OVERALL,CHANGE_MAGNITUDE_IOU_ONLY,0.46995894324442306,0.37571743787197276,
1936,OVERALL,SOURCE_STATE,0.5302648544424335,0.36517368762271113,
1936,OVERALL,SOURCE_PLUS_SIMPLE_MASK_CHANGE,0.4897204774240864,0.36435427468835097,
1936,OVERALL,FROZEN_FULL_TRANSITION_SAFETTA,0.649159539609875,0.473495532656156,
1936,OVERALL,CHANGE_MAGNITUDE_ONLY,0.5006151152749683,0.36849088322908596,
1936,OVERALL,CHANGE_MAGNITUDE_IOU_ONLY,0.5006151152749683,0.36849088322908596,
1937,OVERALL,SOURCE_STATE,0.5101920199187656,0.33567527840566813,
1937,OVERALL,SOURCE_PLUS_SIMPLE_MASK_CHANGE,0.4723413352111968,0.3378351718131361,
1937,OVERALL,FROZEN_FULL_TRANSITION_SAFETTA,0.5988896294153893,0.4168538164370846,
1937,OVERALL,CHANGE_MAGNITUDE_ONLY,0.5242759956239076,0.3831112398178418,
1937,OVERALL,CHANGE_MAGNITUDE_IOU_ONLY,0.5242759956239076,0.3831112398178418,
1938,OVERALL,SOURCE_STATE,0.5009955201592833,0.34909610329310414,
1938,OVERALL,SOURCE_PLUS_SIMPLE_MASK_CHANGE,0.47027909291907344,0.35233112309116504,
1938,OVERALL,FROZEN_FULL_TRANSITION_SAFETTA,0.6162559181358306,0.4710014632436841,
1938,OVERALL,CHANGE_MAGNITUDE_ONLY,0.5147909986456296,0.38858496472184423,
1938,OVERALL,CHANGE_MAGNITUDE_IOU_ONLY,0.5147909986456296,0.38858496472184423,
1939,OVERALL,SOURCE_STATE,0.4919792953904264,0.3434419987882671,
1939,OVERALL,SOURCE_PLUS_SIMPLE_MASK_CHANGE,0.49726619879223105,0.35427604397683904,
1939,OVERALL,FROZEN_FULL_TRANSITION_SAFETTA,0.6459523420923781,0.4820725706643052,
1939,OVERALL,CHANGE_MAGNITUDE_ONLY,0.4868993215043484,0.3644362723884475,
1939,OVERALL,CHANGE_MAGNITUDE_IOU_ONLY,0.4868993215043484,0.3644362723884475,
1940,OVERALL,SOURCE_STATE,0.5074330008412451,0.38654318900731044,
1940,OVERALL,SOURCE_PLUS_SIMPLE_MASK_CHANGE,0.47250931378440086,0.3611443178026073,
1940,OVERALL,FROZEN_FULL_TRANSITION_SAFETTA,0.6052457637303208,0.4867466367077973,
1940,OVERALL,CHANGE_MAGNITUDE_ONLY,0.5046839322196851,0.4009486017240269,
1940,OVERALL,CHANGE_MAGNITUDE_IOU_ONLY,0.5046839322196851,0.4009486017240269,
1941,OVERALL,SOURCE_STATE,0.5266929651545036,0.34375264226171687,
1941,OVERALL,SOURCE_PLUS_SIMPLE_MASK_CHANGE,0.4682642998027613,0.2980689031760621,
1941,OVERALL,FROZEN_FULL_TRANSITION_SAFETTA,0.638422090729783,0.42908139981859195,
1941,OVERALL,CHANGE_MAGNITUDE_ONLY,0.49411571334648263,0.3272325114869066,
1941,OVERALL,CHANGE_MAGNITUDE_IOU_ONLY,0.49411571334648263,0.3272325114869066,
1942,OVERALL,SOURCE_STATE,0.546391051785935,0.36292659912827796,
1942,OVERALL,SOURCE_PLUS_SIMPLE_MASK_CHANGE,0.4920281794586578,0.32987188378424326,
1942,OVERALL,FROZEN_FULL_TRANSITION_SAFETTA,0.6525645779260907,0.465527024411289,
1942,OVERALL,CHANGE_MAGNITUDE_ONLY,0.5008527994067482,0.3455371542809367,
1942,OVERALL,CHANGE_MAGNITUDE_IOU_ONLY,0.5008527994067482,0.3455371542809367,
1943,OVERALL,SOURCE_STATE,0.503781647079962,0.3529381609233333,
1943,OVERALL,SOURCE_PLUS_SIMPLE_MASK_CHANGE,0.4366496908987799,0.3219066865558633,
1943,OVERALL,FROZEN_FULL_TRANSITION_SAFETTA,0.6458446801462124,0.5024942228217608,
1943,OVERALL,CHANGE_MAGNITUDE_ONLY,0.5057440608207887,0.39738096238220333,
1943,OVERALL,CHANGE_MAGNITUDE_IOU_ONLY,0.5057440608207887,0.39738096238220333,
1944,OVERALL,SOURCE_STATE,0.5421022944169378,0.3714257388227241,
1944,OVERALL,SOURCE_PLUS_SIMPLE_MASK_CHANGE,0.477919014545931,0.3403945539295715,
1944,OVERALL,FROZEN_FULL_TRANSITION_SAFETTA,0.6806960168192668,0.520182374910975,
1944,OVERALL,CHANGE_MAGNITUDE_ONLY,0.4745716841487525,0.3398306248212257,
1944,OVERALL,CHANGE_MAGNITUDE_IOU_ONLY,0.4745716841487525,0.3398306248212257,
1945,OVERALL,SOURCE_STATE,0.509519118280894,0.36628773896262246,
1945,OVERALL,SOURCE_PLUS_SIMPLE_MASK_CHANGE,0.47084539129363956,0.34056701047985183,
1945,OVERALL,FROZEN_FULL_TRANSITION_SAFETTA,0.6090881103380335,0.45307651250789727,
1945,OVERALL,CHANGE_MAGNITUDE_ONLY,0.48402191983252263,0.37482091431093345,
1945,OVERALL,CHANGE_MAGNITUDE_IOU_ONLY,0.48402191983252263,0.37482091431093345,
1946,OVERALL,SOURCE_STATE,0.481675052559469,0.352431148142077,
1946,OVERALL,SOURCE_PLUS_SIMPLE_MASK_CHANGE,0.43971015519807244,0.3375207148256365,
1946,OVERALL,FROZEN_FULL_TRANSITION_SAFETTA,0.596626745092481,0.4358024174936542,
1946,OVERALL,CHANGE_MAGNITUDE_ONLY,0.502751990173151,0.4064308821933114,
1946,OVERALL,CHANGE_MAGNITUDE_IOU_ONLY,0.502751990173151,0.4064308821933114,
1947,OVERALL,SOURCE_STATE,0.5449235474006117,0.3835971810558366,
1947,OVERALL,SOURCE_PLUS_SIMPLE_MASK_CHANGE,0.5121223241590214,0.374677213589141,
1947,OVERALL,FROZEN_FULL_TRANSITION_SAFETTA,0.6611559633027522,0.49605587669566836,
1947,OVERALL,CHANGE_MAGNITUDE_ONLY,0.514183486238532,0.3791007393767455,
1947,OVERALL,CHANGE_MAGNITUDE_IOU_ONLY,0.514183486238532,0.3791007393767455,
1948,OVERALL,SOURCE_STATE,0.5376907184603317,0.4140461944976309,
1948,OVERALL,SOURCE_PLUS_SIMPLE_MASK_CHANGE,0.49582932838376814,0.40129893505537195,
1948,OVERALL,FROZEN_FULL_TRANSITION_SAFETTA,0.6825594113552749,0.553679128502208,
1948,OVERALL,CHANGE_MAGNITUDE_ONLY,0.47366952813408025,0.38348677010062815,
1948,OVERALL,CHANGE_MAGNITUDE_IOU_ONLY,0.47366952813408025,0.38348677010062815,
1949,OVERALL,SOURCE_STATE,0.48632487642607825,0.3511030333665067,
1949,OVERALL,SOURCE_PLUS_SIMPLE_MASK_CHANGE,0.43920865837374373,0.3333444167591476,
1949,OVERALL,FROZEN_FULL_TRANSITION_SAFETTA,0.6353925082577835,0.4942272317456722,
1949,OVERALL,CHANGE_MAGNITUDE_ONLY,0.5304630215288026,0.4308435118112169,
1949,OVERALL,CHANGE_MAGNITUDE_IOU_ONLY,0.5304630215288026,0.4308435118112169,
1950,OVERALL,SOURCE_STATE,0.5280853713768116,0.3847689735564271,
1950,OVERALL,SOURCE_PLUS_SIMPLE_MASK_CHANGE,0.4586673460144927,0.3417009490123597,
1950,OVERALL,FROZEN_FULL_TRANSITION_SAFETTA,0.6145323822463769,0.46191425478767245,
1950,OVERALL,CHANGE_MAGNITUDE_ONLY,0.4856940670289855,0.38228950822275853,
1950,OVERALL,CHANGE_MAGNITUDE_IOU_ONLY,0.4856940670289855,0.38228950822275853,
1951,OVERALL,SOURCE_STATE,0.5394715972175017,0.3834633223219363,
1951,OVERALL,SOURCE_PLUS_SIMPLE_MASK_CHANGE,0.4641424784175108,0.34048318427264146,
1951,OVERALL,FROZEN_FULL_TRANSITION_SAFETTA,0.656085015747853,0.47796523157449805,
1951,OVERALL,CHANGE_MAGNITUDE_ONLY,0.48164638705730406,0.37507759503078775,
1951,OVERALL,CHANGE_MAGNITUDE_IOU_ONLY,0.48164638705730406,0.37507759503078775,
1952,OVERALL,SOURCE_STATE,0.5012717072517737,0.35110088373392634,
1952,OVERALL,SOURCE_PLUS_SIMPLE_MASK_CHANGE,0.4658768695313546,0.3289034292919649,
1952,OVERALL,FROZEN_FULL_TRANSITION_SAFETTA,0.6076265926764265,0.4550177789530957,
1952,OVERALL,CHANGE_MAGNITUDE_ONLY,0.5059751986662286,0.37426466797665625,
1952,OVERALL,CHANGE_MAGNITUDE_IOU_ONLY,0.5059751986662286,0.37426466797665625,
1953,OVERALL,SOURCE_STATE,0.5189301737304315,0.3477132373327321,
1953,OVERALL,SOURCE_PLUS_SIMPLE_MASK_CHANGE,0.4737256586483391,0.3261050275312448,
1953,OVERALL,FROZEN_FULL_TRANSITION_SAFETTA,0.6426653780068728,0.4658437976049048,
1953,OVERALL,CHANGE_MAGNITUDE_ONLY,0.4905617602138221,0.3396541012932508,
1953,OVERALL,CHANGE_MAGNITUDE_IOU_ONLY,0.4905617602138221,0.3396541012932508,
1954,OVERALL,SOURCE_STATE,0.49927971845197205,0.36943389053838627,
1954,OVERALL,SOURCE_PLUS_SIMPLE_MASK_CHANGE,0.4491882396562099,0.35496992511424585,
1954,OVERALL,FROZEN_FULL_TRANSITION_SAFETTA,0.5969523276946735,0.4489314785243292,
1954,OVERALL,CHANGE_MAGNITUDE_ONLY,0.49610683264546956,0.4095592018589741,
1954,OVERALL,CHANGE_MAGNITUDE_IOU_ONLY,0.49610683264546956,0.4095592018589741,
1955,OVERALL,SOURCE_STATE,0.49395738489698215,0.34233221588677964,
1955,OVERALL,SOURCE_PLUS_SIMPLE_MASK_CHANGE,0.44785164499929603,0.31806342226900974,
1955,OVERALL,FROZEN_FULL_TRANSITION_SAFETTA,0.5945287933542968,0.42712541596144915,
1955,OVERALL,CHANGE_MAGNITUDE_ONLY,0.4907894119303515,0.3663157749414747,
1955,OVERALL,CHANGE_MAGNITUDE_IOU_ONLY,0.4907894119303515,0.3663157749414747,
1956,OVERALL,SOURCE_STATE,0.5244575252015851,0.36403419862926045,
1956,OVERALL,SOURCE_PLUS_SIMPLE_MASK_CHANGE,0.49732965161461007,0.35412054238634694,
1956,OVERALL,FROZEN_FULL_TRANSITION_SAFETTA,0.6294636705853823,0.4764557679267361,
1956,OVERALL,CHANGE_MAGNITUDE_ONLY,0.5142887062727007,0.37077386096410603,
1956,OVERALL,CHANGE_MAGNITUDE_IOU_ONLY,0.5142887062727007,0.37077386096410603,
1957,OVERALL,SOURCE_STATE,0.5332697156051931,0.38337903070468127,
1957,OVERALL,SOURCE_PLUS_SIMPLE_MASK_CHANGE,0.4593553403548456,0.32516224645672986,
1957,OVERALL,FROZEN_FULL_TRANSITION_SAFETTA,0.6626375438844513,0.5059397963582466,
1957,OVERALL,CHANGE_MAGNITUDE_ONLY,0.5104144577177729,0.3857588139931827,
1957,OVERALL,CHANGE_MAGNITUDE_IOU_ONLY,0.5104144577177729,0.3857588139931827,
1958,OVERALL,SOURCE_STATE,0.5289170101939732,0.37159751824306014,
1958,OVERALL,SOURCE_PLUS_SIMPLE_MASK_CHANGE,0.4954398747323682,0.34764415440201074,
1958,OVERALL,FROZEN_FULL_TRANSITION_SAFETTA,0.6342121241172147,0.44922529510550757,
1958,OVERALL,CHANGE_MAGNITUDE_ONLY,0.4932125395455852,0.3576973375630213,
1958,OVERALL,CHANGE_MAGNITUDE_IOU_ONLY,0.4932125395455852,0.3576973375630213,
1959,OVERALL,SOURCE_STATE,0.4891897820894067,0.3160790404103258,
1959,OVERALL,SOURCE_PLUS_SIMPLE_MASK_CHANGE,0.45724053039535906,0.311036939944597,
1959,OVERALL,FROZEN_FULL_TRANSITION_SAFETTA,0.641574854970019,0.4580310862644298,
1959,OVERALL,CHANGE_MAGNITUDE_ONLY,0.5305355140642519,0.371996777055273,
1959,OVERALL,CHANGE_MAGNITUDE_IOU_ONLY,0.5305355140642519,0.371996777055273,
1960,OVERALL,SOURCE_STATE,0.5623916020082154,0.41028552818352115,
1960,OVERALL,SOURCE_PLUS_SIMPLE_MASK_CHANGE,0.4926403468735737,0.3723802203006309,
1960,OVERALL,FROZEN_FULL_TRANSITION_SAFETTA,0.6647478320401643,0.5000518939540044,
1960,OVERALL,CHANGE_MAGNITUDE_ONLY,0.48222558192606113,0.37351510356482487,
1960,OVERALL,CHANGE_MAGNITUDE_IOU_ONLY,0.48222558192606113,0.37351510356482487,
1961,OVERALL,SOURCE_STATE,0.48553789502822897,0.3191022117902808,
1961,OVERALL,SOURCE_PLUS_SIMPLE_MASK_CHANGE,0.4541223275845421,0.31003537603216236,
1961,OVERALL,FROZEN_FULL_TRANSITION_SAFETTA,0.5992776994534463,0.4210191839943201,
1961,OVERALL,CHANGE_MAGNITUDE_ONLY,0.4798245105802224,0.34069878113790314,
1961,OVERALL,CHANGE_MAGNITUDE_IOU_ONLY,0.4798245105802224,0.34069878113790314,
1962,OVERALL,SOURCE_STATE,0.504614549402823,0.37557020740642444,
1962,OVERALL,SOURCE_PLUS_SIMPLE_MASK_CHANGE,0.44619854900799527,0.33256308268205137,
1962,OVERALL,FROZEN_FULL_TRANSITION_SAFETTA,0.624457111834962,0.4759846212022533,
1962,OVERALL,CHANGE_MAGNITUDE_ONLY,0.5041148455236404,0.3980672859395187,
1962,OVERALL,CHANGE_MAGNITUDE_IOU_ONLY,0.5041148455236404,0.3980672859395187,
1963,OVERALL,SOURCE_STATE,0.5440704330512693,0.37895479986767466,
1963,OVERALL,SOURCE_PLUS_SIMPLE_MASK_CHANGE,0.481029118964659,0.3194930814035677,
1963,OVERALL,FROZEN_FULL_TRANSITION_SAFETTA,0.6250871080139373,0.4393955757546092,
1963,OVERALL,CHANGE_MAGNITUDE_ONLY,0.4898954703832753,0.3434908429611797,
1963,OVERALL,CHANGE_MAGNITUDE_IOU_ONLY,0.4898954703832753,0.3434908429611797,
1964,OVERALL,SOURCE_STATE,0.5146225331256861,0.3731224769225867,
1964,OVERALL,SOURCE_PLUS_SIMPLE_MASK_CHANGE,0.47570783017181956,0.3636780943891508,
1964,OVERALL,FROZEN_FULL_TRANSITION_SAFETTA,0.6255201817764049,0.47743173218575524,
1964,OVERALL,CHANGE_MAGNITUDE_ONLY,0.5147916719854988,0.40287709508360825,
1964,OVERALL,CHANGE_MAGNITUDE_IOU_ONLY,0.5147916719854988,0.40287709508360825,
1965,OVERALL,SOURCE_STATE,0.4895441387303558,0.3389280508864664,
1965,OVERALL,SOURCE_PLUS_SIMPLE_MASK_CHANGE,0.4439635047321904,0.30154845412413345,
1965,OVERALL,FROZEN_FULL_TRANSITION_SAFETTA,0.587813305062867,0.4090894577082736,
1965,OVERALL,CHANGE_MAGNITUDE_ONLY,0.4573745818479437,0.3439616622751436,
1965,OVERALL,CHANGE_MAGNITUDE_IOU_ONLY,0.4573745818479437,0.3439616622751436,
1966,OVERALL,SOURCE_STATE,0.506366182836771,0.35245959370450064,
1966,OVERALL,SOURCE_PLUS_SIMPLE_MASK_CHANGE,0.46617241938097553,0.32950336701049054,
1966,OVERALL,FROZEN_FULL_TRANSITION_SAFETTA,0.6216403916938676,0.4356296705198913,
1966,OVERALL,CHANGE_MAGNITUDE_ONLY,0.4754873023589601,0.36459925930129455,
1966,OVERALL,CHANGE_MAGNITUDE_IOU_ONLY,0.4754873023589601,0.36459925930129455,
1967,OVERALL,SOURCE_STATE,0.5180944830480809,0.3978696300933079,
1967,OVERALL,SOURCE_PLUS_SIMPLE_MASK_CHANGE,0.5279112064543208,0.41365988310343615,
1967,OVERALL,FROZEN_FULL_TRANSITION_SAFETTA,0.633604206500956,0.5014639419900453,
1967,OVERALL,CHANGE_MAGNITUDE_ONLY,0.5092571002191857,0.3989724408804407,
1967,OVERALL,CHANGE_MAGNITUDE_IOU_ONLY,0.5092571002191857,0.3989724408804407,
1968,OVERALL,SOURCE_STATE,0.5259816207184628,0.35473354267419244,
1968,OVERALL,SOURCE_PLUS_SIMPLE_MASK_CHANGE,0.47335600907029474,0.32767441127764596,
1968,OVERALL,FROZEN_FULL_TRANSITION_SAFETTA,0.625671321160043,0.4371237867754056,
1968,OVERALL,CHANGE_MAGNITUDE_ONLY,0.4547440028643036,0.3279727480883571,
1968,OVERALL,CHANGE_MAGNITUDE_IOU_ONLY,0.4547440028643036,0.3279727480883571,
1969,OVERALL,SOURCE_STATE,0.5074625057543674,0.35602439503335603,
1969,OVERALL,SOURCE_PLUS_SIMPLE_MASK_CHANGE,0.5281963995832627,0.39513113932567245,
1969,OVERALL,FROZEN_FULL_TRANSITION_SAFETTA,0.6402309015579192,0.4928158867966541,
1969,OVERALL,CHANGE_MAGNITUDE_ONLY,0.5292200712330095,0.38719662497039364,
1969,OVERALL,CHANGE_MAGNITUDE_IOU_ONLY,0.5292200712330095,0.38719662497039364,
1970,OVERALL,SOURCE_STATE,0.5277297297297298,0.364872037743143,
1970,OVERALL,SOURCE_PLUS_SIMPLE_MASK_CHANGE,0.48419219219219223,0.3546628595850667,
1970,OVERALL,FROZEN_FULL_TRANSITION_SAFETTA,0.6456456456456456,0.46877447934423266,
1970,OVERALL,CHANGE_MAGNITUDE_ONLY,0.48282582582582584,0.35976381365993026,
1970,OVERALL,CHANGE_MAGNITUDE_IOU_ONLY,0.48282582582582584,0.35976381365993026,
1971,OVERALL,SOURCE_STATE,0.5562091579401041,0.3718136275406668,
1971,OVERALL,SOURCE_PLUS_SIMPLE_MASK_CHANGE,0.5062668173187806,0.3509107778922443,
1971,OVERALL,FROZEN_FULL_TRANSITION_SAFETTA,0.6426574566972243,0.4679988188824539,
1971,OVERALL,CHANGE_MAGNITUDE_ONLY,0.48408834115714805,0.3392862356425937,
1971,OVERALL,CHANGE_MAGNITUDE_IOU_ONLY,0.48408834115714805,0.3392862356425937,
1972,OVERALL,SOURCE_STATE,0.5899061100678897,0.4173128347723867,
1972,OVERALL,SOURCE_PLUS_SIMPLE_MASK_CHANGE,0.5395637729308103,0.3813965265827858,
1972,OVERALL,FROZEN_FULL_TRANSITION_SAFETTA,0.7011122345803843,0.5204393476771764,
1972,OVERALL,CHANGE_MAGNITUDE_ONLY,0.516585295392171,0.35337672174071866,
1972,OVERALL,CHANGE_MAGNITUDE_IOU_ONLY,0.516585295392171,0.35337672174071866,
1973,OVERALL,SOURCE_STATE,0.5115995750479226,0.3624362356164814,
1973,OVERALL,SOURCE_PLUS_SIMPLE_MASK_CHANGE,0.45328991431672794,0.33118997178559484,
1973,OVERALL,FROZEN_FULL_TRANSITION_SAFETTA,0.6551248296727408,0.4889401480951592,
1973,OVERALL,CHANGE_MAGNITUDE_ONLY,0.4969139010138802,0.38301191690326053,
1973,OVERALL,CHANGE_MAGNITUDE_IOU_ONLY,0.4969139010138802,0.38301191690326053,
1974,OVERALL,SOURCE_STATE,0.5380935726615296,0.3533745402219181,
1974,OVERALL,SOURCE_PLUS_SIMPLE_MASK_CHANGE,0.506566106704875,0.3510012500939477,
1974,OVERALL,FROZEN_FULL_TRANSITION_SAFETTA,0.6823109987928292,0.48651378556696206,
1974,OVERALL,CHANGE_MAGNITUDE_ONLY,0.4438693773480601,0.3119450661187222,
1974,OVERALL,CHANGE_MAGNITUDE_IOU_ONLY,0.4438693773480601,0.3119450661187222,
1975,OVERALL,SOURCE_STATE,0.48239293886891144,0.3106925982271217,
1975,OVERALL,SOURCE_PLUS_SIMPLE_MASK_CHANGE,0.43415495259888853,0.28351910900287225,
1975,OVERALL,FROZEN_FULL_TRANSITION_SAFETTA,0.6385289310232101,0.442975625866478,
1975,OVERALL,CHANGE_MAGNITUDE_ONLY,0.5071788166067343,0.37467039680994096,
1975,OVERALL,CHANGE_MAGNITUDE_IOU_ONLY,0.5071788166067343,0.37467039680994096,
1976,OVERALL,SOURCE_STATE,0.5097618117922686,0.3418520230396858,
1976,OVERALL,SOURCE_PLUS_SIMPLE_MASK_CHANGE,0.49822512512867845,0.3355262247219877,
1976,OVERALL,FROZEN_FULL_TRANSITION_SAFETTA,0.6307017855241206,0.4403421597483208,
1976,OVERALL,CHANGE_MAGNITUDE_ONLY,0.5238306532722776,0.3632433744413894,
1976,OVERALL,CHANGE_MAGNITUDE_IOU_ONLY,0.5238306532722776,0.3632433744413894,
1977,OVERALL,SOURCE_STATE,0.515800459893287,0.38664612766326323,
1977,OVERALL,SOURCE_PLUS_SIMPLE_MASK_CHANGE,0.4527214073627576,0.33890490134590173,
1977,OVERALL,FROZEN_FULL_TRANSITION_SAFETTA,0.6193545866541648,0.4730035050658157,
1977,OVERALL,CHANGE_MAGNITUDE_ONLY,0.4728835978835979,0.36531851471271215,
1977,OVERALL,CHANGE_MAGNITUDE_IOU_ONLY,0.4728835978835979,0.36531851471271215,
1978,OVERALL,SOURCE_STATE,0.5111989225301556,0.36403978903466844,
1978,OVERALL,SOURCE_PLUS_SIMPLE_MASK_CHANGE,0.45761615730110417,0.33445460227506946,
1978,OVERALL,FROZEN_FULL_TRANSITION_SAFETTA,0.6246417828091347,0.45973304337774623,
1978,OVERALL,CHANGE_MAGNITUDE_ONLY,0.4786078330159069,0.37304898871065123,
1978,OVERALL,CHANGE_MAGNITUDE_IOU_ONLY,0.4786078330159069,0.37304898871065123,
1979,OVERALL,SOURCE_STATE,0.5061544679600235,0.32814544156673997,
1979,OVERALL,SOURCE_PLUS_SIMPLE_MASK_CHANGE,0.4528218694885361,0.30690210506328036,
1979,OVERALL,FROZEN_FULL_TRANSITION_SAFETTA,0.6435062708210857,0.4458746668869865,
1979,OVERALL,CHANGE_MAGNITUDE_ONLY,0.4697788065843621,0.3414098097003342,
1979,OVERALL,CHANGE_MAGNITUDE_IOU_ONLY,0.4697788065843621,0.3414098097003342,
1980,OVERALL,SOURCE_STATE,0.496408913137946,0.3166606271407958,
1980,OVERALL,SOURCE_PLUS_SIMPLE_MASK_CHANGE,0.44004393800395925,0.28878056916215633,
1980,OVERALL,FROZEN_FULL_TRANSITION_SAFETTA,0.6076541451402636,0.38884846856427935,
1980,OVERALL,CHANGE_MAGNITUDE_ONLY,0.47950364540582296,0.3393665224285628,
1980,OVERALL,CHANGE_MAGNITUDE_IOU_ONLY,0.47950364540582296,0.3393665224285628,
1981,OVERALL,SOURCE_STATE,0.5022238695329874,0.34280879302077305,
1981,OVERALL,SOURCE_PLUS_SIMPLE_MASK_CHANGE,0.44791841029197255,0.3031639834207864,
1981,OVERALL,FROZEN_FULL_TRANSITION_SAFETTA,0.6343049809895023,0.4842797014065773,
1981,OVERALL,CHANGE_MAGNITUDE_ONLY,0.4959647528635309,0.360609463441175,
1981,OVERALL,CHANGE_MAGNITUDE_IOU_ONLY,0.4959647528635309,0.360609463441175,
1982,OVERALL,SOURCE_STATE,0.5339645686368514,0.3887703207369928,
1982,OVERALL,SOURCE_PLUS_SIMPLE_MASK_CHANGE,0.520078533433783,0.39724093741140015,
1982,OVERALL,FROZEN_FULL_TRANSITION_SAFETTA,0.6576661415884756,0.5175466174216825,
1982,OVERALL,CHANGE_MAGNITUDE_ONLY,0.5108497134899437,0.37973924388075236,
1982,OVERALL,CHANGE_MAGNITUDE_IOU_ONLY,0.5108497134899437,0.37973924388075236,
1983,OVERALL,SOURCE_STATE,0.5218590735347652,0.3927838312562799,
1983,OVERALL,SOURCE_PLUS_SIMPLE_MASK_CHANGE,0.45089529486712776,0.3617811920429288,
1983,OVERALL,FROZEN_FULL_TRANSITION_SAFETTA,0.6234357935930106,0.4752761094395437,
1983,OVERALL,CHANGE_MAGNITUDE_ONLY,0.4644953585729887,0.38719854255764286,
1983,OVERALL,CHANGE_MAGNITUDE_IOU_ONLY,0.4644953585729887,0.38719854255764286,
1984,OVERALL,SOURCE_STATE,0.5513354569958344,0.36899004474282954,
1984,OVERALL,SOURCE_PLUS_SIMPLE_MASK_CHANGE,0.5018844587577741,0.3426214961356586,
1984,OVERALL,FROZEN_FULL_TRANSITION_SAFETTA,0.6785335060267675,0.4897791783829395,
1984,OVERALL,CHANGE_MAGNITUDE_ONLY,0.500764285130862,0.34902794063354514,
1984,OVERALL,CHANGE_MAGNITUDE_IOU_ONLY,0.500764285130862,0.34902794063354514,
1985,OVERALL,SOURCE_STATE,0.5074744048740657,0.3045388087479003,
1985,OVERALL,SOURCE_PLUS_SIMPLE_MASK_CHANGE,0.45177438603102815,0.2703143216984343,
1985,OVERALL,FROZEN_FULL_TRANSITION_SAFETTA,0.6278814144840148,0.40022251139149073,
1985,OVERALL,CHANGE_MAGNITUDE_ONLY,0.47417875761572764,0.30990089402264115,
1985,OVERALL,CHANGE_MAGNITUDE_IOU_ONLY,0.47417875761572764,0.30990089402264115,
1986,OVERALL,SOURCE_STATE,0.5151269023133107,0.3136335087147321,
1986,OVERALL,SOURCE_PLUS_SIMPLE_MASK_CHANGE,0.47207294134890193,0.2936747061934637,
1986,OVERALL,FROZEN_FULL_TRANSITION_SAFETTA,0.64973007303906,0.42319915371168926,
1986,OVERALL,CHANGE_MAGNITUDE_ONLY,0.46534919510467304,0.3079339764113985,
1986,OVERALL,CHANGE_MAGNITUDE_IOU_ONLY,0.46534919510467304,0.3079339764113985,
1987,OVERALL,SOURCE_STATE,0.5391153096416255,0.3581358321185869,
1987,OVERALL,SOURCE_PLUS_SIMPLE_MASK_CHANGE,0.49313540260908684,0.3422099051457579,
1987,OVERALL,FROZEN_FULL_TRANSITION_SAFETTA,0.6734862798020693,0.49443400260750514,
1987,OVERALL,CHANGE_MAGNITUDE_ONLY,0.48391662917978706,0.3360351017022307,
1987,OVERALL,CHANGE_MAGNITUDE_IOU_ONLY,0.48391662917978706,0.3360351017022307,
1988,OVERALL,SOURCE_STATE,0.5012916015859665,0.3417477471045163,
1988,OVERALL,SOURCE_PLUS_SIMPLE_MASK_CHANGE,0.45784572870359247,0.32928654017217435,
1988,OVERALL,FROZEN_FULL_TRANSITION_SAFETTA,0.6406644238856182,0.47809286195626755,
1988,OVERALL,CHANGE_MAGNITUDE_ONLY,0.48717709960350836,0.3600430655419961,
1988,OVERALL,CHANGE_MAGNITUDE_IOU_ONLY,0.48717709960350836,0.3600430655419961,
1989,OVERALL,SOURCE_STATE,0.5700454265475825,0.3746247869612813,
1989,OVERALL,SOURCE_PLUS_SIMPLE_MASK_CHANGE,0.500962426855559,0.33721764137621424,
1989,OVERALL,FROZEN_FULL_TRANSITION_SAFETTA,0.6622972487424289,0.45953263935040145,
1989,OVERALL,CHANGE_MAGNITUDE_ONLY,0.4765456575300277,0.32039282269187386,
1989,OVERALL,CHANGE_MAGNITUDE_IOU_ONLY,0.4765456575300277,0.32039282269187386,
1990,OVERALL,SOURCE_STATE,0.5297962391922124,0.3845069369333728,
1990,OVERALL,SOURCE_PLUS_SIMPLE_MASK_CHANGE,0.4312896789406857,0.32133067100295265,
1990,OVERALL,FROZEN_FULL_TRANSITION_SAFETTA,0.6357095350383941,0.4664659378027938,
1990,OVERALL,CHANGE_MAGNITUDE_ONLY,0.4748745389684987,0.36697674308536254,
1990,OVERALL,CHANGE_MAGNITUDE_IOU_ONLY,0.4748745389684987,0.36697674308536254,
1991,OVERALL,SOURCE_STATE,0.5087028402652648,0.3712763238514717,
1991,OVERALL,SOURCE_PLUS_SIMPLE_MASK_CHANGE,0.5052415185233344,0.37526331354088427,
1991,OVERALL,FROZEN_FULL_TRANSITION_SAFETTA,0.6325921522733888,0.47188240648293167,
1991,OVERALL,CHANGE_MAGNITUDE_ONLY,0.5423253394757862,0.4179683821888877,
1991,OVERALL,CHANGE_MAGNITUDE_IOU_ONLY,0.5423253394757862,0.4179683821888877,
1992,OVERALL,SOURCE_STATE,0.49456407563025206,0.3220576327258343,
1992,OVERALL,SOURCE_PLUS_SIMPLE_MASK_CHANGE,0.5004661239495798,0.33967094267371767,
1992,OVERALL,FROZEN_FULL_TRANSITION_SAFETTA,0.6438025210084034,0.4481349217373595,
1992,OVERALL,CHANGE_MAGNITUDE_ONLY,0.4912454044117647,0.33902448711017785,
1992,OVERALL,CHANGE_MAGNITUDE_IOU_ONLY,0.4912454044117647,0.33902448711017785,
1993,OVERALL,SOURCE_STATE,0.5179139636417454,0.34457975126944956,
1993,OVERALL,SOURCE_PLUS_SIMPLE_MASK_CHANGE,0.48487333810216815,0.3240201757286219,
1993,OVERALL,FROZEN_FULL_TRANSITION_SAFETTA,0.6330751584815373,0.45353893235649057,
1993,OVERALL,CHANGE_MAGNITUDE_ONLY,0.49745319553045064,0.3552069816536161,
1993,OVERALL,CHANGE_MAGNITUDE_IOU_ONLY,0.49745319553045064,0.3552069816536161,
1994,OVERALL,SOURCE_STATE,0.528462441314554,0.34374317560504075,
1994,OVERALL,SOURCE_PLUS_SIMPLE_MASK_CHANGE,0.49831946222791296,0.34164706834517683,
1994,OVERALL,FROZEN_FULL_TRANSITION_SAFETTA,0.6567768352539479,0.4783168042503421,
1994,OVERALL,CHANGE_MAGNITUDE_ONLY,0.5202064660691421,0.3470690008069048,
1994,OVERALL,CHANGE_MAGNITUDE_IOU_ONLY,0.5202064660691421,0.3470690008069048,
1995,OVERALL,SOURCE_STATE,0.48520630742609244,0.3400232515600419,
1995,OVERALL,SOURCE_PLUS_SIMPLE_MASK_CHANGE,0.49119568131412833,0.343928525094062,
1995,OVERALL,FROZEN_FULL_TRANSITION_SAFETTA,0.6117996149253003,0.44929095037453715,
1995,OVERALL,CHANGE_MAGNITUDE_ONLY,0.5217640320733105,0.37830641380471625,
1995,OVERALL,CHANGE_MAGNITUDE_IOU_ONLY,0.5217640320733105,0.37830641380471625,
1996,OVERALL,SOURCE_STATE,0.47809292508746065,0.3472165487055884,
1996,OVERALL,SOURCE_PLUS_SIMPLE_MASK_CHANGE,0.4277676583687513,0.308748504529141,
1996,OVERALL,FROZEN_FULL_TRANSITION_SAFETTA,0.614415820973198,0.4647873608493317,
1996,OVERALL,CHANGE_MAGNITUDE_ONLY,0.5036198571717697,0.4009107835773351,
1996,OVERALL,CHANGE_MAGNITUDE_IOU_ONLY,0.5036198571717697,0.4009107835773351,
1997,OVERALL,SOURCE_STATE,0.5384585654932526,0.4005366660021287,
1997,OVERALL,SOURCE_PLUS_SIMPLE_MASK_CHANGE,0.5025926760926278,0.41998948564355887,
1997,OVERALL,FROZEN_FULL_TRANSITION_SAFETTA,0.6509646043350832,0.5114356963882277,
1997,OVERALL,CHANGE_MAGNITUDE_ONLY,0.49564237173499953,0.38805256789448905,
1997,OVERALL,CHANGE_MAGNITUDE_IOU_ONLY,0.49564237173499953,0.38805256789448905,
1998,OVERALL,SOURCE_STATE,0.5375672330905802,0.38880829452587196,
1998,OVERALL,SOURCE_PLUS_SIMPLE_MASK_CHANGE,0.476391070493598,0.33647946888927277,
1998,OVERALL,FROZEN_FULL_TRANSITION_SAFETTA,0.6233637964681803,0.47655584926789885,
1998,OVERALL,CHANGE_MAGNITUDE_ONLY,0.5025971012423247,0.3718595526920788,
1998,OVERALL,CHANGE_MAGNITUDE_IOU_ONLY,0.5025971012423247,0.3718595526920788,
1999,OVERALL,SOURCE_STATE,0.5408249158249159,0.39287695912339693,
1999,OVERALL,SOURCE_PLUS_SIMPLE_MASK_CHANGE,0.47390572390572383,0.3599248202726077,
1999,OVERALL,FROZEN_FULL_TRANSITION_SAFETTA,0.6624764804911863,0.5156513499581593,
1999,OVERALL,CHANGE_MAGNITUDE_ONLY,0.47950089126559725,0.37450972944320726,
1999,OVERALL,CHANGE_MAGNITUDE_IOU_ONLY,0.47950089126559725,0.37450972944320726,
