rep,safe_prevented_harm_fraction,random_prevented_harm_fraction,delta_prevented_harm_fraction,safe_mean_slice_deployed_dice,random_mean_slice_deployed_dice,delta_mean_slice_deployed_dice,safe_mean_patient_3d_deployed_dice,random_mean_patient_3d_deployed_dice,delta_mean_patient_3d_deployed_dice
0,0.856592135697764,0.8163454124903623,0.04024672320740175,0.6648295821773385,0.641875113774671,0.02295446840266746,0.7247142698376426,0.7287037258402004,-0.003989456002557734
1,0.8979591836734694,0.8111020408163266,0.08685714285714274,0.6502840619797001,0.6221677127796085,0.02811634920009165,0.7489871186409193,0.7466700457883497,0.002317072852569546
2,0.9120967741935484,0.8408064516129032,0.07129032258064516,0.6622878830939851,0.638201152609412,0.024086730484573105,0.7569403033286264,0.7570669680526413,-0.00012666472401490214
3,0.8985024958402662,0.8196339434276206,0.07886855241264557,0.6682949086486153,0.6418852741340623,0.026409634514553026,0.7510558220554903,0.7511778776094534,-0.00012205555396316292
4,0.896964856230032,0.825079872204473,0.07188498402555898,0.6575423344765704,0.6335131472942559,0.024029187182314504,0.7428125532815464,0.7418029042228812,0.0010096490586651852
5,0.8588537211291702,0.793327630453379,0.0655260906757913,0.6706357047747009,0.6484549663032839,0.022180738471416994,0.77225232239783,0.7747349715240169,-0.0024826491261868977
6,0.9007462686567164,0.8453731343283583,0.05537313432835811,0.6639832199057829,0.6457223312689565,0.0182608886368264,0.75222591217309,0.7556102570783911,-0.003384344905301151
7,0.8911877394636015,0.8352490421455938,0.05593869731800771,0.6635922905309877,0.6403797361559023,0.023212554375085404,0.7527089156510488,0.7517753101774608,0.0009336054735880062
8,0.8873333333333333,0.8405999999999999,0.046733333333333404,0.6527654355768493,0.6337340229388959,0.019031412637953382,0.728700320593286,0.7358376397143991,-0.007137319121113039
9,0.9117056856187291,0.8465551839464883,0.06515050167224079,0.6457414611094701,0.6210987559199131,0.024642705189556913,0.7334548991577152,0.7303371374487304,0.003117761708984812
10,0.8574748257164988,0.8085979860573198,0.048876839659178994,0.6413400497573067,0.6176958169130125,0.02364423284429429,0.7192395856260635,0.7223710216489743,-0.003131436022910772
11,0.892802450229709,0.832312404287902,0.06049004594180707,0.6650135703606138,0.6428543551345393,0.022159215226074558,0.7617905177236424,0.7656038361623149,-0.003813318438672497
12,0.9212717638152914,0.8464042392127176,0.07486752460257384,0.6515633518569917,0.6279164681015091,0.023646883755482517,0.7511067094340044,0.7493506104387128,0.0017560989952916106
13,0.8904802021903959,0.8080033698399328,0.0824768323504631,0.6690207968280137,0.645847472737225,0.02317332409078876,0.7671750067914672,0.7687076459224254,-0.0015326391309581355
14,0.880410858400587,0.8303741746148203,0.050036683785766645,0.6726903275104418,0.654153958946681,0.01853636856376073,0.768572878977901,0.7737779582793418,-0.005205079301440763
15,0.9173728813559322,0.8480225988700564,0.06935028248587582,0.6757612563617886,0.6518275385283654,0.02393371783342324,0.7612120205715882,0.7601557999149853,0.0010562206566029353
16,0.8708971553610503,0.812837345003647,0.05805981035740326,0.6599423705098985,0.6318851651718764,0.02805720533802203,0.7357026165132073,0.7368309762218608,-0.001128359708653437
17,0.9094427244582043,0.8323529411764706,0.07708978328173366,0.652508651111497,0.6246857765218496,0.027822874589647384,0.7379349403663544,0.7351330353033553,0.002801905062999155
18,0.9264497878359265,0.8477369165487978,0.07871287128712867,0.6808237869318068,0.6555188253635347,0.02530496156827211,0.7750447971531638,0.7723839842681015,0.002660812885062258
19,0.9160688665710186,0.8462697274031564,0.06979913916786218,0.6619294253472117,0.6379569343605288,0.02397249098668286,0.7567710537717482,0.7558195857454324,0.0009514680263158493
20,0.9076048329779673,0.830774697938877,0.07683013503909031,0.6607333752365356,0.634922378754878,0.025810996481657633,0.7598682865669841,0.7594148643802867,0.0004534221866974164
21,0.9079147640791476,0.8442922374429223,0.06362252663622536,0.6583621107058603,0.6373191451290949,0.021042965576765327,0.7578765088436669,0.7565336984934823,0.0013428103501845756
22,0.8852459016393442,0.8176424668227946,0.06760343481654962,0.653132353547709,0.628305809810785,0.024826543736924056,0.7532771294175059,0.7572917751144177,-0.004014645696911789
23,0.8971571906354515,0.8149665551839466,0.08219063545150496,0.6717061579356854,0.6455109179512456,0.026195239984439844,0.7582429178299391,0.7566477815425652,0.001595136287373955
24,0.9085545722713865,0.8485250737463126,0.06002949852507389,0.6503215126574902,0.6295958792282017,0.02072563342928846,0.7354238985068045,0.7357282770005098,-0.0003043784937053484
25,0.9059180576631259,0.8432473444613049,0.06267071320182105,0.6680175678071443,0.6441481787189887,0.023869389088155613,0.7577917710272176,0.7594480073322246,-0.0016562363050069973
26,0.910049191848208,0.8335910049191849,0.07645818692902306,0.6515360053398128,0.6261553137778599,0.025380691561952884,0.7567091074107776,0.7608115004668861,-0.004102393056108489
27,0.9003378378378378,0.8070945945945945,0.09324324324324329,0.6603247383596286,0.6348876800699428,0.025437058289685788,0.7608992007624474,0.7597396429882665,0.0011595577741809748
28,0.9228187919463087,0.8691275167785235,0.05369127516778516,0.6612877032770633,0.6393995280059144,0.021888175271148946,0.7267123381345676,0.7240284766448236,0.002683861489743977
29,0.9047945205479452,0.8610958904109589,0.04369863013698627,0.6529346156707345,0.6310047976112194,0.021929818059515105,0.7293619138091244,0.7312565786232018,-0.001894664814077407
30,0.9047261815453863,0.83615903975994,0.06856714178544632,0.6671574227302408,0.6414697797368613,0.025687642993379556,0.7647111378716196,0.7648310972464474,-0.00011995937482778274
31,0.9041916167664671,0.8323353293413174,0.07185628742514971,0.6399748362686307,0.615353329752695,0.024621506515935754,0.7072225866142052,0.7057151683572604,0.0015074182569447814
32,0.9116179615110478,0.8363506771204563,0.0752672843905915,0.6366231365325399,0.6089837989011306,0.027639337631409244,0.7173097560927026,0.7148827891426126,0.002426966950090037
33,0.9074367088607594,0.8439082278481012,0.06352848101265829,0.669747394463597,0.6492515856563968,0.020495808807200144,0.7526670498000968,0.7544986010456277,-0.0018315512455309158
34,0.9005120702267739,0.8372348207754208,0.06327724945135316,0.6609753996889413,0.6396935516786887,0.02128184801025257,0.7587140097416656,0.759845724436049,-0.0011317146943834455
35,0.9185867895545314,0.8544546850998463,0.06413210445468509,0.6508566065384535,0.6291818054997044,0.02167480103874908,0.7540033628517119,0.75383350785702,0.00016985499469190923
36,0.9029391660970608,0.8473000683526999,0.05563909774436093,0.6428955889790775,0.6201490795052798,0.02274650947379775,0.7195684436981334,0.720321980275984,-0.0007535365778505998
37,0.9155332856120257,0.8656406585540444,0.049892627057981365,0.6501750089796444,0.6280162382136109,0.022158770766033564,0.7274849534362513,0.7289160894140959,-0.0014311359778446109
38,0.8699311400153023,0.837566947207345,0.032364192807957215,0.6552831129750732,0.6336341976373406,0.02164891533773261,0.7294448174781365,0.7315991656602568,-0.002154348182120347
39,0.8887134964483031,0.8359116022099448,0.05280189423835835,0.6771689399093803,0.6543039870340328,0.02286495287534751,0.7615349633265445,0.7622014560856469,-0.0006664927591024661
40,0.9286245353159851,0.8550185873605948,0.07360594795539033,0.6413835154429653,0.6172853855150958,0.024098129927869527,0.7236478033154109,0.7237579998997734,-0.00011019658436250968
41,0.9199048374306106,0.8480570975416336,0.07184773988897697,0.6623979262345031,0.6388335516696323,0.023564374564870816,0.7516202077642599,0.7509090032728573,0.0007112044914026061
42,0.9037149355572404,0.8427596664139498,0.060955269143290525,0.6550170827328108,0.6310371166342361,0.023979966098574668,0.7372518812491105,0.7390957760111723,-0.0018438947620618151
43,0.9265536723163842,0.8658898305084746,0.060663841807909624,0.6544821743340152,0.6353219782092921,0.019160196124723083,0.7449472390171481,0.7461186783513,-0.0011714393341518692
44,0.9093774625689519,0.861544523246651,0.04783293932230093,0.6606145056309864,0.6387081677809646,0.02190633785002183,0.7367412692764177,0.737838555923894,-0.0010972866474763254
45,0.8888888888888888,0.8244593586875466,0.06442953020134223,0.6706888434217583,0.6501518252217346,0.020537018200023627,0.7728872112516534,0.7749091418199602,-0.0020219305683067956
46,0.8966763005780347,0.8328034682080926,0.06387283236994212,0.6720513260647213,0.6484130866493588,0.023638239415362472,0.7599167371352884,0.7636760808430616,-0.0037593437077731995
47,0.903968253968254,0.8409523809523808,0.06301587301587319,0.6393353576482227,0.6144309495316548,0.02490440811656791,0.7171672989545556,0.71910534027763,-0.001938041323074402
48,0.911925175370226,0.8344505066250975,0.07747466874512854,0.6298356390585871,0.6042135292022415,0.02562210985634561,0.7144930782794073,0.7116848359564283,0.0028082423229790487
49,0.8762968874700718,0.8076616121308859,0.0686352753391859,0.6640837888633886,0.6384297320586083,0.02565405680478028,0.7275551366598252,0.7253362829289435,0.002218853730881709
50,0.8988464951197871,0.8096716947648626,0.08917480035492453,0.6901071053056331,0.6614527029784025,0.0286544023272306,0.7746487364830628,0.7736687087536477,0.0009800277294150783
51,0.9209164818920916,0.8627494456762749,0.05816703621581676,0.6348442016204019,0.6116932154748904,0.023150986145511476,0.7291896623015737,0.7310336650288249,-0.0018440027272512705
52,0.9001457725947521,0.8303206997084548,0.06982507288629736,0.6464838895515046,0.6230878238672752,0.02339606568422936,0.726047699503236,0.7269367157801092,-0.0008890162768732113
53,0.8874223602484472,0.8389751552795032,0.04844720496894406,0.6828392418641612,0.6639046080551874,0.018934633808973866,0.7642176487567218,0.7693779442697904,-0.0051602955130686246
54,0.8908296943231441,0.8172925764192138,0.07353711790393025,0.6733401621150327,0.6512828752718716,0.022057286843161106,0.7603542551542538,0.7633492600830482,-0.0029950049287943425
55,0.8855421686746988,0.8467620481927712,0.03878012048192758,0.6513821173023058,0.6315547578420914,0.01982735946021441,0.7328263081103743,0.7389874517938586,-0.006161143683484305
56,0.8955765047135605,0.8609862218999276,0.034590282813632967,0.654920994815306,0.6332887555749,0.021632239240405915,0.7289799917404295,0.7350717416013122,-0.006091749860882678
57,0.8991869918699187,0.8212195121951218,0.07796747967479689,0.6510956546002281,0.6266822651376527,0.02441338946257543,0.720349073269067,0.7223735392278197,-0.002024465958752608
58,0.9111457521434139,0.8524551831644581,0.05869056897895575,0.6521736827432475,0.6305771555218704,0.02159652722137706,0.747143530153495,0.746366676941457,0.00077685321203802
59,0.8938589840788476,0.8438210765731615,0.05003790750568604,0.668405770715463,0.6477982879928319,0.020607482722631132,0.7539554335146047,0.7568566519656572,-0.002901218451052512
60,0.9192546583850931,0.8528726708074533,0.0663819875776398,0.655412685362866,0.6329505666612197,0.022462118701646272,0.7520591082560846,0.7539231570849181,-0.0018640488288335089
61,0.9113193943763518,0.8516943042537852,0.05962509012256656,0.6613425633617849,0.6408855148724573,0.02045704848932761,0.7412974674078208,0.7434701472919465,-0.0021726798841257278
62,0.8840989399293286,0.8374558303886926,0.046643109540635996,0.667658948662499,0.6432911481411729,0.024367800521326033,0.7462252316682411,0.7504973035612135,-0.004272071892972407
63,0.8650674662668666,0.7968515742128935,0.06821589205397305,0.6593797620317087,0.6303310100943794,0.029048751937329254,0.710483733284716,0.7158641615004271,-0.005380428215711053
64,0.9045709703287891,0.8267842822774659,0.07778668805132316,0.6867852897420271,0.6614466791244478,0.02533861061757936,0.7698537892147497,0.7671028398105588,0.00275094940419085
65,0.9049586776859504,0.8220661157024793,0.08289256198347106,0.6675743767419801,0.6428591367726937,0.024715239969286373,0.7648253073330092,0.7626960999747563,0.002129207358252949
66,0.9263238679969301,0.8536454336147352,0.0726784343821949,0.6680021122318938,0.6451961997275133,0.022805912504380466,0.7678225366510301,0.7656718549840688,0.002150681666961307
67,0.8865489130434783,0.8400135869565217,0.04653532608695654,0.6537720789387541,0.6301139362581518,0.02365814268060229,0.7304440397048068,0.7313537175747805,-0.0009096778699737573
68,0.8739232576350823,0.8142521534847299,0.05967110415035237,0.6408892630501929,0.6168801066413839,0.024009156408808963,0.735256850295726,0.7370959954226048,-0.0018391451268788828
69,0.9237360754070265,0.8626392459297343,0.061096829477292225,0.6624107021815411,0.6443962546781441,0.01801444750339698,0.7564449124342087,0.7586019809832317,-0.002157068549022978
70,0.9012810851544838,0.8381311228334589,0.06314996232102488,0.6554797294521928,0.634096223622046,0.02138350583014681,0.7324194288858384,0.734878989698687,-0.0024595608128485935
71,0.8822170900692841,0.8236335642802155,0.05858352578906856,0.6653066617766794,0.6405632660660759,0.024743395710603466,0.735394714218275,0.736517762187232,-0.0011230479689570139
72,0.9047202797202797,0.8369755244755245,0.0677447552447552,0.6817040120463371,0.6580013494629758,0.02370266258336129,0.7757861846931484,0.7760902029856716,-0.00030401829252313384
73,0.8933143669985776,0.8236842105263158,0.06963015647226178,0.6626468643220802,0.6350606895695962,0.02758617475248404,0.7525941616513477,0.7554977180125564,-0.002903556361208648
74,0.9107569721115538,0.83800796812749,0.07274900398406381,0.6661266618779006,0.6445229755006708,0.021603686377229758,0.7521776457782964,0.7538338352424266,-0.0016561894641302644
75,0.8836477987421384,0.8251572327044026,0.058490566037735836,0.656100391857074,0.6320741236972789,0.02402626815979514,0.7427182603185869,0.7462725800037825,-0.003554319685195595
76,0.8634111818825194,0.814083510261854,0.049327671620665425,0.6536026895372089,0.6291005947323268,0.02450209480488208,0.7378869391496155,0.7408739025504651,-0.002986963400849696
77,0.907563025210084,0.8496498599439775,0.05791316526610657,0.6525673661264686,0.6327787465048014,0.019788619621667225,0.7303847875561501,0.7325355102322668,-0.002150722676116712
78,0.9044117647058824,0.8277777777777777,0.07663398692810464,0.6698858255900318,0.6446265822869875,0.0252592433030443,0.7616721930335226,0.7615229288138965,0.0001492642196261329
79,0.9145907473309609,0.8419928825622776,0.07259786476868335,0.6567689414712169,0.6323069737706966,0.024461967700520337,0.7444031553293242,0.7434928408902582,0.0009103144390659734
80,0.8819497334348819,0.8140137090632139,0.06793602437166801,0.6810054424771299,0.6558161437988129,0.025189298678316985,0.776199826427133,0.7752466215181296,0.0009532049090034134
81,0.9192221391174271,0.8400149588631264,0.07920718025430074,0.6638116179820498,0.636593907763045,0.027217710219004765,0.7549477333203964,0.7517553514701365,0.00319238185025994
82,0.9351092896174863,0.8532786885245901,0.0818306010928962,0.644484865314522,0.6183380539791171,0.026146811335404863,0.7226912136987053,0.7199697250063982,0.002721488692307039
83,0.901018922852984,0.8531295487627364,0.04788937409024763,0.6649566041582323,0.6434828197390501,0.02147378441918224,0.7579749269776059,0.7600620849122808,-0.0020871579346748437
84,0.9090183559457302,0.8518754988028732,0.05714285714285705,0.6531054263480346,0.6307673736135786,0.022338052734455993,0.7407816364924451,0.7413068619432169,-0.0005252254507718268
85,0.9024734982332155,0.8499646643109541,0.052508833922261466,0.6683237191022381,0.6478784723548575,0.020445246747380574,0.7671675886755288,0.7678835449722493,-0.0007159562967204991
86,0.9147485080988917,0.83614663256607,0.07860187553282172,0.6551192960320313,0.6287417715349912,0.026377524497040117,0.7399784070600364,0.7372042931651052,0.002774113894931207
87,0.8606431852986217,0.7948698315467075,0.06577335375191418,0.6718790447389373,0.6459442019099472,0.025934842828990168,0.7709040097079208,0.7739293050705573,-0.0030252953626365153
88,0.868601986249045,0.8181054239877769,0.050496562261268196,0.6629887399664388,0.6387786848115693,0.024210055154869514,0.7460781557294912,0.7481398729809211,-0.0020617172514298954
89,0.9370257966616085,0.8691198786039454,0.0679059180576631,0.6617554258360386,0.6402239888594196,0.02153143697661908,0.7593201157793584,0.760203933985576,-0.0008838182062175237
90,0.9029850746268657,0.8441044776119403,0.05888059701492543,0.6296966666909822,0.6060582108518732,0.023638455839109063,0.6968301637624259,0.6980981562284823,-0.0012679924660563557
91,0.8918692372170998,0.8398155909471919,0.05205364626990783,0.6560348231620244,0.6338335902657292,0.022201232896295275,0.7249488151382801,0.7282390641828528,-0.0032902490445726462
92,0.9045967042497832,0.8318300086730268,0.07276669557675641,0.6551222834722898,0.630048527454471,0.025073756017818805,0.7345847779410292,0.7341785445304684,0.00040623341056078566
93,0.8857368006304176,0.8267139479905437,0.059022852639873946,0.6485688819558069,0.6241380537906199,0.024430828165186935,0.7413820814284445,0.7438124706995828,-0.0024303892711382558
94,0.9078740157480315,0.8352755905511812,0.07259842519685034,0.6512280649053739,0.628876119464324,0.022351945441049903,0.7653523417059955,0.7659059980328112,-0.0005536563268156991
95,0.9018245004344049,0.8135534317984361,0.08827106863596879,0.6499603696593703,0.620169605198653,0.029790764460717267,0.7594078961857643,0.7566894827463192,0.002718413439445122
96,0.904833836858006,0.8534743202416919,0.051359516616314105,0.6560787766143972,0.6346653118552479,0.021413464759149292,0.7227306770679,0.7242001404312765,-0.0014694633633764997
97,0.9216914643696162,0.8415035238841033,0.08018794048551292,0.6559810329525887,0.6300502520914468,0.025930780861141867,0.756825088722144,0.7522694765524852,0.004555612169658829
98,0.8773513920240783,0.8291948833709556,0.04815650865312271,0.6387884040340762,0.6157079313995679,0.023080472634508298,0.7062004558923487,0.707383633827811,-0.0011831779354622984
99,0.9150280898876404,0.8402387640449438,0.0747893258426966,0.6410470186845614,0.6155914678699498,0.025455550814611594,0.7256490353534175,0.7256838452814938,-3.4809928076251495e-05
100,0.878716744913928,0.8151017214397495,0.06361502347417858,0.6634760474733173,0.6407722171885437,0.02270383028477363,0.7508952774719772,0.757704583987507,-0.0068093065155298005
101,0.9139442231075697,0.8477290836653386,0.06621513944223112,0.6492416746314137,0.6262556093596103,0.022986065271803358,0.7218125022439146,0.7210488850537469,0.0007636171901677091
102,0.9255455712451861,0.8713093709884469,0.05423620025673925,0.6650052898369514,0.6437270368267075,0.021278253010243886,0.7477349337904263,0.7474411584705674,0.00029377531985896876
103,0.9092936802973978,0.8298884758364313,0.07940520446096644,0.6800734981745007,0.6556246617741681,0.024448836400332574,0.7559864202904796,0.7570376007242299,-0.0010511804337502983
104,0.8803724928366762,0.8396131805157593,0.040759312320916896,0.6579539421766781,0.6360434599330653,0.021910482243612805,0.7547207748309351,0.7572256428784448,-0.002504868047509712
105,0.9086859688195991,0.8231625835189311,0.08552338530066794,0.6487503121604465,0.6227945317315075,0.02595578042893909,0.7375364092370954,0.734069467707446,0.0034669415296494366
106,0.8991379310344828,0.8216379310344829,0.0774999999999999,0.666468239011794,0.6435729956359855,0.022895243375808505,0.7612908184955821,0.7624379605002395,-0.0011471420046573755
107,0.8998435054773083,0.8428012519561815,0.057042253521126796,0.6723021362429499,0.648851276791898,0.023450859451051853,0.77236361804529,0.776220637088101,-0.003857019042810994
108,0.8650042992261393,0.7941530524505589,0.07085124677558041,0.6548152145571364,0.628862348283971,0.025952866273165398,0.760503550090118,0.7632589441662815,-0.002755394076163431
109,0.9010380622837371,0.8600692041522491,0.040968858131487984,0.6401652790761728,0.6195353694300909,0.020629909646081912,0.7142955551789559,0.7173239435088155,-0.0030283883298595216
110,0.9251851851851852,0.8653333333333334,0.05985185185185182,0.6431323456351858,0.6204793865184143,0.022652959116771565,0.7119352057545237,0.7087594933936752,0.0031757123608485704
111,0.8760650658404338,0.8182029434546862,0.057862122385747505,0.6559618488756943,0.6312777976903223,0.02468405118537198,0.735423456985771,0.7393833818793499,-0.003959924893578881
112,0.8763277693474962,0.803186646433991,0.07314112291350527,0.6567208619028938,0.6259909864459821,0.03072987545691175,0.736972326739897,0.7346632322407964,0.00230909449910055
113,0.9224,0.84792,0.07447999999999999,0.6648324788779163,0.6418718061428993,0.022960672735017007,0.7537271254545603,0.7507753877289265,0.0029517377256338406
114,0.9016522423288749,0.8452399685287174,0.05641227380015745,0.6507380352573401,0.6306585049122976,0.020079530345042507,0.7308069889789359,0.7344723904127916,-0.0036654014338556307
115,0.9113712374581939,0.8206521739130436,0.09071906354515036,0.6520432885285915,0.625358779270338,0.026684509258253497,0.7318742570597591,0.7331930722096333,-0.0013188151498741973
116,0.9027673896783844,0.8428571428571429,0.059910246821241575,0.6686624075333696,0.6441087486945175,0.024553658838852077,0.7756996603507943,0.7759872535031226,-0.0002875931523282915
117,0.8946540880503144,0.8080974842767296,0.08655660377358487,0.6413946022979146,0.6084495185882703,0.03294508370964422,0.7313589518122389,0.7293398853278537,0.0020190664843852124
118,0.8988853503184714,0.8294585987261147,0.06942675159235667,0.6218961991689036,0.5943309082925201,0.027565290876383486,0.7003522342798815,0.7017433417979672,-0.001391107518085688
119,0.9030075187969925,0.8398496240601505,0.06315789473684197,0.6391779801942301,0.6148721371274908,0.02430584306673933,0.7310273917190953,0.7335969606511544,-0.002569568932059174
120,0.8954443614637789,0.8318894697535475,0.06355489171023143,0.6457324035393958,0.623120117862946,0.022612285676449795,0.733681532795784,0.7364290806236686,-0.0027475478278846666
121,0.901689708141321,0.8386328725038403,0.06305683563748066,0.6396788234099888,0.6187505973906042,0.0209282260193846,0.7332167912664628,0.7344575004274307,-0.0012407091609679677
122,0.8903394255874674,0.8190600522193211,0.07127937336814627,0.6762651263565059,0.6526759611811117,0.023589165175394222,0.7680122117537854,0.771555999034425,-0.003543787280639532
123,0.8850658857979502,0.8270131771595899,0.05805270863836032,0.6849352533010337,0.6637966132916662,0.021138640009367493,0.7855512674402925,0.7856630508740093,-0.00011178343371687216
124,0.9033778476040848,0.8346425765907306,0.0687352710133542,0.6852231190630276,0.662886815464799,0.02233630359822858,0.7767757267060538,0.7757279124826424,0.0010478142234113808
125,0.9089376053962901,0.8124789207419898,0.0964586846543003,0.6753209585724251,0.6451113327470457,0.03020962582537945,0.7757391012957646,0.7709624876704508,0.004776613625313786
126,0.8995594713656387,0.8281057268722467,0.07145374449339204,0.6655475294877943,0.6422850928830552,0.023262436604739034,0.7706610343447439,0.7723751058017375,-0.0017140714569936488
127,0.8988416988416988,0.8152123552123554,0.08362934362934349,0.6647006541257541,0.639025148181372,0.02567550594438206,0.7467836069529644,0.7451227501719215,0.0016608567810428854
128,0.8558797524314765,0.8081343943412909,0.04774535809018565,0.6386692949808348,0.6141126899647297,0.024556605016105126,0.7073143443912537,0.7119675147204698,-0.004653170329216083
129,0.9024390243902439,0.8431943351691581,0.05924468922108583,0.6535628444300003,0.6329156832439174,0.020647161186082896,0.7496279773268382,0.7513894284281871,-0.0017614511013489542
130,0.8696629213483146,0.8051685393258428,0.06449438202247182,0.6659854918964959,0.6423071621667447,0.023678329729751257,0.7569780714839138,0.7633068323815857,-0.00632876089767187
131,0.8812260536398467,0.8150191570881227,0.06620689655172407,0.6663275353918302,0.6393314289910788,0.026996106400751452,0.7457681300542165,0.7466251300578943,-0.0008570000036778325
132,0.8773354995938262,0.8058489033306255,0.07148659626320064,0.6458897379326078,0.6198278976944133,0.026061840238194578,0.7467971489459088,0.7487471747386019,-0.0019500257926930997
133,0.9109639440765268,0.8348050036791758,0.07615894039735105,0.6651792370628219,0.6400134569761258,0.02516578008669612,0.7604693546494059,0.7608502236720891,-0.00038086902268319456
134,0.8807017543859649,0.8387368421052631,0.04196491228070176,0.6708743004203763,0.6493618577101881,0.021512442710188262,0.7458405970553649,0.7504150041772853,-0.004574407121920476
135,0.9099307159353349,0.8455735180908391,0.06435719784449578,0.6831252590408678,0.6596059454442663,0.023519313596601532,0.7797024900586166,0.7792145229510152,0.0004879671076013503
136,0.9028852920478536,0.8484166080225194,0.054468684025334224,0.6548026678171073,0.6354092706094407,0.01939339720766653,0.7521032827454205,0.7547782732897994,-0.002674990544378919
137,0.922173274596182,0.8555800293685756,0.06659324522760646,0.6461090722138162,0.6227679695686363,0.023341102645179856,0.7482310970601709,0.7473423417748372,0.00088875528533372
138,0.8920225624496374,0.8339242546333603,0.05809830781627712,0.6460845129861966,0.6212411500102516,0.024843362975945027,0.7272958579408356,0.7302392226524479,-0.002943364711612273
139,0.9282894736842106,0.8588157894736842,0.06947368421052635,0.6453818925720561,0.6213829787713802,0.02399891380067598,0.7185789342458698,0.718107798789877,0.000471135455992866
140,0.9131054131054132,0.8465811965811966,0.06652421652421658,0.6279694473560307,0.6054075027701444,0.02256194458588623,0.7209274419722056,0.7248494121388284,-0.003921970166622768
141,0.9043097151205259,0.85018261504748,0.054127100073045886,0.6573118463785158,0.6343579699431181,0.022953876435397702,0.7577957200597628,0.7579662115171684,-0.00017049145740555272
142,0.8707782672540382,0.8102055800293686,0.060572687224669575,0.6766140884201367,0.6521412594993276,0.024472828920809153,0.756044676810641,0.7568495378038236,-0.0008048609931825546
143,0.9203798392987582,0.8490869247626005,0.07129291453615771,0.6544979496493668,0.6281819581517775,0.02631599149758934,0.7361620967674215,0.7346513560755801,0.001510740691841428
144,0.9213759213759214,0.8212121212121213,0.10016380016380011,0.6412243633980595,0.6139909713801541,0.027233392017905422,0.7282772407531956,0.7251387880492484,0.003138452703947192
145,0.9108087679516251,0.8282690854119427,0.08253968253968247,0.6446939491085301,0.6195418889615589,0.025152060146971134,0.7425879989397136,0.743778028323853,-0.0011900293841393683
146,0.8933002481389578,0.8224979321753516,0.0708023159636062,0.6747929811951686,0.6523313965579052,0.022461584637263443,0.7663257441068626,0.7641260444877049,0.002199699619157669
147,0.8811728395061729,0.826466049382716,0.054706790123456916,0.6826814710324365,0.6617302342645488,0.020951236767887682,0.7723855828718605,0.7755368793679243,-0.0031512964960637158
148,0.8908839779005525,0.8478591160220994,0.04302486187845311,0.6435686316264922,0.6223016282705259,0.02126700335596632,0.7317873798060676,0.7401039640986343,-0.008316584292566764
149,0.9210320562939797,0.8451133698201719,0.07591868647380773,0.6376289836122194,0.6126676803025256,0.024961303309693816,0.7126961201246377,0.7109534088449367,0.001742711279700937
150,0.8968842729970327,0.843545994065282,0.05333827893175069,0.6581936344408168,0.6395529779825665,0.018640656458250304,0.728147930608155,0.730584399898443,-0.002436469290288068
151,0.8924418604651163,0.8394622093023256,0.052979651162790686,0.6748549333592916,0.6517310201888463,0.023123913170445265,0.7568838166891093,0.7596353246309423,-0.002751507941832987
152,0.9214908802537668,0.8555908009516257,0.06590007930214115,0.6403763197371165,0.6191331238908581,0.021243195846258445,0.7467688310159017,0.7500581694214682,-0.0032893384055664443
153,0.8746376811594203,0.8323913043478262,0.042246376811594155,0.6708052644020212,0.6526219806829029,0.01818328371911826,0.7467985163795404,0.7508726640955427,-0.00407414771600223
154,0.8777038269550749,0.8146422628951747,0.06306156405990015,0.6589774948114382,0.6334628694403066,0.025514625371131583,0.7570906851382556,0.7612340525020922,-0.004143367363836581
155,0.8851634534786254,0.7946353730092205,0.09052808046940486,0.6475243509946695,0.6224518086953894,0.02507254229928013,0.7200544104531956,0.7207325873740665,-0.0006781769208709099
156,0.8779783393501805,0.8218050541516245,0.05617328519855602,0.6608826282002501,0.636654872224638,0.02422775597561211,0.7335884327808732,0.7345128399033839,-0.0009244071225107398
157,0.9118869492934331,0.8375727348295927,0.07431421446384034,0.6493469124184477,0.6233625332981577,0.025984379120289947,0.7326675617078948,0.7301904204274946,0.002477141280400219
158,0.9221411192214112,0.8188158961881589,0.10332522303325231,0.6723824077496091,0.6432685060378261,0.029113901711782963,0.7609253098898839,0.7550331676126463,0.005892142277237666
159,0.9095744680851063,0.84209726443769,0.06747720364741638,0.674341558651034,0.6500778801121915,0.02426367853884248,0.7855974938625164,0.7861555303168022,-0.0005580364542857597
160,0.8999280057595392,0.8448524118070555,0.05507559395248374,0.6582849046025129,0.6346267071243947,0.023658197478118148,0.7414250691092047,0.7394046428441913,0.0020204262650134197
161,0.8983451536643026,0.839952718676123,0.05839243498817959,0.6621719672354706,0.6413385601570047,0.020833407078465815,0.7577290408750454,0.7583902373465622,-0.0006611964715167451
162,0.9118541033434651,0.8424772036474165,0.06937689969604854,0.668298971943064,0.6445396945054904,0.023759277437573556,0.7501139709687987,0.7495836774652255,0.0005302935035732537
163,0.9191994069681245,0.8532987398072647,0.06590066716085985,0.6523371465367891,0.6289470330722724,0.023390113464516693,0.7438691894265517,0.7438879190909883,-1.8729664436611948e-05
164,0.8751962323390895,0.8160125588697019,0.05918367346938758,0.6601120784984897,0.6356706393458355,0.024441439152654287,0.7531988255834899,0.7594353764209696,-0.0062365508374796486
165,0.9131859131859131,0.8361998361998362,0.07698607698607696,0.6615345995714861,0.6352132544900577,0.02632134508142836,0.7575794620893928,0.7561601083681082,0.0014193537212845442
166,0.8725099601593626,0.831792828685259,0.04071713147410361,0.6457596039407517,0.6242330320609529,0.021526571879798784,0.7297183614747431,0.7341959303791292,-0.004477568904386109
167,0.8686073957513769,0.8088906372934698,0.05971675845790714,0.6639070063141342,0.638525135564269,0.0253818707498652,0.7583094433346649,0.7606437610353162,-0.0023343177006512894
168,0.9217110573042776,0.8332526230831316,0.08845843422114597,0.649472558583573,0.6239922991681363,0.025480259415436746,0.747911561206659,0.7465031517536549,0.0014084094530041336
169,0.9020618556701031,0.858615611192931,0.04344624447717216,0.637678983932274,0.6155406151696611,0.02213836876261288,0.7132604234642775,0.7164044648637087,-0.003144041399431141
170,0.919889502762431,0.8620165745856353,0.05787292817679568,0.6552527374873018,0.6341743449698616,0.02107839251744026,0.7409236839667274,0.7423931661853561,-0.0014694822186287482
171,0.9150521609538003,0.8533532041728762,0.061698956780924075,0.6678457750332595,0.645605536917021,0.02224023811623843,0.7330089369801065,0.7296864941282871,0.003322442851819374
172,0.8768060836501901,0.836273764258555,0.04053231939163504,0.6579993051903589,0.6368304117190247,0.021168893471334216,0.7422727422384215,0.7467002943891051,-0.004427552150683578
173,0.928122819260293,0.8718771807397069,0.05624563852058617,0.6509012118408228,0.6294605135534288,0.021440698287394033,0.7379555470071034,0.73766730937521,0.000288237631893451
174,0.9177168272794662,0.8421052631578947,0.07561156412157155,0.6709960114711121,0.6471211121339009,0.02387489933721121,0.7659247997020492,0.7630020247880506,0.002922774913998616
175,0.9133333333333333,0.8476666666666667,0.06566666666666665,0.6575138780673502,0.6382404655143763,0.01927341255297388,0.7508468647039589,0.7551646889727911,-0.004317824268832204
176,0.8877245508982036,0.829565868263473,0.05815868263473056,0.6479007374092226,0.6258269322868559,0.022073805122366674,0.7427779004760038,0.745769112029975,-0.002991211553971196
177,0.929283771532185,0.8483227561196737,0.08096101541251133,0.6512941021179176,0.6279533868820315,0.0233407152358861,0.7523028176887433,0.7519872837447348,0.000315533944008517
178,0.9001436781609196,0.8325431034482758,0.0676005747126438,0.6667088357954469,0.6436319566355804,0.02307687915986656,0.750930541084935,0.7520607346385181,-0.0011301935535831253
179,0.9029968454258676,0.839826498422713,0.0631703470031546,0.6565106982017337,0.6357408638440579,0.020769834357675765,0.7443785275977882,0.7452090941078622,-0.0008305665100739601
180,0.8936170212765957,0.8317089910775566,0.06190803019903912,0.6663621741641164,0.6441907521487916,0.022171422015324738,0.766922313971556,0.7709710096667298,-0.004048695695173854
181,0.8852459016393442,0.8379900213827514,0.047255880256592886,0.6563480430356043,0.6343324672898377,0.022015575745766625,0.7430770442678772,0.7441838718986098,-0.0011068276307325542
182,0.8838109992254066,0.8148721920991479,0.06893880712625877,0.655590768003202,0.631623007873223,0.023967760129979032,0.7260492539689523,0.7275409505252053,-0.0014916965562530304
183,0.9140271493212669,0.8524132730015085,0.061613876319758454,0.6802178258092927,0.657150642213142,0.023067183596150675,0.7579385155473326,0.762389312643237,-0.004450797095904346
184,0.9072700296735905,0.8392433234421365,0.06802670623145401,0.6624706563038926,0.6390136594181715,0.023456996885721115,0.753444697898781,0.7517132833800614,0.0017314145187196095
185,0.9267935578330894,0.8409956076134699,0.08579795021961945,0.6638679628276851,0.6352187536743246,0.028649209153360555,0.7572668319799478,0.7538195484398178,0.0034472835401300195
186,0.8818958818958819,0.8292152292152292,0.052680652680652695,0.6498439920342646,0.6267576698315616,0.023086322202703013,0.740164593237148,0.742163101272408,-0.001998508035260027
187,0.8773234200743495,0.8212639405204462,0.056059479553903335,0.685748318484251,0.6610954105569251,0.024652907927325884,0.7868632399151871,0.7902132710782853,-0.003350031163098177
188,0.8888888888888888,0.8195027195027194,0.06938616938616948,0.6627525970641911,0.6399615125470896,0.022791084517101545,0.7602928825607561,0.764397368786935,-0.004104486226178872
189,0.8931888544891641,0.8109133126934985,0.08227554179566554,0.6732266081571029,0.6429220588292913,0.03030454932781157,0.7473254828474919,0.7465179719808763,0.0008075108666155684
190,0.8914910226385636,0.8195940671350508,0.07189695550351283,0.6679503435767934,0.6437286707596167,0.024221672817176687,0.7654180097004617,0.7675810049946487,-0.0021629952941869535
191,0.8729752770673487,0.8082693947144074,0.06470588235294128,0.6408728385536993,0.616354496459974,0.024518342093725276,0.7164900261944259,0.7184317216869477,-0.0019416954925217667
192,0.904407200496586,0.8531967721911856,0.051210428305400346,0.6640573659804124,0.6421806104256012,0.021876755554811278,0.7308477578557202,0.7332333636899447,-0.0023856058342245356
193,0.9095890410958904,0.8147945205479452,0.09479452054794524,0.6697883224541977,0.6436089985879947,0.02617932386620303,0.7692972481127577,0.7684562208825124,0.0008410272302452615
194,0.9055509527754764,0.8251035625517813,0.08044739022369507,0.6276778795898336,0.6019275048364982,0.025750374753335414,0.7193837618598008,0.720028032389401,-0.0006442705296002549
195,0.8889809444904723,0.8151615575807789,0.07381938690969336,0.6580005577099227,0.6342517144274591,0.023748843282463628,0.7645994960405215,0.7714707724023793,-0.006871276361857803
196,0.8844483058210252,0.823023457862728,0.06142484795829717,0.6494072816182946,0.6233594929406033,0.026047788677691308,0.7158831561652514,0.7176789658693069,-0.0017958097040554621
197,0.885861561119293,0.8209867452135493,0.06487481590574373,0.6554205501533864,0.6318585995192152,0.023561950634171214,0.7344598218214662,0.7356764702860622,-0.0012166484645960152
198,0.9080944350758853,0.8355817875210793,0.07251264755480602,0.649787381744673,0.625662671085656,0.024124710659017,0.7433294469207722,0.7440404125030942,-0.0007109655823219763
199,0.8680445151033387,0.8042925278219396,0.06375198728139908,0.671079446210129,0.6486218175953569,0.022457628614772185,0.780671368236584,0.7860660609538698,-0.005394692717285765
200,0.9238539238539238,0.8565656565656565,0.06728826728826731,0.6714917379720429,0.64815376541059,0.02333797256145287,0.7646271776380213,0.7663612976629661,-0.0017341200249447741
201,0.9114982578397213,0.8581881533101046,0.05331010452961671,0.6504220671665307,0.6284275434310358,0.02199452373549493,0.7272062943750262,0.7283920776429099,-0.0011857832678837665
202,0.8936635105608157,0.8260742898761835,0.06758922068463225,0.6449216293596349,0.6184319140159587,0.02648971534367628,0.7273801115318628,0.7291913623145775,-0.0018112507827147128
203,0.8936170212765957,0.8177304964539006,0.07588652482269509,0.646435237085592,0.6212652471110441,0.02516998997454789,0.7229636997355574,0.7258716347955874,-0.0029079350600299536
204,0.894457099468489,0.8355353075170843,0.05892179195140468,0.6525520330773591,0.6292803609729,0.02327167210445913,0.7338048121498363,0.7333064916044402,0.0004983205453961137
205,0.9205955334987593,0.8488006617038876,0.07179487179487176,0.6846446931675816,0.6620325909691707,0.02261210219841092,0.793427106465463,0.7927195861741587,0.0007075202913042755
206,0.9206094627105053,0.8574178027265438,0.06319165998396148,0.6823026150678342,0.6616522337913907,0.020650381276443475,0.7766059414797444,0.7782945071411256,-0.0016885656613812028
207,0.9109433962264151,0.8626415094339623,0.04830188679245273,0.6595512245962698,0.6387357155316791,0.02081550906459073,0.7476444171104165,0.7501345753441493,-0.0024901582337327755
208,0.8926332288401254,0.8225705329153605,0.07006269592476488,0.6563151987623231,0.6333638182493408,0.02295138051298229,0.7561829949221419,0.7564193320433253,-0.00023633712118342753
209,0.9188820722563054,0.869052488070893,0.04982958418541239,0.6666628511268856,0.6469833691793103,0.019679481947575295,0.7655794620792895,0.7674901620600251,-0.001910699980735564
210,0.893286219081272,0.8382332155477032,0.05505300353356879,0.6612987675952836,0.6427589767001617,0.01853979089512192,0.7616966384465701,0.7657004224554458,-0.004003784008875688
211,0.9041379310344828,0.8697241379310345,0.034413793103448276,0.6688594557935656,0.6511244938260976,0.017734961967468044,0.744019870535684,0.7458735413697564,-0.0018536708340723962
212,0.900939985538684,0.837237888647867,0.06370209689081707,0.6624336220790165,0.6380731341639139,0.02436048791510259,0.7624298298552533,0.7623254990333126,0.00010433082194072352
213,0.9141455437448897,0.8334423548650859,0.08070318887980377,0.6485879154821297,0.6244979752913056,0.02408994019082411,0.7383773574845903,0.7350337606125998,0.003343596871990484
214,0.8922749822820695,0.8490432317505316,0.04323175053153783,0.683503799386291,0.6651574097924047,0.018346389593886347,0.7700465318538962,0.7715638869102721,-0.0015173550563759575
215,0.9029968454258676,0.8395110410094636,0.06348580441640395,0.6268565571211714,0.6018158620543825,0.025040695066788854,0.7233482253365302,0.7251200342760202,-0.0017718089394900272
216,0.9097387173396675,0.8309580364212193,0.07878068091844814,0.6388364661756285,0.6126499090165393,0.02618655715908924,0.7235057072023423,0.7221801241852346,0.0013255830171077232
217,0.9180834621329211,0.8453632148377125,0.07272024729520865,0.6700108763698738,0.6460069656805378,0.02400391068933594,0.7494637878279055,0.7472674188668714,0.0021963689610340342
218,0.8922413793103449,0.8461206896551724,0.046120689655172464,0.6639048839080202,0.6445068850651566,0.01939799884286353,0.755790531594388,0.760324498509817,-0.004533966915428955
219,0.8649270913277053,0.8108211818879507,0.054105909439754574,0.6480895091574588,0.6239883439084428,0.024101165249015954,0.7523534193681869,0.754981492769748,-0.0026280734015611262
220,0.9263301500682128,0.8600272851296044,0.06630286493860849,0.6761049390632866,0.6517190947350402,0.02438584432824642,0.7680540852780402,0.7675274403174581,0.0005266449605820789
221,0.926131850675139,0.8525019857029388,0.07362986497220025,0.6604538055264877,0.638054769382023,0.0223990361444647,0.7369798590194383,0.7368861738089569,9.368521048136458e-05
222,0.9221442246330568,0.8566049776643269,0.06553924696872993,0.6483085991074435,0.6250842345985097,0.023224364508933837,0.7314614858717876,0.7309537830926215,0.0005077027791661193
223,0.9100946372239748,0.8423501577287066,0.06774447949526818,0.6566641476089914,0.634895308906299,0.021768838702692417,0.7591662646036218,0.759343817352222,-0.0001775527486002071
224,0.9243515850144092,0.856628242074928,0.06772334293948112,0.6529464163647936,0.6298842008173638,0.02306221554742971,0.7402268425239958,0.736552185585122,0.0036746569388738104
225,0.891520244461421,0.8297173414820473,0.06180290297937363,0.6655771911477015,0.6393174305313687,0.02625976061633284,0.7592030332652123,0.7603907009537485,-0.0011876676885361759
226,0.8830769230769231,0.8329230769230771,0.05015384615384599,0.6718758641716793,0.6484640485005239,0.023411815671155467,0.7649415421722087,0.7654780092737552,-0.0005364671015465339
227,0.9101978691019786,0.8525875190258752,0.05761035007610349,0.6707256115159079,0.6509218461412554,0.01980376537465256,0.7527338715069365,0.7547951501530259,-0.002061278646089404
228,0.8975609756097561,0.8526829268292682,0.044878048780487956,0.643486112330729,0.6203526999710649,0.02313341235966415,0.7056970807191814,0.7106385360691627,-0.004941455349981361
229,0.8994826311899483,0.8543976348854396,0.045084996304508684,0.6723242357960841,0.6527517596718956,0.019572476124188554,0.7683584515638641,0.7721785514830832,-0.0038200999192191665
230,0.8650852483320979,0.8116382505559674,0.05344699777613049,0.6553252073501455,0.6343386998522725,0.020986507497873008,0.7362515442407069,0.7408309661477668,-0.004579421907059844
231,0.875625446747677,0.8082916368834884,0.06733380986418858,0.6654100232907684,0.6399206928166664,0.025489330474101957,0.7409849727672342,0.7443388275163294,-0.0033538547490952197
232,0.8699186991869918,0.8136733185513674,0.05624538063562445,0.6525985419365316,0.6262748101077424,0.02632373182878911,0.7115646548571902,0.7154240316157311,-0.0038593767585408667
233,0.9079341317365269,0.8345808383233534,0.07335329341317354,0.6590585822436231,0.6374206465229677,0.02163793572065542,0.7453050283994677,0.7460743776652476,-0.0007693492657799839
234,0.8947778643803586,0.819095869056898,0.07568199532346054,0.6538152560490763,0.6254055583268757,0.02840969772220059,0.7226535803669775,0.7191720837395981,0.003481496627379399
235,0.917135961383749,0.825422365245374,0.09171359613837493,0.6612512782835797,0.6339382953323422,0.027312982951237408,0.7673741598975848,0.766357075726716,0.001017084170868876
236,0.9018067556952082,0.8337784760408484,0.06802827965435976,0.6417641888045427,0.6183471313123262,0.023417057492216453,0.741939035421986,0.7434179799161068,-0.0014789444941207819
237,0.8956661316211878,0.8241573033707865,0.07150882825040128,0.6325347580401107,0.6066699581882484,0.025864799851862297,0.7271089073217456,0.7277744972270563,-0.0006655899053107373
238,0.8992918961447679,0.821164437450826,0.07812745869394189,0.6499559605877862,0.6252144074486627,0.024741553139123407,0.744724602864014,0.7469716567020945,-0.0022470538380805483
239,0.915100453661698,0.8716785482825664,0.0434219053791316,0.6453341003398811,0.6240711301963329,0.021262970143548277,0.7149504988445793,0.7121450720344766,0.0028054268101026514
240,0.9244868035190615,0.8635630498533725,0.06092375366568903,0.6480305661007797,0.6254263310489204,0.022604235051859267,0.7392418101324628,0.7390959951136287,0.00014581501883415005
241,0.8800335570469798,0.8192114093959733,0.060822147651006575,0.6811668851252566,0.6593075670063298,0.02185931811892683,0.7529855490636425,0.7571971532378899,-0.004211604174247485
242,0.9385610347615198,0.8540016168148747,0.08455941794664501,0.6503635734679398,0.6272397275271755,0.02312384594076433,0.7356523676265901,0.7345144431403419,0.0011379244862482762
243,0.9034003091190108,0.845595054095827,0.05780525502318379,0.6629040465081406,0.639239080291399,0.023664966216741634,0.7457854802406306,0.7466853544128527,-0.0008998741722220371
244,0.8850758180367119,0.8205107741420591,0.06456504389465278,0.6784140674981702,0.6527945748514095,0.025619492646760778,0.7784756012055092,0.7787749169486561,-0.00029931574314689957
245,0.9099774943735934,0.846211552888222,0.0637659414853714,0.6548439715968906,0.6323703470858069,0.0224736245110837,0.7357686862940316,0.7372460829454295,-0.0014773966513978998
246,0.9203798392987582,0.8426588750913074,0.07772096420745078,0.648510733274145,0.6232483819935029,0.025262351280642137,0.7431877341856716,0.7429558779174381,0.00023185626823352123
247,0.9234234234234234,0.8272072072072072,0.09621621621621623,0.6509975425524526,0.6226281002524254,0.028369442300027137,0.7580750205824953,0.7556055285035356,0.002469492078959745
248,0.9287305122494433,0.8657015590200446,0.06302895322939861,0.6658427983119112,0.645560253200163,0.020282545111748207,0.7483842274915554,0.7503129668164507,-0.0019287393248952345
249,0.8916382252559727,0.8238907849829353,0.06774744027303736,0.6660623913968242,0.6439866198008738,0.022075771595950422,0.7613904459461254,0.7649650802404816,-0.003574634294356227
250,0.906276150627615,0.832468619246862,0.07380753138075302,0.6527092608410144,0.6288972406108002,0.023812020230214226,0.7564328820188937,0.7568353394643796,-0.00040245744548594864
251,0.8813559322033898,0.8397936624907885,0.04156226971260135,0.6420720138758306,0.6198624861680722,0.022209527707758414,0.7089196825873286,0.7128601978950894,-0.003940515307760739
252,0.9079646017699115,0.8067256637168143,0.10123893805309714,0.6545904777767801,0.6251773773779938,0.029413100398786307,0.726106862850317,0.724682400831798,0.0014244620185189794
253,0.9163120567375886,0.8446099290780141,0.07170212765957451,0.6540743672034522,0.629627400340097,0.024446966863355235,0.7381340295514517,0.7381147050500996,1.932450135211372e-05
254,0.8937728937728938,0.8438095238095238,0.04996336996337003,0.6407893802668321,0.6185154410032896,0.022273939263542486,0.7319813319001404,0.7381141042242838,-0.006132772324143443
255,0.896455872133426,0.8228630993745657,0.07359277275886034,0.6562982306901415,0.6304242947505542,0.02587393593958731,0.7511312919691959,0.7493992943621476,0.0017319976070483412
256,0.8828980623420387,0.8205560235888797,0.062342038753159024,0.665519011900931,0.6432276339791316,0.02229137792179936,0.7642282001303473,0.765220772102533,-0.0009925719721857185
257,0.9186046511627907,0.8284053156146178,0.09019933554817283,0.678884957425042,0.6543506004299797,0.024534356995062234,0.7793459263017111,0.7772933636269824,0.002052562674728642
258,0.8760852407261247,0.8363062352012628,0.03977900552486191,0.6581356389597701,0.6369648721887533,0.021170766771016813,0.7359075096833139,0.7416275007173263,-0.005719991034012439
259,0.9009083402146986,0.8555739058629233,0.04533443435177531,0.6702390767315284,0.6497719405502017,0.020467136181326673,0.7551359588872957,0.7583140212877133,-0.003178062400417625
260,0.9033037872683319,0.8368251410153104,0.06647864625302158,0.6549865969898775,0.6332499816482977,0.02173661534157978,0.7459782146287666,0.7489219399949876,-0.002943725366221006
261,0.9220472440944882,0.836220472440945,0.08582677165354324,0.6737696048316264,0.6479391373226333,0.025830467508993094,0.757032898869145,0.7531285368799276,0.0039043619892173975
262,0.9004016064257028,0.8261847389558235,0.07421686746987932,0.6637725034251832,0.6360818832507482,0.02769062017443502,0.7547571704934101,0.7532868321612217,0.0014703383321883479
263,0.8838053740014524,0.8485838779956426,0.035221496005809816,0.6633183606884537,0.6455552457177,0.01776311497075378,0.7365477987059301,0.7398431421917931,-0.0032953434858630226
264,0.8920807453416149,0.8156832298136647,0.07639751552795015,0.678285528044938,0.6504620196318152,0.027823508413122866,0.763078442647749,0.7642959259834725,-0.0012174833357234682
265,0.8896820246593121,0.8414016872160934,0.04828033744321869,0.6731267980977432,0.6508588632791741,0.022267934818569146,0.7600380505702339,0.7616970414014881,-0.0016589908312542034
266,0.8810105949470253,0.8197229013854932,0.061287693561532075,0.6853011226748864,0.6638313523372298,0.021469770337656624,0.786182203638051,0.7870833205281732,-0.0009011168901221778
267,0.8941009239516702,0.8352523098791755,0.05884861407249464,0.6425756404374221,0.618570922148091,0.02400471828933115,0.7473951130097354,0.7483640316853003,-0.0009689186755649226
268,0.8927419354838709,0.832741935483871,0.05999999999999994,0.6422171103687733,0.6189608142540562,0.023256296114717023,0.7462968466700435,0.748564812056612,-0.0022679653865684823
269,0.9008792965627498,0.8513988808952838,0.04948041566746597,0.6598934559804466,0.6400378320206032,0.019855623959843416,0.7433004566220482,0.7447488142096926,-0.0014483575876443888
270,0.8833208676140614,0.8369483919222139,0.04637247569184744,0.6518443816274792,0.6309000255085114,0.020944356118967722,0.7419990973078364,0.7452550405383767,-0.003255943230540237
271,0.8859957776213934,0.8460942997888811,0.0399014778325123,0.6665889546801057,0.6455888568359323,0.02100009784417345,0.7556659996065186,0.7583546047582898,-0.0026886051517711618
272,0.9059649122807018,0.8291929824561404,0.07677192982456138,0.6587133803448664,0.6329870564750886,0.0257263238697778,0.7550123432537246,0.7551056344605727,-9.329120684808956e-05
273,0.8903374233128835,0.8382668711656441,0.052070552147239324,0.6701617150146284,0.6464367021485529,0.023725012866075534,0.7613061647802261,0.7624415204997057,-0.001135355719479647
274,0.9104803493449781,0.8379184861717611,0.072561863173217,0.6691114726997107,0.6463542759826849,0.022757196717025807,0.7671200419643156,0.7670315061039675,8.853586034807126e-05
275,0.9125386996904025,0.8435758513931889,0.06896284829721355,0.6414302448117372,0.6161380132085358,0.025292231603201376,0.7168446864523033,0.7153880577423312,0.0014566287099720965
276,0.8964705882352941,0.8265098039215685,0.06996078431372565,0.6848680824073036,0.6610570796598256,0.02381100274747794,0.7794880447817547,0.7775013060628574,0.0019867387188973185
277,0.9218213058419243,0.8401202749140892,0.0817010309278351,0.6685416759493696,0.6427435519870813,0.02579812396228831,0.7602972669657897,0.7572234070230751,0.003073859942714585
278,0.9275053304904051,0.8530916844349681,0.07441364605543699,0.6321918724162127,0.6056688626760052,0.026523009740207493,0.7152659546405853,0.7129276224691008,0.002338332171484492
279,0.9104134762633997,0.8532159264931087,0.05719754977029101,0.6612577049130679,0.637701820584481,0.023555884328586907,0.7449129386996278,0.7469805177755472,-0.002067579075919368
280,0.866914498141264,0.8200743494423792,0.046840148698884754,0.6844188708483353,0.6609018134743412,0.02351705737399412,0.7689217333816468,0.7715426061164974,-0.0026208727348505656
281,0.8961646398503275,0.8055191768007484,0.0906454630495791,0.6804439508938578,0.6560524913808076,0.024391459513050218,0.7863339853472185,0.7852370655534104,0.0010969197938081043
282,0.8987654320987655,0.8434567901234568,0.055308641975308714,0.6613716126210063,0.6398645630265307,0.02150704959447558,0.7629928425403545,0.76527804217396,-0.002285199633605517
283,0.8881939014855356,0.8356528537920249,0.052541047693510645,0.6545007316666466,0.6331346679316153,0.02136606373503125,0.7314345191645591,0.7357911897676426,-0.0043566706030834235
284,0.8944649446494465,0.831070110701107,0.06339483394833945,0.6720507772970798,0.6466332653718967,0.025417511925183156,0.7552520744364278,0.7609910550589345,-0.005738980622506662
285,0.9127163280662152,0.8452972159518435,0.06741911211437168,0.671325661160659,0.6497906393650184,0.021535021795640596,0.7701246934230181,0.7729096172155625,-0.002784923792544358
286,0.901090909090909,0.8314181818181817,0.06967272727272733,0.6573421570195832,0.6327447911663487,0.024597365853234465,0.7410316444343242,0.7409477341623568,8.391027196741341e-05
287,0.928416485900217,0.8623282718727404,0.06608821402747656,0.6544577960780291,0.6316582777309827,0.02279951834704641,0.7371903874034487,0.7362174879406993,0.0009728994627493659
288,0.8888042650418888,0.8182787509520182,0.07052551408987062,0.6667264120151253,0.6454211415342878,0.021305270480837524,0.7438065513212934,0.7460327811028591,-0.002226229781565725
289,0.8806451612903226,0.8258870967741935,0.05475806451612908,0.6431618815718717,0.6198653645213028,0.0232965170505689,0.7362779694211357,0.7407769554355917,-0.004498986014456086
290,0.8959627329192547,0.8229037267080745,0.07305900621118011,0.6625028334836952,0.6373336431471331,0.025169190336562064,0.766527177329048,0.7679286860774674,-0.0014015087484194888
291,0.8994252873563219,0.8349856321839079,0.06443965517241401,0.6543092938890296,0.6287841343100858,0.025525159578943746,0.7477068159632031,0.7505525448473058,-0.0028457288841027273
292,0.9003610108303249,0.8397833935018051,0.06057761732851985,0.670554984758653,0.6479109729171593,0.022644011841493783,0.7645334048846487,0.7663283062185651,-0.0017949013339163544
293,0.8901018922852983,0.8406113537117903,0.04949053857350805,0.6472824971842333,0.6245200403539218,0.022762456830311417,0.7215113806611121,0.7224977577453221,-0.0009863770842100106
294,0.883419689119171,0.8091537132987912,0.07426597582037986,0.6646351451871555,0.6410444137323903,0.0235907314547652,0.7601977371970268,0.7625659008059069,-0.002368163608880147
295,0.9019292604501608,0.8211414790996784,0.08078778135048237,0.6814455948153139,0.6577688192641309,0.02367677555118297,0.7936801931971729,0.7925524240622711,0.0011277691349017571
296,0.8913713405238829,0.8234976887519261,0.06787365177195681,0.6566857432833519,0.6279108338411465,0.0287749094422054,0.7162962308038471,0.7138503723189402,0.00244585848490686
297,0.8941755537325676,0.8342083675143559,0.05996718621821173,0.6639752099372873,0.6429897265770798,0.020985483360207557,0.7535581773944771,0.752622748111996,0.0009354292824810262
298,0.8798114689709348,0.817439120188531,0.06237234878240372,0.6652121542951026,0.6425711982865542,0.02264095600854843,0.7590613088311083,0.7623409052245217,-0.003279596393413353
299,0.8854595336076817,0.8403292181069958,0.045130315500685914,0.6540563900429857,0.633067574693633,0.020988815349352707,0.7274196343796913,0.7352696788246639,-0.007850044444972615
300,0.8627873563218391,0.8152298850574713,0.04755747126436782,0.6560131350209822,0.6331595379277559,0.02285359709322632,0.72423038444766,0.7299512974787857,-0.005720913031125763
301,0.9130769230769231,0.8430769230769231,0.07000000000000006,0.6521403811509526,0.6283439050610928,0.023796476089859797,0.7518576775436132,0.7502260049057338,0.0016316726378794444
302,0.8689111747851003,0.8147564469914041,0.05415472779369612,0.6654739273958392,0.6413773302806618,0.02409659711517742,0.7430493621289649,0.7464428122040391,-0.003393450075074189
303,0.8904214559386974,0.8325670498084291,0.057854406130268266,0.6534408588295322,0.6301990808975517,0.023241777931980456,0.7479717191100779,0.7512009848318264,-0.003229265721748531
304,0.8919831223628693,0.8229535864978903,0.06902953586497895,0.6610889040539681,0.6382256129550871,0.022863291098881078,0.7488167877380587,0.7501402220907398,-0.0013234343526811188
305,0.9196165191740413,0.8607669616519175,0.05884955752212384,0.6759196965856566,0.6553140445737857,0.020605652011870923,0.774081361350076,0.7732527659413676,0.000828595408708388
306,0.9101123595505618,0.8359550561797754,0.07415730337078641,0.6407662656220533,0.6147593111335664,0.02600695448848689,0.7352832733855049,0.7352430330635683,4.02403219366132e-05
307,0.907703488372093,0.8490552325581394,0.05864825581395361,0.6463481898122122,0.6237592715477531,0.02258891826445908,0.7202674845607769,0.7209883889425722,-0.0007209043817952843
308,0.8984496124031007,0.8317829457364342,0.06666666666666654,0.6646780712450104,0.6412759822965738,0.02340208894843665,0.7418804095873694,0.7417469028688094,0.00013350671856005025
309,0.8767660910518054,0.8112244897959183,0.06554160125588704,0.6488439992116105,0.6245212926017456,0.024322706609864908,0.7360513686282589,0.7411009266262972,-0.005049557998038301
310,0.9153225806451613,0.8491935483870968,0.06612903225806444,0.6328072755906092,0.6089319639064525,0.023875311684156686,0.720015278069698,0.720160437519002,-0.00014515944930404423
311,0.9058728881737731,0.8259855189058729,0.07988736926790019,0.6539460513067745,0.6302760774547904,0.023669973851984105,0.7592020408892302,0.7589787144662832,0.0002233264229469789
312,0.905813097866078,0.8391464311994113,0.06666666666666665,0.6525534523053587,0.6294834508416728,0.023070001463685874,0.7432871776068625,0.7456390767295258,-0.0023518991226633146
313,0.8784773060029283,0.8134699853587115,0.06500732064421677,0.6600761552472099,0.6343774454395861,0.025698709807623787,0.7456780770183786,0.7490694229507697,-0.003391345932391099
314,0.9434850863422292,0.8667974882260598,0.07668759811616932,0.6579078582627692,0.6344927604719922,0.023415097790776995,0.7393041000873151,0.7389006950566516,0.0004034050306634951
315,0.9211977935382191,0.832781717888101,0.08841607565011811,0.6518481472163489,0.6275860056019583,0.024262141614390553,0.7528495344534689,0.7512787499241608,0.0015707845293081446
316,0.8840700583819849,0.8211843202668891,0.06288573811509579,0.6511872509065431,0.6296114849162773,0.021575765990265783,0.7448134176238221,0.7466931829552987,-0.0018797653314766016
317,0.9039943938332166,0.8580939032936229,0.045900490539593664,0.6585003307218614,0.6391519855231798,0.01934834519868167,0.7418647869205731,0.7467072056472668,-0.004842418726693665
318,0.894576012223071,0.838655462184874,0.05592055003819707,0.6647202747060489,0.6440101170878852,0.020710157618163638,0.7387736232781736,0.7434740637635946,-0.004700440485420954
319,0.9081920903954802,0.8490819209039548,0.059110169491525366,0.6512454557825028,0.6288714134737576,0.02237404230874518,0.7506236981224071,0.750480500314453,0.00014319780795413184
320,0.9194683346364347,0.8348709929632525,0.08459734167318222,0.6618920953982943,0.6360884815541433,0.025803613844150974,0.7682164246652363,0.7658764152659203,0.002340009399316001
321,0.8921568627450981,0.820016339869281,0.07214052287581707,0.6624408384534187,0.6378957052807259,0.0245451331726928,0.7448500679549948,0.7461093290525964,-0.0012592610976016605
322,0.9002433090024331,0.8141930251419304,0.08605028386050273,0.6503152420450202,0.6237221782093002,0.02659306383572002,0.7491775463254124,0.7505883438841016,-0.0014107975586891142
323,0.9111111111111111,0.8261333333333333,0.08497777777777782,0.6505334808889689,0.6243420279811329,0.026191452907835977,0.7328433299678245,0.7322658876738968,0.0005774422939277546
324,0.890742285237698,0.8229357798165138,0.06780650542118427,0.6703507970477381,0.6472824489177237,0.02306834813001446,0.7501829827539748,0.7512561599254395,-0.001073177171464712
325,0.9176182707993474,0.848205546492659,0.06941272430668843,0.6659419177507183,0.6442584032080716,0.02168351454264672,0.7676332478314128,0.7676445401792706,-1.1292347857794205e-05
326,0.8946553059643687,0.8241673121611154,0.07048799380325332,0.6524074682780231,0.6278334018294396,0.02457406644858351,0.7312798256661238,0.7320323480591144,-0.0007525223929906177
327,0.9207365892714171,0.8299439551641312,0.09079263410728589,0.6601918228642213,0.6336369886480129,0.02655483421620841,0.7674409035056142,0.7664029271986241,0.001037976306990096
328,0.8979734451432565,0.8383647798742138,0.05960866526904274,0.6413225660846714,0.617982588287997,0.023339977796674405,0.7365555302709087,0.7432787258487854,-0.006723195577876706
329,0.9223512336719883,0.8685776487663281,0.0537735849056602,0.6285308326428913,0.6053876485973975,0.02314318404549387,0.7008956786663507,0.7016052069028546,-0.0007095282365038313
330,0.9093023255813953,0.8369767441860466,0.07232558139534873,0.6549666910037432,0.6323973722439133,0.022569318759829815,0.7576835060094305,0.7564100055955125,0.0012735004139179384
331,0.9032688458972649,0.8432955303535691,0.05997331554369578,0.649102237171168,0.6253719139729628,0.023730323198205228,0.7300415078063659,0.7307483814231386,-0.0007068736167726852
332,0.9031781226903178,0.8520325203252032,0.05114560236511467,0.6296371401918622,0.6053950855987513,0.024242054593110907,0.7137082678555743,0.7134020046044771,0.0003062632510971719
333,0.9088997897687456,0.847302032235459,0.06159775753328667,0.6503557307899847,0.626137752038684,0.024217978751300606,0.737537433753231,0.7362425849493904,0.0012948488038405648
334,0.9106529209621993,0.8246563573883161,0.08599656357388319,0.6378462987047896,0.6141966435878519,0.02364965511693773,0.7538669646046507,0.7543323255115364,-0.0004653609068856479
335,0.8920863309352518,0.8290647482014389,0.06302158273381286,0.661586033572785,0.6384351746615172,0.02315085891126778,0.7501578730400351,0.7508557283384347,-0.0006978552983996078
336,0.9126547455295736,0.8454607977991746,0.067193947730399,0.6413058561187722,0.6166950264315185,0.0246108296872537,0.7287830653040517,0.7289633639798658,-0.00018029867581415004
337,0.9150501672240803,0.8587290969899666,0.0563210702341137,0.66132803788273,0.6417819674380703,0.019546070444659724,0.7487227568596186,0.7477057076426207,0.0010170492169979672
338,0.9044493070751276,0.8475565280816921,0.05689277899343548,0.6702553639047355,0.6478282789013602,0.022427085003375313,0.7682852373408203,0.7708906633393356,-0.0026054259985153205
339,0.9056451612903226,0.8339516129032258,0.07169354838709674,0.6583204808990833,0.6374312245325819,0.020889256366501407,0.7505812419924156,0.7523812761158669,-0.0018000341234513106
340,0.9224011713030746,0.8540263543191802,0.06837481698389447,0.6685124965300615,0.6462013469681105,0.022311149561951016,0.7541424095249346,0.7543949337336352,-0.00025252420870058856
341,0.901541095890411,0.8509417808219176,0.050599315068493356,0.682288638339141,0.6618193772507416,0.020469261088399415,0.7812357311647523,0.7852015534307469,-0.003965822265994623
342,0.919911829537105,0.8324761204996326,0.08743570903747244,0.6361925432045697,0.6081082471759275,0.028084296028642264,0.7185953413365936,0.713134997529442,0.0054603438071516575
343,0.8941548183254344,0.817298578199052,0.07685624012638237,0.6573034810207865,0.6334267975441574,0.02387668347662908,0.7490361878496407,0.7491488235489029,-0.00011263569926223127
344,0.9203821656050956,0.8444267515923567,0.07595541401273886,0.6670636957274563,0.6448647789206735,0.022198916806782765,0.7577590250866991,0.7585896404529806,-0.0008306153662814841
345,0.9139206455951581,0.8572293207800941,0.056691324815064004,0.6459381293222285,0.6233455636165273,0.02259256570570123,0.7058396480066425,0.705584382813589,0.0002552651930534111
346,0.8936484490398818,0.8391432791728212,0.054505169867060665,0.6497477339204759,0.6281783188281537,0.02156941509232224,0.7224622329801249,0.7260449208945987,-0.0035826879144738033
347,0.8837606837606837,0.8217094017094017,0.062051282051282075,0.6715528282391958,0.6461958510192957,0.025356977219900156,0.7506072807354152,0.7494730026724253,0.0011342780629898241
348,0.9529953917050691,0.8684792626728111,0.08451612903225802,0.666878854949276,0.6453139724496046,0.021564882499671367,0.7474026632973724,0.7472656725120652,0.00013699078530715614
349,0.8841961852861036,0.8243188010899182,0.05987738419618538,0.6513677902636448,0.6273125414751389,0.024055248788505845,0.7295046932345592,0.7346813098994149,-0.005176616664855693
350,0.8912337662337663,0.8427759740259739,0.04845779220779234,0.6463638218298712,0.6242046176766239,0.022159204153247236,0.7405835395487198,0.7409400764543175,-0.0003565369055976708
351,0.8887293610911702,0.8394831299353912,0.049246231155778974,0.6538451494420741,0.6325692680059147,0.021275881436159327,0.7273686854240025,0.7276291325090625,-0.0002604470850600116
352,0.8785425101214575,0.8051012145748988,0.07344129554655865,0.6572750010898746,0.6298349512360796,0.027440049853795,0.7410578116647338,0.7398851023400155,0.0011727093247183573
353,0.8987654320987655,0.8153909465020576,0.0833744855967079,0.6764832427448959,0.650033068351407,0.026450174393488957,0.756806053538034,0.756011703703136,0.0007943498348980116
354,0.9315751960085531,0.8633642195295794,0.06821097647897367,0.6341336976681039,0.6122211134822553,0.021912584185848627,0.7155641862025827,0.7150894854125396,0.0004747007900430811
355,0.9090909090909091,0.8324437030859049,0.07664720600500419,0.6499300636065638,0.6231022329568797,0.02682783064968408,0.7381703194567982,0.7394065461891893,-0.0012362267323910991
356,0.9194785276073619,0.843941717791411,0.0755368098159509,0.6506664372403269,0.6240573312787551,0.026609105961571844,0.7431491986277543,0.7442945468538171,-0.0011453482260628256
357,0.9131455399061033,0.8577464788732394,0.05539906103286385,0.6545142598378003,0.6356644941099283,0.018849765727872003,0.7375632567695629,0.7394971881556234,-0.0019339313860604612
358,0.8532110091743119,0.8007506255212677,0.052460383653044174,0.6821187635045548,0.6584648409862008,0.023653922518353965,0.7617364887566695,0.7675958833099371,-0.005859394553267561
359,0.9046546546546547,0.8478978978978979,0.05675675675675673,0.6623260467329971,0.6423682853262815,0.01995776140671557,0.7545354064730352,0.7608161364237309,-0.006280729950695729
360,0.9032023289665211,0.8384279475982532,0.06477438136826785,0.6737416252739958,0.6514669714345381,0.022274653839457703,0.7664270191413255,0.7698532809733392,-0.003426261832013666
361,0.888728323699422,0.8374277456647399,0.05130057803468213,0.6744415650233309,0.6545461065543118,0.01989545846901908,0.7625877511860767,0.7664932283750603,-0.003905477188983597
362,0.8384560400285919,0.8132237312365976,0.02523230879199423,0.6704776197321611,0.6511270827262641,0.01935053700589706,0.7354129021625492,0.7462388442099512,-0.01082594204740206
363,0.8851239669421488,0.7932231404958678,0.09190082644628095,0.6500606318812198,0.6206180782022329,0.02944255367898685,0.7296949525133779,0.7295696265164915,0.0001253259968864162
364,0.9154624277456648,0.8502167630057803,0.06524566473988447,0.6547330840801041,0.6326957604035764,0.022037323676527665,0.72922901098771,0.7301109740299975,-0.0008819630422874924
365,0.9027205276174773,0.8352019785655399,0.06751854905193744,0.6662178585695739,0.6456344803411078,0.02058337822846612,0.7547591932777458,0.7537595138477418,0.000999679430004008
366,0.9023494860499266,0.8533039647577093,0.04904552129221729,0.6602894739508248,0.6389360868308105,0.021353387120014333,0.7301743215825908,0.7324070208382876,-0.0022326992556968017
367,0.9010292953285828,0.8305621536025336,0.07046714172604918,0.6403563397964096,0.6159197487211981,0.024436591075211456,0.71146433767384,0.71267360832185,-0.001209270648010019
368,0.9306930693069307,0.8532368621477531,0.07745620715917767,0.6466934800641011,0.6229340190718469,0.023759460992254233,0.739875280692885,0.7386873984928414,0.0011878822000436218
369,0.9043062200956937,0.8232854864433813,0.08102073365231244,0.6398653551046247,0.6116694319784777,0.02819592312614705,0.7339719838703993,0.7356250239876574,-0.0016530401172580866
370,0.9037995149555376,0.8244947453516571,0.07930476960388044,0.6828152653743077,0.6558125249012249,0.02700274047308282,0.7675140093307428,0.768181278042886,-0.0006672687121432874
371,0.8972033257747544,0.8331065759637187,0.06409674981103564,0.6575962664388284,0.6327194430448644,0.02487682339396402,0.7457728517689329,0.7438788551451878,0.00189399662374512
372,0.9010819165378671,0.8440494590417311,0.057032457496135947,0.6491345351809504,0.626617626031319,0.022516909149631448,0.7377076366622519,0.7373868686086756,0.00032076805357628135
373,0.9092331768388107,0.8407668231611893,0.06846635367762133,0.6530842370564671,0.6313419184222946,0.02174231863417253,0.7677242242513134,0.7717990987442811,-0.004074874492967728
374,0.9018691588785047,0.8381619937694703,0.0637071651090344,0.6791618088238646,0.6585992359763904,0.020562572847474203,0.7709839077860865,0.7717035525624437,-0.00071964477635722
375,0.9338129496402877,0.8500719424460431,0.0837410071942446,0.6731623005624967,0.6504170382027702,0.022745262359726515,0.7784030111031296,0.7761057785877573,0.002297232515372283
376,0.9406099518459069,0.8609149277688604,0.07969502407704654,0.6562531624429236,0.6313128178526901,0.024940344590233532,0.7510191643923847,0.7504319710079483,0.0005871933844363575
377,0.9045984900480439,0.8388469457789979,0.06575154426904606,0.661026839825221,0.6367834860447844,0.024243353780436627,0.757896544940316,0.7581079793109012,-0.0002114343705852395
378,0.9070796460176991,0.8508849557522125,0.056194690265486624,0.6617685447575046,0.6421504257014234,0.01961811905608113,0.756637626676577,0.759140530981691,-0.0025029043051140176
379,0.9203747072599532,0.8521467603434816,0.0682279469164716,0.6733191022679273,0.6504849604449706,0.022834141822956733,0.7749339894071575,0.7741458172478,0.0007881721593575586
380,0.9010375099760575,0.8338387869114128,0.0671987230646447,0.6428879213909706,0.6187078013741937,0.02418012001677694,0.719087853776945,0.7192388545055951,-0.00015100072865015246
381,0.9066780821917808,0.8048801369863015,0.10179794520547936,0.6594664960056735,0.6331192355345413,0.026347260471132228,0.7511389734847813,0.7492641184932103,0.0018748549915710289
382,0.9208955223880597,0.8390298507462687,0.08186567164179104,0.65815792125276,0.6326222578436247,0.025535663409135267,0.7471764451167767,0.7453921839786051,0.00178426113817165
383,0.9082161361954109,0.8512953367875647,0.05692079940784611,0.6493623086270146,0.6228156844336138,0.026546624193400814,0.7266552311913318,0.7248894177372,0.0017658134541318482
384,0.8984496124031007,0.8255038759689922,0.07294573643410851,0.6575970223324631,0.6343314786768577,0.023265543655605403,0.7505816426959856,0.753457757407457,-0.0028761147114714225
385,0.8805340829234013,0.8541813070976809,0.026352775825720376,0.6427404713059484,0.6235188162528885,0.01922165505305984,0.6984791803477449,0.7051510337257189,-0.006671853377973935
386,0.9033923303834809,0.8477876106194691,0.05560471976401182,0.6634808304512808,0.6412625629431095,0.022218267508171352,0.7540503412512544,0.7563967345902786,-0.0023463933390241998
387,0.9037520391517129,0.8106035889070148,0.09314845024469809,0.6773923566333414,0.648489061223619,0.028903295409722363,0.7757315569734239,0.7737935481321428,0.001938008841281036
388,0.9092356687898089,0.8289808917197453,0.08025477707006357,0.6587211698942167,0.6319345778154147,0.026786592078801963,0.7294677695620244,0.7260849015911733,0.003382867970851078
389,0.8854559155990958,0.8305953278070837,0.05486058779201208,0.6708497993785867,0.6465428492259229,0.02430695015266382,0.777153348308865,0.7813553675840519,-0.00420201927518693
390,0.9057798891528107,0.8429136975455265,0.06286619160728424,0.6500826407246244,0.6264269082647154,0.02365573245990904,0.7090520264649925,0.7083915867856284,0.0006604396793641332
391,0.8745158791634392,0.8287374128582494,0.04577846630518978,0.647678714905203,0.6253066014841208,0.02237211342108225,0.7192108928224027,0.7264357133378321,-0.0072248205154293865
392,0.8828238719068413,0.8431586608442505,0.0396652110625908,0.6640399481483493,0.6441165164314163,0.019923431716933004,0.7381888822767534,0.741641935112377,-0.0034530528356235823
393,0.9194539249146758,0.8544027303754266,0.06505119453924924,0.636284844693393,0.6103176750116234,0.025967169681769597,0.7173549260295632,0.7140562235535092,0.0032987024760540162
394,0.8883994126284875,0.8189427312775331,0.0694566813509544,0.6737934573106867,0.6480690613608998,0.025724395949786927,0.7656940753171584,0.7646425175524263,0.0010515577647320917
395,0.9376876876876877,0.8692942942942944,0.06839339339339334,0.6527665081554125,0.6312770090801998,0.021489499075212692,0.7381926031645624,0.7368221748553563,0.0013704283092060843
396,0.9222886421861657,0.8255337318531171,0.09675491033304862,0.6453432906672563,0.6187995078091267,0.026543782858129528,0.7267562658037287,0.7241936122135,0.0025626535902286696
397,0.9105058365758755,0.8348638132295718,0.07564202334630366,0.6467947163185986,0.6216872123884208,0.0251075039301778,0.7410519805462499,0.7390172782058315,0.0020347023404183595
398,0.9016697588126159,0.8192022263450834,0.08246753246753247,0.6839311968105272,0.6611981611021479,0.022733035708379257,0.7900774356376344,0.7902690845203427,-0.00019164888270828406
399,0.8907823392718822,0.8293570875290474,0.06142525174283486,0.6703638951960338,0.6475505242578365,0.02281337093819724,0.755882783511557,0.7573274052387149,-0.0014446217271578687
400,0.8970487302676733,0.834248455730954,0.06280027453671932,0.649279993118247,0.6259330747276071,0.02334691839063996,0.725926176902318,0.7284970637884408,-0.0025708868861228362
401,0.9165991902834008,0.8446153846153847,0.0719838056680161,0.6523141988189455,0.6303435685159068,0.021970630303038696,0.7425595738998652,0.7422838376687408,0.0002757362311243128
402,0.904874213836478,0.8078616352201259,0.09701257861635215,0.6570959120331706,0.6278282375892593,0.029267674443911318,0.7387698344044412,0.7369095154621804,0.0018603189422607969
403,0.89,0.8080833333333335,0.08191666666666653,0.6692388057108267,0.6439281827592543,0.02531062295157238,0.7557405677468501,0.7583557713611457,-0.0026152036142956803
404,0.8775510204081632,0.8150204081632653,0.06253061224489798,0.6562616161312982,0.6360424033786257,0.020219212752672466,0.7572296834503223,0.7593816233323667,-0.002151939882044429
405,0.8980891719745223,0.8466383581033263,0.05145081387119599,0.6387690152824888,0.6137008720041355,0.025068143278353272,0.7107532705135565,0.713645233609719,-0.0028919630961624643
406,0.8468401486988848,0.8065427509293679,0.04029739776951691,0.6500624802707214,0.6270338425193438,0.023028637751377645,0.7272606119540567,0.7337909818949172,-0.0065303699408605365
407,0.8836206896551724,0.8164655172413793,0.0671551724137931,0.6550792557851569,0.6314349078201615,0.02364434796499537,0.74623100196293,0.7517877454186983,-0.005556743455768287
408,0.9051851851851852,0.8428148148148148,0.06237037037037041,0.6798823073453792,0.6580036404640148,0.021878666881364417,0.783843312904814,0.784429194509209,-0.0005858816043949888
409,0.8814935064935064,0.8126623376623376,0.0688311688311688,0.654042627914838,0.6281688149549461,0.025873812959891884,0.7375571745596441,0.7409770552694106,-0.0034198807097665096
410,0.8841591067690161,0.845847871598046,0.038311235170970126,0.6565920741504799,0.6373847863517239,0.019207287798756023,0.7388246817681392,0.7448174896460856,-0.005992807877946427
411,0.8978790259230165,0.8290652003142185,0.06881382560879801,0.6797852649356412,0.6581989492049544,0.02158631573068681,0.7841170373926862,0.7853425037583426,-0.001225466365656347
412,0.9040322580645161,0.8296774193548387,0.0743548387096774,0.6311596677033833,0.6049971088112543,0.02616255889212893,0.7240085513565914,0.7256737962200649,-0.001665244863473525
413,0.9263959390862944,0.8538071065989848,0.07258883248730952,0.6791184372643586,0.6559840234382587,0.02313441382609993,0.7693822438354527,0.7652985058721296,0.004083737963323175
414,0.9018653690186537,0.8399837793998378,0.061881589618815847,0.6673883042965489,0.644977410230658,0.02241089406589092,0.744585882923959,0.7430367032867337,0.0015491796372253397
415,0.9046898638426626,0.8358547655068079,0.06883509833585466,0.6618885570339286,0.6358743086316904,0.026014248402238205,0.7509931656642721,0.7532132973172844,-0.0022201316530122694
416,0.9111111111111111,0.8496527777777777,0.06145833333333339,0.6697532345135057,0.6465826476026006,0.02317058691090501,0.7501892129435501,0.749585746594935,0.0006034663486150782
417,0.9170337738619677,0.8301027900146842,0.08693098384728348,0.6716657890512122,0.6457514072974725,0.025914381753739724,0.7670688429898568,0.765190734022747,0.0018781089671098261
418,0.9246830723340791,0.8620432513049963,0.06263982102908283,0.6587632417581369,0.6357733860785861,0.022989855679550808,0.7637486698683146,0.7643228439450344,-0.00057417407671978
419,0.908851884312007,0.8263803680981596,0.0824715162138474,0.6779880179719427,0.6558849537132849,0.022103064258657823,0.7908773994492083,0.7923939408691469,-0.0015165414199386218
420,0.8978978978978979,0.8445195195195195,0.05337837837837833,0.6589672489765472,0.6379301752204247,0.021037073756122515,0.7360565868837975,0.7386979092784346,-0.0026413223946371023
421,0.9040767386091128,0.8282174260591528,0.07585931254995992,0.6353499011501802,0.6077528152264959,0.02759708592368426,0.7254199217150402,0.7254515394572582,-3.161774221793756e-05
422,0.9090909090909091,0.8336589030803907,0.07543200601051836,0.6707695797401126,0.6458327964104049,0.024936783329707723,0.762447093399933,0.763798369157163,-0.0013512757572300416
423,0.904,0.8302400000000001,0.07375999999999994,0.6650366397701698,0.6396849242110473,0.025351715559122523,0.7319678326508529,0.7311627232397734,0.0008051094110794743
424,0.9059633027522935,0.841360856269113,0.06460244648318048,0.6818586830596832,0.6590581023887047,0.022800580670978565,0.7643581075423954,0.7637601910817244,0.0005979164606709775
425,0.9057437407952872,0.8524300441826215,0.05331369661266572,0.6853683323499113,0.6643301069184842,0.021038225431427193,0.789415257710696,0.7926233039806151,-0.003208046269919107
426,0.9151467089611419,0.8418715305313242,0.07327517842981768,0.6601917090295404,0.6348846831053788,0.025307025924161564,0.7399664916648758,0.7374825226416812,0.0024839690231945877
427,0.9176470588235294,0.8292549019607842,0.08839215686274515,0.6694093961242643,0.6401318982968419,0.029277497827422394,0.749216593809652,0.7449668657722471,0.004249728037404865
428,0.9168646080760094,0.843784639746635,0.07307996832937447,0.6534489551529948,0.6271630581963678,0.026285896956627086,0.7416055204772513,0.7411804293825606,0.0004250910946906883
429,0.9241134751773049,0.8541843971631206,0.06992907801418435,0.6378401462146495,0.6136452525357647,0.02419489367888472,0.7289843301251392,0.7276669355717018,0.0013173945534373788
430,0.8949880668257757,0.8086714399363564,0.08631662688941932,0.6677401199451615,0.643224404825437,0.0245157151197245,0.7687260826189959,0.7672855298032963,0.0014405528156995473
431,0.9317817014446228,0.8505617977528089,0.08121990369181387,0.6578323627884952,0.6328649160370713,0.024967446751423927,0.741556446644211,0.739585348236899,0.001971098407312022
432,0.8844731977818854,0.8039741219963032,0.08049907578558213,0.6900960505855687,0.6666774599163098,0.023418590669258887,0.7952392913539577,0.7970046228108655,-0.001765331456907826
433,0.8635658914728682,0.7941860465116279,0.06937984496124028,0.6922096262581818,0.6636690984881467,0.02854052777003513,0.7626609369242308,0.7605219394500298,0.0021389974742009876
434,0.8810606060606061,0.8212121212121213,0.05984848484848482,0.6657127955103089,0.6416003423465353,0.02411245316377364,0.7408919926903225,0.7428211666359494,-0.0019291739456269719
435,0.9351921627731725,0.8473247927656369,0.08786737000753564,0.6456241565696665,0.617773827716601,0.027850328853065487,0.7328247132617889,0.7303043254936334,0.002520387768155441
436,0.9025641025641026,0.8274725274725274,0.07509157509157516,0.6461749447789001,0.6220437382814179,0.024131206497482238,0.7294366513355258,0.7339868716111714,-0.004550220275645556
437,0.9024577572964669,0.8297235023041475,0.07273425499231945,0.6777062042388285,0.6569207023988313,0.020785501839997278,0.7822577404855703,0.7834507131894057,-0.0011929727038354487
438,0.9091639871382636,0.8255627009646302,0.08360128617363338,0.6543765042393983,0.6310346666428812,0.02334183759651709,0.7587150526053932,0.7597212205790344,-0.00100616797364117
439,0.9082638362395754,0.8201667930250188,0.08809704321455658,0.6623275965146816,0.6326579579807745,0.02966963853390714,0.7554275327916932,0.7508672744695518,0.004560258322141353
440,0.8868613138686131,0.8302919708029197,0.05656934306569339,0.6780335160837716,0.654800696153346,0.023232819930425586,0.7611516805374425,0.7653818598505326,-0.00423017931309011
441,0.8745332337565347,0.8218073188946976,0.05272591486183709,0.6588411080223084,0.6375281119755353,0.02131299604677317,0.7384079725171896,0.7427247068564696,-0.004316734339280037
442,0.9049694856146469,0.8386224934612031,0.06634699215344375,0.6595578455216135,0.6389064924197354,0.020651353101878045,0.7603551992347786,0.76195843085286,-0.0016032316180814021
443,0.9134615384615384,0.8442994505494503,0.06916208791208811,0.6621307148066775,0.6388552399158252,0.023275474890852355,0.758937837287003,0.7598120170232583,-0.0008741797362552539
444,0.8810679611650486,0.8126213592233011,0.06844660194174745,0.6570305964078056,0.6343930424132088,0.02263755399459677,0.7571811075318909,0.7599746850871087,-0.0027935775552178077
445,0.9260089686098655,0.8358744394618833,0.09013452914798215,0.6369793180999229,0.609908684661527,0.027070633438395886,0.7381473784917768,0.7358297787381388,0.002317599753637989
446,0.8841512469831054,0.8081255028157683,0.0760257441673371,0.6526180017294515,0.6252619073752335,0.02735609435421804,0.7397177708574276,0.7395715419928983,0.0001462288645293075
447,0.8915401301518439,0.8174981923355025,0.07404193781634139,0.6646001238726283,0.6389582644824898,0.02564185939013852,0.7449418575409429,0.7471952573047609,-0.002253399763817998
448,0.8921348314606742,0.8276404494382023,0.06449438202247193,0.6430951485966077,0.6180574937812469,0.0250376548153608,0.731562941889984,0.7323034574038711,-0.0007405155138870967
449,0.9121190644932672,0.8388377037562014,0.07328136073706581,0.6614964168201761,0.6355930633952787,0.02590335342489747,0.7532693530853283,0.7537202760612303,-0.0004509229759019906
450,0.9246401354784082,0.8343776460626587,0.09026248941574944,0.657988185073007,0.6356048948809938,0.02238329019201324,0.7504178163139898,0.7509617792761006,-0.0005439629621107889
451,0.8875338753387534,0.8260840108401084,0.06144986449864498,0.6368462916976562,0.6099921914272383,0.026854100270417902,0.6947983426757688,0.6928625380323185,0.001935804643450334
452,0.8752093802345059,0.795142378559464,0.08006700167504188,0.6688558565048255,0.6412179973144259,0.027637859190399627,0.747611229783534,0.7466609219009577,0.0009503078825763289
453,0.8943722943722944,0.8247619047619048,0.06961038961038957,0.6558277828206961,0.6329492644535655,0.022878518367130618,0.754863847918135,0.7568138033842355,-0.0019499554661005503
454,0.9354330708661417,0.8429133858267717,0.09251968503937003,0.6593823814279545,0.6314765585911235,0.027905822836830962,0.7530765776971978,0.749504562007126,0.003572015690071817
455,0.8977879481311976,0.8287566742944318,0.06903127383676577,0.6360408221489997,0.6101666675553792,0.025874154593620524,0.6979785460242368,0.7005476069255842,-0.002569060901347342
456,0.9347319347319347,0.8498057498057499,0.08492618492618487,0.6563284195151274,0.6310778221117653,0.025250597403362107,0.7532720236562517,0.7530735227011419,0.0001985009551097594
457,0.9038461538461539,0.8315217391304348,0.07232441471571904,0.6678871105553459,0.64543939124155,0.022447719313795855,0.7545121617641333,0.7549259665547342,-0.00041380479060093567
458,0.9014567266495287,0.8215938303341904,0.07986289631533827,0.683298614639768,0.6578655675510194,0.025433047088748606,0.7714052245337426,0.7699157918618553,0.0014894326718872808
459,0.9169329073482428,0.8398562300319489,0.07707667731629397,0.644732334284439,0.6197195942979857,0.02501273998645326,0.7466450704032506,0.7488416212969456,-0.0021965508936950817
460,0.8968668407310705,0.826958224543081,0.06990861618798949,0.6702152411974976,0.6428568264380894,0.027358414759408256,0.7603717074884971,0.7592503673609934,0.001121340127503756
461,0.9014514896867838,0.8469824293353705,0.0544690603514133,0.6708954736494264,0.6476111886935212,0.023284284955905177,0.7512064045534381,0.7535531233492798,-0.0023467187958416957
462,0.8905829596412556,0.8182062780269058,0.07237668161434974,0.6418230592748774,0.6181651697219219,0.023657889552955447,0.7362055054923154,0.7379686787088069,-0.0017631732164914427
463,0.9284603421461898,0.8401244167962677,0.08833592534992207,0.649395185667103,0.6237429088241881,0.025652276842914823,0.7370897324401341,0.7349949656550147,0.0020947667851194396
464,0.9021820917983446,0.8390519187358917,0.06313017306245294,0.6538615378935615,0.6303868873343497,0.02347465055921183,0.7455428751657458,0.7469008723639237,-0.0013579971981778627
465,0.8805732484076433,0.8437101910828027,0.03686305732484063,0.6614176747428404,0.6427276620657772,0.01869001267706316,0.7325344497719822,0.7366279975624704,-0.004093547790488206
466,0.918717375093214,0.8498881431767338,0.06882923191648027,0.6469234770033655,0.6214361557816639,0.02548732122170161,0.7279974359462136,0.7248359297810608,0.003161506165152761
467,0.8976135488837568,0.8333333333333333,0.06428021555042351,0.6527410863538027,0.6284378765643742,0.02430320978942846,0.7304256948076253,0.7304555278552419,-2.9833047616611985e-05
468,0.8718944099378882,0.7906832298136647,0.08121118012422357,0.6736026785304584,0.6471643369255797,0.02643834160487868,0.7526667852593105,0.7567561611559259,-0.004089375896615399
469,0.9231348907309721,0.8462697814619442,0.0768651092690279,0.6542998293180026,0.6296643488644621,0.02463548045354047,0.762198090606302,0.761213685258342,0.0009844053479599602
470,0.9150485436893204,0.8534789644012944,0.06156957928802598,0.6645904779291354,0.6443642147676225,0.02022626316151288,0.7602886860723205,0.7602138349262731,7.485114604732779e-05
471,0.9049645390070922,0.8388652482269503,0.06609929078014187,0.6618225387594314,0.639040063345329,0.022782475414102388,0.755264005438238,0.7574697517144156,-0.0022057462761775337
472,0.8985985160758451,0.8333058532563891,0.065292662819456,0.6344872320731367,0.6142498499740502,0.020237382099086543,0.725485601026708,0.7297352413735813,-0.004249640346873251
473,0.8766692851531814,0.8212882953652789,0.05538098978790251,0.645310076429132,0.6210449915637133,0.024265084865418673,0.7069126339839787,0.7075482925528173,-0.0006356585688385152
474,0.9013452914798207,0.8346038863976084,0.06674140508221227,0.648691376563829,0.6245271353763879,0.024164241187441093,0.7414601187250024,0.7416166270429898,-0.00015650831798741383
475,0.9199663016006739,0.8354675652906487,0.08449873631002525,0.664046288548917,0.6372122519085485,0.02683403664036854,0.7426263111123783,0.7394009171810306,0.0032253939313476865
476,0.9065656565656566,0.8226430976430977,0.08392255892255884,0.6759143636132826,0.6463895838540643,0.0295247797592183,0.7523435516990101,0.7499616435455565,0.002381908153453627
477,0.8916786226685797,0.839167862266858,0.052510760401721646,0.6521591273257823,0.6275271374002014,0.02463198992558091,0.7238801002431217,0.7268183918718043,-0.0029382916286826433
478,0.8697956093868282,0.8279333838001512,0.04186222558667696,0.6605886670378496,0.6390344124130444,0.021554254624805202,0.7415008990224341,0.7430171014317061,-0.0015162024092719717
479,0.8943427620632279,0.8356905158069884,0.05865224625623955,0.6597675124072837,0.6363233436588074,0.023444168748476324,0.7476278047186052,0.7494094472448378,-0.0017816425262325852
480,0.9046369203849519,0.8299212598425196,0.07471566054243228,0.667187094740263,0.6416517800296603,0.025535314710602774,0.7724784574427683,0.7722554745028103,0.00022298293995803853
481,0.878345498783455,0.7978913219789132,0.08045417680454181,0.6549477133279104,0.6280663707905964,0.026881342537314,0.7400053674704758,0.7404433230021554,-0.0004379555316795791
482,0.8928571428571429,0.8183333333333334,0.07452380952380955,0.6603974695107269,0.6380052187776861,0.02239225073304074,0.7614181168872007,0.7652075287439208,-0.003789411856720104
483,0.8981158408932309,0.848639218422889,0.0494766224703419,0.6720601652126563,0.6506710578961348,0.02138910731652155,0.7428990414969905,0.7441655175610065,-0.0012664760640159756
484,0.9385560675883257,0.8735023041474654,0.06505376344086022,0.6300314190229901,0.6054562810466135,0.02457513797637656,0.7103134111287973,0.7090140457903206,0.0012993653384767434
485,0.9065420560747663,0.8466570812365205,0.05988497483824584,0.6445392896020575,0.6199085387175477,0.024630750884509833,0.7294151159311134,0.7285977371832884,0.0008173787478250594
486,0.8950795947901592,0.8495658465991317,0.04551374819102749,0.6693324667400409,0.6494299622677709,0.019902504472269933,0.749123474478775,0.7532445203114185,-0.0041210458326434996
487,0.8843582887700535,0.8337566844919786,0.05060160427807492,0.660966878869909,0.6392033307357984,0.021763548134110633,0.7472622402271396,0.7500964547960551,-0.0028342145689155274
488,0.934402332361516,0.8535714285714284,0.08083090379008762,0.65532939265557,0.6264436124302442,0.02888578022532584,0.7470677438541993,0.7435937489971857,0.003473994857013607
489,0.8955882352941177,0.853970588235294,0.04161764705882365,0.6716149407765993,0.6534150653388184,0.0181998754377809,0.75072110287901,0.7565048027784683,-0.005783699899458372
490,0.8988235294117647,0.8378823529411765,0.060941176470588165,0.6683718853459159,0.6451792401892674,0.023192645156648428,0.7611432837031323,0.7586074086045446,0.00253587509858777
491,0.8921130952380952,0.8319196428571429,0.060193452380952306,0.6575377339781446,0.6332555676327278,0.0242821663454168,0.7370641960028331,0.7362130019352409,0.0008511940675922647
492,0.8946975354742345,0.8360716952949963,0.05862584017923822,0.6304072430435126,0.6070057054420055,0.023401537601507094,0.7224097399256796,0.7238549294624679,-0.0014451895367882939
493,0.913151364764268,0.8444168734491315,0.06873449131513643,0.6504833182309548,0.6258706987909128,0.024612619440042005,0.7494522657489094,0.7484604839323077,0.0009917818166017556
494,0.9092105263157895,0.8502631578947369,0.058947368421052526,0.6731911813886373,0.6512297872105133,0.02196139417812404,0.7619436962036421,0.76169965714159,0.00024403906205205939
495,0.9186935371785963,0.8569145239749826,0.061779013203613675,0.6527478967224298,0.6296709648032622,0.023076931919167598,0.731984210192482,0.7320983575728913,-0.00011414738040926853
496,0.916,0.8598400000000002,0.05615999999999988,0.6681014302143621,0.6480279758601213,0.020073454354240794,0.7630013415487711,0.7651026530320755,-0.002101311483304391
497,0.8850664581704457,0.8265832681782642,0.058483189992181495,0.6789003484768963,0.6569648681051901,0.02193548037170623,0.7693660459473072,0.7711009211608024,-0.001734875213495246
498,0.9259536275243081,0.8651458489154823,0.0608077786088258,0.6617739839154263,0.6436745751937418,0.018099408721684473,0.7423515667727683,0.74289505219426,-0.0005434854214917406
499,0.9049844236760125,0.8271806853582554,0.07780373831775711,0.6627180593869268,0.6348421620483773,0.02787589733854956,0.7516609589256312,0.7487900289065516,0.002870930019079676
500,0.8673986486486487,0.8059966216216216,0.06140202702702713,0.6524629582468124,0.6283735703671333,0.02408938787967918,0.7434983880297739,0.7496716826762035,-0.006173294646429683
501,0.9029671210906175,0.834803528468324,0.06816359262229355,0.6514230176767218,0.6282409320100154,0.02318208566670643,0.7552572118464461,0.7581033831570457,-0.00284617131059961
502,0.8922734026745914,0.8309806835066864,0.06129271916790502,0.6361003584208417,0.6109707186644674,0.025129639756374278,0.7178480176477099,0.7201459115796875,-0.002297893931977657
503,0.8909916729750189,0.8284632853898563,0.06252838758516266,0.6350566685310671,0.6112991213206194,0.02375754721044776,0.7173255227239499,0.7201209962233828,-0.0027954734994328767
504,0.9021834061135371,0.8289956331877729,0.07318777292576417,0.6367648115250699,0.6088699027871873,0.027894908737882584,0.7171800430689238,0.713737527708579,0.003442515360344789
505,0.9045383411580594,0.8431924882629108,0.0613458528951486,0.6400439223452792,0.6191585471998697,0.020885375145409446,0.723025177791918,0.7245679719260562,-0.001542794134138159
506,0.9151785714285714,0.8441964285714286,0.07098214285714277,0.642330430059184,0.6155248679436786,0.026805562115505444,0.7362403809528231,0.7341091548560673,0.002131226096755756
507,0.9029911075181891,0.8230396119644301,0.07995149555375902,0.6406903550355103,0.6130755692404106,0.027614785795099683,0.7247272147959188,0.7266278366965792,-0.0019006219006603153
508,0.9138290479499652,0.856636553161918,0.05719249478804722,0.6467865258867844,0.6238838770370068,0.022902648849777663,0.714288740753283,0.714579325390327,-0.0002905846370440113
509,0.8962900505902193,0.8118043844856662,0.0844856661045531,0.650168905722646,0.622756461924592,0.027412443798053965,0.7490842796761351,0.748672135740516,0.00041214393561905815
510,0.9014573213046495,0.8545454545454545,0.04691186675919501,0.6586948119816955,0.6386097855082971,0.020085026473398493,0.7260784451991966,0.72878214068261,-0.0027036954834134264
511,0.8931008339651251,0.8279757391963608,0.06512509476876427,0.6773763099449239,0.6528421006413818,0.02453420930354211,0.766928407457312,0.7686811551035373,-0.00175274764622535
512,0.9122944400939702,0.8368050117462804,0.07548942834768979,0.6479483770895021,0.6231625217158723,0.024785855373629873,0.7343388596031168,0.7339512551266013,0.0003876044765155351
513,0.9110787172011662,0.8636297376093294,0.047448979591836804,0.6523884000234546,0.6312391245420625,0.021149275481392005,0.7318393196797477,0.7352706702213353,-0.0034313505415876078
514,0.8738805970149254,0.8248507462686568,0.04902985074626853,0.6711188319332869,0.6471192042253436,0.023999627707943283,0.7520145456467954,0.7592007991920608,-0.007186253545265475
515,0.9017921146953405,0.8302508960573476,0.0715412186379929,0.6725407828246226,0.6496108238734605,0.02292995895116212,0.7667355739740488,0.7656215315325557,0.001114042441493046
516,0.900355871886121,0.8362277580071173,0.06412811387900363,0.65660104486411,0.6319738433251761,0.02462720153893383,0.750274070799104,0.7527763411219803,-0.00250227032287631
517,0.914327917282127,0.8511816838995567,0.0631462333825703,0.6418346437086792,0.617753077332498,0.024081566376181196,0.7437381034947803,0.7443674129954234,-0.0006293095006431049
518,0.929795918367347,0.8470204081632653,0.08277551020408169,0.6605720889376386,0.6355862667199905,0.024985822217648113,0.7511890039706246,0.7514740518726155,-0.0002850479019909091
519,0.897116134060795,0.8362431800467653,0.0608729540140297,0.6516104955735232,0.6274068509382917,0.024203644635231503,0.7469787200125008,0.7479961164523176,-0.0010173964398167978
520,0.8934368383909669,0.8222300635144671,0.07120677487649973,0.6566244081403032,0.6303805685061207,0.02624383963418253,0.7406699878244403,0.7414904007142046,-0.0008204128897643104
521,0.9004115226337449,0.825925925925926,0.07448559670781896,0.6413979211001585,0.616860990691598,0.02453693040856042,0.7240937791693914,0.7239951501167575,9.862905263391397e-05
522,0.8976497346474602,0.8382865807429871,0.05936315390447311,0.6760898837414658,0.6538534731353063,0.02223641060615955,0.7752909056448364,0.7749525991420335,0.00033830650280286534
523,0.905476369092273,0.8371342835708928,0.06834208552138021,0.6803537684515244,0.6571301822971258,0.023223586154398568,0.7859236536042161,0.7861219587338597,-0.00019830512964358338
524,0.9150237933378654,0.845343303874915,0.06968048946295047,0.6552694733642277,0.6311742458861498,0.024095227478077907,0.7560016356010685,0.7537293440942046,0.0022722915068639216
525,0.9323786793953859,0.8474940334128878,0.08488464598249812,0.6399176598351006,0.6172320152428881,0.02268564459221256,0.7271383703381538,0.7259338758412197,0.0012044944969340499
526,0.9316608996539792,0.8498269896193772,0.08183391003460205,0.6546427313815567,0.6297448000223828,0.024897931359173953,0.7632870070115422,0.7636348596696462,-0.00034785265810399757
527,0.9243027888446215,0.8396812749003985,0.08462151394422301,0.6607194309187571,0.6342592986151211,0.026460132303635975,0.7308060220318966,0.7271426829711598,0.003663339060736792
528,0.920462270564242,0.8706322229775664,0.04983004758667564,0.6456579547935969,0.6249813366149741,0.020676618178622763,0.7318661137228858,0.7329368878002953,-0.0010707740774095198
529,0.9065817409766455,0.8368719037508846,0.06970983722576085,0.6617527767748378,0.6381572795402095,0.023595497234628282,0.7497280387523197,0.7512972305546662,-0.0015691918023464924
530,0.8992628992628993,0.8124488124488124,0.08681408681408687,0.664059332132424,0.6351824294014772,0.028876902730946785,0.7477104306343944,0.7470532009406287,0.000657229693765693
531,0.8787388843977365,0.8097817299919159,0.06895715440582062,0.6688975901048254,0.6455933564230966,0.023304233681728848,0.7590939574261527,0.7637183340814642,-0.004624376655311457
532,0.9391304347826087,0.8643478260869566,0.07478260869565212,0.6416530477483394,0.6181841006594286,0.023468947088910785,0.7340116718839311,0.7315835508563892,0.002428121027541974
533,0.8857368006304176,0.8091410559495668,0.07659574468085084,0.6849106048107128,0.6588878911274264,0.026022713683286347,0.787460893850639,0.7881030856437394,-0.0006421917931004328
534,0.9265625,0.8571875,0.06937499999999996,0.6425919909721066,0.618699196714802,0.023892794257304617,0.7417398399158892,0.7409530231732079,0.0007868167426813288
535,0.886721680420105,0.8195798949737435,0.06714178544636151,0.6570403858928863,0.6288627377089608,0.02817764818392543,0.736600205093274,0.7375018541791885,-0.0009016490859145021
536,0.926124916051041,0.8633310946944256,0.06279382135661538,0.6466155165576207,0.6205849676102861,0.026030548947334586,0.7474976328887859,0.7447937350956921,0.002703897793093768
537,0.8958333333333334,0.8179166666666667,0.07791666666666663,0.6484600992556673,0.6246690726777167,0.023791026577950625,0.7444635594580402,0.7465425013219041,-0.0020789418638639257
538,0.9050758075148319,0.859789057350033,0.045286750164798883,0.6729464670710834,0.6520880260104663,0.020858441060617072,0.7646471372024176,0.7648901334958823,-0.00024299629346469231
539,0.8917710196779964,0.8153846153846154,0.07638640429338106,0.6617260630332537,0.6380657533785254,0.023660309654728207,0.7498371832580081,0.7525233452979664,-0.0026861620399583064
540,0.89792663476874,0.8351674641148324,0.06275917065390757,0.6438854173856654,0.620119348796509,0.02376606858915642,0.7261289275436162,0.7241689221328269,0.001960005410789334
541,0.8828633405639913,0.8241503976861895,0.05871294287780182,0.6523571449442496,0.6276694783356137,0.02468766660863586,0.7425734693262088,0.7457116458601151,-0.003138176533906245
542,0.918218085106383,0.8565159574468085,0.0617021276595745,0.6378791639148029,0.6131557210747569,0.024723442840046017,0.697685292635886,0.6978496430131671,-0.00016435037728113056
543,0.8975088967971531,0.8419217081850533,0.05558718861209977,0.6789822869876707,0.6558052687783442,0.023177018209326494,0.7429909991536878,0.7435382131401221,-0.000547213986434314
544,0.9050873196659074,0.8387243735763098,0.06636294608959759,0.6465705721746489,0.6257312262763182,0.020839345898330697,0.7408009522099991,0.7419077963958112,-0.0011068441858120837
545,0.8787661406025825,0.8126972740315639,0.06606886657101863,0.6648231222920198,0.6391450396994536,0.02567808259256621,0.7529707542308262,0.7568901563799624,-0.00391940214913622
546,0.8886097152428811,0.8192629815745394,0.06934673366834176,0.6635971217087082,0.6364583619123324,0.02713875979637581,0.7618510260114594,0.7628830996231849,-0.0010320736117255258
547,0.9148618371919343,0.827931292008962,0.08693054518297227,0.6431641753955722,0.6189093306216016,0.024254844773970663,0.72557742202055,0.7243971000116849,0.0011803220088650868
548,0.914095079232694,0.8442035029190993,0.06989157631359466,0.632994042379146,0.6078440965832568,0.02514994579588925,0.7218455081226018,0.7214979607069674,0.0003475474156344749
549,0.9127105666156202,0.840811638591118,0.07189892802450226,0.6576076517481239,0.6325644947613166,0.025043156986807258,0.7358868951002477,0.7356689597699828,0.00021793533026492895
550,0.9101876675603218,0.8506032171581769,0.059584450402144884,0.6449720296916712,0.6224582693634788,0.02251376032819241,0.7164773718162514,0.7171638904577976,-0.0006865186415462299
551,0.9093369418132612,0.8414073071718539,0.06792963464140733,0.6680432009267209,0.6439896333251298,0.024053567601591053,0.7766745408269654,0.7752510313536097,0.0014235094733556775
552,0.8843728100911002,0.8161878065872461,0.06818500350385415,0.643887323535889,0.6177284667152401,0.02615885682064889,0.7171005156072067,0.7184838586034694,-0.0013833429962627486
553,0.9287410926365796,0.8294536817102138,0.09928741092636573,0.6536250809660827,0.6283817439204316,0.025243337045651182,0.7482231425855371,0.744848511053687,0.0033746315318501363
554,0.8819776714513556,0.8256778309409889,0.05629984051036674,0.6691345408642415,0.6472862907902719,0.02184825007396962,0.7495716191691592,0.7514250796269424,-0.0018534604577832292
555,0.92,0.8117599999999999,0.10824000000000011,0.6455180405210953,0.6150683076399479,0.030449732881147384,0.7397574586804977,0.7349872417961728,0.004770216884324885
556,0.9047619047619048,0.8406487232574189,0.06411318150448586,0.6462330871680063,0.621508775074014,0.024724312093992284,0.7282962478703235,0.7247479778770589,0.00354826999326463
557,0.9254955570745045,0.8663021189336979,0.059193438140806576,0.6627512282263623,0.6423314634522909,0.02041976477407148,0.7509682565921307,0.7547152585377295,-0.003747001945598738
558,0.8801191362620998,0.8095309009679822,0.07058823529411762,0.6737827905938285,0.6505374430037897,0.023245347590038823,0.7713785728767366,0.7703682833947438,0.0010102894819927766
559,0.9096774193548387,0.8372759856630824,0.07240143369175633,0.6418237503184999,0.6182855653573882,0.023538184961111708,0.7402469914744764,0.7427299520578161,-0.002482960583339744
560,0.9039812646370023,0.8380171740827478,0.06596409055425456,0.660485045404714,0.6358819835603822,0.02460306184433181,0.7542133390406626,0.7535388292475053,0.0006745097931573074
561,0.9234375,0.844375,0.07906250000000004,0.6439628621859974,0.617087427896768,0.02687543428922945,0.723740714228258,0.7208585898654756,0.0028821243627824567
562,0.8907148726376335,0.8244864420706655,0.06622843056696803,0.655377601206828,0.6298679905028843,0.02550961070394364,0.7531888762563913,0.749711222341007,0.003477653915384349
563,0.8879668049792531,0.8040663900414937,0.08390041493775935,0.6503505315779461,0.6220207995016156,0.028329732076330494,0.7441071755433554,0.745202757207127,-0.0010955816637716609
564,0.9331476323119777,0.8757660167130918,0.05738161559888588,0.6555766089161312,0.6343364122104603,0.0212401967056709,0.7322224408990641,0.7318114272911262,0.0004110136079378268
565,0.9267751479289941,0.8590236686390533,0.06775147928994074,0.6188134162816479,0.5953849167543745,0.023428499527273328,0.6957709140045398,0.6936861139664929,0.0020848000380468967
566,0.8998527245949927,0.8346833578792341,0.06516936671575857,0.6488865338523662,0.6258798924452424,0.023006641407123718,0.7429810325051527,0.745004486460396,-0.0020234539552432818
567,0.9117647058823529,0.8469117647058824,0.06485294117647056,0.6519659975584641,0.6273069203746084,0.024659077183855627,0.7286177026666034,0.7295958529982356,-0.0009781503316321771
568,0.9045307443365695,0.8381877022653722,0.06634304207119734,0.6485579385176815,0.6260585603740493,0.02249937814363223,0.733881536082009,0.73747613988245,-0.0035946038004409653
569,0.8787625418060201,0.8073578595317725,0.07140468227424757,0.6678775451474314,0.6422293316176966,0.025648213529734787,0.7532713723505956,0.7556702188851189,-0.002398846534523269
570,0.8974358974358975,0.8192749778956676,0.07816091954022986,0.6612906870746271,0.6363292608937094,0.02496142618091768,0.7691993036093665,0.7724401885148241,-0.0032408849054575972
571,0.9217456734386757,0.851166290443943,0.07057938299473276,0.6742645179137181,0.6510887761251978,0.023175741788520332,0.772034518099305,0.772365017592405,-0.00033049949309993387
572,0.8807174887892377,0.8043049327354261,0.07641255605381159,0.658420421530692,0.6356536705489522,0.02276675098173986,0.7421512319384476,0.746041096965982,-0.0038898650275344115
573,0.8967434471803019,0.8468625893566323,0.04988085782366958,0.6838257472592851,0.6621181000638433,0.021707647195441826,0.7696908542763464,0.7686845756065777,0.0010062786697687676
574,0.9054652880354506,0.8422451994091581,0.06322008862629247,0.6612125359227815,0.6409172719971947,0.02029526392558678,0.7603104860905713,0.7666105617234258,-0.006300075632854507
575,0.8799705449189985,0.8285714285714285,0.051399116347569995,0.6697493318605808,0.6452453156801489,0.024504016180431965,0.7440415982694827,0.7466068001708028,-0.0025652019013201466
576,0.9116161616161617,0.8191077441077443,0.09250841750841732,0.6495125731000234,0.6210038594320728,0.028508713667950603,0.7403592159874138,0.7375575997197358,0.002801616267678053
577,0.8985695708712613,0.8447984395318595,0.05377113133940181,0.6492263226484515,0.6262314219696868,0.02299490067876464,0.7243874195587872,0.7237110312771939,0.000676388281593221
578,0.8951672862453531,0.8234944237918217,0.07167286245353144,0.6624536501151627,0.6352476481244412,0.02720600199072143,0.74712075999183,0.7470945697155427,2.6190276287363368e-05
579,0.8984962406015038,0.847593984962406,0.05090225563909778,0.6348908394066407,0.6127949794525881,0.02209585995405261,0.7080939607997024,0.7120389499891309,-0.003944989189428427
580,0.885003885003885,0.8254079254079254,0.05959595959595965,0.6559526845399365,0.6328083424360371,0.023144342103899374,0.725641256280903,0.7281476636289044,-0.0025064073480013382
581,0.8901429646350639,0.8255079006772009,0.064635063957863,0.6793968899145039,0.6543639587119047,0.025032931202599196,0.7582400229368988,0.7575453919067403,0.0006946310301585434
582,0.8726061615320566,0.8003330557868443,0.07227310574521228,0.6549498661536125,0.6272480417435329,0.027701824410079623,0.7361736456280712,0.7387856504221211,-0.0026120047940498825
583,0.8918495297805643,0.8430250783699058,0.0488244514106585,0.6498092567087359,0.6272177310253213,0.022591525683414604,0.7155826359384436,0.7177519665021376,-0.0021693305636939497
584,0.908955223880597,0.8533582089552239,0.05559701492537317,0.6636349453107427,0.6420559230433016,0.021579022267441128,0.7450093635772236,0.7451143462748603,-0.00010498269763670187
585,0.8978902953586498,0.8138396624472574,0.08405063291139248,0.6728147633073255,0.6467432177684151,0.026071545538910335,0.7613548193710704,0.7605766981826332,0.0007781211884372308
586,0.8770627062706271,0.8083333333333333,0.06872937293729375,0.6713985319196072,0.6485708980929177,0.02282763382668951,0.7644622435823114,0.7669061869434473,-0.0024439433611358474
587,0.9289795918367347,0.8533061224489795,0.07567346938775521,0.6598147396476945,0.6360032584489352,0.02381148119875931,0.7616420672604837,0.7584892589864498,0.003152808274033858
588,0.9091559370529327,0.8314020028612303,0.0777539341917024,0.647421685723155,0.6202997931404289,0.027121892582726015,0.7477019948883372,0.750856204583324,-0.0031542096949868093
589,0.8996960486322189,0.8338145896656537,0.06588145896656517,0.6647909535308569,0.6434464951716233,0.021344458359233598,0.7471919718786324,0.7506450196098996,-0.0034530477312672003
590,0.8745980707395499,0.814710610932476,0.059887459807073884,0.6790674299027898,0.6566010942896103,0.022466335613179456,0.7755822860768071,0.7775307723689162,-0.0019484862921090862
591,0.9111769059955589,0.8503330866025166,0.06084381939304229,0.6362668378312075,0.6129479067837617,0.023318931047445868,0.7325317101206059,0.7338355573066704,-0.0013038471860644663
592,0.8825878594249201,0.8199680511182109,0.06261980830670921,0.6553736372165271,0.6307103872395579,0.024663249976969226,0.7419301936310141,0.7416086454421024,0.00032154818891172443
593,0.9,0.8447500000000001,0.05524999999999991,0.6517239762900708,0.6312009075611671,0.02052306872890375,0.7393788206865848,0.7460762227161213,-0.006697402029536503
594,0.8777777777777778,0.8174814814814815,0.06029629629629629,0.6505071783112265,0.6261658284998439,0.024341349811382584,0.7352368557486522,0.7386670794341538,-0.00343022368550161
595,0.8885245901639345,0.8120491803278688,0.07647540983606571,0.6392221362376503,0.6106373427204509,0.028584793517199447,0.7060257550422987,0.7073382020926073,-0.0013124470503086405
596,0.8623024830699775,0.7997742663656886,0.06252821670428887,0.6561367217591385,0.6299577927908098,0.02617892896832874,0.7480303085436079,0.749349784321825,-0.0013194757782171163
597,0.9134165366614665,0.8372854914196568,0.07613104524180969,0.6387614310603803,0.6148091238822344,0.023952307178145893,0.7248038229245588,0.726768582889233,-0.0019647599646741565
598,0.9336455893832943,0.8680718188914911,0.06557377049180324,0.6555308455228008,0.6353728741917949,0.02015797133100594,0.760008923191438,0.7612543776542682,-0.0012454544628301978
599,0.9031993437243643,0.8346185397867103,0.06858080393765398,0.6429953895909105,0.619197522892481,0.023797866698429537,0.7421448579837735,0.7441225255885778,-0.001977667604804334
600,0.9135399673735726,0.8199021207177812,0.09363784665579133,0.6414383400901932,0.6140229756150566,0.027415364475136594,0.7300835664025352,0.7258387160545157,0.00424485034801958
601,0.9085714285714286,0.8239183673469388,0.08465306122448979,0.6646773155231964,0.6414613476236873,0.023215967899509082,0.7659668049124688,0.7673816699825978,-0.001414865070129001
602,0.9044062733383121,0.8349514563106798,0.06945481702763234,0.6562929130186872,0.6321758967216292,0.02411701629705798,0.7344419387488254,0.735162088081408,-0.0007201493325826869
603,0.919971671388102,0.8459631728045325,0.0740084985835695,0.6657690320275791,0.6429569176225742,0.022812114405004857,0.7671947904755282,0.767624134963884,-0.0004293444883558539
604,0.8975409836065574,0.8406557377049181,0.05688524590163935,0.6625898059661592,0.6401729679973645,0.02241683796879479,0.7464448353602819,0.7454462781382594,0.000998557222022578
605,0.877444589308996,0.8353324641460235,0.04211212516297258,0.6729907899012004,0.6535868095629912,0.019403980338209226,0.7529859135046376,0.7566721570563362,-0.0036862435516985537
606,0.9271948608137045,0.8599571734475374,0.06723768736616709,0.6498647223506615,0.626914932182961,0.02294979016770049,0.7150680596299214,0.7129454989396485,0.0021225606902728344
607,0.885003885003885,0.8351204351204352,0.04988344988344984,0.6426240539079994,0.6229458720026748,0.019678181905324554,0.715944343696043,0.718373107656757,-0.002428763960714009
608,0.9049247606019152,0.8402872777017784,0.06463748290013682,0.6522622448148424,0.6296641313492783,0.022598113465564063,0.736073883135259,0.7377642736899339,-0.0016903905546749032
609,0.8482269503546099,0.8216312056737589,0.02659574468085102,0.6666991869253851,0.6479700513208249,0.018729135604560243,0.7280783021268336,0.7385769495305087,-0.010498647403675121
610,0.9018087855297158,0.8397071490094745,0.062101636520241255,0.643823247648687,0.6176456593135754,0.026177588335111635,0.7299962102114758,0.7277059332599063,0.00229027695156947
611,0.9068369646882044,0.852817430503381,0.054019534184823415,0.6597644566830181,0.6383730538110612,0.021391402871956844,0.72845594857897,0.7288519931768341,-0.0003960445978641314
612,0.9077705156136529,0.8217864923747277,0.08598402323892518,0.6531831539808953,0.6252972332905726,0.027885920690322696,0.7304738529656758,0.7252316542631831,0.005242198702492651
613,0.9093799682034976,0.8492845786963434,0.06009538950715421,0.6382474468826974,0.6172405906635973,0.021006856219100145,0.7376057006976925,0.7413724964381554,-0.0037667957404629027
614,0.8986842105263158,0.8564473684210526,0.04223684210526313,0.6449213132847623,0.6258879561212571,0.019033357163505182,0.7335771338355057,0.7368927767726231,-0.0033156429371173912
615,0.8728,0.82216,0.05064000000000002,0.6718872941510522,0.6509652467938847,0.020922047357167517,0.739102425842812,0.7446788882528763,-0.005576462410064265
616,0.863349131121643,0.8100315955766193,0.05331753554502372,0.644452595649433,0.6193425054016666,0.025110090247766448,0.7289177481070086,0.7307108934226436,-0.0017931453156350141
617,0.8952755905511811,0.8194488188976378,0.07582677165354335,0.6515081331589293,0.6224400220772346,0.029068111081694714,0.7317730927919064,0.7314156098056841,0.0003574829862222906
618,0.9000768639508071,0.8327440430438126,0.06733282090699455,0.6617632800663037,0.6396514448673345,0.0221118351989692,0.7462940873584724,0.74534602869732,0.000948058661152329
619,0.9046199701937406,0.8331594634873323,0.07146050670640836,0.6518023529883519,0.6280047700767817,0.023797582911570192,0.7363638628657765,0.7397612383224603,-0.0033973754566838377
620,0.934715821812596,0.857757296466974,0.07695852534562209,0.6493953789530229,0.6239408343719254,0.025454544581097527,0.7266776501775949,0.7256342063998218,0.001043443777773101
621,0.8930566640063847,0.8209098164405427,0.072146847565842,0.6531312992702837,0.6275844154568948,0.025546883813388876,0.7318349261019779,0.7317766944085797,5.8231693398136386e-05
622,0.8912363067292645,0.8163536776212833,0.07488262910798116,0.6759161667688773,0.651914277327757,0.02400188944112036,0.7616891116133815,0.7617431487275028,-5.4037114121330276e-05
623,0.8977020014825797,0.8192735359525575,0.07842846553002225,0.6574255507711613,0.6304509692672073,0.02697458150395393,0.7343964790228311,0.7340051589778893,0.00039132004494180084
624,0.8864628820960698,0.8255458515283843,0.06091703056768549,0.6603112810818005,0.6359620638221113,0.024349217259689193,0.7314094625001639,0.7305109427107493,0.0008985197894145758
625,0.8977020014825797,0.8382505559673833,0.05945144551519643,0.645782014596649,0.6208316510621155,0.024950363534533504,0.7398664493621464,0.7389466268681846,0.0009198224939618305
626,0.8427128427128427,0.810966810966811,0.031746031746031744,0.6383309656870291,0.6153547083715242,0.0229762573155049,0.7042136755175125,0.7128356839884633,-0.008622008470950848
627,0.9116693679092382,0.8357374392220421,0.07593192868719612,0.6398842682895045,0.6139017340018855,0.025982534287618986,0.7275610254254845,0.7281214161603409,-0.0005603907348563641
628,0.9128895184135978,0.856657223796034,0.05623229461756374,0.6365043137489499,0.6144511056801653,0.022053208068784635,0.7059162204961482,0.7102088349081862,-0.004292614412037987
629,0.9014855355746677,0.8415949960906959,0.05989053948397183,0.6635020185362567,0.6423638918362249,0.02113812670003179,0.7493470666314828,0.7508595148045679,-0.0015124481730851569
630,0.8856209150326797,0.8212418300653594,0.06437908496732025,0.6695767588260395,0.6450655432392602,0.024511215586779267,0.7730944941214333,0.7758436713313067,-0.0027491772098734435
631,0.8956254796623178,0.825863392171911,0.0697620874904068,0.6603021823679438,0.636301100511167,0.02400108185677685,0.7467412678467271,0.7500224489594214,-0.0032811811126942647
632,0.9242798353909465,0.8434567901234568,0.08082304526748973,0.6862162311424428,0.6604683708957246,0.025747860246718157,0.7633921798792188,0.7608427978582059,0.002549382021012958
633,0.8992307692307693,0.8353846153846154,0.06384615384615389,0.6455234778135923,0.6189727924172013,0.02655068539639105,0.7059221538560057,0.7053159528263525,0.0006062010296531417
634,0.8937135450421257,0.8541801685029163,0.03953337653920941,0.6518571853656233,0.633007890239847,0.018849295125776266,0.7347582048937992,0.7396446235589138,-0.0048864186651146335
635,0.8771929824561403,0.8323508771929824,0.044842105263157905,0.6700705682338709,0.6468834954253357,0.02318707280853516,0.75074101313748,0.7515494926885369,-0.0008084795510568954
636,0.9197080291970803,0.843471208434712,0.07623682076236826,0.6633352621111813,0.6362075100404445,0.02712775207073681,0.745294985869825,0.7406098328822921,0.0046851529875329145
637,0.940809968847352,0.8820872274143303,0.0587227414330217,0.6415264422715086,0.6211115257574529,0.020414916514055692,0.756739051303484,0.756372180739746,0.00036687056373796434
638,0.9199346405228758,0.8517973856209149,0.06813725490196088,0.6403287493974912,0.6160467343989466,0.024282014998544543,0.7239327063714663,0.723367488746595,0.0005652176248713836
639,0.9222133119486768,0.8477145148356054,0.07449879711307139,0.6503892291290833,0.6247284557108344,0.025660773418248906,0.7453528187588261,0.7422583401809414,0.003094478577884696
640,0.8946932006633499,0.8364013266998341,0.05829187396351576,0.6667368661416958,0.6438541210271534,0.022882745114542358,0.7490986040402254,0.7531367393356393,-0.004038135295413858
641,0.9124137931034483,0.8507586206896551,0.06165517241379315,0.6555712166164068,0.6318016059307117,0.023769610685695164,0.7367616330501909,0.7399285893534577,-0.003166956303266799
642,0.8889789303079416,0.8417341977309561,0.04724473257698547,0.6656809778916927,0.6461721767241314,0.019508801167561263,0.7557661246775176,0.7585745375708774,-0.0028084128933598684
643,0.9060816012317167,0.8486528098537336,0.05742879137798307,0.638682626707913,0.6169220820371557,0.021760544670757276,0.7224356271926465,0.7251208559753716,-0.0026852287827250354
644,0.8656370656370657,0.8202316602316602,0.0454054054054055,0.6578234473526189,0.6353474474999588,0.022475999852660133,0.7424552828920721,0.7510330241293299,-0.008577741237257852
645,0.915863277826468,0.8348816827344434,0.08098159509202463,0.676199808248986,0.6537717414835118,0.022428066765474153,0.7790517657060715,0.777832901496133,0.0012188642099384417
646,0.9076042518397384,0.8352412101390027,0.07236304170073571,0.6529955320853056,0.6277113385938743,0.025284193491431295,0.7358723274390586,0.7370771538460648,-0.0012048264070061432
647,0.8857421875,0.80810546875,0.07763671875,0.6544689306086783,0.6298001988736555,0.02466873173502282,0.7465450421704031,0.7496335118756121,-0.0030884697052090404
648,0.8881167477414872,0.8358582348853372,0.05225851285615002,0.6595332021562108,0.6390403017674315,0.020492900388779267,0.741220677193517,0.7480448090652823,-0.006824131871765227
649,0.9293617021276596,0.8359148936170213,0.09344680851063825,0.6554834025750874,0.6324193306178255,0.0230640719572619,0.7617565929140448,0.7626461709309157,-0.00088957801687084
650,0.9186935371785963,0.8667129951355108,0.05198054204308544,0.6647864787364082,0.6443047153963484,0.0204817633400598,0.7619695240037309,0.7648409812269656,-0.0028714572232347857
651,0.9217325227963525,0.852659574468085,0.06907294832826749,0.6622173970258013,0.639476715343824,0.022740681681977293,0.7734954534031552,0.7717963256820278,0.001699127721127347
652,0.9167893961708394,0.8436671575846834,0.07312223858615607,0.6525063478593739,0.6289274421937501,0.023578905665623817,0.7380885797608221,0.7368235593105508,0.0012650204502713258
653,0.8919107391910739,0.8359135285913528,0.05599721059972107,0.6608854457433462,0.6405216746843478,0.020363771058998337,0.7370141373274726,0.7403278437092307,-0.003313706381758097
654,0.9296947271045328,0.8295097132284923,0.10018501387604051,0.6540763044922754,0.625571851470984,0.028504453021291343,0.7629177678333211,0.7597698457724025,0.0031479220609186287
655,0.9331941544885177,0.8735560194850385,0.05963813500347925,0.6293220254566201,0.6063663896418517,0.022955635814768338,0.7085766198767502,0.7064183082968197,0.0021583115799305164
656,0.9142441860465116,0.8417151162790697,0.07252906976744189,0.6702025647488795,0.6447574863867439,0.02544507836213561,0.7477559714801271,0.749892323607132,-0.0021363521270049146
657,0.9133790737564322,0.8195540308747855,0.09382504288164673,0.648020451918952,0.6219218364801028,0.02609861543884917,0.7376509080065281,0.7334510287912076,0.004199879215320501
658,0.9073668854850474,0.8157549234135667,0.0916119620714807,0.6709871626785278,0.6405168372242941,0.03047032545423367,0.7506661881203112,0.7459963004751069,0.004669887645204263
659,0.8775981524249422,0.833256351039261,0.04434180138568122,0.6647292807326728,0.6443680545131458,0.020361226219526962,0.7445072015877088,0.7522527765410965,-0.007745574953387679
660,0.9192592592592592,0.8604444444444445,0.058814814814814764,0.6564322789557153,0.6345207056754053,0.021911573280310015,0.7153747471899106,0.7140674046455592,0.0013073425443513864
661,0.885048231511254,0.8230707395498392,0.06197749196141478,0.645896542464002,0.6219549939158371,0.02394154854816488,0.7272932240051584,0.7333392485329284,-0.006046024527770033
662,0.9069230769230769,0.8375384615384615,0.06938461538461549,0.6747858283201437,0.6495237332945155,0.02526209502562815,0.7800349533931941,0.7807154100118068,-0.0006804566186127126
663,0.9087018544935807,0.857774607703281,0.050927246790299696,0.6418934602373728,0.6218044319166018,0.020089028320770974,0.7183091556754653,0.7223209249710181,-0.004011769295552803
664,0.9011799410029498,0.8339233038348082,0.06725663716814168,0.6378769718624229,0.61434334855632,0.02353362330610287,0.7215063825879207,0.7226132901482899,-0.0011069075603692413
665,0.8935532233883059,0.8428035982008997,0.05074962518740622,0.6353338532321142,0.6125383228658302,0.02279553036628401,0.7210881052442794,0.7228609537286657,-0.0017728484843863024
666,0.9229357798165138,0.8198165137614678,0.10311926605504595,0.6748210049340221,0.648988620167864,0.025832384766158123,0.8015253524792195,0.7987968562522234,0.0027284962269961133
667,0.9312602291325696,0.8398527004909984,0.0914075286415712,0.6571342196242104,0.6284965302792956,0.02863768934491473,0.7471819170983648,0.7420904806193878,0.0050914364789770294
668,0.9135285913528591,0.8392608089260809,0.07426778242677823,0.6523853847462456,0.6263831819604724,0.026002202785773254,0.7232228236662278,0.7217370448334129,0.0014857788328148658
669,0.9035087719298246,0.8345029239766083,0.06900584795321629,0.657566903710946,0.632873392276055,0.024693511434890958,0.7413837084347101,0.7401668940622256,0.0012168143724845537
670,0.8987150415721844,0.8278911564625849,0.07082388510959947,0.6282373523248528,0.6013619993833966,0.026875352941456154,0.7063355951177779,0.7054613414765512,0.0008742536412267299
671,0.9091554293825408,0.8410220014194465,0.0681334279630943,0.6939228532939514,0.6726585419642551,0.021264311329696306,0.7990304114319335,0.7986072012558223,0.0004232101761112439
672,0.9224872231686542,0.8490630323679728,0.07342419080068141,0.646394789494019,0.6226120000261133,0.023782789467905685,0.7492711672232983,0.747475149566135,0.0017960176571633069
673,0.9377880184331797,0.8316436251920122,0.10614439324116753,0.6498812622771515,0.6204635642657437,0.02941769801140781,0.736934524779814,0.7317833073265547,0.005151217453259305
674,0.8984806629834254,0.8369475138121547,0.06153314917127073,0.6510640060916882,0.6278496283357636,0.02321437775592461,0.7247629520915844,0.7257082207921864,-0.0009452687006020755
675,0.9237947122861586,0.8532659409020218,0.07052877138413682,0.6603546562521511,0.6356720064890908,0.024682649763060227,0.7440544911308126,0.7410757622603137,0.0029787288704988812
676,0.8840336134453781,0.7926050420168067,0.09142857142857141,0.6761406112788414,0.6483140801378899,0.02782653114095146,0.7730090022309164,0.773778539341879,-0.0007695371109626148
677,0.9106145251396648,0.8232242617717478,0.087390263367917,0.66379399901871,0.6349991293174256,0.02879486970128431,0.7246326716405914,0.7168008326888117,0.007831838951779746
678,0.894134477825465,0.8464234620886982,0.047711015736766726,0.6574080968029035,0.6355866287859999,0.021821468016903545,0.7482788984314868,0.7525232379357518,-0.00424433950426506
679,0.8976109215017065,0.8290955631399317,0.0685153583617748,0.6717239650473367,0.6483997213186938,0.023324243728642835,0.7543056711427681,0.7554801894578056,-0.0011745183150374539
680,0.914651493598862,0.8474395448079658,0.0672119487908962,0.6592375099095727,0.6360970585362454,0.02314045137332732,0.7654922777331056,0.7661430557939892,-0.00065077806088365
681,0.890728476821192,0.8226821192052981,0.06804635761589395,0.6420325772255228,0.6188337851585912,0.02319879206693154,0.7246578117246508,0.7281142037410413,-0.003456392016390475
682,0.9184652278177458,0.8391686650679455,0.07929656274980024,0.6585455671814514,0.632497492682206,0.0260480744992454,0.7531908329757543,0.7526096206817102,0.0005812122940440645
683,0.9160613397901534,0.8459241323648102,0.07013720742534313,0.6558651303592576,0.6308464776710327,0.025018652688224896,0.7337211696086683,0.7321885061527834,0.001532663455884875
684,0.8969607116382505,0.8269829503335803,0.06997776130467026,0.6770854796204501,0.6511304532795588,0.025955026340891307,0.7627090731503287,0.7607629384921892,0.00194613465813942
685,0.9159021406727829,0.8204128440366972,0.09548929663608563,0.6619607161493248,0.6329884824563898,0.028972233692935,0.7593024242782039,0.7568191530956131,0.0024832711825908405
686,0.8944050433412135,0.8394799054373522,0.05492513790386133,0.6892092179314948,0.6669072644918335,0.02230195343966135,0.7687278312177271,0.7725037141487819,-0.003775882931054797
687,0.8972972972972973,0.8403861003861005,0.05691119691119684,0.6602975336945157,0.6381120080319458,0.022185525662569927,0.7458512443323626,0.7481836113038393,-0.0023323669714766515
688,0.8997912317327766,0.8417536534446765,0.05803757828810019,0.6523540362357568,0.6303837224872657,0.02197031374849112,0.7431527801885967,0.7454123662089798,-0.0022595860203831197
689,0.8911411411411412,0.8278528528528529,0.06328828828828825,0.6464277194696776,0.6213993876302528,0.025028331839424767,0.705092495032628,0.7062197517197224,-0.0011272566870943468
690,0.8882220555138785,0.828132033008252,0.06009002250562645,0.6649551781666191,0.6419034258673373,0.023051752299281802,0.742018168698139,0.747329983410222,-0.005311814712083085
691,0.9113175675675675,0.8033783783783782,0.10793918918918932,0.6718200528394145,0.6423841232096587,0.02943592962975583,0.7531782660525759,0.7491655851119796,0.004012680940596258
692,0.9156891495601173,0.8600439882697947,0.0556451612903226,0.6591346442732953,0.6361099665535421,0.02302467771975314,0.7559323850649753,0.7551120158728873,0.0008203691920879441
693,0.9052945563012678,0.8316181953765847,0.0736763609246831,0.6537181426242286,0.6296238715933977,0.02409427103083084,0.7389486670988722,0.7335016414937969,0.005447025605075262
694,0.8939512961508248,0.8307934014139828,0.06315789473684197,0.65906381937546,0.6348159394083243,0.024247879967135733,0.7501404666180906,0.7501288939789955,1.1572639095125403e-05
695,0.8988047808764941,0.8465338645418328,0.0522709163346613,0.6550438081313106,0.6311384695017265,0.023905338629584105,0.7414713026557195,0.7440060349423787,-0.002534732286659236
696,0.9176548089591567,0.8584321475625825,0.05922266139657428,0.6484712929336766,0.6280771677141392,0.020394125219537318,0.7177979672379151,0.7171411947496338,0.0006567724882813319
697,0.8966074313408724,0.8425686591276251,0.054038772213247266,0.6785779576912787,0.6580728549865066,0.020505102704772127,0.7639768470595106,0.7642236262148497,-0.0002467791553391052
698,0.9130100076982294,0.8330254041570437,0.07998460354118564,0.6820016085995251,0.657116381582117,0.02488522701740803,0.7744266494157883,0.773314632028155,0.001112017387633335
699,0.897770945426595,0.8304381245196003,0.06733282090699466,0.6554119993388757,0.6284664904447539,0.02694550889412184,0.7348849637745548,0.7338710548412835,0.001013908933271357
700,0.9114219114219114,0.825874125874126,0.08554778554778542,0.6416740023260147,0.6115321868009209,0.030141815525093762,0.7201875600306752,0.7171468288472113,0.0030407311834639295
701,0.8951863354037267,0.8421583850931679,0.05302795031055885,0.6577484896116385,0.6370276981890403,0.020720791422598195,0.7429600271995848,0.7490688773302852,-0.006108850130700394
702,0.8922585794094174,0.8201915403032721,0.07206703910614531,0.6693856681272055,0.6448667321725041,0.024518935954701337,0.7574141866037933,0.7581694561796957,-0.0007552695759023287
703,0.9066286528866714,0.8459729151817534,0.060655737704917945,0.6706099044684236,0.6472028411339752,0.02340706333444842,0.7531239339479658,0.7512479932338336,0.0018759407141322182
704,0.90859375,0.8455468749999999,0.06304687500000006,0.653544505456797,0.6308430495071733,0.022701455949623695,0.7420707006754715,0.7407107591893005,0.0013599414861710235
705,0.883177570093458,0.8302180685358256,0.052959501557632405,0.6588220941295726,0.6346155481898719,0.02420654593970073,0.7397133741599773,0.7428466073788461,-0.003133233218868825
706,0.8915574963609898,0.8302037845705967,0.06135371179039306,0.6618138687127276,0.6395274345828381,0.02228643412988951,0.7375550835465916,0.7375602261832822,-5.142636690602664e-06
707,0.887509130752374,0.835427319211103,0.052081811541271006,0.6377609626628772,0.6157660045531701,0.021994958109707086,0.7160877002017382,0.7192200651403043,-0.003132364938566168
708,0.9257925072046109,0.8637608069164265,0.06203170028818439,0.6426837101828464,0.6182844346114105,0.024399275571435952,0.7278102158349234,0.726647030760928,0.0011631850739954874
709,0.902229845626072,0.8234991423670669,0.07873070325900511,0.6536258716436081,0.627491983063783,0.026133888579825126,0.7388130231810849,0.7368029790577091,0.002010044123375798
710,0.9209650582362728,0.8342762063227953,0.08668885191347753,0.675212710221142,0.6507524598034211,0.02446025041772093,0.770535310516089,0.7679866777505857,0.0025486327655033225
711,0.9176923076923077,0.8309230769230769,0.08676923076923082,0.6557470314204692,0.6286594920617441,0.0270875393587251,0.7511986088004718,0.7511253236883341,7.328511213777755e-05
712,0.9054996127033308,0.846862896979086,0.05863671572424478,0.6364993014544996,0.6124306333140087,0.024068668140490912,0.7126744476475577,0.7135417935658558,-0.0008673459182980681
713,0.8938053097345132,0.8140788415124698,0.07972646822204343,0.6302817614907884,0.5999639289928054,0.030317832497983033,0.6968216081693656,0.6952764819380148,0.0015451262313507241
714,0.8831168831168831,0.8084415584415584,0.07467532467532467,0.6482260797701523,0.620360441882101,0.027865637888051298,0.7326915528336794,0.73603460427715,-0.0033430514434705794
715,0.8923192771084337,0.8226656626506024,0.06965361445783136,0.6718474993378765,0.6488716364242685,0.02297586291360798,0.7690668837263108,0.772165907961508,-0.0030990242351971453
716,0.916605705925384,0.8493782004389173,0.06722750548646672,0.6495593783600767,0.6272689997840215,0.022290378576055203,0.7447030430088313,0.7453404823464135,-0.0006374393375822018
717,0.8814432989690721,0.8060137457044674,0.07542955326460477,0.6578101886309412,0.6320583084967397,0.025751880134201488,0.7375376615412639,0.7397014601517986,-0.0021637986105347284
718,0.9442257217847769,0.8718503937007874,0.0723753280839895,0.6413562545739644,0.618555942828596,0.02280031174536834,0.7319537681968847,0.7292829378465809,0.002670830350303799
719,0.8771790808240888,0.8301901743264659,0.046988906497622884,0.6759997820061683,0.6543666052128276,0.021633176793340647,0.756898326058995,0.758031900849731,-0.0011335747907360583
720,0.9067077872012336,0.8288357748650732,0.07787201233616037,0.6497013303618089,0.6237251484724,0.025976181889408867,0.7490510387054524,0.7486811650791363,0.00036987362631613063
721,0.9214840379637619,0.8327006039689389,0.08878343399482302,0.6683428140316827,0.6435231627667051,0.02481965126497765,0.7579227012259274,0.7580874525649051,-0.00016475133897764227
722,0.8837567359507313,0.8165511932255581,0.0672055427251732,0.6611275517582086,0.6379832785909,0.023144273167308604,0.750380871052469,0.7540868224300756,-0.0037059513776066533
723,0.8920916481892092,0.8532889874353289,0.03880266075388028,0.6389118155372422,0.6175143940263061,0.021397421510936043,0.7013756285686691,0.7061379108813921,-0.004762282312723021
724,0.8915135608048994,0.8181102362204724,0.073403324584427,0.6751891574465011,0.651490618320809,0.023698539125692086,0.7681344016191872,0.7711983572440795,-0.003063955624892256
725,0.8860145513338723,0.8282942603071948,0.05772029102667753,0.6838341687829873,0.6583558538313563,0.025478314951630998,0.7702870978790489,0.772693906997609,-0.0024068091185600604
726,0.8907996560619088,0.7987102321582116,0.09208942390369723,0.6676139238801243,0.6421825424105498,0.025431381469574466,0.7647692348436486,0.7659485970155286,-0.0011793621718800829
727,0.8752012882447665,0.8238325281803542,0.05136876006441227,0.6508528980161198,0.6305328481825413,0.02032004983357849,0.7381746048010533,0.7452300222732531,-0.007055417472199732
728,0.904156064461408,0.8229007633587786,0.08125530110262935,0.6554830276727145,0.6289859119589705,0.026497115713744024,0.7522627911071144,0.7518029581397063,0.0004598329674080359
729,0.8684668989547039,0.8259581881533101,0.042508710801393734,0.6522908222898828,0.630491743453454,0.02179907883642873,0.7435576146436481,0.7464376753229212,-0.0028800606792730443
730,0.891832229580574,0.8302428256070641,0.06158940397350987,0.6724547674719139,0.6450323880793052,0.02742237939260872,0.7485877781038306,0.7459454345963461,0.0026423435074844903
731,0.9069767441860465,0.8456589147286822,0.0613178294573643,0.6500228707314238,0.6277717901471181,0.022251080584305694,0.741639438049873,0.7452982581293959,-0.0036588200795228953
732,0.9240506329113924,0.85625,0.06780063291139249,0.638221751478446,0.6135371362536203,0.02468461522482568,0.7382470390106295,0.7382928324676412,-4.579345701172244e-05
733,0.910174880763116,0.8281399046104928,0.08203497615262323,0.652160397774322,0.6272747557784768,0.024885641995845198,0.7585732808440097,0.7587969844662278,-0.0002237036222181299
734,0.8950874271440467,0.8144046627810159,0.08068276436303079,0.6610410946569961,0.6367576678549283,0.024283426802067853,0.7543291244710383,0.7573191002193569,-0.0029899757483186074
735,0.8976449275362319,0.8193840579710144,0.0782608695652175,0.6593033545564706,0.6335399013619935,0.02576345319447715,0.7535907338870317,0.7537923326724828,-0.0002015987854511181
736,0.9015625,0.8305468749999999,0.07101562500000014,0.6482789986297189,0.6226295463576449,0.025649452272074047,0.7496688625613994,0.7509944456593225,-0.0013255830979230776
737,0.8987968860580325,0.8539985845718331,0.044798301486199454,0.6429271797731961,0.6233738851467775,0.019553294626418638,0.7355899091140965,0.7420030101353915,-0.006413101021294998
738,0.9010494752623688,0.8280359820089955,0.07301349325337325,0.6546972340140604,0.6308123116027676,0.023884922411292808,0.7539663003927082,0.7533882555268796,0.0005780448658285753
739,0.8990683229813664,0.8372670807453415,0.0618012422360249,0.6618948444408131,0.6410736242960033,0.020821220144809804,0.7292338078673508,0.7293968560402129,-0.00016304817286205697
740,0.8900077459333849,0.8365608055770721,0.05344694035631281,0.6983774897092495,0.6787023615685979,0.019675128140651643,0.7882365276020935,0.793587135361159,-0.005350607759065484
741,0.8903374233128835,0.8391104294478527,0.05122699386503071,0.6452972449163246,0.62233653692228,0.022960707994044594,0.731320014168913,0.7356693106843533,-0.0043492965154402485
742,0.9036144578313253,0.8317269076305221,0.07188755020080317,0.6493636916143072,0.6264481640841827,0.02291552753012449,0.750876147739966,0.7527320422312785,-0.0018558944913125153
743,0.9078830823737821,0.8228520814880426,0.08503100088573956,0.6523618801107832,0.627771748522806,0.024590131587977182,0.7536024898901901,0.7539250443983451,-0.000322554508154993
744,0.9054054054054054,0.8209856915739268,0.08441971383147862,0.651155733070688,0.6281545220595348,0.023001211011153155,0.7654420139040226,0.766617127554116,-0.0011751136500934845
745,0.9161849710982659,0.8150289017341041,0.10115606936416177,0.648871138019203,0.6191525533667421,0.02971858465246091,0.7380883988024715,0.7358342536598736,0.0022541451425978076
746,0.9015212169735789,0.822497998398719,0.07902321857485994,0.6543257353042178,0.6291160231194812,0.025209712184736555,0.7520202146986621,0.7518119785453306,0.00020823615333154244
747,0.9179157744468237,0.8418272662384011,0.07608850820842261,0.6574187154163554,0.6317212638926536,0.025697451523701842,0.7475584860569273,0.7469380255467647,0.0006204605101626237
748,0.9038155802861685,0.8401430842607311,0.06367249602543734,0.6532044227026566,0.6313009125875524,0.021903510115104163,0.7351673653187968,0.73574052231566,-0.0005731569968632222
749,0.8957219251336899,0.8062388591800357,0.08948306595365418,0.6503726814541722,0.6209639113750537,0.029408770079118463,0.7365608898814867,0.7336973058750225,0.002863584006464248
750,0.8539249146757679,0.8271672354948805,0.02675767918088745,0.6825046303360847,0.6633492603984324,0.01915536993765221,0.7700387954488945,0.7758754409309259,-0.005836645482031333
751,0.8990053557765876,0.834123947972456,0.06488140780413154,0.6492217517490607,0.6258671818673245,0.02335456988173623,0.7234659608162538,0.7258332824185925,-0.0023673216023386567
752,0.9034381858083395,0.8474030724213606,0.05603511338697886,0.6492788232461193,0.6298518835614405,0.01942693968467879,0.7417816006524189,0.7461353926222974,-0.004353791969878507
753,0.88871096877502,0.8092073658927141,0.07950360288230585,0.6456033906603428,0.6203022519987219,0.02530113866162087,0.7287085146213319,0.7305317490485315,-0.0018232344271995604
754,0.8883610451306413,0.8359461599366588,0.05241488519398252,0.6593916738391856,0.6357678066286035,0.023623867210582072,0.7496891533335083,0.7526962162484889,-0.0030070629149806516
755,0.8682008368200836,0.8161785216178522,0.05202231520223144,0.6480834538448559,0.6209862284320289,0.027097225412826997,0.719986407705412,0.7215536948157429,-0.0015672871103309394
756,0.8905109489051095,0.8440875912408758,0.046423357664233666,0.655596802091687,0.6346184687360465,0.020978333355640477,0.753582900609933,0.7621562023444647,-0.008573301734531635
757,0.8897694524495677,0.849063400576369,0.040706051873198756,0.6607094538418957,0.6399148955183486,0.020794558323547152,0.7322220434191096,0.7344597749879275,-0.0022377315688179023
758,0.8837386018237082,0.811322188449848,0.07241641337386018,0.6580155407423935,0.6319568004116416,0.02605874033075195,0.7486771265653602,0.7519710119333765,-0.003293885368016225
759,0.9013062409288825,0.8301886792452831,0.0711175616835994,0.6681962738652258,0.6448570216958994,0.02333925216932642,0.7587019775876777,0.7595675425933341,-0.0008655650056564879
760,0.9174434087882823,0.8655792276964048,0.051864181091877515,0.6613464608676046,0.6400807874192233,0.021265673448381373,0.7445602026712786,0.7464674018785376,-0.0019071992072589028
761,0.893361581920904,0.8524717514124293,0.04088983050847472,0.6373597310299506,0.6188765212667569,0.01848320976319373,0.7159403669546508,0.7242533643555304,-0.008312997400879651
762,0.8761904761904762,0.8238775510204082,0.052312925170068025,0.6724704995845603,0.6492385702502665,0.023231929334293744,0.75877888349638,0.7614156229284499,-0.002636739432069879
763,0.8857729138166894,0.8399452804377565,0.04582763337893292,0.6276088449742748,0.60368087342318,0.02392797155109483,0.7034831588332254,0.7092729128498746,-0.005789754016649162
764,0.8897243107769424,0.8222222222222222,0.06750208855472017,0.6654747158681744,0.6411185970706563,0.02435611879751809,0.7557165792439122,0.7571938984461417,-0.0014773192022294879
765,0.9048050770625566,0.7926563916591114,0.11214868540344525,0.6836115981505863,0.6531488495011784,0.0304627486494079,0.7778271560279907,0.7759352065949718,0.0018919494330188469
766,0.9053468208092486,0.8434248554913294,0.06192196531791916,0.6494288633689212,0.6227618243988047,0.026667038970116574,0.7379684306559432,0.7381940077820361,-0.00022557712609294622
767,0.9421965317919075,0.8649876135425268,0.0772089182493807,0.6705354551718796,0.6467025641688425,0.023832891003037093,0.7616900654459543,0.7596009324446434,0.002089133001310861
768,0.8813688212927757,0.8236501901140685,0.057718631178707236,0.6735107577086591,0.6520219512220394,0.02148880648661966,0.7398766071946767,0.7442779160310831,-0.004401308836406326
769,0.902880658436214,0.8254320987654321,0.0774485596707819,0.6595062421398116,0.6322746343351942,0.02723160780461742,0.7339354663761307,0.7392514118132352,-0.005315945437104452
770,0.9103299856527977,0.854519368723099,0.055810616929698686,0.662851625622835,0.6387095028480158,0.024142122774819197,0.7286909155218321,0.7271441203010147,0.001546795220817354
771,0.9169034090909091,0.84609375,0.07080965909090908,0.6667313226500015,0.6410901460733197,0.025641176576681746,0.7674673601907762,0.7646831694482504,0.002784190742525783
772,0.9043545878693624,0.8341368584758942,0.07021772939346815,0.658989714664813,0.6345425968124634,0.024447117852349654,0.7328118388296049,0.7292021686998711,0.0036096701297337885
773,0.9200293470286134,0.8432868672046956,0.0767424798239178,0.6428903913882886,0.619080372216029,0.023810019172259667,0.7208688065171717,0.7194009913804784,0.0014678151366932513
774,0.936923076923077,0.8530769230769231,0.0838461538461539,0.6462457528372062,0.6213384714062675,0.024907281430938677,0.7410157949876929,0.739949357952286,0.0010664370354068753
775,0.9091603053435114,0.8369465648854962,0.07221374045801521,0.6494014578801535,0.6195563501314881,0.029845107748665334,0.7391361813825564,0.7381674413919908,0.0009687399905656813
776,0.8859878154917319,0.8161879895561359,0.06979982593559597,0.67842205376781,0.6569791819295328,0.0214428718382772,0.7700071499280872,0.7758191105505278,-0.005811960622440604
777,0.8911260253542133,0.8378076062639821,0.05331841909023116,0.6518757495553014,0.6293289187397939,0.022546830815507457,0.7397117054437801,0.7462991373008965,-0.00658743185711641
778,0.9325490196078431,0.8430588235294116,0.08949019607843145,0.6636773771278176,0.6377564525094335,0.025920924618384134,0.7762956492166498,0.7736376641663479,0.002657985050301903
779,0.9092409240924092,0.8444719471947195,0.06476897689768968,0.6543923139565223,0.6300778617985177,0.02431445215800465,0.7312991783473294,0.7323192933615943,-0.0010201150142649107
780,0.9310344827586207,0.8516457680250784,0.07938871473354225,0.6530565831530438,0.6288648944575111,0.024191688695532676,0.7552206166436338,0.7542693243297355,0.0009512923138983442
781,0.8905996758508914,0.8352512155591573,0.055348460291734125,0.660098656471039,0.6390136063909948,0.021085050080044243,0.7587756031277066,0.7614537765184335,-0.0026781733907268457
782,0.9101471727343144,0.8449264136328429,0.06522075910147151,0.6382643922132644,0.6150802586017334,0.023184133611530933,0.7097203845929979,0.7085585785536715,0.001161806039326363
783,0.8970588235294118,0.8490196078431372,0.04803921568627456,0.6794009653143805,0.6569694262383113,0.022431539076069207,0.7512473180293432,0.7535663738807008,-0.00231905585135761
784,0.9162995594713657,0.845741556534508,0.07055800293685766,0.6372678997308354,0.6160528117730067,0.02121508795782867,0.7364304095880141,0.7357609353055767,0.0006694742824373545
785,0.9112149532710281,0.8250778816199377,0.08613707165109041,0.6404189627765005,0.6135922511812073,0.02682671159529315,0.752385325627029,0.751895202201246,0.0004901234257830289
786,0.8826739427012278,0.8326739427012277,0.050000000000000044,0.6515608455786667,0.6269504504218782,0.024610395156788423,0.7354847195470411,0.7398378303053229,-0.00435311075828182
787,0.9193934557063048,0.8415003990422985,0.07789305666400637,0.6368644988876541,0.6131889915044849,0.023675507383169148,0.7104267567249489,0.7110315838574052,-0.0006048271324562426
788,0.9114103472714387,0.8396172927002127,0.07179305457122598,0.6494035949442392,0.6243672674286804,0.02503632751555873,0.7364241984257409,0.7332496540186924,0.003174544407048563
789,0.8933333333333333,0.8426666666666668,0.05066666666666653,0.6651796256595675,0.6425003386081003,0.022679287051467156,0.7301083031852064,0.7332271575411664,-0.0031188543559600435
790,0.8866425992779784,0.8384837545126353,0.048158844765343045,0.6471253615430803,0.622633957930753,0.024491403612327267,0.7117828217647193,0.711756819754459,2.6002010260262054e-05
791,0.9181197877179682,0.8635329795299469,0.05458680818802131,0.6770377786277925,0.6583409240699952,0.018696854557797238,0.7475752301003904,0.7489478688873408,-0.0013726387869503753
792,0.8979135618479881,0.8303278688524591,0.06758569299552897,0.6555125293206215,0.634077888383737,0.02143464093688452,0.7427616139847684,0.7457998458893561,-0.0030382319045877404
793,0.9229547259729944,0.8372517871326449,0.08570293884034952,0.651066362012151,0.6256302445061626,0.025436117505988398,0.7396528135241147,0.7391070131617475,0.000545800362367177
794,0.9076305220883534,0.835261044176707,0.07236947791164638,0.6587630818438784,0.636011536490855,0.022751545353023483,0.7503859228992453,0.7503427731092999,4.314978994546248e-05
795,0.8822170900692841,0.8161662817551963,0.06605080831408772,0.6580763086547331,0.6343437387305749,0.023732569924158176,0.7455053406379621,0.7488038441838466,-0.003298503545884457
796,0.8856209150326797,0.8066993464052288,0.07892156862745092,0.6607095821832013,0.6353471937251635,0.025362388458037843,0.7387584731911677,0.7414801093902926,-0.0027216361991249105
797,0.8888024883359253,0.8305598755832037,0.05824261275272169,0.6379647879888682,0.6140658101518212,0.023898977837047086,0.6875799054530531,0.6886400825283411,-0.001060177075287938
798,0.9205350118017309,0.8442958300550748,0.07623918174665612,0.6735897638647618,0.648508636276045,0.025081127588716723,0.7885505523462899,0.7869443336020046,0.0016062187442853482
799,0.9000853970964987,0.8149444918872758,0.0851409052092229,0.68602114436234,0.6611036867793532,0.0249174575829868,0.7933793599795964,0.7978158062898196,-0.004436446310223219
800,0.9078651685393259,0.8384269662921348,0.0694382022471911,0.6471748222810095,0.623756164337346,0.02341865794366349,0.7230275139053954,0.7259405830058114,-0.002913069100415999
801,0.9097502014504432,0.8520547945205481,0.057695406929895054,0.6625069473918875,0.6401056516553483,0.022401295736539262,0.7405729595876552,0.7402490740479807,0.000323885539674551
802,0.9145299145299145,0.8228205128205127,0.09170940170940178,0.6919870676116615,0.6661391464311828,0.02584792118047874,0.7877582062798149,0.7864606390704562,0.0012975672093586965
803,0.8927514792899408,0.8495562130177514,0.04319526627218939,0.6641095199648622,0.6433989860086029,0.020710533956259325,0.7493786663012585,0.7522361298664968,-0.002857463565238305
804,0.9084124830393487,0.8584124830393488,0.04999999999999993,0.6620444910754808,0.6417765362623596,0.02026795481312116,0.7373143202728185,0.7375394108590585,-0.00022509058623998435
805,0.884643644379133,0.8303453343130052,0.05429831006612784,0.6617920038612936,0.6405449784029943,0.021247025458299262,0.7530773499630912,0.7557813884375941,-0.0027040384745029566
806,0.9019174041297935,0.8491887905604718,0.05272861356932168,0.6442986432221356,0.6221921336199661,0.022106509602169533,0.7299799851002297,0.7337003528390669,-0.003720367738837216
807,0.8992562542258282,0.8427315753887763,0.05652467883705192,0.6394050952639727,0.6172497634334454,0.022155331830527314,0.7280983700558967,0.7283539445802915,-0.0002555745243947305
808,0.8810264385692068,0.8363919129082426,0.044634525660964264,0.6683395086015929,0.6479361542203109,0.020403354381281935,0.7565771391513908,0.7586393649876761,-0.0020622258362853474
809,0.8992193044712562,0.8547196593328602,0.04449964513839599,0.6478153132786393,0.6256015690202632,0.022213744258376078,0.7196744994908937,0.7211621590862882,-0.0014876595953945415
810,0.8594847775175644,0.7944574551131927,0.0650273224043717,0.6645578337474045,0.6379091057832292,0.02664872796417528,0.7469549596765711,0.7488302093539497,-0.001875249677378621
811,0.8908366533864542,0.8110756972111555,0.07976095617529877,0.656738888950234,0.6301993350394008,0.02653955391083318,0.7324126123581849,0.7312136961623676,0.0011989161958172456
812,0.9150726855394032,0.84123947972456,0.0738332058148432,0.654573093286569,0.6308742847068529,0.02369880857971607,0.7477253534781658,0.7467369188848472,0.0009884345933186545
813,0.919170243204578,0.8492846924177396,0.06988555078683834,0.6663896006451111,0.6418452374332966,0.024544363211814524,0.753021180415044,0.7486708083623569,0.004350372052687068
814,0.9322638146167558,0.8356506238859179,0.09661319073083785,0.6593940068162989,0.627499318746323,0.03189468806997586,0.7347267849170769,0.7299079389377929,0.004818845979283948
815,0.9436619718309859,0.8625517812758906,0.08111019055509527,0.661748036606649,0.6386901476080337,0.023057888998615383,0.7513954804671106,0.7507046531695648,0.0006908272975457708
816,0.9143536875495638,0.8377478191911181,0.07660586835844574,0.6659546488691875,0.6414096857993599,0.024544963069827674,0.7691446445972032,0.7683962967807075,0.0007483478164956869
817,0.8876755070202809,0.8297191887675508,0.057956318252730066,0.6688892794313905,0.647721948139963,0.02116733129142756,0.7540915203391806,0.7596300047997954,-0.005538484460614779
818,0.879543834640057,0.8461154668567357,0.03342836778332137,0.6742668345362376,0.6567826273253803,0.017484207210857305,0.7581857035998926,0.7636253129384488,-0.0054396093385562505
819,0.8893647394718058,0.8276231263383297,0.06174161313347615,0.6470943678901028,0.6245188907985807,0.022575477091522078,0.7396190075775944,0.7482811796039397,-0.008662172026345338
820,0.9240407204385278,0.8479248238057948,0.076115896632733,0.6518604398474405,0.6271128220838376,0.024747617763602903,0.7349744350126167,0.7343771974688259,0.0005972375437908184
821,0.8964497041420119,0.8366124260355029,0.05983727810650896,0.6846223915594789,0.6623050045915639,0.022317386967914965,0.7939231647095588,0.7941236793675616,-0.00020051465800274837
822,0.8975571315996848,0.8127659574468085,0.08479117415287629,0.6604454157342043,0.6343007537523131,0.02614466198189125,0.7579607045738364,0.7577568152305623,0.00020388934327408847
823,0.8817733990147784,0.8166666666666668,0.0651067323481116,0.6591268932868621,0.6350748552413974,0.02405203804546474,0.7459087071696103,0.7500975067449888,-0.004188799575378432
824,0.9071373752877974,0.8291634689178817,0.07797390636991564,0.6506116624109733,0.6253260827726446,0.02528557963832878,0.7238145076912137,0.7223785306500627,0.0014359770411509487
825,0.8901927912824812,0.8044425817267393,0.08575020955574186,0.6707937818540783,0.6456595130570745,0.025134268797003867,0.7439410094705406,0.7432638591838022,0.000677150286738426
826,0.9061538461538462,0.8436923076923077,0.06246153846153846,0.6633021101383468,0.6390998700147836,0.0242022401235632,0.7496754973743807,0.7504480459013512,-0.0007725485269705068
827,0.9022556390977443,0.8400751879699249,0.06218045112781945,0.6527825760346352,0.6283292744989049,0.024453301535730332,0.7340680756681383,0.7338674393266145,0.0002006363415237855
828,0.9057750759878419,0.8487841945288753,0.05699088145896658,0.6548887811451496,0.6330555806639693,0.021833200481180315,0.743029360890562,0.7466085029104536,-0.0035791420198915125
829,0.925752508361204,0.8679598662207357,0.05779264214046831,0.6378063408048037,0.6150481638102807,0.022758176994522983,0.7067596049631978,0.7072210280165787,-0.00046142305338092715
830,0.9008810572687225,0.8267988252569751,0.07408223201174735,0.6673552629670143,0.6411851899774372,0.026170072989577076,0.7329502895754603,0.7313158505618423,0.0016344390136179276
831,0.9033962264150943,0.8166792452830188,0.08671698113207549,0.6870150803728747,0.6629525920060514,0.024062488366823342,0.7865028455683089,0.7848977821940866,0.001605063374222282
832,0.8979591836734694,0.8312401883830456,0.0667189952904238,0.6633164518779019,0.6400758442187323,0.023240607659169576,0.7347503635722389,0.7361790492080796,-0.001428685635840754
833,0.8983833718244804,0.8270207852193995,0.07136258660508088,0.6506505199655963,0.6252105679115199,0.025439952054076453,0.7485500818635029,0.7515552949836997,-0.003005213120196748
834,0.8905750798722045,0.8120607028753992,0.0785143769968053,0.6635808437343221,0.634323643167437,0.02925720056688519,0.7331006972171042,0.7329480200550095,0.000152677162094772
835,0.9220411055988661,0.8574060949681078,0.06463501063075827,0.6460677580527359,0.6235071270295799,0.022560631023155975,0.7265619086683637,0.7251622102975986,0.0013996983707650346
836,0.9146341463414634,0.8459349593495935,0.06869918699186994,0.666755968696328,0.644334118847931,0.022421849848397013,0.760849977338785,0.7595951261018924,0.001254851236892618
837,0.897489539748954,0.840376569037657,0.05711297071129695,0.6703752732010807,0.6465557761986125,0.023819497002468215,0.7555491739437027,0.7574284850729496,-0.0018793111292468856
838,0.8870262390670554,0.8206268221574342,0.06639941690962115,0.6512619268375296,0.6271227320989943,0.02413919473853532,0.7375983462281971,0.7375426142879195,5.573194027763684e-05
839,0.892334194659776,0.8262704565030147,0.06606373815676136,0.6527464680952898,0.6310462123007836,0.021700255794506185,0.7485714995751223,0.7512929395255147,-0.0027214399503924236
840,0.9153976311336718,0.838155668358714,0.07724196277495776,0.663967804654918,0.641128177964751,0.022839626690167036,0.7740041798643655,0.7740252511746775,-2.107131031192644e-05
841,0.9061371841155235,0.8561010830324909,0.05003610108303258,0.6830699950647637,0.6643070821133807,0.018762912951382993,0.7707755907174918,0.7724084856180902,-0.0016328949005983695
842,0.9102189781021898,0.8464233576642336,0.06379562043795617,0.6494200845048538,0.6275293575124085,0.02189072699244532,0.7259824567895443,0.7230703356686631,0.002912121120881239
843,0.9426369863013698,0.8575342465753424,0.08510273972602744,0.6398880676269008,0.6158507216393827,0.024037345987518055,0.7333288801519541,0.7309087057682525,0.0024201743837015677
844,0.9158415841584159,0.8666902404526166,0.04915134370579932,0.6499599546778702,0.6308297002570721,0.019130254420798076,0.7212137586241671,0.7266233960802098,-0.005409637456042615
845,0.9234303215926493,0.8611791730474732,0.062251148545176105,0.6646082948261661,0.6408905169925674,0.02371777783359874,0.7572313459192594,0.7586040334163501,-0.00137268749709063
846,0.9087237479806138,0.8165589660743133,0.09216478190630051,0.6523574864478349,0.6256149095517431,0.02674257689609172,0.7354878268055031,0.7340854782214877,0.0014023485840153338
847,0.8913764510779436,0.8038142620232172,0.08756218905472646,0.6572467844524851,0.6286606074077475,0.028586177044737537,0.7622136491057914,0.7609098070571656,0.0013038420486257696
848,0.8889728096676737,0.8302114803625378,0.05876132930513589,0.6632390921459286,0.6414541403978784,0.021784951748050174,0.7532962207357212,0.7571288570886635,-0.003832636352942287
849,0.9049657534246576,0.8225171232876711,0.08244863013698644,0.6614571646339173,0.6372602600317419,0.024196904602175495,0.7619924274072993,0.7637124912531963,-0.0017200638458969575
850,0.9049773755656109,0.8144042232277526,0.09057315233785823,0.6597022996781634,0.6325396648443042,0.027162634833859167,0.7515479142178143,0.7504476597514815,0.001100254466332773
851,0.9138911454102355,0.827051177904143,0.08683996750609257,0.6545102103004564,0.6295926451953775,0.02491756510507892,0.7517939805880919,0.7499457102718432,0.001848270316248679
852,0.8944723618090452,0.8328068916008615,0.06166547020818369,0.6407624990436848,0.6151342014946258,0.02562829754905893,0.7216350004201589,0.7231231794778952,-0.0014881790577362386
853,0.8991964937910883,0.8394448502556611,0.05975164353542728,0.6632464034272927,0.6424342032165793,0.020812200210713394,0.7486359672789995,0.7511940026875089,-0.002558035408509407
854,0.8811059907834101,0.7993548387096775,0.08175115207373262,0.639117632145386,0.6115627779153066,0.027554854230079417,0.732136638019053,0.7326586367657056,-0.0005219987466525966
855,0.90648988136776,0.8449406838799721,0.061549197487787866,0.6665861044149298,0.6437369106311789,0.022849193783750943,0.7344581510156453,0.7332747427855321,0.0011834082301132032
856,0.8839427662957074,0.827027027027027,0.05691573926868043,0.6617519524201206,0.636918937375197,0.024833015044923634,0.7495522104670308,0.7535550379676186,-0.00400282750058778
857,0.9108225108225109,0.8200865800865801,0.09073593073593078,0.6485211570293483,0.6227819887947798,0.025739168234568566,0.725456744424623,0.7228223510720689,0.0026343933525541097
858,0.9123750960799385,0.857033051498847,0.05534204458109149,0.6496320240140503,0.6286109017690255,0.021021122245024837,0.7501104106359121,0.7500366679332335,7.374270267856975e-05
859,0.8993344425956739,0.8243760399334443,0.07495840266222953,0.6605981032633755,0.6346306030495684,0.025967500213807115,0.7413645805862187,0.7412214252747727,0.00014315531144593052
860,0.9178994082840237,0.8546597633136095,0.06323964497041423,0.6535186630122489,0.6328388475839096,0.0206798154283393,0.745539956661184,0.7460844618429648,-0.0005445051817808411
861,0.8972602739726028,0.8262842465753424,0.07097602739726039,0.6519542160053099,0.6281312330615149,0.023822982943795035,0.7428164631593821,0.7436583481051309,-0.000841884945748772
862,0.9250191277735271,0.8552410099464423,0.06977811782708487,0.6550326192543512,0.6308697698817998,0.02416284937255142,0.7404556627910615,0.7379030981810564,0.0025525646100050814
863,0.9138755980861244,0.8587719298245615,0.05510366826156288,0.646327483921649,0.6246890704297445,0.02163841349190443,0.7293272401547448,0.730421820084963,-0.0010945799302182202
864,0.8888888888888888,0.826379440665155,0.06250944822373383,0.6573500111920286,0.635400812401705,0.021949198790323643,0.7633307806710266,0.7681355196282356,-0.004804738957209009
865,0.919047619047619,0.8575396825396826,0.0615079365079364,0.6347441959164669,0.6120352478669011,0.022708948049565802,0.7096442390030433,0.711097861989249,-0.0014536229862056604
866,0.9121621621621622,0.820608108108108,0.09155405405405415,0.6681243233754527,0.6415171043854337,0.026607218990018944,0.7618887288815307,0.7592451910968518,0.002643537784678851
867,0.8989113530326595,0.8624416796267497,0.036469673405909786,0.6788480103003574,0.6609781175134138,0.01786989278694351,0.754763907013469,0.7570371051827667,-0.002273198169297719
868,0.9226277372262773,0.8426277372262774,0.07999999999999996,0.655687038946874,0.6282134093814621,0.027473629565411883,0.7357009248758425,0.73225146409557,0.0034494607802725286
869,0.9310861423220974,0.8588014981273409,0.07228464419475655,0.6767615662034931,0.6583063465288398,0.018455219674653356,0.7649446476113515,0.7655754481015851,-0.0006308004902335629
870,0.9007692307692308,0.8227692307692307,0.07800000000000007,0.6558707831256357,0.6297361241650351,0.026134658960600632,0.7291300808640692,0.7288310750221687,0.0002990058419004571
871,0.9242072699149265,0.8589327146171695,0.06527455529775705,0.6387217673857541,0.6121718824036856,0.02654988498206856,0.7035754097367052,0.7032290662747109,0.00034634346199424737
872,0.9097444089456869,0.8350638977635784,0.0746805111821085,0.6646472159097564,0.6414082673750745,0.02323894853468189,0.7567831985177444,0.7570934327567006,-0.000310234238956153
873,0.9035019455252918,0.8448249027237352,0.05867704280155661,0.6621639071956447,0.6371434696509165,0.025020437544728158,0.7536952390896041,0.7579136173173115,-0.004218378227707431
874,0.8848708487084871,0.8237638376383764,0.06110701107011074,0.6726418177031878,0.6509442957237755,0.021697521979412215,0.7557950241499923,0.7575713526060468,-0.0017763284560544657
875,0.8699127906976745,0.8070494186046512,0.06286337209302328,0.6513146600454628,0.6254746653660834,0.025839994679379363,0.7220796136904962,0.7249751648220006,-0.0028955511315044147
876,0.906957928802589,0.8380258899676376,0.06893203883495136,0.6616426122117576,0.6350720019525268,0.026570610259230798,0.7349365444437024,0.7332509790667504,0.0016855653769519696
877,0.8962655601659751,0.8614799446749656,0.03478561549100956,0.6571117513465868,0.6359037442126302,0.021208007133956652,0.7145387956914394,0.7163139731136191,-0.0017751774221796968
878,0.8791208791208791,0.8438095238095238,0.03531135531135532,0.6324585628321321,0.6123580529796799,0.020100509852452153,0.7102124703743297,0.7161717188918768,-0.005959248517547144
879,0.874820143884892,0.8366906474820144,0.03812949640287766,0.6339613590877484,0.6095638973591765,0.024397461728571934,0.697644973090279,0.7029298906823214,-0.005284917592042415
880,0.9078066914498141,0.8459479553903344,0.06185873605947967,0.6684332564618385,0.648502436360669,0.019930820101169533,0.7791735843162411,0.778994530303941,0.0001790540123001172
881,0.9037656903765691,0.8307949790794978,0.07297071129707122,0.6800418907676888,0.6597750902601136,0.020266800507575233,0.7712831555838223,0.7745786364017523,-0.0032954808179299633
882,0.9149291075896581,0.857047539616347,0.05788156797331101,0.6643246138199956,0.642403381338904,0.02192123248109168,0.7564666737329462,0.7558771011672809,0.000589572565665275
883,0.9054545454545454,0.8554181818181817,0.05003636363636366,0.6321947527950271,0.6101947744412951,0.02199997835373202,0.6972812156355936,0.6991016926549579,-0.001820477019364275
884,0.8843587842846553,0.8388435878428465,0.04551519644180879,0.6671715783093187,0.6455894605875103,0.021582117721808403,0.7620785919568023,0.769929562698848,-0.00785097074204577
885,0.9191564147627417,0.84103690685413,0.07811950790861166,0.6672186545598059,0.6439981861810613,0.023220468378744585,0.7654616672517623,0.7635474036318508,0.0019142636199115382
886,0.9116945107398569,0.8444709626093874,0.06722354813046949,0.6504544376637817,0.6269311746850977,0.023523262978684012,0.722733583155608,0.7214349165988485,0.0012986665567594757
887,0.9128440366972477,0.8241284403669725,0.08871559633027515,0.641543141366031,0.6141213248145028,0.0274218165515282,0.7294330748741361,0.7298751165071481,-0.0004420416330119803
888,0.898236092265943,0.8592944369063773,0.03894165535956573,0.6682240896547781,0.6496610663555744,0.018563023299203674,0.7602494414361892,0.7634130703862821,-0.0031636289500929227
889,0.8927173061863743,0.8119028974158183,0.08081440877055601,0.6779154305101166,0.653118552335748,0.024796878174368597,0.7726479766241044,0.7744191840799083,-0.001771207455803836
890,0.9131493506493507,0.8417207792207793,0.0714285714285714,0.6607794698641283,0.6351776656521354,0.025601804211992873,0.7641620258182151,0.7644524099036493,-0.00029038408543413663
891,0.8755118755118755,0.8244881244881246,0.051023751023750896,0.6788147608391367,0.6544191819204238,0.024395578918712912,0.7771129224104686,0.7810610576052504,-0.0039481351947817656
892,0.8954996186117468,0.8382913806254766,0.05720823798627017,0.6511203257959554,0.6277490660926879,0.023371259703267477,0.7341635181710253,0.7409000409330224,-0.006736522761997099
893,0.922660479505027,0.8599381283836041,0.06272235112142299,0.6480307378222349,0.626432968365513,0.02159776945672187,0.7351478096088798,0.7363393372881968,-0.0011915276793169616
894,0.9130100076982294,0.8361816782140108,0.07682832948421858,0.6607511430731773,0.6364722131258022,0.024278929947375127,0.7436140093885271,0.7405670450704231,0.0030469643181039174
895,0.9059259259259259,0.8254074074074074,0.08051851851851854,0.6768842616427513,0.6512827722553409,0.02560148938741036,0.755012450232502,0.7527664570460371,0.0022459931864649008
896,0.9244288224956063,0.858787346221441,0.06564147627416528,0.6426334136783716,0.6212957020393117,0.021337711639059842,0.736125040867015,0.7374367685515966,-0.0013117276845815429
897,0.8775510204081632,0.8439127375087965,0.03363828289936677,0.6370290606077085,0.6163412289541566,0.020687831653551925,0.7207322428187111,0.7269497747862385,-0.00621753196752739
898,0.9,0.82896,0.07103999999999999,0.6632949559394922,0.6364387438283566,0.026856212111135536,0.7635333709597596,0.7628716472226287,0.0006617237371309148
899,0.8928571428571429,0.8382936507936508,0.05456349206349209,0.6535896234194445,0.6264438981723693,0.027145725247075148,0.7250501787468165,0.7227174409039016,0.002332737842914989
900,0.8804809052333805,0.8306223479490805,0.0498585572843,0.6536957394683641,0.6324378048096752,0.02125793465868897,0.7356067126142517,0.7414729697099555,-0.005866257095703764
901,0.8877968877968878,0.8149058149058149,0.07289107289107288,0.6933418398904035,0.6698158136756717,0.023526026214731877,0.7928580243685744,0.7965372386870151,-0.003679214318440649
902,0.8864,0.84024,0.04615999999999998,0.6549095921200494,0.6322152965363264,0.022694295583723045,0.7489476668896933,0.7511488515159339,-0.0022011846262406376
903,0.9016641452344932,0.8297276853252645,0.0719364599092287,0.6390015371041098,0.6120639572656278,0.026937579838481995,0.7321724454854889,0.7331853900005652,-0.001012944515076275
904,0.8907875185735513,0.8354383358098068,0.055349182763744564,0.6579069586161302,0.6321792372208888,0.025727721395241487,0.7424974338534992,0.7401332221342427,0.0023642117192564926
905,0.8874488403819918,0.8395634379263301,0.04788540245566164,0.6640254270204059,0.6425483051226317,0.021477121897774176,0.7390941763259434,0.7457044961724936,-0.006610319846550139
906,0.8845029239766082,0.8261695906432747,0.05833333333333357,0.6587362623676559,0.6374208740370808,0.021315388330575114,0.7387962196884112,0.7445950823428945,-0.005798862654483261
907,0.8902691511387164,0.8435472739820564,0.046721877156659986,0.6725588640877181,0.6530718466162816,0.019487017471436552,0.7532334818739801,0.7557689673499134,-0.0025354854759332968
908,0.9024793388429752,0.8202479338842975,0.08223140495867765,0.6559293156207257,0.6287661375956539,0.027163178025071733,0.7410618253784707,0.7415364309574952,-0.00047460557902456735
909,0.8856259659969088,0.85,0.035625965996908815,0.6616439781148992,0.6443963807209531,0.0172475973939461,0.7553638403301598,0.7645424791900962,-0.009178638859936417
910,0.8908629441624365,0.8278341793570221,0.06302876480541442,0.6701490271293383,0.648462076757086,0.021686950372252323,0.7480670012589898,0.7505344555222115,-0.0024674542632217022
911,0.8990559186637618,0.8437182280319535,0.05533769063180827,0.6596609319042649,0.6394727428542517,0.020188189050013183,0.7371632593593649,0.7417048227710732,-0.004541563411708305
912,0.8711839166046166,0.8306775874906925,0.040506329113924044,0.6727224767455453,0.6515351663276449,0.02118731041790045,0.751752551472377,0.7573312347003917,-0.005578683228014691
913,0.8834258524980174,0.8169706582077716,0.06645519429024582,0.6613223694701335,0.6397325177639558,0.021589851706177665,0.7534736377749676,0.7555058506161253,-0.0020322128411577323
914,0.9217958001448225,0.8567704561911658,0.06502534395365678,0.64352527123246,0.6203054612560223,0.02321980997643769,0.7226973583998809,0.7214906115968344,0.0012067468030465545
915,0.9167987321711569,0.8502377179080824,0.06656101426307448,0.6640723924316992,0.6430719496173399,0.02100044281435931,0.7602537888010706,0.7605305921110214,-0.0002768033099507239
916,0.8599397590361446,0.8162650602409638,0.04367469879518082,0.6650643629252475,0.6429422384638089,0.022122124461438575,0.7359735841494268,0.740599887794549,-0.004626303645122176
917,0.9145569620253164,0.8420094936708861,0.07254746835443038,0.6733841893990952,0.6475426263008925,0.025841563098202625,0.7576600364885985,0.7575326882836826,0.00012734820491588916
918,0.8865248226950354,0.8413281753707287,0.04519664732430673,0.6516848282326715,0.627569371195029,0.024115457037642507,0.7168850197577696,0.7221170512833608,-0.005232031525591152
919,0.9104859335038363,0.8261722080136401,0.08431372549019622,0.654874844032026,0.6293039418649891,0.025570902167036946,0.7459275584925685,0.7493118250454486,-0.003384266552880044
920,0.891914191419142,0.8104785478547856,0.0814356435643564,0.6565832566456066,0.630025592833258,0.026557663812348586,0.7626873512975976,0.7629667062028858,-0.0002793549052881872
921,0.8946528332003192,0.826975259377494,0.06767757382282513,0.6507050317867434,0.6286292148140096,0.022075816972733864,0.7369647495649388,0.7427773850123548,-0.005812635447415948
922,0.915671117357695,0.8508081517919888,0.06486296556570625,0.6497197936399058,0.6279575211529911,0.021762272486914758,0.733864871277962,0.7321274098034822,0.001737461474479729
923,0.8937759336099586,0.8266390041493775,0.06713692946058103,0.6658192548800765,0.6419146848450681,0.023904570035008454,0.7495164189656078,0.7487502439138722,0.0007661750517355959
924,0.88855193328279,0.818347232752085,0.07020470053070504,0.6624108829311448,0.6360488973060952,0.026361985625049655,0.7441761548078147,0.7464629905456299,-0.002286835737815185
925,0.8923198733174981,0.8229612034837688,0.06935866983372929,0.6915454316344735,0.6689913401171808,0.022554091517292707,0.7778615760727885,0.7785884373708403,-0.000726861298051773
926,0.8849337748344371,0.8402317880794701,0.04470198675496706,0.6741383572242275,0.6545774738476677,0.019560883376559812,0.7739909912801046,0.7782737549045227,-0.00428276362441804
927,0.900593471810089,0.8261127596439171,0.07448071216617191,0.6820389310973998,0.6561685996685274,0.025870331428872406,0.7661184697251903,0.7647976515804877,0.0013208181447025291
928,0.911993769470405,0.8473520249221185,0.06464174454828653,0.6679364361453133,0.646883869704445,0.02105256644086828,0.7700530280769173,0.7735275499159242,-0.003474521839006872
929,0.8977812995245642,0.8217115689381934,0.07606973058637079,0.6451290015138362,0.6198406949690819,0.025288306544754335,0.7532050017113315,0.7526558618762302,0.0005491398351012977
930,0.901880621422731,0.8310711365494685,0.07080948487326244,0.6526236724840363,0.6284086566194546,0.024215015864581746,0.7416159897559985,0.7411811944679492,0.00043479528804934997
931,0.901909150757077,0.8413429888084266,0.06056616194865039,0.6814121204320206,0.6579204144324322,0.023491705999588386,0.7659363249984142,0.7641923714594241,0.0017439535389901506
932,0.9255079006772009,0.8542513167795335,0.07125658389766742,0.6539677200813965,0.6308296126332633,0.02313810744813316,0.7479044771546952,0.7512260588894518,-0.003321581734756607
933,0.8888054094665665,0.819534184823441,0.06927122464312552,0.6763691778822852,0.6526137633882683,0.02375541449401697,0.7626418669460461,0.7632541401400254,-0.0006122731939792736
934,0.8968678380443086,0.8274255156608099,0.06944232238349868,0.6648851906329978,0.6409264892435962,0.023958701389401593,0.7592968946483513,0.7592974272242311,-5.32575879841346e-07
935,0.9193682460515378,0.8358270989193682,0.08354114713216954,0.6491795638286152,0.6262914036995966,0.02288816012901862,0.749422420197436,0.7508685745190228,-0.00144615432158679
936,0.8858350951374208,0.8587737843551798,0.027061310782240944,0.6876339290760082,0.6708727313361107,0.016761197739897482,0.777860331122826,0.7827147976179942,-0.004854466495168186
937,0.8863473909935669,0.8370979270907792,0.049249463902787616,0.6817528609302083,0.6601964829067943,0.021556378023413925,0.7438093115756882,0.7424967558137097,0.0013125557619785289
938,0.9018492176386913,0.8483641536273115,0.05348506401137976,0.6584429858849297,0.6353935821044668,0.02304940378046283,0.7290408692312272,0.7287961043385571,0.0002447648926701129
939,0.9226289517470881,0.8495008319467553,0.07312811980033285,0.6645451772073822,0.6433913222311121,0.021153854976270092,0.7485013874645057,0.7474786205848731,0.0010227668796325418
940,0.8968997837058399,0.843042537851478,0.05385724585436191,0.6526011937418703,0.6289627999101077,0.023638393831762583,0.7339166503389231,0.7366497709014587,-0.002733120562535607
941,0.8982332155477032,0.8575265017667844,0.040706713780918835,0.6885151914423677,0.6692759152643154,0.019239276178052322,0.7786080061885504,0.7802094759814627,-0.0016014697929123134
942,0.8711554447215295,0.8077306733167081,0.06342477140482139,0.6594008476311833,0.6362230135734561,0.02317783405772722,0.7599829770965546,0.763712122613082,-0.0037291455165273657
943,0.8491027732463295,0.7911908646003263,0.05791190864600326,0.671311373370741,0.6424839059181187,0.028827467452622324,0.7659370080320131,0.7659678503596632,-3.084232765004913e-05
944,0.8977455716586151,0.8273752012882447,0.07037037037037042,0.6546961175259138,0.629786774595762,0.02490934293015179,0.7305109595000151,0.7303349102202663,0.00017604927974879114
945,0.8924137931034483,0.8472413793103449,0.04517241379310333,0.6797034640095236,0.6596766462257352,0.020026817783788453,0.7637819327553262,0.7689268534534527,-0.005144920698126443
946,0.8995951417004049,0.8189473684210526,0.08064777327935224,0.6598909719403416,0.6354072919169784,0.024483680023363208,0.7591397396885304,0.7596713918472652,-0.0005316521587347411
947,0.9149797570850202,0.8480161943319839,0.06696356275303628,0.664889969163494,0.6452823512855411,0.019607617877952843,0.7679751863668907,0.772272413242187,-0.004297226875296323
948,0.8807692307692307,0.8252307692307692,0.05553846153846154,0.6753555713801266,0.6533221829978528,0.022033388382273755,0.7608203181633372,0.7631609526526918,-0.0023406344893546205
949,0.9167429094236048,0.8334858188472095,0.0832570905763953,0.656989692364078,0.6335550763490779,0.023434616015000076,0.7528851682544646,0.7561729715395662,-0.003287803285101587
950,0.8781911013858498,0.824507658643326,0.05368344274252379,0.6586963941942551,0.6357956431775175,0.02290075101673761,0.7410158747088487,0.7465353092753035,-0.005519434566454873
951,0.9094138543516874,0.8211367673179396,0.08827708703374781,0.6437960650032312,0.6194741669647228,0.02432189803850837,0.7270236072883172,0.7273082029906426,-0.00028459570232541864
952,0.9093567251461988,0.8308479532163743,0.07850877192982453,0.6546751770001608,0.6274391163549936,0.02723606064516715,0.7317992710540805,0.7314366999278944,0.00036257112618609533
953,0.9298496778811739,0.8679312813171082,0.061918396564065725,0.6597258859454449,0.6366617576175138,0.023064128327931144,0.7324323790724028,0.7332017790658265,-0.0007693999934237361
954,0.9176672384219554,0.845368782161235,0.0722984562607204,0.6622685356452765,0.6381157192157457,0.02415281642953082,0.7495673397253052,0.7456607607318035,0.003906578993501664
955,0.8928296067848882,0.8350809560524286,0.057748650732459605,0.6699221248730628,0.6472030852910314,0.022719039582031364,0.7540293521899808,0.7538879031975236,0.00014144899245716047
956,0.8948116560056859,0.8353944562899788,0.059417199715707136,0.6774087826582119,0.6561848117322185,0.021223970925993374,0.7637552974432114,0.7645490442196534,-0.0007937467764420614
957,0.8849557522123894,0.8312148028962187,0.05374094931617068,0.6567043631966821,0.6321270048079737,0.024577358388708448,0.738795929569342,0.7432348388519185,-0.004438909282576509
958,0.9069423929098966,0.8314623338257017,0.07548005908419497,0.6544734062841122,0.6271014395329076,0.02737196675120457,0.7333685574134153,0.7312361198591245,0.0021324375542908225
959,0.8993288590604027,0.8334824757643549,0.06584638329604786,0.6817307444677839,0.6560194561286968,0.02571128833908709,0.7840482060334604,0.7811967610971176,0.0028514449363428174
960,0.9109535066981875,0.852561071710008,0.05839243498817959,0.6514273145260423,0.6284437930685136,0.02298352145752869,0.7306334733696178,0.729494070611026,0.001139402758591812
961,0.8989547038327527,0.8408362369337979,0.058118466898954724,0.6297562047140217,0.6056602595378215,0.024095945176200173,0.6938780297284327,0.6972238811835211,-0.0033458514550883667
962,0.9229007633587786,0.8404580152671756,0.08244274809160301,0.624252366199296,0.5997498299167429,0.024502536282553167,0.7132931583813141,0.7121134888832489,0.00117966949806525
963,0.8937125748502994,0.8263473053892214,0.06736526946107801,0.658273282676799,0.6341812276780642,0.02409205499873479,0.7446652719807252,0.7468890991348349,-0.0022238271541097365
964,0.9102040816326531,0.8201632653061225,0.0900408163265306,0.6641101262898562,0.6388588187228403,0.02525130756701588,0.763568370553777,0.7635549507850498,1.3419768727263026e-05
965,0.9087947882736156,0.8267100977198698,0.08208469055374579,0.6554920399797005,0.6322752960201174,0.023216743959583064,0.7382555132394325,0.7397881112863413,-0.0015325980469087508
966,0.8747203579418344,0.8126025354213272,0.06211782252050724,0.6877231385444528,0.6668110768461746,0.020912061698278195,0.7663651164200508,0.7731017243677668,-0.006736607947716022
967,0.9021739130434783,0.8299689440993788,0.07220496894409945,0.6545745280539212,0.6299199788444991,0.024654549209422116,0.7587394311196382,0.7596602184223076,-0.0009207873026694235
968,0.9155844155844156,0.8492784992784992,0.06630591630591642,0.6449592690975935,0.622142817311626,0.022816451785967473,0.7441755426358596,0.7459248984913257,-0.0017493558554660948
969,0.8960739030023095,0.8446497305619708,0.0514241724403387,0.6554707613428654,0.6329093287463806,0.0225614325964848,0.740237757975929,0.7421540320220481,-0.0019162740461191596
970,0.8925490196078432,0.8355294117647057,0.05701960784313742,0.6521208015160526,0.6303424663769663,0.021778335139086225,0.7435137338145764,0.7461704347752465,-0.0026567009606700553
971,0.8973509933774835,0.8334437086092714,0.06390728476821206,0.659863649716626,0.6348494411387143,0.0250142085779117,0.7520618814610202,0.7498213061037253,0.0022405753572948273
972,0.927536231884058,0.8533180778032037,0.0742181540808543,0.6362359835888326,0.61129669313123,0.02493929045760257,0.7156010508740047,0.7127124081893339,0.002888642684670817
973,0.8975240715268226,0.852888583218707,0.04463548830811559,0.6558742443798421,0.6324610974974603,0.02341314688238183,0.7334763722026071,0.7354852175342381,-0.0020088453316310373
974,0.925314465408805,0.8518867924528303,0.07342767295597474,0.6387741124346701,0.6162651973949892,0.022508915039680888,0.7130316541495656,0.7154269133386879,-0.002395259189122312
975,0.9087921117502055,0.8285127362366476,0.0802793755135579,0.6707552080194712,0.6435413080167665,0.02721390000270474,0.7728745603992945,0.7713926061613241,0.0014819542379703732
976,0.8985294117647059,0.8245588235294118,0.07397058823529412,0.6597104519061615,0.6358722585129202,0.023838193393241336,0.7594513066536692,0.7612545362896697,-0.0018032296360004363
977,0.9130808950086059,0.8571428571428571,0.0559380378657488,0.6651928023227847,0.6465085421680568,0.018684260154727905,0.7553702464801685,0.7579556143729239,-0.0025853678927554302
978,0.892542101042502,0.8390537289494787,0.05348837209302326,0.6654027079651071,0.6451270977301182,0.020275610234988917,0.752410764013231,0.7540922425455266,-0.0016814785322956105
979,0.8879248011569053,0.833405639913232,0.054519161243673286,0.6457960755742584,0.6225320425663583,0.023264033007900142,0.7081764341141377,0.7081861808905594,-9.74677642173738e-06
980,0.9209896249002394,0.8439744612928971,0.07701516360734229,0.6628778451498026,0.6378543282307987,0.025023516919003952,0.7482554623721325,0.746465330439398,0.0017901319327344734
981,0.8938461538461538,0.8400000000000001,0.053846153846153766,0.6854390131493696,0.6663775921618573,0.01906142098751229,0.7816567541362123,0.7862230805798104,-0.004566326443598112
982,0.9088921282798834,0.8396501457725947,0.06924198250728875,0.6719114022181146,0.6496916193458697,0.02221978287224491,0.7697471008061191,0.7710394530024696,-0.001292352196350488
983,0.917955615332885,0.8616677874915938,0.05628782784129127,0.6565607537311452,0.6338512489839975,0.022709504747147724,0.7491568757330246,0.7519119931468885,-0.0027551174138639167
984,0.8937844217151849,0.833831628638867,0.059952793076317956,0.6695047795467358,0.647787829854803,0.02171694969193283,0.7517851488724587,0.7514812848784028,0.00030386399405590847
985,0.9033557046979865,0.8377852348993289,0.06557046979865766,0.6470298042103036,0.6223322193784738,0.024697584831829822,0.7326389591082574,0.7357720940717049,-0.0031331349634474703
986,0.9265017667844523,0.8614840989399294,0.0650176678445229,0.6502209133372495,0.6276673848645546,0.022553528472694873,0.7539046386842059,0.7561137227888319,-0.002209084104626058
987,0.8847671665351223,0.8222573007103394,0.0625098658247829,0.6533081334088704,0.6314706206224964,0.021837512786374025,0.7316839577837421,0.7322001527576908,-0.0005161949739487248
988,0.9076803723816912,0.8437548487199379,0.0639255236617533,0.6673565664553062,0.6454442392802184,0.02191232717508773,0.7446393392358875,0.7459919507901315,-0.001352611554243932
989,0.9096525096525097,0.8406949806949807,0.06895752895752894,0.6757008267438059,0.6529552578098787,0.022745568933927207,0.7694476022082929,0.7711261272310859,-0.001678525022792976
990,0.9001468428781204,0.8407488986784142,0.05939794419970623,0.6713979270040014,0.6495948054775257,0.021803121526475677,0.750268540954274,0.7512359286716462,-0.0009673877173722589
991,0.9179655455291222,0.8392124692370795,0.07875307629204276,0.663579691384904,0.6394764176601989,0.02410327372470511,0.7539662512351207,0.7512069442415233,0.002759306993597388
992,0.9210320562939797,0.8448788115715404,0.07615324472243923,0.6549194085135345,0.6318583842966349,0.023061024216899595,0.7491950307923038,0.7472064865821567,0.0019885442101470474
993,0.8977941176470589,0.860735294117647,0.03705882352941181,0.6583888050341119,0.6397626909103946,0.018626114123717286,0.7431978181453123,0.7431789004093312,1.8917735981061057e-05
994,0.9112471308339709,0.8314460596786535,0.07980107115531743,0.665204383732907,0.6383660535984108,0.026838330134496213,0.7568683139068827,0.7570130667191167,-0.00014475281223402803
995,0.9059967585089141,0.8487844408427877,0.057212317666126444,0.6485182441868181,0.6244987859273475,0.024019458259470605,0.7322140072356472,0.7305441188188293,0.0016698884168179218
996,0.8977002379064235,0.8363203806502775,0.06137985725614603,0.6673871003373457,0.6462937513599227,0.021093348977422988,0.755413039577978,0.7558739414155652,-0.00046090183758717984
997,0.8984438984438985,0.8304668304668305,0.06797706797706804,0.654227821901736,0.6299086303559578,0.024319191545778218,0.7409060889520511,0.7407757088337477,0.00013038011830346363
998,0.9035004730368968,0.8218543046357617,0.08164616840113514,0.6747898295910415,0.6495253652820893,0.02526446430895224,0.766573899094055,0.7655523244648346,0.0010215746292204786
999,0.9020657995409335,0.8480489671002294,0.0540168324407041,0.6468524864313601,0.6269652479938507,0.01988723843750939,0.7143069026516407,0.7205960643184264,-0.006289161666785725
1000,0.8722592945662536,0.8094375595805529,0.06282173498570076,0.6678658888739546,0.6453444929855059,0.022521395888448703,0.7556021493332714,0.7581902277382521,-0.0025880784049806538
1001,0.9354005167958657,0.8445305770887167,0.09086993970714896,0.6604826438858555,0.6359282040287763,0.02455443985707928,0.7545407560601743,0.7523403670072892,0.00220038905288511
1002,0.8854237288135594,0.8538983050847457,0.03152542372881362,0.6680714992604225,0.6501650576282615,0.01790644163216104,0.7507153552948737,0.7566905788899441,-0.005975223595070411
1003,0.923013923013923,0.8531531531531531,0.06986076986076994,0.6442418183295977,0.620917512823808,0.023324305505789678,0.7355980938181776,0.7346638162247536,0.0009342775934240155
1004,0.9003861003861003,0.8326640926640927,0.06772200772200765,0.6790856911579124,0.6568592001548497,0.02222649100306273,0.7838612680932097,0.7861658296487073,-0.0023045615554976306
1005,0.895741556534508,0.8259911894273128,0.06975036710719529,0.6477246511721827,0.624475729573596,0.023248921598586714,0.7400211718301516,0.7414141617533885,-0.001392989923236887
1006,0.9065800162469537,0.8232331437855402,0.08334687246141348,0.6585383687522032,0.632449364165864,0.026089004586339226,0.73376331772151,0.7319417201711423,0.001821597550367704
1007,0.8936341659951652,0.8078968573730861,0.08573730862207907,0.6547391839835219,0.6304622992149622,0.024276884768559714,0.7433240632570982,0.7439714919956437,-0.000647428738545508
1008,0.9092382495948136,0.8564019448946516,0.052836304700161985,0.6648603339799317,0.6439566699244053,0.02090366405552646,0.755388570978125,0.7538645082041695,0.001524062773955448
1009,0.8705357142857143,0.8082589285714287,0.06227678571428563,0.6783898126333194,0.6506800662842547,0.027709746349064757,0.7647146511922451,0.7658240710692885,-0.0011094198770433827
1010,0.9063214013709063,0.8424980959634425,0.06382330540746384,0.6728049768576987,0.6486303915280575,0.02417458532964123,0.7681880073078015,0.7702282863178509,-0.0020402790100494395
1011,0.9054996127033308,0.8593338497288923,0.04616576297443853,0.6456182331387674,0.6259474202887816,0.01967081284998584,0.7204665431953939,0.7229549633718124,-0.002488420176418482
1012,0.8997722095671982,0.8296886864085042,0.07008352315869393,0.6625076564551935,0.6370377749975016,0.025469881457691912,0.7516385571901947,0.750768118119807,0.0008704390703876408
1013,0.8879699248120301,0.8343609022556391,0.053609022556390995,0.6561502727703122,0.6346981421779347,0.021452130592377494,0.7419826963660245,0.7468304453858494,-0.004847749019824876
1014,0.8983634797588286,0.8344530577088717,0.0639104220499569,0.6682029878192955,0.6476090407743188,0.020593947044976746,0.7531375494235588,0.7534960793517181,-0.0003585299281593235
1015,0.8996309963099631,0.8332103321033211,0.06642066420664205,0.6646586686410714,0.6397847375127641,0.02487393112830727,0.7477574352261234,0.7475141897072157,0.00024324551890764212
1016,0.9116064565718678,0.8485011529592621,0.06310530361260569,0.67137485097903,0.64881486867759,0.022559982301440074,0.7620399561243121,0.7610214290107418,0.0010185271135703111
1017,0.9302491103202847,0.8505338078291814,0.07971530249110326,0.6375358431365041,0.6102146554688087,0.027321187667695424,0.7111569941714352,0.7071353939356294,0.004021600235805778
1018,0.9090909090909091,0.8514204545454545,0.05767045454545461,0.6733386829347886,0.6521161572457983,0.0212225256889903,0.7524295112907848,0.7525055470431468,-7.603575236192484e-05
1019,0.9174236168455822,0.8459124690338562,0.07151114781172596,0.6636668144317268,0.6419127061366127,0.02175410829511415,0.7645186058315888,0.7642631046267282,0.0002555012048606198
1020,0.8879636638909917,0.85223315669947,0.03573050719152171,0.6487421032235127,0.629948224484148,0.018793878739364667,0.7452531904201394,0.7509062936686871,-0.005653103248547731
1021,0.8810316139767055,0.8244592346089851,0.056572379367720416,0.6527611310323831,0.6301519048798989,0.022609226152484174,0.7420339516426618,0.7439211789256601,-0.0018872272829982828
1022,0.9090909090909091,0.8257166257166257,0.08337428337428332,0.640840140851879,0.6168957221794635,0.02394441867241548,0.7351395225122713,0.7369239809472061,-0.0017844584349347992
1023,0.9147286821705426,0.8450387596899225,0.06968992248062011,0.6605218128106616,0.6384265994251627,0.022095213385498913,0.7652581780337977,0.7667638943604447,-0.0015057163266469775
1024,0.8685064935064936,0.8030032467532469,0.0655032467532467,0.6783327612147928,0.6508585494676551,0.02747421174713771,0.7522627021141507,0.7530146157465196,-0.0007519136323689279
1025,0.9143064633260711,0.866085693536674,0.048220769789397155,0.6377205546297425,0.6187416033523594,0.018978951277383138,0.7048141008590477,0.7058659136726495,-0.0010518128136017824
1026,0.8671532846715329,0.8143795620437956,0.052773722627737274,0.6807941257267149,0.6568859789147388,0.023908146811976172,0.7714034153213604,0.773860174146242,-0.002456758824881611
1027,0.9101589495507948,0.8384243261921217,0.07173462335867309,0.663517379939148,0.6401646233929857,0.023352756546162312,0.7426368950197804,0.7420897509224604,0.0005471440973199293
1028,0.8972809667673716,0.8384441087613294,0.058836858006042214,0.6534006053576721,0.6303600918260213,0.02304051353165082,0.7370156765359784,0.7369983783183391,1.72982176392944e-05
1029,0.9036989795918368,0.8502551020408162,0.053443877551020535,0.6730174280999631,0.6537747049013257,0.0192427231986374,0.7529889450297285,0.7577072188871142,-0.0047182738573857685
1030,0.9060451565914057,0.8420975965040058,0.06394756008739988,0.6479159293933389,0.6245778488555039,0.023338080537834927,0.7349520181249348,0.7352418082280134,-0.0002897901030786132
1031,0.8987730061349694,0.8096625766871167,0.08911042944785263,0.6507779515872034,0.621673578796794,0.02910437279040945,0.7486864506487785,0.7481386394854168,0.0005478111633616667
1032,0.9260670731707317,0.8403201219512196,0.08574695121951204,0.6477866332785437,0.6247281211416014,0.023058512136942322,0.7472681872385375,0.7460398084496367,0.001228378788900808
1033,0.8671052631578947,0.8333552631578947,0.03375000000000006,0.6490451482003318,0.625744641191688,0.023300507008643723,0.7133420067761523,0.7167085949071297,-0.0033665881309773438
1034,0.9133986928104575,0.8627450980392156,0.05065359477124187,0.6486900374265402,0.6277142980183212,0.020975739408218952,0.7301831040704989,0.7301268206721035,5.628339839536256e-05
1035,0.9173947577442415,0.8390786338363782,0.07831612390786336,0.6660512878486982,0.6442030237130425,0.02184826413565566,0.7762690529793842,0.7768935373792265,-0.0006244843998423066
1036,0.9057750759878419,0.8196808510638297,0.0860942249240122,0.6550712719790021,0.6261656690517823,0.028905602927219776,0.7479520320731776,0.7466716140699112,0.0012804180032663925
1037,0.9125874125874126,0.848076923076923,0.06451048951048965,0.6442904889376165,0.623192371403005,0.02109811753461155,0.7140917142547762,0.715172436228986,-0.0010807219742097196
1038,0.8987068965517241,0.8306034482758621,0.06810344827586201,0.6557873166431424,0.6299470890555467,0.025840227587595632,0.7457568075578909,0.7447607539502406,0.0009960536076503157
1039,0.9157446808510639,0.8290212765957448,0.0867234042553191,0.6681308200640437,0.6444122803788586,0.023718539685185114,0.7643955655072912,0.7646453129785303,-0.0002497474712391812
1040,0.8774583963691377,0.8224659606656581,0.05499243570347956,0.6749074745921643,0.6547408173597012,0.020166657232463026,0.7499656756632259,0.7549780475582907,-0.00501237189506476
1041,0.9254571026722925,0.8560478199718705,0.06940928270042201,0.655230316985181,0.6316354790288321,0.02359483795634887,0.74558330222773,0.7438009113156625,0.0017823909120674442
1042,0.9030023094688222,0.8200153964588145,0.08298691301000771,0.6537424141213494,0.6269274610832672,0.026814953038082123,0.7382399682848299,0.7352737975057573,0.0029661707790725744
1043,0.901060070671378,0.8250176678445229,0.07604240282685515,0.666862502287865,0.6440170733082253,0.022845428979639704,0.7648574762647062,0.7662584017105633,-0.0014009254458570153
1044,0.8893647394718058,0.8400428265524627,0.04932191291934318,0.6622273280891322,0.6391652730636268,0.0230620550255054,0.7411739276599439,0.744097346979234,-0.002923419319290077
1045,0.9050036258158085,0.8524292965917333,0.052574329224075234,0.6643332903573738,0.6426413583487361,0.021691932008637616,0.7625651911002209,0.7668285497992491,-0.0042633586990281636
1046,0.9058394160583941,0.8495620437956205,0.05627737226277363,0.6282918731953834,0.6060236160482246,0.022268257147158743,0.7016652526741143,0.7049180175682125,-0.0032527648940982035
1047,0.9310344827586207,0.8361702127659576,0.09486426999266306,0.6633756855580075,0.6349072965690206,0.02846838898898696,0.7566830853164712,0.7523039535472815,0.0043791317691896925
1048,0.8922829581993569,0.8082797427652734,0.08400321543408351,0.6738754667893009,0.6477753599561012,0.026100106833199632,0.780606832492961,0.7819945865159678,-0.0013877540230067265
1049,0.9257871064467766,0.8530734632683658,0.07271364317841089,0.633363994192168,0.6099108084816954,0.023453185710472613,0.7202628632751447,0.7206466647562669,-0.0003838014811222701
1050,0.9280415430267063,0.8807863501483679,0.04725519287833835,0.6933169116173702,0.6782713591017683,0.015045552515601912,0.7819078960973218,0.783804636114831,-0.0018967400175091687
1051,0.9264943457189014,0.8524232633279484,0.07407108239095306,0.665284274691708,0.6431520968104286,0.022132177881279413,0.7743211402999833,0.7740403111282654,0.0002808291717179001
1052,0.9003831417624522,0.833793103448276,0.0665900383141762,0.6519782899799004,0.6265552166032042,0.025423073376696137,0.7266828908647542,0.7267646997513999,-8.180888664566233e-05
1053,0.8912671232876712,0.8183219178082192,0.07294520547945205,0.6509442164540535,0.6243490040519983,0.0265952124020552,0.7363945787178752,0.7380170945427541,-0.001622515824878934
1054,0.9074215761285387,0.8538638102524866,0.0535577658760521,0.6541115291813894,0.631075198473405,0.023036330707984387,0.7489945193893296,0.7508927305597416,-0.0018982111704120008
1055,0.9128127369219106,0.8307050796057618,0.08210765731614877,0.6618420650752829,0.6351356522380077,0.02670641283727515,0.7622943303765439,0.7601730569278625,0.0021212734486814044
1056,0.8889770023790642,0.8345757335448056,0.054401268834258554,0.6822552405425638,0.6622485775936019,0.020006662948961917,0.7698866619149417,0.772168555707287,-0.0022818937923453353
1057,0.9020346646571213,0.8252449133383571,0.0767897513187642,0.671053047603976,0.6431048386029264,0.02794820900104955,0.7600747975588119,0.7580783254710238,0.0019964720877880815
1058,0.8939034045922407,0.8233570863024544,0.0705463182897863,0.6460167127235471,0.6201830998891233,0.025833612834423758,0.7253350929235046,0.7278121273314587,-0.002477034407954104
1059,0.8943606036536934,0.8241461477362986,0.07021445591739484,0.6747047477839444,0.6519107547776868,0.022793993006257618,0.7616131149930289,0.7630156382819548,-0.001402523288925983
1060,0.9070278184480234,0.840190336749634,0.06683748169838943,0.6642004919346847,0.64091923273113,0.023281259203554616,0.737595544240717,0.7360501729197134,0.0015453713210036302
1061,0.9036144578313253,0.8468373493975904,0.05677710843373496,0.6614769394462515,0.6424109814799747,0.01906595796627686,0.7591906104017003,0.7625493950516786,-0.003358784649978297
1062,0.9131086142322098,0.8507116104868914,0.062397003745318425,0.664642917818246,0.6430480977857365,0.021594820032509565,0.757843527130127,0.7608036077145879,-0.0029600805844608447
1063,0.8717568569310601,0.8283914010378058,0.043365455893254246,0.6636662222216099,0.642350780275361,0.021315441946248903,0.7384857974695498,0.7447234319350654,-0.006237634465515618
1064,0.8648255813953488,0.8238372093023255,0.040988372093023306,0.660658199722353,0.6415465280869564,0.01911167163539651,0.7414943579770763,0.7489469436976363,-0.007452585720559957
1065,0.8946502057613168,0.8319341563786008,0.06271604938271602,0.652044396089057,0.6309739177268862,0.021070478362170797,0.7281977843714302,0.7294053538615861,-0.0012075694901558798
1066,0.9033923303834809,0.844542772861357,0.05884955752212384,0.6605725163038547,0.6366546260815367,0.02391789022231805,0.7429928884173217,0.7454489859670469,-0.0024560975497252002
1067,0.906888720666162,0.8340651021953066,0.07282361847085539,0.643690753988859,0.6200835644101964,0.02360718957866259,0.7360594770741568,0.738094180184872,-0.002034703110715297
1068,0.8839869281045751,0.8356209150326798,0.048366013071895364,0.6672127638001677,0.6435797334430062,0.023633030357161466,0.7415252685537318,0.7423641591416361,-0.0008388905879043174
1069,0.9118387909319899,0.8187237615449202,0.09311502938706973,0.6529412728551923,0.6256890140131977,0.02725225884199467,0.7435197759421485,0.7432087669426674,0.0003110089994811105
1070,0.893828798938288,0.869608493696085,0.02422030524220309,0.653393573815903,0.633791371076029,0.01960220273987401,0.7074469731787358,0.7104302178391082,-0.002983244660372364
1071,0.863905325443787,0.8003381234150464,0.06356720202874055,0.6667185559484735,0.6402477115990037,0.02647084434946978,0.7615736481603032,0.7647602269797774,-0.0031865788194742617
1072,0.9123102866779089,0.8138279932546375,0.09848229342327142,0.6468193186360334,0.6179893700475348,0.028829948588498522,0.7226416177375818,0.7200987916270821,0.0025428261104997185
1073,0.8706058339566193,0.8323859386686612,0.038219895287958106,0.6731602527126553,0.6547457997716551,0.018414452941000192,0.7465891773738648,0.7536041564282888,-0.007014979054424053
1074,0.9150943396226415,0.8258345428156749,0.08925979680696661,0.6625229118116397,0.6338540464733904,0.028668865338249305,0.75787806476481,0.7580765979457555,-0.00019853318094553707
1075,0.90847711927982,0.8456114028507127,0.06286571642910732,0.6632043910123464,0.6378711175871397,0.025333273425206748,0.7424074350654718,0.7418812351002887,0.0005261999651831051
1076,0.9145427286356822,0.8446776611694153,0.06986506746626686,0.6437761969844883,0.617827827517871,0.02594836946661727,0.7381367587916023,0.7390324204198084,-0.0008956616282060903
1077,0.913917940466613,0.8460176991150442,0.0679002413515688,0.6433955951553668,0.6188235736830204,0.024572021472346384,0.7427748687699914,0.7430495718679917,-0.0002747030980002618
1078,0.9051204819277109,0.8486445783132531,0.056475903614457756,0.6484768593922765,0.6250137126166072,0.023463146775669297,0.7399983601077486,0.7424812693145812,-0.0024829092068326952
1079,0.8839506172839506,0.8175308641975307,0.0664197530864199,0.6501232765439434,0.6242974585264033,0.025825818017540136,0.7544265540928833,0.7573657010517421,-0.0029391469588587738
1080,0.904434250764526,0.8426605504587157,0.06177370030581031,0.6414133835907825,0.6165192630194218,0.024894120571360645,0.6998640212726385,0.6999423572206422,-7.833594800377153e-05
1081,0.8946502057613168,0.8278189300411523,0.06683127572016456,0.6350006405666617,0.6084068536582476,0.026593786908414074,0.7141563204247084,0.7166005607785665,-0.0024442403538580404
1082,0.9016506189821183,0.8440852819807427,0.05756533700137556,0.6354388228569103,0.6118807448610915,0.023558077995818882,0.7023508783784571,0.7021868710775421,0.00016400730091503668
1083,0.9112252384446075,0.8419662509170948,0.0692589875275127,0.6563226950818448,0.6309416373455227,0.025381057736322155,0.7490244696287068,0.7462271664091494,0.002797303219557401
1084,0.8946266573621773,0.8251221214235869,0.0695045359385904,0.6503192894718554,0.6262407921379446,0.024078497333910764,0.7383665720813264,0.738000382311365,0.0003661897699613892
1085,0.8845836768342952,0.8070898598516075,0.07749381698268765,0.6345964727468365,0.6069348329241575,0.027661639822678996,0.7264369474642818,0.728729564478161,-0.0022926170138791724
1086,0.8925199709513435,0.8304284676833695,0.06209150326797397,0.6685816989707265,0.6450435231550197,0.02353817581570683,0.739704934973429,0.7396916856431591,1.3249330269915482e-05
1087,0.8813033359193173,0.8133436772692008,0.06795965865011655,0.6666879692022103,0.6444199668317724,0.02226800237043791,0.7791814301943534,0.7821175580860703,-0.002936127891716933
1088,0.9034381858083395,0.8500365764447695,0.05340160936356997,0.6430920655586113,0.6219879176753885,0.02110414788322279,0.7315332511182574,0.7378030728665976,-0.006269821748340232
1089,0.9047940580688724,0.8436191762322756,0.061174881836596806,0.644242045184751,0.6205512059034602,0.023690839281290788,0.7341958131162848,0.7356523593013573,-0.0014565461850725159
1090,0.9144736842105263,0.8395467836257309,0.07492690058479545,0.6517403187229568,0.6276389092037948,0.024101409519161954,0.7507118374083932,0.7502623352607717,0.00044950214762151663
1091,0.8993399339933993,0.8363861386138615,0.06295379537953782,0.6555923308654775,0.6287373157557588,0.02685501510971877,0.7339370520404733,0.7347080184007788,-0.0007709663603054917
1092,0.9106719367588932,0.8569960474308301,0.05367588932806311,0.662008368501704,0.6419492918661945,0.020059076635509432,0.7495747096924587,0.7500626769375511,-0.0004879672450924799
1093,0.9021143304620204,0.842051683633516,0.060062646828504374,0.6545684118105235,0.6312137511009254,0.02335466070959813,0.74358168462447,0.7455908266846761,-0.0020091420602060817
1094,0.9223140495867769,0.8302479338842975,0.09206611570247936,0.6322688147440351,0.6013357177396925,0.030933097004342547,0.7035012243084315,0.7005109719562017,0.0029902523522298274
1095,0.8981788079470199,0.8350993377483442,0.06307947019867566,0.6530879270577792,0.6286241876201668,0.024463739437612375,0.7464811224219827,0.7467627184876502,-0.00028159606566746653
1096,0.9140555058191585,0.8154879140555058,0.0985675917636527,0.6456384869589736,0.6155244351202819,0.030114051838691758,0.7399918884437208,0.7360067783252596,0.003985110118461144
1097,0.9186465082793377,0.852915766738661,0.06573074154067671,0.6649076074968816,0.643524618052657,0.021382989444224565,0.7673786641660527,0.767484218490062,-0.00010555432400927156
1098,0.8681481481481481,0.8122962962962962,0.05585185185185193,0.6413177546321904,0.6153875031606215,0.02593025147156891,0.7145035287261003,0.7205606244350273,-0.006057095708926985
1099,0.8972659486329743,0.8321458160729079,0.06512013256006632,0.6744086345313562,0.6550459850289744,0.019362649502381868,0.7761526679908485,0.7795553411885037,-0.0034026731976551927
1100,0.8934817170111288,0.8232114467408586,0.07027027027027022,0.6399065334001948,0.6155341414255555,0.02437239197463925,0.7430690087476508,0.7449818561462004,-0.0019128473985495775
1101,0.8840070298769771,0.8302284710017576,0.05377855887521954,0.675534961062836,0.6535763909732344,0.02195857008960156,0.7689065680008775,0.7744964420180871,-0.005589874017209562
1102,0.9185483870967742,0.8227419354838709,0.09580645161290335,0.6449875658015234,0.6166552327743469,0.028332333027176526,0.7273664686972374,0.724764269473231,0.0026021992240063962
1103,0.8774647887323944,0.8230985915492959,0.05436619718309854,0.6453435531181198,0.6233465608926053,0.021996992225514433,0.7301039427226604,0.7363527036019805,-0.0062487608793200256
1104,0.917057902973396,0.8412363067292643,0.07582159624413165,0.6635583506916458,0.6409728480033331,0.02258550268831272,0.7662392479181034,0.7667333725323259,-0.0004941246142224909
1105,0.8484398216939079,0.8037890044576523,0.044650817236255524,0.6688658574774236,0.6433572835714529,0.02550857390597061,0.7381376677833974,0.7449762020633246,-0.0068385342799272
1106,0.8877245508982036,0.846556886227545,0.04116766467065858,0.7013120436112771,0.6822716947899549,0.019040348821322217,0.78287646434162,0.7856477208959846,-0.0027712565543646095
1107,0.9245426829268293,0.8477896341463416,0.07675304878048772,0.6567724572135881,0.6310494695671116,0.025722987646476514,0.7430335977786765,0.7419066295600466,0.001126968218629898
1108,0.9250741839762612,0.8448071216617212,0.08026706231453995,0.6730130259271276,0.6492072066673941,0.023805819259733574,0.775154991370318,0.7738113357762678,0.0013436555940501416
1109,0.8852963818321786,0.8157813702848346,0.06951501154734407,0.6442760640651941,0.6186885483299228,0.025587515735271293,0.7302012000410615,0.7346102358278227,-0.004409035786761217
1110,0.9153069153069153,0.8407148407148407,0.07459207459207462,0.6610240641334355,0.6365931656303017,0.024430898503133847,0.7495921805947134,0.7467722351797195,0.002819945414993974
1111,0.9120234604105572,0.859457478005865,0.052565982404692124,0.6658593691307726,0.6426035541351924,0.02325581499558016,0.7375070691384945,0.738672340163866,-0.0011652710253714504
1112,0.8693759071117562,0.7920174165457186,0.07735849056603761,0.6591606612625893,0.6296466586193116,0.029514002643277748,0.7477821911290538,0.7492312083704031,-0.0014490172413493818
1113,0.8877862595419848,0.8101526717557253,0.0776335877862595,0.6529942799705738,0.6264270618084758,0.02656721816209795,0.7466197254048912,0.7485892874802251,-0.0019695620753339416
1114,0.9041994750656168,0.8572834645669293,0.046916010498687544,0.6412143752153107,0.6187823067757342,0.022432068439576458,0.7202917652476319,0.7214705507310345,-0.0011787854834025557
1115,0.8865131578947368,0.8213815789473685,0.06513157894736832,0.6504912045828074,0.6266886147853667,0.023802589797440654,0.711638761609126,0.7116181209402964,2.0640668829563502e-05
1116,0.9171227521501173,0.8484753713838936,0.06864738076622368,0.647985166327701,0.6235834539527235,0.024401712374977458,0.7465866195855502,0.7494069801347504,-0.002820360549200207
1117,0.8701842546063652,0.7871021775544389,0.08308207705192627,0.6760909371257984,0.6477425513342208,0.028348385791577613,0.7826210281586736,0.7843725779214419,-0.0017515497627682564
1118,0.9110776186887717,0.8525998492840996,0.058477769404672086,0.6549553458850428,0.6315200744453469,0.023435271439695926,0.7340468668305073,0.7320671744249132,0.0019796924055941467
1119,0.870042194092827,0.8131645569620252,0.05687763713080185,0.6585977085999257,0.63301748255961,0.025580226040315734,0.7474013791287679,0.7476125148172292,-0.00021113568846131692
1120,0.8936,0.8240000000000001,0.06959999999999988,0.6540464053623632,0.6291570855530683,0.024889319809294985,0.731333584162677,0.7321356178758373,-0.0008020337131602329
1121,0.9153605015673981,0.8425548589341693,0.07280564263322886,0.6504599908524694,0.625530663169295,0.024929327683174463,0.7299543103051811,0.7302141327698776,-0.00025982246469646864
1122,0.9229007633587786,0.8497709923664123,0.07312977099236628,0.6608809462145908,0.6367253767350938,0.02415556947949704,0.7436902844086055,0.7436431495224992,4.7134886106303675e-05
1123,0.9237735849056604,0.8635471698113207,0.06022641509433968,0.6551885893242039,0.632326708787162,0.022861880537041857,0.7399513946440592,0.73965830678451,0.0002930878595492903
1124,0.8932633420822397,0.8073490813648293,0.08591426071741037,0.635245848160225,0.6060321591977381,0.029213688962486883,0.7305777403850418,0.7326189960411614,-0.002041255656119678
1125,0.8758169934640523,0.8058006535947712,0.07001633986928113,0.6784594495753815,0.6526748822806777,0.025784567294703797,0.780692722356063,0.7826243808080757,-0.0019316584520127078
1126,0.8803827751196173,0.8409888357256777,0.03939393939393954,0.6615180017466825,0.6422392996884322,0.01927870205825033,0.7458161096681649,0.750256889826859,-0.004440780158694091
1127,0.896551724137931,0.8386206896551723,0.057931034482758714,0.6846185783585147,0.6651988448960888,0.01941973346242587,0.7933202436214946,0.796612134887142,-0.0032918912656474397
1128,0.8912386706948641,0.8132175226586102,0.07802114803625382,0.6788971879832353,0.652260570774588,0.026636617208647295,0.7531610285988787,0.753267459428687,-0.00010643082980832386
1129,0.9119669876203577,0.8639614855570841,0.048005502063273586,0.6628430750159179,0.642923700640204,0.019919374375713894,0.7580455031422756,0.7603330473633019,-0.002287544221026283
1130,0.8833010960670535,0.8493230174081237,0.03397807865892988,0.6487150758742337,0.6299468326723657,0.018768243201867985,0.7123144087990886,0.7200622476902871,-0.007747838891198566
1131,0.8982338099243061,0.8333894028595459,0.06484440706476025,0.665882080051034,0.6420170553591975,0.02386502469183649,0.7674410204971506,0.7689165976112577,-0.0014755771141071738
1132,0.8759744861800142,0.8282069454287739,0.047767540751240234,0.6476436984618804,0.623364994831601,0.024278703630279397,0.7091718208012278,0.7117548265391933,-0.002583005737965549
1133,0.9085850556438791,0.8513513513513514,0.05723370429252772,0.6796136476800313,0.6600025686175531,0.019611079062478165,0.7768117840658518,0.7780336808419314,-0.001221896776079534
1134,0.8712065136935603,0.7941524796447076,0.0770540340488527,0.6613561288149287,0.6303305106426256,0.031025618172303093,0.7482762361540007,0.7484073228114374,-0.00013108665743666315
1135,0.8962108731466227,0.8214991762767709,0.0747116968698518,0.6783457563793314,0.6556064338046379,0.022739322574693466,0.7815332198001109,0.7802826909207194,0.001250528879391477
1136,0.9042145593869731,0.8411494252873564,0.06306513409961678,0.6643779295234159,0.6443088623412354,0.02006906718218049,0.747136576879232,0.7496889411583834,-0.002552364279151398
1137,0.9281045751633987,0.8381535947712418,0.08995098039215688,0.6616618539366433,0.6380648448109194,0.023597009125723933,0.7545844917668781,0.7531820992859004,0.0014023924809777322
1138,0.8975950349107835,0.8266873545384017,0.07090768037238182,0.667382207520912,0.6384731265808364,0.028909080940075604,0.7452786490781322,0.741732993473516,0.0035456556046162824
1139,0.8900235663786331,0.8246661429693638,0.06535742340926931,0.6787400946327481,0.6565071242208048,0.022232970411943276,0.7669461177600889,0.770282090093051,-0.0033359723329621227
1140,0.8914670658682635,0.8446107784431138,0.04685628742514969,0.6672142926338526,0.6482439845901283,0.018970308043724238,0.7597809623625569,0.7637621087969031,-0.003981146434346217
1141,0.8825857519788918,0.8296174142480212,0.05296833773087062,0.663104962928578,0.6397690105142583,0.02333595241431974,0.7528195378450776,0.7561492859868503,-0.0033297481417726704
1142,0.8687089715536105,0.8268417213712619,0.0418672501823486,0.6496668890447963,0.6250291576614514,0.024637731383344907,0.7081068188055375,0.7139114512637539,-0.0058046324582163855
1143,0.909433962264151,0.8480754716981134,0.06135849056603759,0.6450783727079732,0.6211011587852695,0.02397721392270369,0.7170922008123335,0.7150031054137584,0.002089095398575047
1144,0.9184782608695652,0.8805027173913043,0.03797554347826093,0.6590430236244886,0.6403170505818315,0.018725973042657107,0.7388793685770524,0.7442955782164594,-0.0054162096394070325
1145,0.9133383571966842,0.8562170308967595,0.057121326299924724,0.6646062455646213,0.6428989991261849,0.021707246438436467,0.7619158312853902,0.7619130293199655,2.801965424681363e-06
1146,0.8985200845665962,0.8403805496828752,0.05813953488372092,0.6326073273478364,0.6094063784156318,0.02320094893220459,0.7155160862153145,0.715996929444457,-0.00048084322914254685
1147,0.9216954022988506,0.8377155172413794,0.08397988505747123,0.6448192729647707,0.6178522663889827,0.02696700657578799,0.7371064481190815,0.7345705584849198,0.0025358896341617365
1148,0.9092627599243857,0.8216446124763707,0.087618147448015,0.6523979177092016,0.627213078784485,0.02518483892471668,0.7545879724276614,0.7545451703007904,4.280212687102214e-05
1149,0.9077458659704091,0.8466492602262837,0.06109660574412534,0.6487564267709629,0.6254206217748863,0.02333580499607657,0.7384897949585358,0.7401074138044125,-0.0016176188458766338
1150,0.9063421828908554,0.830457227138643,0.07588495575221244,0.6464290635487588,0.6219602228746635,0.024468840674095382,0.7463773337673092,0.7443426071705673,0.002034726596741865
1151,0.9282407407407407,0.8462962962962962,0.08194444444444449,0.6502084848364439,0.624599196950802,0.025609287885641874,0.7229934989980777,0.719872037438876,0.003121461559201788
1152,0.92,0.8329166666666667,0.08708333333333329,0.6732203248973263,0.6497835040642485,0.023436820833077854,0.7560729048156732,0.7531735324557712,0.0028993723599020083
1153,0.9075770191507078,0.8571190674437968,0.05045795170691092,0.6721990093243632,0.6545404748463286,0.01765853447803456,0.779254737780722,0.7833085765761778,-0.004053838795455844
1154,0.8854850474106492,0.8201312910284463,0.06535375638220287,0.657261761650098,0.6314722883680919,0.025789473282006092,0.7352126735546991,0.7358675953512359,-0.0006549217965368115
1155,0.9015829318651066,0.8326221610461115,0.0689607708189951,0.6417678921143776,0.617384401501636,0.024383490612741587,0.7217423186288637,0.7263500618819585,-0.004607743253094765
1156,0.9135531135531135,0.8543589743589743,0.059194139194139184,0.6630825032536445,0.6420346829934764,0.02104782026016805,0.7555765941846918,0.758660305517634,-0.003083711332942163
1157,0.9232633279483037,0.8463651050080776,0.07689822294022608,0.6712884228749884,0.6460634570298882,0.025224965845100145,0.7569982786189157,0.7524604851477413,0.004537793471174334
1158,0.8622656886715566,0.8146699266503669,0.04759576202118976,0.6753237446634738,0.6541948483939375,0.02112889626953629,0.7628895718349986,0.7695272201284779,-0.006637648293479237
1159,0.9098774333093006,0.8447728911319394,0.06510454217736117,0.6637680321435122,0.6408869441959749,0.022881087947537293,0.7478375370499136,0.7486318831874174,-0.000794346137503732
1160,0.8895705521472392,0.8325153374233129,0.057055214723926384,0.6790429492395651,0.6574373870117685,0.021605562227796637,0.7806761948866672,0.7821415289872218,-0.001465334100554605
1161,0.9196428571428571,0.8451298701298702,0.07451298701298692,0.6634533786577503,0.6416009632903269,0.02185241536742344,0.7553334753020363,0.7541384957509023,0.0011949795511340122
1162,0.8816705336426914,0.8131477184841455,0.06852281515854597,0.690313582404749,0.6648557022833627,0.02545788012138639,0.7720611007886288,0.7712212757565622,0.0008398250320665879
1163,0.9082644628099174,0.8333057851239669,0.07495867768595044,0.6612290875418784,0.6385081018399841,0.022720985701894292,0.7565173951342057,0.758025422802109,-0.0015080276679033666
1164,0.9308909242298085,0.8478767693588676,0.08301415487094088,0.6327159517428103,0.6061994380347968,0.026516513708013445,0.7280521866628539,0.7252918489047769,0.002760337758076936
1165,0.9016806722689076,0.8284873949579831,0.07319327731092451,0.6511278912788694,0.6282633624486984,0.022864528830170983,0.7173233285764976,0.7171525647992946,0.00017076377720304237
1166,0.8859649122807017,0.8199362041467305,0.06602870813397121,0.6621337388740716,0.6380799628214031,0.024053776052668452,0.7484165903015643,0.7509833087392759,-0.0025667184377116126
1167,0.915748031496063,0.8448031496062992,0.07094488188976378,0.6610849241308552,0.6357410701458189,0.025343853985036247,0.7593320306980585,0.7579429446548627,0.0013890860431958751
1168,0.92886345053148,0.8481602616516761,0.08070318887980388,0.6703383757914626,0.6446651323029888,0.025673243488473774,0.7751342074599947,0.7700097985666302,0.005124408893364518
1169,0.8741035856573706,0.8041434262948206,0.06996015936254996,0.657177077859806,0.6315473907193292,0.025629687140476753,0.7296450309121554,0.7317398970829903,-0.002094866170834875
1170,0.8651266766020864,0.8087928464977645,0.056333830104321914,0.6837233178644198,0.6611951059950396,0.022528211869380144,0.7763749979820154,0.7838533147496778,-0.0074783167676624185
1171,0.8793375394321766,0.8227917981072557,0.05654574132492096,0.6576263995478353,0.6339802401483873,0.02364615939944803,0.7562946978204125,0.7578155861453018,-0.0015208883248892802
1172,0.8887195121951219,0.8314024390243903,0.05731707317073165,0.6577064487262753,0.6329167059716705,0.02478974275460477,0.7415746312943434,0.7434753197650046,-0.0019006884706611604
1173,0.9117437722419929,0.8358007117437722,0.07594306049822064,0.6655738051007133,0.6403874830668193,0.025186322033894037,0.7440484028325804,0.739935014858585,0.004113387973995408
1174,0.9011544011544012,0.8397546897546897,0.061399711399711454,0.6394107010905321,0.6168764610267735,0.022534240063758593,0.7052624563471259,0.7079413408358626,-0.0026788844887366547
1175,0.9044233807266983,0.8295418641390204,0.07488151658767783,0.6739709325340165,0.6481471108174286,0.025823821716587925,0.7723241266170648,0.7725609260580638,-0.00023679944099896932
1176,0.9252958579881657,0.8549556213017752,0.07034023668639056,0.644252533589141,0.6187653687540585,0.02548716483508251,0.7174827377627436,0.7139244245430446,0.0035583132196990164
1177,0.8790389395194698,0.8039768019884009,0.07506213753106883,0.6828649891811855,0.6591136482985875,0.023751340882598004,0.7716892070762262,0.774730345919157,-0.0030411388429307795
1178,0.942457231726283,0.8585536547433904,0.08390357698289264,0.6599800140905557,0.6360481569738977,0.023931857116658017,0.7738591230023485,0.773402955782882,0.00045616721946650785
1179,0.9215358931552587,0.8359766277128549,0.08555926544240389,0.6483749633109422,0.6224467985600641,0.025928164750878113,0.7327008380617127,0.7295794649843451,0.003121373077367595
1180,0.8978494623655914,0.8194444444444444,0.07840501792114696,0.6683868737103799,0.6442903159611699,0.024096557749209935,0.7693707125367257,0.7698616240904746,-0.0004909115537489184
1181,0.9188626907073509,0.844729542302358,0.07413314840499297,0.6557605852166382,0.6306411057892346,0.025119479427403557,0.7241747908934231,0.7257947148269032,-0.0016199239334800941
1182,0.9181879648411089,0.8700473292765383,0.0481406355645706,0.667625427667473,0.6466031766002123,0.021022251067260744,0.7469187103434259,0.748044474205485,-0.0011257638620590926
1183,0.8654970760233918,0.8037593984962406,0.0617376775271512,0.6697990851569647,0.6456932762995178,0.024105808857446953,0.7698038815166472,0.7697497488853947,5.413263125253476e-05
1184,0.921583850931677,0.8413043478260869,0.08027950310559018,0.6785201288336175,0.6559989272110169,0.022521201622600517,0.7780689668140626,0.777287089669707,0.0007818771443555139
1185,0.8973627940128297,0.8515324305060584,0.04583036350677128,0.6556117558793206,0.6322012898338993,0.023410466045421296,0.7319389397934868,0.7319817037856218,-4.2763992134986495e-05
1186,0.8955954323001631,0.8274061990212072,0.06818923327895599,0.6712644937073481,0.650193716387958,0.02107077731939011,0.768525045375677,0.7745994094820039,-0.0060743641063268905
1187,0.9025764895330113,0.8234299516908212,0.07914653784219006,0.6812476779975674,0.6564361066361284,0.024811571361438967,0.7757641464785234,0.7793906775412166,-0.0036265310626931724
1188,0.8950570342205323,0.8263878326996197,0.0686692015209126,0.6641473478462554,0.637517384998101,0.026629962848154443,0.7449232648621091,0.7421969837938948,0.0027262810682143757
1189,0.9205246913580247,0.8456018518518519,0.07492283950617284,0.65301553611774,0.6283090441448735,0.02470649197286645,0.7472532341879107,0.7473975765869951,-0.00014434239908445168
1190,0.8763358778625954,0.7954961832061069,0.08083969465648844,0.6813116913482745,0.6535067913090156,0.02780490003925895,0.7715328581737384,0.7721060467598946,-0.0005731885861561814
1191,0.8850931677018633,0.8182453416149069,0.06684782608695639,0.6524810169622872,0.6279674732295829,0.024513543732704313,0.7426435739999352,0.7432911566327627,-0.0006475826328274925
1192,0.8938640132669984,0.8425373134328359,0.05132669983416249,0.664607805034482,0.6425907527754622,0.022017052259019843,0.7597087073796914,0.763013653916435,-0.003304946536743625
1193,0.9122434536447275,0.8601556970983723,0.052087756546355224,0.6478851924973236,0.6272280278824212,0.020657164614902412,0.7280297436084697,0.731454769159089,-0.0034250255506192984
1194,0.9178571428571428,0.8573571428571428,0.0605,0.6523422301734352,0.6295424657947293,0.0227997643787059,0.7416142560934956,0.7411042590962118,0.0005099969972838236
1195,0.9092229484386347,0.8453885257806826,0.06383442265795214,0.6617136606005375,0.6415871526278162,0.020126507972721308,0.7483841363237893,0.7486780586828005,-0.00029392235901115615
1196,0.8907232704402516,0.8238993710691824,0.06682389937106914,0.6545035564257402,0.633511797404993,0.020991759020747236,0.7377857203200646,0.7393809410650982,-0.0015952207450335987
1197,0.8966061562746646,0.8369376479873718,0.059668508287292754,0.6636661580440962,0.6376345065133397,0.026031651530756483,0.7537962389559258,0.7546287190467285,-0.000832480090802612
1198,0.9191919191919192,0.854978354978355,0.06421356421356428,0.6528543538452963,0.6311672905224022,0.021687063322894162,0.7309052802020675,0.7312512775468802,-0.0003459973448127762
1199,0.9173680183626626,0.837566947207345,0.07980107115531754,0.6475729611374614,0.6212151488977445,0.026357812239716893,0.7372884821405038,0.7374747162692297,-0.00018623412872587064
1200,0.9113149847094801,0.8422782874617736,0.06903669724770656,0.6569769632534415,0.6349164174910101,0.022060545762431327,0.7450369192997937,0.7448439934326851,0.00019292586710850657
1201,0.9037245256500351,0.8344342937456078,0.06929023190442729,0.6570391493560382,0.634727831559033,0.022311317797005237,0.7368697579601239,0.7404203568064238,-0.003550598846299935
1202,0.9041731066460588,0.8476043276661513,0.05656877897990742,0.6502359038293993,0.6278779959355829,0.02235790789381642,0.7245524820038732,0.724087648606915,0.0004648333969582419
1203,0.899931926480599,0.8481279782164737,0.05180394826412538,0.6605851680865729,0.6385023482093555,0.022082819877217386,0.7401619947283535,0.7440383094651316,-0.003876314736778075
1204,0.9220877458396369,0.8512102874432678,0.07087745839636916,0.6459401385640798,0.6234605232089847,0.02247961535509513,0.755268081445826,0.7569285128416847,-0.001660431395858697
1205,0.8934865900383142,0.8043678160919541,0.08911877394636014,0.6477335471899457,0.6141181585484564,0.033615388641489274,0.7023221499853867,0.6976779184141113,0.004644231571275359
1206,0.9036568213783404,0.8462728551336147,0.05738396624472564,0.6535589036414462,0.6323837531162397,0.021175150525206465,0.7563098378946946,0.7574177273920917,-0.001107889497397041
1207,0.8953229398663697,0.843652561247216,0.05167037861915369,0.674677634928797,0.6532199344538006,0.0214577004749964,0.7640453341770584,0.7650939041776642,-0.001048570000605764
1208,0.911849710982659,0.8498554913294797,0.061994219653179305,0.6453411196911348,0.623089581929692,0.02225153776144284,0.7432999409351961,0.7443696040025396,-0.0010696630673434626
1209,0.8817131203263087,0.833242692046227,0.048470428280081634,0.6693964708100858,0.6459581167011563,0.02343835410892947,0.7483282985547642,0.7525604541428133,-0.004232155588049014
1210,0.9004524886877828,0.8348416289592759,0.06561085972850689,0.6483579922067172,0.6236063320546991,0.02475166015201813,0.7341199032294481,0.7358036691762984,-0.0016837659468502686
1211,0.8838951310861424,0.8147565543071161,0.06913857677902624,0.6504133604998485,0.6240763093558246,0.02633705114402396,0.7343997581696808,0.735518699562763,-0.0011189413930821068
1212,0.8867647058823529,0.8165441176470589,0.07022058823529398,0.6765555300232297,0.649692737202121,0.026862792821108705,0.7399195031320324,0.7376375328190188,0.0022819703130135816
1213,0.9092198581560283,0.8549645390070921,0.05425531914893622,0.6587089820241909,0.6346760751688011,0.024032906855389835,0.7525171250838163,0.754528498362693,-0.0020113732788766825
1214,0.8829787234042553,0.8279050736497545,0.0550736497545008,0.6766255496661657,0.652926534508478,0.023699015157687686,0.7583594042827188,0.7579363847434968,0.00042301953922196933
1215,0.8615863141524106,0.7985225505443235,0.06306376360808708,0.6891456787298728,0.6624638709647777,0.0266818077650951,0.7657188191122983,0.7654731705675021,0.00024564854479625087
1216,0.8834216502649508,0.817562452687358,0.06585919757759273,0.6517212661193801,0.6264453305660942,0.02527593555328589,0.7438690028919557,0.7500114251472231,-0.006142422255267399
1217,0.8863109048723898,0.82907965970611,0.057231245166279865,0.6551930321792855,0.6302146697117561,0.02497836246752938,0.720443692835683,0.7229859786951087,-0.0025422858594257303
1218,0.8718330849478391,0.8195976154992548,0.05223546944858426,0.6710416362657823,0.6494938640530873,0.021547772212694993,0.77057582995476,0.7765957726057614,-0.006019942651001364
1219,0.9064692127825409,0.8478565861262666,0.058612626656274314,0.6715167944981089,0.6512307466940215,0.02028604780408738,0.7687794768182694,0.7689718219359002,-0.00019234511763077666
1220,0.9081885856079405,0.8078577336641853,0.10033085194375513,0.625919469038448,0.5976203941010374,0.028299074937410573,0.7188625065712689,0.7192766672410892,-0.00041416066982025157
1221,0.8723088344469191,0.8442464736451374,0.028062360801781705,0.6935885867161239,0.6753530700830696,0.01823551663305434,0.7847107815441331,0.7891707683312353,-0.004459986787102244
1222,0.8899348298334541,0.8265749456915279,0.06335988414192617,0.6541819561204621,0.6297482329455695,0.024433723174892674,0.7361344562264227,0.7342158333072712,0.001918622919151458
1223,0.9267175572519084,0.8556488549618321,0.07106870229007634,0.6635225857762643,0.6426014856959121,0.020921100080352195,0.7623456853435486,0.7626918918372884,-0.00034620649373973134
1224,0.8922345483359746,0.8419175911251982,0.05031695721077645,0.6684003911767117,0.6472116181579899,0.021188773018721796,0.7443735879762624,0.7476001641759622,-0.0032265761996997933
1225,0.9158805031446541,0.8371069182389936,0.07877358490566044,0.6599816521986426,0.6346023575368596,0.025379294661783014,0.7418803720335158,0.7434327259570768,-0.0015523539235610118
1226,0.8974151857835219,0.8277867528271404,0.06962843295638144,0.6698895944135586,0.6464002500420307,0.02348934437152783,0.758397050561869,0.7557087121757715,0.0026883383860974996
1227,0.9073275862068966,0.8695402298850576,0.03778735632183894,0.6379432617565792,0.6153803055965569,0.02256295616002235,0.7182322550671758,0.7197100050897158,-0.0014777500225400253
1228,0.9345146379044684,0.8564714946070879,0.07804314329738049,0.6468289295616377,0.6226951511848144,0.02413377837682329,0.7346999102981524,0.7363606203101736,-0.0016607100120211715
1229,0.889168765743073,0.8321578505457599,0.05701091519731316,0.669212523608491,0.6474955343191159,0.021716989289375155,0.7563635457137277,0.7590189374050942,-0.0026553916913665265
1230,0.9341275402943238,0.8822704975473021,0.05185704274702163,0.6500828067476551,0.6301926339319311,0.019890172815723917,0.7435464658977925,0.7453570260618441,-0.0018105601640515667
1231,0.9331779331779332,0.8588189588189588,0.07435897435897443,0.6575961895390743,0.6343549408514578,0.023241248687616456,0.759325992605735,0.7578993049695545,0.0014266876361804792
1232,0.9092356687898089,0.834952229299363,0.07428343949044591,0.6706822353623205,0.6464705408926659,0.024211694469654654,0.7653670142034861,0.7643770584148173,0.0009899557886687838
1233,0.9296657381615598,0.8526462395543175,0.07701949860724233,0.6660423511903352,0.6425698861552881,0.023472465035047074,0.7808684550411967,0.7795037737268761,0.0013646813143206593
1234,0.9019189765458422,0.8419331911869226,0.05998578535891963,0.6450286661861716,0.620923868516349,0.024104797669822653,0.7212382249483191,0.7221285587283199,-0.0008903337800008071
1235,0.9542280837858805,0.8575640031031808,0.09666408068269972,0.6649891066366073,0.6400253171829637,0.024963789453643526,0.7656780085487829,0.7626116363003936,0.0030663722483892375
1236,0.8745128604832424,0.8034294621979734,0.071083398285269,0.6635166897380217,0.6380996279026375,0.02541706183538417,0.7670810355320468,0.7668862512066017,0.0001947843254450632
1237,0.9392831016825165,0.8811265544989026,0.05815654718361385,0.6589443520961351,0.6396230869291252,0.019321265167009938,0.7505902320756448,0.752973516266353,-0.0023832841907082125
1238,0.8794326241134752,0.8348305752561072,0.04460204885736807,0.6593108955205138,0.6376148841658593,0.021696011354654487,0.7285697569715694,0.7300317982365635,-0.0014620412649940517
1239,0.9034749034749034,0.861068211068211,0.04240669240669248,0.6423978854570052,0.6200134852583826,0.022384400198622534,0.7002643990763701,0.6999316950053385,0.0003327040710315865
1240,0.8936,0.8284,0.06519999999999992,0.6655388374590656,0.6425375866823639,0.023001250776701676,0.7520407319175275,0.7548249746980964,-0.0027842427805688796
1241,0.8787388843977365,0.8080032336297494,0.07073565076798716,0.6712127450708655,0.6479796205565962,0.023233124514269288,0.7785661231118289,0.7803842237700159,-0.001818100658186994
1242,0.8954732510288066,0.8384362139917695,0.05703703703703711,0.6358652102988868,0.6127411957700669,0.023124014528819847,0.7198049892383394,0.7216202210754225,-0.0018152318370830978
1243,0.8965277777777778,0.828125,0.06840277777777781,0.6463955185510002,0.6207155651605525,0.025679953390447707,0.7344374854197914,0.7376784454745939,-0.0032409600548025663
1244,0.8833087149187593,0.8281388478581979,0.05516986706056137,0.6627911332304147,0.6414443794496605,0.021346753780754235,0.7533446362216975,0.7594786700009506,-0.006134033779253145
1245,0.9030574198359433,0.8371364653243848,0.06592095451155855,0.6575041914351534,0.6343261678044382,0.023178023630715194,0.75294485815824,0.7552407438512715,-0.0022958856930315186
1246,0.8938381588715665,0.8243504083147736,0.0694877505567929,0.6591125640814844,0.6315491405184643,0.027563423563020106,0.7487948018531694,0.745971096495748,0.00282370535742138
1247,0.8966789667896679,0.82309963099631,0.07357933579335785,0.6480967729621362,0.6219148280963053,0.02618194486583092,0.737561918348178,0.7364657820523136,0.0010961362958643583
1248,0.90390625,0.842734375,0.06117187499999999,0.6534956485634411,0.6260839698488117,0.02741167871462946,0.7048926208531471,0.7010758423324083,0.003816778520738806
1249,0.8737446197991392,0.8207317073170731,0.05301291248206608,0.6639247574403812,0.6360447839461252,0.027879973494255972,0.760181023481911,0.7636875983264482,-0.0035065748445372025
1250,0.8807126258714175,0.8332300542215337,0.04748257164988379,0.6545889482884014,0.6345587056140675,0.020030242674333953,0.7472382134753455,0.7539265157491524,-0.006688302273806901
1251,0.9368794326241134,0.8785106382978723,0.05836879432624109,0.6450436158002831,0.6252366494400687,0.019806966360214395,0.7155101146611607,0.7152160333651515,0.0002940812960091632
1252,0.8804428044280442,0.8222140221402213,0.05822878228782291,0.6441344468940982,0.6171416116279757,0.026992835266122506,0.7116973993401962,0.7111310796631684,0.0005663196770278045
1253,0.9034690799396682,0.8492458521870289,0.054223227752639325,0.6848941539535122,0.6654326032239706,0.019461550729541588,0.7932375622591562,0.7977448292452054,-0.0045072669860491965
1254,0.9007194244604316,0.8281294964028778,0.07258992805755382,0.6643181781063553,0.6362260285585889,0.0280921495477664,0.7455154972702919,0.7460687585133416,-0.0005532612430497741
1255,0.8856031128404669,0.8429571984435797,0.04264591439688714,0.6574544410885523,0.6378133774443148,0.019641063644237566,0.7380513523438443,0.7425413801806301,-0.004490027836785759
1256,0.9086102719033232,0.835725075528701,0.07288519637462221,0.6535475196281539,0.6296158080609856,0.023931711567168334,0.7546876086512859,0.7556129456396571,-0.0009253369883711615
1257,0.9298380878951427,0.8491133384734002,0.08072474942174246,0.6553388965917357,0.628529685194087,0.02680921139764869,0.7486988954976381,0.7456583135738911,0.00304058192374701
1258,0.92790863668808,0.8736616702355461,0.05424696645253391,0.6727576314971294,0.6530107503473214,0.01974688114980805,0.764731410282657,0.764999276473483,-0.00026786619082597163
1259,0.914576802507837,0.836755485893417,0.07782131661442004,0.6561200886589691,0.6321307827421699,0.023989305916799153,0.7464751008267941,0.7467019290558844,-0.00022682822909025901
1260,0.8704918032786885,0.8178688524590164,0.052622950819672054,0.6705874050986378,0.6482760529466218,0.022311352152015962,0.7590639204747663,0.7641486597518687,-0.005084739277102401
1261,0.8835845896147404,0.8157453936348409,0.06783919597989951,0.6559170462699585,0.6322404762679592,0.023676570001999298,0.7643532190870069,0.7662469372736405,-0.0018937181866335306
1262,0.9094427244582043,0.8231424148606811,0.08630030959752322,0.632722331975984,0.6042367798376509,0.028485552138333148,0.7080486772741711,0.7059714961257866,0.0020771811483845104
1263,0.916734693877551,0.8395918367346938,0.07714285714285718,0.6489805890342286,0.6251759884248835,0.023804600609345083,0.7411595971103089,0.7400032961163358,0.001156300993973125
1264,0.8776119402985074,0.8107462686567164,0.06686567164179102,0.6681687066818194,0.6457116958252034,0.022457010856616,0.7634086448515084,0.7681744401225457,-0.004765795271037265
1265,0.8956953642384106,0.814569536423841,0.08112582781456956,0.6544430567173918,0.6318193430851315,0.022623713632260234,0.7495743114782843,0.7509697768002761,-0.0013954653219917512
1266,0.8890577507598785,0.8145136778115502,0.07454407294832832,0.635823666287661,0.6107085843410553,0.02511508194660561,0.7065927622223585,0.7070986590690097,-0.0005058968466512548
1267,0.9200298953662183,0.8595665171898356,0.0604633781763827,0.6751531211131928,0.6519348537590758,0.023218267354117028,0.768031991144684,0.7649118108159461,0.0031201803287379537
1268,0.897943640517898,0.828027418126428,0.06991622239147,0.6702648658393909,0.6476235156998781,0.02264135013951285,0.7851242348264393,0.7896234013969874,-0.004499166570548052
1269,0.8869230769230769,0.8460000000000001,0.04092307692307684,0.6634764510048407,0.6437192754960269,0.01975717550881373,0.7489404392339875,0.7547976073465573,-0.005857168112569866
1270,0.8764215314632298,0.8285064442759665,0.04791508718726323,0.6392441549388382,0.6161651215855092,0.02307903335332906,0.7227498449913241,0.7269258039383912,-0.0041759589470671266
1271,0.9119943222143364,0.8363378282469837,0.07565649396735274,0.6634966694182975,0.6391750685207213,0.02432160089757629,0.7503237837037646,0.7498004070490736,0.0005233766546910434
1272,0.9062049062049062,0.8521645021645021,0.05404040404040411,0.6525890128826205,0.6286891439048862,0.02389986897773433,0.7369742683893971,0.7354296020077582,0.0015446663816388595
1273,0.90056134723336,0.8526864474739375,0.047874899759422496,0.664159530676301,0.6433630888392363,0.02079644183706464,0.757961461367822,0.7589631756048176,-0.0010017142369955767
1274,0.8794765840220385,0.8231404958677686,0.05633608815426994,0.658867739336277,0.6391136896676249,0.01975404966865202,0.7431916304833781,0.7461147311331469,-0.0029231006497687506
1275,0.8921232876712328,0.8185787671232877,0.07354452054794514,0.6695892968070276,0.6461871440748049,0.02340215273222268,0.764344737779038,0.7624200867224874,0.001924651056550597
1276,0.9006734006734006,0.8087542087542087,0.09191919191919196,0.6781389593652688,0.6507958749118117,0.027343084453457123,0.7730610502486164,0.7725578556589529,0.0005031945896635248
1277,0.8752922837100545,0.8045985970381917,0.07069368667186282,0.6441153660335754,0.6172762123512059,0.026839153682369554,0.7217266358736073,0.7246396198822553,-0.002912984008648034
1278,0.9053117782909931,0.8168591224018475,0.08845265588914553,0.6487886486755032,0.6216458991473847,0.02714274952811857,0.7309458743937473,0.7316604700787837,-0.000714595685036401
1279,0.9046474358974359,0.8207532051282052,0.08389423076923075,0.6552915501009114,0.6267997767600094,0.028491773340902027,0.7391511055169825,0.7373076647881216,0.00184344072886089
1280,0.8904761904761904,0.8153174603174603,0.07515873015873009,0.6620098904520312,0.6357606210625631,0.026249269389468033,0.7511908207572752,0.753767024741222,-0.0025762039839468676
1281,0.9169354838709678,0.8455645161290322,0.07137096774193563,0.6381325629910976,0.6137448772456824,0.024387685745415166,0.7073110085726773,0.7056960182704264,0.0016149903022508738
1282,0.882943143812709,0.7976588628762542,0.08528428093645479,0.6371449636162889,0.6108908441506566,0.026254119465632275,0.7235238853127002,0.7247749981910483,-0.0012511128783481151
1283,0.8573508005822417,0.8160116448326054,0.041339155749636314,0.6511667254125543,0.6264728721038759,0.02469385330867835,0.7137421341540728,0.717975489616469,-0.004233355462396116
1284,0.885558583106267,0.8378746594005448,0.047683923705722164,0.6549416936449344,0.6311231398258407,0.023818553819093702,0.7246402250001118,0.7284059745270589,-0.003765749526947082
1285,0.8554396423248882,0.8141579731743667,0.04128166915052156,0.6680851578079459,0.6474354636605296,0.020649694147416242,0.7454797661833189,0.7554218315685599,-0.009942065385241006
1286,0.896877269426289,0.8484386347131444,0.04843863471314458,0.6815109342502528,0.6643839416040482,0.017126992646204542,0.7666933784450932,0.7712417013131828,-0.004548322868089594
1287,0.8962472406181016,0.8362766740250184,0.0599705665930832,0.6641146192212461,0.6414810692102173,0.022633550011028847,0.7472580969794579,0.7448260849670927,0.0024320120123652034
1288,0.899919935948759,0.8318654923939152,0.0680544435548438,0.644851793196806,0.6202203632005465,0.024631429996259446,0.7310503982747197,0.7320749370764099,-0.001024538801690178
1289,0.9054421768707483,0.8506802721088436,0.05476190476190479,0.6534894960888774,0.6329692505290121,0.020520245559865313,0.7333015984201565,0.7385407230310232,-0.00523912461086673
1290,0.8876582278481012,0.8343354430379746,0.053322784810126644,0.6686370910978261,0.644345217130104,0.024291873967722144,0.7586650686381612,0.7578580441685843,0.0008070244695769224
1291,0.8931591083781706,0.8282859338970023,0.06487317448116825,0.670974777567636,0.6465023930735276,0.02447238449410838,0.7479783545765802,0.7480408811331188,-6.252655653860018e-05
1292,0.8955331412103746,0.8450288184438041,0.050504322766570575,0.6669656302235766,0.6477025078243732,0.01926312239920336,0.7469077058467933,0.7519871704047303,-0.005079464557936952
1293,0.8882769472856019,0.851062155782848,0.03721479150275386,0.702786814683424,0.6855313298258819,0.017255484857542025,0.7879015866370896,0.7878336009086971,6.79857283925056e-05
1294,0.9151090342679128,0.8458722741433021,0.06923676012461066,0.6390813872127048,0.6157737333719515,0.023307653840753284,0.729909102368531,0.7302916163594511,-0.00038251399092004146
1295,0.8908941755537325,0.8189499589827728,0.07194421657095973,0.6536262342778159,0.6277118079287545,0.02591442634906138,0.7439540536153598,0.7425648086007054,0.0013892450146544277
1296,0.9313880126182965,0.8436908517350157,0.08769716088328083,0.6504188334271832,0.6240188734701915,0.026399959956991736,0.7416968890627529,0.739828709842946,0.0018681792198068647
1297,0.8869005010737294,0.8224767358625626,0.06442376521116677,0.6663414106677237,0.6396463954371552,0.026695015230568497,0.7506700920200355,0.7520450731055972,-0.0013749810855616662
1298,0.9103498542274052,0.8357871720116619,0.07456268221574336,0.6771506661146354,0.6518206834772062,0.025329982637429138,0.7654302419332537,0.7628081561020957,0.002622085831157972
1299,0.9002394253790902,0.8276137270550679,0.07262569832402233,0.7015980573089168,0.6795118900029051,0.02208616730601165,0.8046547158400331,0.8067779266345283,-0.0021232107944951784
1300,0.9090909090909091,0.8514226231783486,0.05766828591256046,0.6547711801999857,0.6336775670823538,0.021093613117631915,0.7489365060943235,0.7519812483623337,-0.0030447422680102143
1301,0.9097688292319165,0.8440715883668904,0.06569724086502604,0.6599104795966956,0.6364627771784752,0.023447702418220362,0.7656496169885189,0.766124061529365,-0.00047444454084610843
1302,0.8910103420843277,0.8063643595863166,0.08464598249801114,0.6661776163744287,0.6402783055182764,0.02589931085615238,0.7637666158675263,0.762984198932089,0.0007824169354372357
1303,0.9059288537549407,0.824189723320158,0.08173913043478265,0.6462779964028476,0.6204059490947664,0.025872047308081125,0.7397414611275749,0.740283774005959,-0.0005423128783841324
1304,0.9010819165378671,0.8459041731066461,0.05517774343122095,0.6529568559827219,0.6282917905895431,0.02466506539317881,0.7625029440002132,0.766404899382759,-0.0039019553825457853
1305,0.894620486366986,0.8386145910095799,0.05600589535740608,0.6485790343935226,0.6250099824020232,0.02356905199149939,0.7292602553577835,0.7305200485637631,-0.0012597932059795758
1306,0.8769106999195495,0.8174577634754625,0.059452936444087,0.6488967565483091,0.6212938847777042,0.027602871770604942,0.7180165943633515,0.7202267398202781,-0.002210145456926549
1307,0.8759856630824373,0.8397132616487456,0.0362724014336917,0.6427642971711139,0.6236783578111968,0.019085939359917092,0.7300362044268807,0.7376775304594042,-0.007641326032523543
1308,0.9095022624434389,0.8493212669683258,0.06018099547511313,0.6453929655237927,0.6218522822727203,0.023540683251072392,0.7310062549763062,0.7314913164739818,-0.00048506149767557627
1309,0.9033850493653033,0.8449929478138223,0.058392101551481,0.6680544510665813,0.6432238859342829,0.02483056513229842,0.7477983994217743,0.7481547068483982,-0.00035630742662395853
1310,0.9104744852282901,0.852461951656222,0.05801253357206815,0.6575583317101239,0.6375220911518732,0.020036240558250706,0.7621029476515659,0.764034393991485,-0.0019314463399190407
1311,0.9076803723816912,0.8508921644685803,0.0567882079131109,0.6683048678123431,0.6485150404606307,0.01978982735171242,0.7658350687877487,0.7665190898157699,-0.0006840210280212311
1312,0.9002201027146002,0.8411592076302276,0.05906089508437262,0.6775800567436094,0.6564268013060899,0.021153255437519558,0.7731285871977943,0.7720374616455974,0.0010911255521969254
1313,0.8980617372577172,0.8369705671213209,0.06109117013639631,0.6583707012144399,0.6338908181278322,0.024479883086607646,0.7304672787183383,0.7319771280333807,-0.0015098493150423886
1314,0.8930635838150289,0.8328757225433525,0.06018786127167641,0.6691697168475643,0.6462178995996974,0.02295181724786688,0.7452921142485348,0.7486438162084824,-0.003351701959947606
1315,0.9184247538677919,0.858720112517581,0.05970464135021092,0.6518129143727076,0.6280977004186787,0.02371521395402887,0.7317194777059507,0.7291752567744785,0.0025442209314722186
1316,0.8987538940809969,0.8147196261682244,0.08403426791277258,0.6517235683785484,0.6242765755718133,0.027446992806735127,0.7498734465277228,0.7477213755441894,0.0021520709835334273
1317,0.9054263565891473,0.8307751937984497,0.07465116279069761,0.6559553296601817,0.6285826280352382,0.02737270162494343,0.7327759678858237,0.7314230463898267,0.0013529214959969726
1318,0.9149463253509497,0.843270024772915,0.07167630057803465,0.6785193879038578,0.6546323948998696,0.02388699300398822,0.7736608859427969,0.776428707045394,-0.002767821102597101
1319,0.901090909090909,0.8498181818181818,0.05127272727272725,0.6507192983556921,0.6307116989361434,0.02000759941954866,0.7311847251062022,0.7327099018326061,-0.001525176726403843
1320,0.9061068702290076,0.8306870229007635,0.07541984732824414,0.6700001659291538,0.6419755931081303,0.02802457282102344,0.7539448003183102,0.7513435436716379,0.002601256646672323
1321,0.9039039039039038,0.8391891891891892,0.06471471471471468,0.6563162644524958,0.6363617472504993,0.01995451720199648,0.7545048460691955,0.7572920355250506,-0.002787189455855099
1322,0.8889679715302491,0.8494661921708184,0.03950177935943067,0.6611375995162001,0.6411124870655762,0.020025112450623883,0.7548161971885889,0.7606710223443391,-0.0058548251557501985
1323,0.8882720333102012,0.8414989590562112,0.04677307425399002,0.6576422069557303,0.6357137726672217,0.021928434288508547,0.739524517474051,0.74358596822149,-0.004061450747439022
1324,0.9032786885245901,0.8228688524590163,0.08040983606557384,0.6198492404871401,0.5929734119779194,0.026875828509220656,0.7120737988663708,0.7111111461090727,0.0009626527572981214
1325,0.9057377049180327,0.8537568306010929,0.051980874316939873,0.6544155803289379,0.6329321816186324,0.021483398710305468,0.7388720043038184,0.742418800366106,-0.0035467960622875827
1326,0.9053117782909931,0.8368745188606621,0.06843725943033097,0.649623038035571,0.6274710720913579,0.022151965944213092,0.7480975280408021,0.7503573019976175,-0.002259773956815425
1327,0.886444286728176,0.8217885024840312,0.06465578424414475,0.6444798005491158,0.6185468993141211,0.0259329012349947,0.724725058666329,0.7284779342801345,-0.003752875613805551
1328,0.9296875,0.84859375,0.08109374999999996,0.6561242639670083,0.6328698681044818,0.023254395862526533,0.7530531445116034,0.7531659697524362,-0.00011282524083278123
1329,0.9139622641509434,0.8546415094339623,0.05932075471698106,0.6392443691150728,0.6185265963244274,0.02071777279064535,0.7274145219977506,0.7317810335025632,-0.004366511504812598
1330,0.9168399168399168,0.8545391545391545,0.062300762300762313,0.6720964488005495,0.6495156487823739,0.02258080001817564,0.7538657692118056,0.7566175632764033,-0.00275179406459769
1331,0.8927469135802469,0.8100308641975309,0.08271604938271604,0.6776590704046466,0.6515754650045937,0.026083605400052834,0.7746632906647629,0.7743770109300598,0.00028627973470307655
1332,0.9068425391591096,0.8396537510305029,0.06718878812860674,0.6621099875086284,0.6393896679151438,0.022720319593484528,0.7556582323769347,0.7585228563101253,-0.0028646239331905354
1333,0.8562138728323699,0.810043352601156,0.04617052023121393,0.6542361427759494,0.6345328840704252,0.01970325870552425,0.7513775535116494,0.7576745992451717,-0.0062970457335223
1334,0.8806866952789699,0.8026609442060085,0.07802575107296139,0.6736270376628873,0.6486982557409265,0.024928781921960796,0.774055462604203,0.7755640063427829,-0.0015085437385798928
1335,0.8922535211267606,0.8373943661971831,0.05485915492957749,0.6877166063856558,0.6656321889178936,0.02208441746776224,0.748543457198036,0.7479258199385139,0.0006176372595221302
1336,0.8974151857835219,0.8292407108239095,0.06817447495961237,0.6693971487480763,0.6459684106297632,0.02342873811831314,0.7682259960321088,0.7703870323032229,-0.0021610362711140807
1337,0.9294915254237288,0.8766779661016949,0.05281355932203391,0.6474258380988467,0.6249757651024764,0.02245007299637025,0.7203349095784692,0.7212026085361026,-0.0008676989576333893
1338,0.9029799029799029,0.8376299376299376,0.06534996534996529,0.6730886201927873,0.6494202835154516,0.0236683366773357,0.7603678570527828,0.7599992926912622,0.0003685643615205514
1339,0.9124528301886793,0.837811320754717,0.0746415094339623,0.6421935076931611,0.6170411064109167,0.025152401282244385,0.7168976780900878,0.7143350216982258,0.0025626563918619283
1340,0.8916083916083916,0.8457342657342657,0.04587412587412587,0.6486912684082209,0.6267946371481569,0.021896631260064026,0.707539746690413,0.7093240218133017,-0.001784275122888701
1341,0.8993766696349065,0.8228851291184327,0.07649154051647378,0.6664874749792393,0.6425362624575773,0.02395121252166199,0.767772353810291,0.7677703323833098,2.021426981135832e-06
1342,0.8835164835164835,0.8343589743589742,0.04915750915750927,0.6672729801536365,0.6440013098299966,0.02327167032363986,0.7428158154008088,0.7466233005174304,-0.003807485116621656
1343,0.8931351733899504,0.8157112526539277,0.07742392073602267,0.6641605120230984,0.6378302438468948,0.026330268176203653,0.7568475101766298,0.7573345841463184,-0.0004870739696886117
1344,0.8748125937031485,0.8311844077961019,0.043628185907046535,0.6589830370823881,0.6388303436570714,0.02015269342531678,0.7407859496251347,0.7452115315339061,-0.004425581908771403
1345,0.9069572506286673,0.8513830678960603,0.05557418273260695,0.6615970669761445,0.6388857277035233,0.022711339272621256,0.7609718141575654,0.763255031459287,-0.0022832173017215407
1346,0.9176984705025492,0.8296431172614712,0.08805535324107794,0.6649892048227939,0.6358758697483025,0.02911333507449143,0.7637365540148476,0.7571271807113289,0.00660937330351874
1347,0.9008207934336525,0.8481532147742818,0.05266757865937066,0.6681676875822203,0.6469072753758198,0.021260412206400514,0.7430178504678855,0.7431898271122067,-0.0001719766443212256
1348,0.9003407155025553,0.8062180579216355,0.09412265758091987,0.6537704206873806,0.6226157004688433,0.03115472021853727,0.7322674178828553,0.7298532671148488,0.002414150768006551
1349,0.9104938271604939,0.8453703703703704,0.06512345679012344,0.6430866414273185,0.6221928613506132,0.02089378007670528,0.7337136759452317,0.7340335071841448,-0.00031983123891310417
1350,0.9048,0.85856,0.04624000000000006,0.684243969213566,0.6672988176222006,0.016945151591365448,0.764801514900962,0.7674773926973625,-0.0026758777964004388
1351,0.8770053475935828,0.8200916730328494,0.056913674560733485,0.660462079923698,0.6395094526119637,0.020952627311734306,0.737243971720176,0.7389247997574104,-0.0016808280372344608
1352,0.8970456580125336,0.8293643688451209,0.06768128916741267,0.6620304385618142,0.6370635459903787,0.024966892571435473,0.7494642057861066,0.7471807959951653,0.0022834097909413265
1353,0.8866213151927438,0.8386999244142102,0.047921390778533635,0.6585371551939763,0.6374317125563744,0.021105442637601834,0.7463921899977657,0.748952904438821,-0.002560714441055323
1354,0.8717008797653959,0.829692082111437,0.04200879765395893,0.6624464137630555,0.6408119606480488,0.02163445311500667,0.7520320785890207,0.7617872042285434,-0.009755125639522744
1355,0.8876651982378855,0.8362701908957415,0.05139500734214397,0.64920068692466,0.6270714446760841,0.02212924224857593,0.7217122526352122,0.7272358121008349,-0.005523559465622663
1356,0.9122055674518201,0.8381156316916488,0.07408993576017131,0.670440525827067,0.6440647444519181,0.026375781375148954,0.7522190015726103,0.7501381311331242,0.0020808704394861266
1357,0.8897058823529411,0.8373529411764705,0.0523529411764706,0.6587074747068551,0.6364094197588571,0.02229805494799797,0.7387221356267211,0.7404417816272142,-0.0017196460004931247
1358,0.9099173553719008,0.8365289256198348,0.07338842975206594,0.6375291893242985,0.6117816630985067,0.025747526225791795,0.7227672085015333,0.722790212748618,-2.3004247084679186e-05
1359,0.9260424862313139,0.8495672698662471,0.07647521636506682,0.6531754947460789,0.6328033796764478,0.020372115069631103,0.741169010412563,0.7410407805095512,0.00012822990301175619
1360,0.8736600306278713,0.8276416539050537,0.04601837672281761,0.6644222184765076,0.6422061015058455,0.02221611697066217,0.731892431967291,0.7354797105461215,-0.003587278578830455
1361,0.910394265232975,0.838853046594982,0.0715412186379929,0.6684635624612932,0.6443087700902084,0.024154792371084866,0.7562704760097021,0.754802216172498,0.0014682598372041111
1362,0.9054054054054054,0.8562312312312313,0.049174174174174023,0.6737397326199138,0.6534225385749102,0.02031719404500365,0.7563105172740394,0.7565540045656249,-0.00024348729158552018
1363,0.8904109589041096,0.8407735697018535,0.04963738920225613,0.6764868431833717,0.6569037276149728,0.019583115568398868,0.7552257031207779,0.7603783290226006,-0.005152625901822749
1364,0.9251887439945092,0.8630748112560054,0.06211393273850385,0.6358839434678125,0.6146678390087221,0.02121610445909039,0.7215570626402473,0.7194170511264004,0.0021400115138469067
1365,0.8811571540265832,0.8262705238467554,0.05488663017982787,0.6628151829801153,0.6389040507028025,0.023911132277312785,0.7302376361993982,0.7337518409397095,-0.0035142047403112775
1366,0.9187192118226601,0.84376026272578,0.07495894909688017,0.6398876812589274,0.6151361899797948,0.024751491279132565,0.7228311851273336,0.7220734068899409,0.0007577782373926478
1367,0.8776167471819646,0.814009661835749,0.06360708534621562,0.6680662563961557,0.6449978393940873,0.02306841700206841,0.7455799805753115,0.7453285813543191,0.00025139922099237655
1368,0.9230769230769231,0.869513055751588,0.053563867325335135,0.6573379605997604,0.6376737315495993,0.019664229050161075,0.7427148282122171,0.743841761661141,-0.0011269334489238947
1369,0.8871103622577927,0.8183656276326875,0.06874473462510522,0.6582347712378391,0.632535789624234,0.025698981613605176,0.7651286772447663,0.7703501112371993,-0.005221433992433022
1370,0.9056754596322941,0.8217426059152679,0.08393285371702619,0.6838333484206217,0.6588603420437804,0.0249730063768413,0.7828458722476783,0.7848301935974666,-0.0019843213497883205
1371,0.9011857707509882,0.8381818181818183,0.06300395256916991,0.6466347317504154,0.6210824449558726,0.0255522867945428,0.730191260168487,0.7331563344770631,-0.0029650743085760656
1372,0.8966846569005397,0.8303777949113338,0.06630686198920588,0.6716195410262129,0.6465597384070567,0.02505980261915619,0.7547015217425136,0.7538594008425863,0.0008421208999273011
1373,0.8884943181818182,0.8344460227272726,0.05404829545454559,0.6671536683931373,0.6454657265541528,0.02168794183898448,0.7498681416222461,0.7527387221625437,-0.0028705805402975404
1374,0.8928571428571429,0.824927113702624,0.06793002915451896,0.6580560374696887,0.6326070941327878,0.025448943336900842,0.7466342489248262,0.748493618979784,-0.0018593700549577319
1375,0.892770105605199,0.8310316815597074,0.06173842404549157,0.6594610337753517,0.6395308622754656,0.019930171499886074,0.7632070507629913,0.7668769294222908,-0.0036698786592994637
1376,0.865979381443299,0.8028548770816812,0.06312450436161776,0.6924171732364198,0.6661735752743013,0.026243597962118503,0.7601464478754458,0.7598913979992833,0.0002550498761625386
1377,0.8953913679590344,0.8290416971470373,0.06634967081199705,0.6624387654981945,0.635762276969161,0.026676488529033482,0.7505242544890202,0.7502019148840293,0.00032233960499084
1378,0.901018922852984,0.8321688500727802,0.06885007278020383,0.6142474265172349,0.5856879225594529,0.02855950395778195,0.690781926355326,0.6923519502507274,-0.0015700238954013956
1379,0.8692476260043828,0.8305332359386414,0.0387143900657414,0.6800815260850465,0.6589573520648544,0.021124174020192066,0.752799407643632,0.7594399670284415,-0.006640559384809563
1380,0.9081632653061225,0.83134110787172,0.07682215743440246,0.6613706049368709,0.6353677225622897,0.02600288237458126,0.7521476401390194,0.7505398788208004,0.0016077613182189365
1381,0.9087921117502055,0.8374691865242399,0.07132292522596562,0.6663029187285772,0.6402493066795742,0.026053612049002917,0.746263351547843,0.7439212806008424,0.002342070947000563
1382,0.9065281899109793,0.8518545994065283,0.054673590504450975,0.6543589146433337,0.6304395111591162,0.023919403484217505,0.733069637515736,0.733612580847508,-0.0005429433317720722
1383,0.8793103448275862,0.815987460815047,0.06332288401253916,0.6596859911232434,0.6372990246368693,0.02238696648637417,0.7483477852977215,0.7528350102588315,-0.004487224961109981
1384,0.9158143194335169,0.8276947285601889,0.08811959087332799,0.6589388513845945,0.6331331745418666,0.025805676842727943,0.7597063500779819,0.7568383071063349,0.002868042971647
1385,0.9389712292938099,0.8571054925893635,0.08186573670444641,0.660066597140159,0.6374888515871489,0.022577745553010176,0.7503370673506518,0.7496269761243186,0.0007100912263331427
1386,0.8863796753705011,0.8362738179251942,0.050105857445306934,0.6465792738691489,0.6252520923125652,0.021327181556583752,0.7307939858667369,0.7328936600204271,-0.0020996741536901675
1387,0.9126133553173948,0.8392415498763397,0.07337180544105515,0.644899052629004,0.61999295333962,0.02490609928938403,0.7520410310062444,0.7527389058401559,-0.0006978748339114826
1388,0.9110535405872193,0.8158031088082902,0.09525043177892911,0.6781441872758666,0.6517098239673371,0.02643436330852944,0.7773233264030868,0.7760735160533849,0.001249810349701841
1389,0.9072249589490968,0.8461412151067323,0.06108374384236448,0.6392598322596652,0.6161984629878404,0.023061369271824783,0.7013134582250299,0.7012238356929441,8.962253208577575e-05
1390,0.8832335329341318,0.8395958083832336,0.043637724550898205,0.6629654500450995,0.6446138817148046,0.018351568330294943,0.7564514511636776,0.764818194184181,-0.008366743020503331
1391,0.9303892215568862,0.8479041916167664,0.08248502994011975,0.642539376795259,0.6167293390931039,0.025810037702155064,0.730456823715904,0.7295950994298108,0.0008617242860932128
1392,0.92,0.8169230769230771,0.10307692307692295,0.6550805091257516,0.6223708720816805,0.03270963704407104,0.7328835796835931,0.7227543327180523,0.010129246965540739
1393,0.8851717902350814,0.8149186256781193,0.07025316455696207,0.6697014006148501,0.646629108287919,0.023072292326931088,0.7682616602133354,0.7694448093767337,-0.0011831491633982338
1394,0.8891491022638564,0.8300546448087432,0.0590944574551131,0.6646729834015531,0.6384829296565256,0.026190053745027475,0.752687600482946,0.7531539897114296,-0.0004663892284835214
1395,0.9111295681063123,0.8317275747508305,0.07940199335548181,0.6600262851444638,0.6340608168099173,0.025965468334546493,0.7383884170415286,0.7344146156256498,0.003973801415878775
1396,0.8977519941986947,0.8525018129079042,0.0452501812907905,0.6488272348232704,0.6321094579114073,0.016717776911863158,0.738501520024494,0.7412605804841436,-0.002759060459649576
1397,0.9117647058823529,0.8282507739938081,0.08351393188854483,0.6531938002267613,0.627310044260587,0.025883755966174316,0.7374338166386564,0.7338298827786157,0.0036039338600406534
1398,0.8964788732394366,0.83443661971831,0.06204225352112669,0.6272991562308331,0.6041344206341355,0.023164735596697628,0.7122683572107178,0.7170059610343879,-0.004737603823670056
1399,0.9229166666666667,0.8631249999999999,0.0597916666666668,0.647047925083863,0.6268966190124361,0.0201513060714269,0.7359468023823441,0.7382429397678067,-0.0022961373854626377
1400,0.8985507246376812,0.8164759725400458,0.08207475209763537,0.6550886200854539,0.6268608768783217,0.028227743207132172,0.7239553276360311,0.72504475992394,-0.0010894322879089202
1401,0.9005891016200295,0.8254050073637702,0.07518409425625927,0.639338063219853,0.6140252885757747,0.02531277464407833,0.699016876330248,0.698432534771295,0.0005843415589530387
1402,0.8637992831541219,0.8028673835125449,0.06093189964157697,0.6670757200087791,0.6426266311172206,0.0244490888915585,0.7282135089650857,0.7310782668318702,-0.0028647578667844176
1403,0.9206471494607088,0.8647149460708782,0.055932203389830626,0.6694628598656562,0.647861964433924,0.02160089543173227,0.7642079722896653,0.7661825852373518,-0.001974612947686527
1404,0.9016630513376718,0.8481561822125814,0.053506869125090395,0.6552453496731467,0.6337088843366573,0.021536465336489452,0.7403248213186663,0.7430815116123861,-0.0027566902937198323
1405,0.9230118443316413,0.8601522842639593,0.06285956006768201,0.6386247387915102,0.6164269473242858,0.022197791467224337,0.7261819912231658,0.7301921865487364,-0.004010195325570565
1406,0.9077586206896552,0.8374137931034482,0.07034482758620697,0.6513651775670106,0.6278743043669562,0.023490873200054385,0.7390937639214971,0.7369131327784959,0.002180631143001155
1407,0.9099451840250588,0.858183241973375,0.05176194205168372,0.6657535015054268,0.6461951859945783,0.019558315510848523,0.7440507103147519,0.7448693607449665,-0.0008186504302145625
1408,0.8831168831168831,0.8307868601986248,0.05233002291825828,0.6676977124946055,0.645406440956614,0.022291271537991486,0.7410028753189061,0.7433071076812031,-0.002304232362297043
1409,0.8944099378881988,0.8329882677708765,0.06142167011732225,0.6580364208105528,0.6336665953922862,0.0243698254182666,0.7313477903977567,0.7330699752073547,-0.0017221848095980707
1410,0.9095127610208816,0.851198762567672,0.058313998453209615,0.6505798697680649,0.6307460910430697,0.019833778724995255,0.7440558983823128,0.7455575290055053,-0.0015016306231925292
1411,0.8973941368078175,0.8072475570032575,0.09014657980456009,0.6535673938891068,0.6244036424727085,0.029163751416398265,0.7467991466763052,0.7452735976614541,0.0015255490148511353
1412,0.9222309505106049,0.8423409269442261,0.07989002356637875,0.666897815291662,0.6419700825119676,0.0249277327796944,0.7542473469926612,0.753552089432368,0.0006952575602932054
1413,0.8799126637554585,0.8350072780203786,0.04490538573507996,0.6650595641681489,0.639724728886923,0.02533483528122593,0.7501662719068407,0.7521933561176295,-0.0020270842107887876
1414,0.9040404040404041,0.8287878787878787,0.07525252525252535,0.683382289741603,0.6607550349255338,0.022627254816069198,0.7899450823158449,0.793872332614984,-0.003927250299139096
1415,0.9218390804597701,0.8466666666666667,0.07517241379310347,0.652410059438016,0.6281367903461619,0.02427326909185412,0.7535617652275637,0.753871719363705,-0.0003099541361413216
1416,0.8925680647534953,0.8286239882266372,0.06394407652685807,0.6682766502530366,0.6436237726513094,0.024652877601727186,0.7550725826241392,0.7528790461689377,0.0021935364552014835
1417,0.8980694980694981,0.826177606177606,0.07189189189189205,0.6695034449399268,0.6479085324533039,0.02159491248662282,0.7738114001136527,0.7753875453067619,-0.001576145193109224
1418,0.8834729626808835,0.8219345011424218,0.06153846153846165,0.6430773031218646,0.6197359571039113,0.023341346017953346,0.7229884974570026,0.7264402435364012,-0.0034517460793986876
1419,0.9106145251396648,0.8513966480446928,0.05921787709497195,0.656767149192077,0.6330335029193643,0.023733646272712683,0.737791539412471,0.7368344510310468,0.0009570883814241649
1420,0.890818858560794,0.8358974358974358,0.0549214226633582,0.6549905130832738,0.635054268217091,0.01993624486618284,0.7531362492594963,0.7572999702794709,-0.004163721019974642
1421,0.917960088691796,0.8431633407243163,0.0747967479674797,0.6578961628312894,0.6336535822926335,0.02424258053865591,0.7424628375990827,0.7412587474757024,0.001204090123380297
1422,0.9155038759689923,0.845658914728682,0.06984496124031025,0.634235329622699,0.6077834316450477,0.02645189797765135,0.7224284749524208,0.7225742846041754,-0.00014580965175459148
1423,0.9088729016786571,0.8404476418864908,0.06842525979216629,0.6500708445377864,0.6278117061365214,0.022259138401265033,0.727222325368523,0.7272999206222962,-7.759525377315502e-05
1424,0.9097421203438395,0.8489255014326649,0.060816618911174625,0.6823455918148692,0.6605282716650474,0.02181732014982185,0.7718111592543541,0.7696261043504518,0.002185054903902306
1425,0.8982584784601283,0.809532538955087,0.08872593950504126,0.6917894857529235,0.6660410509810623,0.025748434771861284,0.7895574036869526,0.7902229964350076,-0.0006655927480549995
1426,0.9021244309559939,0.8149468892261001,0.08717754172989378,0.6528586196947813,0.6235244482163667,0.02933417147841466,0.7456907972404342,0.7403526707556667,0.0053381264847675025
1427,0.9133333333333333,0.8572592592592592,0.056074074074074165,0.6493472832435099,0.6288233117924891,0.020523971451020806,0.7462597283985787,0.7465594020933086,-0.00029967369472994054
1428,0.8857808857808858,0.8358197358197359,0.049961149961149864,0.6573084901144837,0.6375134629879374,0.01979502712654624,0.7426929028445416,0.747290491985406,-0.004597589140864389
1429,0.8858578607322326,0.8400574300071787,0.04580043072505391,0.6803898343160293,0.6589101251009324,0.021479709215096898,0.7584996756743112,0.7607627139048965,-0.002263038230585268
1430,0.9240412979351033,0.851401179941003,0.0726401179941003,0.6592139885258673,0.6346298054000069,0.024584183125860415,0.7343915179054403,0.7318599582471885,0.002531559658251803
1431,0.9020618556701031,0.840721649484536,0.061340206185567125,0.6444073360276091,0.6197220836606501,0.024685252366959065,0.7330685270833341,0.7320463717434539,0.0010221553398802596
1432,0.9026845637583892,0.8291107382550337,0.07357382550335556,0.6455667777801042,0.6209313660139915,0.024635411766112725,0.7310731814088487,0.7336585664907058,-0.002585385081857128
1433,0.8971061093247589,0.8381028938906752,0.05900321543408371,0.6520254589744037,0.6303737278335194,0.021651731140884256,0.7312508052680251,0.73391918426335,-0.002668378995324905
1434,0.9094125973106865,0.848336871903751,0.06107572540693551,0.6501550910475857,0.6292073489359219,0.020947742111663836,0.7262662271542698,0.7275381950766203,-0.0012719679223505143
1435,0.9153094462540716,0.8403094462540718,0.07499999999999984,0.6536670893149066,0.6296673645568037,0.02399972475810286,0.7615299193888797,0.7634630174164997,-0.0019330980276199838
1436,0.9134539732494099,0.826671911880409,0.0867820613690009,0.6488831093288885,0.6203647517763344,0.028518357552554052,0.7372720541364625,0.7353977095803461,0.0018743445561163474
1437,0.8938253012048193,0.8109939759036144,0.08283132530120485,0.6677933722555139,0.6397563681654561,0.028037004090057827,0.7539569657849715,0.7526329081133449,0.0013240576716265773
1438,0.8912071535022354,0.8190760059612519,0.0721311475409836,0.6622855236954772,0.6359974391770297,0.026288084518447552,0.7553044411899162,0.7563710038916972,-0.0010665627017809598
1439,0.9073208722741433,0.8456386292834891,0.06168224299065417,0.6565643819324296,0.633082706811017,0.023481675121412637,0.7448688452424517,0.7474509203092514,-0.0025820750667997494
1440,0.8895066018068103,0.8374565670604588,0.0520500347463515,0.6576848141360152,0.6341102325027329,0.0235745816332823,0.731242201271976,0.7357784978982146,-0.004536296626238556
1441,0.8721590909090909,0.8116477272727274,0.06051136363636356,0.6657925998547558,0.6406955771917249,0.025097022663030932,0.7405318727608918,0.7425022258223253,-0.0019703530614334497
1442,0.9120545868081881,0.8422289613343441,0.06982562547384397,0.6422894863771675,0.6170271555017479,0.025262330875419625,0.6965084846174666,0.69330674559872,0.003201739018746652
1443,0.8877476155539251,0.8283932501834188,0.05935436537050631,0.656341676273145,0.633469866903541,0.02287180936960398,0.7294878620651375,0.7313920851534801,-0.0019042230883425937
1444,0.9149425287356322,0.8544061302681992,0.06053639846743297,0.6577946071849006,0.6359046407613141,0.021889966423586427,0.7414232382711854,0.7427518430687945,-0.0013286047976091009
1445,0.8617747440273038,0.8043515358361775,0.05742320819112634,0.677902342312353,0.6549929648702186,0.022909377442134393,0.7706117164164872,0.7724428779422385,-0.001831161525751357
1446,0.8942731277533039,0.8221732745961822,0.07209985315712175,0.6364158872794003,0.61054797193267,0.025867915346730386,0.7101901014516113,0.7091013688842621,0.0010887325673492043
1447,0.9027484143763214,0.837491190979563,0.06525722339675832,0.65639012212726,0.6319263189150974,0.02446380321216257,0.7541511637222785,0.7530785353489973,0.0010726283732812592
1448,0.8763961280714817,0.8232315711094564,0.05316455696202527,0.673229776860397,0.6511058360751092,0.022123940785287788,0.7681601227903804,0.7718489839154665,-0.0036888611250861514
1449,0.8883018867924528,0.8341132075471698,0.054188679245283033,0.6655641174736554,0.6449517744635358,0.020612343010119605,0.7447509677354479,0.7473691007222977,-0.002618132986849764
1450,0.9209183673469388,0.8215986394557824,0.0993197278911564,0.660129395520427,0.6337317344328663,0.026397661087560698,0.7566047688872125,0.7558390040457388,0.0007657648414737261
1451,0.8780680918448139,0.8023752969121138,0.07569279493270009,0.6630150558921473,0.6382299500031277,0.02478510588901961,0.7499328859714729,0.7517542446843797,-0.0018213587129067843
1452,0.8986599664991625,0.8178391959798994,0.08082077051926306,0.6562737573289289,0.6288343388403654,0.02743941848856346,0.7499105357916938,0.7501017958835345,-0.00019126009184078363
1453,0.889280677009873,0.835472496473907,0.05380818053596603,0.6802251009686375,0.6584738576660809,0.021751243302556622,0.7666574869856255,0.767196772026521,-0.0005392850408955097
1454,0.9029850746268657,0.8259158751696066,0.0770691994572591,0.6581697175406221,0.628841911198907,0.029327806341715168,0.7375768940144206,0.7360273067008316,0.001549587313589007
1455,0.9309504467912266,0.858407798537774,0.07254264825345258,0.6612106708292892,0.6379687625002035,0.02324190832908568,0.748676837058344,0.7461427137744258,0.0025341232839182215
1456,0.9088689991863304,0.8339300244100893,0.07493897477624101,0.6875584490318799,0.6669486165095377,0.020609832522342164,0.7821614963870964,0.7847072212161581,-0.0025457248290616796
1457,0.8939393939393939,0.8331818181818182,0.06075757575757568,0.6907205220809429,0.667721530834121,0.02299899124682192,0.7762084964015188,0.7746984146334354,0.0015100817680834266
1458,0.9101034208432777,0.8368337311058074,0.07326968973747028,0.6373605933508171,0.6130521623548243,0.02430843099599278,0.7223438377496191,0.7233720297324778,-0.0010281919828587505
1459,0.8819133034379671,0.8237668161434977,0.05814648729446947,0.6570684931591321,0.6311040608721632,0.025964432286968875,0.743042025997787,0.7464179284505579,-0.0033759024527708625
1460,0.893026941362916,0.8129160063391442,0.08011093502377187,0.6657769275724994,0.6368128455428235,0.02896408202967593,0.7550142520111173,0.7543516868237359,0.000662565187381392
1461,0.8923802042419482,0.8189316575019638,0.07344854673998436,0.6595868306477851,0.632471224894288,0.02711560575349714,0.73381187407868,0.7340401894070642,-0.00022831532838418767
1462,0.8821502412129566,0.8218470020675396,0.06030323914541702,0.66784961875146,0.642409313535567,0.025440305215893022,0.7603502711142627,0.7615090280205917,-0.0011587569063290504
1463,0.9051155115511551,0.8354785478547855,0.06963696369636962,0.6437363367593767,0.6159596855700546,0.027776651189322044,0.7153843743197065,0.7164083190721298,-0.0010239447524232892
1464,0.8919753086419753,0.8210648148148149,0.07091049382716041,0.6625867667132854,0.636242973062313,0.02634379365097239,0.7502096055487202,0.7506201593891538,-0.0004105538404336473
1465,0.8873121869782972,0.8258764607679465,0.06143572621035065,0.6737071299435025,0.6537509414098683,0.019956188533634123,0.7782850608997265,0.7871326037230506,-0.008847542823324117
1466,0.927007299270073,0.8643795620437956,0.06262773722627735,0.6555796413736121,0.6313319765222684,0.024247664851343775,0.7186930511549399,0.7158213946101907,0.0028716565447491904
1467,0.9166666666666666,0.8453869047619047,0.07127976190476193,0.6475415379356703,0.6230065446940289,0.024534993241641323,0.7470028006277286,0.747779663595396,-0.0007768629676674355
1468,0.8980891719745223,0.8343152866242038,0.06377388535031847,0.6353627484634152,0.6118907666605777,0.023471981802837494,0.7145104635988125,0.7171667995873215,-0.0026563359885090065
1469,0.9046129788897577,0.8349491790461299,0.0696637998436278,0.6590930363430755,0.634012964185674,0.02508007215740149,0.7582573191157587,0.7593673140338781,-0.0011099949181194724
1470,0.8923734853884533,0.8292230933713469,0.06315039201710637,0.6368917711468155,0.6118046297202323,0.025087141426583193,0.7336295481457998,0.7349420552572419,-0.0013125071114420406
1471,0.916331456154465,0.8525341914722446,0.06379726468222036,0.6417543860799569,0.617602964924987,0.024151421154969932,0.7314880476082826,0.7299234965741302,0.0015645510341523172
1472,0.898989898989899,0.8391608391608392,0.05982905982905984,0.6509942000052626,0.6275912590205086,0.02340294098475404,0.7363377036828506,0.734991472672101,0.001346231010749599
1473,0.9123931623931624,0.8491452991452991,0.06324786324786325,0.6640021629189538,0.6406540494014876,0.02334811351746613,0.7451233195029833,0.7437465218175907,0.0013767976853925612
1474,0.9129480614484272,0.8442574981711779,0.06869056327724932,0.6647752449066908,0.6416081788682361,0.023167066038454753,0.744531694809767,0.7457213017570996,-0.001189606947332611
1475,0.8872549019607843,0.8251633986928104,0.06209150326797386,0.6646486769414098,0.6416170774700674,0.02303159947134248,0.7490860805368736,0.7495073693184532,-0.00042128878157954297
1476,0.8888888888888888,0.8481262327416174,0.04076265614727148,0.6612218945754307,0.6394394000882898,0.02178249448714087,0.7423394291968545,0.7440952407280191,-0.0017558115311646638
1477,0.9077287066246057,0.8235804416403786,0.08414826498422712,0.6434207301152338,0.6169818869379331,0.02643884317730072,0.7284858272924863,0.725329300550548,0.003156526741938337
1478,0.9168428470754052,0.8573643410852713,0.059478505990133934,0.6499997793651345,0.627161275224006,0.022838504141128535,0.7295329559006786,0.7279795341903538,0.0015534217103247983
1479,0.9182608695652174,0.8400000000000001,0.07826086956521727,0.6468686372353625,0.6244162278577259,0.022452409377636595,0.7434777721783132,0.74370885870943,-0.00023108653111680866
1480,0.8762414056531703,0.7991596638655463,0.07708174178762406,0.6692090226897474,0.6445890059875924,0.024620016702154968,0.7650442146090757,0.7683613907704592,-0.003317176161383495
1481,0.889871382636656,0.8162379421221866,0.0736334405144694,0.6627101642946152,0.6355211885402479,0.027188975754367295,0.7540740997822611,0.7564694018949882,-0.0023953021127270935
1482,0.8928322894919972,0.8408489909533751,0.05198329853862216,0.6619989768795829,0.6393152053739592,0.022683771505623618,0.7458609578127966,0.7511756081030766,-0.005314650290279999
1483,0.9030492572322126,0.824003127443315,0.07904612978889758,0.655839623173018,0.6308704004040916,0.024969222768926436,0.7517574846293749,0.7527232377506086,-0.0009657531212337034
1484,0.915215745647237,0.8645722937168812,0.0506434519303558,0.6304671908946964,0.6093938932429361,0.021073297651760248,0.7024972603629894,0.7038721316289711,-0.0013748712659816809
1485,0.8854242204496011,0.8380710659898476,0.04735315445975352,0.6676648998911965,0.6463545587299606,0.02131034116123587,0.7538188517327672,0.7567617589934786,-0.002942907260711447
1486,0.8973013493253373,0.845727136431784,0.05157421289355335,0.6715162981532009,0.6510555843825856,0.020460713770615313,0.7644319282092704,0.7658319647927934,-0.0014000365835229456
1487,0.918785890073831,0.8484003281378178,0.0703855619360132,0.6654308090518394,0.6417590127598143,0.023671796292025093,0.769186565041079,0.7715194255012671,-0.002332860460188102
1488,0.8933132982719759,0.8287002253944402,0.0646130728775357,0.6848896244287523,0.6629482720088259,0.021941352419926452,0.783205697551723,0.7827549117750745,0.00045078577664847685
1489,0.9229074889867841,0.8596916299559471,0.06321585903083704,0.65793812671533,0.6336468531671662,0.02429127354816385,0.7390284382452944,0.7356771138392492,0.003351324406045242
1490,0.9112602535421327,0.8572706935123042,0.053989560029828465,0.6665265435702625,0.6445400346930955,0.02198650887716702,0.7502016730901991,0.7483712116123209,0.0018304614778782424
1491,0.8938356164383562,0.8334760273972602,0.06035958904109595,0.6488803081125496,0.6288300369843813,0.020050271128168262,0.7346963407351321,0.7388746476353406,-0.004178306900208484
1492,0.9163439194422928,0.8227730441518203,0.09357087529047248,0.6569123011170387,0.627234209409039,0.029678091707999732,0.7500712923955704,0.7475542647406308,0.002517027654939552
1493,0.9109116022099447,0.8531767955801106,0.0577348066298341,0.6693194099431169,0.6473015700252464,0.02201783991787054,0.7611029547827407,0.7622716066009383,-0.0011686518181975858
1494,0.9245122985581001,0.8319762510602207,0.09253604749787947,0.6413079912542788,0.6168534152960305,0.024454575958248292,0.742776889284881,0.7431128090427419,-0.0003359197578609585
1495,0.9116242038216561,0.8320063694267518,0.07961783439490433,0.6687702138337284,0.6417037374446777,0.027066476389050687,0.7558844240843677,0.7555867857812266,0.0002976383031411123
1496,0.913075780089153,0.8227340267459138,0.09034175334323924,0.6469672577291425,0.6203622059716198,0.026605051757522702,0.7340817886293058,0.7315465099396025,0.0025352786897033797
1497,0.8922345483359746,0.8534865293185419,0.038748019017432744,0.6628323606787472,0.6441948726160842,0.018637488062662966,0.7287944076136752,0.7313266886793259,-0.002532281065650732
1498,0.9194977843426884,0.8659527326440177,0.05354505169867063,0.6601022371834095,0.6412920309856558,0.018810206197753754,0.7545513970366962,0.753781350191797,0.0007700468448991193
1499,0.8824884792626728,0.8287250384024578,0.053763440860215006,0.6589183962732623,0.6344423604957439,0.024476035777518446,0.7541337396136598,0.7577207008307508,-0.0035869612170910115
1500,0.9110953058321479,0.8404694167852063,0.07062588904694167,0.6763559514846399,0.6512321805561311,0.025123770928508815,0.7589795273997212,0.7608699745068488,-0.0018904471071276019
1501,0.9099790648988136,0.8523377529658059,0.0576413119330077,0.6322230115307602,0.6093972074551046,0.022825804075655598,0.7178026769729787,0.7201311778469064,-0.0023285008739276636
1502,0.8934426229508197,0.8315201192250372,0.06192250372578245,0.6597983809562663,0.6357207549994657,0.02407762595680063,0.7454803712428522,0.7463032223626015,-0.0008228511197493349
1503,0.92109375,0.85328125,0.06781250000000005,0.6643623960348802,0.6430353267670453,0.021327069267834897,0.7595108051546231,0.7598226302511802,-0.00031182509655713897
1504,0.883177570093458,0.8363707165109033,0.04680685358255465,0.6484088368270214,0.625792840919412,0.022615995907609432,0.7455527230865793,0.7489705810795606,-0.0034178579929813324
1505,0.8845166809238666,0.8227544910179642,0.06176218990590243,0.6837064541998088,0.6635904160247631,0.020116038175045703,0.7810930989024495,0.7841827022525115,-0.0030896033500620312
1506,0.8712065136935603,0.832716506291636,0.03849000740192432,0.6713238655739462,0.6480314585247817,0.023292407049164465,0.7216003003596466,0.7226893724814154,-0.001089072121768786
1507,0.9280334728033472,0.8643514644351464,0.06368200836820082,0.6659212178874766,0.6443345980660318,0.02158661982144483,0.7489823046025071,0.7493879123683369,-0.000405607765829763
1508,0.9282627484874676,0.8291270527225585,0.0991356957649091,0.6350607383854305,0.6039068995005619,0.031153838884868668,0.7309286441303567,0.7269926975535435,0.003935946576813287
1509,0.8884297520661157,0.8096694214876032,0.0787603305785125,0.6547896582090115,0.629394799237925,0.02539485897108651,0.7446023189107968,0.7461426522261585,-0.0015403333153617416
1510,0.9025764895330113,0.8430756843800321,0.059500805152979175,0.662702642105397,0.6402292737549152,0.02247336835048175,0.7721601598392633,0.7745307971822883,-0.002370637343025006
1511,0.8882636655948553,0.8188102893890676,0.06945337620578762,0.6833860114054153,0.659359293734732,0.024026717670683317,0.7661374645165947,0.7640521132000371,0.0020853513165576265
1512,0.909710391822828,0.8301533219761499,0.0795570698466781,0.6668998441202142,0.6406473167710967,0.026252527349117538,0.7638582237977665,0.7665044747445275,-0.002646250946761075
1513,0.9247009148486981,0.8485573539760731,0.07614356087262497,0.6497197195974768,0.6216826761131358,0.028037043484340995,0.736089119689881,0.7343495608869473,0.0017395588029337494
1514,0.9023076923076923,0.8459230769230768,0.05638461538461548,0.6450044436115513,0.6247730739443447,0.020231369667206622,0.7262802034185136,0.72946847877441,-0.003188275355896386
1515,0.9035087719298246,0.8445488721804513,0.05895989974937332,0.6494492276298655,0.6266924815932341,0.02275674603663136,0.7374275676732568,0.7454876632653081,-0.008060095592051342
1516,0.880932556203164,0.7993338884263114,0.08159866777685265,0.6474179546025898,0.6188094591670058,0.02860849543558397,0.7326792544639816,0.7319459745587853,0.0007332799051963379
1517,0.9021739130434783,0.8330745341614907,0.06909937888198758,0.639197255687627,0.6162225195168615,0.02297473617076551,0.7284674543268269,0.7313727696944841,-0.0029053153676571464
1518,0.8907734056987788,0.8415875169606514,0.04918588873812746,0.6760845078453223,0.6524720735825752,0.023612434262747062,0.7638515272435099,0.7630742724285227,0.0007772548149872494
1519,0.9004665629860031,0.8253499222395023,0.07511664074650082,0.6413047326354383,0.6149930364125722,0.02631169622286611,0.7432404169938913,0.7422133016952612,0.001027115298630088
1520,0.9098240469208211,0.8417888563049853,0.06803519061583574,0.6496055996660087,0.6267457741753063,0.022859825490702423,0.7226676343180719,0.7220506503552173,0.0006169839628545892
1521,0.8986820428336079,0.8244645799011533,0.07421746293245457,0.6681881589345867,0.6431263638608868,0.025061795073699877,0.7475062517621119,0.746494246549984,0.0010120052121279643
1522,0.9096167751265365,0.848590021691974,0.06102675343456254,0.6811072967094027,0.6596410554742727,0.02146624123513008,0.7837465810435988,0.7836581478841731,8.843315942574925e-05
1523,0.9046199701937406,0.8469448584202682,0.0576751117734724,0.6409254850311437,0.6183842257317191,0.02254125929942452,0.7204039425767768,0.7205030342264082,-9.909164963139983e-05
1524,0.8812949640287769,0.8167625899280576,0.06453237410071933,0.6911275309955264,0.6667575220590929,0.024370008936433485,0.7723149619617341,0.7723385453441092,-2.358338237506974e-05
1525,0.8839427662957074,0.8118441971383147,0.07209856915739277,0.6617181674405348,0.636060096166176,0.025658071274358818,0.7325363705031057,0.7346918236076385,-0.0021554531045328007
1526,0.8984547461368654,0.8476821192052981,0.050772626931567255,0.6880312493854448,0.6687767055306055,0.019254543854839268,0.7787371671080954,0.7832092903219361,-0.004472123213840717
1527,0.8948148148148148,0.8346666666666668,0.06014814814814806,0.6730477229551343,0.6514734888660698,0.021574234089064448,0.7704092067907601,0.7713843625958737,-0.0009751558051136477
1528,0.9085123309466985,0.8271280827366745,0.08138424821002399,0.6428970217276787,0.6127640047555387,0.030133016972139992,0.7270750966799613,0.7239639419776875,0.003111154702273744
1529,0.8970051132213295,0.826880934989043,0.07012417823228645,0.6326979065635546,0.6105624000134046,0.022135506550150064,0.7141519866078742,0.7175386295354942,-0.0033866429276200316
1530,0.9263477600607442,0.8375094912680334,0.08883826879271073,0.6502049621173968,0.6231045005634187,0.02710046155397805,0.7532577256961557,0.7514827381120903,0.0017749875840653573
1531,0.906035141329259,0.8428571428571429,0.06317799847211614,0.666611916696237,0.6446289062387343,0.021983010457502727,0.7540214921462236,0.751959731996162,0.0020617601500616534
1532,0.9098005203816132,0.8444058976582827,0.06539462272333052,0.6565376648509473,0.6335190848054666,0.02301858004548074,0.765113878038881,0.7647753833186953,0.00033849472018565585
1533,0.9079341317365269,0.8498502994011977,0.05808383233532921,0.6410800583743071,0.6194269472846898,0.021653111089617316,0.72464009307642,0.726255316063757,-0.0016152229873370727
1534,0.916920731707317,0.8471036585365855,0.06981707317073149,0.6460966921291361,0.6218736008763595,0.024223091252776663,0.7237179392008437,0.7243933992069029,-0.0006754600060592253
1535,0.9199332777314428,0.8441201000834029,0.07581317764803996,0.6221837599786424,0.5971291270871719,0.025054632891470474,0.7021188445168752,0.7001839576022613,0.0019348869146139647
1536,0.9154315605928509,0.8208369659982562,0.09459459459459474,0.6539198523571514,0.6263040306253205,0.02761582173183097,0.7459157051888158,0.7464253876357947,-0.0005096824469789096
1537,0.896351575456053,0.8354892205638474,0.060862354892205595,0.6563736407272885,0.6369134033341913,0.019460237393097213,0.7459887393742864,0.7477588027623832,-0.0017700633880967098
1538,0.9166023166023166,0.8417760617760617,0.07482625482625493,0.642445645663025,0.6159164188857784,0.026529226777246562,0.7224318911296472,0.7202760193416324,0.002155871788014796
1539,0.9252918287937744,0.8303501945525291,0.09494163424124524,0.6554280798754137,0.6258853298456206,0.02954275002979312,0.7455991575642374,0.7410920235906132,0.004507133973624233
1540,0.922106824925816,0.846958456973294,0.075148367952522,0.6539127042310098,0.6281891499382974,0.025723554292712336,0.7409958167226853,0.7375739236085926,0.003421893114092689
1541,0.8825155494125777,0.8391845196959224,0.043331029716655256,0.6450115727013591,0.6230802166343705,0.021931356066988594,0.715115279850073,0.7203779655931617,-0.005262685743088746
1542,0.8680555555555556,0.8034027777777778,0.06465277777777778,0.6478563359175599,0.6224663392080794,0.0253899967094805,0.731613398174406,0.7337032806277375,-0.0020898824533315263
1543,0.9093610698365527,0.8534918276374442,0.05586924219910849,0.6509163073885152,0.6291752199403888,0.021741087448126417,0.7541382104436567,0.7558180020454207,-0.0016797916017640135
1544,0.9094890510948905,0.855109489051095,0.05437956204379557,0.655436516649232,0.6359201984017213,0.019516318247510656,0.7273012199112664,0.7321661100391854,-0.004864890127919019
1545,0.9148936170212766,0.8424743892829,0.07241922773837661,0.653331933141752,0.6293534107892313,0.023978522352520626,0.7397804434196897,0.7401259146962885,-0.0003454712765987855
1546,0.9170337738619677,0.8427312775330396,0.07430249632892816,0.6312598771001502,0.6057324695607534,0.02552740753939675,0.7146761380820237,0.7147665204035646,-9.038232154090498e-05
1547,0.9231337767923133,0.8480413895048041,0.07509238728750922,0.6512974162859335,0.6295318579959671,0.021765558289966402,0.7487683572739307,0.7498691207939168,-0.0011007635199861143
1548,0.9125,0.8327083333333333,0.0797916666666667,0.6647840071680903,0.6364257268830171,0.028358280285073145,0.7630712350169149,0.7590251594886843,0.004046075528230553
1549,0.8920495988329686,0.847848285922684,0.04420131291028462,0.6591049062771948,0.6388097572435354,0.020295149033659365,0.7416033734737236,0.7434416855661359,-0.0018383120924122531
1550,0.8756080611535789,0.832244614315497,0.04336344683808191,0.6654725352039965,0.644627156946538,0.02084537825745847,0.7345343259339413,0.7371397675154814,-0.00260544158154008
1551,0.9280334728033472,0.8372384937238493,0.09079497907949796,0.6583623560086322,0.6337082643160395,0.024654091692592695,0.7632223084958901,0.762678572087282,0.0005437364086081642
1552,0.8829701372074253,0.8031476997578693,0.07982243744955608,0.6713114608932674,0.6451530231448488,0.02615843774841864,0.779331332852143,0.7817441623196523,-0.0024128294675093143
1553,0.9111635220125787,0.8301100628930819,0.0810534591194968,0.6289832184609326,0.6024657314004759,0.026517487060456757,0.7400802030300245,0.739190254716027,0.0008899483139975795
1554,0.9297423887587822,0.8545667447306791,0.07517564402810317,0.6726646939070104,0.6529711069051087,0.019693587001901713,0.7866956431853462,0.7880421476893573,-0.0013465045040110812
1555,0.8900523560209425,0.8388182498130142,0.05123410620792823,0.6493477296742156,0.6289843928295829,0.020363336844632762,0.7096924225862556,0.714625027092685,-0.0049326045064294055
1556,0.9154929577464789,0.8320813771517998,0.08341158059467912,0.6508795693487308,0.6246154135073523,0.026264155841378534,0.7551844625468914,0.7545808499052382,0.0006036126416532062
1557,0.9058629232039637,0.8364987613542526,0.06936416184971106,0.6558698775229211,0.6318614311965256,0.02400844632639554,0.7361354932804596,0.7367349702513435,-0.0005994769708839165
1558,0.8718726307808946,0.8091736163760425,0.06269901440485215,0.6713572630604159,0.6453674913312119,0.025989771729204025,0.7549667998937722,0.7583490875776695,-0.003382287683897256
1559,0.9041867954911433,0.8219806763285022,0.08220611916264109,0.6675997050545158,0.6425372023501604,0.025062502704355394,0.7725878165420117,0.7725498924307176,3.7924111294107554e-05
1560,0.9045857988165681,0.8364644970414201,0.06812130177514797,0.6557534909471416,0.6331516105162268,0.022601880430914822,0.7264713083893267,0.7287412439652858,-0.0022699355759591144
1561,0.9341880341880342,0.8445299145299145,0.08965811965811965,0.6610400904258005,0.6357247805370523,0.025315309888748194,0.7403459619007073,0.7387712096446383,0.0015747522560690674
1562,0.877885331347729,0.8247207743857036,0.05316455696202538,0.6556537613868528,0.631681299008412,0.023972462378440862,0.7398079639950526,0.7397539173690492,5.404662600339005e-05
1563,0.8803149606299212,0.8194488188976378,0.06086614173228344,0.6496683452152208,0.6267658581715624,0.02290248704365838,0.7290822654411168,0.7321562466959275,-0.0030739812548107315
1564,0.9341792228390167,0.8546391752577319,0.07954004758128475,0.6793368873499936,0.6535667341116518,0.025770153238341864,0.7559908683376678,0.7528082808502359,0.0031825874874319426
1565,0.8945530726256983,0.8598463687150837,0.03470670391061459,0.6669642916143118,0.6485456150113282,0.018418676602983575,0.7347859000793111,0.7373876164584302,-0.002601716379119101
1566,0.8907766990291263,0.8157766990291263,0.07499999999999996,0.6652228153507742,0.6351699705647122,0.03005284478606196,0.7684421268551894,0.7689784081150137,-0.0005362812598243005
1567,0.9114977307110439,0.831770045385779,0.07972768532526486,0.6514532649591199,0.6225498027281522,0.028903462230967736,0.7553343475038667,0.7551542090205589,0.00018013848330789006
1568,0.8913043478260869,0.8392080745341615,0.052096273291925455,0.6494092044547598,0.6266551963516755,0.022754008103084256,0.7166906476669079,0.7198894126407656,-0.0031987649738576263
1569,0.9231916480238628,0.8622669649515287,0.06092468307233412,0.6614611470159489,0.6414928941818164,0.019968252834132505,0.7549694474281882,0.7568154316712083,-0.0018459842430201823
1570,0.8702993092862624,0.8247889485801995,0.04551036070606296,0.6852040285665444,0.6631797295849908,0.02202429898155356,0.7734386282553681,0.7775927711355816,-0.0041541428802134295
1571,0.9244663382594417,0.8403940886699507,0.084072249589491,0.6619224861524787,0.6353150978608892,0.026607388291589484,0.7486284819631805,0.7491743208554846,-0.0005458388923040847
1572,0.8942901234567902,0.8162808641975309,0.07800925925925928,0.6750149106360711,0.6480544352959369,0.026960475340134238,0.7469011615381446,0.7443293915773055,0.0025717699608390765
1573,0.9054263565891473,0.8475193798449613,0.05790697674418599,0.6534498415603434,0.6338746749427763,0.019575166617567086,0.7390192695654358,0.7392546086070005,-0.0002353390415646972
1574,0.9200614911606456,0.8397386625672558,0.0803228285933898,0.6469669797443183,0.6225975038792119,0.024369475865106405,0.7370287807430507,0.7337581146496509,0.0032706660933997656
1575,0.9081942336874052,0.8270106221547799,0.08118361153262521,0.6426727801108026,0.6167282545400649,0.025944525570737786,0.7190732515932452,0.7162384406626529,0.0028348109305923463
1576,0.8873744619799139,0.8320659971305595,0.055308464849354366,0.6757182602061594,0.6554484562342473,0.020269803971912137,0.7698472958648925,0.7717473441640104,-0.0019000482991178291
1577,0.8942028985507247,0.8355797101449276,0.058623188405797055,0.6547752266489547,0.6309877276612473,0.02378749898770738,0.7295171533280488,0.7310358099860412,-0.0015186566579924454
1578,0.9031781226903178,0.8371027346637103,0.0660753880266075,0.6421884089818438,0.6192654156402024,0.022922993341641384,0.717663142234429,0.7194182484312156,-0.0017551061967866488
1579,0.9061444969615124,0.8411883862255234,0.06495611073598906,0.6676740919966032,0.6424919381509,0.025182153845703215,0.7460479522627343,0.7460994988580418,-5.15465953074834e-05
1580,0.9104134762633997,0.8423430321592649,0.06807044410413488,0.6647198666667555,0.6411171300955251,0.023602736571230465,0.7545191373768587,0.7540884337322267,0.0004307036446320467
1581,0.8791773778920309,0.8289631533847471,0.050214224507283745,0.6518087725868565,0.6304862459749482,0.021322526611908366,0.7498814164634928,0.755476238245562,-0.005594821782069159
1582,0.9042654028436019,0.8017061611374409,0.10255924170616104,0.6676654317476028,0.6387298213046766,0.02893561044292625,0.7594960329219425,0.7554333286265478,0.004062704295394681
1583,0.8957198443579767,0.8329961089494162,0.06272373540856047,0.6604367805020255,0.6349597914842775,0.025476989017747975,0.747850024558676,0.7477747777137265,7.524684494952805e-05
1584,0.9109697933227345,0.8320349761526232,0.0789348171701113,0.6563202367317954,0.6317648716887756,0.024555365043019806,0.7412503548513009,0.7412078981389365,4.245671236435822e-05
1585,0.8938411669367909,0.8113452188006484,0.08249594813614258,0.663621482627321,0.6354422696725635,0.02817921295475756,0.7489217227496435,0.7479521899776225,0.0009695327720210534
1586,0.9294385432473444,0.8440819423368741,0.08535660091047037,0.6604568637141103,0.632945041648735,0.02751182206537528,0.7689866998816937,0.768568018525787,0.0004186813559066138
1587,0.8895434462444771,0.8376288659793814,0.05191458026509577,0.6788440596284959,0.650809026257585,0.028035033370910956,0.7508643416417098,0.7502150747949459,0.0006492668467639184
1588,0.8819599109131403,0.8277654046028211,0.05419450631031919,0.6529478709115888,0.6292338591508613,0.023714011760727516,0.735652332359587,0.7390125139315964,-0.0033601815720093464
1589,0.9224353628023353,0.8326939115929942,0.08974145120934107,0.6266333843039289,0.5990192121339113,0.027614172170017603,0.7070026070228427,0.7057149946847047,0.0012876123381380111
1590,0.8975609756097561,0.8499651567944252,0.047595818815330926,0.6471775157832799,0.6263808245964965,0.0207966911867834,0.721780545019084,0.7226441328830003,-0.0008635878639163819
1591,0.9042627533193571,0.8420684835779175,0.0621942697414396,0.6469340643412029,0.6242744562900184,0.0226596080511845,0.741162904798467,0.7432420913701726,-0.0020791865717055824
1592,0.8906727828746177,0.8304281345565749,0.06024464831804277,0.6592413464197314,0.6347510697653136,0.02449027665441783,0.7355728284568694,0.7367009775989414,-0.0011281491420719325
1593,0.8804047838086476,0.782060717571297,0.09834406623735059,0.6615286122488228,0.630779862673242,0.030748749575580714,0.7513880509858677,0.7508797012049221,0.000508349780945605
1594,0.9234972677595629,0.8367681498829039,0.08672911787665893,0.6588817900314602,0.6292082141422569,0.029673575889203274,0.7434677662831866,0.7381425020764605,0.005325264206726077
1595,0.8903225806451613,0.8452258064516128,0.04509677419354852,0.664329063241669,0.6445133028012038,0.01981576044046518,0.7322814362848004,0.7345955060856814,-0.0023140698008810023
1596,0.90625,0.8289244186046512,0.07732558139534884,0.655534930869583,0.6313713368973605,0.024163593972222563,0.7501970708690329,0.750130378610374,6.669225865885142e-05
1597,0.8984565393988627,0.8338748984565394,0.06458164094232333,0.672945414798187,0.6510705707892394,0.02187484400894768,0.7657925243594784,0.7699693624104118,-0.004176838050933385
1598,0.8807896735003796,0.8255125284738041,0.05527714502657555,0.6640109932191366,0.6399398696041069,0.02407112361502972,0.7341539672278266,0.7357280539365318,-0.0015740867087052912
1599,0.9028436018957346,0.8386255924170616,0.06421800947867307,0.6655889928564543,0.6419941674001277,0.02359482545632663,0.7519950285222744,0.7583516931918785,-0.006356664669604051
1600,0.9132134480062549,0.8567630961688819,0.056450351837373014,0.6681312434659022,0.649562973236016,0.018568270229886275,0.7620016683273486,0.762246122848683,-0.0002444545213343696
1601,0.8849480968858131,0.8068339100346021,0.07811418685121096,0.6658290167806559,0.6414604302261233,0.024368586554532556,0.7698822639390501,0.77032673792647,-0.0004444739874198689
1602,0.9143884892086331,0.8469784172661872,0.06741007194244597,0.6425816226388452,0.6159802182230507,0.026601404415794505,0.7291942146328239,0.7304172279190871,-0.0012230132862632859
1603,0.9156928213689483,0.8425709515859767,0.07312186978297153,0.6628157894119561,0.6374513318520136,0.025364457559942433,0.7553885002577183,0.7542611311370286,0.0011273691206896697
1604,0.8559701492537314,0.8103731343283581,0.04559701492537327,0.6739390878747428,0.6509720657865348,0.022967022088208,0.7474683229729451,0.7522862031192874,-0.004817880146342324
1605,0.914332784184514,0.827512355848435,0.08682042833607906,0.6395751316565219,0.614355555855879,0.025219575800642935,0.7568942471743012,0.7558497358183461,0.001044511355955069
1606,0.874820143884892,0.8116546762589927,0.06316546762589936,0.6434078255488292,0.6153566355224438,0.028051190026385453,0.7123078737824795,0.7140851045464363,-0.0017772307639567497
1607,0.920951650038373,0.8709900230237911,0.049961627014581844,0.6642908056119937,0.6455540643665726,0.01873674124542113,0.7576047849586532,0.7603299380326598,-0.002725153074006559
1608,0.9148629148629148,0.8558441558441559,0.05901875901875897,0.6336664497187268,0.6093909628736146,0.02427548684511216,0.6914455207167742,0.6907513893212764,0.0006941313954977879
1609,0.9051724137931034,0.838103448275862,0.0670689655172414,0.6507296065233048,0.6284780573379708,0.022251549185334007,0.7551102028485505,0.7593271569648333,-0.004216954116282867
1610,0.898042414355628,0.7948613376835236,0.10318107667210441,0.6594089996370711,0.6247677784929591,0.034641221144112055,0.73051521395761,0.7248736021073954,0.005641611850214612
1611,0.8917631041524847,0.8318584070796462,0.05990469707283852,0.6369886333362774,0.6136992231761516,0.023289410160125867,0.7070819212493308,0.7088849532182718,-0.001803031968941049
1612,0.8910411622276029,0.8157384987893461,0.07530266343825676,0.6567842941057752,0.6287166708005877,0.028067623305187528,0.745316427499107,0.7409113852195512,0.004405042279555738
1613,0.9015897047691143,0.8445874337623012,0.0570022710068131,0.667041694094699,0.6464455836261328,0.020596110468566242,0.7388667253905121,0.7430611677187445,-0.004194442328232406
1614,0.8707250341997264,0.8398084815321478,0.030916552667578534,0.6481559535381008,0.625501508979808,0.022654444558292797,0.7115790391481954,0.7154605569840801,-0.0038815178358846403
1615,0.8871794871794871,0.8425641025641026,0.0446153846153845,0.6546509938883833,0.6349823491527646,0.01966864473561869,0.7480077824338928,0.7542450702335467,-0.006237287799653934
1616,0.8933933933933934,0.8466216216216218,0.04677177177177161,0.6670220327285286,0.6467044231770457,0.020317609551482874,0.753387445779122,0.7569186215303221,-0.0035311757512000996
1617,0.8698683191324554,0.8128582494190549,0.0570100697134005,0.6534279728986362,0.6300241305806438,0.023403842317992418,0.7517075864171503,0.757021517065372,-0.005313930648221721
1618,0.8759757155247181,0.7935819601040764,0.08239375542064165,0.6643400017666431,0.6355719175322586,0.028768084234384483,0.7569778104696807,0.7554449881482272,0.0015328223214534642
1619,0.9070958302852963,0.8366495976591075,0.07044623262618877,0.6598019073323336,0.6359909957377341,0.02381091159459947,0.7392284181980435,0.7372449764751696,0.001983441722873902
1620,0.9055459272097054,0.8315424610051994,0.07400346620450604,0.6634419735711843,0.6382240449099222,0.025217928661262046,0.743765349565266,0.7432914626313254,0.00047388693394057047
1621,0.8754578754578755,0.8264468864468864,0.0490109890109891,0.6606984856673545,0.6403229009146971,0.020375584752657327,0.7395441222412568,0.7432757017794809,-0.003731579538224117
1622,0.9061976549413735,0.8212730318257956,0.08492462311557791,0.6619203201026463,0.6334342963646012,0.028486023738045096,0.7657189362567218,0.7656935630725525,2.5373184169286134e-05
1623,0.9024,0.8332,0.06919999999999993,0.6768007299698132,0.6549534507547329,0.02184727921508034,0.7552933767613804,0.7588326756559839,-0.003539298894603471
1624,0.8860655737704918,0.8241803278688524,0.06188524590163935,0.6679775392448781,0.64553498919271,0.02244255005216811,0.7437551343248884,0.7445231802212591,-0.0007680458963706949
1625,0.8965014577259475,0.8413265306122449,0.05517492711370253,0.6610405786502985,0.6386323397085457,0.02240823894175281,0.721967312746231,0.7218389054226987,0.00012840732353236461
1626,0.9069935111751982,0.8580389329488105,0.04895457822638771,0.6379069195414816,0.6155668058325433,0.022340113708938292,0.728980283904914,0.7335672450525983,-0.00458696114768431
1627,0.9297491039426523,0.8444444444444444,0.08530465949820787,0.6562455323641725,0.630772740615302,0.025472791748870516,0.7482213427582128,0.7480669011066292,0.00015444165158362555
1628,0.8726450640542577,0.8204973624717408,0.052147701582516914,0.6714306072642722,0.6482911762457053,0.02313943101856686,0.7565044089897565,0.7595172778752055,-0.0030128688854490493
1629,0.9072664359861592,0.8483044982698962,0.05896193771626301,0.6730378778091144,0.6507585865368002,0.022279291272314206,0.7548109009898002,0.7543987490893325,0.00041215190046772765
1630,0.9006387508871541,0.8342796309439319,0.06635911994322219,0.6531069117751077,0.6272279523111057,0.025878959464001983,0.7574115062870714,0.758168225164821,-0.0007567188777495293
1631,0.9106583072100314,0.8408307210031347,0.06982758620689666,0.662225873476745,0.6392097366803638,0.023016136796381148,0.7575424347412661,0.7574080716157311,0.00013436312553505303
1632,0.908098271155596,0.8343039126478617,0.0737943585077343,0.6644453799694595,0.6409929142063163,0.023452465763143193,0.7543109886270086,0.7521635990308524,0.002147389596156235
1633,0.9143258426966292,0.8627106741573034,0.051615168539325795,0.6405382781595641,0.6171673048662533,0.023370973293310837,0.7215657919351645,0.7214330478496163,0.0001327440855481976
1634,0.9186602870813397,0.8480063795853269,0.07065390749601286,0.6588932231935571,0.6358380576606197,0.023055165532937405,0.7488206017557404,0.7483134288640396,0.000507172891700769
1635,0.8913830557566981,0.8388124547429399,0.05257060101375821,0.6837818838725408,0.6616979250964821,0.022083958776058732,0.7722425243891333,0.7704610943248412,0.0017814300642921
1636,0.9343236903831118,0.8383893666927286,0.09593432369038324,0.6652226327759799,0.6405673233448108,0.024655309431169115,0.7655860988418846,0.7631409930402346,0.002445105801649916
1637,0.8947368421052632,0.8292143401983217,0.06552250190694142,0.6485820591294781,0.6229068194587799,0.02567523967069818,0.7464780493903653,0.74959290223194,-0.0031148528415746446
1638,0.8880706921944035,0.8438880706921944,0.044182621502209085,0.6889714537767214,0.6696132624259948,0.019358191350726583,0.7696930477974521,0.7741767063025292,-0.004483658505077148
1639,0.9100401606425703,0.841124497991968,0.06891566265060234,0.6575485245466876,0.6369539121129746,0.020594612433712967,0.7530240532854945,0.7565964737254572,-0.0035724204399627535
1640,0.8981077147016011,0.8377729257641923,0.060334788937408845,0.6414641881897032,0.6159114939859325,0.02555269420377071,0.7192470354389162,0.7181514425507487,0.001095592888167518
1641,0.9193675889328063,0.8439525691699604,0.07541501976284593,0.6599481979275202,0.6362322874792842,0.023715910448236066,0.7614724291276389,0.7632525161368844,-0.001780087009245479
1642,0.8934681181959565,0.8258942457231727,0.06757387247278379,0.6817175393639544,0.6620623896221625,0.019655149741791944,0.7850625126425973,0.7875408800091113,-0.002478367366513967
1643,0.8773972602739726,0.8302054794520547,0.047191780821917884,0.6620563048183612,0.6412248372924583,0.020831467525902925,0.7395486629038587,0.7427057463999179,-0.003157083496059254
1644,0.918918918918919,0.8478451424397371,0.0710737764791819,0.6465978751114598,0.6245205601015142,0.022077315009945586,0.7212307468712007,0.723613888510488,-0.002383141639287323
1645,0.9178707224334601,0.8685171102661597,0.04935361216730039,0.6521138399559908,0.6334552405512757,0.018658599404715148,0.7363300431495513,0.7359203993089326,0.00040964384061870085
1646,0.9011320754716982,0.8433962264150944,0.05773584905660378,0.6921704228999429,0.6707968610996378,0.02137356180030514,0.7883373240393964,0.7882841571047552,5.3166934641191155e-05
1647,0.9235059760956176,0.836414342629482,0.08709163346613558,0.6743157208280651,0.6507320066696474,0.023583714158417757,0.7730925581831015,0.7717980467740317,0.0012945114090697762
1648,0.8923327895595432,0.8191680261011418,0.0731647634584014,0.6585951853254417,0.6337532586155022,0.024841926709939455,0.734293586556614,0.7335803991561493,0.0007131874004647765
1649,0.9180216802168022,0.8344850948509486,0.08353658536585362,0.626250186312661,0.600553938598009,0.025696247714652065,0.7273016582758299,0.727708038388065,-0.00040638011223503856
1650,0.9178200692041523,0.8046712802768166,0.11314878892733571,0.6234495683421435,0.5922485002547428,0.03120106808740064,0.7039533899858886,0.699308864200792,0.004644525785096665
1651,0.9107289107289107,0.8324324324324323,0.07829647829647846,0.633064334289669,0.6095348629675384,0.02352947132213057,0.7248938117637507,0.7239658274868992,0.000927984276851479
1652,0.891699604743083,0.8160474308300396,0.07565217391304335,0.6775017755447225,0.6514751007521082,0.026026674792614224,0.7538635958827875,0.7525520808999933,0.0013115149827942485
1653,0.9155485398579322,0.8326756116811366,0.08287292817679559,0.656857858717456,0.627791023659052,0.029066835058403906,0.7365773543852638,0.7330867113581592,0.0034906430271046673
1654,0.9373567608861727,0.8721161191749429,0.06524064171122979,0.6509274110443596,0.6284748875699512,0.022452523474408403,0.7367169310476956,0.7380664542788922,-0.0013495232311965255
1655,0.9210740439381611,0.834174125305126,0.08689991863303503,0.651849530724611,0.6250511440427673,0.026798386681843755,0.7462428537567105,0.7429047435296149,0.0033381102270956253
1656,0.8813186813186813,0.842930402930403,0.038388278388278296,0.6679742531216362,0.6502628855955759,0.017711367526060284,0.7539202391701879,0.7615889526820807,-0.0076687135118928
1657,0.8616404308202155,0.8178956089478044,0.04374482187241102,0.6563418542243694,0.6335837728213083,0.022758081403061126,0.7243638908586608,0.7280445245967817,-0.0036806337381208865
1658,0.9122231337161608,0.827563576702215,0.08465955701394579,0.6591079120182722,0.6318131628284206,0.02729474918985164,0.747532590991429,0.7449143856747663,0.0026182053166626806
1659,0.8640183346065698,0.8079449961802903,0.056073338426279595,0.6568210750889658,0.6341544199919297,0.022666655097036137,0.7440552182223392,0.7483578012094082,-0.004302582987068981
1660,0.8852691218130312,0.8241501416430594,0.06111898016997175,0.6634783906411612,0.6425411558439048,0.0209372347972564,0.7645938501374241,0.7686220738921318,-0.004028223754707683
1661,0.8950524737631185,0.8356821589205398,0.05937031484257871,0.6741888698395864,0.6489766780259953,0.025212191813591023,0.7604136065949737,0.7605959611050239,-0.00018235451005021996
1662,0.8958162428219852,0.8123051681706317,0.08351107465135355,0.6590358513998433,0.6318782232906381,0.02715762810920519,0.7462531392884432,0.7493240694662455,-0.0030709301778023557
1663,0.8935643564356436,0.8169966996699671,0.07656765676567645,0.6578587066767296,0.6282697782784806,0.029588928398249004,0.7258646438012807,0.7226942993826925,0.0031703444185882113
1664,0.9139941690962099,0.8426384839650145,0.07135568513119539,0.6620422014824442,0.6367826000720332,0.025259601410410948,0.7650009973756543,0.763308522581678,0.001692474793976273
1665,0.8508710801393728,0.8383275261324042,0.012543554006968605,0.6565543086987046,0.6382962425160379,0.018258066182666677,0.7249440092289235,0.7355158021476911,-0.01057179291876753
1666,0.92265625,0.8348437500000001,0.08781249999999985,0.6683657554965796,0.6379296863782556,0.030436069118323972,0.7628393884865406,0.7596127805747016,0.003226607911839041
1667,0.891029900332226,0.8403322259136212,0.05069767441860473,0.6686886542185264,0.647344110232002,0.02134454398652441,0.7557134446356935,0.7553897862160737,0.0003236584196197878
1668,0.9179447852760736,0.8458588957055214,0.07208588957055218,0.6826118791330575,0.657261053807569,0.02535082532548849,0.7613893668151439,0.7587422128848506,0.0026471539302933556
1669,0.8883248730964467,0.8221658206429779,0.06615905245346876,0.6647705210007875,0.638773358135072,0.025997162865715517,0.7370881850792979,0.7372756360690783,-0.0001874509897804577
1670,0.8940886699507389,0.833743842364532,0.06034482758620685,0.6464941657556238,0.6219021681419605,0.024591997613663263,0.7241517487551442,0.7276953331965563,-0.0035435844414121176
1671,0.9172066234701224,0.8330453563714902,0.08416126709863214,0.6658319043050221,0.6387689873281815,0.0270629169768406,0.7710626537380658,0.7709421997420483,0.00012045399601756657
1672,0.862914862914863,0.7987012987012987,0.06421356421356428,0.6568055342888164,0.6323060328380429,0.02449950145077351,0.7627294772757355,0.7653511092687799,-0.0026216319930444376
1673,0.9189419795221843,0.8456484641638224,0.07329351535836182,0.6340062310489984,0.6088864403473624,0.025119790701636058,0.7276262247681319,0.7274367336310321,0.00018949113709976206
1674,0.8767550702028081,0.81996879875195,0.05678627145085813,0.663142444157128,0.6432814965138599,0.019860947643268068,0.7587095936410515,0.7633165014310019,-0.004606907789950432
1675,0.9027895181741336,0.843026204564666,0.05976331360946752,0.6960135643019295,0.6762030654618971,0.019810498840032387,0.7910293489653311,0.7921427439108537,-0.00111339494552265
1676,0.8852459016393442,0.8253666954270923,0.059879206212251956,0.679930894448345,0.6589038857436594,0.021027008704685546,0.7775281901742227,0.7818981049067368,-0.004369914732514135
1677,0.9195596951735817,0.8384419983065199,0.08111769686706183,0.6637134438355935,0.6409270541041132,0.022786389731480283,0.7650084098038902,0.7693148956509432,-0.004306485847053065
1678,0.8947368421052632,0.8301984469370147,0.06453839516824844,0.6677201087513859,0.6441900527901809,0.023530055961204943,0.7737387536266878,0.7752396549261149,-0.0015009012994271487
1679,0.9162087912087912,0.8616071428571429,0.05460164835164827,0.6648334620388876,0.6426253970700115,0.022208064968876062,0.7603894831303115,0.7622802175366911,-0.0018907344063795462
1680,0.9067865903515945,0.8334423548650859,0.07334423548650859,0.6519160350059771,0.6258479433051775,0.0260680917007996,0.737408927585649,0.7381732514346491,-0.0007643238490000481
1681,0.8827309236947791,0.8060240963855423,0.07670682730923684,0.6643181818687092,0.6383266724915713,0.0259915093771379,0.7601567653016084,0.7624836654457217,-0.0023269001441132975
1682,0.8821818181818182,0.8211636363636364,0.06101818181818175,0.6479894637680726,0.6262232323038754,0.021766231464197205,0.7304664545025705,0.7354570939928924,-0.004990639490321858
1683,0.8778682457438934,0.8184307920059217,0.05943745373797171,0.6386456924726062,0.6106756611823045,0.027970031290301622,0.7159834677170125,0.7203859755523839,-0.004402507835371439
1684,0.8989010989010989,0.8545054945054945,0.044395604395604416,0.6651540165114553,0.6454040688109005,0.019749947700554826,0.7411621959518335,0.7445988070942763,-0.003436611142442758
1685,0.9304932735426009,0.8528400597907325,0.0776532137518684,0.6603661339049686,0.6374284298588698,0.02293770404609874,0.7567121925038985,0.7558202772256823,0.0008919152782161932
1686,0.8936170212765957,0.8282553191489361,0.06536170212765957,0.6363853069876446,0.6132454972674315,0.023139809720213123,0.7256266792804689,0.7288961411031245,-0.0032694618226556393
1687,0.9080962800875274,0.8424507658643327,0.06564551422319476,0.6547201022410327,0.6297570079866137,0.024963094254419005,0.7400457887440168,0.7417240789862518,-0.001678290242234981
1688,0.8828616352201258,0.8230345911949686,0.05982704402515726,0.6366757832202653,0.6116336720465717,0.025042111173693593,0.7276734887925808,0.7270859920751855,0.0005874967173952195
1689,0.8998493975903614,0.8243975903614457,0.07545180722891576,0.6700816603652019,0.6469224126534555,0.023159247711746378,0.768604495235017,0.7698303270957807,-0.0012258318607637486
1690,0.8845872899926954,0.8314828341855367,0.053104455807158724,0.662570636752086,0.6410447061648563,0.021525930587229736,0.7349107495557317,0.7373876636018499,-0.0024769140461182726
1691,0.8926640926640926,0.8050965250965252,0.08756756756756745,0.6744421789161875,0.6482714487769894,0.02617073013919813,0.7619950088125019,0.7602152770953344,0.0017797317171674987
1692,0.903137789904502,0.8334242837653478,0.06971350613915417,0.6633202741762954,0.6395926585305645,0.023727615645730893,0.7547731530976356,0.7529882954636895,0.0017848576339460909
1693,0.9133425034387895,0.8563961485557083,0.056946354883081196,0.6505389463761168,0.6306188113705297,0.019920135005587092,0.7411717961299391,0.7453969350195906,-0.004225138889651481
1694,0.8813314037626628,0.8235166425470333,0.05781476121562956,0.6629634020143632,0.638665888548904,0.024297513465459164,0.7550846478078701,0.7577723274764496,-0.0026876796685795235
1695,0.9157303370786517,0.8475421348314607,0.06818820224719102,0.6543142079708879,0.6290840911331175,0.025230116837770433,0.7398044355385889,0.7402133644903067,-0.00040892895171784627
1696,0.9153194765204004,0.8698999230177058,0.045419553502694554,0.6910358039141018,0.6737081760788204,0.01732762783528141,0.7965388478981285,0.7966782545563056,-0.0001394066581771325
1697,0.8900077459333849,0.8195197521301317,0.07048799380325321,0.6710337082956759,0.6451750225832518,0.025858685712424112,0.762444200398091,0.7637789979226213,-0.0013347975245302512
1698,0.8931095406360424,0.8116607773851591,0.08144876325088335,0.638181367935438,0.610448320580485,0.027733047354952967,0.7307538023772628,0.7305319178871988,0.0002218844900639949
1699,0.9158878504672897,0.8317757009345794,0.08411214953271029,0.6506831018071143,0.6249690655086386,0.025714036298475684,0.7335870318538603,0.7332340224016959,0.00035300945216443225
1700,0.8857361963190185,0.8273006134969325,0.05843558282208594,0.6725283938764239,0.6498717722314037,0.022656621645020247,0.7673180923144125,0.7729472755006768,-0.005629183186264264
1701,0.8735719725818736,0.8149276466108148,0.05864432597105873,0.6702623392029312,0.6437420203612452,0.02652031884168604,0.7611252232538538,0.7634119174374359,-0.002286694183582072
1702,0.9001536098310292,0.825652841781874,0.07450076804915517,0.6625617921770622,0.6396146156226343,0.022947176554427906,0.7541279319602667,0.7524865055643166,0.0016414263959501074
1703,0.9121771217712177,0.8475276752767528,0.06464944649446491,0.6476596760837805,0.6243979569636642,0.02326171912011632,0.7194164346634065,0.7184489701684369,0.0009674644949696498
1704,0.9174528301886793,0.8437893081761005,0.07366352201257875,0.6480926146275477,0.6233920122626276,0.02470060236492011,0.750171220424018,0.7487329269562762,0.0014382934677417136
1705,0.8675450762829403,0.8310679611650486,0.036477115117891756,0.6627155950102256,0.6436888048200722,0.01902679019015341,0.7439430944463938,0.7477365091477073,-0.0037934147013134467
1706,0.9097918272937549,0.835929067077872,0.0738627602158829,0.6468954360986959,0.6235329867424688,0.02336244935622711,0.7501749384727752,0.7500870780938694,8.786037890573528e-05
1707,0.893324607329843,0.8468586387434556,0.04646596858638741,0.6594181100662663,0.6390215506441284,0.020396559422137917,0.7392439728563777,0.7421363088573817,-0.0028923360010040255
1708,0.8948194662480377,0.8221350078492936,0.07268445839874405,0.6482488110502812,0.622467959548512,0.02578085150176923,0.7425488510145319,0.7456201817825139,-0.003071330767981939
1709,0.9024171888988362,0.8167412712623099,0.08567591763652627,0.6621656895140291,0.6369882868994607,0.025177402614568356,0.7644033748482771,0.7641979725990554,0.00020540224922172
1710,0.8994229183841714,0.8416323165704863,0.057790601813685116,0.663354866296089,0.6402829893286972,0.02307187696739177,0.7495052623611698,0.7527135115411607,-0.003208249179990963
1711,0.8879173290937997,0.8137519872813991,0.07416534181240064,0.6821453156292191,0.656830550255096,0.025314765374123138,0.7883051507697345,0.7900243417887326,-0.0017191910189980897
1712,0.9084022038567493,0.8535123966942149,0.05488980716253444,0.6605856682793846,0.6394274263736628,0.021158241905721797,0.745585418108159,0.7468544933435635,-0.0012690752354044266
1713,0.8900592495062541,0.8448979591836736,0.04516129032258054,0.6492691000838344,0.628818229878133,0.020450870205701466,0.7235251318211873,0.7300428380326011,-0.006517706211413787
1714,0.902102973168963,0.8521392313270486,0.04996374184191443,0.6630094370161546,0.6410959631754999,0.021913473840654674,0.7666487831042855,0.7686839077520092,-0.0020351246477237073
1715,0.8769759450171821,0.8143642611683848,0.06261168384879734,0.6493416807821685,0.6224126994317636,0.02692898135040489,0.7381374401318934,0.7392843865362041,-0.001146946404310678
1716,0.8773354995938262,0.8021121039805037,0.07522339561332247,0.6427023915438059,0.6157678776804757,0.026934513863330234,0.7299243031955587,0.731817449200352,-0.001893146004793289
1717,0.9178263750828363,0.8439363817097416,0.07388999337309465,0.6555197018438139,0.6294308553738164,0.02608884646999754,0.7277294887521387,0.7241664517097078,0.0035630370424308833
1718,0.8768882175226587,0.8216012084592146,0.05528700906344408,0.6538071040251574,0.627272856570239,0.02653424745491839,0.7428532379580893,0.7413488256847988,0.0015044122732905674
1719,0.8977556109725686,0.8258520365752287,0.07190357439733996,0.6418027306406909,0.6165655913063534,0.025237139334337577,0.7454395273208174,0.7453534082430793,8.611907773814487e-05
1720,0.9132856006364359,0.8425616547334924,0.07072394590294351,0.6783500279328682,0.6547704216800729,0.023579606252795315,0.7801193841220129,0.780445644900328,-0.0003262607783151017
1721,0.9040125885129819,0.8269079464988198,0.07710464201416212,0.6615388665450028,0.6375811086326244,0.02395775791237842,0.7496807015740684,0.7493611255697957,0.0003195760042726814
1722,0.8984149855907781,0.8469740634005765,0.05144092219020169,0.6484527263804509,0.6260432028610419,0.022409523519409058,0.7261327882461387,0.72905009526606,-0.0029173070199213225
1723,0.9241819632881085,0.8367916999201916,0.08739026336791689,0.6514643470285508,0.6279004186334123,0.023563928395138545,0.7251400733498515,0.7249526455211625,0.0001874278286890796
1724,0.9164882226980728,0.857673090649536,0.05881513204853683,0.6477836179989228,0.6249088178755334,0.022874800123389383,0.7159968021975247,0.7171891612531399,-0.0011923590556152108
1725,0.914179104477612,0.8398507462686566,0.07432835820895534,0.6678629186957855,0.6436804977078323,0.0241824209879532,0.7579390635378304,0.7565633075642731,0.0013757559735572134
1726,0.9011075949367089,0.8295886075949367,0.0715189873417722,0.6647924540148916,0.641758778945235,0.02303367506965659,0.753820768077238,0.7563778109397232,-0.0025570428624852592
1727,0.9127358490566038,0.8307389937106919,0.08199685534591183,0.6537552192349828,0.6273463850575188,0.02640883417746398,0.7328564497046903,0.7327975950857608,5.885461892951582e-05
1728,0.920075519194462,0.8676526117054753,0.0524229074889867,0.649120179820976,0.6289290858222734,0.02019109399870267,0.7295251815951925,0.7290105675257476,0.0005146140694449741
1729,0.9136690647482014,0.8501438848920863,0.06352517985611517,0.6416043422915213,0.6171196293806145,0.024484712910906814,0.7306856808668846,0.7313538346696666,-0.0006681538027820677
1730,0.8926223520818115,0.8260774287801315,0.06654492330168005,0.6501360941437261,0.62456948625605,0.025566607887676063,0.7365202681467798,0.736575019665906,-5.4751519126150505e-05
1731,0.9356890459363958,0.8779505300353356,0.05773851590106016,0.6517990604915044,0.6313316612446206,0.02046739924688379,0.7481848305337674,0.7485529036613817,-0.0003680731276143323
1732,0.9231360491929285,0.8252113758647195,0.09792467332820898,0.6409392073401166,0.6100431121531026,0.030896095187013972,0.7272281283220514,0.7222702189030279,0.004957909419023521
1733,0.9161425576519916,0.842208245981831,0.07393431167016062,0.6663183016201114,0.6409042340977229,0.025414067522388506,0.757069852816186,0.7555318836765021,0.001537969139683848
1734,0.8915569326103796,0.8343919442292798,0.057164988381099846,0.6529309261807037,0.629999307513583,0.02293161866712068,0.7406069148939025,0.7434053895832977,-0.002798474689395203
1735,0.8973288814691152,0.8187813021702839,0.07854757929883127,0.6466831891015712,0.6208254262643216,0.02585776283724961,0.7249480939113199,0.726408794349062,-0.0014607004377421573
1736,0.9135906040268457,0.8246644295302014,0.0889261744966443,0.651911725458578,0.6236316368542834,0.02828008860429465,0.7391204736760748,0.7382167395767338,0.0009037340993409693
1737,0.9121140142517815,0.8212984956452889,0.09081551860649262,0.6587556932278773,0.6296402126810222,0.029115480546855088,0.7365360560618226,0.7370955802592853,-0.0005595241974627463
1738,0.9281650071123755,0.8676386913229017,0.06052631578947376,0.6486504800403605,0.6270942049826956,0.021556275057664886,0.7461206379864019,0.7451650226955892,0.0009556152908127835
1739,0.9280936454849499,0.8494983277591974,0.07859531772575246,0.6683194147337971,0.641470931942375,0.026848482791422046,0.7484432644650042,0.7450290333783388,0.003414231086665387
1740,0.909942363112392,0.854178674351585,0.05576368876080695,0.6515000104609252,0.6303825174305959,0.021117493030329282,0.7451730963953137,0.7463572119250224,-0.0011841155297086514
1741,0.8950437317784257,0.8220845481049563,0.07295918367346932,0.6518427284293274,0.627964608342044,0.023878120087283405,0.7485669263509963,0.750207005640764,-0.0016400792897677263
1742,0.9063729346970889,0.840912667191188,0.06546026750590095,0.6383203202887162,0.6126415180778982,0.025678802210817975,0.7411954644328719,0.7423246160113122,-0.0011291515784402906
1743,0.8852583586626139,0.8319148936170212,0.05334346504559273,0.6472753112733313,0.6222608443419582,0.025014466931373103,0.731263901763545,0.729702317955164,0.0015615838083810063
1744,0.9061102831594635,0.8473174366616989,0.05879284649776462,0.6478184912204545,0.6258521075122099,0.021966383708244663,0.7291613116007211,0.7305282263412736,-0.001366914740552505
1745,0.9014296463506396,0.818811136192626,0.08261851015801358,0.6679428626436955,0.6402958150058706,0.027647047637824884,0.7574766168392095,0.7558553264566573,0.0016212903825522096
1746,0.882120253164557,0.8318037974683545,0.05031645569620247,0.6476474889013188,0.6232325716240215,0.024414917277297388,0.7117412991672484,0.7137941672075673,-0.0020528680403189004
1747,0.8877630553390491,0.8298519095869056,0.05791114575214351,0.6747516730903113,0.6495466896327781,0.025204983457533192,0.7417706921016338,0.7409064436323962,0.0008642484692376051
1748,0.9204455051710422,0.8424025457438346,0.07804295942720763,0.6452099259226738,0.6207657026526971,0.02444422326997664,0.7432397894582959,0.7419944260441358,0.00124536341416015
1749,0.887719298245614,0.8156140350877192,0.07210526315789478,0.6548775405928317,0.6299951131818724,0.02488242741095925,0.7558644741182668,0.7547816015119151,0.001082872606351759
1750,0.9115241635687732,0.8421561338289963,0.06936802973977685,0.6222942858198971,0.5981806262430687,0.024113659576828428,0.7372898324986562,0.7417526129026004,-0.004462780403944211
1751,0.8931466470154753,0.8227708179808401,0.07037582903463524,0.6704814597225264,0.6466167759774317,0.02386468374509465,0.7636646009665417,0.7647559507795927,-0.0010913498130510346
1752,0.9434984520123839,0.8545665634674922,0.08893188854489176,0.631424285774379,0.6030891686637531,0.028335117110625974,0.7005839703770588,0.6934630612527248,0.007120909124333941
1753,0.91284046692607,0.8515953307392996,0.06124513618677041,0.6614515407429192,0.6394116612204469,0.022039879522472328,0.7273314569629381,0.7265518734127406,0.0007795835501974713
1754,0.9176954732510288,0.8437037037037036,0.07399176954732523,0.6432298971899301,0.6199773085800526,0.023252588609877445,0.7153212663353066,0.7152678420599062,5.3424275400337784e-05
1755,0.9001512859304085,0.8414523449319213,0.05869894099848716,0.6638890889676209,0.6395950910962576,0.024293997871363326,0.7549366839173604,0.7551684076697002,-0.00023172375233981857
1756,0.8895116092874299,0.822097678142514,0.0674139311449159,0.672931816665728,0.6501947087768248,0.022737107888903152,0.755011995129722,0.754389105898692,0.0006228892310299328
1757,0.8950461796809404,0.8311502938706969,0.06389588581024341,0.6754840105465412,0.6525085629362409,0.022975447610300237,0.7693269874647445,0.7685909584999675,0.0007360289647769802
1758,0.9154704944178629,0.8401116427432218,0.07535885167464107,0.686031415385462,0.6628682440158072,0.023163171369654734,0.7807625248990807,0.7790711578764469,0.0016913670226338384
1759,0.8956328645447816,0.8307179866765357,0.0649148778682459,0.653342486004065,0.6278685244955002,0.025473961508564735,0.7250365485014474,0.725791946766465,-0.0007553982650175817
1760,0.9379139072847682,0.8295529801324504,0.10836092715231782,0.6405751106844778,0.6129847547460617,0.027590355938416078,0.721094361342602,0.7181353860718466,0.002958975270755393
1761,0.925205684367988,0.8475691847419597,0.07763649962602825,0.6593124117768449,0.633881512950316,0.025430898826528825,0.7552069770208338,0.7526402682041063,0.002566708816727492
1762,0.8725925925925926,0.8096296296296297,0.06296296296296289,0.6610700362864995,0.6374889759485127,0.023581060337986792,0.7706416563758177,0.7738483950417007,-0.0032067386658829466
1763,0.8672501823486506,0.8177242888402626,0.049525893508387986,0.6805934455094075,0.6559136732836015,0.024679772225805974,0.7672170864380199,0.7703858204323168,-0.0031687339942969572
1764,0.8743211792086889,0.7986811481768813,0.07564003103180761,0.6835462651908432,0.6589441470397662,0.024602118151076935,0.7654802753785447,0.7702679294692291,-0.004787654090684379
1765,0.916723087339201,0.8631685849695329,0.05355450236966819,0.6313795348036877,0.6090534970569014,0.02232603774678632,0.709003548705515,0.7085590231790565,0.00044452552645846133
1766,0.9005704971475142,0.8386308068459657,0.061939690301548556,0.6644401259112737,0.6417581638134874,0.02268196209778628,0.753942487800793,0.7565411506137376,-0.00259866281294463
1767,0.9034289713086074,0.8617214835549335,0.041707487753673944,0.6630890385448048,0.6420601910702175,0.02102884747458733,0.7601468671148038,0.7642400786589335,-0.004093211544129671
1768,0.8883861236802413,0.8297134238310708,0.05867269984917045,0.6444730514406057,0.6165603192697128,0.027912732170892962,0.7212555625784779,0.7205275080737307,0.000728054504747222
1769,0.8968915845337376,0.8369977255496588,0.05989385898407884,0.6633225856910353,0.6386891193498905,0.024633466341144827,0.7532952906956057,0.7558662938461743,-0.0025710031505685738
1770,0.9015544041450777,0.8429311621021466,0.05862324204293112,0.6426599344972229,0.6206977366137207,0.021962197883502177,0.715669085194724,0.7164591871167901,-0.0007901019220660777
1771,0.8971036585365854,0.8320121951219512,0.06509146341463412,0.6662902682373425,0.6456649298250685,0.020625338412273986,0.7464285756332446,0.7475291318547267,-0.0011005562214820852
1772,0.904796511627907,0.8230377906976745,0.08175872093023251,0.6414101776452024,0.6127891599402124,0.028621017704989926,0.7275337171467746,0.7275232011630564,1.0515983718262234e-05
1773,0.9063761097659403,0.8315577078288943,0.07481840193704603,0.6611976329959225,0.6373455672130788,0.023852065782843712,0.7632938650898166,0.7648213590192325,-0.0015274939294159795
1774,0.8540983606557377,0.7847540983606557,0.06934426229508206,0.6418859028988444,0.609552910899614,0.03233299199923034,0.7062809373496962,0.7069262662919118,-0.0006453289422155839
1775,0.9084720121028744,0.8490166414523449,0.059455370650529527,0.6630071893965389,0.6441129437077155,0.018894245688823363,0.753983918561809,0.7568042797499354,-0.0028203611881263413
1776,0.8977002379064235,0.8375892149088024,0.060111022997621055,0.6570059900844248,0.6328485206946741,0.02415746938975072,0.7503144935151232,0.7508798297360708,-0.0005653362209475654
1777,0.9038461538461539,0.8376780626780626,0.0661680911680913,0.647218585580206,0.6242071012098273,0.0230114843703787,0.73662350738088,0.7397579722300828,-0.003134464849202767
1778,0.8877769835596855,0.8397426733380987,0.04803431022158677,0.6807176634350327,0.6585095938195223,0.022208069615510362,0.7610297031476786,0.7652840622859425,-0.004254359138263886
1779,0.8983050847457628,0.826957223567393,0.07134786117836978,0.6852238429825974,0.6624677198849409,0.02275612309765651,0.7860596794715737,0.7872038402258573,-0.0011441607542835852
1780,0.8854415274463007,0.8122513922036594,0.07319013524264129,0.6604033869325875,0.633723930962606,0.026679455969981447,0.742048511325502,0.7422798941096305,-0.00023138278412848656
1781,0.9114963503649635,0.8242700729927007,0.08722627737226274,0.6522999989827476,0.6246871068631548,0.027612892119592836,0.7583797556714177,0.7568568630442679,0.0015228926271497745
1782,0.8976744186046511,0.823875968992248,0.07379844961240312,0.6474991583145882,0.6222026175923323,0.025296540722255845,0.7413478403740337,0.7426854475526897,-0.0013376071786560528
1783,0.9137562366357804,0.8635067712045617,0.050249465431218776,0.6442038312279019,0.6205820000603102,0.023621831167591756,0.7377302019849,0.7394694132605274,-0.0017392112756273725
1784,0.9045741324921136,0.8456624605678232,0.058911671924290365,0.6565266638190324,0.6347296064141786,0.021797057404853715,0.7441421594924001,0.7463103408278206,-0.002168181335420405
1785,0.9090277777777778,0.8365972222222222,0.07243055555555555,0.6529666880704985,0.627519524910282,0.025447163160216557,0.737168326165394,0.736726702611551,0.00044162355384291807
1786,0.911402157164869,0.8336671802773499,0.07773497688751918,0.6572491099023622,0.6347660810726237,0.022483028829738516,0.7626913933398224,0.7643415838548228,-0.0016501905150003715
1787,0.9103240391861341,0.861266013564431,0.04905802562170314,0.6411628664541319,0.6202491448256586,0.02091372162847327,0.7374700997230271,0.7375576391080751,-8.753938504801884e-05
1788,0.8882725832012678,0.8286053882725832,0.05966719492868455,0.6685273033429429,0.6454830587269649,0.023044244615977982,0.7357236414645331,0.7381823634515046,-0.0024587219869715016
1789,0.8904214559386974,0.8353256704980844,0.055095785440613,0.6410828709498277,0.6181919555444516,0.022890915405376133,0.7331971249716095,0.7345528956604117,-0.0013557706888022159
1790,0.8982338099243061,0.8493692178301092,0.04886459209419691,0.6488586078694759,0.6286398023429955,0.020218805526480366,0.7385667529332726,0.7393031981737994,-0.0007364452405268507
1791,0.888722927557879,0.8374906646751306,0.0512322628827484,0.6514049679053843,0.6306110615427861,0.020793906362598147,0.7205305816786552,0.7221188704732924,-0.0015882887946371271
1792,0.9009983361064892,0.8307820299500832,0.07021630615640595,0.6552651617664668,0.6312473195552682,0.024017842211198515,0.733956355728443,0.732984250842956,0.0009721048854869352
1793,0.9091554293825408,0.8475514549325762,0.06160397444996457,0.6382804506736413,0.614028213637934,0.024252237035707225,0.7127885154507063,0.712628819469235,0.00015969598147136388
1794,0.9038322487346349,0.8348517715112076,0.06898047722342726,0.6487960757017709,0.6244275160216028,0.024368559680168045,0.7266543635349151,0.7281531191985233,-0.0014987556636082422
1795,0.906957928802589,0.8219255663430423,0.0850323624595467,0.6527600487507577,0.6288089004128329,0.023951148337924777,0.7485867878716074,0.7511027578668017,-0.0025159699951943226
1796,0.9140572951365756,0.8612258494337108,0.0528314457028648,0.6518690114657562,0.6295260997297203,0.022342911736035864,0.7310117510794212,0.7309658464375594,4.590464186182697e-05
1797,0.884046052631579,0.8278782894736842,0.056167763157894735,0.6876704791510161,0.666495091785631,0.021175387365385046,0.7931886545217038,0.7937918361786,-0.0006031816568962123
1798,0.8925056775170326,0.8132475397426193,0.07925813777441326,0.6579855854906052,0.631681333929651,0.026304251560954173,0.7705879236769562,0.7731142525206918,-0.0025263288437356035
1799,0.8873771730914588,0.828949357520786,0.05842781557067278,0.6693800197937382,0.6443836848364989,0.024996334957239297,0.7618001483056551,0.7638018348920148,-0.0020016865863596855
1800,0.8909682668836453,0.8274206672091131,0.06354759967453216,0.6696618136443403,0.6484286894864957,0.02123312415784462,0.7573594717230471,0.7627184871002487,-0.005359015377201626
1801,0.9051321928460342,0.8494556765163297,0.055676516329704495,0.6456094697714312,0.62498674703661,0.02062272273482124,0.7469323277983472,0.7508007113845835,-0.0038683835862363125
1802,0.9349019607843138,0.8681568627450981,0.06674509803921569,0.6371807345751718,0.6167876010222245,0.02039313355294725,0.7268924981157755,0.7260316386478032,0.0008608594679723192
1803,0.9212410501193318,0.8486873508353222,0.07255369928400957,0.6638067307022051,0.6389020505840054,0.024904680118199685,0.7566455539129454,0.7552796244248906,0.0013659294880548067
1804,0.9128540305010894,0.8601307189542485,0.052723311546840845,0.6634237614593467,0.6414742781543539,0.0219494833049928,0.7509732967403561,0.7532427251619733,-0.002269428421617259
1805,0.908720456397718,0.8289323553382234,0.07978810105949463,0.6641440219620858,0.6410323156777167,0.023111706284369093,0.7621378185950897,0.7607464306148609,0.0013913879802287532
1806,0.8852459016393442,0.8336421952957946,0.051603706343549605,0.6856867689621664,0.6646817350801142,0.021005033882052215,0.7822019693791235,0.7848474696143259,-0.0026455002352024914
1807,0.8880426504188881,0.8165270373191165,0.07151561309977161,0.6636801176910209,0.636100955865707,0.027579161825313836,0.7624265499083352,0.7623756407701745,5.090913816074849e-05
1808,0.8959200666111574,0.8250624479600333,0.07085761865112417,0.6658391260669562,0.6402104484033879,0.025628677663568245,0.75131273280758,0.7497294888642838,0.0015832439432962309
1809,0.886039886039886,0.8175213675213676,0.06851851851851842,0.6726311826273484,0.6482814980774668,0.024349684549881623,0.7567202621876739,0.7569823048965131,-0.0002620427088392274
1810,0.9205387205387205,0.858047138047138,0.0624915824915826,0.6348351619914342,0.6088991231822601,0.025936038809174056,0.7158122699308994,0.716599128159366,-0.0007868582284665804
1811,0.9091673675357443,0.8314550042052146,0.07771236333052978,0.6849437545212671,0.6612671718581893,0.023676582663077816,0.7863420553363051,0.785403843722811,0.0009382116134940555
1812,0.903250773993808,0.8377708978328172,0.06547987616099082,0.6567721980470472,0.6328996763573691,0.023872521689678128,0.7323303975666283,0.7346854342788763,-0.0023550367122480154
1813,0.9095315024232633,0.8294022617124395,0.08012924071082383,0.6597225152639484,0.6337197048280868,0.026002810435861612,0.7378549415346388,0.7372564304862469,0.0005985110483919254
1814,0.899702823179792,0.8404160475482912,0.059286775631500754,0.6641526449716957,0.6433072890940335,0.02084535587766223,0.7553648105165339,0.7593885154837186,-0.004023704967184627
1815,0.889795918367347,0.8173877551020409,0.07240816326530608,0.6753245169059465,0.6524276025707632,0.02289691433518337,0.767098268654311,0.7703597738348275,-0.0032615051805164885
1816,0.9268833087149188,0.8659527326440177,0.06093057607090102,0.667163388224631,0.6457295902644808,0.021433797960150103,0.7627581678242547,0.7640544071020812,-0.0012962392778265164
1817,0.908753709198813,0.8551186943620179,0.053635014836795114,0.6592617094760237,0.6361613374768431,0.02310037199918058,0.7523690774063526,0.7548905732072386,-0.002521495800886009
1818,0.9097978227060654,0.8335925349922239,0.0762052877138415,0.6674833337774906,0.6421033576134905,0.025379976164000118,0.7566978903994086,0.7549623848890581,0.0017355055103505101
1819,0.9110953058321479,0.837624466571835,0.07347083926031295,0.6613948581292898,0.6360251088281348,0.025369749301154987,0.749465804229745,0.7504606138414985,-0.0009948096117535776
1820,0.9123750960799385,0.8491160645657188,0.06325903151421974,0.6502760445338752,0.6271361031712408,0.02313994136263442,0.7423491778507172,0.7390545451482906,0.003294632702426581
1821,0.9277286135693216,0.8813421828908554,0.04638643067846615,0.6687880581643834,0.6517789051297671,0.017009153034616253,0.7610873710568241,0.7629114729159788,-0.0018241018591547142
1822,0.9113018597997139,0.8348354792560801,0.07646638054363375,0.6635167174079323,0.6365321374591563,0.02698457994877601,0.7465806939416872,0.7423057165730288,0.00427497736865845
1823,0.9012158054711246,0.8352583586626139,0.06595744680851068,0.6536305412367835,0.6280301857459464,0.025600355490837168,0.7302425775603915,0.7279892326727846,0.0022533448876068674
1824,0.8827838827838828,0.8455677655677656,0.03721611721611717,0.6687207193304463,0.6476223735509208,0.021098345779525518,0.74728691265464,0.751170885578114,-0.0038839729234739773
1825,0.9301340860973889,0.846788990825688,0.08334509527170086,0.6604616699898259,0.6349454406485091,0.02551622934131681,0.7499480241144946,0.746690626023278,0.0032573980912166123
1826,0.9030124908155768,0.8319617927994122,0.07105069801616459,0.6613134971056762,0.635314555994013,0.025998941111663232,0.7370520060932768,0.7341807220185048,0.002871284074771996
1827,0.8861031518624641,0.8372492836676217,0.04885386819484239,0.6626605929712833,0.6418073621231375,0.02085323084814583,0.7508775695047527,0.7556484363716457,-0.0047708668668929866
1828,0.909382518043304,0.8212510024057739,0.08813151563753008,0.6565321314575802,0.628284483006534,0.028247648451046214,0.7331971846568086,0.727537381537152,0.005659803119656637
1829,0.9081481481481481,0.851037037037037,0.05711111111111111,0.6653511967860539,0.6428868341927207,0.022464362593333176,0.7503756812907958,0.751442734177144,-0.0010670528863482298
1830,0.8669467787114846,0.8265406162464985,0.04040616246498607,0.6471866838466814,0.6213418687229313,0.025844815123750142,0.7190057296782361,0.7227964644421639,-0.0037907347639278832
1831,0.9014626635873749,0.8284064665127021,0.07305619707467281,0.652914746913712,0.6246175227918791,0.028297224121832887,0.7253318981956464,0.7198862804242648,0.005445617771381528
1832,0.9149102263856362,0.8249024199843873,0.09000780640124895,0.6711093609037309,0.6435193348938621,0.027590026009868707,0.7727204336573023,0.7714869412005927,0.0012334924567095618
1833,0.904995904995905,0.8470106470106471,0.05798525798525789,0.6406020188923346,0.6186893888841801,0.021912630008154466,0.7321170221930898,0.7332940864682743,-0.0011770642751844917
1834,0.9072512647554806,0.8361720067453625,0.07107925801011805,0.6898183763491502,0.6670259258699407,0.022792450479209525,0.7831446996925958,0.786735826452408,-0.003591126759812213
1835,0.8933649289099526,0.8256714060031596,0.06769352290679298,0.653627426087281,0.6312354970097541,0.02239192907752685,0.7511743935158025,0.7513726057799082,-0.00019821226410565718
1836,0.889894419306184,0.8248868778280543,0.0650075414781297,0.6782460055317407,0.6557628756411498,0.02248312989059098,0.770885051832962,0.7696504162497516,0.0012346355832103528
1837,0.8917241379310344,0.8152413793103449,0.07648275862068954,0.6812057913569566,0.6534325713582236,0.027773219998732945,0.7657051241277858,0.7642268415502621,0.001478282577523693
1838,0.9094256259204713,0.8484536082474227,0.060972017673048606,0.6782236869203367,0.6541564367851281,0.024067250135208607,0.7612003809490192,0.7621232909328195,-0.0009229099838002908
1839,0.9236471460340994,0.8592290585618976,0.06441808747220179,0.6570412727246248,0.6362195021153445,0.020821770609280255,0.7544554383042581,0.7561763565281652,-0.0017209182239070753
1840,0.8914728682170543,0.8391120507399578,0.05236081747709653,0.6821417405424989,0.6591730874781344,0.022968653064364464,0.762932585294065,0.7634973078023573,-0.0005647225082922036
1841,0.8865979381443299,0.8249801744647105,0.06161776367961935,0.6736532049282067,0.6529575934404048,0.020695611487801857,0.7604939511232357,0.7656712777539703,-0.005177326630734558
1842,0.9083728278041074,0.8251184834123222,0.08325434439178525,0.6464740180197533,0.6196877005314269,0.026786317488326494,0.7449829987374224,0.7430658404870838,0.0019171582503385576
1843,0.9342532467532467,0.8535714285714286,0.08068181818181808,0.6432436835834064,0.620098397498396,0.02314528608501043,0.7222106263314595,0.7230595984355244,-0.0008489721040648712
1844,0.8743754461099215,0.8260528194147039,0.048322626695217585,0.6654429373930778,0.6431396097510934,0.022303327641984394,0.7533357234156479,0.7597321974854345,-0.006396474069786606
1845,0.8948655256723717,0.8147514262428688,0.08011409942950287,0.6554089297569231,0.6294041547422806,0.02600477501464249,0.7374050997285497,0.7380292015456124,-0.0006241018170626278
1846,0.9092797783933518,0.8539473684210526,0.05533240997229927,0.6633978947176875,0.64469007961912,0.01870781509856756,0.7523240509557781,0.7553897734017614,-0.0030657224459832433
1847,0.8820678513731826,0.8046042003231018,0.0774636510500808,0.6738537159924748,0.6483504534569333,0.02550326253554147,0.7515713859936104,0.7534283459640048,-0.0018569599703943673
1848,0.8926174496644296,0.8365771812080538,0.056040268456375775,0.6662406386315723,0.6399908800214023,0.026249758610170093,0.7466228061786004,0.7455569056348107,0.001065900543789744
1849,0.9038601602330663,0.8339402767662053,0.06991988346686095,0.6774730291410214,0.6557117786885869,0.02176125045243449,0.7758688587334018,0.7783974675579869,-0.0025286088245850546
1850,0.920957215373459,0.8484408992023205,0.07251631617113852,0.6329341227934376,0.6075042564109714,0.02542986638246625,0.7197575786299668,0.7171740622337774,0.002583516396189367
1851,0.8871080139372822,0.8390940766550523,0.04801393728222991,0.6392519765562337,0.6156116966918584,0.023640279864375224,0.699063157143533,0.7027410603397669,-0.003677903196233956
1852,0.937251787132645,0.858617950754567,0.07863383637807797,0.6671201687181194,0.6450875643714393,0.022032604346680085,0.7626092927400052,0.7593464450044427,0.003262847735562513
1853,0.9209914794732765,0.8428350116189002,0.07815646785437635,0.6421063413253321,0.6193536607556556,0.022752680569676498,0.7412810815105418,0.7418053296339078,-0.0005242481233659335
1854,0.9025720966484801,0.8227591582229149,0.07981293842556525,0.6626320012444108,0.6352637695714805,0.027368231672930343,0.7523445155181326,0.7487098403974948,0.0036346751206378647
1855,0.8920289855072464,0.8340579710144927,0.05797101449275366,0.6800753281651055,0.6586641331036559,0.021411195061449617,0.7629219118196269,0.7639416687284647,-0.001019756908837821
1856,0.9144385026737968,0.8491214667685256,0.06531703590527116,0.636829471182353,0.61149610313901,0.025333368043342963,0.6956257045622357,0.693837043502106,0.0017886610601297592
1857,0.8880918220946915,0.8414634146341463,0.046628407460545196,0.6570119942438981,0.6331905602771504,0.02382143396674774,0.7340206841967712,0.7338564045774773,0.00016427961929399437
1858,0.8823529411764706,0.8158742949234489,0.06647864625302169,0.6729801054261217,0.647310625329946,0.025669480096175756,0.7472577883351189,0.7494633214543196,-0.0022055331192006866
1859,0.9166034874905231,0.8576952236542835,0.058908263836239594,0.6501116962922532,0.6308699176659196,0.019241778626333583,0.7512323657859056,0.7532039746714385,-0.0019716088855329383
1860,0.884255930984903,0.833644859813084,0.050611071171818955,0.6437973067939516,0.6214128481890905,0.022384458604861157,0.7173817615780034,0.7242197051041387,-0.006837943526135315
1861,0.9252199413489736,0.8622434017595308,0.06297653958944271,0.6472954947261581,0.6257552875975739,0.021540207128584177,0.7405783610109261,0.7409559734108144,-0.0003776123998883163
1862,0.8810732414793329,0.8313995649021031,0.049673676577229764,0.6886971902458887,0.6690647064870533,0.019632483758835417,0.773451490162536,0.7739413316498864,-0.0004898414873504287
1863,0.9029688631426502,0.8451122375090515,0.057856625633598724,0.6583048064042466,0.6346883724371835,0.023616433967063144,0.7335398869567978,0.7346760587385386,-0.0011361717817407468
1864,0.9121756487025948,0.855688622754491,0.05648702594810384,0.658176619465225,0.6361417056443049,0.022034913820920043,0.7407756685312997,0.7391544976014541,0.0016211709298455945
1865,0.8714488636363636,0.8313210227272728,0.04012784090909083,0.6575981447198127,0.6366235429505245,0.020974601769288226,0.7521630069223193,0.7608435398837352,-0.00868053296141591
1866,0.9127243066884176,0.8327079934747145,0.08001631321370317,0.6448619083380958,0.6182224586922982,0.026639449645797564,0.7333579232135845,0.7307527766630106,0.002605146550573867
1867,0.8936329588014982,0.8534082397003745,0.040224719101123685,0.6747411969914424,0.6545562565503957,0.020184940441046684,0.7705913255032211,0.7714257542350463,-0.0008344287318252652
1868,0.9059158945117605,0.843264433357092,0.06265146115466846,0.6582594980574143,0.636454199471072,0.021805298586342392,0.7492125477161079,0.747883339587168,0.001329208128939885
1869,0.9273301737756714,0.8490521327014218,0.07827804107424963,0.663137852574925,0.6401198705960275,0.023017981978897484,0.7589491834366023,0.7588359772081599,0.00011320622844246397
1870,0.8798185941043084,0.8212396069538925,0.05857898715041587,0.6580859187462506,0.6346326637790927,0.02345325496715789,0.746211090416489,0.7459281157846867,0.0002829746318023796
1871,0.9032485875706214,0.8318502824858756,0.07139830508474587,0.6667684170440572,0.6430064494106801,0.023761967633377123,0.7668341314208906,0.7660387859746383,0.0007953454462523712
1872,0.8589298123697012,0.8195274496177902,0.039402362751911,0.6590486726258286,0.6348397811415504,0.024208891484278183,0.7270889259194679,0.7352425957180952,-0.008153669798627305
1873,0.8912875867386276,0.8296067848882036,0.061680801850424016,0.6702545186056339,0.6455222364952151,0.02473228211041878,0.7543129741532842,0.7550792250103087,-0.0007662508570244198
1874,0.9060895084372708,0.8398385913426265,0.06625091709464426,0.6740135961739764,0.6488840676989803,0.025129528474996055,0.7691686393409319,0.7730363948873833,-0.003867755546451357
1875,0.9036334913112164,0.8259873617693524,0.077646129541864,0.682130691040027,0.6545495165195955,0.027581174520431517,0.768176281907709,0.7686606367005754,-0.0004843547928663483
1876,0.8809859154929578,0.8440140845070422,0.03697183098591561,0.6455387138559967,0.6227011402702659,0.022837573585730797,0.7073685906764431,0.7066200034860803,0.0007485871903627483
1877,0.9147982062780269,0.8395366218236173,0.07526158445440956,0.6499492839651666,0.6241368799466798,0.025812404018486834,0.7447750537490929,0.7427202416469636,0.002054812102129322
1878,0.9052059052059052,0.8328671328671329,0.07233877233877228,0.6537969160488696,0.629627872999361,0.02416904304950862,0.7376724729610343,0.7365365392763397,0.0011359336846946677
1879,0.9204018547140649,0.8487635239567233,0.0716383307573416,0.643086299973186,0.6151518713475277,0.027934428625658314,0.7163449786640309,0.7126983530139028,0.003646625650128077
1880,0.9301442672741078,0.8416856492027336,0.08845861807137423,0.6481261642079597,0.6218276204183893,0.026298543789570306,0.7308187793809668,0.7294537385922223,0.0013650407887445537
1881,0.9084720121028744,0.8447049924357035,0.06376701966717091,0.657521651730387,0.6337339522990987,0.023787699431288334,0.7287598529277779,0.7287207574322151,3.909549556280201e-05
1882,0.9277022190408017,0.8538296349319972,0.0738725841088046,0.6576809022824055,0.6307851957405546,0.026895706541850917,0.7465394849267024,0.7457127703796138,0.0008267145470886028
1883,0.9028831562974203,0.8233687405159331,0.07951441578148721,0.6428827293275661,0.6154342903068337,0.02744843902073235,0.7283050736260469,0.728550080394992,-0.00024500676894512186
1884,0.9114219114219114,0.8434343434343434,0.067987567987568,0.6493742522086503,0.6242854879188376,0.02508876428981266,0.7366417382671977,0.7354547275403075,0.001187010726890203
1885,0.8927000879507476,0.8240985048372911,0.06860158311345654,0.6482644430136448,0.6213882936117004,0.026876149401944383,0.7435634120584506,0.7452784746268433,-0.0017150625683927112
1886,0.9161073825503355,0.8128355704697986,0.10327181208053693,0.6536051901699502,0.6259471073417466,0.02765808282820359,0.7433939382959303,0.7430492920639317,0.000344646231998591
1887,0.909468438538206,0.829734219269103,0.07973421926910307,0.6458147429951916,0.6200863005166407,0.025728442478550884,0.7247254918158845,0.7229943467237051,0.0017311450921794203
1888,0.886232481450948,0.8160758450123662,0.07015663643858183,0.6406672195053452,0.6138556038060352,0.02681161569931001,0.7260180981709252,0.7271955197617566,-0.0011774215908313401
1889,0.9254612546125461,0.8527675276752766,0.0726937269372695,0.6397731878490808,0.6163309706251402,0.023442217223940576,0.723276145030475,0.7217706421541191,0.0015055028763558687
1890,0.9124356144223694,0.8235467255334804,0.08888888888888902,0.6603591138203029,0.6323065252504507,0.028052588569852155,0.7534767451399387,0.7510122400684006,0.002464505071538059
1891,0.8991803278688525,0.8102459016393443,0.0889344262295082,0.663942792892922,0.6347783947046297,0.029164398188292306,0.7440381550357429,0.7394880603528542,0.0045500946828886946
1892,0.8840082361015786,0.8407687028140014,0.043239533287577236,0.6693883272871758,0.6487829526043267,0.020605374682849065,0.7450377190799848,0.7482045920892659,-0.0031668730092810904
1893,0.8866959064327485,0.8372076023391812,0.049488304093567304,0.6548542584036398,0.6346240291486784,0.02023022925496132,0.7341610141929171,0.73764668735932,-0.003485673166402914
1894,0.901386748844376,0.8281201848998458,0.07326656394453013,0.6730964615282512,0.6495985575304318,0.02349790399781937,0.7628056715379402,0.7648065772160486,-0.0020009056781084
1895,0.9269961977186312,0.8475285171102662,0.07946768060836495,0.646592368118991,0.6212925915942169,0.02529977652477411,0.7495248165244052,0.7494545703011795,7.024622322571172e-05
1896,0.8702346041055719,0.8242668621700879,0.04596774193548392,0.6675165928043222,0.64286811142789,0.024648481376432163,0.7282001472962626,0.7286312801666608,-0.0004311328703981987
1897,0.879489225857941,0.8292098962490024,0.05027932960893855,0.6751453099594327,0.6522036385765457,0.02294167138288694,0.7597222760941045,0.764154926804465,-0.004432650710360475
1898,0.912621359223301,0.8428949691085613,0.06972639011473969,0.6449915930767789,0.6225104106888535,0.022481182387925402,0.7386614273890819,0.7413680544266497,-0.0027066270375677437
1899,0.8996655518394648,0.8270066889632106,0.07265886287625423,0.6344098298796288,0.6110282950738404,0.023381534805788418,0.7311030317239846,0.7304749965119,0.0006280352120846544
1900,0.9064234734337827,0.823076923076923,0.08334655035685967,0.6547629455495512,0.6288732480936787,0.02588969745587244,0.7441146551408218,0.7443601028239378,-0.00024544768311607346
1901,0.894620486366986,0.8404568901989684,0.05416359616801758,0.6541239021019092,0.6298641553329305,0.024259746768978685,0.7449989129605912,0.7453318928793615,-0.0003329799187703486
1902,0.9099601593625498,0.8343426294820716,0.07561752988047821,0.6460362139899203,0.6224309223520456,0.023605291637874726,0.7450571075317042,0.7467596881050721,-0.0017025805733679178
1903,0.9148264984227129,0.8368296529968454,0.07799684542586749,0.6511151782457508,0.6271986169085434,0.02391656133720743,0.7329408047105826,0.7322581053578796,0.0006826993527030423
1904,0.8888065233506302,0.8225352112676056,0.0662713120830245,0.6852140449703289,0.6591036676638791,0.026110377306449828,0.7588004115714129,0.7554220546353434,0.003378356936069471
1905,0.8956043956043956,0.8327315541601255,0.06287284144427019,0.6712233119719964,0.6474337486030652,0.02378956336893112,0.7472997609263954,0.7463558029801092,0.0009439579462862113
1906,0.93046875,0.8551562500000001,0.0753124999999999,0.650958974848054,0.6289149817960584,0.02204399305199556,0.7575664147743233,0.7579819196345481,-0.00041550486022479127
1907,0.8903785488958991,0.820583596214511,0.06979495268138802,0.6353725301063856,0.6113122881736983,0.0240602419326873,0.713935127607723,0.715789733416718,-0.0018546058089949913
1908,0.9156441717791411,0.8414110429447852,0.07423312883435595,0.6686175836845738,0.645805842535796,0.02281174114877782,0.7558580526368892,0.7537304499137046,0.002127602723184574
1909,0.9096385542168675,0.8379518072289155,0.07168674698795197,0.6367788561020192,0.610261182446296,0.026517673655723217,0.706543888312251,0.7046772745961839,0.0018666137160671115
1910,0.9002201027146002,0.8310344827586207,0.0691856199559795,0.6707618366636467,0.6454773937038398,0.02528444295980692,0.7599042768421093,0.7592150006841886,0.000689276157920693
1911,0.9049707602339181,0.8318713450292398,0.07309941520467833,0.6395300440218747,0.6140224016291191,0.025507642392755603,0.7304292901629417,0.7332984901878523,-0.0028692000249106453
1912,0.8823529411764706,0.840069204152249,0.04228373702422161,0.6289465105379997,0.6075832576950164,0.021363252842983238,0.7030717790273322,0.7090232024377098,-0.0059514234103775765
1913,0.8956002982848621,0.819463087248322,0.07613721103654014,0.6514807104430289,0.6260657024515186,0.025415007991510308,0.7422731919577569,0.741167523825849,0.001105668131907822
1914,0.9158810732414794,0.8331399564902103,0.08274111675126905,0.6499751261289204,0.624013101943375,0.025962024185545385,0.7398051487238057,0.7391248026457754,0.0006803460780302473
1915,0.8995176848874598,0.8430868167202572,0.05643086816720255,0.6479932016960386,0.6229873087443571,0.02500589295168143,0.7428918044007142,0.7476551414489593,-0.004763337048245053
1916,0.9208424110384895,0.8493827160493828,0.07145969498910676,0.6657044794970475,0.6423987782741448,0.023305701222902653,0.7631165171125659,0.7614247070676652,0.00169181004490071
1917,0.8905109489051095,0.8244931062449309,0.06601784266017863,0.6467843003979356,0.6199830446601471,0.026801255737788465,0.7285509234387464,0.7284493958542397,0.00010152758450665544
1918,0.8835504885993485,0.8309446254071661,0.05260586319218241,0.6457041017038496,0.6222884969344323,0.023415604769417286,0.7151973830712062,0.7169028510970965,-0.0017054680258903332
1919,0.8745247148288974,0.8273764258555133,0.04714828897338408,0.6736929579142708,0.6491160307520467,0.024576927162224038,0.7485733664574038,0.7482726525846065,0.0003007138727972869
1920,0.9265151515151515,0.864469696969697,0.062045454545454515,0.6505482663207418,0.6270745534027306,0.023473712918011258,0.7242427027756274,0.7216760297961888,0.002566672979438578
1921,0.8758256274768824,0.8178335535006604,0.05799207397622197,0.6517389430357213,0.625340471368503,0.026398471667218315,0.7095351946241567,0.7100260445128107,-0.0004908498886539991
1922,0.8895790200138026,0.8274672187715666,0.06211180124223603,0.6405311814577581,0.617219390311478,0.023311791146280125,0.7320861203127209,0.7352216590869237,-0.0031355387742028062
1923,0.9377880184331797,0.8551459293394779,0.08264208909370185,0.6541369351504063,0.6281574024376131,0.025979532712793185,0.7470098222868027,0.7454874643528668,0.0015223579339358473
1924,0.8999258710155671,0.8363232023721274,0.06360266864343966,0.6638986015238852,0.6372222769073848,0.02667632461650049,0.7394158911979807,0.7363984974543147,0.0030173937436659415
1925,0.9197530864197531,0.8239969135802468,0.09575617283950622,0.6604040273045172,0.6360460991969955,0.024357928107521687,0.7545384210872866,0.7534416438448515,0.0010967772424351763
1926,0.9049153908138597,0.8371474617244157,0.06776792908944407,0.6539495917520873,0.6314054022217186,0.02254418953036874,0.7485817489938859,0.7518440909247989,-0.0032623419309130153
1927,0.8995363214837713,0.8247295208655332,0.07480680061823808,0.637552614527247,0.6131789063392445,0.02437370818800244,0.7307068005294552,0.728842618037185,0.001864182492270272
1928,0.9158600148920327,0.8501116902457186,0.06574832464631408,0.667341159520393,0.6483106242942311,0.019030535226161827,0.7715465081408184,0.7748317646340734,-0.003285256493255062
1929,0.8993808049535603,0.8457430340557275,0.05363777089783284,0.6673786711816776,0.6439692511352592,0.02340942004641844,0.7596036657404261,0.7602611484283054,-0.0006574826878792406
1930,0.8913213448006255,0.8381548084440968,0.05316653635652868,0.663342077100107,0.6415202866886601,0.02182179041144683,0.7544475443841896,0.7581718586027854,-0.003724314218595759
1931,0.9328956965718453,0.8680525164113785,0.06484318016046686,0.6516128292542613,0.6308340501426571,0.020778779111604195,0.7451215443618016,0.7459419665483271,-0.0008204221865255601
1932,0.9004048582995952,0.8317408906882591,0.06866396761133609,0.668916654835775,0.6437624764286376,0.025154178407137406,0.7621985097839682,0.7603724918527193,0.0018260179312489244
1933,0.9189591078066914,0.8423048327137547,0.07665427509293676,0.6718366006813066,0.6455084015853032,0.02632819909600337,0.7426007801630682,0.7391894267468855,0.0034113534161827053
1934,0.8902255639097745,0.8156390977443608,0.07458646616541365,0.6625420513935253,0.6388822399730919,0.023659811420433385,0.7570406852460587,0.7626766862308064,-0.005636000984747702
1935,0.9126145172656801,0.8640591966173361,0.048555320648344,0.6341623666753288,0.6139426463573241,0.020219720318004675,0.7106687032060358,0.7130306687377657,-0.0023619655317298482
1936,0.9044862518089725,0.849204052098408,0.05528219971056447,0.650818679320248,0.6283281056336715,0.022490573686576476,0.737299199206393,0.7409585071015784,-0.0036593078951854263
1937,0.8946474086661003,0.8299065420560747,0.06474086661002554,0.6620882864251424,0.6380911992129294,0.023997087212212942,0.7460467214618467,0.7478921697789547,-0.0018454483171079783
1938,0.9193548387096774,0.8546082949308756,0.06474654377880174,0.6520691215268459,0.6285056447422862,0.023563476784559723,0.7353830692570422,0.7325818761832485,0.002801193073793673
1939,0.8722433460076046,0.8289733840304182,0.043269961977186355,0.6480305582095206,0.6287297727689605,0.01930078544056013,0.7285219451426181,0.7319008058166319,-0.0033788606740137173
1940,0.9104477611940298,0.8448590381426202,0.06558872305140961,0.6425300952993581,0.6215308486254095,0.02099924667394859,0.7151754676923734,0.7153300643059419,-0.00015459661356853616
1941,0.9259927797833934,0.821841155234657,0.1041516245487365,0.6621980884746372,0.6356946809860095,0.026503407488627784,0.772157466564483,0.770642029520842,0.001515437043640988
1942,0.8972148541114059,0.8573607427055704,0.0398541114058355,0.6576554452783414,0.6382705063786693,0.019384938899672077,0.7474077904030559,0.749052847091629,-0.0016450566885730655
1943,0.8619813717188823,0.800931414055885,0.06104995766299737,0.6678421988745664,0.6445667685951262,0.023275430279440235,0.7508274126664312,0.7564095819950556,-0.005582169328624431
1944,0.9051094890510949,0.8487591240875911,0.05635036496350376,0.657634710270267,0.6356998090196972,0.02193490125056974,0.723572885647582,0.7257197094402272,-0.0021468237926451916
1945,0.9174793698424606,0.8530382595648913,0.06444111027756927,0.6448135464386815,0.6227182440516076,0.022095302387073912,0.7233135685715836,0.7225186452425679,0.000794923329015651
1946,0.9107391910739191,0.8640864714086472,0.04665271966527185,0.65738853923749,0.6367335161380014,0.020655023099488523,0.7565391239376161,0.7592599779400627,-0.0027208540024465933
1947,0.900225056264066,0.8456114028507127,0.054613653413353336,0.6510779596222589,0.6279106005415068,0.02316735908075207,0.7130811960297283,0.7130805746811307,6.213485975736788e-07
1948,0.9060402684563759,0.8167785234899331,0.08926174496644279,0.6564150716692274,0.6297610939159858,0.02665397775324163,0.7496503864805567,0.7500737466311376,-0.00042336015058086485
1949,0.8874493927125506,0.8222672064777328,0.06518218623481786,0.6477028977868378,0.6228592423662962,0.024843655420541566,0.7454204253169424,0.7500666282350056,-0.004646202918063169
1950,0.9031209362808843,0.8452535760728219,0.05786736020806238,0.6357772716356391,0.6100066967265991,0.02577057490904,0.7221385071483273,0.7236997979891704,-0.0015612908408431103
1951,0.9312210200927357,0.8506182380216384,0.08060278207109728,0.6619581005046573,0.6366708264292424,0.025287274075414867,0.7463199903040486,0.7437658840947288,0.0025541062093198397
1952,0.9098428453267163,0.825889164598842,0.08395368072787435,0.6691283062512877,0.6458302146138512,0.02329809163743657,0.7620913462440974,0.763938908665174,-0.0018475624210766428
1953,0.9007194244604316,0.8492805755395685,0.051438848920863145,0.6330861138169847,0.612524041921807,0.02056207189517767,0.7120389145593845,0.7161106881248809,-0.004071773565496373
1954,0.8915281076801267,0.8392715756136184,0.052256532066508266,0.6821903519501084,0.6572427652311902,0.02494758671891817,0.7608962614642739,0.76323739118808,-0.002341129723806068
1955,0.885972850678733,0.8374660633484161,0.04850678733031688,0.6865598024233541,0.666213760240004,0.02034604218335012,0.7792912952422824,0.7811049514379129,-0.0018136561956305641
1956,0.9227306826706677,0.8567141785446362,0.06601650412603155,0.6626677162012808,0.6418393556143555,0.020828360586925387,0.7485336655162632,0.7489815664316375,-0.00044790091537427745
1957,0.8843151171043293,0.8311568488289568,0.05315826827537251,0.6579543374773402,0.6354380594355193,0.02251627804182088,0.7385586836011735,0.7445076148853079,-0.005948931284134429
1958,0.9176114890400605,0.8426303854875284,0.07498110355253207,0.6550685849836512,0.6313129228763923,0.02375566210725888,0.7312198138461732,0.7301611649238988,0.0010586489222743634
1959,0.8917819365337672,0.8339300244100896,0.057851912123677685,0.6747876217570703,0.6518393685241567,0.022948253232913607,0.7650472708218532,0.7658876921231111,-0.0008404213012579431
1960,0.908433734939759,0.8276305220883534,0.08080321285140557,0.649859714281803,0.6220860013228096,0.027773712958993446,0.7361330940419153,0.7366430517937659,-0.0005099577518505871
1961,0.8973627940128297,0.8436920883820385,0.05367070563079124,0.6556052598166602,0.6336949342502646,0.021910325566395605,0.730358948196394,0.7296929535825895,0.0006659946138045658
1962,0.8965768390386016,0.8299344501092498,0.06664238892935181,0.6709531604411747,0.6458718994748842,0.025081260966290486,0.7514735514121981,0.7512348654809045,0.00023868593129361404
1963,0.9279346210995543,0.8565378900445767,0.07139673105497757,0.635435481255897,0.6133199298567005,0.02211555139919652,0.7190375271371802,0.7161831199225823,0.0028544072145978427
1964,0.871244635193133,0.8306151645207441,0.04062947067238887,0.6660172917389606,0.6428143764558982,0.023202915283062397,0.7358426864899749,0.7385100334825944,-0.0026673469926195015
1965,0.9074367088607594,0.8126582278481014,0.09477848101265807,0.6561363972523478,0.6279994569355603,0.028136940316787595,0.7500080210673823,0.7471019525063872,0.0029060685609950676
1966,0.939034716342083,0.8569856054191364,0.08204911092294664,0.6827283960951568,0.6602246069861233,0.0225037891090335,0.773678777735573,0.772641594900062,0.001037182835511019
1967,0.900990099009901,0.861032531824611,0.03995756718528998,0.6558904469997519,0.6371410389132992,0.018749408086452646,0.7351949875786016,0.7413364468556389,-0.006141459277037353
1968,0.9114754098360656,0.8213934426229509,0.09008196721311468,0.6543098835966028,0.6258713050340755,0.028438578562527295,0.7356308288777137,0.7319535665341015,0.0036772623436122087
1969,0.9080553295362083,0.8122050447518306,0.09585028478437763,0.6607507630363011,0.6304918551465042,0.030258907889796904,0.7359852678432911,0.7330884041548245,0.0028968636884666443
1970,0.916601714731099,0.8621979734996102,0.05440374123148872,0.6560099906563682,0.6351385688732174,0.020871421783150823,0.7417789057196494,0.7426646475713387,-0.0008857418516892146
1971,0.9063517915309446,0.8554560260586319,0.05089576547231267,0.6750552870703447,0.6554099001587671,0.019645386911577578,0.7670435357744393,0.7717867876970333,-0.004743251922594061
1972,0.9106870229007633,0.8346564885496184,0.07603053435114493,0.6454371780136873,0.6195868170778456,0.0258503609358417,0.7295424380251267,0.7300313727771715,-0.0004889347520447007
1973,0.9122938530734632,0.8590704647676162,0.05322338830584705,0.6707354715996192,0.6504728543213956,0.02026261727822365,0.7619020947466938,0.76672527383059,-0.0048231790838961786
1974,0.8940239043824701,0.82398406374502,0.07003984063745017,0.6505349699480105,0.6249954677786153,0.025539502169395267,0.7489266865898359,0.7494677984140075,-0.0005411118241716029
1975,0.8907435508345979,0.8188163884673747,0.07192716236722319,0.6527666020190853,0.6280594902147258,0.024707111804359472,0.7311173242093669,0.7348385255257535,-0.0037212013163865354
1976,0.8852848101265823,0.8174841772151898,0.06780063291139249,0.6482620769950179,0.6252724299868028,0.022989647008215153,0.7398863308258531,0.7420807096930326,-0.0021943788671795472
1977,0.916234247590808,0.8570793180133431,0.05915492957746482,0.662227219351817,0.6393092917899598,0.022917927561857288,0.754041844009608,0.7520516843114157,0.001990159698192384
1978,0.8760456273764259,0.8196958174904942,0.056349809885931634,0.6652351795568743,0.6415952022915045,0.023639977265369816,0.7521981904699793,0.7544299286976093,-0.002231738227630009
1979,0.9122023809523809,0.8529017857142858,0.059300595238095166,0.6636027466863726,0.6428664223869274,0.020736324299445275,0.7552346578922461,0.7558119974160259,-0.0005773395237798074
1980,0.876839659178931,0.817428350116189,0.05941130906274206,0.655859905994806,0.6310549101454436,0.024804995849362466,0.741273200850542,0.7472031983596689,-0.0059299975091268164
1981,0.9125984251968504,0.8407874015748031,0.07181102362204728,0.6678118000569322,0.6426236693870803,0.025188130669851927,0.7625685665305334,0.7612927560136575,0.0012758105168758638
1982,0.8982667671439337,0.8492087415222306,0.04905802562170314,0.6866866288680792,0.6644278589247637,0.022258769943315437,0.7719237625688504,0.7745872766117352,-0.0026635140428847848
1983,0.9086993970714901,0.8200689061154177,0.08863049095607234,0.6816869246658611,0.6559670539446298,0.025719870721231275,0.7830717433585027,0.7810128963897156,0.002058846968787109
1984,0.8767222625090645,0.835097897026831,0.04162436548223347,0.6451785563791289,0.6207187044472113,0.024459851931917576,0.7005523819861046,0.7016441163266534,-0.0010917343405487667
1985,0.8973509933774835,0.8548344370860926,0.04251655629139084,0.6651299364707113,0.6443564306948499,0.020773505775861345,0.7343768216170767,0.7355844284142805,-0.0012076067972037752
1986,0.9418181818181818,0.869309090909091,0.07250909090909075,0.6729577572990695,0.6501028458329583,0.022854911466111183,0.7689232442777747,0.7652469230975856,0.003676321180189124
1987,0.9034582132564841,0.8417867435158503,0.061671469740633866,0.6567707302736574,0.6345346447426682,0.022236085530989214,0.7477321526652002,0.7518751545702149,-0.004143001905014709
1988,0.8698060941828255,0.832202216066482,0.03760387811634347,0.6665773017113711,0.6462286113383129,0.020348690373058198,0.7262981578536843,0.7356398244951861,-0.009341666641501711
1989,0.8961881589618816,0.8305758313057584,0.06561232765612324,0.6643392406163982,0.6411139641068618,0.02322527650953632,0.7610027929505764,0.7625130006023593,-0.001510207651782891
1990,0.9042709867452136,0.8296023564064801,0.0746686303387335,0.6550994182347452,0.6303427078294976,0.024756710405247517,0.7397232650558623,0.740575725415562,-0.0008524603596997693
1991,0.8770903010033445,0.8098662207357858,0.06722408026755866,0.6718571061622479,0.6485202128574628,0.023336893304785167,0.7465323932198572,0.7519053660450095,-0.005372972825152256
1992,0.8917716827279466,0.8348406226834693,0.056931060044477344,0.6612999100818638,0.6386296550058425,0.022670255076021384,0.7546729353932072,0.7569400062953221,-0.002267070902114865
1993,0.9087509349289454,0.8136125654450261,0.0951383694839193,0.674460355217253,0.6439964826661374,0.0304638725511156,0.7706152185501057,0.7680777019008009,0.002537516649304794
1994,0.9073506891271057,0.8355283307810106,0.07182235834609507,0.6511293261023923,0.6237541699325772,0.027375156169815118,0.736363708044059,0.732324481472876,0.004039226571183052
1995,0.8937125748502994,0.827245508982036,0.06646706586826345,0.670703406700381,0.6479920452464554,0.022711361453925605,0.7671501155911794,0.7705066074277273,-0.003356491836547848
1996,0.9067944250871081,0.8355400696864113,0.0712543554006968,0.6334224219841428,0.6094711119768313,0.023951310007311433,0.7086670716404289,0.7083446048226731,0.00032246681775571773
1997,0.897770945426595,0.8350499615680246,0.06272098385857039,0.6567499723193003,0.6346440499185123,0.022105922400788014,0.744012616656068,0.7517562509579694,-0.007743634301901392
1998,0.9247076023391813,0.8513157894736842,0.07339181286549701,0.644997002121412,0.6191218537556837,0.02587514836572824,0.7338073201022822,0.7308337216489262,0.0029735984533559856
1999,0.9132947976878613,0.8164327002477292,0.09686209744013208,0.6408183964059583,0.6110479234170149,0.02977047298894342,0.7217488758677068,0.7185990155720472,0.0031498602956595567
