pair_key,dataset,visibility,clip_id,physical_case_id,frame_index,frame_member,gt_member,frame_size,gt_size,external_case_id,cluster_id,sampling_rank_within_case,sampling_hash,source_split_label,precontamination_status
testharddataset/unseen/case10_2/case_m_20181113100307_0u62372111373406_1_005_001-1_a26_ayy_image0123,TestHardDataset,Unseen,case10_2,case10,123,SUN-SEG-FinalData-v20251212/TestHardDataset/Unseen/Frame/case10_2/case_M_20181113100307_0U62372111373406_1_005_001-1_a26_ayy_image0123.jpg,SUN-SEG-FinalData-v20251212/TestHardDataset/Unseen/GT/case10_2/case_M_20181113100307_0U62372111373406_1_005_001-1_a26_ayy_image0123.png,414030,4048,SUNSEG_case10,case10,1,001b3d4a5a2037a915df8f3ad03d5dba9af61878afb3e2d0556c4f4216777193,Hard-Unseen,SELECTED_PENDING_CONTAMINATION
testharddataset/unseen/case10_1/case_m_20181113100307_0u62372111373406_1_005_001-1_a15_ayy_image0023,TestHardDataset,Unseen,case10_1,case10,23,SUN-SEG-FinalData-v20251212/TestHardDataset/Unseen/Frame/case10_1/case_M_20181113100307_0U62372111373406_1_005_001-1_a15_ayy_image0023.jpg,SUN-SEG-FinalData-v20251212/TestHardDataset/Unseen/GT/case10_1/case_M_20181113100307_0U62372111373406_1_005_001-1_a15_ayy_image0023.png,274071,4817,SUNSEG_case10,case10,2,0132e5bc62431308a194977c22415665f6441225929baf11d64d941142f785c2,Hard-Unseen,SELECTED_PENDING_CONTAMINATION
testharddataset/unseen/case10_1/case_m_20181113100307_0u62372111373406_1_005_001-1_a23_ayy_image0013,TestHardDataset,Unseen,case10_1,case10,13,SUN-SEG-FinalData-v20251212/TestHardDataset/Unseen/Frame/case10_1/case_M_20181113100307_0U62372111373406_1_005_001-1_a23_ayy_image0013.jpg,SUN-SEG-FinalData-v20251212/TestHardDataset/Unseen/GT/case10_1/case_M_20181113100307_0U62372111373406_1_005_001-1_a23_ayy_image0013.png,331554,3906,SUNSEG_case10,case10,3,01464dd6a46f9dc0b14e8f7074b25c6a2b040fa30dca44c072fb50a00cdb3d3d,Hard-Unseen,SELECTED_PENDING_CONTAMINATION
testharddataset/unseen/case10_1/case_m_20181113100307_0u62372111373406_1_005_001-1_a15_ayy_image0109,TestHardDataset,Unseen,case10_1,case10,109,SUN-SEG-FinalData-v20251212/TestHardDataset/Unseen/Frame/case10_1/case_M_20181113100307_0U62372111373406_1_005_001-1_a15_ayy_image0109.jpg,SUN-SEG-FinalData-v20251212/TestHardDataset/Unseen/GT/case10_1/case_M_20181113100307_0U62372111373406_1_005_001-1_a15_ayy_image0109.png,379423,3883,SUNSEG_case10,case10,4,018af18fca2d1d78c0de4ae86d2126c47744b0ebff5fe1141775e4957814b01d,Hard-Unseen,SELECTED_PENDING_CONTAMINATION
testharddataset/unseen/case10_1/case_m_20181113100307_0u62372111373406_1_005_001-1_a23_ayy_image0035,TestHardDataset,Unseen,case10_1,case10,35,SUN-SEG-FinalData-v20251212/TestHardDataset/Unseen/Frame/case10_1/case_M_20181113100307_0U62372111373406_1_005_001-1_a23_ayy_image0035.jpg,SUN-SEG-FinalData-v20251212/TestHardDataset/Unseen/GT/case10_1/case_M_20181113100307_0U62372111373406_1_005_001-1_a23_ayy_image0035.png,372771,3879,SUNSEG_case10,case10,5,019d107d9347cdface6f6fd5e778654a123a4530a2df1daf2cfb8b59ee9ff9be,Hard-Unseen,SELECTED_PENDING_CONTAMINATION
testharddataset/unseen/case10_2/case_m_20181113100307_0u62372111373406_1_005_001-1_a26_ayy_image0064,TestHardDataset,Unseen,case10_2,case10,64,SUN-SEG-FinalData-v20251212/TestHardDataset/Unseen/Frame/case10_2/case_M_20181113100307_0U62372111373406_1_005_001-1_a26_ayy_image0064.jpg,SUN-SEG-FinalData-v20251212/TestHardDataset/Unseen/GT/case10_2/case_M_20181113100307_0U62372111373406_1_005_001-1_a26_ayy_image0064.png,283208,4548,SUNSEG_case10,case10,6,02d90e1870497cf4b4986eb28514a2f6b2da4a94c32ec478f80201f79aa5dc06,Hard-Unseen,SELECTED_PENDING_CONTAMINATION
testharddataset/unseen/case10_2/case_m_20181113100307_0u62372111373406_1_005_001-1_a26_ayy_image0118,TestHardDataset,Unseen,case10_2,case10,118,SUN-SEG-FinalData-v20251212/TestHardDataset/Unseen/Frame/case10_2/case_M_20181113100307_0U62372111373406_1_005_001-1_a26_ayy_image0118.jpg,SUN-SEG-FinalData-v20251212/TestHardDataset/Unseen/GT/case10_2/case_M_20181113100307_0U62372111373406_1_005_001-1_a26_ayy_image0118.png,329868,4180,SUNSEG_case10,case10,7,02f4f11fa522dc2ed117d58aac93c7c4dead3b6a6284a5da11ee1d33733efea9,Hard-Unseen,SELECTED_PENDING_CONTAMINATION
testharddataset/unseen/case10_2/case_m_20181113100307_0u62372111373406_1_005_001-1_a26_ayy_image0197,TestHardDataset,Unseen,case10_2,case10,197,SUN-SEG-FinalData-v20251212/TestHardDataset/Unseen/Frame/case10_2/case_M_20181113100307_0U62372111373406_1_005_001-1_a26_ayy_image0197.jpg,SUN-SEG-FinalData-v20251212/TestHardDataset/Unseen/GT/case10_2/case_M_20181113100307_0U62372111373406_1_005_001-1_a26_ayy_image0197.png,394793,4174,SUNSEG_case10,case10,8,02fd97ddde68bebecf857ae9a62cc4d8797c4437f26d084112d572aa80ef4636,Hard-Unseen,SELECTED_PENDING_CONTAMINATION
testharddataset/unseen/case10_1/case_m_20181113100307_0u62372111373406_1_005_001-1_a15_ayy_image0055,TestHardDataset,Unseen,case10_1,case10,55,SUN-SEG-FinalData-v20251212/TestHardDataset/Unseen/Frame/case10_1/case_M_20181113100307_0U62372111373406_1_005_001-1_a15_ayy_image0055.jpg,SUN-SEG-FinalData-v20251212/TestHardDataset/Unseen/GT/case10_1/case_M_20181113100307_0U62372111373406_1_005_001-1_a15_ayy_image0055.png,364468,3912,SUNSEG_case10,case10,9,037e66adc0c0016d2449d4946e6998c7c09d39d870bd69401d51af8ddcf94648,Hard-Unseen,SELECTED_PENDING_CONTAMINATION
testharddataset/unseen/case10_2/case_m_20181113100307_0u62372111373406_1_005_001-1_a26_ayy_image0148,TestHardDataset,Unseen,case10_2,case10,148,SUN-SEG-FinalData-v20251212/TestHardDataset/Unseen/Frame/case10_2/case_M_20181113100307_0U62372111373406_1_005_001-1_a26_ayy_image0148.jpg,SUN-SEG-FinalData-v20251212/TestHardDataset/Unseen/GT/case10_2/case_M_20181113100307_0U62372111373406_1_005_001-1_a26_ayy_image0148.png,280539,4217,SUNSEG_case10,case10,10,0465c34f192c80424270402554518720e67c7091e67aa25abdd9cbfb5c1a53ae,Hard-Unseen,SELECTED_PENDING_CONTAMINATION
testharddataset/unseen/case10_2/case_m_20181113100307_0u62372111373406_1_005_001-1_a26_ayy_image0107,TestHardDataset,Unseen,case10_2,case10,107,SUN-SEG-FinalData-v20251212/TestHardDataset/Unseen/Frame/case10_2/case_M_20181113100307_0U62372111373406_1_005_001-1_a26_ayy_image0107.jpg,SUN-SEG-FinalData-v20251212/TestHardDataset/Unseen/GT/case10_2/case_M_20181113100307_0U62372111373406_1_005_001-1_a26_ayy_image0107.png,403120,4492,SUNSEG_case10,case10,11,04defc325d3832a77c53d981d11d8c7e395929135c21a928db5c7d5b3c93c6f9,Hard-Unseen,SELECTED_PENDING_CONTAMINATION
testharddataset/unseen/case10_1/case_m_20181113100307_0u62372111373406_1_005_001-1_a15_ayy_image0064,TestHardDataset,Unseen,case10_1,case10,64,SUN-SEG-FinalData-v20251212/TestHardDataset/Unseen/Frame/case10_1/case_M_20181113100307_0U62372111373406_1_005_001-1_a15_ayy_image0064.jpg,SUN-SEG-FinalData-v20251212/TestHardDataset/Unseen/GT/case10_1/case_M_20181113100307_0U62372111373406_1_005_001-1_a15_ayy_image0064.png,390812,3907,SUNSEG_case10,case10,12,05286ff04c9eac484490ed614d2c9409dbd12d015143ad5f9d36bb59a3aa2c6d,Hard-Unseen,SELECTED_PENDING_CONTAMINATION
testharddataset/unseen/case10_2/case_m_20181113100307_0u62372111373406_1_005_001-1_a26_ayy_image0136,TestHardDataset,Unseen,case10_2,case10,136,SUN-SEG-FinalData-v20251212/TestHardDataset/Unseen/Frame/case10_2/case_M_20181113100307_0U62372111373406_1_005_001-1_a26_ayy_image0136.jpg,SUN-SEG-FinalData-v20251212/TestHardDataset/Unseen/GT/case10_2/case_M_20181113100307_0U62372111373406_1_005_001-1_a26_ayy_image0136.png,323475,4176,SUNSEG_case10,case10,13,0587ad88040eb6eb957b775f82a632071120176766b40a6a499fe2212d9df59d,Hard-Unseen,SELECTED_PENDING_CONTAMINATION
testharddataset/unseen/case10_2/case_m_20181113100307_0u62372111373406_1_005_001-1_a26_ayy_image0202,TestHardDataset,Unseen,case10_2,case10,202,SUN-SEG-FinalData-v20251212/TestHardDataset/Unseen/Frame/case10_2/case_M_20181113100307_0U62372111373406_1_005_001-1_a26_ayy_image0202.jpg,SUN-SEG-FinalData-v20251212/TestHardDataset/Unseen/GT/case10_2/case_M_20181113100307_0U62372111373406_1_005_001-1_a26_ayy_image0202.png,281773,4180,SUNSEG_case10,case10,14,05d16349030f0d11f44fa0fde8f1f8cd44e6d2d05881630781f1df4a7655e6fc,Hard-Unseen,SELECTED_PENDING_CONTAMINATION
testharddataset/unseen/case10_2/case_m_20181113100307_0u62372111373406_1_005_001-1_a26_ayy_image0051,TestHardDataset,Unseen,case10_2,case10,51,SUN-SEG-FinalData-v20251212/TestHardDataset/Unseen/Frame/case10_2/case_M_20181113100307_0U62372111373406_1_005_001-1_a26_ayy_image0051.jpg,SUN-SEG-FinalData-v20251212/TestHardDataset/Unseen/GT/case10_2/case_M_20181113100307_0U62372111373406_1_005_001-1_a26_ayy_image0051.png,351885,4459,SUNSEG_case10,case10,15,05fa4aa9c8e7415977a41945b96e3dd7fadaeb680cd5cac60ba09795be1877f2,Hard-Unseen,SELECTED_PENDING_CONTAMINATION
testharddataset/unseen/case10_2/case_m_20181113100307_0u62372111373406_1_005_001-1_a26_ayy_image0022,TestHardDataset,Unseen,case10_2,case10,22,SUN-SEG-FinalData-v20251212/TestHardDataset/Unseen/Frame/case10_2/case_M_20181113100307_0U62372111373406_1_005_001-1_a26_ayy_image0022.jpg,SUN-SEG-FinalData-v20251212/TestHardDataset/Unseen/GT/case10_2/case_M_20181113100307_0U62372111373406_1_005_001-1_a26_ayy_image0022.png,270121,3953,SUNSEG_case10,case10,16,069946c32581c12f51be1a2e08a4c2ad3ffcca0f4635f8220baa2c02b90bfb08,Hard-Unseen,SELECTED_PENDING_CONTAMINATION
testharddataset/unseen/case10_1/case_m_20181113100307_0u62372111373406_1_005_001-1_a15_ayy_image0011,TestHardDataset,Unseen,case10_1,case10,11,SUN-SEG-FinalData-v20251212/TestHardDataset/Unseen/Frame/case10_1/case_M_20181113100307_0U62372111373406_1_005_001-1_a15_ayy_image0011.jpg,SUN-SEG-FinalData-v20251212/TestHardDataset/Unseen/GT/case10_1/case_M_20181113100307_0U62372111373406_1_005_001-1_a15_ayy_image0011.png,238251,4931,SUNSEG_case10,case10,17,06be5a3abad4abdbf630937c12d4f450ba498f2c804b657eee0935a0a8929990,Hard-Unseen,SELECTED_PENDING_CONTAMINATION
testharddataset/unseen/case10_2/case_m_20181113100307_0u62372111373406_1_005_001-1_a26_ayy_image0222,TestHardDataset,Unseen,case10_2,case10,222,SUN-SEG-FinalData-v20251212/TestHardDataset/Unseen/Frame/case10_2/case_M_20181113100307_0U62372111373406_1_005_001-1_a26_ayy_image0222.jpg,SUN-SEG-FinalData-v20251212/TestHardDataset/Unseen/GT/case10_2/case_M_20181113100307_0U62372111373406_1_005_001-1_a26_ayy_image0222.png,354624,4205,SUNSEG_case10,case10,18,07fc4cf485890a12219e43c972a5c075e08f740d98fca3182604bcf08c8e6d64,Hard-Unseen,SELECTED_PENDING_CONTAMINATION
testharddataset/unseen/case10_1/case_m_20181113100307_0u62372111373406_1_005_001-1_a14_ayy_image0003,TestHardDataset,Unseen,case10_1,case10,3,SUN-SEG-FinalData-v20251212/TestHardDataset/Unseen/Frame/case10_1/case_M_20181113100307_0U62372111373406_1_005_001-1_a14_ayy_image0003.jpg,SUN-SEG-FinalData-v20251212/TestHardDataset/Unseen/GT/case10_1/case_M_20181113100307_0U62372111373406_1_005_001-1_a14_ayy_image0003.png,288208,3915,SUNSEG_case10,case10,19,0862b4c22fe602ad2dacac1b5ffdd4c9e0a96dfb00d72ef7ad8124f4456d2ae4,Hard-Unseen,SELECTED_PENDING_CONTAMINATION
testharddataset/unseen/case10_2/case_m_20181113100307_0u62372111373406_1_005_001-1_a26_ayy_image0002,TestHardDataset,Unseen,case10_2,case10,2,SUN-SEG-FinalData-v20251212/TestHardDataset/Unseen/Frame/case10_2/case_M_20181113100307_0U62372111373406_1_005_001-1_a26_ayy_image0002.jpg,SUN-SEG-FinalData-v20251212/TestHardDataset/Unseen/GT/case10_2/case_M_20181113100307_0U62372111373406_1_005_001-1_a26_ayy_image0002.png,404039,4174,SUNSEG_case10,case10,20,08c4db81d9410562b3653915bb87ad25f10dcbf36f130dda702d850c4f352742,Hard-Unseen,SELECTED_PENDING_CONTAMINATION
testharddataset/unseen/case100/case_m_20181106093315_0u62372110682814_1_007_001-1_a6_ayy_image0019,TestHardDataset,Unseen,case100,case100,19,SUN-SEG-FinalData-v20251212/TestHardDataset/Unseen/Frame/case100/case_M_20181106093315_0U62372110682814_1_007_001-1_a6_ayy_image0019.jpg,SUN-SEG-FinalData-v20251212/TestHardDataset/Unseen/GT/case100/case_M_20181106093315_0U62372110682814_1_007_001-1_a6_ayy_image0019.png,359493,3815,SUNSEG_case100,case100,1,014942c49b7bd341bae6e3be199dbc8bc04e6d2e5a956af84c3a697203f76686,Hard-Unseen,SELECTED_PENDING_CONTAMINATION
testharddataset/unseen/case100/case_m_20181106093315_0u62372110682814_1_007_001-1_a1_ayy_image0022,TestHardDataset,Unseen,case100,case100,22,SUN-SEG-FinalData-v20251212/TestHardDataset/Unseen/Frame/case100/case_M_20181106093315_0U62372110682814_1_007_001-1_a1_ayy_image0022.jpg,SUN-SEG-FinalData-v20251212/TestHardDataset/Unseen/GT/case100/case_M_20181106093315_0U62372110682814_1_007_001-1_a1_ayy_image0022.png,286588,3781,SUNSEG_case100,case100,2,0166f12cfee48644f6993b52301e10c7f00052fc9208c32373d0d5abb9f39177,Hard-Unseen,SELECTED_PENDING_CONTAMINATION
testharddataset/unseen/case100/case_m_20181106093315_0u62372110682814_1_007_001-1_a2_ayy_image0016,TestHardDataset,Unseen,case100,case100,16,SUN-SEG-FinalData-v20251212/TestHardDataset/Unseen/Frame/case100/case_M_20181106093315_0U62372110682814_1_007_001-1_a2_ayy_image0016.jpg,SUN-SEG-FinalData-v20251212/TestHardDataset/Unseen/GT/case100/case_M_20181106093315_0U62372110682814_1_007_001-1_a2_ayy_image0016.png,351090,4198,SUNSEG_case100,case100,3,01e65135d700f4af43fe7c3d4ef68d0450a1eb8389011702824cc8387a44a6d6,Hard-Unseen,SELECTED_PENDING_CONTAMINATION
testharddataset/unseen/case100/case_m_20181106093315_0u62372110682814_1_007_001-1_a3_ayy_image0017,TestHardDataset,Unseen,case100,case100,17,SUN-SEG-FinalData-v20251212/TestHardDataset/Unseen/Frame/case100/case_M_20181106093315_0U62372110682814_1_007_001-1_a3_ayy_image0017.jpg,SUN-SEG-FinalData-v20251212/TestHardDataset/Unseen/GT/case100/case_M_20181106093315_0U62372110682814_1_007_001-1_a3_ayy_image0017.png,341899,3883,SUNSEG_case100,case100,4,034ba9daff6d995678a517311faa03acdb9acce581699dcce5d71f13d5a6668a,Hard-Unseen,SELECTED_PENDING_CONTAMINATION
testharddataset/unseen/case100/case_m_20181106093315_0u62372110682814_1_007_001-1_a3_ayy_image0046,TestHardDataset,Unseen,case100,case100,46,SUN-SEG-FinalData-v20251212/TestHardDataset/Unseen/Frame/case100/case_M_20181106093315_0U62372110682814_1_007_001-1_a3_ayy_image0046.jpg,SUN-SEG-FinalData-v20251212/TestHardDataset/Unseen/GT/case100/case_M_20181106093315_0U62372110682814_1_007_001-1_a3_ayy_image0046.png,317791,4438,SUNSEG_case100,case100,5,0630b6c449e4689a0786f041c35133fd2e3e3ffb4408c9acb29c603552ea83ea,Hard-Unseen,SELECTED_PENDING_CONTAMINATION
testharddataset/unseen/case100/case_m_20181106093315_0u62372110682814_1_007_001-1_a6_ayy_image0054,TestHardDataset,Unseen,case100,case100,54,SUN-SEG-FinalData-v20251212/TestHardDataset/Unseen/Frame/case100/case_M_20181106093315_0U62372110682814_1_007_001-1_a6_ayy_image0054.jpg,SUN-SEG-FinalData-v20251212/TestHardDataset/Unseen/GT/case100/case_M_20181106093315_0U62372110682814_1_007_001-1_a6_ayy_image0054.png,410719,3756,SUNSEG_case100,case100,6,079da12b8d578efb5eb994927e12e223bd6356019b40828d14fed9048d0f4d8a,Hard-Unseen,SELECTED_PENDING_CONTAMINATION
testharddataset/unseen/case100/case_m_20181106093315_0u62372110682814_1_007_001-1_a3_ayy_image0012,TestHardDataset,Unseen,case100,case100,12,SUN-SEG-FinalData-v20251212/TestHardDataset/Unseen/Frame/case100/case_M_20181106093315_0U62372110682814_1_007_001-1_a3_ayy_image0012.jpg,SUN-SEG-FinalData-v20251212/TestHardDataset/Unseen/GT/case100/case_M_20181106093315_0U62372110682814_1_007_001-1_a3_ayy_image0012.png,384166,4048,SUNSEG_case100,case100,7,0aa23ac9c8c5c9c238ca2d46c1c005f53dbb2a6a3c7151d50adce0ffeeb82e56,Hard-Unseen,SELECTED_PENDING_CONTAMINATION
testharddataset/unseen/case100/case_m_20181106093315_0u62372110682814_1_007_001-1_a1_ayy_image0012,TestHardDataset,Unseen,case100,case100,12,SUN-SEG-FinalData-v20251212/TestHardDataset/Unseen/Frame/case100/case_M_20181106093315_0U62372110682814_1_007_001-1_a1_ayy_image0012.jpg,SUN-SEG-FinalData-v20251212/TestHardDataset/Unseen/GT/case100/case_M_20181106093315_0U62372110682814_1_007_001-1_a1_ayy_image0012.png,374669,3812,SUNSEG_case100,case100,8,0ab6a5b32b2ea945dae372076a278b893843840c3984abab4ecb5e1b17ae644c,Hard-Unseen,SELECTED_PENDING_CONTAMINATION
testharddataset/unseen/case100/case_m_20181106093315_0u62372110682814_1_007_001-1_a3_ayy_image0036,TestHardDataset,Unseen,case100,case100,36,SUN-SEG-FinalData-v20251212/TestHardDataset/Unseen/Frame/case100/case_M_20181106093315_0U62372110682814_1_007_001-1_a3_ayy_image0036.jpg,SUN-SEG-FinalData-v20251212/TestHardDataset/Unseen/GT/case100/case_M_20181106093315_0U62372110682814_1_007_001-1_a3_ayy_image0036.png,378060,4018,SUNSEG_case100,case100,9,0ae7fcba50430e59a66ead26ed16c05715688e29d1cbef52d81869ae2a6cce95,Hard-Unseen,SELECTED_PENDING_CONTAMINATION
testharddataset/unseen/case100/case_m_20181106093315_0u62372110682814_1_007_001-1_a3_ayy_image0015,TestHardDataset,Unseen,case100,case100,15,SUN-SEG-FinalData-v20251212/TestHardDataset/Unseen/Frame/case100/case_M_20181106093315_0U62372110682814_1_007_001-1_a3_ayy_image0015.jpg,SUN-SEG-FinalData-v20251212/TestHardDataset/Unseen/GT/case100/case_M_20181106093315_0U62372110682814_1_007_001-1_a3_ayy_image0015.png,362396,3982,SUNSEG_case100,case100,10,0b8f33b7009be3e943922c3aa77fc6612d52e590fed539676a56a2f7cac0f382,Hard-Unseen,SELECTED_PENDING_CONTAMINATION
testharddataset/unseen/case100/case_m_20181106093315_0u62372110682814_1_007_001-1_a6_ayy_image0046,TestHardDataset,Unseen,case100,case100,46,SUN-SEG-FinalData-v20251212/TestHardDataset/Unseen/Frame/case100/case_M_20181106093315_0U62372110682814_1_007_001-1_a6_ayy_image0046.jpg,SUN-SEG-FinalData-v20251212/TestHardDataset/Unseen/GT/case100/case_M_20181106093315_0U62372110682814_1_007_001-1_a6_ayy_image0046.png,375978,3911,SUNSEG_case100,case100,11,0c651cd765d8856519b7e68840898b174f16effb56062e8d92b52e54a074ffcf,Hard-Unseen,SELECTED_PENDING_CONTAMINATION
testharddataset/unseen/case100/case_m_20181106093315_0u62372110682814_1_007_001-1_a6_ayy_image0051,TestHardDataset,Unseen,case100,case100,51,SUN-SEG-FinalData-v20251212/TestHardDataset/Unseen/Frame/case100/case_M_20181106093315_0U62372110682814_1_007_001-1_a6_ayy_image0051.jpg,SUN-SEG-FinalData-v20251212/TestHardDataset/Unseen/GT/case100/case_M_20181106093315_0U62372110682814_1_007_001-1_a6_ayy_image0051.png,392475,3756,SUNSEG_case100,case100,12,0e2963819df01470f2cc450b098394936e6c7ae4d3988fd289ea13d214b1eda3,Hard-Unseen,SELECTED_PENDING_CONTAMINATION
testharddataset/unseen/case100/case_m_20181106093315_0u62372110682814_1_007_001-1_a2_ayy_image0018,TestHardDataset,Unseen,case100,case100,18,SUN-SEG-FinalData-v20251212/TestHardDataset/Unseen/Frame/case100/case_M_20181106093315_0U62372110682814_1_007_001-1_a2_ayy_image0018.jpg,SUN-SEG-FinalData-v20251212/TestHardDataset/Unseen/GT/case100/case_M_20181106093315_0U62372110682814_1_007_001-1_a2_ayy_image0018.png,327887,4172,SUNSEG_case100,case100,13,0ed4532fa163b951e8971ebcbbdcb4b433eca0a50e931718ad0d885dcb484822,Hard-Unseen,SELECTED_PENDING_CONTAMINATION
testharddataset/unseen/case100/case_m_20181106093315_0u62372110682814_1_007_001-1_a3_ayy_image0026,TestHardDataset,Unseen,case100,case100,26,SUN-SEG-FinalData-v20251212/TestHardDataset/Unseen/Frame/case100/case_M_20181106093315_0U62372110682814_1_007_001-1_a3_ayy_image0026.jpg,SUN-SEG-FinalData-v20251212/TestHardDataset/Unseen/GT/case100/case_M_20181106093315_0U62372110682814_1_007_001-1_a3_ayy_image0026.png,380054,4003,SUNSEG_case100,case100,14,0efe0bed15d965b452ec2e6c26806d94964b1235e524d1e37cb851ee4f6f9efa,Hard-Unseen,SELECTED_PENDING_CONTAMINATION
testharddataset/unseen/case100/case_m_20181106093315_0u62372110682814_1_007_001-1_a6_ayy_image0029,TestHardDataset,Unseen,case100,case100,29,SUN-SEG-FinalData-v20251212/TestHardDataset/Unseen/Frame/case100/case_M_20181106093315_0U62372110682814_1_007_001-1_a6_ayy_image0029.jpg,SUN-SEG-FinalData-v20251212/TestHardDataset/Unseen/GT/case100/case_M_20181106093315_0U62372110682814_1_007_001-1_a6_ayy_image0029.png,364391,3871,SUNSEG_case100,case100,15,0f059fb30d59cdff8e3f22c0280e0198eb0e2f6d01024bb081c5a65154ca1c91,Hard-Unseen,SELECTED_PENDING_CONTAMINATION
testharddataset/unseen/case100/case_m_20181106093315_0u62372110682814_1_007_001-1_a3_ayy_image0031,TestHardDataset,Unseen,case100,case100,31,SUN-SEG-FinalData-v20251212/TestHardDataset/Unseen/Frame/case100/case_M_20181106093315_0U62372110682814_1_007_001-1_a3_ayy_image0031.jpg,SUN-SEG-FinalData-v20251212/TestHardDataset/Unseen/GT/case100/case_M_20181106093315_0U62372110682814_1_007_001-1_a3_ayy_image0031.png,312826,4010,SUNSEG_case100,case100,16,104675f1dbedd719ec7e39e18f731bbecccfc68cabf6ffff97c47235c83f0a84,Hard-Unseen,SELECTED_PENDING_CONTAMINATION
testharddataset/unseen/case100/case_m_20181106093315_0u62372110682814_1_007_001-1_a1_ayy_image0013,TestHardDataset,Unseen,case100,case100,13,SUN-SEG-FinalData-v20251212/TestHardDataset/Unseen/Frame/case100/case_M_20181106093315_0U62372110682814_1_007_001-1_a1_ayy_image0013.jpg,SUN-SEG-FinalData-v20251212/TestHardDataset/Unseen/GT/case100/case_M_20181106093315_0U62372110682814_1_007_001-1_a1_ayy_image0013.png,319397,3997,SUNSEG_case100,case100,17,114bb5069d64155f6a5bfad6e71576bfb012a58a6c4a3bd4e2034c25c4b32e98,Hard-Unseen,SELECTED_PENDING_CONTAMINATION
testharddataset/unseen/case100/case_m_20181106093315_0u62372110682814_1_007_001-1_a3_ayy_image0008,TestHardDataset,Unseen,case100,case100,8,SUN-SEG-FinalData-v20251212/TestHardDataset/Unseen/Frame/case100/case_M_20181106093315_0U62372110682814_1_007_001-1_a3_ayy_image0008.jpg,SUN-SEG-FinalData-v20251212/TestHardDataset/Unseen/GT/case100/case_M_20181106093315_0U62372110682814_1_007_001-1_a3_ayy_image0008.png,352145,4062,SUNSEG_case100,case100,18,1331239c74ef2201301930628ced65c9f4aafc4bcbe5e044d8e7ab333ecfbbd3,Hard-Unseen,SELECTED_PENDING_CONTAMINATION
testharddataset/unseen/case100/case_m_20181106093315_0u62372110682814_1_007_001-1_a3_ayy_image0028,TestHardDataset,Unseen,case100,case100,28,SUN-SEG-FinalData-v20251212/TestHardDataset/Unseen/Frame/case100/case_M_20181106093315_0U62372110682814_1_007_001-1_a3_ayy_image0028.jpg,SUN-SEG-FinalData-v20251212/TestHardDataset/Unseen/GT/case100/case_M_20181106093315_0U62372110682814_1_007_001-1_a3_ayy_image0028.png,327685,3985,SUNSEG_case100,case100,19,13740120ca7346972c1e0ceb230ff8e7b2cc307a8cd984b47ed3026ff9f94739,Hard-Unseen,SELECTED_PENDING_CONTAMINATION
testharddataset/unseen/case100/case_m_20181106093315_0u62372110682814_1_007_001-1_a1_ayy_image0006,TestHardDataset,Unseen,case100,case100,6,SUN-SEG-FinalData-v20251212/TestHardDataset/Unseen/Frame/case100/case_M_20181106093315_0U62372110682814_1_007_001-1_a1_ayy_image0006.jpg,SUN-SEG-FinalData-v20251212/TestHardDataset/Unseen/GT/case100/case_M_20181106093315_0U62372110682814_1_007_001-1_a1_ayy_image0006.png,339735,3731,SUNSEG_case100,case100,20,13e25c42cde82330972acb0cf86446b21d7bd7660116adc9471c4f6d6e225058,Hard-Unseen,SELECTED_PENDING_CONTAMINATION
testeasydataset/unseen/case11/case_m_20181120115731_0u62368112064030_1_004_001-1_a42_ayy_image0022,TestEasyDataset,Unseen,case11,case11,22,SUN-SEG-FinalData-v20251212/TestEasyDataset/Unseen/Frame/case11/case_M_20181120115731_0U62368112064030_1_004_001-1_a42_ayy_image0022.jpg,SUN-SEG-FinalData-v20251212/TestEasyDataset/Unseen/GT/case11/case_M_20181120115731_0U62368112064030_1_004_001-1_a42_ayy_image0022.png,410605,4134,SUNSEG_case11,case11,1,0295b0103bfc32bb2330012c35ca33bb1af20620b490f08e04e59181052dcc22,Easy-Unseen,SELECTED_PENDING_CONTAMINATION
testeasydataset/unseen/case11/case_m_20181120115731_0u62368112064030_1_004_002-1_a16_ayy_image0016,TestEasyDataset,Unseen,case11,case11,16,SUN-SEG-FinalData-v20251212/TestEasyDataset/Unseen/Frame/case11/case_M_20181120115731_0U62368112064030_1_004_002-1_a16_ayy_image0016.jpg,SUN-SEG-FinalData-v20251212/TestEasyDataset/Unseen/GT/case11/case_M_20181120115731_0U62368112064030_1_004_002-1_a16_ayy_image0016.png,304916,4047,SUNSEG_case11,case11,2,05c272ca6138c23a080c3d64ae86f7a385ac9c79aee06aa785ec91b7719191f7,Easy-Unseen,SELECTED_PENDING_CONTAMINATION
testeasydataset/unseen/case11/case_m_20181120115731_0u62368112064030_1_004_001-1_a42_ayy_image0005,TestEasyDataset,Unseen,case11,case11,5,SUN-SEG-FinalData-v20251212/TestEasyDataset/Unseen/Frame/case11/case_M_20181120115731_0U62368112064030_1_004_001-1_a42_ayy_image0005.jpg,SUN-SEG-FinalData-v20251212/TestEasyDataset/Unseen/GT/case11/case_M_20181120115731_0U62368112064030_1_004_001-1_a42_ayy_image0005.png,329718,4141,SUNSEG_case11,case11,3,07182a2ca5202eb3029bd5878a45887d75bd58f2a15d023616b21b9b372d13bd,Easy-Unseen,SELECTED_PENDING_CONTAMINATION
testeasydataset/unseen/case11/case_m_20181120115731_0u62368112064030_1_004_001-1_a42_ayy_image0032,TestEasyDataset,Unseen,case11,case11,32,SUN-SEG-FinalData-v20251212/TestEasyDataset/Unseen/Frame/case11/case_M_20181120115731_0U62368112064030_1_004_001-1_a42_ayy_image0032.jpg,SUN-SEG-FinalData-v20251212/TestEasyDataset/Unseen/GT/case11/case_M_20181120115731_0U62368112064030_1_004_001-1_a42_ayy_image0032.png,430730,4134,SUNSEG_case11,case11,4,0924c107f55a040c03902e30e567b47a1efd8e1babfe5a9f72f3eb220e1dde94,Easy-Unseen,SELECTED_PENDING_CONTAMINATION
testeasydataset/unseen/case11/case_m_20181120115731_0u62368112064030_1_004_001-1_a42_ayy_image0013,TestEasyDataset,Unseen,case11,case11,13,SUN-SEG-FinalData-v20251212/TestEasyDataset/Unseen/Frame/case11/case_M_20181120115731_0U62368112064030_1_004_001-1_a42_ayy_image0013.jpg,SUN-SEG-FinalData-v20251212/TestEasyDataset/Unseen/GT/case11/case_M_20181120115731_0U62368112064030_1_004_001-1_a42_ayy_image0013.png,400643,4038,SUNSEG_case11,case11,5,0c0e98d7fe1a39c99097c956fc7f376299daf79b57a1579836f08e653b2160e0,Easy-Unseen,SELECTED_PENDING_CONTAMINATION
testeasydataset/unseen/case11/case_m_20181120115731_0u62368112064030_1_004_002-1_a16_ayy_image0027,TestEasyDataset,Unseen,case11,case11,27,SUN-SEG-FinalData-v20251212/TestEasyDataset/Unseen/Frame/case11/case_M_20181120115731_0U62368112064030_1_004_002-1_a16_ayy_image0027.jpg,SUN-SEG-FinalData-v20251212/TestEasyDataset/Unseen/GT/case11/case_M_20181120115731_0U62368112064030_1_004_002-1_a16_ayy_image0027.png,372809,3714,SUNSEG_case11,case11,6,0f2890a25b4d6552e9ec622ad4b29b9c86150f9f7745c9bd69a0b73a6d7f04db,Easy-Unseen,SELECTED_PENDING_CONTAMINATION
testeasydataset/unseen/case11/case_m_20181120115731_0u62368112064030_1_004_001-1_a42_ayy_image0037,TestEasyDataset,Unseen,case11,case11,37,SUN-SEG-FinalData-v20251212/TestEasyDataset/Unseen/Frame/case11/case_M_20181120115731_0U62368112064030_1_004_001-1_a42_ayy_image0037.jpg,SUN-SEG-FinalData-v20251212/TestEasyDataset/Unseen/GT/case11/case_M_20181120115731_0U62368112064030_1_004_001-1_a42_ayy_image0037.png,436697,4134,SUNSEG_case11,case11,7,127a1a9a4a250f2f5b74baab209a0a37ba7be22d1f6a9d576192706d2d189675,Easy-Unseen,SELECTED_PENDING_CONTAMINATION
testeasydataset/unseen/case11/case_m_20181120115731_0u62368112064030_1_004_001-1_a42_ayy_image0071,TestEasyDataset,Unseen,case11,case11,71,SUN-SEG-FinalData-v20251212/TestEasyDataset/Unseen/Frame/case11/case_M_20181120115731_0U62368112064030_1_004_001-1_a42_ayy_image0071.jpg,SUN-SEG-FinalData-v20251212/TestEasyDataset/Unseen/GT/case11/case_M_20181120115731_0U62368112064030_1_004_001-1_a42_ayy_image0071.png,338647,4364,SUNSEG_case11,case11,8,1834cdbe5ec5f8f254f5e3a7ac111070a8a64c4bb3a2c1f2af8f962f02cf1c9b,Easy-Unseen,SELECTED_PENDING_CONTAMINATION
testeasydataset/unseen/case11/case_m_20181120115731_0u62368112064030_1_004_002-1_a16_ayy_image0021,TestEasyDataset,Unseen,case11,case11,21,SUN-SEG-FinalData-v20251212/TestEasyDataset/Unseen/Frame/case11/case_M_20181120115731_0U62368112064030_1_004_002-1_a16_ayy_image0021.jpg,SUN-SEG-FinalData-v20251212/TestEasyDataset/Unseen/GT/case11/case_M_20181120115731_0U62368112064030_1_004_002-1_a16_ayy_image0021.png,354279,3808,SUNSEG_case11,case11,9,192f102dbc0b010966b81ef9f8cba11e1ee86a66a4a705609c3adceed4419b06,Easy-Unseen,SELECTED_PENDING_CONTAMINATION
testeasydataset/unseen/case11/case_m_20181120115731_0u62368112064030_1_004_002-1_a16_ayy_image0012,TestEasyDataset,Unseen,case11,case11,12,SUN-SEG-FinalData-v20251212/TestEasyDataset/Unseen/Frame/case11/case_M_20181120115731_0U62368112064030_1_004_002-1_a16_ayy_image0012.jpg,SUN-SEG-FinalData-v20251212/TestEasyDataset/Unseen/GT/case11/case_M_20181120115731_0U62368112064030_1_004_002-1_a16_ayy_image0012.png,337903,4177,SUNSEG_case11,case11,10,199b1aad6de154cff772aa4c554db69c1a5f770c93b3acc2c4a1271a4ca07fb9,Easy-Unseen,SELECTED_PENDING_CONTAMINATION
testeasydataset/unseen/case11/case_m_20181120115731_0u62368112064030_1_004_001-1_a42_ayy_image0009,TestEasyDataset,Unseen,case11,case11,9,SUN-SEG-FinalData-v20251212/TestEasyDataset/Unseen/Frame/case11/case_M_20181120115731_0U62368112064030_1_004_001-1_a42_ayy_image0009.jpg,SUN-SEG-FinalData-v20251212/TestEasyDataset/Unseen/GT/case11/case_M_20181120115731_0U62368112064030_1_004_001-1_a42_ayy_image0009.png,368504,4082,SUNSEG_case11,case11,11,1bea8847efa5d00c98ce245887a520d8f422d9d2f38fc319eb4ee45c9f125d3c,Easy-Unseen,SELECTED_PENDING_CONTAMINATION
testeasydataset/unseen/case11/case_m_20181120115731_0u62368112064030_1_004_001-1_a42_ayy_image0061,TestEasyDataset,Unseen,case11,case11,61,SUN-SEG-FinalData-v20251212/TestEasyDataset/Unseen/Frame/case11/case_M_20181120115731_0U62368112064030_1_004_001-1_a42_ayy_image0061.jpg,SUN-SEG-FinalData-v20251212/TestEasyDataset/Unseen/GT/case11/case_M_20181120115731_0U62368112064030_1_004_001-1_a42_ayy_image0061.png,388191,4310,SUNSEG_case11,case11,12,1d27425a71aa1754c7dfa91b375b3730e4cd6fe5240deb9be45ac2bc38ae0fbb,Easy-Unseen,SELECTED_PENDING_CONTAMINATION
testeasydataset/unseen/case11/case_m_20181120115731_0u62368112064030_1_004_001-1_a42_ayy_image0003,TestEasyDataset,Unseen,case11,case11,3,SUN-SEG-FinalData-v20251212/TestEasyDataset/Unseen/Frame/case11/case_M_20181120115731_0U62368112064030_1_004_001-1_a42_ayy_image0003.jpg,SUN-SEG-FinalData-v20251212/TestEasyDataset/Unseen/GT/case11/case_M_20181120115731_0U62368112064030_1_004_001-1_a42_ayy_image0003.png,361702,4174,SUNSEG_case11,case11,13,1f050934955655764a544ae6abc4e6cec00c9bb19c6cf0a3f976141b88cafa77,Easy-Unseen,SELECTED_PENDING_CONTAMINATION
testeasydataset/unseen/case11/case_m_20181120115731_0u62368112064030_1_004_001-1_a42_ayy_image0050,TestEasyDataset,Unseen,case11,case11,50,SUN-SEG-FinalData-v20251212/TestEasyDataset/Unseen/Frame/case11/case_M_20181120115731_0U62368112064030_1_004_001-1_a42_ayy_image0050.jpg,SUN-SEG-FinalData-v20251212/TestEasyDataset/Unseen/GT/case11/case_M_20181120115731_0U62368112064030_1_004_001-1_a42_ayy_image0050.png,329494,4273,SUNSEG_case11,case11,14,1f4f3f42a41ef5867b0ff7dd566d205604071200d7a150feec9f64edd7924049,Easy-Unseen,SELECTED_PENDING_CONTAMINATION
testeasydataset/unseen/case11/case_m_20181120115731_0u62368112064030_1_004_001-1_a42_ayy_image0016,TestEasyDataset,Unseen,case11,case11,16,SUN-SEG-FinalData-v20251212/TestEasyDataset/Unseen/Frame/case11/case_M_20181120115731_0U62368112064030_1_004_001-1_a42_ayy_image0016.jpg,SUN-SEG-FinalData-v20251212/TestEasyDataset/Unseen/GT/case11/case_M_20181120115731_0U62368112064030_1_004_001-1_a42_ayy_image0016.png,380088,4388,SUNSEG_case11,case11,15,27f64ea42870e15571f932782ffa5e7b67874df7ce6763e70f3ff40a14addbb7,Easy-Unseen,SELECTED_PENDING_CONTAMINATION
testeasydataset/unseen/case11/case_m_20181120115731_0u62368112064030_1_004_001-1_a42_ayy_image0004,TestEasyDataset,Unseen,case11,case11,4,SUN-SEG-FinalData-v20251212/TestEasyDataset/Unseen/Frame/case11/case_M_20181120115731_0U62368112064030_1_004_001-1_a42_ayy_image0004.jpg,SUN-SEG-FinalData-v20251212/TestEasyDataset/Unseen/GT/case11/case_M_20181120115731_0U62368112064030_1_004_001-1_a42_ayy_image0004.png,371024,4156,SUNSEG_case11,case11,16,2974ba0a76038747fdd917e2002a29fbf62d4bd4155321531bbcba26a8663dc7,Easy-Unseen,SELECTED_PENDING_CONTAMINATION
testeasydataset/unseen/case11/case_m_20181120115731_0u62368112064030_1_004_001-1_a42_ayy_image0065,TestEasyDataset,Unseen,case11,case11,65,SUN-SEG-FinalData-v20251212/TestEasyDataset/Unseen/Frame/case11/case_M_20181120115731_0U62368112064030_1_004_001-1_a42_ayy_image0065.jpg,SUN-SEG-FinalData-v20251212/TestEasyDataset/Unseen/GT/case11/case_M_20181120115731_0U62368112064030_1_004_001-1_a42_ayy_image0065.png,351126,4321,SUNSEG_case11,case11,17,2f44277a7f3644871daa50d32b0a2bb5a291fa8a93dd727bc4f017ee7577f537,Easy-Unseen,SELECTED_PENDING_CONTAMINATION
testeasydataset/unseen/case11/case_m_20181120115731_0u62368112064030_1_004_001-1_a42_ayy_image0075,TestEasyDataset,Unseen,case11,case11,75,SUN-SEG-FinalData-v20251212/TestEasyDataset/Unseen/Frame/case11/case_M_20181120115731_0U62368112064030_1_004_001-1_a42_ayy_image0075.jpg,SUN-SEG-FinalData-v20251212/TestEasyDataset/Unseen/GT/case11/case_M_20181120115731_0U62368112064030_1_004_001-1_a42_ayy_image0075.png,380455,4796,SUNSEG_case11,case11,18,308ef710885d0ae4d82e85d03e94c66399ba886b94824966acbd35e75367c394,Easy-Unseen,SELECTED_PENDING_CONTAMINATION
testeasydataset/unseen/case11/case_m_20181120115731_0u62368112064030_1_004_002-1_a16_ayy_image0014,TestEasyDataset,Unseen,case11,case11,14,SUN-SEG-FinalData-v20251212/TestEasyDataset/Unseen/Frame/case11/case_M_20181120115731_0U62368112064030_1_004_002-1_a16_ayy_image0014.jpg,SUN-SEG-FinalData-v20251212/TestEasyDataset/Unseen/GT/case11/case_M_20181120115731_0U62368112064030_1_004_002-1_a16_ayy_image0014.png,335077,4143,SUNSEG_case11,case11,19,30bb8b4d3179d744e900a1b98321f8241aadf661e2009f5518ffacdb2f4ab48f,Easy-Unseen,SELECTED_PENDING_CONTAMINATION
testeasydataset/unseen/case11/case_m_20181120115731_0u62368112064030_1_004_001-1_a42_ayy_image0063,TestEasyDataset,Unseen,case11,case11,63,SUN-SEG-FinalData-v20251212/TestEasyDataset/Unseen/Frame/case11/case_M_20181120115731_0U62368112064030_1_004_001-1_a42_ayy_image0063.jpg,SUN-SEG-FinalData-v20251212/TestEasyDataset/Unseen/GT/case11/case_M_20181120115731_0U62368112064030_1_004_001-1_a42_ayy_image0063.png,384626,4304,SUNSEG_case11,case11,20,30d8ac0c3e87be9764df73a9337438bab5b2a1971a1f36bf8c375f1ab51cc90f,Easy-Unseen,SELECTED_PENDING_CONTAMINATION
testharddataset/unseen/case12_2/case_m_20181211093229_0u62367121175028_1_002_002-1_a8_ayy_image0098,TestHardDataset,Unseen,case12_2,case12,98,SUN-SEG-FinalData-v20251212/TestHardDataset/Unseen/Frame/case12_2/case_M_20181211093229_0U62367121175028_1_002_002-1_a8_ayy_image0098.jpg,SUN-SEG-FinalData-v20251212/TestHardDataset/Unseen/GT/case12_2/case_M_20181211093229_0U62367121175028_1_002_002-1_a8_ayy_image0098.png,391336,4208,SUNSEG_case12,case12,1,00199843924161a164442236d043caa62c0a89120da207e9a12929f901406679,Hard-Unseen,SELECTED_PENDING_CONTAMINATION
testharddataset/unseen/case12_2/case_m_20181211093229_0u62367121175028_1_002_002-1_a7_ayy_image0089,TestHardDataset,Unseen,case12_2,case12,89,SUN-SEG-FinalData-v20251212/TestHardDataset/Unseen/Frame/case12_2/case_M_20181211093229_0U62367121175028_1_002_002-1_a7_ayy_image0089.jpg,SUN-SEG-FinalData-v20251212/TestHardDataset/Unseen/GT/case12_2/case_M_20181211093229_0U62367121175028_1_002_002-1_a7_ayy_image0089.png,411594,3763,SUNSEG_case12,case12,2,0064cd1984d3b0c4ae47105971c05fef93bd6960b9cbedce2785f651e67330f5,Hard-Unseen,SELECTED_PENDING_CONTAMINATION
testeasydataset/unseen/case12_3/case_m_20181211093229_0u62367121175028_1_002_002-1_a11_ayy_image0079,TestEasyDataset,Unseen,case12_3,case12,79,SUN-SEG-FinalData-v20251212/TestEasyDataset/Unseen/Frame/case12_3/case_M_20181211093229_0U62367121175028_1_002_002-1_a11_ayy_image0079.jpg,SUN-SEG-FinalData-v20251212/TestEasyDataset/Unseen/GT/case12_3/case_M_20181211093229_0U62367121175028_1_002_002-1_a11_ayy_image0079.png,370646,4842,SUNSEG_case12,case12,3,00d7a19a5b0fa55422cf69ac08e91da44933ed5cc19e0a062bbeb408bc317c93,Easy-Unseen,SELECTED_PENDING_CONTAMINATION
testeasydataset/unseen/case12_1/case_m_20181211093229_0u62367121175028_1_002_002-1_a3_ayy_image0089,TestEasyDataset,Unseen,case12_1,case12,89,SUN-SEG-FinalData-v20251212/TestEasyDataset/Unseen/Frame/case12_1/case_M_20181211093229_0U62367121175028_1_002_002-1_a3_ayy_image0089.jpg,SUN-SEG-FinalData-v20251212/TestEasyDataset/Unseen/GT/case12_1/case_M_20181211093229_0U62367121175028_1_002_002-1_a3_ayy_image0089.png,293016,5530,SUNSEG_case12,case12,4,018ededd64cacb204b95f7703c5a43b96763269caa61c5816a0ddf6af083dc43,Easy-Unseen,SELECTED_PENDING_CONTAMINATION
testharddataset/unseen/case12_2/case_m_20181211093229_0u62367121175028_1_002_002-1_a8_ayy_image0024,TestHardDataset,Unseen,case12_2,case12,24,SUN-SEG-FinalData-v20251212/TestHardDataset/Unseen/Frame/case12_2/case_M_20181211093229_0U62367121175028_1_002_002-1_a8_ayy_image0024.jpg,SUN-SEG-FinalData-v20251212/TestHardDataset/Unseen/GT/case12_2/case_M_20181211093229_0U62367121175028_1_002_002-1_a8_ayy_image0024.png,347777,4353,SUNSEG_case12,case12,5,02188c1f091448a6587d369dd0542803eb163088c96dfb3959937123338642c9,Hard-Unseen,SELECTED_PENDING_CONTAMINATION
testeasydataset/unseen/case12_3/case_m_20181211093229_0u62367121175028_1_002_002-1_a11_ayy_image0045,TestEasyDataset,Unseen,case12_3,case12,45,SUN-SEG-FinalData-v20251212/TestEasyDataset/Unseen/Frame/case12_3/case_M_20181211093229_0U62367121175028_1_002_002-1_a11_ayy_image0045.jpg,SUN-SEG-FinalData-v20251212/TestEasyDataset/Unseen/GT/case12_3/case_M_20181211093229_0U62367121175028_1_002_002-1_a11_ayy_image0045.png,382495,4635,SUNSEG_case12,case12,6,038d81cf0028d0477ee0f8703d5c731241b7654f82b78d7f1e3529cfd55040fa,Easy-Unseen,SELECTED_PENDING_CONTAMINATION
testharddataset/unseen/case12_2/case_m_20181211093229_0u62367121175028_1_002_002-1_a8_ayy_image0084,TestHardDataset,Unseen,case12_2,case12,84,SUN-SEG-FinalData-v20251212/TestHardDataset/Unseen/Frame/case12_2/case_M_20181211093229_0U62367121175028_1_002_002-1_a8_ayy_image0084.jpg,SUN-SEG-FinalData-v20251212/TestHardDataset/Unseen/GT/case12_2/case_M_20181211093229_0U62367121175028_1_002_002-1_a8_ayy_image0084.png,347877,4280,SUNSEG_case12,case12,7,0511cb690d86ceb6e3f4d5b495d62db83fd6818eda36b69067f2fe07d1c60d89,Hard-Unseen,SELECTED_PENDING_CONTAMINATION
testharddataset/unseen/case12_2/case_m_20181211093229_0u62367121175028_1_002_002-1_a8_ayy_image0088,TestHardDataset,Unseen,case12_2,case12,88,SUN-SEG-FinalData-v20251212/TestHardDataset/Unseen/Frame/case12_2/case_M_20181211093229_0U62367121175028_1_002_002-1_a8_ayy_image0088.jpg,SUN-SEG-FinalData-v20251212/TestHardDataset/Unseen/GT/case12_2/case_M_20181211093229_0U62367121175028_1_002_002-1_a8_ayy_image0088.png,354267,4247,SUNSEG_case12,case12,8,05d815d4d208dcc33f99201f250b1f321caa044be82c11d5a8619fe95906fe75,Hard-Unseen,SELECTED_PENDING_CONTAMINATION
testharddataset/unseen/case12_2/case_m_20181211093229_0u62367121175028_1_002_002-1_a7_ayy_image0081,TestHardDataset,Unseen,case12_2,case12,81,SUN-SEG-FinalData-v20251212/TestHardDataset/Unseen/Frame/case12_2/case_M_20181211093229_0U62367121175028_1_002_002-1_a7_ayy_image0081.jpg,SUN-SEG-FinalData-v20251212/TestHardDataset/Unseen/GT/case12_2/case_M_20181211093229_0U62367121175028_1_002_002-1_a7_ayy_image0081.png,380444,3836,SUNSEG_case12,case12,9,05db256e255a82110e995b7a43b43a7271b5cbc0bf1f28b273c68b2f0cb41f5b,Hard-Unseen,SELECTED_PENDING_CONTAMINATION
testeasydataset/unseen/case12_1/case_m_20181211093229_0u62367121175028_1_002_002-1_a3_ayy_image0016,TestEasyDataset,Unseen,case12_1,case12,16,SUN-SEG-FinalData-v20251212/TestEasyDataset/Unseen/Frame/case12_1/case_M_20181211093229_0U62367121175028_1_002_002-1_a3_ayy_image0016.jpg,SUN-SEG-FinalData-v20251212/TestEasyDataset/Unseen/GT/case12_1/case_M_20181211093229_0U62367121175028_1_002_002-1_a3_ayy_image0016.png,265151,3957,SUNSEG_case12,case12,10,061042986094366ac944b7049839b1d1b68530a05adbb250873d7e88b1137c39,Easy-Unseen,SELECTED_PENDING_CONTAMINATION
testharddataset/unseen/case12_2/case_m_20181211093229_0u62367121175028_1_002_002-1_a8_ayy_image0025,TestHardDataset,Unseen,case12_2,case12,25,SUN-SEG-FinalData-v20251212/TestHardDataset/Unseen/Frame/case12_2/case_M_20181211093229_0U62367121175028_1_002_002-1_a8_ayy_image0025.jpg,SUN-SEG-FinalData-v20251212/TestHardDataset/Unseen/GT/case12_2/case_M_20181211093229_0U62367121175028_1_002_002-1_a8_ayy_image0025.png,370033,4304,SUNSEG_case12,case12,11,0639c70446329df426b4eabe8082e506a573b058b87166d3a601c821c27b7dfa,Hard-Unseen,SELECTED_PENDING_CONTAMINATION
testeasydataset/unseen/case12_1/case_m_20181211093229_0u62367121175028_1_002_002-1_a2_ayy_image0025,TestEasyDataset,Unseen,case12_1,case12,25,SUN-SEG-FinalData-v20251212/TestEasyDataset/Unseen/Frame/case12_1/case_M_20181211093229_0U62367121175028_1_002_002-1_a2_ayy_image0025.jpg,SUN-SEG-FinalData-v20251212/TestEasyDataset/Unseen/GT/case12_1/case_M_20181211093229_0U62367121175028_1_002_002-1_a2_ayy_image0025.png,377250,3768,SUNSEG_case12,case12,12,066b6e58e4adaf32134f92f9a6b6e0d99fb6176e2a9627c05c7c47c7ab031a07,Easy-Unseen,SELECTED_PENDING_CONTAMINATION
testharddataset/unseen/case12_2/case_m_20181211093229_0u62367121175028_1_002_002-1_a7_ayy_image0015,TestHardDataset,Unseen,case12_2,case12,15,SUN-SEG-FinalData-v20251212/TestHardDataset/Unseen/Frame/case12_2/case_M_20181211093229_0U62367121175028_1_002_002-1_a7_ayy_image0015.jpg,SUN-SEG-FinalData-v20251212/TestHardDataset/Unseen/GT/case12_2/case_M_20181211093229_0U62367121175028_1_002_002-1_a7_ayy_image0015.png,308125,3872,SUNSEG_case12,case12,13,067beb68c2b8b5d85c4cbe9e903605831e1fce8c11a178587e5c792847614f27,Hard-Unseen,SELECTED_PENDING_CONTAMINATION
testharddataset/unseen/case12_2/case_m_20181211093229_0u62367121175028_1_002_002-1_a7_ayy_image0033,TestHardDataset,Unseen,case12_2,case12,33,SUN-SEG-FinalData-v20251212/TestHardDataset/Unseen/Frame/case12_2/case_M_20181211093229_0U62367121175028_1_002_002-1_a7_ayy_image0033.jpg,SUN-SEG-FinalData-v20251212/TestHardDataset/Unseen/GT/case12_2/case_M_20181211093229_0U62367121175028_1_002_002-1_a7_ayy_image0033.png,317487,4063,SUNSEG_case12,case12,14,06e37072ea69dc7a3215fd04f8f08367b7d2d2abe837207ce87fe38626a241e5,Hard-Unseen,SELECTED_PENDING_CONTAMINATION
testharddataset/unseen/case12_2/case_m_20181211093229_0u62367121175028_1_002_002-1_a9_ayy_image0010,TestHardDataset,Unseen,case12_2,case12,10,SUN-SEG-FinalData-v20251212/TestHardDataset/Unseen/Frame/case12_2/case_M_20181211093229_0U62367121175028_1_002_002-1_a9_ayy_image0010.jpg,SUN-SEG-FinalData-v20251212/TestHardDataset/Unseen/GT/case12_2/case_M_20181211093229_0U62367121175028_1_002_002-1_a9_ayy_image0010.png,346871,4171,SUNSEG_case12,case12,15,071a456a1e7eb385b06fc6d8ebc07687bdb3b1f25949e99a043001fe78fd2c03,Hard-Unseen,SELECTED_PENDING_CONTAMINATION
testeasydataset/unseen/case12_1/case_m_20181211093229_0u62367121175028_1_002_002-1_a2_ayy_image0064,TestEasyDataset,Unseen,case12_1,case12,64,SUN-SEG-FinalData-v20251212/TestEasyDataset/Unseen/Frame/case12_1/case_M_20181211093229_0U62367121175028_1_002_002-1_a2_ayy_image0064.jpg,SUN-SEG-FinalData-v20251212/TestEasyDataset/Unseen/GT/case12_1/case_M_20181211093229_0U62367121175028_1_002_002-1_a2_ayy_image0064.png,386628,3899,SUNSEG_case12,case12,16,0780712cbb2713e7b155a6dace3c8c9b745210225240452eed8ce1acf36f1813,Easy-Unseen,SELECTED_PENDING_CONTAMINATION
testeasydataset/unseen/case12_3/case_m_20181211093229_0u62367121175028_1_002_002-1_a11_ayy_image0060,TestEasyDataset,Unseen,case12_3,case12,60,SUN-SEG-FinalData-v20251212/TestEasyDataset/Unseen/Frame/case12_3/case_M_20181211093229_0U62367121175028_1_002_002-1_a11_ayy_image0060.jpg,SUN-SEG-FinalData-v20251212/TestEasyDataset/Unseen/GT/case12_3/case_M_20181211093229_0U62367121175028_1_002_002-1_a11_ayy_image0060.png,411925,4635,SUNSEG_case12,case12,17,08331c622f966468b4ee2805a47cd8996bf9a0bdf61f6d922fde308d3b4e1229,Easy-Unseen,SELECTED_PENDING_CONTAMINATION
testeasydataset/unseen/case12_3/case_m_20181211093229_0u62367121175028_1_002_002-1_a11_ayy_image0103,TestEasyDataset,Unseen,case12_3,case12,103,SUN-SEG-FinalData-v20251212/TestEasyDataset/Unseen/Frame/case12_3/case_M_20181211093229_0U62367121175028_1_002_002-1_a11_ayy_image0103.jpg,SUN-SEG-FinalData-v20251212/TestEasyDataset/Unseen/GT/case12_3/case_M_20181211093229_0U62367121175028_1_002_002-1_a11_ayy_image0103.png,355449,4973,SUNSEG_case12,case12,18,09692fb89582ffab68a0242b671d41674e67cfc6b58867c759cabfa806bc5d2a,Easy-Unseen,SELECTED_PENDING_CONTAMINATION
testharddataset/unseen/case12_2/case_m_20181211093229_0u62367121175028_1_002_002-1_a7_ayy_image0040,TestHardDataset,Unseen,case12_2,case12,40,SUN-SEG-FinalData-v20251212/TestHardDataset/Unseen/Frame/case12_2/case_M_20181211093229_0U62367121175028_1_002_002-1_a7_ayy_image0040.jpg,SUN-SEG-FinalData-v20251212/TestHardDataset/Unseen/GT/case12_2/case_M_20181211093229_0U62367121175028_1_002_002-1_a7_ayy_image0040.png,348372,3866,SUNSEG_case12,case12,19,09810b98645e9bd9e5fcb13014d051eda9966b57e104886cdd1f5eff06f73c15,Hard-Unseen,SELECTED_PENDING_CONTAMINATION
testharddataset/unseen/case12_2/case_m_20181211093229_0u62367121175028_1_002_002-1_a8_ayy_image0055,TestHardDataset,Unseen,case12_2,case12,55,SUN-SEG-FinalData-v20251212/TestHardDataset/Unseen/Frame/case12_2/case_M_20181211093229_0U62367121175028_1_002_002-1_a8_ayy_image0055.jpg,SUN-SEG-FinalData-v20251212/TestHardDataset/Unseen/GT/case12_2/case_M_20181211093229_0U62367121175028_1_002_002-1_a8_ayy_image0055.png,377324,4686,SUNSEG_case12,case12,20,09b2f09340ebdf76b2c2f8f50b1a554db4bff8fc48307cbc0e4b6e46d40c63e0,Hard-Unseen,SELECTED_PENDING_CONTAMINATION
testharddataset/unseen/case13_2/case_m_20190107094528_0u62367010726528_1_002_002-1_a5_ayy_image0009,TestHardDataset,Unseen,case13_2,case13,9,SUN-SEG-FinalData-v20251212/TestHardDataset/Unseen/Frame/case13_2/case_M_20190107094528_0U62367010726528_1_002_002-1_a5_ayy_image0009.jpg,SUN-SEG-FinalData-v20251212/TestHardDataset/Unseen/GT/case13_2/case_M_20190107094528_0U62367010726528_1_002_002-1_a5_ayy_image0009.png,353034,3694,SUNSEG_case13,case13,1,004e12a5b5042c1c2d98a1369c47f4ff3944b594b5ce0cd4915b2446f3629589,Hard-Unseen,SELECTED_PENDING_CONTAMINATION
testeasydataset/unseen/case13_3/case_m_20190107094528_0u62367010726528_1_002_001-1_a7_ayy_image0172,TestEasyDataset,Unseen,case13_3,case13,172,SUN-SEG-FinalData-v20251212/TestEasyDataset/Unseen/Frame/case13_3/case_M_20190107094528_0U62367010726528_1_002_001-1_a7_ayy_image0172.jpg,SUN-SEG-FinalData-v20251212/TestEasyDataset/Unseen/GT/case13_3/case_M_20190107094528_0U62367010726528_1_002_001-1_a7_ayy_image0172.png,438944,3842,SUNSEG_case13,case13,2,019ac268958389fd91596a07a0c6e7848f1aaedc06a23e049a207500a2e51d90,Easy-Unseen,SELECTED_PENDING_CONTAMINATION
testharddataset/unseen/case13_2/case_m_20190107094528_0u62367010726528_1_002_002-1_a5_ayy_image0034,TestHardDataset,Unseen,case13_2,case13,34,SUN-SEG-FinalData-v20251212/TestHardDataset/Unseen/Frame/case13_2/case_M_20190107094528_0U62367010726528_1_002_002-1_a5_ayy_image0034.jpg,SUN-SEG-FinalData-v20251212/TestHardDataset/Unseen/GT/case13_2/case_M_20190107094528_0U62367010726528_1_002_002-1_a5_ayy_image0034.png,365441,4866,SUNSEG_case13,case13,3,01f8bff1fe392c1d9e88c9cf9d30bdff371342c6aa5b83cf36b8d49b4c3d42b6,Hard-Unseen,SELECTED_PENDING_CONTAMINATION
testeasydataset/unseen/case13_3/case_m_20190107094528_0u62367010726528_1_002_001-1_a7_ayy_image0070,TestEasyDataset,Unseen,case13_3,case13,70,SUN-SEG-FinalData-v20251212/TestEasyDataset/Unseen/Frame/case13_3/case_M_20190107094528_0U62367010726528_1_002_001-1_a7_ayy_image0070.jpg,SUN-SEG-FinalData-v20251212/TestEasyDataset/Unseen/GT/case13_3/case_M_20190107094528_0U62367010726528_1_002_001-1_a7_ayy_image0070.png,345442,4282,SUNSEG_case13,case13,4,0266be2a5db9e2051a82afd00b39214144b2b6b4a866ebcfaa055414d93651cb,Easy-Unseen,SELECTED_PENDING_CONTAMINATION
testeasydataset/unseen/case13_3/case_m_20190107094528_0u62367010726528_1_002_001-1_a7_ayy_image0043,TestEasyDataset,Unseen,case13_3,case13,43,SUN-SEG-FinalData-v20251212/TestEasyDataset/Unseen/Frame/case13_3/case_M_20190107094528_0U62367010726528_1_002_001-1_a7_ayy_image0043.jpg,SUN-SEG-FinalData-v20251212/TestEasyDataset/Unseen/GT/case13_3/case_M_20190107094528_0U62367010726528_1_002_001-1_a7_ayy_image0043.png,414692,3630,SUNSEG_case13,case13,5,037a4ba82438f34cfd86aedb43c4a8b0b99ad62f317f6373ee445f8cb1fc8b12,Easy-Unseen,SELECTED_PENDING_CONTAMINATION
testharddataset/unseen/case13_2/case_m_20190107094528_0u62367010726528_1_002_002-1_a5_ayy_image0015,TestHardDataset,Unseen,case13_2,case13,15,SUN-SEG-FinalData-v20251212/TestHardDataset/Unseen/Frame/case13_2/case_M_20190107094528_0U62367010726528_1_002_002-1_a5_ayy_image0015.jpg,SUN-SEG-FinalData-v20251212/TestHardDataset/Unseen/GT/case13_2/case_M_20190107094528_0U62367010726528_1_002_002-1_a5_ayy_image0015.png,345383,4183,SUNSEG_case13,case13,6,03e9b2c43750d59272f1f1768a79af19ec28d183ade3c3d94a3b68e670aada81,Hard-Unseen,SELECTED_PENDING_CONTAMINATION
testharddataset/unseen/case13_2/case_m_20190107094528_0u62367010726528_1_002_002-1_a5_ayy_image0046,TestHardDataset,Unseen,case13_2,case13,46,SUN-SEG-FinalData-v20251212/TestHardDataset/Unseen/Frame/case13_2/case_M_20190107094528_0U62367010726528_1_002_002-1_a5_ayy_image0046.jpg,SUN-SEG-FinalData-v20251212/TestHardDataset/Unseen/GT/case13_2/case_M_20190107094528_0U62367010726528_1_002_002-1_a5_ayy_image0046.png,285684,5864,SUNSEG_case13,case13,7,03f36698b34eb41c784e1daf4369412a75400b245936ce7dee37156b78ea9ffd,Hard-Unseen,SELECTED_PENDING_CONTAMINATION
testharddataset/unseen/case13_2/case_m_20190107094528_0u62367010726528_1_002_001-1_a6_ayy_image0031,TestHardDataset,Unseen,case13_2,case13,31,SUN-SEG-FinalData-v20251212/TestHardDataset/Unseen/Frame/case13_2/case_M_20190107094528_0U62367010726528_1_002_001-1_a6_ayy_image0031.jpg,SUN-SEG-FinalData-v20251212/TestHardDataset/Unseen/GT/case13_2/case_M_20190107094528_0U62367010726528_1_002_001-1_a6_ayy_image0031.png,465735,3822,SUNSEG_case13,case13,8,043ae120bb15052f889aea305fc8f8a55fcc81308822b8c736c0cd40eee01be9,Hard-Unseen,SELECTED_PENDING_CONTAMINATION
testeasydataset/unseen/case13_1/case_m_20190107094528_0u62367010726528_1_002_002-1_a3_ayy_image0038,TestEasyDataset,Unseen,case13_1,case13,38,SUN-SEG-FinalData-v20251212/TestEasyDataset/Unseen/Frame/case13_1/case_M_20190107094528_0U62367010726528_1_002_002-1_a3_ayy_image0038.jpg,SUN-SEG-FinalData-v20251212/TestEasyDataset/Unseen/GT/case13_1/case_M_20190107094528_0U62367010726528_1_002_002-1_a3_ayy_image0038.png,314880,3638,SUNSEG_case13,case13,9,045c2a41424e15701b1f4c0afa3f17491c16cd72cb0eac23ae2c8751ee2eb6cd,Easy-Unseen,SELECTED_PENDING_CONTAMINATION
testeasydataset/unseen/case13_3/case_m_20190107094528_0u62367010726528_1_002_001-1_a7_ayy_image0014,TestEasyDataset,Unseen,case13_3,case13,14,SUN-SEG-FinalData-v20251212/TestEasyDataset/Unseen/Frame/case13_3/case_M_20190107094528_0U62367010726528_1_002_001-1_a7_ayy_image0014.jpg,SUN-SEG-FinalData-v20251212/TestEasyDataset/Unseen/GT/case13_3/case_M_20190107094528_0U62367010726528_1_002_001-1_a7_ayy_image0014.png,286678,3434,SUNSEG_case13,case13,10,04f2f461fbc0c08956f77ca7ca4720df081ade99f25134d42c0a2841fd3e1ad9,Easy-Unseen,SELECTED_PENDING_CONTAMINATION
testharddataset/unseen/case13_2/case_m_20190107094528_0u62367010726528_1_002_002-1_a5_ayy_image0059,TestHardDataset,Unseen,case13_2,case13,59,SUN-SEG-FinalData-v20251212/TestHardDataset/Unseen/Frame/case13_2/case_M_20190107094528_0U62367010726528_1_002_002-1_a5_ayy_image0059.jpg,SUN-SEG-FinalData-v20251212/TestHardDataset/Unseen/GT/case13_2/case_M_20190107094528_0U62367010726528_1_002_002-1_a5_ayy_image0059.png,290003,5111,SUNSEG_case13,case13,11,05fa3894637b9c2c974d463c4d98430b734a2bec0454f9507f9aed8e805f1f5d,Hard-Unseen,SELECTED_PENDING_CONTAMINATION
testeasydataset/unseen/case13_3/case_m_20190107094528_0u62367010726528_1_002_001-1_a7_ayy_image0050,TestEasyDataset,Unseen,case13_3,case13,50,SUN-SEG-FinalData-v20251212/TestEasyDataset/Unseen/Frame/case13_3/case_M_20190107094528_0U62367010726528_1_002_001-1_a7_ayy_image0050.jpg,SUN-SEG-FinalData-v20251212/TestEasyDataset/Unseen/GT/case13_3/case_M_20190107094528_0U62367010726528_1_002_001-1_a7_ayy_image0050.png,340661,3857,SUNSEG_case13,case13,12,0630a1b0f29b7e35ec13ff264c71c65e3f1ed8ada0f56643f4af67e84ad8c35b,Easy-Unseen,SELECTED_PENDING_CONTAMINATION
testeasydataset/unseen/case13_1/case_m_20190107094528_0u62367010726528_1_002_002-1_a3_ayy_image0041,TestEasyDataset,Unseen,case13_1,case13,41,SUN-SEG-FinalData-v20251212/TestEasyDataset/Unseen/Frame/case13_1/case_M_20190107094528_0U62367010726528_1_002_002-1_a3_ayy_image0041.jpg,SUN-SEG-FinalData-v20251212/TestEasyDataset/Unseen/GT/case13_1/case_M_20190107094528_0U62367010726528_1_002_002-1_a3_ayy_image0041.png,365563,3871,SUNSEG_case13,case13,13,07a82ee8255129add3ba8acdb08876dcc08302b2a142a6d9c7fff2bc0ffe9a8b,Easy-Unseen,SELECTED_PENDING_CONTAMINATION
testeasydataset/unseen/case13_3/case_m_20190107094528_0u62367010726528_1_002_001-1_a7_ayy_image0077,TestEasyDataset,Unseen,case13_3,case13,77,SUN-SEG-FinalData-v20251212/TestEasyDataset/Unseen/Frame/case13_3/case_M_20190107094528_0U62367010726528_1_002_001-1_a7_ayy_image0077.jpg,SUN-SEG-FinalData-v20251212/TestEasyDataset/Unseen/GT/case13_3/case_M_20190107094528_0U62367010726528_1_002_001-1_a7_ayy_image0077.png,366392,4086,SUNSEG_case13,case13,14,07c53a76e37e4662590bb9d49d9bb315379d0d78e78ace8e387b82deab02bb0d,Easy-Unseen,SELECTED_PENDING_CONTAMINATION
testharddataset/unseen/case13_2/case_m_20190107094528_0u62367010726528_1_002_002-1_a5_ayy_image0023,TestHardDataset,Unseen,case13_2,case13,23,SUN-SEG-FinalData-v20251212/TestHardDataset/Unseen/Frame/case13_2/case_M_20190107094528_0U62367010726528_1_002_002-1_a5_ayy_image0023.jpg,SUN-SEG-FinalData-v20251212/TestHardDataset/Unseen/GT/case13_2/case_M_20190107094528_0U62367010726528_1_002_002-1_a5_ayy_image0023.png,280068,4385,SUNSEG_case13,case13,15,07dc2be4216024c8c676d611c3fdb7eab957339a1bf1dcaf9a80b6b6caf91bcd,Hard-Unseen,SELECTED_PENDING_CONTAMINATION
testeasydataset/unseen/case13_3/case_m_20190107094528_0u62367010726528_1_002_001-1_a7_ayy_image0145,TestEasyDataset,Unseen,case13_3,case13,145,SUN-SEG-FinalData-v20251212/TestEasyDataset/Unseen/Frame/case13_3/case_M_20190107094528_0U62367010726528_1_002_001-1_a7_ayy_image0145.jpg,SUN-SEG-FinalData-v20251212/TestEasyDataset/Unseen/GT/case13_3/case_M_20190107094528_0U62367010726528_1_002_001-1_a7_ayy_image0145.png,377101,3862,SUNSEG_case13,case13,16,0857c1264a8cba727338089c17cd6ccf8bf8b6c1d6c806358a1dc0a9dff9744b,Easy-Unseen,SELECTED_PENDING_CONTAMINATION
testeasydataset/unseen/case13_1/case_m_20190107094528_0u62367010726528_1_002_002-1_a3_ayy_image0037,TestEasyDataset,Unseen,case13_1,case13,37,SUN-SEG-FinalData-v20251212/TestEasyDataset/Unseen/Frame/case13_1/case_M_20190107094528_0U62367010726528_1_002_002-1_a3_ayy_image0037.jpg,SUN-SEG-FinalData-v20251212/TestEasyDataset/Unseen/GT/case13_1/case_M_20190107094528_0U62367010726528_1_002_002-1_a3_ayy_image0037.png,362114,3639,SUNSEG_case13,case13,17,0931c82272e96b2a1b1759549675d49545098c577ccaedb0d33617b915513e59,Easy-Unseen,SELECTED_PENDING_CONTAMINATION
testharddataset/unseen/case13_2/case_m_20190107094528_0u62367010726528_1_002_001-1_a6_ayy_image0002,TestHardDataset,Unseen,case13_2,case13,2,SUN-SEG-FinalData-v20251212/TestHardDataset/Unseen/Frame/case13_2/case_M_20190107094528_0U62367010726528_1_002_001-1_a6_ayy_image0002.jpg,SUN-SEG-FinalData-v20251212/TestHardDataset/Unseen/GT/case13_2/case_M_20190107094528_0U62367010726528_1_002_001-1_a6_ayy_image0002.png,310254,3850,SUNSEG_case13,case13,18,0b49c25a410c45b55cd0dac0bfa33692a9ba1017ea65e84e83380950b83978f5,Hard-Unseen,SELECTED_PENDING_CONTAMINATION
testeasydataset/unseen/case13_1/case_m_20190107094528_0u62367010726528_1_002_002-1_a3_ayy_image0018,TestEasyDataset,Unseen,case13_1,case13,18,SUN-SEG-FinalData-v20251212/TestEasyDataset/Unseen/Frame/case13_1/case_M_20190107094528_0U62367010726528_1_002_002-1_a3_ayy_image0018.jpg,SUN-SEG-FinalData-v20251212/TestEasyDataset/Unseen/GT/case13_1/case_M_20190107094528_0U62367010726528_1_002_002-1_a3_ayy_image0018.png,283644,3687,SUNSEG_case13,case13,19,0bb062979ffc99186c10b304ed85325302a86d6e44da8f5e211b13dfc1a3887f,Easy-Unseen,SELECTED_PENDING_CONTAMINATION
testeasydataset/unseen/case13_1/case_m_20190107094528_0u62367010726528_1_002_002-1_a3_ayy_image0062,TestEasyDataset,Unseen,case13_1,case13,62,SUN-SEG-FinalData-v20251212/TestEasyDataset/Unseen/Frame/case13_1/case_M_20190107094528_0U62367010726528_1_002_002-1_a3_ayy_image0062.jpg,SUN-SEG-FinalData-v20251212/TestEasyDataset/Unseen/GT/case13_1/case_M_20190107094528_0U62367010726528_1_002_002-1_a3_ayy_image0062.png,315409,4490,SUNSEG_case13,case13,20,0be4df2e654b81f4649d2b5e9754bda91e2137f70bc06bb4a8e96f0f478c0cfc,Easy-Unseen,SELECTED_PENDING_CONTAMINATION
testeasydataset/unseen/case14_5/case_m_20190112093830_0u62372011292129_1_001_001-1_a8_ayy_image0106,TestEasyDataset,Unseen,case14_5,case14,106,SUN-SEG-FinalData-v20251212/TestEasyDataset/Unseen/Frame/case14_5/case_M_20190112093830_0U62372011292129_1_001_001-1_a8_ayy_image0106.jpg,SUN-SEG-FinalData-v20251212/TestEasyDataset/Unseen/GT/case14_5/case_M_20190112093830_0U62372011292129_1_001_001-1_a8_ayy_image0106.png,388663,3627,SUNSEG_case14,case14,1,0048a47065ec895bad3d4a7983032433dada5f498d5feeac18c0c5ea3f334c7c,Easy-Unseen,SELECTED_PENDING_CONTAMINATION
testharddataset/unseen/case14_3/case_m_20190112093830_0u62372011292129_1_001_001-1_a2_ayy_image0005,TestHardDataset,Unseen,case14_3,case14,5,SUN-SEG-FinalData-v20251212/TestHardDataset/Unseen/Frame/case14_3/case_M_20190112093830_0U62372011292129_1_001_001-1_a2_ayy_image0005.jpg,SUN-SEG-FinalData-v20251212/TestHardDataset/Unseen/GT/case14_3/case_M_20190112093830_0U62372011292129_1_001_001-1_a2_ayy_image0005.png,329621,3917,SUNSEG_case14,case14,2,009ec6afd664fb3ce59662a7aee58eac018432b482a0f3dae0788eedb1604348,Hard-Unseen,SELECTED_PENDING_CONTAMINATION
testeasydataset/unseen/case14_1/case_m_20190112093830_0u62372011292129_1_001_001-1_a1_ayy_image0107,TestEasyDataset,Unseen,case14_1,case14,107,SUN-SEG-FinalData-v20251212/TestEasyDataset/Unseen/Frame/case14_1/case_M_20190112093830_0U62372011292129_1_001_001-1_a1_ayy_image0107.jpg,SUN-SEG-FinalData-v20251212/TestEasyDataset/Unseen/GT/case14_1/case_M_20190112093830_0U62372011292129_1_001_001-1_a1_ayy_image0107.png,428575,3927,SUNSEG_case14,case14,3,015e7d2703dbeec0a08b0534ad906405abdd603641e1c53c07f13a893f23a2b2,Easy-Unseen,SELECTED_PENDING_CONTAMINATION
testharddataset/unseen/case14_3/case_m_20190112093830_0u62372011292129_1_001_001-1_a5_ayy_image0045,TestHardDataset,Unseen,case14_3,case14,45,SUN-SEG-FinalData-v20251212/TestHardDataset/Unseen/Frame/case14_3/case_M_20190112093830_0U62372011292129_1_001_001-1_a5_ayy_image0045.jpg,SUN-SEG-FinalData-v20251212/TestHardDataset/Unseen/GT/case14_3/case_M_20190112093830_0U62372011292129_1_001_001-1_a5_ayy_image0045.png,382196,3627,SUNSEG_case14,case14,4,01bdcbfbd5cdd821e6fc2e7c923b10c39ec49967592ce137a70fc5515cb03648,Hard-Unseen,SELECTED_PENDING_CONTAMINATION
testharddataset/unseen/case14_3/case_m_20190112093830_0u62372011292129_1_001_001-1_a1_ayy_image0312,TestHardDataset,Unseen,case14_3,case14,312,SUN-SEG-FinalData-v20251212/TestHardDataset/Unseen/Frame/case14_3/case_M_20190112093830_0U62372011292129_1_001_001-1_a1_ayy_image0312.jpg,SUN-SEG-FinalData-v20251212/TestHardDataset/Unseen/GT/case14_3/case_M_20190112093830_0U62372011292129_1_001_001-1_a1_ayy_image0312.png,432097,4059,SUNSEG_case14,case14,5,01ee1805145a5c07761c68a55d2b2c3584b7f8258eeca55dbf0f470619cddb56,Hard-Unseen,SELECTED_PENDING_CONTAMINATION
testharddataset/unseen/case14_3/case_m_20190112093830_0u62372011292129_1_001_001-1_a6_ayy_image0041,TestHardDataset,Unseen,case14_3,case14,41,SUN-SEG-FinalData-v20251212/TestHardDataset/Unseen/Frame/case14_3/case_M_20190112093830_0U62372011292129_1_001_001-1_a6_ayy_image0041.jpg,SUN-SEG-FinalData-v20251212/TestHardDataset/Unseen/GT/case14_3/case_M_20190112093830_0U62372011292129_1_001_001-1_a6_ayy_image0041.png,378268,3785,SUNSEG_case14,case14,6,01f501c2eea11dce068b81c9b73f7781f8384dedfe0042cf5bcbf5f8a007ef5b,Hard-Unseen,SELECTED_PENDING_CONTAMINATION
testeasydataset/unseen/case14_4/case_m_20190112093830_0u62372011292129_1_001_001-1_a7_ayy_image0029,TestEasyDataset,Unseen,case14_4,case14,29,SUN-SEG-FinalData-v20251212/TestEasyDataset/Unseen/Frame/case14_4/case_M_20190112093830_0U62372011292129_1_001_001-1_a7_ayy_image0029.jpg,SUN-SEG-FinalData-v20251212/TestEasyDataset/Unseen/GT/case14_4/case_M_20190112093830_0U62372011292129_1_001_001-1_a7_ayy_image0029.png,398151,3784,SUNSEG_case14,case14,7,0259b48cbd3fdcef6ed232786c873a7c4072ce80881db458cc457dc11320f3c1,Easy-Unseen,SELECTED_PENDING_CONTAMINATION
testeasydataset/unseen/case14_5/case_m_20190112093830_0u62372011292129_1_001_001-1_a8_ayy_image0097,TestEasyDataset,Unseen,case14_5,case14,97,SUN-SEG-FinalData-v20251212/TestEasyDataset/Unseen/Frame/case14_5/case_M_20190112093830_0U62372011292129_1_001_001-1_a8_ayy_image0097.jpg,SUN-SEG-FinalData-v20251212/TestEasyDataset/Unseen/GT/case14_5/case_M_20190112093830_0U62372011292129_1_001_001-1_a8_ayy_image0097.png,397798,3952,SUNSEG_case14,case14,8,02da6a58765501cd8063cde79ee900d58e198a09951db1df934865b147072481,Easy-Unseen,SELECTED_PENDING_CONTAMINATION
testeasydataset/unseen/case14_4/case_m_20190112093830_0u62372011292129_1_001_001-1_a7_ayy_image0144,TestEasyDataset,Unseen,case14_4,case14,144,SUN-SEG-FinalData-v20251212/TestEasyDataset/Unseen/Frame/case14_4/case_M_20190112093830_0U62372011292129_1_001_001-1_a7_ayy_image0144.jpg,SUN-SEG-FinalData-v20251212/TestEasyDataset/Unseen/GT/case14_4/case_M_20190112093830_0U62372011292129_1_001_001-1_a7_ayy_image0144.png,316925,3511,SUNSEG_case14,case14,9,031b583c82b6f73728acf3ef5a4eb517719c8ad2e8e0c388a6a8aabde1d02808,Easy-Unseen,SELECTED_PENDING_CONTAMINATION
testeasydataset/unseen/case14_5/case_m_20190112093830_0u62372011292129_1_001_001-1_a8_ayy_image0102,TestEasyDataset,Unseen,case14_5,case14,102,SUN-SEG-FinalData-v20251212/TestEasyDataset/Unseen/Frame/case14_5/case_M_20190112093830_0U62372011292129_1_001_001-1_a8_ayy_image0102.jpg,SUN-SEG-FinalData-v20251212/TestEasyDataset/Unseen/GT/case14_5/case_M_20190112093830_0U62372011292129_1_001_001-1_a8_ayy_image0102.png,334309,3613,SUNSEG_case14,case14,10,0343ce479cc9eb63d350ba4367c94bc6e032d93b3ea00bc50b61e89d69d905df,Easy-Unseen,SELECTED_PENDING_CONTAMINATION
testeasydataset/unseen/case14_2/case_m_20190112093830_0u62372011292129_1_001_001-1_a1_ayy_image0203,TestEasyDataset,Unseen,case14_2,case14,203,SUN-SEG-FinalData-v20251212/TestEasyDataset/Unseen/Frame/case14_2/case_M_20190112093830_0U62372011292129_1_001_001-1_a1_ayy_image0203.jpg,SUN-SEG-FinalData-v20251212/TestEasyDataset/Unseen/GT/case14_2/case_M_20190112093830_0U62372011292129_1_001_001-1_a1_ayy_image0203.png,427270,3975,SUNSEG_case14,case14,11,03bd4ca596d20f48fdde8944292f26a3d9798920340d81053121c4bb5cb3abdc,Easy-Unseen,SELECTED_PENDING_CONTAMINATION
testharddataset/unseen/case14_6/case_m_20190112093830_0u62372011292129_1_001_001-1_a10_ayy_image0108,TestHardDataset,Unseen,case14_6,case14,108,SUN-SEG-FinalData-v20251212/TestHardDataset/Unseen/Frame/case14_6/case_M_20190112093830_0U62372011292129_1_001_001-1_a10_ayy_image0108.jpg,SUN-SEG-FinalData-v20251212/TestHardDataset/Unseen/GT/case14_6/case_M_20190112093830_0U62372011292129_1_001_001-1_a10_ayy_image0108.png,357661,3568,SUNSEG_case14,case14,12,03c1125b421d0443dd38d8c467b8221ce7dcafdcbaeebe81225eb36aeea1102a,Hard-Unseen,SELECTED_PENDING_CONTAMINATION
testharddataset/unseen/case14_3/case_m_20190112093830_0u62372011292129_1_001_001-1_a5_ayy_image0065,TestHardDataset,Unseen,case14_3,case14,65,SUN-SEG-FinalData-v20251212/TestHardDataset/Unseen/Frame/case14_3/case_M_20190112093830_0U62372011292129_1_001_001-1_a5_ayy_image0065.jpg,SUN-SEG-FinalData-v20251212/TestHardDataset/Unseen/GT/case14_3/case_M_20190112093830_0U62372011292129_1_001_001-1_a5_ayy_image0065.png,374016,3566,SUNSEG_case14,case14,13,045aa5916fe715857360fb4f6f4e20abc077b097e8a953c88be79a8744a5d1ea,Hard-Unseen,SELECTED_PENDING_CONTAMINATION
testeasydataset/unseen/case14_4/case_m_20190112093830_0u62372011292129_1_001_001-1_a7_ayy_image0117,TestEasyDataset,Unseen,case14_4,case14,117,SUN-SEG-FinalData-v20251212/TestEasyDataset/Unseen/Frame/case14_4/case_M_20190112093830_0U62372011292129_1_001_001-1_a7_ayy_image0117.jpg,SUN-SEG-FinalData-v20251212/TestEasyDataset/Unseen/GT/case14_4/case_M_20190112093830_0U62372011292129_1_001_001-1_a7_ayy_image0117.png,321297,3715,SUNSEG_case14,case14,14,049379b61d43946e10ce645281e3f031fdd236ae2497c6c050cc101c32217e8b,Easy-Unseen,SELECTED_PENDING_CONTAMINATION
testharddataset/unseen/case14_3/case_m_20190112093830_0u62372011292129_1_001_001-1_a1_ayy_image0376,TestHardDataset,Unseen,case14_3,case14,376,SUN-SEG-FinalData-v20251212/TestHardDataset/Unseen/Frame/case14_3/case_M_20190112093830_0U62372011292129_1_001_001-1_a1_ayy_image0376.jpg,SUN-SEG-FinalData-v20251212/TestHardDataset/Unseen/GT/case14_3/case_M_20190112093830_0U62372011292129_1_001_001-1_a1_ayy_image0376.png,384399,4042,SUNSEG_case14,case14,15,04a161c5716a86401eace40ea1a106c942100bcfab7ac56a2b23a8e90aa0c177,Hard-Unseen,SELECTED_PENDING_CONTAMINATION
testharddataset/unseen/case14_3/case_m_20190112093830_0u62372011292129_1_001_001-1_a6_ayy_image0027,TestHardDataset,Unseen,case14_3,case14,27,SUN-SEG-FinalData-v20251212/TestHardDataset/Unseen/Frame/case14_3/case_M_20190112093830_0U62372011292129_1_001_001-1_a6_ayy_image0027.jpg,SUN-SEG-FinalData-v20251212/TestHardDataset/Unseen/GT/case14_3/case_M_20190112093830_0U62372011292129_1_001_001-1_a6_ayy_image0027.png,315954,3807,SUNSEG_case14,case14,16,04d4b1236fcf7aca33f1bdc29acbda65cd04f27349f487a0776672fdca7c4045,Hard-Unseen,SELECTED_PENDING_CONTAMINATION
testeasydataset/unseen/case14_4/case_m_20190112093830_0u62372011292129_1_001_001-1_a7_ayy_image0084,TestEasyDataset,Unseen,case14_4,case14,84,SUN-SEG-FinalData-v20251212/TestEasyDataset/Unseen/Frame/case14_4/case_M_20190112093830_0U62372011292129_1_001_001-1_a7_ayy_image0084.jpg,SUN-SEG-FinalData-v20251212/TestEasyDataset/Unseen/GT/case14_4/case_M_20190112093830_0U62372011292129_1_001_001-1_a7_ayy_image0084.png,314666,3539,SUNSEG_case14,case14,17,05100f7b01618e5612c12026668e9661769ca1b12b3ee15f831c1c920dc4672a,Easy-Unseen,SELECTED_PENDING_CONTAMINATION
testharddataset/unseen/case14_3/case_m_20190112093830_0u62372011292129_1_001_001-1_a6_ayy_image0031,TestHardDataset,Unseen,case14_3,case14,31,SUN-SEG-FinalData-v20251212/TestHardDataset/Unseen/Frame/case14_3/case_M_20190112093830_0U62372011292129_1_001_001-1_a6_ayy_image0031.jpg,SUN-SEG-FinalData-v20251212/TestHardDataset/Unseen/GT/case14_3/case_M_20190112093830_0U62372011292129_1_001_001-1_a6_ayy_image0031.png,373586,3821,SUNSEG_case14,case14,18,059d4ad41aff1a55eb85ee51ac48bfb56e8fc55206ce2f9c4e15840643312003,Hard-Unseen,SELECTED_PENDING_CONTAMINATION
testharddataset/unseen/case14_3/case_m_20190112093830_0u62372011292129_1_001_001-1_a1_ayy_image0384,TestHardDataset,Unseen,case14_3,case14,384,SUN-SEG-FinalData-v20251212/TestHardDataset/Unseen/Frame/case14_3/case_M_20190112093830_0U62372011292129_1_001_001-1_a1_ayy_image0384.jpg,SUN-SEG-FinalData-v20251212/TestHardDataset/Unseen/GT/case14_3/case_M_20190112093830_0U62372011292129_1_001_001-1_a1_ayy_image0384.png,388583,3992,SUNSEG_case14,case14,19,05d586b2c9fe5a08c5453a1d773129fe139744ab9d311960b2543d0e558caeed,Hard-Unseen,SELECTED_PENDING_CONTAMINATION
testeasydataset/unseen/case14_1/case_m_20190112093830_0u62372011292129_1_001_001-1_a1_ayy_image0024,TestEasyDataset,Unseen,case14_1,case14,24,SUN-SEG-FinalData-v20251212/TestEasyDataset/Unseen/Frame/case14_1/case_M_20190112093830_0U62372011292129_1_001_001-1_a1_ayy_image0024.jpg,SUN-SEG-FinalData-v20251212/TestEasyDataset/Unseen/GT/case14_1/case_M_20190112093830_0U62372011292129_1_001_001-1_a1_ayy_image0024.png,332648,3925,SUNSEG_case14,case14,20,06211f82718b28e01404c9c3afce192cfd90528095dd4ee448bbc086306a71fd,Easy-Unseen,SELECTED_PENDING_CONTAMINATION
testeasydataset/unseen/case19/case_m_20181004140507_0u62366100460906_1_001_001-1_a2_ayy_image0047,TestEasyDataset,Unseen,case19,case19,47,SUN-SEG-FinalData-v20251212/TestEasyDataset/Unseen/Frame/case19/case_M_20181004140507_0U62366100460906_1_001_001-1_a2_ayy_image0047.jpg,SUN-SEG-FinalData-v20251212/TestEasyDataset/Unseen/GT/case19/case_M_20181004140507_0U62366100460906_1_001_001-1_a2_ayy_image0047.png,489727,4177,SUNSEG_case19,case19,1,0405e7e91306b9073e945fca9f2e71c959fd067587e8cb9f0e6c08dde33eb927,Easy-Unseen,SELECTED_PENDING_CONTAMINATION
testeasydataset/unseen/case19/case_m_20181004140507_0u62366100460906_1_001_001-1_a1_ayy_image0002,TestEasyDataset,Unseen,case19,case19,2,SUN-SEG-FinalData-v20251212/TestEasyDataset/Unseen/Frame/case19/case_M_20181004140507_0U62366100460906_1_001_001-1_a1_ayy_image0002.jpg,SUN-SEG-FinalData-v20251212/TestEasyDataset/Unseen/GT/case19/case_M_20181004140507_0U62366100460906_1_001_001-1_a1_ayy_image0002.png,440999,3862,SUNSEG_case19,case19,2,05b1f21f1a1701b833306b71e212782b73907f0adae76691bcb3f0ff8588c04c,Easy-Unseen,SELECTED_PENDING_CONTAMINATION
testeasydataset/unseen/case19/case_m_20181004140507_0u62366100460906_1_001_001-1_a1_ayy_image0030,TestEasyDataset,Unseen,case19,case19,30,SUN-SEG-FinalData-v20251212/TestEasyDataset/Unseen/Frame/case19/case_M_20181004140507_0U62366100460906_1_001_001-1_a1_ayy_image0030.jpg,SUN-SEG-FinalData-v20251212/TestEasyDataset/Unseen/GT/case19/case_M_20181004140507_0U62366100460906_1_001_001-1_a1_ayy_image0030.png,496066,3757,SUNSEG_case19,case19,3,05c45935935bba53ee6aba3145341d9bf1eedcdac4e1a5559ab28a7bb553f910,Easy-Unseen,SELECTED_PENDING_CONTAMINATION
testeasydataset/unseen/case19/case_m_20181004140507_0u62366100460906_1_001_001-1_a1_ayy_image0020,TestEasyDataset,Unseen,case19,case19,20,SUN-SEG-FinalData-v20251212/TestEasyDataset/Unseen/Frame/case19/case_M_20181004140507_0U62366100460906_1_001_001-1_a1_ayy_image0020.jpg,SUN-SEG-FinalData-v20251212/TestEasyDataset/Unseen/GT/case19/case_M_20181004140507_0U62366100460906_1_001_001-1_a1_ayy_image0020.png,433719,3785,SUNSEG_case19,case19,4,082385eb900ea17178b9ee9253cdc4a79e711d330a36117d5e0135a1abd58f18,Easy-Unseen,SELECTED_PENDING_CONTAMINATION
testeasydataset/unseen/case19/case_m_20181004140507_0u62366100460906_1_001_001-1_a2_ayy_image0039,TestEasyDataset,Unseen,case19,case19,39,SUN-SEG-FinalData-v20251212/TestEasyDataset/Unseen/Frame/case19/case_M_20181004140507_0U62366100460906_1_001_001-1_a2_ayy_image0039.jpg,SUN-SEG-FinalData-v20251212/TestEasyDataset/Unseen/GT/case19/case_M_20181004140507_0U62366100460906_1_001_001-1_a2_ayy_image0039.png,479447,4345,SUNSEG_case19,case19,5,0cc5c8b94a0a241535545db4d40637c5685e7d82498c2380d6e463cdc23f287b,Easy-Unseen,SELECTED_PENDING_CONTAMINATION
testeasydataset/unseen/case19/case_m_20181004140507_0u62366100460906_1_001_001-1_a1_ayy_image0004,TestEasyDataset,Unseen,case19,case19,4,SUN-SEG-FinalData-v20251212/TestEasyDataset/Unseen/Frame/case19/case_M_20181004140507_0U62366100460906_1_001_001-1_a1_ayy_image0004.jpg,SUN-SEG-FinalData-v20251212/TestEasyDataset/Unseen/GT/case19/case_M_20181004140507_0U62366100460906_1_001_001-1_a1_ayy_image0004.png,499190,3875,SUNSEG_case19,case19,6,103e4cfcd9e862828ac74f1ce971b16a0b267576b1b47b2c9aa1fa90b5cf837d,Easy-Unseen,SELECTED_PENDING_CONTAMINATION
testeasydataset/unseen/case19/case_m_20181004140507_0u62366100460906_1_001_001-1_a2_ayy_image0018,TestEasyDataset,Unseen,case19,case19,18,SUN-SEG-FinalData-v20251212/TestEasyDataset/Unseen/Frame/case19/case_M_20181004140507_0U62366100460906_1_001_001-1_a2_ayy_image0018.jpg,SUN-SEG-FinalData-v20251212/TestEasyDataset/Unseen/GT/case19/case_M_20181004140507_0U62366100460906_1_001_001-1_a2_ayy_image0018.png,488907,4806,SUNSEG_case19,case19,7,106707874e2f51e61c069f20bf4de46c63ebce1484178cc1017b0bc654296353,Easy-Unseen,SELECTED_PENDING_CONTAMINATION
testeasydataset/unseen/case19/case_m_20181004140507_0u62366100460906_1_001_001-1_a1_ayy_image0017,TestEasyDataset,Unseen,case19,case19,17,SUN-SEG-FinalData-v20251212/TestEasyDataset/Unseen/Frame/case19/case_M_20181004140507_0U62366100460906_1_001_001-1_a1_ayy_image0017.jpg,SUN-SEG-FinalData-v20251212/TestEasyDataset/Unseen/GT/case19/case_M_20181004140507_0U62366100460906_1_001_001-1_a1_ayy_image0017.png,444059,3880,SUNSEG_case19,case19,8,111a9a29b5b281a8d97cd0475676d2f4a90015e6093753232e4720073233b383,Easy-Unseen,SELECTED_PENDING_CONTAMINATION
testeasydataset/unseen/case19/case_m_20181004140507_0u62366100460906_1_001_001-1_a1_ayy_image0001,TestEasyDataset,Unseen,case19,case19,1,SUN-SEG-FinalData-v20251212/TestEasyDataset/Unseen/Frame/case19/case_M_20181004140507_0U62366100460906_1_001_001-1_a1_ayy_image0001.jpg,SUN-SEG-FinalData-v20251212/TestEasyDataset/Unseen/GT/case19/case_M_20181004140507_0U62366100460906_1_001_001-1_a1_ayy_image0001.png,496007,3897,SUNSEG_case19,case19,9,1bfaa1c1659e1a602684bbc3502386176caa3eb55707fc22b8e53eee7a4c573f,Easy-Unseen,SELECTED_PENDING_CONTAMINATION
testeasydataset/unseen/case19/case_m_20181004140507_0u62366100460906_1_001_001-1_a2_ayy_image0029,TestEasyDataset,Unseen,case19,case19,29,SUN-SEG-FinalData-v20251212/TestEasyDataset/Unseen/Frame/case19/case_M_20181004140507_0U62366100460906_1_001_001-1_a2_ayy_image0029.jpg,SUN-SEG-FinalData-v20251212/TestEasyDataset/Unseen/GT/case19/case_M_20181004140507_0U62366100460906_1_001_001-1_a2_ayy_image0029.png,500740,4146,SUNSEG_case19,case19,10,1d189a13b858b19cf8c0c84d182f4a0f3c505900095554f868ae18d0a7120a73,Easy-Unseen,SELECTED_PENDING_CONTAMINATION
testeasydataset/unseen/case19/case_m_20181004140507_0u62366100460906_1_001_001-1_a2_ayy_image0048,TestEasyDataset,Unseen,case19,case19,48,SUN-SEG-FinalData-v20251212/TestEasyDataset/Unseen/Frame/case19/case_M_20181004140507_0U62366100460906_1_001_001-1_a2_ayy_image0048.jpg,SUN-SEG-FinalData-v20251212/TestEasyDataset/Unseen/GT/case19/case_M_20181004140507_0U62366100460906_1_001_001-1_a2_ayy_image0048.png,507638,4401,SUNSEG_case19,case19,11,1dc5be04126194bfd3a6512b9235f981932b088c390abc06421786ab7955076a,Easy-Unseen,SELECTED_PENDING_CONTAMINATION
testeasydataset/unseen/case19/case_m_20181004140507_0u62366100460906_1_001_001-1_a1_ayy_image0024,TestEasyDataset,Unseen,case19,case19,24,SUN-SEG-FinalData-v20251212/TestEasyDataset/Unseen/Frame/case19/case_M_20181004140507_0U62366100460906_1_001_001-1_a1_ayy_image0024.jpg,SUN-SEG-FinalData-v20251212/TestEasyDataset/Unseen/GT/case19/case_M_20181004140507_0U62366100460906_1_001_001-1_a1_ayy_image0024.png,468004,3808,SUNSEG_case19,case19,12,1f67ad1c79f3154f890c57b08985d61b94beb477704b22a07c068dfe6d1e678e,Easy-Unseen,SELECTED_PENDING_CONTAMINATION
testeasydataset/unseen/case19/case_m_20181004140507_0u62366100460906_1_001_001-1_a2_ayy_image0009,TestEasyDataset,Unseen,case19,case19,9,SUN-SEG-FinalData-v20251212/TestEasyDataset/Unseen/Frame/case19/case_M_20181004140507_0U62366100460906_1_001_001-1_a2_ayy_image0009.jpg,SUN-SEG-FinalData-v20251212/TestEasyDataset/Unseen/GT/case19/case_M_20181004140507_0U62366100460906_1_001_001-1_a2_ayy_image0009.png,463376,4476,SUNSEG_case19,case19,13,212779f8dc985dd86755a7cafe9d801c60e263dd0e2c067a3271d3ef25ba51b5,Easy-Unseen,SELECTED_PENDING_CONTAMINATION
testeasydataset/unseen/case19/case_m_20181004140507_0u62366100460906_1_001_001-1_a1_ayy_image0018,TestEasyDataset,Unseen,case19,case19,18,SUN-SEG-FinalData-v20251212/TestEasyDataset/Unseen/Frame/case19/case_M_20181004140507_0U62366100460906_1_001_001-1_a1_ayy_image0018.jpg,SUN-SEG-FinalData-v20251212/TestEasyDataset/Unseen/GT/case19/case_M_20181004140507_0U62366100460906_1_001_001-1_a1_ayy_image0018.png,473986,3833,SUNSEG_case19,case19,14,227fd719870a8fa70156d02722876b95d9b461ace6c22ce3dc92256eb68cecee,Easy-Unseen,SELECTED_PENDING_CONTAMINATION
testeasydataset/unseen/case19/case_m_20181004140507_0u62366100460906_1_001_001-1_a1_ayy_image0032,TestEasyDataset,Unseen,case19,case19,32,SUN-SEG-FinalData-v20251212/TestEasyDataset/Unseen/Frame/case19/case_M_20181004140507_0U62366100460906_1_001_001-1_a1_ayy_image0032.jpg,SUN-SEG-FinalData-v20251212/TestEasyDataset/Unseen/GT/case19/case_M_20181004140507_0U62366100460906_1_001_001-1_a1_ayy_image0032.png,432860,3780,SUNSEG_case19,case19,15,24dd39c3c36eedf25dca43a49fe9e65c7d9a28137cbf8b085137939afb852067,Easy-Unseen,SELECTED_PENDING_CONTAMINATION
testeasydataset/unseen/case19/case_m_20181004140507_0u62366100460906_1_001_001-1_a2_ayy_image0042,TestEasyDataset,Unseen,case19,case19,42,SUN-SEG-FinalData-v20251212/TestEasyDataset/Unseen/Frame/case19/case_M_20181004140507_0U62366100460906_1_001_001-1_a2_ayy_image0042.jpg,SUN-SEG-FinalData-v20251212/TestEasyDataset/Unseen/GT/case19/case_M_20181004140507_0U62366100460906_1_001_001-1_a2_ayy_image0042.png,548725,4335,SUNSEG_case19,case19,16,24f4d13f06320a153caa28c5d5a0db0d9139492c914d2c05450a78990d81bade,Easy-Unseen,SELECTED_PENDING_CONTAMINATION
testeasydataset/unseen/case19/case_m_20181004140507_0u62366100460906_1_001_001-1_a2_ayy_image0032,TestEasyDataset,Unseen,case19,case19,32,SUN-SEG-FinalData-v20251212/TestEasyDataset/Unseen/Frame/case19/case_M_20181004140507_0U62366100460906_1_001_001-1_a2_ayy_image0032.jpg,SUN-SEG-FinalData-v20251212/TestEasyDataset/Unseen/GT/case19/case_M_20181004140507_0U62366100460906_1_001_001-1_a2_ayy_image0032.png,481709,4135,SUNSEG_case19,case19,17,2a1b54206b9570c7e690ccf096a659be3b134954a5c7d703350d92b4bd406b2b,Easy-Unseen,SELECTED_PENDING_CONTAMINATION
testeasydataset/unseen/case19/case_m_20181004140507_0u62366100460906_1_001_001-1_a2_ayy_image0028,TestEasyDataset,Unseen,case19,case19,28,SUN-SEG-FinalData-v20251212/TestEasyDataset/Unseen/Frame/case19/case_M_20181004140507_0U62366100460906_1_001_001-1_a2_ayy_image0028.jpg,SUN-SEG-FinalData-v20251212/TestEasyDataset/Unseen/GT/case19/case_M_20181004140507_0U62366100460906_1_001_001-1_a2_ayy_image0028.png,477774,4202,SUNSEG_case19,case19,18,3316542d68a3ba6e0db1ae760adf973c7cbe6bf92d83269ea2b2f2b8a30a8be9,Easy-Unseen,SELECTED_PENDING_CONTAMINATION
testeasydataset/unseen/case19/case_m_20181004140507_0u62366100460906_1_001_001-1_a1_ayy_image0038,TestEasyDataset,Unseen,case19,case19,38,SUN-SEG-FinalData-v20251212/TestEasyDataset/Unseen/Frame/case19/case_M_20181004140507_0U62366100460906_1_001_001-1_a1_ayy_image0038.jpg,SUN-SEG-FinalData-v20251212/TestEasyDataset/Unseen/GT/case19/case_M_20181004140507_0U62366100460906_1_001_001-1_a1_ayy_image0038.png,441810,3825,SUNSEG_case19,case19,19,349d3d3e577bd583d5236e20bca04f3606c3a443cce909147c9ec81fe02fb821,Easy-Unseen,SELECTED_PENDING_CONTAMINATION
testeasydataset/unseen/case19/case_m_20181004140507_0u62366100460906_1_001_001-1_a2_ayy_image0030,TestEasyDataset,Unseen,case19,case19,30,SUN-SEG-FinalData-v20251212/TestEasyDataset/Unseen/Frame/case19/case_M_20181004140507_0U62366100460906_1_001_001-1_a2_ayy_image0030.jpg,SUN-SEG-FinalData-v20251212/TestEasyDataset/Unseen/GT/case19/case_M_20181004140507_0U62366100460906_1_001_001-1_a2_ayy_image0030.png,512377,4175,SUNSEG_case19,case19,20,3642ef0f3c8c8d10b4cf14c4215cb11ce5a5dbe826efb80b812b90a4ed0e0a49,Easy-Unseen,SELECTED_PENDING_CONTAMINATION
testeasydataset/unseen/case23/case_m_20181017100226_0u62367101735926_1_007_001-1_a3_ayy_image0047,TestEasyDataset,Unseen,case23,case23,47,SUN-SEG-FinalData-v20251212/TestEasyDataset/Unseen/Frame/case23/case_M_20181017100226_0U62367101735926_1_007_001-1_a3_ayy_image0047.jpg,SUN-SEG-FinalData-v20251212/TestEasyDataset/Unseen/GT/case23/case_M_20181017100226_0U62367101735926_1_007_001-1_a3_ayy_image0047.png,516675,5550,SUNSEG_case23,case23,1,0040aaa000bf9b821655a6ccde9112d4fa9dc61fbb63e286f950b174ea4c6334,Easy-Unseen,SELECTED_PENDING_CONTAMINATION
testeasydataset/unseen/case23/case_m_20181017100226_0u62367101735926_1_007_001-1_a3_ayy_image0005,TestEasyDataset,Unseen,case23,case23,5,SUN-SEG-FinalData-v20251212/TestEasyDataset/Unseen/Frame/case23/case_M_20181017100226_0U62367101735926_1_007_001-1_a3_ayy_image0005.jpg,SUN-SEG-FinalData-v20251212/TestEasyDataset/Unseen/GT/case23/case_M_20181017100226_0U62367101735926_1_007_001-1_a3_ayy_image0005.png,485701,5503,SUNSEG_case23,case23,2,0243556e66b1c197925c470fb059b69ebf7527dac8120f6ef0687146b85bddbd,Easy-Unseen,SELECTED_PENDING_CONTAMINATION
testeasydataset/unseen/case23/case_m_20181017100226_0u62367101735926_1_007_001-1_a1_ayy_image0012,TestEasyDataset,Unseen,case23,case23,12,SUN-SEG-FinalData-v20251212/TestEasyDataset/Unseen/Frame/case23/case_M_20181017100226_0U62367101735926_1_007_001-1_a1_ayy_image0012.jpg,SUN-SEG-FinalData-v20251212/TestEasyDataset/Unseen/GT/case23/case_M_20181017100226_0U62367101735926_1_007_001-1_a1_ayy_image0012.png,516557,5213,SUNSEG_case23,case23,3,03309668845f6a021cb21573d52f554358170c79eca91910114f34418eb2a8cb,Easy-Unseen,SELECTED_PENDING_CONTAMINATION
testeasydataset/unseen/case23/case_m_20181017100226_0u62367101735926_1_007_001-1_a4_ayy_image0020,TestEasyDataset,Unseen,case23,case23,20,SUN-SEG-FinalData-v20251212/TestEasyDataset/Unseen/Frame/case23/case_M_20181017100226_0U62367101735926_1_007_001-1_a4_ayy_image0020.jpg,SUN-SEG-FinalData-v20251212/TestEasyDataset/Unseen/GT/case23/case_M_20181017100226_0U62367101735926_1_007_001-1_a4_ayy_image0020.png,543724,4024,SUNSEG_case23,case23,4,0598cd535468f6ec9b267360b51e94b01d134a8fd4e855b39782d2aab17e3b93,Easy-Unseen,SELECTED_PENDING_CONTAMINATION
testeasydataset/unseen/case23/case_m_20181017100226_0u62367101735926_1_007_001-1_a3_ayy_image0011,TestEasyDataset,Unseen,case23,case23,11,SUN-SEG-FinalData-v20251212/TestEasyDataset/Unseen/Frame/case23/case_M_20181017100226_0U62367101735926_1_007_001-1_a3_ayy_image0011.jpg,SUN-SEG-FinalData-v20251212/TestEasyDataset/Unseen/GT/case23/case_M_20181017100226_0U62367101735926_1_007_001-1_a3_ayy_image0011.png,567478,5176,SUNSEG_case23,case23,5,07543d2e79e29b5c3e36cccc16261fb5d72f7601c382466e2e29bcc28ade3cf0,Easy-Unseen,SELECTED_PENDING_CONTAMINATION
testeasydataset/unseen/case23/case_m_20181017100226_0u62367101735926_1_007_001-1_a4_ayy_image0042,TestEasyDataset,Unseen,case23,case23,42,SUN-SEG-FinalData-v20251212/TestEasyDataset/Unseen/Frame/case23/case_M_20181017100226_0U62367101735926_1_007_001-1_a4_ayy_image0042.jpg,SUN-SEG-FinalData-v20251212/TestEasyDataset/Unseen/GT/case23/case_M_20181017100226_0U62367101735926_1_007_001-1_a4_ayy_image0042.png,452514,4264,SUNSEG_case23,case23,6,09058880cb8ba75702aa77c882edd77348472026731e9827adaf5b198bf55880,Easy-Unseen,SELECTED_PENDING_CONTAMINATION
testeasydataset/unseen/case23/case_m_20181017100226_0u62367101735926_1_007_001-1_a4_ayy_image0027,TestEasyDataset,Unseen,case23,case23,27,SUN-SEG-FinalData-v20251212/TestEasyDataset/Unseen/Frame/case23/case_M_20181017100226_0U62367101735926_1_007_001-1_a4_ayy_image0027.jpg,SUN-SEG-FinalData-v20251212/TestEasyDataset/Unseen/GT/case23/case_M_20181017100226_0U62367101735926_1_007_001-1_a4_ayy_image0027.png,460141,4955,SUNSEG_case23,case23,7,0c5d04e241a903e3116fdde62bbe50afe2c8107d28ad077cebbfd9349b30f44d,Easy-Unseen,SELECTED_PENDING_CONTAMINATION
testeasydataset/unseen/case23/case_m_20181017100226_0u62367101735926_1_007_001-1_a1_ayy_image0003,TestEasyDataset,Unseen,case23,case23,3,SUN-SEG-FinalData-v20251212/TestEasyDataset/Unseen/Frame/case23/case_M_20181017100226_0U62367101735926_1_007_001-1_a1_ayy_image0003.jpg,SUN-SEG-FinalData-v20251212/TestEasyDataset/Unseen/GT/case23/case_M_20181017100226_0U62367101735926_1_007_001-1_a1_ayy_image0003.png,496241,5276,SUNSEG_case23,case23,8,0d90938ec88adfd8f509fe67160bed2aebf9a9cc4f52d92265c1df7ecd0a644b,Easy-Unseen,SELECTED_PENDING_CONTAMINATION
testeasydataset/unseen/case23/case_m_20181017100226_0u62367101735926_1_007_001-1_a3_ayy_image0010,TestEasyDataset,Unseen,case23,case23,10,SUN-SEG-FinalData-v20251212/TestEasyDataset/Unseen/Frame/case23/case_M_20181017100226_0U62367101735926_1_007_001-1_a3_ayy_image0010.jpg,SUN-SEG-FinalData-v20251212/TestEasyDataset/Unseen/GT/case23/case_M_20181017100226_0U62367101735926_1_007_001-1_a3_ayy_image0010.png,563759,5462,SUNSEG_case23,case23,9,0e0e27b722c31e9164970994ceb91ef15efbe3315d670d4002d183be1beba55e,Easy-Unseen,SELECTED_PENDING_CONTAMINATION
testeasydataset/unseen/case23/case_m_20181017100226_0u62367101735926_1_007_001-1_a3_ayy_image0050,TestEasyDataset,Unseen,case23,case23,50,SUN-SEG-FinalData-v20251212/TestEasyDataset/Unseen/Frame/case23/case_M_20181017100226_0U62367101735926_1_007_001-1_a3_ayy_image0050.jpg,SUN-SEG-FinalData-v20251212/TestEasyDataset/Unseen/GT/case23/case_M_20181017100226_0U62367101735926_1_007_001-1_a3_ayy_image0050.png,531724,5628,SUNSEG_case23,case23,10,0f52ca46e2aa7b854c0c9e9a11bb316a4db06ce67c8112173605ce165a18f83f,Easy-Unseen,SELECTED_PENDING_CONTAMINATION
testeasydataset/unseen/case23/case_m_20181017100226_0u62367101735926_1_007_001-1_a3_ayy_image0031,TestEasyDataset,Unseen,case23,case23,31,SUN-SEG-FinalData-v20251212/TestEasyDataset/Unseen/Frame/case23/case_M_20181017100226_0U62367101735926_1_007_001-1_a3_ayy_image0031.jpg,SUN-SEG-FinalData-v20251212/TestEasyDataset/Unseen/GT/case23/case_M_20181017100226_0U62367101735926_1_007_001-1_a3_ayy_image0031.png,430576,4732,SUNSEG_case23,case23,11,0f95983bb54ec2b8d1c2ca0202b894c5553e351d92c9338175edb236b140b3fe,Easy-Unseen,SELECTED_PENDING_CONTAMINATION
testeasydataset/unseen/case23/case_m_20181017100226_0u62367101735926_1_007_001-1_a3_ayy_image0019,TestEasyDataset,Unseen,case23,case23,19,SUN-SEG-FinalData-v20251212/TestEasyDataset/Unseen/Frame/case23/case_M_20181017100226_0U62367101735926_1_007_001-1_a3_ayy_image0019.jpg,SUN-SEG-FinalData-v20251212/TestEasyDataset/Unseen/GT/case23/case_M_20181017100226_0U62367101735926_1_007_001-1_a3_ayy_image0019.png,480425,5023,SUNSEG_case23,case23,12,0fb240963e941953ad3172cdbf6b68238d0a80cf89c70a1d10ce4cbc0a886400,Easy-Unseen,SELECTED_PENDING_CONTAMINATION
testeasydataset/unseen/case23/case_m_20181017100226_0u62367101735926_1_007_001-1_a4_ayy_image0036,TestEasyDataset,Unseen,case23,case23,36,SUN-SEG-FinalData-v20251212/TestEasyDataset/Unseen/Frame/case23/case_M_20181017100226_0U62367101735926_1_007_001-1_a4_ayy_image0036.jpg,SUN-SEG-FinalData-v20251212/TestEasyDataset/Unseen/GT/case23/case_M_20181017100226_0U62367101735926_1_007_001-1_a4_ayy_image0036.png,461444,4528,SUNSEG_case23,case23,13,0fbae22e738d54fde0b3ce2ee7dedebfff665e80819f9209fb70431b310dd24e,Easy-Unseen,SELECTED_PENDING_CONTAMINATION
testeasydataset/unseen/case23/case_m_20181017100226_0u62367101735926_1_007_001-1_a3_ayy_image0044,TestEasyDataset,Unseen,case23,case23,44,SUN-SEG-FinalData-v20251212/TestEasyDataset/Unseen/Frame/case23/case_M_20181017100226_0U62367101735926_1_007_001-1_a3_ayy_image0044.jpg,SUN-SEG-FinalData-v20251212/TestEasyDataset/Unseen/GT/case23/case_M_20181017100226_0U62367101735926_1_007_001-1_a3_ayy_image0044.png,511460,4831,SUNSEG_case23,case23,14,10f3ae6fb418676126aafae10c52748edde2e41933f36a231422818a42be5177,Easy-Unseen,SELECTED_PENDING_CONTAMINATION
testeasydataset/unseen/case23/case_m_20181017100226_0u62367101735926_1_007_001-1_a3_ayy_image0009,TestEasyDataset,Unseen,case23,case23,9,SUN-SEG-FinalData-v20251212/TestEasyDataset/Unseen/Frame/case23/case_M_20181017100226_0U62367101735926_1_007_001-1_a3_ayy_image0009.jpg,SUN-SEG-FinalData-v20251212/TestEasyDataset/Unseen/GT/case23/case_M_20181017100226_0U62367101735926_1_007_001-1_a3_ayy_image0009.png,458256,5227,SUNSEG_case23,case23,15,12b801b7725f2537c300c31a3cddebe04bcc46e9b28ed22d872673d9e68c20f9,Easy-Unseen,SELECTED_PENDING_CONTAMINATION
testeasydataset/unseen/case23/case_m_20181017100226_0u62367101735926_1_007_001-1_a4_ayy_image0037,TestEasyDataset,Unseen,case23,case23,37,SUN-SEG-FinalData-v20251212/TestEasyDataset/Unseen/Frame/case23/case_M_20181017100226_0U62367101735926_1_007_001-1_a4_ayy_image0037.jpg,SUN-SEG-FinalData-v20251212/TestEasyDataset/Unseen/GT/case23/case_M_20181017100226_0U62367101735926_1_007_001-1_a4_ayy_image0037.png,502831,4367,SUNSEG_case23,case23,16,1320fb4d87345556b23a590d7f31882dae4475dcfd4f4e3e71c14050e2158e90,Easy-Unseen,SELECTED_PENDING_CONTAMINATION
testeasydataset/unseen/case23/case_m_20181017100226_0u62367101735926_1_007_001-1_a1_ayy_image0039,TestEasyDataset,Unseen,case23,case23,39,SUN-SEG-FinalData-v20251212/TestEasyDataset/Unseen/Frame/case23/case_M_20181017100226_0U62367101735926_1_007_001-1_a1_ayy_image0039.jpg,SUN-SEG-FinalData-v20251212/TestEasyDataset/Unseen/GT/case23/case_M_20181017100226_0U62367101735926_1_007_001-1_a1_ayy_image0039.png,471556,5291,SUNSEG_case23,case23,17,138f5d1fe8c56f7d78448cc727754ce985e79053acf82df2adfef3b27486652e,Easy-Unseen,SELECTED_PENDING_CONTAMINATION
testeasydataset/unseen/case23/case_m_20181017100226_0u62367101735926_1_007_001-1_a3_ayy_image0002,TestEasyDataset,Unseen,case23,case23,2,SUN-SEG-FinalData-v20251212/TestEasyDataset/Unseen/Frame/case23/case_M_20181017100226_0U62367101735926_1_007_001-1_a3_ayy_image0002.jpg,SUN-SEG-FinalData-v20251212/TestEasyDataset/Unseen/GT/case23/case_M_20181017100226_0U62367101735926_1_007_001-1_a3_ayy_image0002.png,470590,5650,SUNSEG_case23,case23,18,15af071e38f2119a9d0b96b2fec3f9834ea8c7126408f3bf24084730d92bfe3e,Easy-Unseen,SELECTED_PENDING_CONTAMINATION
testeasydataset/unseen/case23/case_m_20181017100226_0u62367101735926_1_007_001-1_a3_ayy_image0001,TestEasyDataset,Unseen,case23,case23,1,SUN-SEG-FinalData-v20251212/TestEasyDataset/Unseen/Frame/case23/case_M_20181017100226_0U62367101735926_1_007_001-1_a3_ayy_image0001.jpg,SUN-SEG-FinalData-v20251212/TestEasyDataset/Unseen/GT/case23/case_M_20181017100226_0U62367101735926_1_007_001-1_a3_ayy_image0001.png,452388,5476,SUNSEG_case23,case23,19,1a2ee82af311a2a6ec91e398d5aa3a5c99820c82f9d7595a378b22ae934753f6,Easy-Unseen,SELECTED_PENDING_CONTAMINATION
testeasydataset/unseen/case23/case_m_20181017100226_0u62367101735926_1_007_001-1_a1_ayy_image0042,TestEasyDataset,Unseen,case23,case23,42,SUN-SEG-FinalData-v20251212/TestEasyDataset/Unseen/Frame/case23/case_M_20181017100226_0U62367101735926_1_007_001-1_a1_ayy_image0042.jpg,SUN-SEG-FinalData-v20251212/TestEasyDataset/Unseen/GT/case23/case_M_20181017100226_0U62367101735926_1_007_001-1_a1_ayy_image0042.png,539928,4760,SUNSEG_case23,case23,20,1d0565fcd09c1f38215b6c9aa76644f3d856816dd1f64f25886c232d21ae2687,Easy-Unseen,SELECTED_PENDING_CONTAMINATION
testeasydataset/unseen/case24_4/case_m_20181017100226_0u62367101735926_1_007_004-1_a6_ayy_image0062,TestEasyDataset,Unseen,case24_4,case24,62,SUN-SEG-FinalData-v20251212/TestEasyDataset/Unseen/Frame/case24_4/case_M_20181017100226_0U62367101735926_1_007_004-1_a6_ayy_image0062.jpg,SUN-SEG-FinalData-v20251212/TestEasyDataset/Unseen/GT/case24_4/case_M_20181017100226_0U62367101735926_1_007_004-1_a6_ayy_image0062.png,628439,5148,SUNSEG_case24,case24,1,000848727f21d793619e2764e41d6dcaa9793d37836157c5aedab3aaabc44d82,Easy-Unseen,SELECTED_PENDING_CONTAMINATION
testeasydataset/unseen/case24_4/case_m_20181017100226_0u62367101735926_1_007_004-1_a6_ayy_image0048,TestEasyDataset,Unseen,case24_4,case24,48,SUN-SEG-FinalData-v20251212/TestEasyDataset/Unseen/Frame/case24_4/case_M_20181017100226_0U62367101735926_1_007_004-1_a6_ayy_image0048.jpg,SUN-SEG-FinalData-v20251212/TestEasyDataset/Unseen/GT/case24_4/case_M_20181017100226_0U62367101735926_1_007_004-1_a6_ayy_image0048.png,523098,5098,SUNSEG_case24,case24,2,003066edf04d99cb0e9c3554bd37c238c2a6251ebfd327e6b2baebb9271bc4cb,Easy-Unseen,SELECTED_PENDING_CONTAMINATION
testeasydataset/unseen/case24_3/case_m_20181017100226_0u62367101735926_1_007_004-1_a4_ayy_image0332,TestEasyDataset,Unseen,case24_3,case24,332,SUN-SEG-FinalData-v20251212/TestEasyDataset/Unseen/Frame/case24_3/case_M_20181017100226_0U62367101735926_1_007_004-1_a4_ayy_image0332.jpg,SUN-SEG-FinalData-v20251212/TestEasyDataset/Unseen/GT/case24_3/case_M_20181017100226_0U62367101735926_1_007_004-1_a4_ayy_image0332.png,611318,6326,SUNSEG_case24,case24,3,00342bfa90d4b8bff9bce7171923dc43d2cceda97d3db3cba37610a42812ee69,Easy-Unseen,SELECTED_PENDING_CONTAMINATION
testeasydataset/unseen/case24_5/case_m_20181017100226_0u62367101735926_1_007_004-1_a6_ayy_image0205,TestEasyDataset,Unseen,case24_5,case24,205,SUN-SEG-FinalData-v20251212/TestEasyDataset/Unseen/Frame/case24_5/case_M_20181017100226_0U62367101735926_1_007_004-1_a6_ayy_image0205.jpg,SUN-SEG-FinalData-v20251212/TestEasyDataset/Unseen/GT/case24_5/case_M_20181017100226_0U62367101735926_1_007_004-1_a6_ayy_image0205.png,511390,4958,SUNSEG_case24,case24,4,00990c0dca5e537fdb0d96e2bf190521ad184c0478eda93f066d251944a990f7,Easy-Unseen,SELECTED_PENDING_CONTAMINATION
testharddataset/unseen/case24_6/case_m_20181017100226_0u62367101735926_1_007_001-1_a12_ayy_image0102,TestHardDataset,Unseen,case24_6,case24,102,SUN-SEG-FinalData-v20251212/TestHardDataset/Unseen/Frame/case24_6/case_M_20181017100226_0U62367101735926_1_007_001-1_a12_ayy_image0102.jpg,SUN-SEG-FinalData-v20251212/TestHardDataset/Unseen/GT/case24_6/case_M_20181017100226_0U62367101735926_1_007_001-1_a12_ayy_image0102.png,494312,6911,SUNSEG_case24,case24,5,00a1de08d66b77963944402a79bfa17520a8d3eafa5d01ba656800b752a00246,Hard-Unseen,SELECTED_PENDING_CONTAMINATION
testeasydataset/unseen/case24_4/case_m_20181017100226_0u62367101735926_1_007_004-1_a6_ayy_image0079,TestEasyDataset,Unseen,case24_4,case24,79,SUN-SEG-FinalData-v20251212/TestEasyDataset/Unseen/Frame/case24_4/case_M_20181017100226_0U62367101735926_1_007_004-1_a6_ayy_image0079.jpg,SUN-SEG-FinalData-v20251212/TestEasyDataset/Unseen/GT/case24_4/case_M_20181017100226_0U62367101735926_1_007_004-1_a6_ayy_image0079.png,560404,5367,SUNSEG_case24,case24,6,015a394a44f4c669ed08aaae085b0545541bbacbdf9a453c5972b9801bf3840b,Easy-Unseen,SELECTED_PENDING_CONTAMINATION
testeasydataset/unseen/case24_1/case_m_20181017100226_0u62367101735926_1_007_004-1_a4_ayy_image0066,TestEasyDataset,Unseen,case24_1,case24,66,SUN-SEG-FinalData-v20251212/TestEasyDataset/Unseen/Frame/case24_1/case_M_20181017100226_0U62367101735926_1_007_004-1_a4_ayy_image0066.jpg,SUN-SEG-FinalData-v20251212/TestEasyDataset/Unseen/GT/case24_1/case_M_20181017100226_0U62367101735926_1_007_004-1_a4_ayy_image0066.png,434976,6211,SUNSEG_case24,case24,7,01646cdb1a7b43e551839be2e4d8bab0d902c111de92fc0486ab58ab7dcf5eae,Easy-Unseen,SELECTED_PENDING_CONTAMINATION
testeasydataset/unseen/case24_4/case_m_20181017100226_0u62367101735926_1_007_004-1_a6_ayy_image0095,TestEasyDataset,Unseen,case24_4,case24,95,SUN-SEG-FinalData-v20251212/TestEasyDataset/Unseen/Frame/case24_4/case_M_20181017100226_0U62367101735926_1_007_004-1_a6_ayy_image0095.jpg,SUN-SEG-FinalData-v20251212/TestEasyDataset/Unseen/GT/case24_4/case_M_20181017100226_0U62367101735926_1_007_004-1_a6_ayy_image0095.png,562640,5153,SUNSEG_case24,case24,8,01e82603c26005b3f66aba268854cfd9d9b646f0824e3bd2d17982cd34b4c655,Easy-Unseen,SELECTED_PENDING_CONTAMINATION
testeasydataset/unseen/case24_4/case_m_20181017100226_0u62367101735926_1_007_004-1_a6_ayy_image0051,TestEasyDataset,Unseen,case24_4,case24,51,SUN-SEG-FinalData-v20251212/TestEasyDataset/Unseen/Frame/case24_4/case_M_20181017100226_0U62367101735926_1_007_004-1_a6_ayy_image0051.jpg,SUN-SEG-FinalData-v20251212/TestEasyDataset/Unseen/GT/case24_4/case_M_20181017100226_0U62367101735926_1_007_004-1_a6_ayy_image0051.png,473885,5111,SUNSEG_case24,case24,9,01e9c680118eb62af7be44dacc7bb95bff9c6977219c223a18c9ce97f83a383d,Easy-Unseen,SELECTED_PENDING_CONTAMINATION
testeasydataset/unseen/case24_5/case_m_20181017100226_0u62367101735926_1_007_004-1_a6_ayy_image0215,TestEasyDataset,Unseen,case24_5,case24,215,SUN-SEG-FinalData-v20251212/TestEasyDataset/Unseen/Frame/case24_5/case_M_20181017100226_0U62367101735926_1_007_004-1_a6_ayy_image0215.jpg,SUN-SEG-FinalData-v20251212/TestEasyDataset/Unseen/GT/case24_5/case_M_20181017100226_0U62367101735926_1_007_004-1_a6_ayy_image0215.png,568990,5013,SUNSEG_case24,case24,10,022cf2ce5bf41d073bf64ee33869a30d47318236fc5e92877f003ca4fff43514,Easy-Unseen,SELECTED_PENDING_CONTAMINATION
testharddataset/unseen/case24_6/case_m_20181017100226_0u62367101735926_1_007_001-1_a12_ayy_image0130,TestHardDataset,Unseen,case24_6,case24,130,SUN-SEG-FinalData-v20251212/TestHardDataset/Unseen/Frame/case24_6/case_M_20181017100226_0U62367101735926_1_007_001-1_a12_ayy_image0130.jpg,SUN-SEG-FinalData-v20251212/TestHardDataset/Unseen/GT/case24_6/case_M_20181017100226_0U62367101735926_1_007_001-1_a12_ayy_image0130.png,434473,4990,SUNSEG_case24,case24,11,02957a720167912b30418dcd324c2adc30acf8aa3088f55cfcad4f787a8dfdce,Hard-Unseen,SELECTED_PENDING_CONTAMINATION
testeasydataset/unseen/case24_5/case_m_20181017100226_0u62367101735926_1_007_004-1_a6_ayy_image0249,TestEasyDataset,Unseen,case24_5,case24,249,SUN-SEG-FinalData-v20251212/TestEasyDataset/Unseen/Frame/case24_5/case_M_20181017100226_0U62367101735926_1_007_004-1_a6_ayy_image0249.jpg,SUN-SEG-FinalData-v20251212/TestEasyDataset/Unseen/GT/case24_5/case_M_20181017100226_0U62367101735926_1_007_004-1_a6_ayy_image0249.png,495039,5107,SUNSEG_case24,case24,12,0299c6ea303be47cb44acd4677b2e8db86b764ba033fc20782c123ab1a8652ca,Easy-Unseen,SELECTED_PENDING_CONTAMINATION
testeasydataset/unseen/case24_5/case_m_20181017100226_0u62367101735926_1_007_004-1_a6_ayy_image0201,TestEasyDataset,Unseen,case24_5,case24,201,SUN-SEG-FinalData-v20251212/TestEasyDataset/Unseen/Frame/case24_5/case_M_20181017100226_0U62367101735926_1_007_004-1_a6_ayy_image0201.jpg,SUN-SEG-FinalData-v20251212/TestEasyDataset/Unseen/GT/case24_5/case_M_20181017100226_0U62367101735926_1_007_004-1_a6_ayy_image0201.png,459996,4991,SUNSEG_case24,case24,13,02a0b5b13548a815de531c58fec7bc0dc3d1a2f2bd2d07012f3c14ed7bc488b8,Easy-Unseen,SELECTED_PENDING_CONTAMINATION
testeasydataset/unseen/case24_1/case_m_20181017100226_0u62367101735926_1_007_004-1_a4_ayy_image0088,TestEasyDataset,Unseen,case24_1,case24,88,SUN-SEG-FinalData-v20251212/TestEasyDataset/Unseen/Frame/case24_1/case_M_20181017100226_0U62367101735926_1_007_004-1_a4_ayy_image0088.jpg,SUN-SEG-FinalData-v20251212/TestEasyDataset/Unseen/GT/case24_1/case_M_20181017100226_0U62367101735926_1_007_004-1_a4_ayy_image0088.png,468085,6720,SUNSEG_case24,case24,14,02b00a060c5cb3a3777fdb84b1fae1632b5926b4fcec597dffff7d4506bac0ae,Easy-Unseen,SELECTED_PENDING_CONTAMINATION
testeasydataset/unseen/case24_4/case_m_20181017100226_0u62367101735926_1_007_004-1_a6_ayy_image0130,TestEasyDataset,Unseen,case24_4,case24,130,SUN-SEG-FinalData-v20251212/TestEasyDataset/Unseen/Frame/case24_4/case_M_20181017100226_0U62367101735926_1_007_004-1_a6_ayy_image0130.jpg,SUN-SEG-FinalData-v20251212/TestEasyDataset/Unseen/GT/case24_4/case_M_20181017100226_0U62367101735926_1_007_004-1_a6_ayy_image0130.png,517311,4978,SUNSEG_case24,case24,15,02d6cb50570430926db6be5f346889449270d594c8a8a762740a8daf3d84eefb,Easy-Unseen,SELECTED_PENDING_CONTAMINATION
testeasydataset/unseen/case24_4/case_m_20181017100226_0u62367101735926_1_007_004-1_a6_ayy_image0109,TestEasyDataset,Unseen,case24_4,case24,109,SUN-SEG-FinalData-v20251212/TestEasyDataset/Unseen/Frame/case24_4/case_M_20181017100226_0U62367101735926_1_007_004-1_a6_ayy_image0109.jpg,SUN-SEG-FinalData-v20251212/TestEasyDataset/Unseen/GT/case24_4/case_M_20181017100226_0U62367101735926_1_007_004-1_a6_ayy_image0109.png,534735,4985,SUNSEG_case24,case24,16,035eac75286e828e86992e1661ff50fe6bcba68a084b7d963d41e68ddb74b7ff,Easy-Unseen,SELECTED_PENDING_CONTAMINATION
testeasydataset/unseen/case24_2/case_m_20181017100226_0u62367101735926_1_007_004-1_a4_ayy_image0209,TestEasyDataset,Unseen,case24_2,case24,209,SUN-SEG-FinalData-v20251212/TestEasyDataset/Unseen/Frame/case24_2/case_M_20181017100226_0U62367101735926_1_007_004-1_a4_ayy_image0209.jpg,SUN-SEG-FinalData-v20251212/TestEasyDataset/Unseen/GT/case24_2/case_M_20181017100226_0U62367101735926_1_007_004-1_a4_ayy_image0209.png,518988,6869,SUNSEG_case24,case24,17,03805a496d14009b7bdeb159840a21dbba55ba2294442be0adfe290879db7cbb,Easy-Unseen,SELECTED_PENDING_CONTAMINATION
testeasydataset/unseen/case24_1/case_m_20181017100226_0u62367101735926_1_007_004-1_a4_ayy_image0049,TestEasyDataset,Unseen,case24_1,case24,49,SUN-SEG-FinalData-v20251212/TestEasyDataset/Unseen/Frame/case24_1/case_M_20181017100226_0U62367101735926_1_007_004-1_a4_ayy_image0049.jpg,SUN-SEG-FinalData-v20251212/TestEasyDataset/Unseen/GT/case24_1/case_M_20181017100226_0U62367101735926_1_007_004-1_a4_ayy_image0049.png,501155,6094,SUNSEG_case24,case24,18,0471a666b93a2fecb3e2cd290b2f4df1eaee74b0f3b424270ef08ffe640fbb19,Easy-Unseen,SELECTED_PENDING_CONTAMINATION
testeasydataset/unseen/case24_5/case_m_20181017100226_0u62367101735926_1_007_004-1_a6_ayy_image0188,TestEasyDataset,Unseen,case24_5,case24,188,SUN-SEG-FinalData-v20251212/TestEasyDataset/Unseen/Frame/case24_5/case_M_20181017100226_0U62367101735926_1_007_004-1_a6_ayy_image0188.jpg,SUN-SEG-FinalData-v20251212/TestEasyDataset/Unseen/GT/case24_5/case_M_20181017100226_0U62367101735926_1_007_004-1_a6_ayy_image0188.png,553400,5050,SUNSEG_case24,case24,19,0476b3d18beac526835efcce1561db9970baeb61f4813dca44622c5e6a20a088,Easy-Unseen,SELECTED_PENDING_CONTAMINATION
testharddataset/unseen/case24_6/case_m_20181017100226_0u62367101735926_1_007_001-1_a12_ayy_image0029,TestHardDataset,Unseen,case24_6,case24,29,SUN-SEG-FinalData-v20251212/TestHardDataset/Unseen/Frame/case24_6/case_M_20181017100226_0U62367101735926_1_007_001-1_a12_ayy_image0029.jpg,SUN-SEG-FinalData-v20251212/TestHardDataset/Unseen/GT/case24_6/case_M_20181017100226_0U62367101735926_1_007_001-1_a12_ayy_image0029.png,438789,6583,SUNSEG_case24,case24,20,047ec07dcbaa41081abec313d081dde2dba71c1f8e985136b76db65998bdf6e2,Hard-Unseen,SELECTED_PENDING_CONTAMINATION
testharddataset/unseen/case27/case_m_20181018093806_0u62363101890605_1_007_001-1_a1_ayy_image0158,TestHardDataset,Unseen,case27,case27,158,SUN-SEG-FinalData-v20251212/TestHardDataset/Unseen/Frame/case27/case_M_20181018093806_0U62363101890605_1_007_001-1_a1_ayy_image0158.jpg,SUN-SEG-FinalData-v20251212/TestHardDataset/Unseen/GT/case27/case_M_20181018093806_0U62363101890605_1_007_001-1_a1_ayy_image0158.png,479520,4659,SUNSEG_case27,case27,1,06836162fcb5662576104c17290fdfd368f9e73afed52f466c96ba1eabb78ae7,Hard-Unseen,SELECTED_PENDING_CONTAMINATION
testharddataset/unseen/case27/case_m_20181018093806_0u62363101890605_1_007_001-1_a1_ayy_image0055,TestHardDataset,Unseen,case27,case27,55,SUN-SEG-FinalData-v20251212/TestHardDataset/Unseen/Frame/case27/case_M_20181018093806_0U62363101890605_1_007_001-1_a1_ayy_image0055.jpg,SUN-SEG-FinalData-v20251212/TestHardDataset/Unseen/GT/case27/case_M_20181018093806_0U62363101890605_1_007_001-1_a1_ayy_image0055.png,369641,4280,SUNSEG_case27,case27,2,0860a60981265a006f476907e9a63063638e872787e84791c335de2ddf5c7c1c,Hard-Unseen,SELECTED_PENDING_CONTAMINATION
testharddataset/unseen/case27/case_m_20181018093806_0u62363101890605_1_007_001-1_a1_ayy_image0126,TestHardDataset,Unseen,case27,case27,126,SUN-SEG-FinalData-v20251212/TestHardDataset/Unseen/Frame/case27/case_M_20181018093806_0U62363101890605_1_007_001-1_a1_ayy_image0126.jpg,SUN-SEG-FinalData-v20251212/TestHardDataset/Unseen/GT/case27/case_M_20181018093806_0U62363101890605_1_007_001-1_a1_ayy_image0126.png,498452,4716,SUNSEG_case27,case27,3,09633189689ff61d06769f42be8863f08fae11b186edf07e1e88a4c3b593f8c0,Hard-Unseen,SELECTED_PENDING_CONTAMINATION
testharddataset/unseen/case27/case_m_20181018093806_0u62363101890605_1_007_001-1_a1_ayy_image0061,TestHardDataset,Unseen,case27,case27,61,SUN-SEG-FinalData-v20251212/TestHardDataset/Unseen/Frame/case27/case_M_20181018093806_0U62363101890605_1_007_001-1_a1_ayy_image0061.jpg,SUN-SEG-FinalData-v20251212/TestHardDataset/Unseen/GT/case27/case_M_20181018093806_0U62363101890605_1_007_001-1_a1_ayy_image0061.png,377692,4240,SUNSEG_case27,case27,4,0a138b26be8bfafa99e5a1b8bd5d0bee7ae172da39dff39953e1b4d15be39de7,Hard-Unseen,SELECTED_PENDING_CONTAMINATION
testharddataset/unseen/case27/case_m_20181018093806_0u62363101890605_1_007_001-1_a3_ayy_image0008,TestHardDataset,Unseen,case27,case27,8,SUN-SEG-FinalData-v20251212/TestHardDataset/Unseen/Frame/case27/case_M_20181018093806_0U62363101890605_1_007_001-1_a3_ayy_image0008.jpg,SUN-SEG-FinalData-v20251212/TestHardDataset/Unseen/GT/case27/case_M_20181018093806_0U62363101890605_1_007_001-1_a3_ayy_image0008.png,417469,6579,SUNSEG_case27,case27,5,0a5334a4390e60828c4184afc013ac695f32e9d191699c9b1116b4fb15e66884,Hard-Unseen,SELECTED_PENDING_CONTAMINATION
testharddataset/unseen/case27/case_m_20181018093806_0u62363101890605_1_007_001-1_a1_ayy_image0132,TestHardDataset,Unseen,case27,case27,132,SUN-SEG-FinalData-v20251212/TestHardDataset/Unseen/Frame/case27/case_M_20181018093806_0U62363101890605_1_007_001-1_a1_ayy_image0132.jpg,SUN-SEG-FinalData-v20251212/TestHardDataset/Unseen/GT/case27/case_M_20181018093806_0U62363101890605_1_007_001-1_a1_ayy_image0132.png,554905,4772,SUNSEG_case27,case27,6,0a68f26d361e9bc64254d8e11d1845a287174c39c6ec2ab0e03f40fdc64d3542,Hard-Unseen,SELECTED_PENDING_CONTAMINATION
testharddataset/unseen/case27/case_m_20181018093806_0u62363101890605_1_007_001-1_a1_ayy_image0164,TestHardDataset,Unseen,case27,case27,164,SUN-SEG-FinalData-v20251212/TestHardDataset/Unseen/Frame/case27/case_M_20181018093806_0U62363101890605_1_007_001-1_a1_ayy_image0164.jpg,SUN-SEG-FinalData-v20251212/TestHardDataset/Unseen/GT/case27/case_M_20181018093806_0U62363101890605_1_007_001-1_a1_ayy_image0164.png,501312,4669,SUNSEG_case27,case27,7,0b447aa6c5e260e77053d6bd596c1de5f3823923b3a00666cfb76c4de52d61ad,Hard-Unseen,SELECTED_PENDING_CONTAMINATION
testharddataset/unseen/case27/case_m_20181018093806_0u62363101890605_1_007_001-1_a1_ayy_image0079,TestHardDataset,Unseen,case27,case27,79,SUN-SEG-FinalData-v20251212/TestHardDataset/Unseen/Frame/case27/case_M_20181018093806_0U62363101890605_1_007_001-1_a1_ayy_image0079.jpg,SUN-SEG-FinalData-v20251212/TestHardDataset/Unseen/GT/case27/case_M_20181018093806_0U62363101890605_1_007_001-1_a1_ayy_image0079.png,367365,4242,SUNSEG_case27,case27,8,0b9360984d319b8d32dcd7c1d4e80c4eac5010f396f057f4369608934dc4874b,Hard-Unseen,SELECTED_PENDING_CONTAMINATION
testharddataset/unseen/case27/case_m_20181018093806_0u62363101890605_1_007_001-1_a3_ayy_image0026,TestHardDataset,Unseen,case27,case27,26,SUN-SEG-FinalData-v20251212/TestHardDataset/Unseen/Frame/case27/case_M_20181018093806_0U62363101890605_1_007_001-1_a3_ayy_image0026.jpg,SUN-SEG-FinalData-v20251212/TestHardDataset/Unseen/GT/case27/case_M_20181018093806_0U62363101890605_1_007_001-1_a3_ayy_image0026.png,455913,6480,SUNSEG_case27,case27,9,0c3d0ba08c3f7ca464c4241530e029dabec8174e14e50df71650dc0ce2cf907d,Hard-Unseen,SELECTED_PENDING_CONTAMINATION
testharddataset/unseen/case27/case_m_20181018093806_0u62363101890605_1_007_001-1_a1_ayy_image0148,TestHardDataset,Unseen,case27,case27,148,SUN-SEG-FinalData-v20251212/TestHardDataset/Unseen/Frame/case27/case_M_20181018093806_0U62363101890605_1_007_001-1_a1_ayy_image0148.jpg,SUN-SEG-FinalData-v20251212/TestHardDataset/Unseen/GT/case27/case_M_20181018093806_0U62363101890605_1_007_001-1_a1_ayy_image0148.png,629745,4772,SUNSEG_case27,case27,10,10b97d26298ad9513b2cca29b1a94b9d2aeb50f2fc3e96e0c1c9df60dd8d96c9,Hard-Unseen,SELECTED_PENDING_CONTAMINATION
testharddataset/unseen/case27/case_m_20181018093806_0u62363101890605_1_007_001-1_a1_ayy_image0020,TestHardDataset,Unseen,case27,case27,20,SUN-SEG-FinalData-v20251212/TestHardDataset/Unseen/Frame/case27/case_M_20181018093806_0U62363101890605_1_007_001-1_a1_ayy_image0020.jpg,SUN-SEG-FinalData-v20251212/TestHardDataset/Unseen/GT/case27/case_M_20181018093806_0U62363101890605_1_007_001-1_a1_ayy_image0020.png,527174,4034,SUNSEG_case27,case27,11,17c217dce04e3bb694a35e3d738c53c959a655b3bcdab18ea2f86a8864f59b53,Hard-Unseen,SELECTED_PENDING_CONTAMINATION
testharddataset/unseen/case27/case_m_20181018093806_0u62363101890605_1_007_001-1_a1_ayy_image0176,TestHardDataset,Unseen,case27,case27,176,SUN-SEG-FinalData-v20251212/TestHardDataset/Unseen/Frame/case27/case_M_20181018093806_0U62363101890605_1_007_001-1_a1_ayy_image0176.jpg,SUN-SEG-FinalData-v20251212/TestHardDataset/Unseen/GT/case27/case_M_20181018093806_0U62363101890605_1_007_001-1_a1_ayy_image0176.png,528222,4697,SUNSEG_case27,case27,12,1822cbcd26e95fe15446417100b494f42c761c3cc4a5055fafdb2772a14633a4,Hard-Unseen,SELECTED_PENDING_CONTAMINATION
testharddataset/unseen/case27/case_m_20181018093806_0u62363101890605_1_007_001-1_a1_ayy_image0095,TestHardDataset,Unseen,case27,case27,95,SUN-SEG-FinalData-v20251212/TestHardDataset/Unseen/Frame/case27/case_M_20181018093806_0U62363101890605_1_007_001-1_a1_ayy_image0095.jpg,SUN-SEG-FinalData-v20251212/TestHardDataset/Unseen/GT/case27/case_M_20181018093806_0U62363101890605_1_007_001-1_a1_ayy_image0095.png,533995,4216,SUNSEG_case27,case27,13,18e7a3cf723797b63d7ca0e393fee17f1336bfde3f66e68fd9e602deaf9514d6,Hard-Unseen,SELECTED_PENDING_CONTAMINATION
testharddataset/unseen/case27/case_m_20181018093806_0u62363101890605_1_007_001-1_a1_ayy_image0167,TestHardDataset,Unseen,case27,case27,167,SUN-SEG-FinalData-v20251212/TestHardDataset/Unseen/Frame/case27/case_M_20181018093806_0U62363101890605_1_007_001-1_a1_ayy_image0167.jpg,SUN-SEG-FinalData-v20251212/TestHardDataset/Unseen/GT/case27/case_M_20181018093806_0U62363101890605_1_007_001-1_a1_ayy_image0167.png,562893,4666,SUNSEG_case27,case27,14,19af3e4ee85508e79f411c1b90fdbeaca5cff8d8f1483e585c43c2579a4a542a,Hard-Unseen,SELECTED_PENDING_CONTAMINATION
testharddataset/unseen/case27/case_m_20181018093806_0u62363101890605_1_007_001-1_a1_ayy_image0046,TestHardDataset,Unseen,case27,case27,46,SUN-SEG-FinalData-v20251212/TestHardDataset/Unseen/Frame/case27/case_M_20181018093806_0U62363101890605_1_007_001-1_a1_ayy_image0046.jpg,SUN-SEG-FinalData-v20251212/TestHardDataset/Unseen/GT/case27/case_M_20181018093806_0U62363101890605_1_007_001-1_a1_ayy_image0046.png,473709,4271,SUNSEG_case27,case27,15,1aaf9cd0ad37bf0f1b370ce71b89ac452ca4926c095dfe46e06af67ecc17d89b,Hard-Unseen,SELECTED_PENDING_CONTAMINATION
testharddataset/unseen/case27/case_m_20181018093806_0u62363101890605_1_007_001-1_a1_ayy_image0064,TestHardDataset,Unseen,case27,case27,64,SUN-SEG-FinalData-v20251212/TestHardDataset/Unseen/Frame/case27/case_M_20181018093806_0U62363101890605_1_007_001-1_a1_ayy_image0064.jpg,SUN-SEG-FinalData-v20251212/TestHardDataset/Unseen/GT/case27/case_M_20181018093806_0U62363101890605_1_007_001-1_a1_ayy_image0064.png,382350,4265,SUNSEG_case27,case27,16,1bc64a2cb520a56ba4244d53a9e377dab96017280d56f1b42dd3d60122871e77,Hard-Unseen,SELECTED_PENDING_CONTAMINATION
testharddataset/unseen/case27/case_m_20181018093806_0u62363101890605_1_007_001-1_a1_ayy_image0018,TestHardDataset,Unseen,case27,case27,18,SUN-SEG-FinalData-v20251212/TestHardDataset/Unseen/Frame/case27/case_M_20181018093806_0U62363101890605_1_007_001-1_a1_ayy_image0018.jpg,SUN-SEG-FinalData-v20251212/TestHardDataset/Unseen/GT/case27/case_M_20181018093806_0U62363101890605_1_007_001-1_a1_ayy_image0018.png,552228,3951,SUNSEG_case27,case27,17,1c834cea7bd378ef667bc60c84feda99c782de58fa2e6b74b06633b0adce6d00,Hard-Unseen,SELECTED_PENDING_CONTAMINATION
testharddataset/unseen/case27/case_m_20181018093806_0u62363101890605_1_007_001-1_a1_ayy_image0112,TestHardDataset,Unseen,case27,case27,112,SUN-SEG-FinalData-v20251212/TestHardDataset/Unseen/Frame/case27/case_M_20181018093806_0U62363101890605_1_007_001-1_a1_ayy_image0112.jpg,SUN-SEG-FinalData-v20251212/TestHardDataset/Unseen/GT/case27/case_M_20181018093806_0U62363101890605_1_007_001-1_a1_ayy_image0112.png,410048,4646,SUNSEG_case27,case27,18,20be1c8653ff6a374c459aca6000eaca704c9219f56f7955a8bc3ca8dae47b59,Hard-Unseen,SELECTED_PENDING_CONTAMINATION
testharddataset/unseen/case27/case_m_20181018093806_0u62363101890605_1_007_001-1_a3_ayy_image0020,TestHardDataset,Unseen,case27,case27,20,SUN-SEG-FinalData-v20251212/TestHardDataset/Unseen/Frame/case27/case_M_20181018093806_0U62363101890605_1_007_001-1_a3_ayy_image0020.jpg,SUN-SEG-FinalData-v20251212/TestHardDataset/Unseen/GT/case27/case_M_20181018093806_0U62363101890605_1_007_001-1_a3_ayy_image0020.png,437895,6492,SUNSEG_case27,case27,19,20cc1f96fbd30dc6e6311a26e832179785551ee3f19d1f01f87695de61a50add,Hard-Unseen,SELECTED_PENDING_CONTAMINATION
testharddataset/unseen/case27/case_m_20181018093806_0u62363101890605_1_007_001-1_a1_ayy_image0180,TestHardDataset,Unseen,case27,case27,180,SUN-SEG-FinalData-v20251212/TestHardDataset/Unseen/Frame/case27/case_M_20181018093806_0U62363101890605_1_007_001-1_a1_ayy_image0180.jpg,SUN-SEG-FinalData-v20251212/TestHardDataset/Unseen/GT/case27/case_M_20181018093806_0U62363101890605_1_007_001-1_a1_ayy_image0180.png,472175,4672,SUNSEG_case27,case27,20,2137442438c69d58c4ecfa583f08568fc752d44d86d41f124d25df750abe08d4,Hard-Unseen,SELECTED_PENDING_CONTAMINATION
testharddataset/unseen/case29_1/case_m_20181018093806_0u62363101890605_1_007_002-1_a7_ayy_image0037,TestHardDataset,Unseen,case29_1,case29,37,SUN-SEG-FinalData-v20251212/TestHardDataset/Unseen/Frame/case29_1/case_M_20181018093806_0U62363101890605_1_007_002-1_a7_ayy_image0037.jpg,SUN-SEG-FinalData-v20251212/TestHardDataset/Unseen/GT/case29_1/case_M_20181018093806_0U62363101890605_1_007_002-1_a7_ayy_image0037.png,650763,4857,SUNSEG_case29,case29,1,0079b087d03cfbc3f815d1c81ba76ef388095bf338adb655bd4bc4fc56b043b7,Hard-Unseen,SELECTED_PENDING_CONTAMINATION
testharddataset/unseen/case29_1/case_m_20181018093806_0u62363101890605_1_007_002-1_a8_ayy_image0024,TestHardDataset,Unseen,case29_1,case29,24,SUN-SEG-FinalData-v20251212/TestHardDataset/Unseen/Frame/case29_1/case_M_20181018093806_0U62363101890605_1_007_002-1_a8_ayy_image0024.jpg,SUN-SEG-FinalData-v20251212/TestHardDataset/Unseen/GT/case29_1/case_M_20181018093806_0U62363101890605_1_007_002-1_a8_ayy_image0024.png,417983,5504,SUNSEG_case29,case29,2,00fae50903107a07e7093b18c6dcbed36faad51b16d680aa21c17db1226f6f80,Hard-Unseen,SELECTED_PENDING_CONTAMINATION
testharddataset/unseen/case29_1/case_m_20181018093806_0u62363101890605_1_007_002-1_a7_ayy_image0003,TestHardDataset,Unseen,case29_1,case29,3,SUN-SEG-FinalData-v20251212/TestHardDataset/Unseen/Frame/case29_1/case_M_20181018093806_0U62363101890605_1_007_002-1_a7_ayy_image0003.jpg,SUN-SEG-FinalData-v20251212/TestHardDataset/Unseen/GT/case29_1/case_M_20181018093806_0U62363101890605_1_007_002-1_a7_ayy_image0003.png,426292,4955,SUNSEG_case29,case29,3,025d318718d130072f27ac42e2d8b4a944fc964d6b70bcad74877baa02d48613,Hard-Unseen,SELECTED_PENDING_CONTAMINATION
testharddataset/unseen/case29_1/case_m_20181018093806_0u62363101890605_1_007_002-1_a7_ayy_image0023,TestHardDataset,Unseen,case29_1,case29,23,SUN-SEG-FinalData-v20251212/TestHardDataset/Unseen/Frame/case29_1/case_M_20181018093806_0U62363101890605_1_007_002-1_a7_ayy_image0023.jpg,SUN-SEG-FinalData-v20251212/TestHardDataset/Unseen/GT/case29_1/case_M_20181018093806_0U62363101890605_1_007_002-1_a7_ayy_image0023.png,571572,4857,SUNSEG_case29,case29,4,03661e788c61276c15d2087ad9366f0f323b8977fd0a7ff3d9682f2a1f36cd3f,Hard-Unseen,SELECTED_PENDING_CONTAMINATION
testharddataset/unseen/case29_1/case_m_20181018093806_0u62363101890605_1_007_002-1_a10_ayy_image0056,TestHardDataset,Unseen,case29_1,case29,56,SUN-SEG-FinalData-v20251212/TestHardDataset/Unseen/Frame/case29_1/case_M_20181018093806_0U62363101890605_1_007_002-1_a10_ayy_image0056.jpg,SUN-SEG-FinalData-v20251212/TestHardDataset/Unseen/GT/case29_1/case_M_20181018093806_0U62363101890605_1_007_002-1_a10_ayy_image0056.png,497583,4594,SUNSEG_case29,case29,5,03759a6c59b93020bc80309df32ffd93e613636253a562b75127b4590c523e12,Hard-Unseen,SELECTED_PENDING_CONTAMINATION
testeasydataset/unseen/case29_2/case_m_20181018093806_0u62363101890605_1_007_002-1_a12_ayy_image0029,TestEasyDataset,Unseen,case29_2,case29,29,SUN-SEG-FinalData-v20251212/TestEasyDataset/Unseen/Frame/case29_2/case_M_20181018093806_0U62363101890605_1_007_002-1_a12_ayy_image0029.jpg,SUN-SEG-FinalData-v20251212/TestEasyDataset/Unseen/GT/case29_2/case_M_20181018093806_0U62363101890605_1_007_002-1_a12_ayy_image0029.png,561767,6157,SUNSEG_case29,case29,6,0477908f1f1ad6b19cec8e0c4c2b2ff7a7e7e688679e813b9227f73e80787300,Easy-Unseen,SELECTED_PENDING_CONTAMINATION
testharddataset/unseen/case29_1/case_m_20181018093806_0u62363101890605_1_007_002-1_a8_ayy_image0008,TestHardDataset,Unseen,case29_1,case29,8,SUN-SEG-FinalData-v20251212/TestHardDataset/Unseen/Frame/case29_1/case_M_20181018093806_0U62363101890605_1_007_002-1_a8_ayy_image0008.jpg,SUN-SEG-FinalData-v20251212/TestHardDataset/Unseen/GT/case29_1/case_M_20181018093806_0U62363101890605_1_007_002-1_a8_ayy_image0008.png,502460,4698,SUNSEG_case29,case29,7,0665ffcb77c284b4485486357d2362da58ace6299ba9e6c93a69227c6c8681b8,Hard-Unseen,SELECTED_PENDING_CONTAMINATION
testeasydataset/unseen/case29_2/case_m_20181018093806_0u62363101890605_1_007_002-1_a12_ayy_image0019,TestEasyDataset,Unseen,case29_2,case29,19,SUN-SEG-FinalData-v20251212/TestEasyDataset/Unseen/Frame/case29_2/case_M_20181018093806_0U62363101890605_1_007_002-1_a12_ayy_image0019.jpg,SUN-SEG-FinalData-v20251212/TestEasyDataset/Unseen/GT/case29_2/case_M_20181018093806_0U62363101890605_1_007_002-1_a12_ayy_image0019.png,395907,6112,SUNSEG_case29,case29,8,067a6d874291b75f5ab1f0e594c0541f4a411c6c7239c1ac4bd4d26f1e8aed17,Easy-Unseen,SELECTED_PENDING_CONTAMINATION
testeasydataset/unseen/case29_2/case_m_20181018093806_0u62363101890605_1_007_002-1_a12_ayy_image0066,TestEasyDataset,Unseen,case29_2,case29,66,SUN-SEG-FinalData-v20251212/TestEasyDataset/Unseen/Frame/case29_2/case_M_20181018093806_0U62363101890605_1_007_002-1_a12_ayy_image0066.jpg,SUN-SEG-FinalData-v20251212/TestEasyDataset/Unseen/GT/case29_2/case_M_20181018093806_0U62363101890605_1_007_002-1_a12_ayy_image0066.png,502912,5241,SUNSEG_case29,case29,9,070b0f0f34747e3258507cc546d5b5ffb41a50abab6323ce7eeacdb55c529cd3,Easy-Unseen,SELECTED_PENDING_CONTAMINATION
testeasydataset/unseen/case29_2/case_m_20181018093806_0u62363101890605_1_007_002-1_a12_ayy_image0083,TestEasyDataset,Unseen,case29_2,case29,83,SUN-SEG-FinalData-v20251212/TestEasyDataset/Unseen/Frame/case29_2/case_M_20181018093806_0U62363101890605_1_007_002-1_a12_ayy_image0083.jpg,SUN-SEG-FinalData-v20251212/TestEasyDataset/Unseen/GT/case29_2/case_M_20181018093806_0U62363101890605_1_007_002-1_a12_ayy_image0083.png,519120,5251,SUNSEG_case29,case29,10,073ea6ff5ee46c466178930dc3a7854f6e24aa397a24ba47e0c67e110492224c,Easy-Unseen,SELECTED_PENDING_CONTAMINATION
testharddataset/unseen/case29_1/case_m_20181018093806_0u62363101890605_1_007_002-1_a11_ayy_image0009,TestHardDataset,Unseen,case29_1,case29,9,SUN-SEG-FinalData-v20251212/TestHardDataset/Unseen/Frame/case29_1/case_M_20181018093806_0U62363101890605_1_007_002-1_a11_ayy_image0009.jpg,SUN-SEG-FinalData-v20251212/TestHardDataset/Unseen/GT/case29_1/case_M_20181018093806_0U62363101890605_1_007_002-1_a11_ayy_image0009.png,400542,4178,SUNSEG_case29,case29,11,07c91e7ed734809c7124217282cdfeb86799c490952d0eed92bdf0a8cc074236,Hard-Unseen,SELECTED_PENDING_CONTAMINATION
testeasydataset/unseen/case29_2/case_m_20181018093806_0u62363101890605_1_007_002-1_a12_ayy_image0090,TestEasyDataset,Unseen,case29_2,case29,90,SUN-SEG-FinalData-v20251212/TestEasyDataset/Unseen/Frame/case29_2/case_M_20181018093806_0U62363101890605_1_007_002-1_a12_ayy_image0090.jpg,SUN-SEG-FinalData-v20251212/TestEasyDataset/Unseen/GT/case29_2/case_M_20181018093806_0U62363101890605_1_007_002-1_a12_ayy_image0090.png,407745,5212,SUNSEG_case29,case29,12,07ceadb4120d344b08b26751c88c201522cf5f9583e69cf3f97d622729a37fa7,Easy-Unseen,SELECTED_PENDING_CONTAMINATION
testharddataset/unseen/case29_1/case_m_20181018093806_0u62363101890605_1_007_002-1_a10_ayy_image0006,TestHardDataset,Unseen,case29_1,case29,6,SUN-SEG-FinalData-v20251212/TestHardDataset/Unseen/Frame/case29_1/case_M_20181018093806_0U62363101890605_1_007_002-1_a10_ayy_image0006.jpg,SUN-SEG-FinalData-v20251212/TestHardDataset/Unseen/GT/case29_1/case_M_20181018093806_0U62363101890605_1_007_002-1_a10_ayy_image0006.png,421455,6063,SUNSEG_case29,case29,13,07f72de01bc3d48b75aea384fc1cb821bc2088af2df4c357962b3ddf82ea4e58,Hard-Unseen,SELECTED_PENDING_CONTAMINATION
testeasydataset/unseen/case29_2/case_m_20181018093806_0u62363101890605_1_007_002-1_a12_ayy_image0026,TestEasyDataset,Unseen,case29_2,case29,26,SUN-SEG-FinalData-v20251212/TestEasyDataset/Unseen/Frame/case29_2/case_M_20181018093806_0U62363101890605_1_007_002-1_a12_ayy_image0026.jpg,SUN-SEG-FinalData-v20251212/TestEasyDataset/Unseen/GT/case29_2/case_M_20181018093806_0U62363101890605_1_007_002-1_a12_ayy_image0026.png,520012,6157,SUNSEG_case29,case29,14,089fac57db0eb5f1bc2d6d2ff8023893f2a8176fdf155f28a3f8542bb77e09cd,Easy-Unseen,SELECTED_PENDING_CONTAMINATION
testharddataset/unseen/case29_1/case_m_20181018093806_0u62363101890605_1_007_002-1_a8_ayy_image0001,TestHardDataset,Unseen,case29_1,case29,1,SUN-SEG-FinalData-v20251212/TestHardDataset/Unseen/Frame/case29_1/case_M_20181018093806_0U62363101890605_1_007_002-1_a8_ayy_image0001.jpg,SUN-SEG-FinalData-v20251212/TestHardDataset/Unseen/GT/case29_1/case_M_20181018093806_0U62363101890605_1_007_002-1_a8_ayy_image0001.png,464609,5552,SUNSEG_case29,case29,15,0968ccb3fae99f7dd550a85d03ce9f094f7824fc8fedb51bb6e4bf22c003fa51,Hard-Unseen,SELECTED_PENDING_CONTAMINATION
testharddataset/unseen/case29_1/case_m_20181018093806_0u62363101890605_1_007_002-1_a10_ayy_image0060,TestHardDataset,Unseen,case29_1,case29,60,SUN-SEG-FinalData-v20251212/TestHardDataset/Unseen/Frame/case29_1/case_M_20181018093806_0U62363101890605_1_007_002-1_a10_ayy_image0060.jpg,SUN-SEG-FinalData-v20251212/TestHardDataset/Unseen/GT/case29_1/case_M_20181018093806_0U62363101890605_1_007_002-1_a10_ayy_image0060.png,560894,4512,SUNSEG_case29,case29,16,0979a5469e584cd399f6fed70b791e3c51a2faf10ecd68a651be0750ea0aa525,Hard-Unseen,SELECTED_PENDING_CONTAMINATION
testharddataset/unseen/case29_1/case_m_20181018093806_0u62363101890605_1_007_002-1_a10_ayy_image0048,TestHardDataset,Unseen,case29_1,case29,48,SUN-SEG-FinalData-v20251212/TestHardDataset/Unseen/Frame/case29_1/case_M_20181018093806_0U62363101890605_1_007_002-1_a10_ayy_image0048.jpg,SUN-SEG-FinalData-v20251212/TestHardDataset/Unseen/GT/case29_1/case_M_20181018093806_0U62363101890605_1_007_002-1_a10_ayy_image0048.png,480863,4690,SUNSEG_case29,case29,17,0a9493d52830e772f9499ff3e63eb660f6fba354e9837af9acbd2d420e008948,Hard-Unseen,SELECTED_PENDING_CONTAMINATION
testeasydataset/unseen/case29_2/case_m_20181018093806_0u62363101890605_1_007_002-1_a14_ayy_image0073,TestEasyDataset,Unseen,case29_2,case29,73,SUN-SEG-FinalData-v20251212/TestEasyDataset/Unseen/Frame/case29_2/case_M_20181018093806_0U62363101890605_1_007_002-1_a14_ayy_image0073.jpg,SUN-SEG-FinalData-v20251212/TestEasyDataset/Unseen/GT/case29_2/case_M_20181018093806_0U62363101890605_1_007_002-1_a14_ayy_image0073.png,360840,5794,SUNSEG_case29,case29,18,0ac4ad7e05abf5a7e67cd3916d8dd0f712ff4648ecf7ca7f8458d924c54b1994,Easy-Unseen,SELECTED_PENDING_CONTAMINATION
testeasydataset/unseen/case29_2/case_m_20181018093806_0u62363101890605_1_007_002-1_a12_ayy_image0012,TestEasyDataset,Unseen,case29_2,case29,12,SUN-SEG-FinalData-v20251212/TestEasyDataset/Unseen/Frame/case29_2/case_M_20181018093806_0U62363101890605_1_007_002-1_a12_ayy_image0012.jpg,SUN-SEG-FinalData-v20251212/TestEasyDataset/Unseen/GT/case29_2/case_M_20181018093806_0U62363101890605_1_007_002-1_a12_ayy_image0012.png,454505,6255,SUNSEG_case29,case29,19,0b14acd64a55852f1efab8d2c725b61e0384954a9de8b4786dd4bab0f1740595,Easy-Unseen,SELECTED_PENDING_CONTAMINATION
testharddataset/unseen/case29_1/case_m_20181018093806_0u62363101890605_1_007_002-1_a8_ayy_image0027,TestHardDataset,Unseen,case29_1,case29,27,SUN-SEG-FinalData-v20251212/TestHardDataset/Unseen/Frame/case29_1/case_M_20181018093806_0U62363101890605_1_007_002-1_a8_ayy_image0027.jpg,SUN-SEG-FinalData-v20251212/TestHardDataset/Unseen/GT/case29_1/case_M_20181018093806_0U62363101890605_1_007_002-1_a8_ayy_image0027.png,422602,5252,SUNSEG_case29,case29,20,0ba06bd2d4feb64133fadcc8beee2f89d517b7407c27849a7932b9766ad43699,Hard-Unseen,SELECTED_PENDING_CONTAMINATION
testeasydataset/unseen/case3_2/case_m_20181004093748_0u62372100445348_1_001_001-1_a8_ayy_image0034,TestEasyDataset,Unseen,case3_2,case3,34,SUN-SEG-FinalData-v20251212/TestEasyDataset/Unseen/Frame/case3_2/case_M_20181004093748_0U62372100445348_1_001_001-1_a8_ayy_image0034.jpg,SUN-SEG-FinalData-v20251212/TestEasyDataset/Unseen/GT/case3_2/case_M_20181004093748_0U62372100445348_1_001_001-1_a8_ayy_image0034.png,398247,4542,SUNSEG_case3,case3,1,012497f06f4f1006c5c2e839794ec58221d608e75754550c05fcf85fe9939eab,Easy-Unseen,SELECTED_PENDING_CONTAMINATION
testeasydataset/unseen/case3_1/case_m_20181004093748_0u62372100445348_1_001_001-1_a4_ayy_image0117,TestEasyDataset,Unseen,case3_1,case3,117,SUN-SEG-FinalData-v20251212/TestEasyDataset/Unseen/Frame/case3_1/case_M_20181004093748_0U62372100445348_1_001_001-1_a4_ayy_image0117.jpg,SUN-SEG-FinalData-v20251212/TestEasyDataset/Unseen/GT/case3_1/case_M_20181004093748_0U62372100445348_1_001_001-1_a4_ayy_image0117.png,262030,4322,SUNSEG_case3,case3,2,018dd4342777c7cc70a243d5b8d23ee051cee9a590a4c1a4e2f3c33ca12358fe,Easy-Unseen,SELECTED_PENDING_CONTAMINATION
testeasydataset/unseen/case3_1/case_m_20181004093748_0u62372100445348_1_001_001-1_a4_ayy_image0120,TestEasyDataset,Unseen,case3_1,case3,120,SUN-SEG-FinalData-v20251212/TestEasyDataset/Unseen/Frame/case3_1/case_M_20181004093748_0U62372100445348_1_001_001-1_a4_ayy_image0120.jpg,SUN-SEG-FinalData-v20251212/TestEasyDataset/Unseen/GT/case3_1/case_M_20181004093748_0U62372100445348_1_001_001-1_a4_ayy_image0120.png,261445,4232,SUNSEG_case3,case3,3,01c333272b3960510e6dcb9068920520484a1e189fdf18a9894291c77b766801,Easy-Unseen,SELECTED_PENDING_CONTAMINATION
testeasydataset/unseen/case3_1/case_m_20181004093748_0u62372100445348_1_001_001-1_a4_ayy_image0163,TestEasyDataset,Unseen,case3_1,case3,163,SUN-SEG-FinalData-v20251212/TestEasyDataset/Unseen/Frame/case3_1/case_M_20181004093748_0U62372100445348_1_001_001-1_a4_ayy_image0163.jpg,SUN-SEG-FinalData-v20251212/TestEasyDataset/Unseen/GT/case3_1/case_M_20181004093748_0U62372100445348_1_001_001-1_a4_ayy_image0163.png,262117,4679,SUNSEG_case3,case3,4,025c849f21a3d3905a13976737ab928cd43d4b77f57187af9428069d06782f24,Easy-Unseen,SELECTED_PENDING_CONTAMINATION
testeasydataset/unseen/case3_1/case_m_20181004093748_0u62372100445348_1_001_001-1_a4_ayy_image0016,TestEasyDataset,Unseen,case3_1,case3,16,SUN-SEG-FinalData-v20251212/TestEasyDataset/Unseen/Frame/case3_1/case_M_20181004093748_0U62372100445348_1_001_001-1_a4_ayy_image0016.jpg,SUN-SEG-FinalData-v20251212/TestEasyDataset/Unseen/GT/case3_1/case_M_20181004093748_0U62372100445348_1_001_001-1_a4_ayy_image0016.png,278101,3808,SUNSEG_case3,case3,5,02b79fc67f693b803994d11cf9a5f20751f18ab5cb3637946d399fe326877836,Easy-Unseen,SELECTED_PENDING_CONTAMINATION
testeasydataset/unseen/case3_1/case_m_20181004093748_0u62372100445348_1_001_001-1_a4_ayy_image0140,TestEasyDataset,Unseen,case3_1,case3,140,SUN-SEG-FinalData-v20251212/TestEasyDataset/Unseen/Frame/case3_1/case_M_20181004093748_0U62372100445348_1_001_001-1_a4_ayy_image0140.jpg,SUN-SEG-FinalData-v20251212/TestEasyDataset/Unseen/GT/case3_1/case_M_20181004093748_0U62372100445348_1_001_001-1_a4_ayy_image0140.png,379700,4483,SUNSEG_case3,case3,6,02e19b07367d4de3d3ccc7e7c8f8d2df643c008468062d7541dbfb8367e45305,Easy-Unseen,SELECTED_PENDING_CONTAMINATION
testeasydataset/unseen/case3_1/case_m_20181004093748_0u62372100445348_1_001_001-1_a3_ayy_image0004,TestEasyDataset,Unseen,case3_1,case3,4,SUN-SEG-FinalData-v20251212/TestEasyDataset/Unseen/Frame/case3_1/case_M_20181004093748_0U62372100445348_1_001_001-1_a3_ayy_image0004.jpg,SUN-SEG-FinalData-v20251212/TestEasyDataset/Unseen/GT/case3_1/case_M_20181004093748_0U62372100445348_1_001_001-1_a3_ayy_image0004.png,317022,4313,SUNSEG_case3,case3,7,05b0147a7a2e6d9a6d4acc8ebd2ae0efa352155b8ab87f56f3a49a0b667d026c,Easy-Unseen,SELECTED_PENDING_CONTAMINATION
testeasydataset/unseen/case3_1/case_m_20181004093748_0u62372100445348_1_001_001-1_a4_ayy_image0074,TestEasyDataset,Unseen,case3_1,case3,74,SUN-SEG-FinalData-v20251212/TestEasyDataset/Unseen/Frame/case3_1/case_M_20181004093748_0U62372100445348_1_001_001-1_a4_ayy_image0074.jpg,SUN-SEG-FinalData-v20251212/TestEasyDataset/Unseen/GT/case3_1/case_M_20181004093748_0U62372100445348_1_001_001-1_a4_ayy_image0074.png,380768,3908,SUNSEG_case3,case3,8,069251a70348c99d2d1d4aaa66a9139f9ecf60567abcb41d55c8a45ee3114bba,Easy-Unseen,SELECTED_PENDING_CONTAMINATION
testeasydataset/unseen/case3_1/case_m_20181004093748_0u62372100445348_1_001_001-1_a4_ayy_image0151,TestEasyDataset,Unseen,case3_1,case3,151,SUN-SEG-FinalData-v20251212/TestEasyDataset/Unseen/Frame/case3_1/case_M_20181004093748_0U62372100445348_1_001_001-1_a4_ayy_image0151.jpg,SUN-SEG-FinalData-v20251212/TestEasyDataset/Unseen/GT/case3_1/case_M_20181004093748_0U62372100445348_1_001_001-1_a4_ayy_image0151.png,261641,4616,SUNSEG_case3,case3,9,07ecbcbae29f8ca24f304d1999b90a3e546bf7d30c4514c66c470907fddd1b73,Easy-Unseen,SELECTED_PENDING_CONTAMINATION
testeasydataset/unseen/case3_1/case_m_20181004093748_0u62372100445348_1_001_001-1_a4_ayy_image0145,TestEasyDataset,Unseen,case3_1,case3,145,SUN-SEG-FinalData-v20251212/TestEasyDataset/Unseen/Frame/case3_1/case_M_20181004093748_0U62372100445348_1_001_001-1_a4_ayy_image0145.jpg,SUN-SEG-FinalData-v20251212/TestEasyDataset/Unseen/GT/case3_1/case_M_20181004093748_0U62372100445348_1_001_001-1_a4_ayy_image0145.png,264664,4657,SUNSEG_case3,case3,10,081751ef1498500d1f6eec1b43f05374790e4e70f6ab79672018d622d7e7c3fb,Easy-Unseen,SELECTED_PENDING_CONTAMINATION
testeasydataset/unseen/case3_2/case_m_20181004093748_0u62372100445348_1_001_001-1_a8_ayy_image0005,TestEasyDataset,Unseen,case3_2,case3,5,SUN-SEG-FinalData-v20251212/TestEasyDataset/Unseen/Frame/case3_2/case_M_20181004093748_0U62372100445348_1_001_001-1_a8_ayy_image0005.jpg,SUN-SEG-FinalData-v20251212/TestEasyDataset/Unseen/GT/case3_2/case_M_20181004093748_0U62372100445348_1_001_001-1_a8_ayy_image0005.png,281766,4502,SUNSEG_case3,case3,11,08f05b3ece69264faa47e05a99f057b58175f5a6e1e1f9f3fe25e06f5626ac4e,Easy-Unseen,SELECTED_PENDING_CONTAMINATION
testeasydataset/unseen/case3_2/case_m_20181004093748_0u62372100445348_1_001_001-1_a8_ayy_image0051,TestEasyDataset,Unseen,case3_2,case3,51,SUN-SEG-FinalData-v20251212/TestEasyDataset/Unseen/Frame/case3_2/case_M_20181004093748_0U62372100445348_1_001_001-1_a8_ayy_image0051.jpg,SUN-SEG-FinalData-v20251212/TestEasyDataset/Unseen/GT/case3_2/case_M_20181004093748_0U62372100445348_1_001_001-1_a8_ayy_image0051.png,407155,4393,SUNSEG_case3,case3,12,095b0ed9ebf9eb5756553436c8e27273bf3613cad81d8c376626bcb0e156f8d5,Easy-Unseen,SELECTED_PENDING_CONTAMINATION
testeasydataset/unseen/case3_2/case_m_20181004093748_0u62372100445348_1_001_001-1_a8_ayy_image0050,TestEasyDataset,Unseen,case3_2,case3,50,SUN-SEG-FinalData-v20251212/TestEasyDataset/Unseen/Frame/case3_2/case_M_20181004093748_0U62372100445348_1_001_001-1_a8_ayy_image0050.jpg,SUN-SEG-FinalData-v20251212/TestEasyDataset/Unseen/GT/case3_2/case_M_20181004093748_0U62372100445348_1_001_001-1_a8_ayy_image0050.png,283040,4370,SUNSEG_case3,case3,13,09fe3baaf7cd76855c0d9e03028d1198960c35a8d60680e0c38446ecd1eb8b9c,Easy-Unseen,SELECTED_PENDING_CONTAMINATION
testeasydataset/unseen/case3_2/case_m_20181004093748_0u62372100445348_1_001_001-1_a8_ayy_image0056,TestEasyDataset,Unseen,case3_2,case3,56,SUN-SEG-FinalData-v20251212/TestEasyDataset/Unseen/Frame/case3_2/case_M_20181004093748_0U62372100445348_1_001_001-1_a8_ayy_image0056.jpg,SUN-SEG-FinalData-v20251212/TestEasyDataset/Unseen/GT/case3_2/case_M_20181004093748_0U62372100445348_1_001_001-1_a8_ayy_image0056.png,276891,4686,SUNSEG_case3,case3,14,0a8de68af7583b10cca42b1206149ff0e86f9c71f1fd9f6911297caa1e793303,Easy-Unseen,SELECTED_PENDING_CONTAMINATION
testeasydataset/unseen/case3_1/case_m_20181004093748_0u62372100445348_1_001_001-1_a4_ayy_image0115,TestEasyDataset,Unseen,case3_1,case3,115,SUN-SEG-FinalData-v20251212/TestEasyDataset/Unseen/Frame/case3_1/case_M_20181004093748_0U62372100445348_1_001_001-1_a4_ayy_image0115.jpg,SUN-SEG-FinalData-v20251212/TestEasyDataset/Unseen/GT/case3_1/case_M_20181004093748_0U62372100445348_1_001_001-1_a4_ayy_image0115.png,263447,4296,SUNSEG_case3,case3,15,0c8fa665cc7a9e5279b2753941f555ae941cb8a6808f2af975852ab47a0fc310,Easy-Unseen,SELECTED_PENDING_CONTAMINATION
testeasydataset/unseen/case3_2/case_m_20181004093748_0u62372100445348_1_001_001-1_a8_ayy_image0018,TestEasyDataset,Unseen,case3_2,case3,18,SUN-SEG-FinalData-v20251212/TestEasyDataset/Unseen/Frame/case3_2/case_M_20181004093748_0U62372100445348_1_001_001-1_a8_ayy_image0018.jpg,SUN-SEG-FinalData-v20251212/TestEasyDataset/Unseen/GT/case3_2/case_M_20181004093748_0U62372100445348_1_001_001-1_a8_ayy_image0018.png,394815,4446,SUNSEG_case3,case3,16,0cf87c1f8871e17430507670b3a858c087a5168a0fbd7a133aaba3990ff7eff2,Easy-Unseen,SELECTED_PENDING_CONTAMINATION
testeasydataset/unseen/case3_2/case_m_20181004093748_0u62372100445348_1_001_001-1_a8_ayy_image0004,TestEasyDataset,Unseen,case3_2,case3,4,SUN-SEG-FinalData-v20251212/TestEasyDataset/Unseen/Frame/case3_2/case_M_20181004093748_0U62372100445348_1_001_001-1_a8_ayy_image0004.jpg,SUN-SEG-FinalData-v20251212/TestEasyDataset/Unseen/GT/case3_2/case_M_20181004093748_0U62372100445348_1_001_001-1_a8_ayy_image0004.png,270568,4427,SUNSEG_case3,case3,17,0d060b042ea819bbae74accde794291444af720978add4669f23caa0b4f5b5b0,Easy-Unseen,SELECTED_PENDING_CONTAMINATION
testeasydataset/unseen/case3_1/case_m_20181004093748_0u62372100445348_1_001_001-1_a4_ayy_image0169,TestEasyDataset,Unseen,case3_1,case3,169,SUN-SEG-FinalData-v20251212/TestEasyDataset/Unseen/Frame/case3_1/case_M_20181004093748_0U62372100445348_1_001_001-1_a4_ayy_image0169.jpg,SUN-SEG-FinalData-v20251212/TestEasyDataset/Unseen/GT/case3_1/case_M_20181004093748_0U62372100445348_1_001_001-1_a4_ayy_image0169.png,250649,4854,SUNSEG_case3,case3,18,0f3772f9fe0802e1900d523ede6decaa9be87c9ce55dce0748c84951fce17b0d,Easy-Unseen,SELECTED_PENDING_CONTAMINATION
testeasydataset/unseen/case3_1/case_m_20181004093748_0u62372100445348_1_001_001-1_a4_ayy_image0077,TestEasyDataset,Unseen,case3_1,case3,77,SUN-SEG-FinalData-v20251212/TestEasyDataset/Unseen/Frame/case3_1/case_M_20181004093748_0U62372100445348_1_001_001-1_a4_ayy_image0077.jpg,SUN-SEG-FinalData-v20251212/TestEasyDataset/Unseen/GT/case3_1/case_M_20181004093748_0U62372100445348_1_001_001-1_a4_ayy_image0077.png,375566,4253,SUNSEG_case3,case3,19,0f733bea74fe9d1f3e229090f60e6ab6cff196c2787dba1010a8d1b38927d104,Easy-Unseen,SELECTED_PENDING_CONTAMINATION
testeasydataset/unseen/case3_1/case_m_20181004093748_0u62372100445348_1_001_001-1_a4_ayy_image0041,TestEasyDataset,Unseen,case3_1,case3,41,SUN-SEG-FinalData-v20251212/TestEasyDataset/Unseen/Frame/case3_1/case_M_20181004093748_0U62372100445348_1_001_001-1_a4_ayy_image0041.jpg,SUN-SEG-FinalData-v20251212/TestEasyDataset/Unseen/GT/case3_1/case_M_20181004093748_0U62372100445348_1_001_001-1_a4_ayy_image0041.png,431097,3925,SUNSEG_case3,case3,20,10ac93b8f0aa503c7995c63e9820f1bbc3677fe71baf93d9a202a63b06d5615d,Easy-Unseen,SELECTED_PENDING_CONTAMINATION
testharddataset/unseen/case30/case_m_20181018093806_0u62363101890605_1_006_001-1_a3_ayy_image0029,TestHardDataset,Unseen,case30,case30,29,SUN-SEG-FinalData-v20251212/TestHardDataset/Unseen/Frame/case30/case_M_20181018093806_0U62363101890605_1_006_001-1_a3_ayy_image0029.jpg,SUN-SEG-FinalData-v20251212/TestHardDataset/Unseen/GT/case30/case_M_20181018093806_0U62363101890605_1_006_001-1_a3_ayy_image0029.png,492235,4540,SUNSEG_case30,case30,1,00384cf054ca265f6be610199e9cef40f4e3651448a34cbdf5cfbcb5a4a2ce05,Hard-Unseen,SELECTED_PENDING_CONTAMINATION
testharddataset/unseen/case30/case_m_20181018093806_0u62363101890605_1_006_001-1_a3_ayy_image0019,TestHardDataset,Unseen,case30,case30,19,SUN-SEG-FinalData-v20251212/TestHardDataset/Unseen/Frame/case30/case_M_20181018093806_0U62363101890605_1_006_001-1_a3_ayy_image0019.jpg,SUN-SEG-FinalData-v20251212/TestHardDataset/Unseen/GT/case30/case_M_20181018093806_0U62363101890605_1_006_001-1_a3_ayy_image0019.png,457619,4430,SUNSEG_case30,case30,2,012b3ec3ec7587f84bdad7c38e31e0b72ee21d4608b376e7a7e4350509c9797b,Hard-Unseen,SELECTED_PENDING_CONTAMINATION
testharddataset/unseen/case30/case_m_20181018093806_0u62363101890605_1_006_001-1_a2_ayy_image0108,TestHardDataset,Unseen,case30,case30,108,SUN-SEG-FinalData-v20251212/TestHardDataset/Unseen/Frame/case30/case_M_20181018093806_0U62363101890605_1_006_001-1_a2_ayy_image0108.jpg,SUN-SEG-FinalData-v20251212/TestHardDataset/Unseen/GT/case30/case_M_20181018093806_0U62363101890605_1_006_001-1_a2_ayy_image0108.png,429691,3966,SUNSEG_case30,case30,3,01e73d6a1b55e2ecbf04a9c9a9eb3139a32b59e1082bcca7b9a522fdee223b30,Hard-Unseen,SELECTED_PENDING_CONTAMINATION
testharddataset/unseen/case30/case_m_20181018093806_0u62363101890605_1_006_001-1_a3_ayy_image0038,TestHardDataset,Unseen,case30,case30,38,SUN-SEG-FinalData-v20251212/TestHardDataset/Unseen/Frame/case30/case_M_20181018093806_0U62363101890605_1_006_001-1_a3_ayy_image0038.jpg,SUN-SEG-FinalData-v20251212/TestHardDataset/Unseen/GT/case30/case_M_20181018093806_0U62363101890605_1_006_001-1_a3_ayy_image0038.png,509473,4406,SUNSEG_case30,case30,4,021bb834949ee1a4a99da866e0a90d9743bbb8c261d4bcbe71806e08ee959c72,Hard-Unseen,SELECTED_PENDING_CONTAMINATION
testharddataset/unseen/case30/case_m_20181018093806_0u62363101890605_1_006_001-1_a2_ayy_image0039,TestHardDataset,Unseen,case30,case30,39,SUN-SEG-FinalData-v20251212/TestHardDataset/Unseen/Frame/case30/case_M_20181018093806_0U62363101890605_1_006_001-1_a2_ayy_image0039.jpg,SUN-SEG-FinalData-v20251212/TestHardDataset/Unseen/GT/case30/case_M_20181018093806_0U62363101890605_1_006_001-1_a2_ayy_image0039.png,549773,4244,SUNSEG_case30,case30,5,0772d0deed7bc16de19a4f9e374b60ee38057009d1fa3b0190bfa864c1a431d3,Hard-Unseen,SELECTED_PENDING_CONTAMINATION
testharddataset/unseen/case30/case_m_20181018093806_0u62363101890605_1_006_001-1_a2_ayy_image0041,TestHardDataset,Unseen,case30,case30,41,SUN-SEG-FinalData-v20251212/TestHardDataset/Unseen/Frame/case30/case_M_20181018093806_0U62363101890605_1_006_001-1_a2_ayy_image0041.jpg,SUN-SEG-FinalData-v20251212/TestHardDataset/Unseen/GT/case30/case_M_20181018093806_0U62363101890605_1_006_001-1_a2_ayy_image0041.png,439944,4227,SUNSEG_case30,case30,6,09bf00d5a019b92a2a2622a13088e9d5b37d458f0af2aafcbd069cca367b6354,Hard-Unseen,SELECTED_PENDING_CONTAMINATION
testharddataset/unseen/case30/case_m_20181018093806_0u62363101890605_1_006_001-1_a2_ayy_image0003,TestHardDataset,Unseen,case30,case30,3,SUN-SEG-FinalData-v20251212/TestHardDataset/Unseen/Frame/case30/case_M_20181018093806_0U62363101890605_1_006_001-1_a2_ayy_image0003.jpg,SUN-SEG-FinalData-v20251212/TestHardDataset/Unseen/GT/case30/case_M_20181018093806_0U62363101890605_1_006_001-1_a2_ayy_image0003.png,470529,4365,SUNSEG_case30,case30,7,0bd6e6dd287104722f0ac3cf281fc0dab713402c0977335fdae356562e46c05b,Hard-Unseen,SELECTED_PENDING_CONTAMINATION
testharddataset/unseen/case30/case_m_20181018093806_0u62363101890605_1_006_001-1_a2_ayy_image0001,TestHardDataset,Unseen,case30,case30,1,SUN-SEG-FinalData-v20251212/TestHardDataset/Unseen/Frame/case30/case_M_20181018093806_0U62363101890605_1_006_001-1_a2_ayy_image0001.jpg,SUN-SEG-FinalData-v20251212/TestHardDataset/Unseen/GT/case30/case_M_20181018093806_0U62363101890605_1_006_001-1_a2_ayy_image0001.png,530263,4675,SUNSEG_case30,case30,8,0fd3a03134102594029c76c02e7fe4d32d84175a480700f463d3ddd06a54781e,Hard-Unseen,SELECTED_PENDING_CONTAMINATION
testharddataset/unseen/case30/case_m_20181018093806_0u62363101890605_1_006_001-1_a1_ayy_image0007,TestHardDataset,Unseen,case30,case30,7,SUN-SEG-FinalData-v20251212/TestHardDataset/Unseen/Frame/case30/case_M_20181018093806_0U62363101890605_1_006_001-1_a1_ayy_image0007.jpg,SUN-SEG-FinalData-v20251212/TestHardDataset/Unseen/GT/case30/case_M_20181018093806_0U62363101890605_1_006_001-1_a1_ayy_image0007.png,506608,4117,SUNSEG_case30,case30,9,10f31988af0346986cdb7883e37c35146f971d283da61540d854091bb6f703d5,Hard-Unseen,SELECTED_PENDING_CONTAMINATION
testharddataset/unseen/case30/case_m_20181018093806_0u62363101890605_1_006_001-1_a3_ayy_image0050,TestHardDataset,Unseen,case30,case30,50,SUN-SEG-FinalData-v20251212/TestHardDataset/Unseen/Frame/case30/case_M_20181018093806_0U62363101890605_1_006_001-1_a3_ayy_image0050.jpg,SUN-SEG-FinalData-v20251212/TestHardDataset/Unseen/GT/case30/case_M_20181018093806_0U62363101890605_1_006_001-1_a3_ayy_image0050.png,572161,4365,SUNSEG_case30,case30,10,15319dc0fb745949b1c35338c27a60c1ce950cfe40469759f872dd60469821b7,Hard-Unseen,SELECTED_PENDING_CONTAMINATION
testharddataset/unseen/case30/case_m_20181018093806_0u62363101890605_1_006_001-1_a2_ayy_image0006,TestHardDataset,Unseen,case30,case30,6,SUN-SEG-FinalData-v20251212/TestHardDataset/Unseen/Frame/case30/case_M_20181018093806_0U62363101890605_1_006_001-1_a2_ayy_image0006.jpg,SUN-SEG-FinalData-v20251212/TestHardDataset/Unseen/GT/case30/case_M_20181018093806_0U62363101890605_1_006_001-1_a2_ayy_image0006.png,505427,4367,SUNSEG_case30,case30,11,163d48ebddd63dd2a7d88902e4ebcfc7289af77a0280488504cbcffe4476dc9b,Hard-Unseen,SELECTED_PENDING_CONTAMINATION
testharddataset/unseen/case30/case_m_20181018093806_0u62363101890605_1_006_001-1_a3_ayy_image0043,TestHardDataset,Unseen,case30,case30,43,SUN-SEG-FinalData-v20251212/TestHardDataset/Unseen/Frame/case30/case_M_20181018093806_0U62363101890605_1_006_001-1_a3_ayy_image0043.jpg,SUN-SEG-FinalData-v20251212/TestHardDataset/Unseen/GT/case30/case_M_20181018093806_0U62363101890605_1_006_001-1_a3_ayy_image0043.png,422990,4382,SUNSEG_case30,case30,12,164406d062b9f0f8f1dffea2ac84878d218916a0566fb4428c1284e7fb30e2ce,Hard-Unseen,SELECTED_PENDING_CONTAMINATION
testharddataset/unseen/case30/case_m_20181018093806_0u62363101890605_1_006_001-1_a2_ayy_image0032,TestHardDataset,Unseen,case30,case30,32,SUN-SEG-FinalData-v20251212/TestHardDataset/Unseen/Frame/case30/case_M_20181018093806_0U62363101890605_1_006_001-1_a2_ayy_image0032.jpg,SUN-SEG-FinalData-v20251212/TestHardDataset/Unseen/GT/case30/case_M_20181018093806_0U62363101890605_1_006_001-1_a2_ayy_image0032.png,427556,4623,SUNSEG_case30,case30,13,16e56e8b052efb830380cff68dcd5ffaaf27a6b237c916980b1f25712324cbc9,Hard-Unseen,SELECTED_PENDING_CONTAMINATION
testharddataset/unseen/case30/case_m_20181018093806_0u62363101890605_1_006_001-1_a2_ayy_image0075,TestHardDataset,Unseen,case30,case30,75,SUN-SEG-FinalData-v20251212/TestHardDataset/Unseen/Frame/case30/case_M_20181018093806_0U62363101890605_1_006_001-1_a2_ayy_image0075.jpg,SUN-SEG-FinalData-v20251212/TestHardDataset/Unseen/GT/case30/case_M_20181018093806_0U62363101890605_1_006_001-1_a2_ayy_image0075.png,574400,4124,SUNSEG_case30,case30,14,17640b61f35f66805d2b825716eb12533851adc78f0d894bdc1ec1902183cb87,Hard-Unseen,SELECTED_PENDING_CONTAMINATION
testharddataset/unseen/case30/case_m_20181018093806_0u62363101890605_1_006_001-1_a2_ayy_image0125,TestHardDataset,Unseen,case30,case30,125,SUN-SEG-FinalData-v20251212/TestHardDataset/Unseen/Frame/case30/case_M_20181018093806_0U62363101890605_1_006_001-1_a2_ayy_image0125.jpg,SUN-SEG-FinalData-v20251212/TestHardDataset/Unseen/GT/case30/case_M_20181018093806_0U62363101890605_1_006_001-1_a2_ayy_image0125.png,451434,4147,SUNSEG_case30,case30,15,192b7f6c4406e224fab4cf8a7b2f7b8e4002c0754ad96d914b6f9bfcf91f751d,Hard-Unseen,SELECTED_PENDING_CONTAMINATION
testharddataset/unseen/case30/case_m_20181018093806_0u62363101890605_1_006_001-1_a3_ayy_image0004,TestHardDataset,Unseen,case30,case30,4,SUN-SEG-FinalData-v20251212/TestHardDataset/Unseen/Frame/case30/case_M_20181018093806_0U62363101890605_1_006_001-1_a3_ayy_image0004.jpg,SUN-SEG-FinalData-v20251212/TestHardDataset/Unseen/GT/case30/case_M_20181018093806_0U62363101890605_1_006_001-1_a3_ayy_image0004.png,408428,4666,SUNSEG_case30,case30,16,19b23e13b490e52f11f602440aa6a0032f1f8bb6b56d6466929c76178e9d0c8d,Hard-Unseen,SELECTED_PENDING_CONTAMINATION
testharddataset/unseen/case30/case_m_20181018093806_0u62363101890605_1_006_001-1_a2_ayy_image0071,TestHardDataset,Unseen,case30,case30,71,SUN-SEG-FinalData-v20251212/TestHardDataset/Unseen/Frame/case30/case_M_20181018093806_0U62363101890605_1_006_001-1_a2_ayy_image0071.jpg,SUN-SEG-FinalData-v20251212/TestHardDataset/Unseen/GT/case30/case_M_20181018093806_0U62363101890605_1_006_001-1_a2_ayy_image0071.png,559819,4124,SUNSEG_case30,case30,17,1a699e640150f5701080623bfef0e1339f95f7935c00d1f9a79ef89e5acef56c,Hard-Unseen,SELECTED_PENDING_CONTAMINATION
testharddataset/unseen/case30/case_m_20181018093806_0u62363101890605_1_006_001-1_a3_ayy_image0062,TestHardDataset,Unseen,case30,case30,62,SUN-SEG-FinalData-v20251212/TestHardDataset/Unseen/Frame/case30/case_M_20181018093806_0U62363101890605_1_006_001-1_a3_ayy_image0062.jpg,SUN-SEG-FinalData-v20251212/TestHardDataset/Unseen/GT/case30/case_M_20181018093806_0U62363101890605_1_006_001-1_a3_ayy_image0062.png,625662,4368,SUNSEG_case30,case30,18,1ae9861f17f9f709f0f242c5c1a316af297ad7d54a6b8d02d72e97d8f8fe3e9f,Hard-Unseen,SELECTED_PENDING_CONTAMINATION
testharddataset/unseen/case30/case_m_20181018093806_0u62363101890605_1_006_001-1_a3_ayy_image0035,TestHardDataset,Unseen,case30,case30,35,SUN-SEG-FinalData-v20251212/TestHardDataset/Unseen/Frame/case30/case_M_20181018093806_0U62363101890605_1_006_001-1_a3_ayy_image0035.jpg,SUN-SEG-FinalData-v20251212/TestHardDataset/Unseen/GT/case30/case_M_20181018093806_0U62363101890605_1_006_001-1_a3_ayy_image0035.png,567124,4504,SUNSEG_case30,case30,19,1cd66f5e3f62419789d86d63194ee0ae995c2c128b387f95872f9e5b2fce698d,Hard-Unseen,SELECTED_PENDING_CONTAMINATION
testharddataset/unseen/case30/case_m_20181018093806_0u62363101890605_1_006_001-1_a2_ayy_image0059,TestHardDataset,Unseen,case30,case30,59,SUN-SEG-FinalData-v20251212/TestHardDataset/Unseen/Frame/case30/case_M_20181018093806_0U62363101890605_1_006_001-1_a2_ayy_image0059.jpg,SUN-SEG-FinalData-v20251212/TestHardDataset/Unseen/GT/case30/case_M_20181018093806_0U62363101890605_1_006_001-1_a2_ayy_image0059.png,405415,4102,SUNSEG_case30,case30,20,1dbd763c38f078335e38098c6e400aebd6d3219a0653164aee36d005900c214c,Hard-Unseen,SELECTED_PENDING_CONTAMINATION
testeasydataset/unseen/case31/case_m_20181017100226_0u62367101735926_1_001_002-1_a14_ayy_image0013,TestEasyDataset,Unseen,case31,case31,13,SUN-SEG-FinalData-v20251212/TestEasyDataset/Unseen/Frame/case31/case_M_20181017100226_0U62367101735926_1_001_002-1_a14_ayy_image0013.jpg,SUN-SEG-FinalData-v20251212/TestEasyDataset/Unseen/GT/case31/case_M_20181017100226_0U62367101735926_1_001_002-1_a14_ayy_image0013.png,358199,6003,SUNSEG_case31,case31,1,004b0a2006eb2966109c177dc1aca8facff69921a668d3ee29c85bc24b23e761,Easy-Unseen,SELECTED_PENDING_CONTAMINATION
testeasydataset/unseen/case31/case_m_20181017100226_0u62367101735926_1_001_002-1_a14_ayy_image0003,TestEasyDataset,Unseen,case31,case31,3,SUN-SEG-FinalData-v20251212/TestEasyDataset/Unseen/Frame/case31/case_M_20181017100226_0U62367101735926_1_001_002-1_a14_ayy_image0003.jpg,SUN-SEG-FinalData-v20251212/TestEasyDataset/Unseen/GT/case31/case_M_20181017100226_0U62367101735926_1_001_002-1_a14_ayy_image0003.png,400895,6279,SUNSEG_case31,case31,2,01a3626e2a205e71e1db572f748b797112974a218a274629ec3c86344f1f7961,Easy-Unseen,SELECTED_PENDING_CONTAMINATION
testeasydataset/unseen/case31/case_m_20181017100226_0u62367101735926_1_001_002-1_a15_ayy_image0119,TestEasyDataset,Unseen,case31,case31,119,SUN-SEG-FinalData-v20251212/TestEasyDataset/Unseen/Frame/case31/case_M_20181017100226_0U62367101735926_1_001_002-1_a15_ayy_image0119.jpg,SUN-SEG-FinalData-v20251212/TestEasyDataset/Unseen/GT/case31/case_M_20181017100226_0U62367101735926_1_001_002-1_a15_ayy_image0119.png,538439,5606,SUNSEG_case31,case31,3,033112267aa31346c721ac80c430f3ef2079e738db778c2e13e6bb60fbfe727f,Easy-Unseen,SELECTED_PENDING_CONTAMINATION
testeasydataset/unseen/case31/case_m_20181017100226_0u62367101735926_1_001_002-1_a14_ayy_image0020,TestEasyDataset,Unseen,case31,case31,20,SUN-SEG-FinalData-v20251212/TestEasyDataset/Unseen/Frame/case31/case_M_20181017100226_0U62367101735926_1_001_002-1_a14_ayy_image0020.jpg,SUN-SEG-FinalData-v20251212/TestEasyDataset/Unseen/GT/case31/case_M_20181017100226_0U62367101735926_1_001_002-1_a14_ayy_image0020.png,573109,5455,SUNSEG_case31,case31,4,039f2e69aa1b6433425a5f89f3297085d6e62c86e7a0ce16f448e63125677c3e,Easy-Unseen,SELECTED_PENDING_CONTAMINATION
testeasydataset/unseen/case31/case_m_20181017100226_0u62367101735926_1_001_002-1_a15_ayy_image0071,TestEasyDataset,Unseen,case31,case31,71,SUN-SEG-FinalData-v20251212/TestEasyDataset/Unseen/Frame/case31/case_M_20181017100226_0U62367101735926_1_001_002-1_a15_ayy_image0071.jpg,SUN-SEG-FinalData-v20251212/TestEasyDataset/Unseen/GT/case31/case_M_20181017100226_0U62367101735926_1_001_002-1_a15_ayy_image0071.png,385262,5808,SUNSEG_case31,case31,5,0943f6011823d877a05e60ef92a467cd4525263c4b1fd6f4eaff984b743e8bbb,Easy-Unseen,SELECTED_PENDING_CONTAMINATION
testeasydataset/unseen/case31/case_m_20181017100226_0u62367101735926_1_001_002-1_a15_ayy_image0015,TestEasyDataset,Unseen,case31,case31,15,SUN-SEG-FinalData-v20251212/TestEasyDataset/Unseen/Frame/case31/case_M_20181017100226_0U62367101735926_1_001_002-1_a15_ayy_image0015.jpg,SUN-SEG-FinalData-v20251212/TestEasyDataset/Unseen/GT/case31/case_M_20181017100226_0U62367101735926_1_001_002-1_a15_ayy_image0015.png,450808,6816,SUNSEG_case31,case31,6,0c6280ce53f27c55fdd9e12e8faf6fcdb4a425b77fbb034e3b2e54aed9998ae8,Easy-Unseen,SELECTED_PENDING_CONTAMINATION
testeasydataset/unseen/case31/case_m_20181017100226_0u62367101735926_1_001_002-1_a15_ayy_image0104,TestEasyDataset,Unseen,case31,case31,104,SUN-SEG-FinalData-v20251212/TestEasyDataset/Unseen/Frame/case31/case_M_20181017100226_0U62367101735926_1_001_002-1_a15_ayy_image0104.jpg,SUN-SEG-FinalData-v20251212/TestEasyDataset/Unseen/GT/case31/case_M_20181017100226_0U62367101735926_1_001_002-1_a15_ayy_image0104.png,584665,5606,SUNSEG_case31,case31,7,0cb680bc30b4346e4178de89628ea11dda92247d5e2f2efb18442ce16a2de15a,Easy-Unseen,SELECTED_PENDING_CONTAMINATION
testeasydataset/unseen/case31/case_m_20181017100226_0u62367101735926_1_001_002-1_a15_ayy_image0097,TestEasyDataset,Unseen,case31,case31,97,SUN-SEG-FinalData-v20251212/TestEasyDataset/Unseen/Frame/case31/case_M_20181017100226_0U62367101735926_1_001_002-1_a15_ayy_image0097.jpg,SUN-SEG-FinalData-v20251212/TestEasyDataset/Unseen/GT/case31/case_M_20181017100226_0U62367101735926_1_001_002-1_a15_ayy_image0097.png,576858,5606,SUNSEG_case31,case31,8,0cc36d08f6ab333ecba51bde19faabf11674ddec6395b5a390e0b6b5cca795e8,Easy-Unseen,SELECTED_PENDING_CONTAMINATION
testeasydataset/unseen/case31/case_m_20181017100226_0u62367101735926_1_001_002-1_a15_ayy_image0068,TestEasyDataset,Unseen,case31,case31,68,SUN-SEG-FinalData-v20251212/TestEasyDataset/Unseen/Frame/case31/case_M_20181017100226_0U62367101735926_1_001_002-1_a15_ayy_image0068.jpg,SUN-SEG-FinalData-v20251212/TestEasyDataset/Unseen/GT/case31/case_M_20181017100226_0U62367101735926_1_001_002-1_a15_ayy_image0068.png,390982,5769,SUNSEG_case31,case31,9,0d9fd752e8437d65e5f675405e64c95d5e9c77d6c52fa3ee27cb221474f24e47,Easy-Unseen,SELECTED_PENDING_CONTAMINATION
testeasydataset/unseen/case31/case_m_20181017100226_0u62367101735926_1_001_002-1_a15_ayy_image0051,TestEasyDataset,Unseen,case31,case31,51,SUN-SEG-FinalData-v20251212/TestEasyDataset/Unseen/Frame/case31/case_M_20181017100226_0U62367101735926_1_001_002-1_a15_ayy_image0051.jpg,SUN-SEG-FinalData-v20251212/TestEasyDataset/Unseen/GT/case31/case_M_20181017100226_0U62367101735926_1_001_002-1_a15_ayy_image0051.png,569323,5609,SUNSEG_case31,case31,10,1097a942582726768c3f103f27fe006ff918fc7947a7f1b1397f50bd5995acb4,Easy-Unseen,SELECTED_PENDING_CONTAMINATION
testeasydataset/unseen/case31/case_m_20181017100226_0u62367101735926_1_001_002-1_a15_ayy_image0040,TestEasyDataset,Unseen,case31,case31,40,SUN-SEG-FinalData-v20251212/TestEasyDataset/Unseen/Frame/case31/case_M_20181017100226_0U62367101735926_1_001_002-1_a15_ayy_image0040.jpg,SUN-SEG-FinalData-v20251212/TestEasyDataset/Unseen/GT/case31/case_M_20181017100226_0U62367101735926_1_001_002-1_a15_ayy_image0040.png,374928,5377,SUNSEG_case31,case31,11,134b07141e0d5f3fa14236e42d8ef0db68113b98ddcdd12db4b307b2d88e1dbe,Easy-Unseen,SELECTED_PENDING_CONTAMINATION
testeasydataset/unseen/case31/case_m_20181017100226_0u62367101735926_1_001_002-1_a15_ayy_image0101,TestEasyDataset,Unseen,case31,case31,101,SUN-SEG-FinalData-v20251212/TestEasyDataset/Unseen/Frame/case31/case_M_20181017100226_0U62367101735926_1_001_002-1_a15_ayy_image0101.jpg,SUN-SEG-FinalData-v20251212/TestEasyDataset/Unseen/GT/case31/case_M_20181017100226_0U62367101735926_1_001_002-1_a15_ayy_image0101.png,548003,5606,SUNSEG_case31,case31,12,13f2951b46da59b928a0b02dd4bce61fc5915257b206fb71304437309a10aade,Easy-Unseen,SELECTED_PENDING_CONTAMINATION
testeasydataset/unseen/case31/case_m_20181017100226_0u62367101735926_1_001_002-1_a15_ayy_image0075,TestEasyDataset,Unseen,case31,case31,75,SUN-SEG-FinalData-v20251212/TestEasyDataset/Unseen/Frame/case31/case_M_20181017100226_0U62367101735926_1_001_002-1_a15_ayy_image0075.jpg,SUN-SEG-FinalData-v20251212/TestEasyDataset/Unseen/GT/case31/case_M_20181017100226_0U62367101735926_1_001_002-1_a15_ayy_image0075.png,523427,5988,SUNSEG_case31,case31,13,16a438c9626d22a602cef9c789b8ca1cb6d57a535e3d2ce6aa5ee9e4244fff8d,Easy-Unseen,SELECTED_PENDING_CONTAMINATION
testeasydataset/unseen/case31/case_m_20181017100226_0u62367101735926_1_001_002-1_a15_ayy_image0044,TestEasyDataset,Unseen,case31,case31,44,SUN-SEG-FinalData-v20251212/TestEasyDataset/Unseen/Frame/case31/case_M_20181017100226_0U62367101735926_1_001_002-1_a15_ayy_image0044.jpg,SUN-SEG-FinalData-v20251212/TestEasyDataset/Unseen/GT/case31/case_M_20181017100226_0U62367101735926_1_001_002-1_a15_ayy_image0044.png,377007,5260,SUNSEG_case31,case31,14,17d8631346d969da9d810be282e72301a85453834b3ca5197a2e398bf493cef2,Easy-Unseen,SELECTED_PENDING_CONTAMINATION
testeasydataset/unseen/case31/case_m_20181017100226_0u62367101735926_1_001_002-1_a15_ayy_image0121,TestEasyDataset,Unseen,case31,case31,121,SUN-SEG-FinalData-v20251212/TestEasyDataset/Unseen/Frame/case31/case_M_20181017100226_0U62367101735926_1_001_002-1_a15_ayy_image0121.jpg,SUN-SEG-FinalData-v20251212/TestEasyDataset/Unseen/GT/case31/case_M_20181017100226_0U62367101735926_1_001_002-1_a15_ayy_image0121.png,399500,5348,SUNSEG_case31,case31,15,1a337368393b120eb32d4f964ad4688ee1c0039c77f825525d1bfafca3573aa1,Easy-Unseen,SELECTED_PENDING_CONTAMINATION
testeasydataset/unseen/case31/case_m_20181017100226_0u62367101735926_1_001_002-1_a15_ayy_image0143,TestEasyDataset,Unseen,case31,case31,143,SUN-SEG-FinalData-v20251212/TestEasyDataset/Unseen/Frame/case31/case_M_20181017100226_0U62367101735926_1_001_002-1_a15_ayy_image0143.jpg,SUN-SEG-FinalData-v20251212/TestEasyDataset/Unseen/GT/case31/case_M_20181017100226_0U62367101735926_1_001_002-1_a15_ayy_image0143.png,419183,6272,SUNSEG_case31,case31,16,1c2caa698c13d280e19fd9fa059dc84f5429d4e5b30efa5ebf871a08d1eff864,Easy-Unseen,SELECTED_PENDING_CONTAMINATION
testeasydataset/unseen/case31/case_m_20181017100226_0u62367101735926_1_001_002-1_a15_ayy_image0103,TestEasyDataset,Unseen,case31,case31,103,SUN-SEG-FinalData-v20251212/TestEasyDataset/Unseen/Frame/case31/case_M_20181017100226_0U62367101735926_1_001_002-1_a15_ayy_image0103.jpg,SUN-SEG-FinalData-v20251212/TestEasyDataset/Unseen/GT/case31/case_M_20181017100226_0U62367101735926_1_001_002-1_a15_ayy_image0103.png,565072,5606,SUNSEG_case31,case31,17,1daae34cf339b454392869b0553445029a8604aa859b6c11b7abda23d3744714,Easy-Unseen,SELECTED_PENDING_CONTAMINATION
testeasydataset/unseen/case31/case_m_20181017100226_0u62367101735926_1_001_002-1_a14_ayy_image0021,TestEasyDataset,Unseen,case31,case31,21,SUN-SEG-FinalData-v20251212/TestEasyDataset/Unseen/Frame/case31/case_M_20181017100226_0U62367101735926_1_001_002-1_a14_ayy_image0021.jpg,SUN-SEG-FinalData-v20251212/TestEasyDataset/Unseen/GT/case31/case_M_20181017100226_0U62367101735926_1_001_002-1_a14_ayy_image0021.png,387637,5416,SUNSEG_case31,case31,18,1dae42725215b9e55b45fdb29c9c93efc9f82dfae6fe5579a19084110c2bf655,Easy-Unseen,SELECTED_PENDING_CONTAMINATION
testeasydataset/unseen/case31/case_m_20181017100226_0u62367101735926_1_001_002-1_a15_ayy_image0112,TestEasyDataset,Unseen,case31,case31,112,SUN-SEG-FinalData-v20251212/TestEasyDataset/Unseen/Frame/case31/case_M_20181017100226_0U62367101735926_1_001_002-1_a15_ayy_image0112.jpg,SUN-SEG-FinalData-v20251212/TestEasyDataset/Unseen/GT/case31/case_M_20181017100226_0U62367101735926_1_001_002-1_a15_ayy_image0112.png,594827,5606,SUNSEG_case31,case31,19,1ee1f5ac52d1af43ef13919107f12e2a4336c156e0f73f10dd4e7d8162010a2f,Easy-Unseen,SELECTED_PENDING_CONTAMINATION
testeasydataset/unseen/case31/case_m_20181017100226_0u62367101735926_1_001_002-1_a15_ayy_image0004,TestEasyDataset,Unseen,case31,case31,4,SUN-SEG-FinalData-v20251212/TestEasyDataset/Unseen/Frame/case31/case_M_20181017100226_0U62367101735926_1_001_002-1_a15_ayy_image0004.jpg,SUN-SEG-FinalData-v20251212/TestEasyDataset/Unseen/GT/case31/case_M_20181017100226_0U62367101735926_1_001_002-1_a15_ayy_image0004.png,400357,6997,SUNSEG_case31,case31,20,1f435968bcef6cbd83680cd4f87b02332ee941151e0e225a0d26bd0b6fef1caa,Easy-Unseen,SELECTED_PENDING_CONTAMINATION
testeasydataset/unseen/case32_2/case_m_20181019101517_0u62367101935917_1_003_001-1_a13_ayy_image0017,TestEasyDataset,Unseen,case32_2,case32,17,SUN-SEG-FinalData-v20251212/TestEasyDataset/Unseen/Frame/case32_2/case_M_20181019101517_0U62367101935917_1_003_001-1_a13_ayy_image0017.jpg,SUN-SEG-FinalData-v20251212/TestEasyDataset/Unseen/GT/case32_2/case_M_20181019101517_0U62367101935917_1_003_001-1_a13_ayy_image0017.png,431174,6595,SUNSEG_case32,case32,1,00019de4c1b9e72b5fc7cb81ce7f1da51b961826d19491540e7478f4d691a6ac,Easy-Unseen,SELECTED_PENDING_CONTAMINATION
testeasydataset/unseen/case32_2/case_m_20181019101517_0u62367101935917_1_003_001-1_a13_ayy_image0011,TestEasyDataset,Unseen,case32_2,case32,11,SUN-SEG-FinalData-v20251212/TestEasyDataset/Unseen/Frame/case32_2/case_M_20181019101517_0U62367101935917_1_003_001-1_a13_ayy_image0011.jpg,SUN-SEG-FinalData-v20251212/TestEasyDataset/Unseen/GT/case32_2/case_M_20181019101517_0U62367101935917_1_003_001-1_a13_ayy_image0011.png,444635,6562,SUNSEG_case32,case32,2,0023420d662da4325ec1a755f7c05c8aa3fa5868ee91cffad6f0f954ffdc7ecc,Easy-Unseen,SELECTED_PENDING_CONTAMINATION
testeasydataset/unseen/case32_5/case_m_20181019101517_0u62367101935917_1_003_001-1_a18_ayy_image0054,TestEasyDataset,Unseen,case32_5,case32,54,SUN-SEG-FinalData-v20251212/TestEasyDataset/Unseen/Frame/case32_5/case_M_20181019101517_0U62367101935917_1_003_001-1_a18_ayy_image0054.jpg,SUN-SEG-FinalData-v20251212/TestEasyDataset/Unseen/GT/case32_5/case_M_20181019101517_0U62367101935917_1_003_001-1_a18_ayy_image0054.png,390303,6065,SUNSEG_case32,case32,3,0026ae5fb9525381105a6d5792b03d4b925685096627e16483530c3f6e147d0e,Easy-Unseen,SELECTED_PENDING_CONTAMINATION
testeasydataset/unseen/case32_3/case_m_20181019101517_0u62367101935917_1_003_001-1_a14_ayy_image0044,TestEasyDataset,Unseen,case32_3,case32,44,SUN-SEG-FinalData-v20251212/TestEasyDataset/Unseen/Frame/case32_3/case_M_20181019101517_0U62367101935917_1_003_001-1_a14_ayy_image0044.jpg,SUN-SEG-FinalData-v20251212/TestEasyDataset/Unseen/GT/case32_3/case_M_20181019101517_0U62367101935917_1_003_001-1_a14_ayy_image0044.png,501004,5835,SUNSEG_case32,case32,4,004833154060c02da3bb3f6a4d98d000fa33d6e9132d8bf0be61d104f843a1e1,Easy-Unseen,SELECTED_PENDING_CONTAMINATION
testharddataset/unseen/case32_1/case_m_20181019101517_0u62367101935917_1_003_001-1_a12_ayy_image0042,TestHardDataset,Unseen,case32_1,case32,42,SUN-SEG-FinalData-v20251212/TestHardDataset/Unseen/Frame/case32_1/case_M_20181019101517_0U62367101935917_1_003_001-1_a12_ayy_image0042.jpg,SUN-SEG-FinalData-v20251212/TestHardDataset/Unseen/GT/case32_1/case_M_20181019101517_0U62367101935917_1_003_001-1_a12_ayy_image0042.png,459769,6783,SUNSEG_case32,case32,5,0068eeb623d1f3f879a297c02e5a45a1783df1ee1dd1e75e2c00d6288ee0ec3d,Hard-Unseen,SELECTED_PENDING_CONTAMINATION
testharddataset/unseen/case32_4/case_m_20181019101517_0u62367101935917_1_003_001-1_a15_ayy_image0048,TestHardDataset,Unseen,case32_4,case32,48,SUN-SEG-FinalData-v20251212/TestHardDataset/Unseen/Frame/case32_4/case_M_20181019101517_0U62367101935917_1_003_001-1_a15_ayy_image0048.jpg,SUN-SEG-FinalData-v20251212/TestHardDataset/Unseen/GT/case32_4/case_M_20181019101517_0U62367101935917_1_003_001-1_a15_ayy_image0048.png,387681,6180,SUNSEG_case32,case32,6,00805417c872acfbbbe751378adb13cc21566e62f3f4da6966dbb50183fb3663,Hard-Unseen,SELECTED_PENDING_CONTAMINATION
testeasydataset/unseen/case32_2/case_m_20181019101517_0u62367101935917_1_003_001-1_a13_ayy_image0083,TestEasyDataset,Unseen,case32_2,case32,83,SUN-SEG-FinalData-v20251212/TestEasyDataset/Unseen/Frame/case32_2/case_M_20181019101517_0U62367101935917_1_003_001-1_a13_ayy_image0083.jpg,SUN-SEG-FinalData-v20251212/TestEasyDataset/Unseen/GT/case32_2/case_M_20181019101517_0U62367101935917_1_003_001-1_a13_ayy_image0083.png,487061,5741,SUNSEG_case32,case32,7,0098aaf69e2c4aa744c529cd43af0488903f6aab51f7a0f7276e3cd0bd2d7065,Easy-Unseen,SELECTED_PENDING_CONTAMINATION
testeasydataset/unseen/case32_5/case_m_20181019101517_0u62367101935917_1_003_001-1_a18_ayy_image0068,TestEasyDataset,Unseen,case32_5,case32,68,SUN-SEG-FinalData-v20251212/TestEasyDataset/Unseen/Frame/case32_5/case_M_20181019101517_0U62367101935917_1_003_001-1_a18_ayy_image0068.jpg,SUN-SEG-FinalData-v20251212/TestEasyDataset/Unseen/GT/case32_5/case_M_20181019101517_0U62367101935917_1_003_001-1_a18_ayy_image0068.png,545303,6188,SUNSEG_case32,case32,8,00ef049f56ad02a0b59161f23c051c8d46b80f27e671717d79e113de4db6cd74,Easy-Unseen,SELECTED_PENDING_CONTAMINATION
testeasydataset/unseen/case32_2/case_m_20181019101517_0u62367101935917_1_003_001-1_a13_ayy_image0086,TestEasyDataset,Unseen,case32_2,case32,86,SUN-SEG-FinalData-v20251212/TestEasyDataset/Unseen/Frame/case32_2/case_M_20181019101517_0U62367101935917_1_003_001-1_a13_ayy_image0086.jpg,SUN-SEG-FinalData-v20251212/TestEasyDataset/Unseen/GT/case32_2/case_M_20181019101517_0U62367101935917_1_003_001-1_a13_ayy_image0086.png,415587,5721,SUNSEG_case32,case32,9,012ff30213c3c60b4297a749b0faf8b5c2b2703fdee47655fa6b523ccedc0c50,Easy-Unseen,SELECTED_PENDING_CONTAMINATION
testharddataset/unseen/case32_1/case_m_20181019101517_0u62367101935917_1_003_001-1_a11_ayy_image0042,TestHardDataset,Unseen,case32_1,case32,42,SUN-SEG-FinalData-v20251212/TestHardDataset/Unseen/Frame/case32_1/case_M_20181019101517_0U62367101935917_1_003_001-1_a11_ayy_image0042.jpg,SUN-SEG-FinalData-v20251212/TestHardDataset/Unseen/GT/case32_1/case_M_20181019101517_0U62367101935917_1_003_001-1_a11_ayy_image0042.png,498187,6620,SUNSEG_case32,case32,10,01661754fc8ca7ee28a9355b97602761e17cb2a5f1113958b5e7d7a83400a874,Hard-Unseen,SELECTED_PENDING_CONTAMINATION
testeasydataset/unseen/case32_3/case_m_20181019101517_0u62367101935917_1_003_001-1_a14_ayy_image0056,TestEasyDataset,Unseen,case32_3,case32,56,SUN-SEG-FinalData-v20251212/TestEasyDataset/Unseen/Frame/case32_3/case_M_20181019101517_0U62367101935917_1_003_001-1_a14_ayy_image0056.jpg,SUN-SEG-FinalData-v20251212/TestEasyDataset/Unseen/GT/case32_3/case_M_20181019101517_0U62367101935917_1_003_001-1_a14_ayy_image0056.png,555431,6247,SUNSEG_case32,case32,11,018a65ae6488c1e800bd39ac73941b786e9f3df2ccfadf574d6ff1bb6eae67fc,Easy-Unseen,SELECTED_PENDING_CONTAMINATION
testeasydataset/unseen/case32_3/case_m_20181019101517_0u62367101935917_1_003_001-1_a14_ayy_image0103,TestEasyDataset,Unseen,case32_3,case32,103,SUN-SEG-FinalData-v20251212/TestEasyDataset/Unseen/Frame/case32_3/case_M_20181019101517_0U62367101935917_1_003_001-1_a14_ayy_image0103.jpg,SUN-SEG-FinalData-v20251212/TestEasyDataset/Unseen/GT/case32_3/case_M_20181019101517_0U62367101935917_1_003_001-1_a14_ayy_image0103.png,397368,6105,SUNSEG_case32,case32,12,01aae3ac8fdd53b25e7c8bf826e1515824d2dbd431863b0a8370abc89e68d1ad,Easy-Unseen,SELECTED_PENDING_CONTAMINATION
testeasydataset/unseen/case32_6/case_m_20181019101517_0u62367101935917_1_003_001-1_a18_ayy_image0270,TestEasyDataset,Unseen,case32_6,case32,270,SUN-SEG-FinalData-v20251212/TestEasyDataset/Unseen/Frame/case32_6/case_M_20181019101517_0U62367101935917_1_003_001-1_a18_ayy_image0270.jpg,SUN-SEG-FinalData-v20251212/TestEasyDataset/Unseen/GT/case32_6/case_M_20181019101517_0U62367101935917_1_003_001-1_a18_ayy_image0270.png,486553,6893,SUNSEG_case32,case32,13,01cd756715ecd28f76bc8bfeb8de9f7b652277e90ab3fc075557cdfa5041abac,Easy-Unseen,SELECTED_PENDING_CONTAMINATION
testeasydataset/unseen/case32_2/case_m_20181019101517_0u62367101935917_1_003_001-1_a13_ayy_image0047,TestEasyDataset,Unseen,case32_2,case32,47,SUN-SEG-FinalData-v20251212/TestEasyDataset/Unseen/Frame/case32_2/case_M_20181019101517_0U62367101935917_1_003_001-1_a13_ayy_image0047.jpg,SUN-SEG-FinalData-v20251212/TestEasyDataset/Unseen/GT/case32_2/case_M_20181019101517_0U62367101935917_1_003_001-1_a13_ayy_image0047.png,432114,6647,SUNSEG_case32,case32,14,0216596df4bbb9bb0cd51d8759c7efd0a5c5ed01ef0c0a15fb0fcbcf5dcfe23b,Easy-Unseen,SELECTED_PENDING_CONTAMINATION
testeasydataset/unseen/case32_2/case_m_20181019101517_0u62367101935917_1_003_001-1_a13_ayy_image0035,TestEasyDataset,Unseen,case32_2,case32,35,SUN-SEG-FinalData-v20251212/TestEasyDataset/Unseen/Frame/case32_2/case_M_20181019101517_0U62367101935917_1_003_001-1_a13_ayy_image0035.jpg,SUN-SEG-FinalData-v20251212/TestEasyDataset/Unseen/GT/case32_2/case_M_20181019101517_0U62367101935917_1_003_001-1_a13_ayy_image0035.png,449602,6677,SUNSEG_case32,case32,15,0235bcfc10405468511df9c71a313462919189c4a7fe3dd8e1e9cc9bd83540a6,Easy-Unseen,SELECTED_PENDING_CONTAMINATION
testharddataset/unseen/case32_1/case_m_20181019101517_0u62367101935917_1_003_001-1_a12_ayy_image0002,TestHardDataset,Unseen,case32_1,case32,2,SUN-SEG-FinalData-v20251212/TestHardDataset/Unseen/Frame/case32_1/case_M_20181019101517_0U62367101935917_1_003_001-1_a12_ayy_image0002.jpg,SUN-SEG-FinalData-v20251212/TestHardDataset/Unseen/GT/case32_1/case_M_20181019101517_0U62367101935917_1_003_001-1_a12_ayy_image0002.png,432246,5972,SUNSEG_case32,case32,16,025aee4319f560f4a799d393999b436ca457aa0efe8cc69d1b4c3819601d528c,Hard-Unseen,SELECTED_PENDING_CONTAMINATION
testharddataset/unseen/case32_1/case_m_20181019101517_0u62367101935917_1_003_001-1_a12_ayy_image0046,TestHardDataset,Unseen,case32_1,case32,46,SUN-SEG-FinalData-v20251212/TestHardDataset/Unseen/Frame/case32_1/case_M_20181019101517_0U62367101935917_1_003_001-1_a12_ayy_image0046.jpg,SUN-SEG-FinalData-v20251212/TestHardDataset/Unseen/GT/case32_1/case_M_20181019101517_0U62367101935917_1_003_001-1_a12_ayy_image0046.png,549503,6898,SUNSEG_case32,case32,17,028f2c86a86df937470eeb6432f69a365fd9ce01913b85c7e286f896cbd62b29,Hard-Unseen,SELECTED_PENDING_CONTAMINATION
testeasydataset/unseen/case32_6/case_m_20181019101517_0u62367101935917_1_003_001-1_a18_ayy_image0257,TestEasyDataset,Unseen,case32_6,case32,257,SUN-SEG-FinalData-v20251212/TestEasyDataset/Unseen/Frame/case32_6/case_M_20181019101517_0U62367101935917_1_003_001-1_a18_ayy_image0257.jpg,SUN-SEG-FinalData-v20251212/TestEasyDataset/Unseen/GT/case32_6/case_M_20181019101517_0U62367101935917_1_003_001-1_a18_ayy_image0257.png,681969,6853,SUNSEG_case32,case32,18,02ac9b41dd469102e01467ee4b0772030077d338d7c989215999330136b951f2,Easy-Unseen,SELECTED_PENDING_CONTAMINATION
testharddataset/unseen/case32_1/case_m_20181019101517_0u62367101935917_1_003_001-1_a11_ayy_image0001,TestHardDataset,Unseen,case32_1,case32,1,SUN-SEG-FinalData-v20251212/TestHardDataset/Unseen/Frame/case32_1/case_M_20181019101517_0U62367101935917_1_003_001-1_a11_ayy_image0001.jpg,SUN-SEG-FinalData-v20251212/TestHardDataset/Unseen/GT/case32_1/case_M_20181019101517_0U62367101935917_1_003_001-1_a11_ayy_image0001.png,429720,6734,SUNSEG_case32,case32,19,02b1ddb226ac19be25f6e7b979025d9edcc3a643b18079ff203394b20511d892,Hard-Unseen,SELECTED_PENDING_CONTAMINATION
testeasydataset/unseen/case32_3/case_m_20181019101517_0u62367101935917_1_003_001-1_a14_ayy_image0134,TestEasyDataset,Unseen,case32_3,case32,134,SUN-SEG-FinalData-v20251212/TestEasyDataset/Unseen/Frame/case32_3/case_M_20181019101517_0U62367101935917_1_003_001-1_a14_ayy_image0134.jpg,SUN-SEG-FinalData-v20251212/TestEasyDataset/Unseen/GT/case32_3/case_M_20181019101517_0U62367101935917_1_003_001-1_a14_ayy_image0134.png,517727,6835,SUNSEG_case32,case32,20,02c1634aa308b34df16bf3355880d1c7f507f653e99e5b3bbb26bc5c4e00b563,Easy-Unseen,SELECTED_PENDING_CONTAMINATION
testeasydataset/unseen/case34_1/case_m_20181022094701_0u62368102271800_1_001_001-1_a10_ayy_image0085,TestEasyDataset,Unseen,case34_1,case34,85,SUN-SEG-FinalData-v20251212/TestEasyDataset/Unseen/Frame/case34_1/case_M_20181022094701_0U62368102271800_1_001_001-1_a10_ayy_image0085.jpg,SUN-SEG-FinalData-v20251212/TestEasyDataset/Unseen/GT/case34_1/case_M_20181022094701_0U62368102271800_1_001_001-1_a10_ayy_image0085.png,609078,4198,SUNSEG_case34,case34,1,004284259060d856319ea44b35e437e8664c9e186dd13a226202956d226ddc81,Easy-Unseen,SELECTED_PENDING_CONTAMINATION
testeasydataset/unseen/case34_2/case_m_20181022094701_0u62368102271800_1_001_001-1_a11_ayy_image0087,TestEasyDataset,Unseen,case34_2,case34,87,SUN-SEG-FinalData-v20251212/TestEasyDataset/Unseen/Frame/case34_2/case_M_20181022094701_0U62368102271800_1_001_001-1_a11_ayy_image0087.jpg,SUN-SEG-FinalData-v20251212/TestEasyDataset/Unseen/GT/case34_2/case_M_20181022094701_0U62368102271800_1_001_001-1_a11_ayy_image0087.png,578485,4690,SUNSEG_case34,case34,2,0209801925a33da17fdc64f68c8386896f1479f6f5504aa3cbb97b888727ef44,Easy-Unseen,SELECTED_PENDING_CONTAMINATION
testeasydataset/unseen/case34_1/case_m_20181022094701_0u62368102271800_1_001_001-1_a10_ayy_image0050,TestEasyDataset,Unseen,case34_1,case34,50,SUN-SEG-FinalData-v20251212/TestEasyDataset/Unseen/Frame/case34_1/case_M_20181022094701_0U62368102271800_1_001_001-1_a10_ayy_image0050.jpg,SUN-SEG-FinalData-v20251212/TestEasyDataset/Unseen/GT/case34_1/case_M_20181022094701_0U62368102271800_1_001_001-1_a10_ayy_image0050.png,572456,4245,SUNSEG_case34,case34,3,021505c93bc1107e4caca0fa013eb613f79c081918b895cdca929c7c174d4dac,Easy-Unseen,SELECTED_PENDING_CONTAMINATION
testeasydataset/unseen/case34_2/case_m_20181022094701_0u62368102271800_1_001_001-1_a11_ayy_image0063,TestEasyDataset,Unseen,case34_2,case34,63,SUN-SEG-FinalData-v20251212/TestEasyDataset/Unseen/Frame/case34_2/case_M_20181022094701_0U62368102271800_1_001_001-1_a11_ayy_image0063.jpg,SUN-SEG-FinalData-v20251212/TestEasyDataset/Unseen/GT/case34_2/case_M_20181022094701_0U62368102271800_1_001_001-1_a11_ayy_image0063.png,556844,4690,SUNSEG_case34,case34,4,02533f810b64def66300b4dba3f65bd89c3b5ab197e42e93b84a6777b6a4402c,Easy-Unseen,SELECTED_PENDING_CONTAMINATION
testeasydataset/unseen/case34_2/case_m_20181022094701_0u62368102271800_1_001_001-1_a11_ayy_image0117,TestEasyDataset,Unseen,case34_2,case34,117,SUN-SEG-FinalData-v20251212/TestEasyDataset/Unseen/Frame/case34_2/case_M_20181022094701_0U62368102271800_1_001_001-1_a11_ayy_image0117.jpg,SUN-SEG-FinalData-v20251212/TestEasyDataset/Unseen/GT/case34_2/case_M_20181022094701_0U62368102271800_1_001_001-1_a11_ayy_image0117.png,516402,4636,SUNSEG_case34,case34,5,028c0e9998fcafb41fc4951978e102e4de86256c5e94a3dc681a732f8b31100e,Easy-Unseen,SELECTED_PENDING_CONTAMINATION
testeasydataset/unseen/case34_1/case_m_20181022094701_0u62368102271800_1_001_001-1_a10_ayy_image0063,TestEasyDataset,Unseen,case34_1,case34,63,SUN-SEG-FinalData-v20251212/TestEasyDataset/Unseen/Frame/case34_1/case_M_20181022094701_0U62368102271800_1_001_001-1_a10_ayy_image0063.jpg,SUN-SEG-FinalData-v20251212/TestEasyDataset/Unseen/GT/case34_1/case_M_20181022094701_0U62368102271800_1_001_001-1_a10_ayy_image0063.png,495255,4165,SUNSEG_case34,case34,6,032203409beaaebb9a2030750aeb828dc400694d6afd952ac32bbe4ada1979cc,Easy-Unseen,SELECTED_PENDING_CONTAMINATION
testeasydataset/unseen/case34_1/case_m_20181022094701_0u62368102271800_1_001_001-1_a9_ayy_image0020,TestEasyDataset,Unseen,case34_1,case34,20,SUN-SEG-FinalData-v20251212/TestEasyDataset/Unseen/Frame/case34_1/case_M_20181022094701_0U62368102271800_1_001_001-1_a9_ayy_image0020.jpg,SUN-SEG-FinalData-v20251212/TestEasyDataset/Unseen/GT/case34_1/case_M_20181022094701_0U62368102271800_1_001_001-1_a9_ayy_image0020.png,523532,3972,SUNSEG_case34,case34,7,05b034989aef817f19f63fa07443f826ae95a05c257222bd3b347149471be2ac,Easy-Unseen,SELECTED_PENDING_CONTAMINATION
testeasydataset/unseen/case34_2/case_m_20181022094701_0u62368102271800_1_001_001-1_a11_ayy_image0112,TestEasyDataset,Unseen,case34_2,case34,112,SUN-SEG-FinalData-v20251212/TestEasyDataset/Unseen/Frame/case34_2/case_M_20181022094701_0U62368102271800_1_001_001-1_a11_ayy_image0112.jpg,SUN-SEG-FinalData-v20251212/TestEasyDataset/Unseen/GT/case34_2/case_M_20181022094701_0U62368102271800_1_001_001-1_a11_ayy_image0112.png,399976,4633,SUNSEG_case34,case34,8,06b44224a35e2d75b6ebd8a4c9e9f64450cc67955b1cfc3239d769bf7ae4c6c3,Easy-Unseen,SELECTED_PENDING_CONTAMINATION
testeasydataset/unseen/case34_2/case_m_20181022094701_0u62368102271800_1_001_001-1_a11_ayy_image0045,TestEasyDataset,Unseen,case34_2,case34,45,SUN-SEG-FinalData-v20251212/TestEasyDataset/Unseen/Frame/case34_2/case_M_20181022094701_0U62368102271800_1_001_001-1_a11_ayy_image0045.jpg,SUN-SEG-FinalData-v20251212/TestEasyDataset/Unseen/GT/case34_2/case_M_20181022094701_0U62368102271800_1_001_001-1_a11_ayy_image0045.png,482834,4529,SUNSEG_case34,case34,9,076b19c409bda17a31a053e1d3ae1555dd7bd80a6d2be9b504d9b927e6a532fe,Easy-Unseen,SELECTED_PENDING_CONTAMINATION
testeasydataset/unseen/case34_2/case_m_20181022094701_0u62368102271800_1_001_001-1_a11_ayy_image0037,TestEasyDataset,Unseen,case34_2,case34,37,SUN-SEG-FinalData-v20251212/TestEasyDataset/Unseen/Frame/case34_2/case_M_20181022094701_0U62368102271800_1_001_001-1_a11_ayy_image0037.jpg,SUN-SEG-FinalData-v20251212/TestEasyDataset/Unseen/GT/case34_2/case_M_20181022094701_0U62368102271800_1_001_001-1_a11_ayy_image0037.png,407713,4615,SUNSEG_case34,case34,10,08643bc3b2595fe95566d223848155aab55547f69db4cb1b80d89582b0524587,Easy-Unseen,SELECTED_PENDING_CONTAMINATION
testeasydataset/unseen/case34_1/case_m_20181022094701_0u62368102271800_1_001_001-1_a10_ayy_image0006,TestEasyDataset,Unseen,case34_1,case34,6,SUN-SEG-FinalData-v20251212/TestEasyDataset/Unseen/Frame/case34_1/case_M_20181022094701_0U62368102271800_1_001_001-1_a10_ayy_image0006.jpg,SUN-SEG-FinalData-v20251212/TestEasyDataset/Unseen/GT/case34_1/case_M_20181022094701_0U62368102271800_1_001_001-1_a10_ayy_image0006.png,421089,4172,SUNSEG_case34,case34,11,0a538bf8abb771d1b9fb7d95c93ff154d2c6753237cb8f39212ef2d54553061e,Easy-Unseen,SELECTED_PENDING_CONTAMINATION
testeasydataset/unseen/case34_2/case_m_20181022094701_0u62368102271800_1_001_001-1_a11_ayy_image0038,TestEasyDataset,Unseen,case34_2,case34,38,SUN-SEG-FinalData-v20251212/TestEasyDataset/Unseen/Frame/case34_2/case_M_20181022094701_0U62368102271800_1_001_001-1_a11_ayy_image0038.jpg,SUN-SEG-FinalData-v20251212/TestEasyDataset/Unseen/GT/case34_2/case_M_20181022094701_0U62368102271800_1_001_001-1_a11_ayy_image0038.png,507547,4615,SUNSEG_case34,case34,12,0a9105fd1f0af806f53740aa317dbbcc4f47e266e9f835cee63771948e4e5801,Easy-Unseen,SELECTED_PENDING_CONTAMINATION
testeasydataset/unseen/case34_2/case_m_20181022094701_0u62368102271800_1_001_001-1_a11_ayy_image0082,TestEasyDataset,Unseen,case34_2,case34,82,SUN-SEG-FinalData-v20251212/TestEasyDataset/Unseen/Frame/case34_2/case_M_20181022094701_0U62368102271800_1_001_001-1_a11_ayy_image0082.jpg,SUN-SEG-FinalData-v20251212/TestEasyDataset/Unseen/GT/case34_2/case_M_20181022094701_0U62368102271800_1_001_001-1_a11_ayy_image0082.png,600421,4690,SUNSEG_case34,case34,13,0d4a471498ed52d9907f2e7ffaefb17ce3d9beb1e0698d1138edef442e78ccda,Easy-Unseen,SELECTED_PENDING_CONTAMINATION
testeasydataset/unseen/case34_1/case_m_20181022094701_0u62368102271800_1_001_001-1_a10_ayy_image0062,TestEasyDataset,Unseen,case34_1,case34,62,SUN-SEG-FinalData-v20251212/TestEasyDataset/Unseen/Frame/case34_1/case_M_20181022094701_0U62368102271800_1_001_001-1_a10_ayy_image0062.jpg,SUN-SEG-FinalData-v20251212/TestEasyDataset/Unseen/GT/case34_1/case_M_20181022094701_0U62368102271800_1_001_001-1_a10_ayy_image0062.png,485983,4170,SUNSEG_case34,case34,14,0d4e8f3af7ed992724d1933a2a5d8b44d9589f335b4fb0bd1db01c08396fabde,Easy-Unseen,SELECTED_PENDING_CONTAMINATION
testeasydataset/unseen/case34_2/case_m_20181022094701_0u62368102271800_1_001_001-1_a11_ayy_image0118,TestEasyDataset,Unseen,case34_2,case34,118,SUN-SEG-FinalData-v20251212/TestEasyDataset/Unseen/Frame/case34_2/case_M_20181022094701_0U62368102271800_1_001_001-1_a11_ayy_image0118.jpg,SUN-SEG-FinalData-v20251212/TestEasyDataset/Unseen/GT/case34_2/case_M_20181022094701_0U62368102271800_1_001_001-1_a11_ayy_image0118.png,395955,4636,SUNSEG_case34,case34,15,0de5ac54a731f9f07cc209f3bc8bff26d798fed49ee39f179d3c5f0811ee8a33,Easy-Unseen,SELECTED_PENDING_CONTAMINATION
testeasydataset/unseen/case34_2/case_m_20181022094701_0u62368102271800_1_001_001-1_a11_ayy_image0084,TestEasyDataset,Unseen,case34_2,case34,84,SUN-SEG-FinalData-v20251212/TestEasyDataset/Unseen/Frame/case34_2/case_M_20181022094701_0U62368102271800_1_001_001-1_a11_ayy_image0084.jpg,SUN-SEG-FinalData-v20251212/TestEasyDataset/Unseen/GT/case34_2/case_M_20181022094701_0U62368102271800_1_001_001-1_a11_ayy_image0084.png,604966,4690,SUNSEG_case34,case34,16,11afa6289e6ab0d5a8bdfdb9fb99af5bb6fe3dcf871837c3a51cdbad10ce757b,Easy-Unseen,SELECTED_PENDING_CONTAMINATION
testeasydataset/unseen/case34_2/case_m_20181022094701_0u62368102271800_1_001_001-1_a11_ayy_image0007,TestEasyDataset,Unseen,case34_2,case34,7,SUN-SEG-FinalData-v20251212/TestEasyDataset/Unseen/Frame/case34_2/case_M_20181022094701_0U62368102271800_1_001_001-1_a11_ayy_image0007.jpg,SUN-SEG-FinalData-v20251212/TestEasyDataset/Unseen/GT/case34_2/case_M_20181022094701_0U62368102271800_1_001_001-1_a11_ayy_image0007.png,419953,4643,SUNSEG_case34,case34,17,12fd120aa49c63a48c2d6dd5e546ab92f9ecacd262310cfb98681fa3d0b26990,Easy-Unseen,SELECTED_PENDING_CONTAMINATION
testeasydataset/unseen/case34_2/case_m_20181022094701_0u62368102271800_1_001_001-1_a11_ayy_image0089,TestEasyDataset,Unseen,case34_2,case34,89,SUN-SEG-FinalData-v20251212/TestEasyDataset/Unseen/Frame/case34_2/case_M_20181022094701_0U62368102271800_1_001_001-1_a11_ayy_image0089.jpg,SUN-SEG-FinalData-v20251212/TestEasyDataset/Unseen/GT/case34_2/case_M_20181022094701_0U62368102271800_1_001_001-1_a11_ayy_image0089.png,613459,4575,SUNSEG_case34,case34,18,1301c7b5bc31607da01dec5977e0c35d50e4f72987702a760e0399451c82246a,Easy-Unseen,SELECTED_PENDING_CONTAMINATION
testeasydataset/unseen/case34_2/case_m_20181022094701_0u62368102271800_1_001_001-1_a11_ayy_image0094,TestEasyDataset,Unseen,case34_2,case34,94,SUN-SEG-FinalData-v20251212/TestEasyDataset/Unseen/Frame/case34_2/case_M_20181022094701_0U62368102271800_1_001_001-1_a11_ayy_image0094.jpg,SUN-SEG-FinalData-v20251212/TestEasyDataset/Unseen/GT/case34_2/case_M_20181022094701_0U62368102271800_1_001_001-1_a11_ayy_image0094.png,416024,4612,SUNSEG_case34,case34,19,13ebe8a404cb161788287d631c582ae796c9b3b99c0487cb3785bcf9b9523100,Easy-Unseen,SELECTED_PENDING_CONTAMINATION
testeasydataset/unseen/case34_1/case_m_20181022094701_0u62368102271800_1_001_001-1_a10_ayy_image0053,TestEasyDataset,Unseen,case34_1,case34,53,SUN-SEG-FinalData-v20251212/TestEasyDataset/Unseen/Frame/case34_1/case_M_20181022094701_0U62368102271800_1_001_001-1_a10_ayy_image0053.jpg,SUN-SEG-FinalData-v20251212/TestEasyDataset/Unseen/GT/case34_1/case_M_20181022094701_0U62368102271800_1_001_001-1_a10_ayy_image0053.png,506174,4215,SUNSEG_case34,case34,20,15e07f020f50a3bb6732bad3381bfcc7b1e3fdea9667b063ef7972c1f8b0dd2e,Easy-Unseen,SELECTED_PENDING_CONTAMINATION
testharddataset/unseen/case36_3/case_m_20181025095048_0u62372102595347_1_004_001-1_a8_ayy_image0303,TestHardDataset,Unseen,case36_3,case36,303,SUN-SEG-FinalData-v20251212/TestHardDataset/Unseen/Frame/case36_3/case_M_20181025095048_0U62372102595347_1_004_001-1_a8_ayy_image0303.jpg,SUN-SEG-FinalData-v20251212/TestHardDataset/Unseen/GT/case36_3/case_M_20181025095048_0U62372102595347_1_004_001-1_a8_ayy_image0303.png,459841,7089,SUNSEG_case36,case36,1,0019e7670b3cbfcd8981ad2fc4ad19660c5dec0e2cc98a8db81393f584a73ed6,Hard-Unseen,SELECTED_PENDING_CONTAMINATION
testharddataset/unseen/case36_1/case_m_20181025095048_0u62372102595347_1_004_001-1_a2_ayy_image0031,TestHardDataset,Unseen,case36_1,case36,31,SUN-SEG-FinalData-v20251212/TestHardDataset/Unseen/Frame/case36_1/case_M_20181025095048_0U62372102595347_1_004_001-1_a2_ayy_image0031.jpg,SUN-SEG-FinalData-v20251212/TestHardDataset/Unseen/GT/case36_1/case_M_20181025095048_0U62372102595347_1_004_001-1_a2_ayy_image0031.png,489745,4270,SUNSEG_case36,case36,2,0089f3b12abf56258a980c38c74f60e571a29a770a2790578823aa71fc3f0bfd,Hard-Unseen,SELECTED_PENDING_CONTAMINATION
testeasydataset/unseen/case36_4/case_m_20181025095048_0u62372102595347_1_004_001-1_a11_ayy_image0002,TestEasyDataset,Unseen,case36_4,case36,2,SUN-SEG-FinalData-v20251212/TestEasyDataset/Unseen/Frame/case36_4/case_M_20181025095048_0U62372102595347_1_004_001-1_a11_ayy_image0002.jpg,SUN-SEG-FinalData-v20251212/TestEasyDataset/Unseen/GT/case36_4/case_M_20181025095048_0U62372102595347_1_004_001-1_a11_ayy_image0002.png,564398,4397,SUNSEG_case36,case36,3,00bd9e59d234c3b8782f05ca7497fb052fa60a7e5d2695e30b59a2c5e7fb6541,Easy-Unseen,SELECTED_PENDING_CONTAMINATION
testeasydataset/unseen/case36_4/case_m_20181025095048_0u62372102595347_1_004_001-1_a11_ayy_image0055,TestEasyDataset,Unseen,case36_4,case36,55,SUN-SEG-FinalData-v20251212/TestEasyDataset/Unseen/Frame/case36_4/case_M_20181025095048_0U62372102595347_1_004_001-1_a11_ayy_image0055.jpg,SUN-SEG-FinalData-v20251212/TestEasyDataset/Unseen/GT/case36_4/case_M_20181025095048_0U62372102595347_1_004_001-1_a11_ayy_image0055.png,413597,4516,SUNSEG_case36,case36,4,00db506d93ade68236dbef21617d6eab9096b5639c4257a1b4decd4209090a30,Easy-Unseen,SELECTED_PENDING_CONTAMINATION
testeasydataset/unseen/case36_4/case_m_20181025095048_0u62372102595347_1_004_001-1_a11_ayy_image0065,TestEasyDataset,Unseen,case36_4,case36,65,SUN-SEG-FinalData-v20251212/TestEasyDataset/Unseen/Frame/case36_4/case_M_20181025095048_0U62372102595347_1_004_001-1_a11_ayy_image0065.jpg,SUN-SEG-FinalData-v20251212/TestEasyDataset/Unseen/GT/case36_4/case_M_20181025095048_0U62372102595347_1_004_001-1_a11_ayy_image0065.png,515414,4592,SUNSEG_case36,case36,5,012babb9f24ed04ee45a860ff9ab57f37abe36b43d23fa30454548543b890490,Easy-Unseen,SELECTED_PENDING_CONTAMINATION
testharddataset/unseen/case36_3/case_m_20181025095048_0u62372102595347_1_004_001-1_a8_ayy_image0168,TestHardDataset,Unseen,case36_3,case36,168,SUN-SEG-FinalData-v20251212/TestHardDataset/Unseen/Frame/case36_3/case_M_20181025095048_0U62372102595347_1_004_001-1_a8_ayy_image0168.jpg,SUN-SEG-FinalData-v20251212/TestHardDataset/Unseen/GT/case36_3/case_M_20181025095048_0U62372102595347_1_004_001-1_a8_ayy_image0168.png,406471,5506,SUNSEG_case36,case36,6,015530efe2e205c4143adaac3c5d5a1258ccdeadeac99d87341c4a9d7e2d775b,Hard-Unseen,SELECTED_PENDING_CONTAMINATION
testharddataset/unseen/case36_3/case_m_20181025095048_0u62372102595347_1_004_001-1_a8_ayy_image0272,TestHardDataset,Unseen,case36_3,case36,272,SUN-SEG-FinalData-v20251212/TestHardDataset/Unseen/Frame/case36_3/case_M_20181025095048_0U62372102595347_1_004_001-1_a8_ayy_image0272.jpg,SUN-SEG-FinalData-v20251212/TestHardDataset/Unseen/GT/case36_3/case_M_20181025095048_0U62372102595347_1_004_001-1_a8_ayy_image0272.png,534439,7046,SUNSEG_case36,case36,7,01a7683f5b5f82ac19d93260592024dc5177daaa580b695574497af26e806cb8,Hard-Unseen,SELECTED_PENDING_CONTAMINATION
testharddataset/unseen/case36_3/case_m_20181025095048_0u62372102595347_1_004_001-1_a8_ayy_image0219,TestHardDataset,Unseen,case36_3,case36,219,SUN-SEG-FinalData-v20251212/TestHardDataset/Unseen/Frame/case36_3/case_M_20181025095048_0U62372102595347_1_004_001-1_a8_ayy_image0219.jpg,SUN-SEG-FinalData-v20251212/TestHardDataset/Unseen/GT/case36_3/case_M_20181025095048_0U62372102595347_1_004_001-1_a8_ayy_image0219.png,428156,6980,SUNSEG_case36,case36,8,0217f1fe64307ea28bdfd9c855ef06a777bb6f6f04a3e7ac48a6513a1b166871,Hard-Unseen,SELECTED_PENDING_CONTAMINATION
testeasydataset/unseen/case36_2/case_m_20181025095048_0u62372102595347_1_004_001-1_a8_ayy_image0049,TestEasyDataset,Unseen,case36_2,case36,49,SUN-SEG-FinalData-v20251212/TestEasyDataset/Unseen/Frame/case36_2/case_M_20181025095048_0U62372102595347_1_004_001-1_a8_ayy_image0049.jpg,SUN-SEG-FinalData-v20251212/TestEasyDataset/Unseen/GT/case36_2/case_M_20181025095048_0U62372102595347_1_004_001-1_a8_ayy_image0049.png,386553,4728,SUNSEG_case36,case36,9,0266fe05f976a9be429680f049d687d0f623432c34851e1426336d600a918c84,Easy-Unseen,SELECTED_PENDING_CONTAMINATION
testeasydataset/unseen/case36_4/case_m_20181025095048_0u62372102595347_1_004_001-1_a11_ayy_image0085,TestEasyDataset,Unseen,case36_4,case36,85,SUN-SEG-FinalData-v20251212/TestEasyDataset/Unseen/Frame/case36_4/case_M_20181025095048_0U62372102595347_1_004_001-1_a11_ayy_image0085.jpg,SUN-SEG-FinalData-v20251212/TestEasyDataset/Unseen/GT/case36_4/case_M_20181025095048_0U62372102595347_1_004_001-1_a11_ayy_image0085.png,420622,4725,SUNSEG_case36,case36,10,026a4d9cc00ccdabc2966abc87f87561e9d0a4dbb284b9249af008db249bc0ca,Easy-Unseen,SELECTED_PENDING_CONTAMINATION
testeasydataset/unseen/case36_2/case_m_20181025095048_0u62372102595347_1_004_001-1_a8_ayy_image0009,TestEasyDataset,Unseen,case36_2,case36,9,SUN-SEG-FinalData-v20251212/TestEasyDataset/Unseen/Frame/case36_2/case_M_20181025095048_0U62372102595347_1_004_001-1_a8_ayy_image0009.jpg,SUN-SEG-FinalData-v20251212/TestEasyDataset/Unseen/GT/case36_2/case_M_20181025095048_0U62372102595347_1_004_001-1_a8_ayy_image0009.png,401618,3777,SUNSEG_case36,case36,11,026a619d514060a85fa5872bf49c15ac0131f849b0ceb90b285c350327577673,Easy-Unseen,SELECTED_PENDING_CONTAMINATION
testharddataset/unseen/case36_1/case_m_20181025095048_0u62372102595347_1_004_001-1_a5_ayy_image0001,TestHardDataset,Unseen,case36_1,case36,1,SUN-SEG-FinalData-v20251212/TestHardDataset/Unseen/Frame/case36_1/case_M_20181025095048_0U62372102595347_1_004_001-1_a5_ayy_image0001.jpg,SUN-SEG-FinalData-v20251212/TestHardDataset/Unseen/GT/case36_1/case_M_20181025095048_0U62372102595347_1_004_001-1_a5_ayy_image0001.png,371317,4975,SUNSEG_case36,case36,12,0272f8d630edd8b9d36b2ccf14d1e83acbb6db10c8a0a2f53c7db1fba58874e5,Hard-Unseen,SELECTED_PENDING_CONTAMINATION
testharddataset/unseen/case36_3/case_m_20181025095048_0u62372102595347_1_004_001-1_a8_ayy_image0161,TestHardDataset,Unseen,case36_3,case36,161,SUN-SEG-FinalData-v20251212/TestHardDataset/Unseen/Frame/case36_3/case_M_20181025095048_0U62372102595347_1_004_001-1_a8_ayy_image0161.jpg,SUN-SEG-FinalData-v20251212/TestHardDataset/Unseen/GT/case36_3/case_M_20181025095048_0U62372102595347_1_004_001-1_a8_ayy_image0161.png,520399,5480,SUNSEG_case36,case36,13,02f3627ca997bd451ca50890137c9b29f082eb4ac378d1758a92826a4efa802c,Hard-Unseen,SELECTED_PENDING_CONTAMINATION
testeasydataset/unseen/case36_2/case_m_20181025095048_0u62372102595347_1_004_001-1_a8_ayy_image0023,TestEasyDataset,Unseen,case36_2,case36,23,SUN-SEG-FinalData-v20251212/TestEasyDataset/Unseen/Frame/case36_2/case_M_20181025095048_0U62372102595347_1_004_001-1_a8_ayy_image0023.jpg,SUN-SEG-FinalData-v20251212/TestEasyDataset/Unseen/GT/case36_2/case_M_20181025095048_0U62372102595347_1_004_001-1_a8_ayy_image0023.png,480481,3919,SUNSEG_case36,case36,14,0301e0d0a947f0492efd2e3d94251e5104884d6e373fcbd8342244953c610484,Easy-Unseen,SELECTED_PENDING_CONTAMINATION
testharddataset/unseen/case36_3/case_m_20181025095048_0u62372102595347_1_004_001-1_a8_ayy_image0169,TestHardDataset,Unseen,case36_3,case36,169,SUN-SEG-FinalData-v20251212/TestHardDataset/Unseen/Frame/case36_3/case_M_20181025095048_0U62372102595347_1_004_001-1_a8_ayy_image0169.jpg,SUN-SEG-FinalData-v20251212/TestHardDataset/Unseen/GT/case36_3/case_M_20181025095048_0U62372102595347_1_004_001-1_a8_ayy_image0169.png,401770,5506,SUNSEG_case36,case36,15,030c04b301754717e4fd80d8e88af4e979d1649680f0b925404345b8d5109c0c,Hard-Unseen,SELECTED_PENDING_CONTAMINATION
testharddataset/unseen/case36_1/case_m_20181025095048_0u62372102595347_1_004_001-1_a2_ayy_image0024,TestHardDataset,Unseen,case36_1,case36,24,SUN-SEG-FinalData-v20251212/TestHardDataset/Unseen/Frame/case36_1/case_M_20181025095048_0U62372102595347_1_004_001-1_a2_ayy_image0024.jpg,SUN-SEG-FinalData-v20251212/TestHardDataset/Unseen/GT/case36_1/case_M_20181025095048_0U62372102595347_1_004_001-1_a2_ayy_image0024.png,353589,4443,SUNSEG_case36,case36,16,032aea0903dd050acb97d6797186365f54289ea1f6c930cf764feda52fe1d4be,Hard-Unseen,SELECTED_PENDING_CONTAMINATION
testeasydataset/unseen/case36_2/case_m_20181025095048_0u62372102595347_1_004_001-1_a8_ayy_image0057,TestEasyDataset,Unseen,case36_2,case36,57,SUN-SEG-FinalData-v20251212/TestEasyDataset/Unseen/Frame/case36_2/case_M_20181025095048_0U62372102595347_1_004_001-1_a8_ayy_image0057.jpg,SUN-SEG-FinalData-v20251212/TestEasyDataset/Unseen/GT/case36_2/case_M_20181025095048_0U62372102595347_1_004_001-1_a8_ayy_image0057.png,470758,4840,SUNSEG_case36,case36,17,034c50c577622686301944f91c55e9f6e0fe78e3403a5c4dddc6a81d49ae4ca0,Easy-Unseen,SELECTED_PENDING_CONTAMINATION
testharddataset/unseen/case36_3/case_m_20181025095048_0u62372102595347_1_004_001-1_a10_ayy_image0020,TestHardDataset,Unseen,case36_3,case36,20,SUN-SEG-FinalData-v20251212/TestHardDataset/Unseen/Frame/case36_3/case_M_20181025095048_0U62372102595347_1_004_001-1_a10_ayy_image0020.jpg,SUN-SEG-FinalData-v20251212/TestHardDataset/Unseen/GT/case36_3/case_M_20181025095048_0U62372102595347_1_004_001-1_a10_ayy_image0020.png,440315,5384,SUNSEG_case36,case36,18,03c74643fcb2073d24950f4da2db0c4854b3c59c80b164331fe1f1b87a309641,Hard-Unseen,SELECTED_PENDING_CONTAMINATION
testharddataset/unseen/case36_3/case_m_20181025095048_0u62372102595347_1_004_001-1_a8_ayy_image0315,TestHardDataset,Unseen,case36_3,case36,315,SUN-SEG-FinalData-v20251212/TestHardDataset/Unseen/Frame/case36_3/case_M_20181025095048_0U62372102595347_1_004_001-1_a8_ayy_image0315.jpg,SUN-SEG-FinalData-v20251212/TestHardDataset/Unseen/GT/case36_3/case_M_20181025095048_0U62372102595347_1_004_001-1_a8_ayy_image0315.png,454199,6949,SUNSEG_case36,case36,19,03fe87daa7d0c46f96d74752ff5c45a42fb6679576bab6f65a22b6bd8f8f39de,Hard-Unseen,SELECTED_PENDING_CONTAMINATION
testharddataset/unseen/case36_3/case_m_20181025095048_0u62372102595347_1_004_001-1_a8_ayy_image0172,TestHardDataset,Unseen,case36_3,case36,172,SUN-SEG-FinalData-v20251212/TestHardDataset/Unseen/Frame/case36_3/case_M_20181025095048_0U62372102595347_1_004_001-1_a8_ayy_image0172.jpg,SUN-SEG-FinalData-v20251212/TestHardDataset/Unseen/GT/case36_3/case_M_20181025095048_0U62372102595347_1_004_001-1_a8_ayy_image0172.png,394540,5508,SUNSEG_case36,case36,20,042098002c87eca981def50150731773f434a2b61415d331a43657c84b12c7bc,Hard-Unseen,SELECTED_PENDING_CONTAMINATION
testeasydataset/unseen/case37_2/case_m_20181025093921_0u62363102537521_1_002_001-1_a10_ayy_image0046,TestEasyDataset,Unseen,case37_2,case37,46,SUN-SEG-FinalData-v20251212/TestEasyDataset/Unseen/Frame/case37_2/case_M_20181025093921_0U62363102537521_1_002_001-1_a10_ayy_image0046.jpg,SUN-SEG-FinalData-v20251212/TestEasyDataset/Unseen/GT/case37_2/case_M_20181025093921_0U62363102537521_1_002_001-1_a10_ayy_image0046.png,475261,5501,SUNSEG_case37,case37,1,01b65dabff3fd1d30fa2c6ed37d12968f07f5a11a81ffe23d6e588e82d0c611c,Easy-Unseen,SELECTED_PENDING_CONTAMINATION
testeasydataset/unseen/case37_1/case_m_20181025093921_0u62363102537521_1_002_001-1_a1_ayy_image0001,TestEasyDataset,Unseen,case37_1,case37,1,SUN-SEG-FinalData-v20251212/TestEasyDataset/Unseen/Frame/case37_1/case_M_20181025093921_0U62363102537521_1_002_001-1_a1_ayy_image0001.jpg,SUN-SEG-FinalData-v20251212/TestEasyDataset/Unseen/GT/case37_1/case_M_20181025093921_0U62363102537521_1_002_001-1_a1_ayy_image0001.png,490974,4551,SUNSEG_case37,case37,2,024c279ebfa805f16560b3921aa0bd15a8e6b43f7a2d2cd62ecd2c1c07d64381,Easy-Unseen,SELECTED_PENDING_CONTAMINATION
testeasydataset/unseen/case37_2/case_m_20181025093921_0u62363102537521_1_002_001-1_a10_ayy_image0064,TestEasyDataset,Unseen,case37_2,case37,64,SUN-SEG-FinalData-v20251212/TestEasyDataset/Unseen/Frame/case37_2/case_M_20181025093921_0U62363102537521_1_002_001-1_a10_ayy_image0064.jpg,SUN-SEG-FinalData-v20251212/TestEasyDataset/Unseen/GT/case37_2/case_M_20181025093921_0U62363102537521_1_002_001-1_a10_ayy_image0064.png,466452,5190,SUNSEG_case37,case37,3,02525a3920e5247b6430a6f70a3b52aaf29ab20643f9371714899b94b8377dca,Easy-Unseen,SELECTED_PENDING_CONTAMINATION
testeasydataset/unseen/case37_3/case_m_20181025093921_0u62363102537521_1_002_001-1_a11_ayy_image0096,TestEasyDataset,Unseen,case37_3,case37,96,SUN-SEG-FinalData-v20251212/TestEasyDataset/Unseen/Frame/case37_3/case_M_20181025093921_0U62363102537521_1_002_001-1_a11_ayy_image0096.jpg,SUN-SEG-FinalData-v20251212/TestEasyDataset/Unseen/GT/case37_3/case_M_20181025093921_0U62363102537521_1_002_001-1_a11_ayy_image0096.png,549356,5495,SUNSEG_case37,case37,4,02807d67fd1ceb4cfb371e397d72e086cae036e9d33e9f269218db4c29a2a494,Easy-Unseen,SELECTED_PENDING_CONTAMINATION
testeasydataset/unseen/case37_1/case_m_20181025093921_0u62363102537521_1_002_001-1_a9_ayy_image0046,TestEasyDataset,Unseen,case37_1,case37,46,SUN-SEG-FinalData-v20251212/TestEasyDataset/Unseen/Frame/case37_1/case_M_20181025093921_0U62363102537521_1_002_001-1_a9_ayy_image0046.jpg,SUN-SEG-FinalData-v20251212/TestEasyDataset/Unseen/GT/case37_1/case_M_20181025093921_0U62363102537521_1_002_001-1_a9_ayy_image0046.png,546120,5851,SUNSEG_case37,case37,5,02988e22b3aad9f34fd9e2cc449e78d649105a30e9679a6f951a2417cb1d59be,Easy-Unseen,SELECTED_PENDING_CONTAMINATION
testeasydataset/unseen/case37_3/case_m_20181025093921_0u62363102537521_1_002_001-1_a11_ayy_image0036,TestEasyDataset,Unseen,case37_3,case37,36,SUN-SEG-FinalData-v20251212/TestEasyDataset/Unseen/Frame/case37_3/case_M_20181025093921_0U62363102537521_1_002_001-1_a11_ayy_image0036.jpg,SUN-SEG-FinalData-v20251212/TestEasyDataset/Unseen/GT/case37_3/case_M_20181025093921_0U62363102537521_1_002_001-1_a11_ayy_image0036.png,533780,4881,SUNSEG_case37,case37,6,032048979b8eebdd777623e7ac711a2fd02dea30d997f8af4a75041bce598061,Easy-Unseen,SELECTED_PENDING_CONTAMINATION
testeasydataset/unseen/case37_2/case_m_20181025093921_0u62363102537521_1_002_001-1_a10_ayy_image0036,TestEasyDataset,Unseen,case37_2,case37,36,SUN-SEG-FinalData-v20251212/TestEasyDataset/Unseen/Frame/case37_2/case_M_20181025093921_0U62363102537521_1_002_001-1_a10_ayy_image0036.jpg,SUN-SEG-FinalData-v20251212/TestEasyDataset/Unseen/GT/case37_2/case_M_20181025093921_0U62363102537521_1_002_001-1_a10_ayy_image0036.png,404206,6101,SUNSEG_case37,case37,7,038da2288dc0a0b805ec6bcd880bf0f60445eee44ada06044b84cd8144deba9c,Easy-Unseen,SELECTED_PENDING_CONTAMINATION
testeasydataset/unseen/case37_2/case_m_20181025093921_0u62363102537521_1_002_001-1_a10_ayy_image0017,TestEasyDataset,Unseen,case37_2,case37,17,SUN-SEG-FinalData-v20251212/TestEasyDataset/Unseen/Frame/case37_2/case_M_20181025093921_0U62363102537521_1_002_001-1_a10_ayy_image0017.jpg,SUN-SEG-FinalData-v20251212/TestEasyDataset/Unseen/GT/case37_2/case_M_20181025093921_0U62363102537521_1_002_001-1_a10_ayy_image0017.png,488543,6552,SUNSEG_case37,case37,8,03937dd6d3c075a3b2a1459686f0b827819e1e247df029fe35b7d0eeacc2a240,Easy-Unseen,SELECTED_PENDING_CONTAMINATION
testeasydataset/unseen/case37_2/case_m_20181025093921_0u62363102537521_1_002_001-1_a10_ayy_image0060,TestEasyDataset,Unseen,case37_2,case37,60,SUN-SEG-FinalData-v20251212/TestEasyDataset/Unseen/Frame/case37_2/case_M_20181025093921_0U62363102537521_1_002_001-1_a10_ayy_image0060.jpg,SUN-SEG-FinalData-v20251212/TestEasyDataset/Unseen/GT/case37_2/case_M_20181025093921_0U62363102537521_1_002_001-1_a10_ayy_image0060.png,458022,5452,SUNSEG_case37,case37,9,04edeea9659d66cd46a936f821790395b347a75b75e793ba7e0b4becd766ae7f,Easy-Unseen,SELECTED_PENDING_CONTAMINATION
testeasydataset/unseen/case37_1/case_m_20181025093921_0u62363102537521_1_002_001-1_a9_ayy_image0028,TestEasyDataset,Unseen,case37_1,case37,28,SUN-SEG-FinalData-v20251212/TestEasyDataset/Unseen/Frame/case37_1/case_M_20181025093921_0U62363102537521_1_002_001-1_a9_ayy_image0028.jpg,SUN-SEG-FinalData-v20251212/TestEasyDataset/Unseen/GT/case37_1/case_M_20181025093921_0U62363102537521_1_002_001-1_a9_ayy_image0028.png,401930,6091,SUNSEG_case37,case37,10,06270e72c6652da89e58508469b5f464778d556e130babc591b06c5c6d0897f3,Easy-Unseen,SELECTED_PENDING_CONTAMINATION
testeasydataset/unseen/case37_3/case_m_20181025093921_0u62363102537521_1_002_001-1_a11_ayy_image0049,TestEasyDataset,Unseen,case37_3,case37,49,SUN-SEG-FinalData-v20251212/TestEasyDataset/Unseen/Frame/case37_3/case_M_20181025093921_0U62363102537521_1_002_001-1_a11_ayy_image0049.jpg,SUN-SEG-FinalData-v20251212/TestEasyDataset/Unseen/GT/case37_3/case_M_20181025093921_0U62363102537521_1_002_001-1_a11_ayy_image0049.png,511081,4874,SUNSEG_case37,case37,11,074a4fa7c59e7181f3d0ed6a48a86addee643e25ae4452c6943b1ac6f8aaa98b,Easy-Unseen,SELECTED_PENDING_CONTAMINATION
testeasydataset/unseen/case37_1/case_m_20181025093921_0u62363102537521_1_002_001-1_a1_ayy_image0082,TestEasyDataset,Unseen,case37_1,case37,82,SUN-SEG-FinalData-v20251212/TestEasyDataset/Unseen/Frame/case37_1/case_M_20181025093921_0U62363102537521_1_002_001-1_a1_ayy_image0082.jpg,SUN-SEG-FinalData-v20251212/TestEasyDataset/Unseen/GT/case37_1/case_M_20181025093921_0U62363102537521_1_002_001-1_a1_ayy_image0082.png,474435,5972,SUNSEG_case37,case37,12,094ec22b0b25e60ebc476158b5b1d2e1ad6efe707e44e456fd023cba70555610,Easy-Unseen,SELECTED_PENDING_CONTAMINATION
testeasydataset/unseen/case37_3/case_m_20181025093921_0u62363102537521_1_002_001-1_a11_ayy_image0074,TestEasyDataset,Unseen,case37_3,case37,74,SUN-SEG-FinalData-v20251212/TestEasyDataset/Unseen/Frame/case37_3/case_M_20181025093921_0U62363102537521_1_002_001-1_a11_ayy_image0074.jpg,SUN-SEG-FinalData-v20251212/TestEasyDataset/Unseen/GT/case37_3/case_M_20181025093921_0U62363102537521_1_002_001-1_a11_ayy_image0074.png,416374,5418,SUNSEG_case37,case37,13,09f99fde9b9212e865114b970e94bc9fee0c692fcb18cca59149fbb68bb1da1e,Easy-Unseen,SELECTED_PENDING_CONTAMINATION
testeasydataset/unseen/case37_1/case_m_20181025093921_0u62363102537521_1_002_001-1_a1_ayy_image0046,TestEasyDataset,Unseen,case37_1,case37,46,SUN-SEG-FinalData-v20251212/TestEasyDataset/Unseen/Frame/case37_1/case_M_20181025093921_0U62363102537521_1_002_001-1_a1_ayy_image0046.jpg,SUN-SEG-FinalData-v20251212/TestEasyDataset/Unseen/GT/case37_1/case_M_20181025093921_0U62363102537521_1_002_001-1_a1_ayy_image0046.png,479050,5838,SUNSEG_case37,case37,14,0b551a8a3288f648e1a0541d04eae484907e2a57f597afcd5e8afadd10809671,Easy-Unseen,SELECTED_PENDING_CONTAMINATION
testeasydataset/unseen/case37_1/case_m_20181025093921_0u62363102537521_1_002_001-1_a9_ayy_image0054,TestEasyDataset,Unseen,case37_1,case37,54,SUN-SEG-FinalData-v20251212/TestEasyDataset/Unseen/Frame/case37_1/case_M_20181025093921_0U62363102537521_1_002_001-1_a9_ayy_image0054.jpg,SUN-SEG-FinalData-v20251212/TestEasyDataset/Unseen/GT/case37_1/case_M_20181025093921_0U62363102537521_1_002_001-1_a9_ayy_image0054.png,580513,5851,SUNSEG_case37,case37,15,0c1a6d19ae462f34de1f1e4bcaf3e8652fb4177b790e1ee76848b9acf3868863,Easy-Unseen,SELECTED_PENDING_CONTAMINATION
testeasydataset/unseen/case37_3/case_m_20181025093921_0u62363102537521_1_002_001-1_a11_ayy_image0041,TestEasyDataset,Unseen,case37_3,case37,41,SUN-SEG-FinalData-v20251212/TestEasyDataset/Unseen/Frame/case37_3/case_M_20181025093921_0U62363102537521_1_002_001-1_a11_ayy_image0041.jpg,SUN-SEG-FinalData-v20251212/TestEasyDataset/Unseen/GT/case37_3/case_M_20181025093921_0U62363102537521_1_002_001-1_a11_ayy_image0041.png,401286,4944,SUNSEG_case37,case37,16,0c76b8c4c09b7eae44239a03f251a6ed18b3c1746a6d99cc6f89d6e6768c6873,Easy-Unseen,SELECTED_PENDING_CONTAMINATION
testeasydataset/unseen/case37_3/case_m_20181025093921_0u62363102537521_1_002_001-1_a11_ayy_image0060,TestEasyDataset,Unseen,case37_3,case37,60,SUN-SEG-FinalData-v20251212/TestEasyDataset/Unseen/Frame/case37_3/case_M_20181025093921_0U62363102537521_1_002_001-1_a11_ayy_image0060.jpg,SUN-SEG-FinalData-v20251212/TestEasyDataset/Unseen/GT/case37_3/case_M_20181025093921_0U62363102537521_1_002_001-1_a11_ayy_image0060.png,583105,4874,SUNSEG_case37,case37,17,0e27af0d6414ab96fe506e1d9344e6b9a8a1a4eaf30e00bd10be871809cf9cc1,Easy-Unseen,SELECTED_PENDING_CONTAMINATION
testeasydataset/unseen/case37_2/case_m_20181025093921_0u62363102537521_1_002_001-1_a10_ayy_image0095,TestEasyDataset,Unseen,case37_2,case37,95,SUN-SEG-FinalData-v20251212/TestEasyDataset/Unseen/Frame/case37_2/case_M_20181025093921_0U62363102537521_1_002_001-1_a10_ayy_image0095.jpg,SUN-SEG-FinalData-v20251212/TestEasyDataset/Unseen/GT/case37_2/case_M_20181025093921_0U62363102537521_1_002_001-1_a10_ayy_image0095.png,478328,6127,SUNSEG_case37,case37,18,0f3009af9146f851e9ea095669ed45022e1c74c9fddb4797b1a7b1e3bd3278a0,Easy-Unseen,SELECTED_PENDING_CONTAMINATION
testeasydataset/unseen/case37_2/case_m_20181025093921_0u62363102537521_1_002_001-1_a10_ayy_image0115,TestEasyDataset,Unseen,case37_2,case37,115,SUN-SEG-FinalData-v20251212/TestEasyDataset/Unseen/Frame/case37_2/case_M_20181025093921_0U62363102537521_1_002_001-1_a10_ayy_image0115.jpg,SUN-SEG-FinalData-v20251212/TestEasyDataset/Unseen/GT/case37_2/case_M_20181025093921_0U62363102537521_1_002_001-1_a10_ayy_image0115.png,451796,6242,SUNSEG_case37,case37,19,0fdc85b74fbe0500b7666499e4efe73e98f6fa86934617180943271da2adf134,Easy-Unseen,SELECTED_PENDING_CONTAMINATION
testeasydataset/unseen/case37_2/case_m_20181025093921_0u62363102537521_1_002_001-1_a10_ayy_image0032,TestEasyDataset,Unseen,case37_2,case37,32,SUN-SEG-FinalData-v20251212/TestEasyDataset/Unseen/Frame/case37_2/case_M_20181025093921_0U62363102537521_1_002_001-1_a10_ayy_image0032.jpg,SUN-SEG-FinalData-v20251212/TestEasyDataset/Unseen/GT/case37_2/case_M_20181025093921_0U62363102537521_1_002_001-1_a10_ayy_image0032.png,468982,6247,SUNSEG_case37,case37,20,104fe4f0aa7f4bf39fb4be8abf69f71a0d3a2e788930e4d2baa9c9c0b2315112,Easy-Unseen,SELECTED_PENDING_CONTAMINATION
testeasydataset/unseen/case39_3/case_m_20181029094800_0u62368102981259_1_005_001-1_a18_ayy_image0022,TestEasyDataset,Unseen,case39_3,case39,22,SUN-SEG-FinalData-v20251212/TestEasyDataset/Unseen/Frame/case39_3/case_M_20181029094800_0U62368102981259_1_005_001-1_a18_ayy_image0022.jpg,SUN-SEG-FinalData-v20251212/TestEasyDataset/Unseen/GT/case39_3/case_M_20181029094800_0U62368102981259_1_005_001-1_a18_ayy_image0022.png,567551,5346,SUNSEG_case39,case39,1,007d8a8a898ca8165764118c8e4a3e66ea50adeeba5532d7d9f46fb301bd9a76,Easy-Unseen,SELECTED_PENDING_CONTAMINATION
testharddataset/unseen/case39_2/case_m_20181029094800_0u62368102981259_1_005_001-1_a15_ayy_image0200,TestHardDataset,Unseen,case39_2,case39,200,SUN-SEG-FinalData-v20251212/TestHardDataset/Unseen/Frame/case39_2/case_M_20181029094800_0U62368102981259_1_005_001-1_a15_ayy_image0200.jpg,SUN-SEG-FinalData-v20251212/TestHardDataset/Unseen/GT/case39_2/case_M_20181029094800_0U62368102981259_1_005_001-1_a15_ayy_image0200.png,499751,5133,SUNSEG_case39,case39,2,0157db6b0a4076930f4e58413988aff79f2745e73abc14a70a4519a751f833a1,Hard-Unseen,SELECTED_PENDING_CONTAMINATION
testeasydataset/unseen/case39_3/case_m_20181029094800_0u62368102981259_1_005_001-1_a18_ayy_image0076,TestEasyDataset,Unseen,case39_3,case39,76,SUN-SEG-FinalData-v20251212/TestEasyDataset/Unseen/Frame/case39_3/case_M_20181029094800_0U62368102981259_1_005_001-1_a18_ayy_image0076.jpg,SUN-SEG-FinalData-v20251212/TestEasyDataset/Unseen/GT/case39_3/case_M_20181029094800_0U62368102981259_1_005_001-1_a18_ayy_image0076.png,573442,5219,SUNSEG_case39,case39,3,01bfa6f4e051389c95d34c483f3f997b7f8cfbbe3a4af492b8029da1531ead7a,Easy-Unseen,SELECTED_PENDING_CONTAMINATION
testeasydataset/unseen/case39_3/case_m_20181029094800_0u62368102981259_1_005_001-1_a18_ayy_image0142,TestEasyDataset,Unseen,case39_3,case39,142,SUN-SEG-FinalData-v20251212/TestEasyDataset/Unseen/Frame/case39_3/case_M_20181029094800_0U62368102981259_1_005_001-1_a18_ayy_image0142.jpg,SUN-SEG-FinalData-v20251212/TestEasyDataset/Unseen/GT/case39_3/case_M_20181029094800_0U62368102981259_1_005_001-1_a18_ayy_image0142.png,567311,5061,SUNSEG_case39,case39,4,01dbe22666742ba421afe00298f49af2e99490e4b8ea8bf33839b03a66d1fa90,Easy-Unseen,SELECTED_PENDING_CONTAMINATION
testharddataset/unseen/case39_2/case_m_20181029094800_0u62368102981259_1_005_001-1_a15_ayy_image0162,TestHardDataset,Unseen,case39_2,case39,162,SUN-SEG-FinalData-v20251212/TestHardDataset/Unseen/Frame/case39_2/case_M_20181029094800_0U62368102981259_1_005_001-1_a15_ayy_image0162.jpg,SUN-SEG-FinalData-v20251212/TestHardDataset/Unseen/GT/case39_2/case_M_20181029094800_0U62368102981259_1_005_001-1_a15_ayy_image0162.png,532920,5271,SUNSEG_case39,case39,5,02255edef13102be4f814ba807872c1971756ce4ef55ae831eb7121e3241336c,Hard-Unseen,SELECTED_PENDING_CONTAMINATION
testharddataset/unseen/case39_1/case_m_20181029094800_0u62368102981259_1_005_001-1_a12_ayy_image0120,TestHardDataset,Unseen,case39_1,case39,120,SUN-SEG-FinalData-v20251212/TestHardDataset/Unseen/Frame/case39_1/case_M_20181029094800_0U62368102981259_1_005_001-1_a12_ayy_image0120.jpg,SUN-SEG-FinalData-v20251212/TestHardDataset/Unseen/GT/case39_1/case_M_20181029094800_0U62368102981259_1_005_001-1_a12_ayy_image0120.png,477029,4472,SUNSEG_case39,case39,6,0253665c34edfb30a79aaef8d821335896fa46837aa036e7426a3650e37fb98c,Hard-Unseen,SELECTED_PENDING_CONTAMINATION
testharddataset/unseen/case39_1/case_m_20181029094800_0u62368102981259_1_005_001-1_a14_ayy_image0042,TestHardDataset,Unseen,case39_1,case39,42,SUN-SEG-FinalData-v20251212/TestHardDataset/Unseen/Frame/case39_1/case_M_20181029094800_0U62368102981259_1_005_001-1_a14_ayy_image0042.jpg,SUN-SEG-FinalData-v20251212/TestHardDataset/Unseen/GT/case39_1/case_M_20181029094800_0U62368102981259_1_005_001-1_a14_ayy_image0042.png,512144,4864,SUNSEG_case39,case39,7,0263ca8f69ee2c392d9aab05bd8e5f23e5c713aa4401777f4f1c2d912faf2aa7,Hard-Unseen,SELECTED_PENDING_CONTAMINATION
testharddataset/unseen/case39_2/case_m_20181029094800_0u62368102981259_1_005_001-1_a15_ayy_image0204,TestHardDataset,Unseen,case39_2,case39,204,SUN-SEG-FinalData-v20251212/TestHardDataset/Unseen/Frame/case39_2/case_M_20181029094800_0U62368102981259_1_005_001-1_a15_ayy_image0204.jpg,SUN-SEG-FinalData-v20251212/TestHardDataset/Unseen/GT/case39_2/case_M_20181029094800_0U62368102981259_1_005_001-1_a15_ayy_image0204.png,610842,5189,SUNSEG_case39,case39,8,0281af2e4b33133204ffdbb1398d77a90bab2dc4773021a5bf60d5061f87978c,Hard-Unseen,SELECTED_PENDING_CONTAMINATION
testharddataset/unseen/case39_1/case_m_20181029094800_0u62368102981259_1_005_001-1_a12_ayy_image0028,TestHardDataset,Unseen,case39_1,case39,28,SUN-SEG-FinalData-v20251212/TestHardDataset/Unseen/Frame/case39_1/case_M_20181029094800_0U62368102981259_1_005_001-1_a12_ayy_image0028.jpg,SUN-SEG-FinalData-v20251212/TestHardDataset/Unseen/GT/case39_1/case_M_20181029094800_0U62368102981259_1_005_001-1_a12_ayy_image0028.png,487007,5603,SUNSEG_case39,case39,9,029e6a35eb1ee30bb264f054e267356f3d6a95baf7c9ce46deb9136bbc397cdf,Hard-Unseen,SELECTED_PENDING_CONTAMINATION
testeasydataset/unseen/case39_3/case_m_20181029094800_0u62368102981259_1_005_001-1_a18_ayy_image0014,TestEasyDataset,Unseen,case39_3,case39,14,SUN-SEG-FinalData-v20251212/TestEasyDataset/Unseen/Frame/case39_3/case_M_20181029094800_0U62368102981259_1_005_001-1_a18_ayy_image0014.jpg,SUN-SEG-FinalData-v20251212/TestEasyDataset/Unseen/GT/case39_3/case_M_20181029094800_0U62368102981259_1_005_001-1_a18_ayy_image0014.png,444417,5434,SUNSEG_case39,case39,10,02be767c557a9223e20e64e57756729919a59e3562c5d591f3632fe630ec860b,Easy-Unseen,SELECTED_PENDING_CONTAMINATION
testharddataset/unseen/case39_2/case_m_20181029094800_0u62368102981259_1_005_001-1_a15_ayy_image0159,TestHardDataset,Unseen,case39_2,case39,159,SUN-SEG-FinalData-v20251212/TestHardDataset/Unseen/Frame/case39_2/case_M_20181029094800_0U62368102981259_1_005_001-1_a15_ayy_image0159.jpg,SUN-SEG-FinalData-v20251212/TestHardDataset/Unseen/GT/case39_2/case_M_20181029094800_0U62368102981259_1_005_001-1_a15_ayy_image0159.png,581973,5271,SUNSEG_case39,case39,11,031f8a3e6587ef3992133dfa808e62cd267496bcab6a13fec7647cda84230f3d,Hard-Unseen,SELECTED_PENDING_CONTAMINATION
testharddataset/unseen/case39_1/case_m_20181029094800_0u62368102981259_1_005_001-1_a12_ayy_image0124,TestHardDataset,Unseen,case39_1,case39,124,SUN-SEG-FinalData-v20251212/TestHardDataset/Unseen/Frame/case39_1/case_M_20181029094800_0U62368102981259_1_005_001-1_a12_ayy_image0124.jpg,SUN-SEG-FinalData-v20251212/TestHardDataset/Unseen/GT/case39_1/case_M_20181029094800_0U62368102981259_1_005_001-1_a12_ayy_image0124.png,533198,4687,SUNSEG_case39,case39,12,03d9cba7782d01512489997c8a3f5856b5076830b1d10246df11f3be5b1320ab,Hard-Unseen,SELECTED_PENDING_CONTAMINATION
testharddataset/unseen/case39_2/case_m_20181029094800_0u62368102981259_1_005_001-1_a15_ayy_image0038,TestHardDataset,Unseen,case39_2,case39,38,SUN-SEG-FinalData-v20251212/TestHardDataset/Unseen/Frame/case39_2/case_M_20181029094800_0U62368102981259_1_005_001-1_a15_ayy_image0038.jpg,SUN-SEG-FinalData-v20251212/TestHardDataset/Unseen/GT/case39_2/case_M_20181029094800_0U62368102981259_1_005_001-1_a15_ayy_image0038.png,598339,4758,SUNSEG_case39,case39,13,045278d963619804aff0341e759dbc42c078dc05ff7ae728beac6243bd4323c0,Hard-Unseen,SELECTED_PENDING_CONTAMINATION
testeasydataset/unseen/case39_3/case_m_20181029094800_0u62368102981259_1_005_001-1_a18_ayy_image0024,TestEasyDataset,Unseen,case39_3,case39,24,SUN-SEG-FinalData-v20251212/TestEasyDataset/Unseen/Frame/case39_3/case_M_20181029094800_0U62368102981259_1_005_001-1_a18_ayy_image0024.jpg,SUN-SEG-FinalData-v20251212/TestEasyDataset/Unseen/GT/case39_3/case_M_20181029094800_0U62368102981259_1_005_001-1_a18_ayy_image0024.png,543216,5342,SUNSEG_case39,case39,14,0482e62b90aeedf1f64d9b5e5b93b7a072ad618d58883ffa9321d73d1e64d9aa,Easy-Unseen,SELECTED_PENDING_CONTAMINATION
testeasydataset/unseen/case39_3/case_m_20181029094800_0u62368102981259_1_005_001-1_a18_ayy_image0077,TestEasyDataset,Unseen,case39_3,case39,77,SUN-SEG-FinalData-v20251212/TestEasyDataset/Unseen/Frame/case39_3/case_M_20181029094800_0U62368102981259_1_005_001-1_a18_ayy_image0077.jpg,SUN-SEG-FinalData-v20251212/TestEasyDataset/Unseen/GT/case39_3/case_M_20181029094800_0U62368102981259_1_005_001-1_a18_ayy_image0077.png,521530,5219,SUNSEG_case39,case39,15,048b8329ac085b44d320dc893622fdf389a07fac1fe63fa34bbbd22f9d6a7d99,Easy-Unseen,SELECTED_PENDING_CONTAMINATION
testeasydataset/unseen/case39_3/case_m_20181029094800_0u62368102981259_1_005_001-1_a18_ayy_image0129,TestEasyDataset,Unseen,case39_3,case39,129,SUN-SEG-FinalData-v20251212/TestEasyDataset/Unseen/Frame/case39_3/case_M_20181029094800_0U62368102981259_1_005_001-1_a18_ayy_image0129.jpg,SUN-SEG-FinalData-v20251212/TestEasyDataset/Unseen/GT/case39_3/case_M_20181029094800_0U62368102981259_1_005_001-1_a18_ayy_image0129.png,549780,4956,SUNSEG_case39,case39,16,049bd53e4cd425887dad05acdb47ad5cad9faa706c6cf3f32d00d93ac36f594e,Easy-Unseen,SELECTED_PENDING_CONTAMINATION
testeasydataset/unseen/case39_3/case_m_20181029094800_0u62368102981259_1_005_001-1_a18_ayy_image0047,TestEasyDataset,Unseen,case39_3,case39,47,SUN-SEG-FinalData-v20251212/TestEasyDataset/Unseen/Frame/case39_3/case_M_20181029094800_0U62368102981259_1_005_001-1_a18_ayy_image0047.jpg,SUN-SEG-FinalData-v20251212/TestEasyDataset/Unseen/GT/case39_3/case_M_20181029094800_0U62368102981259_1_005_001-1_a18_ayy_image0047.png,614399,5281,SUNSEG_case39,case39,17,04d531f3f7a36351209c8fd681bea2f1c4dfd91fe9db09e3ce75ab619e78efa2,Easy-Unseen,SELECTED_PENDING_CONTAMINATION
testharddataset/unseen/case39_2/case_m_20181029094800_0u62368102981259_1_005_001-1_a15_ayy_image0201,TestHardDataset,Unseen,case39_2,case39,201,SUN-SEG-FinalData-v20251212/TestHardDataset/Unseen/Frame/case39_2/case_M_20181029094800_0U62368102981259_1_005_001-1_a15_ayy_image0201.jpg,SUN-SEG-FinalData-v20251212/TestHardDataset/Unseen/GT/case39_2/case_M_20181029094800_0U62368102981259_1_005_001-1_a15_ayy_image0201.png,557320,5138,SUNSEG_case39,case39,18,0506b705a25455adfbbe3c237c8f1b18c88812586eb3cb01568c7e7f94961e67,Hard-Unseen,SELECTED_PENDING_CONTAMINATION
testharddataset/unseen/case39_2/case_m_20181029094800_0u62368102981259_1_005_001-1_a15_ayy_image0192,TestHardDataset,Unseen,case39_2,case39,192,SUN-SEG-FinalData-v20251212/TestHardDataset/Unseen/Frame/case39_2/case_M_20181029094800_0U62368102981259_1_005_001-1_a15_ayy_image0192.jpg,SUN-SEG-FinalData-v20251212/TestHardDataset/Unseen/GT/case39_2/case_M_20181029094800_0U62368102981259_1_005_001-1_a15_ayy_image0192.png,621784,5397,SUNSEG_case39,case39,19,057aa4aae0761263db53d1b793ab165f6b620f7b05adcf62f6485c0bd03134f5,Hard-Unseen,SELECTED_PENDING_CONTAMINATION
testharddataset/unseen/case39_1/case_m_20181029094800_0u62368102981259_1_005_001-1_a12_ayy_image0048,TestHardDataset,Unseen,case39_1,case39,48,SUN-SEG-FinalData-v20251212/TestHardDataset/Unseen/Frame/case39_1/case_M_20181029094800_0U62368102981259_1_005_001-1_a12_ayy_image0048.jpg,SUN-SEG-FinalData-v20251212/TestHardDataset/Unseen/GT/case39_1/case_M_20181029094800_0U62368102981259_1_005_001-1_a12_ayy_image0048.png,489624,5417,SUNSEG_case39,case39,20,0613ed4d4beeeb185a15634528b59d6f24481573412cdad3b4212e7be2c732a2,Hard-Unseen,SELECTED_PENDING_CONTAMINATION
testeasydataset/unseen/case40/case_m_20181029094800_0u62368102981259_1_002_001-1_a5_ayy_image0044,TestEasyDataset,Unseen,case40,case40,44,SUN-SEG-FinalData-v20251212/TestEasyDataset/Unseen/Frame/case40/case_M_20181029094800_0U62368102981259_1_002_001-1_a5_ayy_image0044.jpg,SUN-SEG-FinalData-v20251212/TestEasyDataset/Unseen/GT/case40/case_M_20181029094800_0U62368102981259_1_002_001-1_a5_ayy_image0044.png,508240,4303,SUNSEG_case40,case40,1,023b288382cb84b860fff6061f7bce7edb5072887f9659f86d75fa4dd5b0c15f,Easy-Unseen,SELECTED_PENDING_CONTAMINATION
testeasydataset/unseen/case40/case_m_20181029094800_0u62368102981259_1_002_001-1_a5_ayy_image0017,TestEasyDataset,Unseen,case40,case40,17,SUN-SEG-FinalData-v20251212/TestEasyDataset/Unseen/Frame/case40/case_M_20181029094800_0U62368102981259_1_002_001-1_a5_ayy_image0017.jpg,SUN-SEG-FinalData-v20251212/TestEasyDataset/Unseen/GT/case40/case_M_20181029094800_0U62368102981259_1_002_001-1_a5_ayy_image0017.png,412487,3907,SUNSEG_case40,case40,2,0269543e308a97deac91bf221df2e0d286c8e9c5adbff8de0401cf05c28fba3f,Easy-Unseen,SELECTED_PENDING_CONTAMINATION
testeasydataset/unseen/case40/case_m_20181029094800_0u62368102981259_1_002_001-1_a6_ayy_image0044,TestEasyDataset,Unseen,case40,case40,44,SUN-SEG-FinalData-v20251212/TestEasyDataset/Unseen/Frame/case40/case_M_20181029094800_0U62368102981259_1_002_001-1_a6_ayy_image0044.jpg,SUN-SEG-FinalData-v20251212/TestEasyDataset/Unseen/GT/case40/case_M_20181029094800_0U62368102981259_1_002_001-1_a6_ayy_image0044.png,628254,4074,SUNSEG_case40,case40,3,03de9c4bd6285154ca58413707c1a5a9c930762bff0e81dac774aa64c4f31a6e,Easy-Unseen,SELECTED_PENDING_CONTAMINATION
testeasydataset/unseen/case40/case_m_20181029094800_0u62368102981259_1_002_001-1_a5_ayy_image0019,TestEasyDataset,Unseen,case40,case40,19,SUN-SEG-FinalData-v20251212/TestEasyDataset/Unseen/Frame/case40/case_M_20181029094800_0U62368102981259_1_002_001-1_a5_ayy_image0019.jpg,SUN-SEG-FinalData-v20251212/TestEasyDataset/Unseen/GT/case40/case_M_20181029094800_0U62368102981259_1_002_001-1_a5_ayy_image0019.png,447061,3966,SUNSEG_case40,case40,4,05c28aabcc74b5c181644f7005da36324bcf7b99c9cb851ba84e8ac2863d225b,Easy-Unseen,SELECTED_PENDING_CONTAMINATION
testeasydataset/unseen/case40/case_m_20181029094800_0u62368102981259_1_002_001-1_a5_ayy_image0015,TestEasyDataset,Unseen,case40,case40,15,SUN-SEG-FinalData-v20251212/TestEasyDataset/Unseen/Frame/case40/case_M_20181029094800_0U62368102981259_1_002_001-1_a5_ayy_image0015.jpg,SUN-SEG-FinalData-v20251212/TestEasyDataset/Unseen/GT/case40/case_M_20181029094800_0U62368102981259_1_002_001-1_a5_ayy_image0015.png,575952,3973,SUNSEG_case40,case40,5,0bceb5b1fbe88c66e0466523b9b3379d22ab5e996943257e8b13503a6874a592,Easy-Unseen,SELECTED_PENDING_CONTAMINATION
testeasydataset/unseen/case40/case_m_20181029094800_0u62368102981259_1_002_001-1_a5_ayy_image0029,TestEasyDataset,Unseen,case40,case40,29,SUN-SEG-FinalData-v20251212/TestEasyDataset/Unseen/Frame/case40/case_M_20181029094800_0U62368102981259_1_002_001-1_a5_ayy_image0029.jpg,SUN-SEG-FinalData-v20251212/TestEasyDataset/Unseen/GT/case40/case_M_20181029094800_0U62368102981259_1_002_001-1_a5_ayy_image0029.png,601395,4139,SUNSEG_case40,case40,6,0c8846ccfc49534436280c6062f2c6a204bb90418ad3b18de4300ac69f1b2ed7,Easy-Unseen,SELECTED_PENDING_CONTAMINATION
testeasydataset/unseen/case40/case_m_20181029094800_0u62368102981259_1_002_001-1_a4_ayy_image0030,TestEasyDataset,Unseen,case40,case40,30,SUN-SEG-FinalData-v20251212/TestEasyDataset/Unseen/Frame/case40/case_M_20181029094800_0U62368102981259_1_002_001-1_a4_ayy_image0030.jpg,SUN-SEG-FinalData-v20251212/TestEasyDataset/Unseen/GT/case40/case_M_20181029094800_0U62368102981259_1_002_001-1_a4_ayy_image0030.png,401655,4631,SUNSEG_case40,case40,7,13d7d95c458e40429f44be65c5c6ed67b04e295bd49a8a6f479a63b37f23f895,Easy-Unseen,SELECTED_PENDING_CONTAMINATION
testeasydataset/unseen/case40/case_m_20181029094800_0u62368102981259_1_002_001-1_a5_ayy_image0040,TestEasyDataset,Unseen,case40,case40,40,SUN-SEG-FinalData-v20251212/TestEasyDataset/Unseen/Frame/case40/case_M_20181029094800_0U62368102981259_1_002_001-1_a5_ayy_image0040.jpg,SUN-SEG-FinalData-v20251212/TestEasyDataset/Unseen/GT/case40/case_M_20181029094800_0U62368102981259_1_002_001-1_a5_ayy_image0040.png,643639,4139,SUNSEG_case40,case40,8,1447683015934afed005c2d216d7b97967964470050cb516ded58fc7d0c60cb9,Easy-Unseen,SELECTED_PENDING_CONTAMINATION
testeasydataset/unseen/case40/case_m_20181029094800_0u62368102981259_1_002_001-1_a5_ayy_image0002,TestEasyDataset,Unseen,case40,case40,2,SUN-SEG-FinalData-v20251212/TestEasyDataset/Unseen/Frame/case40/case_M_20181029094800_0U62368102981259_1_002_001-1_a5_ayy_image0002.jpg,SUN-SEG-FinalData-v20251212/TestEasyDataset/Unseen/GT/case40/case_M_20181029094800_0U62368102981259_1_002_001-1_a5_ayy_image0002.png,419257,4107,SUNSEG_case40,case40,9,1572a3a77bdfd5536c775d8ffb5402b13daa3171e9600d0c9506de4f52e0f6cf,Easy-Unseen,SELECTED_PENDING_CONTAMINATION
testeasydataset/unseen/case40/case_m_20181029094800_0u62368102981259_1_002_001-1_a4_ayy_image0011,TestEasyDataset,Unseen,case40,case40,11,SUN-SEG-FinalData-v20251212/TestEasyDataset/Unseen/Frame/case40/case_M_20181029094800_0U62368102981259_1_002_001-1_a4_ayy_image0011.jpg,SUN-SEG-FinalData-v20251212/TestEasyDataset/Unseen/GT/case40/case_M_20181029094800_0U62368102981259_1_002_001-1_a4_ayy_image0011.png,461479,4517,SUNSEG_case40,case40,10,1697111d88d105df84659c72c0d0676de0985f3cc701a532a4cbea063985f9f0,Easy-Unseen,SELECTED_PENDING_CONTAMINATION
testeasydataset/unseen/case40/case_m_20181029094800_0u62368102981259_1_002_001-1_a6_ayy_image0035,TestEasyDataset,Unseen,case40,case40,35,SUN-SEG-FinalData-v20251212/TestEasyDataset/Unseen/Frame/case40/case_M_20181029094800_0U62368102981259_1_002_001-1_a6_ayy_image0035.jpg,SUN-SEG-FinalData-v20251212/TestEasyDataset/Unseen/GT/case40/case_M_20181029094800_0U62368102981259_1_002_001-1_a6_ayy_image0035.png,641451,4074,SUNSEG_case40,case40,11,170ff6e1fc6c03d881cb52d74e7d1829263660571f7b67f3b28db27e0a4f4a02,Easy-Unseen,SELECTED_PENDING_CONTAMINATION
testeasydataset/unseen/case40/case_m_20181029094800_0u62368102981259_1_002_001-1_a5_ayy_image0036,TestEasyDataset,Unseen,case40,case40,36,SUN-SEG-FinalData-v20251212/TestEasyDataset/Unseen/Frame/case40/case_M_20181029094800_0U62368102981259_1_002_001-1_a5_ayy_image0036.jpg,SUN-SEG-FinalData-v20251212/TestEasyDataset/Unseen/GT/case40/case_M_20181029094800_0U62368102981259_1_002_001-1_a5_ayy_image0036.png,632321,4139,SUNSEG_case40,case40,12,18c23e1184c540886d9178e5d0bb7cbbad7b39712c9d91f20dc7eb21cc762c7d,Easy-Unseen,SELECTED_PENDING_CONTAMINATION
testeasydataset/unseen/case40/case_m_20181029094800_0u62368102981259_1_002_001-1_a5_ayy_image0004,TestEasyDataset,Unseen,case40,case40,4,SUN-SEG-FinalData-v20251212/TestEasyDataset/Unseen/Frame/case40/case_M_20181029094800_0U62368102981259_1_002_001-1_a5_ayy_image0004.jpg,SUN-SEG-FinalData-v20251212/TestEasyDataset/Unseen/GT/case40/case_M_20181029094800_0U62368102981259_1_002_001-1_a5_ayy_image0004.png,505791,4209,SUNSEG_case40,case40,13,1abff3601d0f83f2bfff6bb8b93a0e098976da8640bcbfd16b8c96ab8f4afc64,Easy-Unseen,SELECTED_PENDING_CONTAMINATION
testeasydataset/unseen/case40/case_m_20181029094800_0u62368102981259_1_002_001-1_a6_ayy_image0032,TestEasyDataset,Unseen,case40,case40,32,SUN-SEG-FinalData-v20251212/TestEasyDataset/Unseen/Frame/case40/case_M_20181029094800_0U62368102981259_1_002_001-1_a6_ayy_image0032.jpg,SUN-SEG-FinalData-v20251212/TestEasyDataset/Unseen/GT/case40/case_M_20181029094800_0U62368102981259_1_002_001-1_a6_ayy_image0032.png,627072,4074,SUNSEG_case40,case40,14,2186b21487509c44ebd88a109eebe7b3fffb124263dc8534b505c2b670105554,Easy-Unseen,SELECTED_PENDING_CONTAMINATION
testeasydataset/unseen/case40/case_m_20181029094800_0u62368102981259_1_002_001-1_a4_ayy_image0022,TestEasyDataset,Unseen,case40,case40,22,SUN-SEG-FinalData-v20251212/TestEasyDataset/Unseen/Frame/case40/case_M_20181029094800_0U62368102981259_1_002_001-1_a4_ayy_image0022.jpg,SUN-SEG-FinalData-v20251212/TestEasyDataset/Unseen/GT/case40/case_M_20181029094800_0U62368102981259_1_002_001-1_a4_ayy_image0022.png,537950,4664,SUNSEG_case40,case40,15,222ce54edcbf77fb21c58d009aa9db61b97d9b6feb32f02a90755bbac14b683f,Easy-Unseen,SELECTED_PENDING_CONTAMINATION
testeasydataset/unseen/case40/case_m_20181029094800_0u62368102981259_1_002_001-1_a6_ayy_image0019,TestEasyDataset,Unseen,case40,case40,19,SUN-SEG-FinalData-v20251212/TestEasyDataset/Unseen/Frame/case40/case_M_20181029094800_0U62368102981259_1_002_001-1_a6_ayy_image0019.jpg,SUN-SEG-FinalData-v20251212/TestEasyDataset/Unseen/GT/case40/case_M_20181029094800_0U62368102981259_1_002_001-1_a6_ayy_image0019.png,516077,4100,SUNSEG_case40,case40,16,226b3e2243981a210375d8b757bd5d7c129c2df88fadd16b6bb4c6f427d0c793,Easy-Unseen,SELECTED_PENDING_CONTAMINATION
testeasydataset/unseen/case40/case_m_20181029094800_0u62368102981259_1_002_001-1_a6_ayy_image0021,TestEasyDataset,Unseen,case40,case40,21,SUN-SEG-FinalData-v20251212/TestEasyDataset/Unseen/Frame/case40/case_M_20181029094800_0U62368102981259_1_002_001-1_a6_ayy_image0021.jpg,SUN-SEG-FinalData-v20251212/TestEasyDataset/Unseen/GT/case40/case_M_20181029094800_0U62368102981259_1_002_001-1_a6_ayy_image0021.png,510236,4052,SUNSEG_case40,case40,17,238ccde6fee8437c44d649793e26d522de7f544d1303ad13c131b61cfc95f861,Easy-Unseen,SELECTED_PENDING_CONTAMINATION
testeasydataset/unseen/case40/case_m_20181029094800_0u62368102981259_1_002_001-1_a4_ayy_image0034,TestEasyDataset,Unseen,case40,case40,34,SUN-SEG-FinalData-v20251212/TestEasyDataset/Unseen/Frame/case40/case_M_20181029094800_0U62368102981259_1_002_001-1_a4_ayy_image0034.jpg,SUN-SEG-FinalData-v20251212/TestEasyDataset/Unseen/GT/case40/case_M_20181029094800_0U62368102981259_1_002_001-1_a4_ayy_image0034.png,587449,4746,SUNSEG_case40,case40,18,2515712b1a02a6439d18f70dca571065bd5f2e2e43d87a13528c1ca1d81db44e,Easy-Unseen,SELECTED_PENDING_CONTAMINATION
testeasydataset/unseen/case40/case_m_20181029094800_0u62368102981259_1_002_001-1_a5_ayy_image0018,TestEasyDataset,Unseen,case40,case40,18,SUN-SEG-FinalData-v20251212/TestEasyDataset/Unseen/Frame/case40/case_M_20181029094800_0U62368102981259_1_002_001-1_a5_ayy_image0018.jpg,SUN-SEG-FinalData-v20251212/TestEasyDataset/Unseen/GT/case40/case_M_20181029094800_0U62368102981259_1_002_001-1_a5_ayy_image0018.png,518526,3868,SUNSEG_case40,case40,19,254611d5c92857d474a36147625f5178016a63d382d738fd5b40e51ee521766b,Easy-Unseen,SELECTED_PENDING_CONTAMINATION
testeasydataset/unseen/case40/case_m_20181029094800_0u62368102981259_1_002_001-1_a4_ayy_image0035,TestEasyDataset,Unseen,case40,case40,35,SUN-SEG-FinalData-v20251212/TestEasyDataset/Unseen/Frame/case40/case_M_20181029094800_0U62368102981259_1_002_001-1_a4_ayy_image0035.jpg,SUN-SEG-FinalData-v20251212/TestEasyDataset/Unseen/GT/case40/case_M_20181029094800_0U62368102981259_1_002_001-1_a4_ayy_image0035.png,574826,4769,SUNSEG_case40,case40,20,259c0e98c5469ba4a23337df23d89cedfcef70f4016faec8c4c2b46970f5b053,Easy-Unseen,SELECTED_PENDING_CONTAMINATION
testharddataset/unseen/case42/case_m_20181030122608_0u62363103057807_1_002_002-1_a3_ayy_image0056,TestHardDataset,Unseen,case42,case42,56,SUN-SEG-FinalData-v20251212/TestHardDataset/Unseen/Frame/case42/case_M_20181030122608_0U62363103057807_1_002_002-1_a3_ayy_image0056.jpg,SUN-SEG-FinalData-v20251212/TestHardDataset/Unseen/GT/case42/case_M_20181030122608_0U62363103057807_1_002_002-1_a3_ayy_image0056.png,537259,4667,SUNSEG_case42,case42,1,00ccd6afc267a0a8ce8229c12e62fa40700e2545da3d9be4282e0c62b440c78d,Hard-Unseen,SELECTED_PENDING_CONTAMINATION
testharddataset/unseen/case42/case_m_20181030122608_0u62363103057807_1_002_002-1_a3_ayy_image0012,TestHardDataset,Unseen,case42,case42,12,SUN-SEG-FinalData-v20251212/TestHardDataset/Unseen/Frame/case42/case_M_20181030122608_0U62363103057807_1_002_002-1_a3_ayy_image0012.jpg,SUN-SEG-FinalData-v20251212/TestHardDataset/Unseen/GT/case42/case_M_20181030122608_0U62363103057807_1_002_002-1_a3_ayy_image0012.png,385979,4426,SUNSEG_case42,case42,2,019107764b7091d38df88c3dc63c7ace02f49b78156bfed92cb00601680d6f47,Hard-Unseen,SELECTED_PENDING_CONTAMINATION
testharddataset/unseen/case42/case_m_20181030122608_0u62363103057807_1_002_002-1_a2_ayy_image0059,TestHardDataset,Unseen,case42,case42,59,SUN-SEG-FinalData-v20251212/TestHardDataset/Unseen/Frame/case42/case_M_20181030122608_0U62363103057807_1_002_002-1_a2_ayy_image0059.jpg,SUN-SEG-FinalData-v20251212/TestHardDataset/Unseen/GT/case42/case_M_20181030122608_0U62363103057807_1_002_002-1_a2_ayy_image0059.png,601111,4059,SUNSEG_case42,case42,3,022954dea655e8f069a827a94be1e63d0e78e7c12979862d3f2beb74afe01367,Hard-Unseen,SELECTED_PENDING_CONTAMINATION
testharddataset/unseen/case42/case_m_20181030122608_0u62363103057807_1_002_002-1_a3_ayy_image0078,TestHardDataset,Unseen,case42,case42,78,SUN-SEG-FinalData-v20251212/TestHardDataset/Unseen/Frame/case42/case_M_20181030122608_0U62363103057807_1_002_002-1_a3_ayy_image0078.jpg,SUN-SEG-FinalData-v20251212/TestHardDataset/Unseen/GT/case42/case_M_20181030122608_0U62363103057807_1_002_002-1_a3_ayy_image0078.png,368735,4704,SUNSEG_case42,case42,4,024220b66f8ddcc08829d6c7035dd77e1d8e5c9411f2b11559ad5bea86b702b3,Hard-Unseen,SELECTED_PENDING_CONTAMINATION
testharddataset/unseen/case42/case_m_20181030122608_0u62363103057807_1_002_002-1_a2_ayy_image0037,TestHardDataset,Unseen,case42,case42,37,SUN-SEG-FinalData-v20251212/TestHardDataset/Unseen/Frame/case42/case_M_20181030122608_0U62363103057807_1_002_002-1_a2_ayy_image0037.jpg,SUN-SEG-FinalData-v20251212/TestHardDataset/Unseen/GT/case42/case_M_20181030122608_0U62363103057807_1_002_002-1_a2_ayy_image0037.png,499971,4058,SUNSEG_case42,case42,5,02ddef39cbc085ea5fa2bc74dbbb502ac781643b51e4b3801957bd65d4a5a4c9,Hard-Unseen,SELECTED_PENDING_CONTAMINATION
testharddataset/unseen/case42/case_m_20181030122608_0u62363103057807_1_002_002-1_a2_ayy_image0025,TestHardDataset,Unseen,case42,case42,25,SUN-SEG-FinalData-v20251212/TestHardDataset/Unseen/Frame/case42/case_M_20181030122608_0U62363103057807_1_002_002-1_a2_ayy_image0025.jpg,SUN-SEG-FinalData-v20251212/TestHardDataset/Unseen/GT/case42/case_M_20181030122608_0U62363103057807_1_002_002-1_a2_ayy_image0025.png,512367,4088,SUNSEG_case42,case42,6,02ecf816e24a7dc3cfa8a99d28caeb77a87e0ddc73ef13757c2d4d3dd4e1df38,Hard-Unseen,SELECTED_PENDING_CONTAMINATION
testharddataset/unseen/case42/case_m_20181030122608_0u62363103057807_1_002_003-1_a4_ayy_image0011,TestHardDataset,Unseen,case42,case42,11,SUN-SEG-FinalData-v20251212/TestHardDataset/Unseen/Frame/case42/case_M_20181030122608_0U62363103057807_1_002_003-1_a4_ayy_image0011.jpg,SUN-SEG-FinalData-v20251212/TestHardDataset/Unseen/GT/case42/case_M_20181030122608_0U62363103057807_1_002_003-1_a4_ayy_image0011.png,349704,5259,SUNSEG_case42,case42,7,036483194b9b1d003a1fb082338842f61bef4cfef2ae7b03e4d3d59afd6e5cb8,Hard-Unseen,SELECTED_PENDING_CONTAMINATION
testharddataset/unseen/case42/case_m_20181030122608_0u62363103057807_1_002_002-1_a3_ayy_image0038,TestHardDataset,Unseen,case42,case42,38,SUN-SEG-FinalData-v20251212/TestHardDataset/Unseen/Frame/case42/case_M_20181030122608_0U62363103057807_1_002_002-1_a3_ayy_image0038.jpg,SUN-SEG-FinalData-v20251212/TestHardDataset/Unseen/GT/case42/case_M_20181030122608_0U62363103057807_1_002_002-1_a3_ayy_image0038.png,456251,4663,SUNSEG_case42,case42,8,0367ae8edb6acb088b17da863144367f51d8d1f18354e8f9b656f34c3c5c233a,Hard-Unseen,SELECTED_PENDING_CONTAMINATION
testharddataset/unseen/case42/case_m_20181030122608_0u62363103057807_1_002_003-1_a2_ayy_image0038,TestHardDataset,Unseen,case42,case42,38,SUN-SEG-FinalData-v20251212/TestHardDataset/Unseen/Frame/case42/case_M_20181030122608_0U62363103057807_1_002_003-1_a2_ayy_image0038.jpg,SUN-SEG-FinalData-v20251212/TestHardDataset/Unseen/GT/case42/case_M_20181030122608_0U62363103057807_1_002_003-1_a2_ayy_image0038.png,496236,5036,SUNSEG_case42,case42,9,038d1d0483619896482f4f01b9cc7ea40fcb91637a243991614968d37acabaab,Hard-Unseen,SELECTED_PENDING_CONTAMINATION
testharddataset/unseen/case42/case_m_20181030122608_0u62363103057807_1_002_003-1_a3_ayy_image0006,TestHardDataset,Unseen,case42,case42,6,SUN-SEG-FinalData-v20251212/TestHardDataset/Unseen/Frame/case42/case_M_20181030122608_0U62363103057807_1_002_003-1_a3_ayy_image0006.jpg,SUN-SEG-FinalData-v20251212/TestHardDataset/Unseen/GT/case42/case_M_20181030122608_0U62363103057807_1_002_003-1_a3_ayy_image0006.png,575994,4657,SUNSEG_case42,case42,10,04c0828945372ce92871cdf754a9cb9e146bd9c4f030a4625df3d6f11782648e,Hard-Unseen,SELECTED_PENDING_CONTAMINATION
testharddataset/unseen/case42/case_m_20181030122608_0u62363103057807_1_002_003-1_a2_ayy_image0040,TestHardDataset,Unseen,case42,case42,40,SUN-SEG-FinalData-v20251212/TestHardDataset/Unseen/Frame/case42/case_M_20181030122608_0U62363103057807_1_002_003-1_a2_ayy_image0040.jpg,SUN-SEG-FinalData-v20251212/TestHardDataset/Unseen/GT/case42/case_M_20181030122608_0U62363103057807_1_002_003-1_a2_ayy_image0040.png,377071,5027,SUNSEG_case42,case42,11,04c5a20006fb220d7a77c38db11739158b927d433056d26f6cfcca097adb0522,Hard-Unseen,SELECTED_PENDING_CONTAMINATION
testharddataset/unseen/case42/case_m_20181030122608_0u62363103057807_1_002_003-1_a4_ayy_image0025,TestHardDataset,Unseen,case42,case42,25,SUN-SEG-FinalData-v20251212/TestHardDataset/Unseen/Frame/case42/case_M_20181030122608_0U62363103057807_1_002_003-1_a4_ayy_image0025.jpg,SUN-SEG-FinalData-v20251212/TestHardDataset/Unseen/GT/case42/case_M_20181030122608_0U62363103057807_1_002_003-1_a4_ayy_image0025.png,433994,5718,SUNSEG_case42,case42,12,0603ccca0ac5bc3f4c499599f1776cedf519e1e018fb89bf0671fe2659f66104,Hard-Unseen,SELECTED_PENDING_CONTAMINATION
testharddataset/unseen/case42/case_m_20181030122608_0u62363103057807_1_002_002-1_a3_ayy_image0021,TestHardDataset,Unseen,case42,case42,21,SUN-SEG-FinalData-v20251212/TestHardDataset/Unseen/Frame/case42/case_M_20181030122608_0U62363103057807_1_002_002-1_a3_ayy_image0021.jpg,SUN-SEG-FinalData-v20251212/TestHardDataset/Unseen/GT/case42/case_M_20181030122608_0U62363103057807_1_002_002-1_a3_ayy_image0021.png,364202,4584,SUNSEG_case42,case42,13,060aa9626610845aeaf40ecef96d25da4a07d78356f7bc34580808510d472ee8,Hard-Unseen,SELECTED_PENDING_CONTAMINATION
testharddataset/unseen/case42/case_m_20181030122608_0u62363103057807_1_002_002-1_a3_ayy_image0022,TestHardDataset,Unseen,case42,case42,22,SUN-SEG-FinalData-v20251212/TestHardDataset/Unseen/Frame/case42/case_M_20181030122608_0U62363103057807_1_002_002-1_a3_ayy_image0022.jpg,SUN-SEG-FinalData-v20251212/TestHardDataset/Unseen/GT/case42/case_M_20181030122608_0U62363103057807_1_002_002-1_a3_ayy_image0022.png,493062,4598,SUNSEG_case42,case42,14,075425a8c783f06d04cece2bf35f8e7c5d01aa456b3ad538131352d2227be70f,Hard-Unseen,SELECTED_PENDING_CONTAMINATION
testharddataset/unseen/case42/case_m_20181030122608_0u62363103057807_1_002_003-1_a3_ayy_image0020,TestHardDataset,Unseen,case42,case42,20,SUN-SEG-FinalData-v20251212/TestHardDataset/Unseen/Frame/case42/case_M_20181030122608_0U62363103057807_1_002_003-1_a3_ayy_image0020.jpg,SUN-SEG-FinalData-v20251212/TestHardDataset/Unseen/GT/case42/case_M_20181030122608_0U62363103057807_1_002_003-1_a3_ayy_image0020.png,492927,5616,SUNSEG_case42,case42,15,083ef8aab014438c7fa8b248bbca39117dd0866b619fc33da473619abd1ae49f,Hard-Unseen,SELECTED_PENDING_CONTAMINATION
testharddataset/unseen/case42/case_m_20181030122608_0u62363103057807_1_002_003-1_a2_ayy_image0036,TestHardDataset,Unseen,case42,case42,36,SUN-SEG-FinalData-v20251212/TestHardDataset/Unseen/Frame/case42/case_M_20181030122608_0U62363103057807_1_002_003-1_a2_ayy_image0036.jpg,SUN-SEG-FinalData-v20251212/TestHardDataset/Unseen/GT/case42/case_M_20181030122608_0U62363103057807_1_002_003-1_a2_ayy_image0036.png,485094,4827,SUNSEG_case42,case42,16,088f54d513151e6168b578f02bfca263348ba6015bf8d2c9dcb0b3720cbfc423,Hard-Unseen,SELECTED_PENDING_CONTAMINATION
testharddataset/unseen/case42/case_m_20181030122608_0u62363103057807_1_002_002-1_a2_ayy_image0033,TestHardDataset,Unseen,case42,case42,33,SUN-SEG-FinalData-v20251212/TestHardDataset/Unseen/Frame/case42/case_M_20181030122608_0U62363103057807_1_002_002-1_a2_ayy_image0033.jpg,SUN-SEG-FinalData-v20251212/TestHardDataset/Unseen/GT/case42/case_M_20181030122608_0U62363103057807_1_002_002-1_a2_ayy_image0033.png,397423,4059,SUNSEG_case42,case42,17,09af54e3e0d11e834a39befafb48c628dbd38ccc6236196f06dddd30d57bcbb7,Hard-Unseen,SELECTED_PENDING_CONTAMINATION
testharddataset/unseen/case42/case_m_20181030122608_0u62363103057807_1_002_002-1_a2_ayy_image0005,TestHardDataset,Unseen,case42,case42,5,SUN-SEG-FinalData-v20251212/TestHardDataset/Unseen/Frame/case42/case_M_20181030122608_0U62363103057807_1_002_002-1_a2_ayy_image0005.jpg,SUN-SEG-FinalData-v20251212/TestHardDataset/Unseen/GT/case42/case_M_20181030122608_0U62363103057807_1_002_002-1_a2_ayy_image0005.png,459030,4299,SUNSEG_case42,case42,18,0b5e0206ae476a451fd33b992a63989b6ca7000714d942a807035a4bf87fc0b6,Hard-Unseen,SELECTED_PENDING_CONTAMINATION
testharddataset/unseen/case42/case_m_20181030122608_0u62363103057807_1_002_002-1_a3_ayy_image0042,TestHardDataset,Unseen,case42,case42,42,SUN-SEG-FinalData-v20251212/TestHardDataset/Unseen/Frame/case42/case_M_20181030122608_0U62363103057807_1_002_002-1_a3_ayy_image0042.jpg,SUN-SEG-FinalData-v20251212/TestHardDataset/Unseen/GT/case42/case_M_20181030122608_0U62363103057807_1_002_002-1_a3_ayy_image0042.png,386258,4662,SUNSEG_case42,case42,19,0cdecb5fb9ee775026e3825ed2de48e331a5b7507d3f96bd4b550f8874dc1eb1,Hard-Unseen,SELECTED_PENDING_CONTAMINATION
testharddataset/unseen/case42/case_m_20181030122608_0u62363103057807_1_002_002-1_a2_ayy_image0011,TestHardDataset,Unseen,case42,case42,11,SUN-SEG-FinalData-v20251212/TestHardDataset/Unseen/Frame/case42/case_M_20181030122608_0U62363103057807_1_002_002-1_a2_ayy_image0011.jpg,SUN-SEG-FinalData-v20251212/TestHardDataset/Unseen/GT/case42/case_M_20181030122608_0U62363103057807_1_002_002-1_a2_ayy_image0011.png,423548,4276,SUNSEG_case42,case42,20,0e6c20f0576036362c8135da6a00b07a8e6ffeebd776e76d764474ea653f0671,Hard-Unseen,SELECTED_PENDING_CONTAMINATION
testharddataset/unseen/case43/case_m_20181031103335_0u62368103151535_1_006_001-1_a4_ayy_image0037,TestHardDataset,Unseen,case43,case43,37,SUN-SEG-FinalData-v20251212/TestHardDataset/Unseen/Frame/case43/case_M_20181031103335_0U62368103151535_1_006_001-1_a4_ayy_image0037.jpg,SUN-SEG-FinalData-v20251212/TestHardDataset/Unseen/GT/case43/case_M_20181031103335_0U62368103151535_1_006_001-1_a4_ayy_image0037.png,559340,4523,SUNSEG_case43,case43,1,03eaa866d22d5aa2e330962998dca03a88d512e560658806130cb5dc40b9baa9,Hard-Unseen,SELECTED_PENDING_CONTAMINATION
testharddataset/unseen/case43/case_m_20181031103335_0u62368103151535_1_006_001-1_a1_ayy_image0028,TestHardDataset,Unseen,case43,case43,28,SUN-SEG-FinalData-v20251212/TestHardDataset/Unseen/Frame/case43/case_M_20181031103335_0U62368103151535_1_006_001-1_a1_ayy_image0028.jpg,SUN-SEG-FinalData-v20251212/TestHardDataset/Unseen/GT/case43/case_M_20181031103335_0U62368103151535_1_006_001-1_a1_ayy_image0028.png,461450,4848,SUNSEG_case43,case43,2,04b0098c30a076fbe3c5a16c5909c31eb0cc5c4e7533aaffb52cda3f90f3b979,Hard-Unseen,SELECTED_PENDING_CONTAMINATION
testharddataset/unseen/case43/case_m_20181031103335_0u62368103151535_1_006_001-1_a4_ayy_image0101,TestHardDataset,Unseen,case43,case43,101,SUN-SEG-FinalData-v20251212/TestHardDataset/Unseen/Frame/case43/case_M_20181031103335_0U62368103151535_1_006_001-1_a4_ayy_image0101.jpg,SUN-SEG-FinalData-v20251212/TestHardDataset/Unseen/GT/case43/case_M_20181031103335_0U62368103151535_1_006_001-1_a4_ayy_image0101.png,428203,4710,SUNSEG_case43,case43,3,05082ef3a8da0aae2b937067464ae289df7696e0e79723205a7e9b9d5af3e232,Hard-Unseen,SELECTED_PENDING_CONTAMINATION
testharddataset/unseen/case43/case_m_20181031103335_0u62368103151535_1_006_001-1_a4_ayy_image0044,TestHardDataset,Unseen,case43,case43,44,SUN-SEG-FinalData-v20251212/TestHardDataset/Unseen/Frame/case43/case_M_20181031103335_0U62368103151535_1_006_001-1_a4_ayy_image0044.jpg,SUN-SEG-FinalData-v20251212/TestHardDataset/Unseen/GT/case43/case_M_20181031103335_0U62368103151535_1_006_001-1_a4_ayy_image0044.png,624118,4588,SUNSEG_case43,case43,4,059231690fd1953fb27876bbf2166c996332f592d6a21c670cfac8e19ad9f32e,Hard-Unseen,SELECTED_PENDING_CONTAMINATION
testharddataset/unseen/case43/case_m_20181031103335_0u62368103151535_1_006_001-1_a4_ayy_image0035,TestHardDataset,Unseen,case43,case43,35,SUN-SEG-FinalData-v20251212/TestHardDataset/Unseen/Frame/case43/case_M_20181031103335_0U62368103151535_1_006_001-1_a4_ayy_image0035.jpg,SUN-SEG-FinalData-v20251212/TestHardDataset/Unseen/GT/case43/case_M_20181031103335_0U62368103151535_1_006_001-1_a4_ayy_image0035.png,438695,4540,SUNSEG_case43,case43,5,0593b5761228eb951a81afa827736d24d4b31e09e0b3acf423f4b6572ce07407,Hard-Unseen,SELECTED_PENDING_CONTAMINATION
testharddataset/unseen/case43/case_m_20181031103335_0u62368103151535_1_006_001-1_a2_ayy_image0019,TestHardDataset,Unseen,case43,case43,19,SUN-SEG-FinalData-v20251212/TestHardDataset/Unseen/Frame/case43/case_M_20181031103335_0U62368103151535_1_006_001-1_a2_ayy_image0019.jpg,SUN-SEG-FinalData-v20251212/TestHardDataset/Unseen/GT/case43/case_M_20181031103335_0U62368103151535_1_006_001-1_a2_ayy_image0019.png,553382,6626,SUNSEG_case43,case43,6,0640df881c06b8e68971c3d369d18a6011f1ab722591b4924f28b158c7201410,Hard-Unseen,SELECTED_PENDING_CONTAMINATION
testharddataset/unseen/case43/case_m_20181031103335_0u62368103151535_1_006_001-1_a6_ayy_image0005,TestHardDataset,Unseen,case43,case43,5,SUN-SEG-FinalData-v20251212/TestHardDataset/Unseen/Frame/case43/case_M_20181031103335_0U62368103151535_1_006_001-1_a6_ayy_image0005.jpg,SUN-SEG-FinalData-v20251212/TestHardDataset/Unseen/GT/case43/case_M_20181031103335_0U62368103151535_1_006_001-1_a6_ayy_image0005.png,455649,5890,SUNSEG_case43,case43,7,0696b78f614b646158561a0c55b3d3e34f58c74bb419b1fa09959ab4bf4f60b2,Hard-Unseen,SELECTED_PENDING_CONTAMINATION
testharddataset/unseen/case43/case_m_20181031103335_0u62368103151535_1_006_001-1_a4_ayy_image0078,TestHardDataset,Unseen,case43,case43,78,SUN-SEG-FinalData-v20251212/TestHardDataset/Unseen/Frame/case43/case_M_20181031103335_0U62368103151535_1_006_001-1_a4_ayy_image0078.jpg,SUN-SEG-FinalData-v20251212/TestHardDataset/Unseen/GT/case43/case_M_20181031103335_0U62368103151535_1_006_001-1_a4_ayy_image0078.png,456395,4278,SUNSEG_case43,case43,8,079bae34453eea1cb291f46ebb93b270ff0c6db82d839014141bb2dfa5257144,Hard-Unseen,SELECTED_PENDING_CONTAMINATION
testharddataset/unseen/case43/case_m_20181031103335_0u62368103151535_1_006_001-1_a4_ayy_image0092,TestHardDataset,Unseen,case43,case43,92,SUN-SEG-FinalData-v20251212/TestHardDataset/Unseen/Frame/case43/case_M_20181031103335_0U62368103151535_1_006_001-1_a4_ayy_image0092.jpg,SUN-SEG-FinalData-v20251212/TestHardDataset/Unseen/GT/case43/case_M_20181031103335_0U62368103151535_1_006_001-1_a4_ayy_image0092.png,469628,4373,SUNSEG_case43,case43,9,07c4449c179c838506af9b7730df7241c5ed51d5cc60adc6c6bf6df025a86551,Hard-Unseen,SELECTED_PENDING_CONTAMINATION
testharddataset/unseen/case43/case_m_20181031103335_0u62368103151535_1_006_001-1_a6_ayy_image0058,TestHardDataset,Unseen,case43,case43,58,SUN-SEG-FinalData-v20251212/TestHardDataset/Unseen/Frame/case43/case_M_20181031103335_0U62368103151535_1_006_001-1_a6_ayy_image0058.jpg,SUN-SEG-FinalData-v20251212/TestHardDataset/Unseen/GT/case43/case_M_20181031103335_0U62368103151535_1_006_001-1_a6_ayy_image0058.png,535604,5330,SUNSEG_case43,case43,10,0a2a5aa2c2841487ae8a8fcc8607f8cf64d7af2af804ae2cb2d28bfb2c59a0f4,Hard-Unseen,SELECTED_PENDING_CONTAMINATION
testharddataset/unseen/case43/case_m_20181031103335_0u62368103151535_1_006_001-1_a4_ayy_image0086,TestHardDataset,Unseen,case43,case43,86,SUN-SEG-FinalData-v20251212/TestHardDataset/Unseen/Frame/case43/case_M_20181031103335_0U62368103151535_1_006_001-1_a4_ayy_image0086.jpg,SUN-SEG-FinalData-v20251212/TestHardDataset/Unseen/GT/case43/case_M_20181031103335_0U62368103151535_1_006_001-1_a4_ayy_image0086.png,442949,4246,SUNSEG_case43,case43,11,0a82bb1c03a21f7572f634ec4facf6f39f73f208eaf131f8e1f1f05f6903ae70,Hard-Unseen,SELECTED_PENDING_CONTAMINATION
testharddataset/unseen/case43/case_m_20181031103335_0u62368103151535_1_006_001-1_a2_ayy_image0016,TestHardDataset,Unseen,case43,case43,16,SUN-SEG-FinalData-v20251212/TestHardDataset/Unseen/Frame/case43/case_M_20181031103335_0U62368103151535_1_006_001-1_a2_ayy_image0016.jpg,SUN-SEG-FinalData-v20251212/TestHardDataset/Unseen/GT/case43/case_M_20181031103335_0U62368103151535_1_006_001-1_a2_ayy_image0016.png,463688,6725,SUNSEG_case43,case43,12,0cdcc5b16a7f4fda45531a2ce50d0e58222e10c5c86912a8b0cf9da8b61149cc,Hard-Unseen,SELECTED_PENDING_CONTAMINATION
testharddataset/unseen/case43/case_m_20181031103335_0u62368103151535_1_006_001-1_a4_ayy_image0087,TestHardDataset,Unseen,case43,case43,87,SUN-SEG-FinalData-v20251212/TestHardDataset/Unseen/Frame/case43/case_M_20181031103335_0U62368103151535_1_006_001-1_a4_ayy_image0087.jpg,SUN-SEG-FinalData-v20251212/TestHardDataset/Unseen/GT/case43/case_M_20181031103335_0U62368103151535_1_006_001-1_a4_ayy_image0087.png,444181,4250,SUNSEG_case43,case43,13,0e225a87c8d4d207b37dff7b5a57c9e5c4dd982c742e92207466f3a67fd98b11,Hard-Unseen,SELECTED_PENDING_CONTAMINATION
testharddataset/unseen/case43/case_m_20181031103335_0u62368103151535_1_006_001-1_a4_ayy_image0006,TestHardDataset,Unseen,case43,case43,6,SUN-SEG-FinalData-v20251212/TestHardDataset/Unseen/Frame/case43/case_M_20181031103335_0U62368103151535_1_006_001-1_a4_ayy_image0006.jpg,SUN-SEG-FinalData-v20251212/TestHardDataset/Unseen/GT/case43/case_M_20181031103335_0U62368103151535_1_006_001-1_a4_ayy_image0006.png,402387,4028,SUNSEG_case43,case43,14,103bba5be4f13d04cad2bef8e747741830b990584b01600e8cf9836b141e8078,Hard-Unseen,SELECTED_PENDING_CONTAMINATION
testharddataset/unseen/case43/case_m_20181031103335_0u62368103151535_1_006_001-1_a6_ayy_image0043,TestHardDataset,Unseen,case43,case43,43,SUN-SEG-FinalData-v20251212/TestHardDataset/Unseen/Frame/case43/case_M_20181031103335_0U62368103151535_1_006_001-1_a6_ayy_image0043.jpg,SUN-SEG-FinalData-v20251212/TestHardDataset/Unseen/GT/case43/case_M_20181031103335_0U62368103151535_1_006_001-1_a6_ayy_image0043.png,544180,5131,SUNSEG_case43,case43,15,10a098beaed2fb62f88b41cab95c8b032440891a067cb0876b98af8449c55ded,Hard-Unseen,SELECTED_PENDING_CONTAMINATION
testharddataset/unseen/case43/case_m_20181031103335_0u62368103151535_1_006_001-1_a4_ayy_image0099,TestHardDataset,Unseen,case43,case43,99,SUN-SEG-FinalData-v20251212/TestHardDataset/Unseen/Frame/case43/case_M_20181031103335_0U62368103151535_1_006_001-1_a4_ayy_image0099.jpg,SUN-SEG-FinalData-v20251212/TestHardDataset/Unseen/GT/case43/case_M_20181031103335_0U62368103151535_1_006_001-1_a4_ayy_image0099.png,455851,4551,SUNSEG_case43,case43,16,12882b264d049de194078fe60a167d14f64cc136b0766d292a573e064f8cfdeb,Hard-Unseen,SELECTED_PENDING_CONTAMINATION
testharddataset/unseen/case43/case_m_20181031103335_0u62368103151535_1_006_001-1_a1_ayy_image0029,TestHardDataset,Unseen,case43,case43,29,SUN-SEG-FinalData-v20251212/TestHardDataset/Unseen/Frame/case43/case_M_20181031103335_0U62368103151535_1_006_001-1_a1_ayy_image0029.jpg,SUN-SEG-FinalData-v20251212/TestHardDataset/Unseen/GT/case43/case_M_20181031103335_0U62368103151535_1_006_001-1_a1_ayy_image0029.png,464141,4831,SUNSEG_case43,case43,17,12f78904a53abaac5b141678bc7b5f97c78554d174c899d250c0be7bf0b43054,Hard-Unseen,SELECTED_PENDING_CONTAMINATION
testharddataset/unseen/case43/case_m_20181031103335_0u62368103151535_1_006_001-1_a1_ayy_image0002,TestHardDataset,Unseen,case43,case43,2,SUN-SEG-FinalData-v20251212/TestHardDataset/Unseen/Frame/case43/case_M_20181031103335_0U62368103151535_1_006_001-1_a1_ayy_image0002.jpg,SUN-SEG-FinalData-v20251212/TestHardDataset/Unseen/GT/case43/case_M_20181031103335_0U62368103151535_1_006_001-1_a1_ayy_image0002.png,407681,4317,SUNSEG_case43,case43,18,13de4ad7ed9219e736103b7a571f76d9465a8a96360e3ce14a81bc878b66afce,Hard-Unseen,SELECTED_PENDING_CONTAMINATION
testharddataset/unseen/case43/case_m_20181031103335_0u62368103151535_1_006_001-1_a4_ayy_image0085,TestHardDataset,Unseen,case43,case43,85,SUN-SEG-FinalData-v20251212/TestHardDataset/Unseen/Frame/case43/case_M_20181031103335_0U62368103151535_1_006_001-1_a4_ayy_image0085.jpg,SUN-SEG-FinalData-v20251212/TestHardDataset/Unseen/GT/case43/case_M_20181031103335_0U62368103151535_1_006_001-1_a4_ayy_image0085.png,558668,4246,SUNSEG_case43,case43,19,14d1f826326342b32bd4320fd45b4bd382c44bbfc05bc80e9eb5fd03f3295072,Hard-Unseen,SELECTED_PENDING_CONTAMINATION
testharddataset/unseen/case43/case_m_20181031103335_0u62368103151535_1_006_001-1_a4_ayy_image0019,TestHardDataset,Unseen,case43,case43,19,SUN-SEG-FinalData-v20251212/TestHardDataset/Unseen/Frame/case43/case_M_20181031103335_0U62368103151535_1_006_001-1_a4_ayy_image0019.jpg,SUN-SEG-FinalData-v20251212/TestHardDataset/Unseen/GT/case43/case_M_20181031103335_0U62368103151535_1_006_001-1_a4_ayy_image0019.png,563441,4360,SUNSEG_case43,case43,20,14efa62ab1cf30295488711b3e2bfc527b618d7c5226ca44ffda6683600ac465,Hard-Unseen,SELECTED_PENDING_CONTAMINATION
testeasydataset/unseen/case48/case_m_20181109101724_0u62368110954624_1_005_001-1_a3_ayy_image0072,TestEasyDataset,Unseen,case48,case48,72,SUN-SEG-FinalData-v20251212/TestEasyDataset/Unseen/Frame/case48/case_M_20181109101724_0U62368110954624_1_005_001-1_a3_ayy_image0072.jpg,SUN-SEG-FinalData-v20251212/TestEasyDataset/Unseen/GT/case48/case_M_20181109101724_0U62368110954624_1_005_001-1_a3_ayy_image0072.png,385358,3935,SUNSEG_case48,case48,1,01ee6e3cfce74c5a7508e5564503d5f4e235811c58c477f5e41ae20b64efd013,Easy-Unseen,SELECTED_PENDING_CONTAMINATION
testeasydataset/unseen/case48/case_m_20181109101724_0u62368110954624_1_005_001-1_a3_ayy_image0003,TestEasyDataset,Unseen,case48,case48,3,SUN-SEG-FinalData-v20251212/TestEasyDataset/Unseen/Frame/case48/case_M_20181109101724_0U62368110954624_1_005_001-1_a3_ayy_image0003.jpg,SUN-SEG-FinalData-v20251212/TestEasyDataset/Unseen/GT/case48/case_M_20181109101724_0U62368110954624_1_005_001-1_a3_ayy_image0003.png,344879,3794,SUNSEG_case48,case48,2,032b9c3282561677e564c2e563de199422a09becc7a3ed4c1182dd885b1b83c4,Easy-Unseen,SELECTED_PENDING_CONTAMINATION
testeasydataset/unseen/case48/case_m_20181109101724_0u62368110954624_1_005_001-1_a1_ayy_image0001,TestEasyDataset,Unseen,case48,case48,1,SUN-SEG-FinalData-v20251212/TestEasyDataset/Unseen/Frame/case48/case_M_20181109101724_0U62368110954624_1_005_001-1_a1_ayy_image0001.jpg,SUN-SEG-FinalData-v20251212/TestEasyDataset/Unseen/GT/case48/case_M_20181109101724_0U62368110954624_1_005_001-1_a1_ayy_image0001.png,395277,3712,SUNSEG_case48,case48,3,03c6887335a7c7030e04d367814868877651397c1f200c48cc8c304243849285,Easy-Unseen,SELECTED_PENDING_CONTAMINATION
testeasydataset/unseen/case48/case_m_20181109101724_0u62368110954624_1_005_001-1_a3_ayy_image0019,TestEasyDataset,Unseen,case48,case48,19,SUN-SEG-FinalData-v20251212/TestEasyDataset/Unseen/Frame/case48/case_M_20181109101724_0U62368110954624_1_005_001-1_a3_ayy_image0019.jpg,SUN-SEG-FinalData-v20251212/TestEasyDataset/Unseen/GT/case48/case_M_20181109101724_0U62368110954624_1_005_001-1_a3_ayy_image0019.png,540802,4247,SUNSEG_case48,case48,4,061ed436bd9737be67f500042c38bdd36fc34ee2c13f60b5b7e252498a387d11,Easy-Unseen,SELECTED_PENDING_CONTAMINATION
testeasydataset/unseen/case48/case_m_20181109101724_0u62368110954624_1_005_001-1_a3_ayy_image0018,TestEasyDataset,Unseen,case48,case48,18,SUN-SEG-FinalData-v20251212/TestEasyDataset/Unseen/Frame/case48/case_M_20181109101724_0U62368110954624_1_005_001-1_a3_ayy_image0018.jpg,SUN-SEG-FinalData-v20251212/TestEasyDataset/Unseen/GT/case48/case_M_20181109101724_0U62368110954624_1_005_001-1_a3_ayy_image0018.png,405092,4376,SUNSEG_case48,case48,5,07e2fdfea6e37653c0bffbbb8edc0b2488cb443a763ef4f74727300020b0ddd1,Easy-Unseen,SELECTED_PENDING_CONTAMINATION
testeasydataset/unseen/case48/case_m_20181109101724_0u62368110954624_1_005_001-1_a1_ayy_image0007,TestEasyDataset,Unseen,case48,case48,7,SUN-SEG-FinalData-v20251212/TestEasyDataset/Unseen/Frame/case48/case_M_20181109101724_0U62368110954624_1_005_001-1_a1_ayy_image0007.jpg,SUN-SEG-FinalData-v20251212/TestEasyDataset/Unseen/GT/case48/case_M_20181109101724_0U62368110954624_1_005_001-1_a1_ayy_image0007.png,373857,4025,SUNSEG_case48,case48,6,088281e273ab50b2ea87698375c0c169c8fffe4cc3777d260f83d413db8bd5a1,Easy-Unseen,SELECTED_PENDING_CONTAMINATION
testeasydataset/unseen/case48/case_m_20181109101724_0u62368110954624_1_005_001-1_a2_ayy_image0006,TestEasyDataset,Unseen,case48,case48,6,SUN-SEG-FinalData-v20251212/TestEasyDataset/Unseen/Frame/case48/case_M_20181109101724_0U62368110954624_1_005_001-1_a2_ayy_image0006.jpg,SUN-SEG-FinalData-v20251212/TestEasyDataset/Unseen/GT/case48/case_M_20181109101724_0U62368110954624_1_005_001-1_a2_ayy_image0006.png,339825,4690,SUNSEG_case48,case48,7,0fca589a837f36f6536e7066905223e1d1e443d248cd3719b0c805bf1cf7397c,Easy-Unseen,SELECTED_PENDING_CONTAMINATION
testeasydataset/unseen/case48/case_m_20181109101724_0u62368110954624_1_005_001-1_a5_ayy_image0034,TestEasyDataset,Unseen,case48,case48,34,SUN-SEG-FinalData-v20251212/TestEasyDataset/Unseen/Frame/case48/case_M_20181109101724_0U62368110954624_1_005_001-1_a5_ayy_image0034.jpg,SUN-SEG-FinalData-v20251212/TestEasyDataset/Unseen/GT/case48/case_M_20181109101724_0U62368110954624_1_005_001-1_a5_ayy_image0034.png,459360,4074,SUNSEG_case48,case48,8,100b245b93138be386bcafc6147eec3070a4e64a77186a92ee3346f488285c36,Easy-Unseen,SELECTED_PENDING_CONTAMINATION
testeasydataset/unseen/case48/case_m_20181109101724_0u62368110954624_1_005_001-1_a1_ayy_image0013,TestEasyDataset,Unseen,case48,case48,13,SUN-SEG-FinalData-v20251212/TestEasyDataset/Unseen/Frame/case48/case_M_20181109101724_0U62368110954624_1_005_001-1_a1_ayy_image0013.jpg,SUN-SEG-FinalData-v20251212/TestEasyDataset/Unseen/GT/case48/case_M_20181109101724_0U62368110954624_1_005_001-1_a1_ayy_image0013.png,395672,3945,SUNSEG_case48,case48,9,10d60a2a818175739cd70f3f0e26094a04f3189d0ca41bb01ed68bfa325755bc,Easy-Unseen,SELECTED_PENDING_CONTAMINATION
testeasydataset/unseen/case48/case_m_20181109101724_0u62368110954624_1_005_001-1_a3_ayy_image0048,TestEasyDataset,Unseen,case48,case48,48,SUN-SEG-FinalData-v20251212/TestEasyDataset/Unseen/Frame/case48/case_M_20181109101724_0U62368110954624_1_005_001-1_a3_ayy_image0048.jpg,SUN-SEG-FinalData-v20251212/TestEasyDataset/Unseen/GT/case48/case_M_20181109101724_0U62368110954624_1_005_001-1_a3_ayy_image0048.png,569225,3992,SUNSEG_case48,case48,10,143b3878481bcd701105015111dba1ec65ff1739af8f10c4bd31e7e8c4183e55,Easy-Unseen,SELECTED_PENDING_CONTAMINATION
testeasydataset/unseen/case48/case_m_20181109101724_0u62368110954624_1_005_001-1_a2_ayy_image0001,TestEasyDataset,Unseen,case48,case48,1,SUN-SEG-FinalData-v20251212/TestEasyDataset/Unseen/Frame/case48/case_M_20181109101724_0U62368110954624_1_005_001-1_a2_ayy_image0001.jpg,SUN-SEG-FinalData-v20251212/TestEasyDataset/Unseen/GT/case48/case_M_20181109101724_0U62368110954624_1_005_001-1_a2_ayy_image0001.png,347481,5161,SUNSEG_case48,case48,11,155024d92eb778d898b4926d35259cc6bdd93f7c8c5c783547a9f51e4e25de53,Easy-Unseen,SELECTED_PENDING_CONTAMINATION
testeasydataset/unseen/case48/case_m_20181109101724_0u62368110954624_1_005_001-1_a3_ayy_image0078,TestEasyDataset,Unseen,case48,case48,78,SUN-SEG-FinalData-v20251212/TestEasyDataset/Unseen/Frame/case48/case_M_20181109101724_0U62368110954624_1_005_001-1_a3_ayy_image0078.jpg,SUN-SEG-FinalData-v20251212/TestEasyDataset/Unseen/GT/case48/case_M_20181109101724_0U62368110954624_1_005_001-1_a3_ayy_image0078.png,365421,4032,SUNSEG_case48,case48,12,165527dadaebafdeead196ca2be99f94f74df218046ab67cb2f2bc26198a6422,Easy-Unseen,SELECTED_PENDING_CONTAMINATION
testeasydataset/unseen/case48/case_m_20181109101724_0u62368110954624_1_005_001-1_a3_ayy_image0085,TestEasyDataset,Unseen,case48,case48,85,SUN-SEG-FinalData-v20251212/TestEasyDataset/Unseen/Frame/case48/case_M_20181109101724_0U62368110954624_1_005_001-1_a3_ayy_image0085.jpg,SUN-SEG-FinalData-v20251212/TestEasyDataset/Unseen/GT/case48/case_M_20181109101724_0U62368110954624_1_005_001-1_a3_ayy_image0085.png,480481,4620,SUNSEG_case48,case48,13,199f1ef7a390282ef0b6327d65d4c80c4b84a3859ea746c75fd0b0bc7ca49703,Easy-Unseen,SELECTED_PENDING_CONTAMINATION
testeasydataset/unseen/case48/case_m_20181109101724_0u62368110954624_1_005_001-1_a3_ayy_image0042,TestEasyDataset,Unseen,case48,case48,42,SUN-SEG-FinalData-v20251212/TestEasyDataset/Unseen/Frame/case48/case_M_20181109101724_0U62368110954624_1_005_001-1_a3_ayy_image0042.jpg,SUN-SEG-FinalData-v20251212/TestEasyDataset/Unseen/GT/case48/case_M_20181109101724_0U62368110954624_1_005_001-1_a3_ayy_image0042.png,368285,4088,SUNSEG_case48,case48,14,19cb3a44e5e8c237c0affe9578c2e41901a2d277a5fc325c5f3f0485e1a85f95,Easy-Unseen,SELECTED_PENDING_CONTAMINATION
testeasydataset/unseen/case48/case_m_20181109101724_0u62368110954624_1_005_001-1_a5_ayy_image0023,TestEasyDataset,Unseen,case48,case48,23,SUN-SEG-FinalData-v20251212/TestEasyDataset/Unseen/Frame/case48/case_M_20181109101724_0U62368110954624_1_005_001-1_a5_ayy_image0023.jpg,SUN-SEG-FinalData-v20251212/TestEasyDataset/Unseen/GT/case48/case_M_20181109101724_0U62368110954624_1_005_001-1_a5_ayy_image0023.png,314253,4699,SUNSEG_case48,case48,15,1bbc3356729f2febfdfbf9ffb8bee3f97fdab9ead05498c6c1469a1161306187,Easy-Unseen,SELECTED_PENDING_CONTAMINATION
testeasydataset/unseen/case48/case_m_20181109101724_0u62368110954624_1_005_001-1_a2_ayy_image0011,TestEasyDataset,Unseen,case48,case48,11,SUN-SEG-FinalData-v20251212/TestEasyDataset/Unseen/Frame/case48/case_M_20181109101724_0U62368110954624_1_005_001-1_a2_ayy_image0011.jpg,SUN-SEG-FinalData-v20251212/TestEasyDataset/Unseen/GT/case48/case_M_20181109101724_0U62368110954624_1_005_001-1_a2_ayy_image0011.png,515107,4829,SUNSEG_case48,case48,16,1e83e5dd50c73b6806e54e800c9c22a14624d4a140b7eac9aec448cee806ad0f,Easy-Unseen,SELECTED_PENDING_CONTAMINATION
testeasydataset/unseen/case48/case_m_20181109101724_0u62368110954624_1_005_001-1_a3_ayy_image0023,TestEasyDataset,Unseen,case48,case48,23,SUN-SEG-FinalData-v20251212/TestEasyDataset/Unseen/Frame/case48/case_M_20181109101724_0U62368110954624_1_005_001-1_a3_ayy_image0023.jpg,SUN-SEG-FinalData-v20251212/TestEasyDataset/Unseen/GT/case48/case_M_20181109101724_0U62368110954624_1_005_001-1_a3_ayy_image0023.png,371904,4117,SUNSEG_case48,case48,17,1e866f62c0b42747ce74aae0c9fb2fe754fc88d12f311eca74827558396a4db8,Easy-Unseen,SELECTED_PENDING_CONTAMINATION
testeasydataset/unseen/case48/case_m_20181109101724_0u62368110954624_1_005_001-1_a3_ayy_image0020,TestEasyDataset,Unseen,case48,case48,20,SUN-SEG-FinalData-v20251212/TestEasyDataset/Unseen/Frame/case48/case_M_20181109101724_0U62368110954624_1_005_001-1_a3_ayy_image0020.jpg,SUN-SEG-FinalData-v20251212/TestEasyDataset/Unseen/GT/case48/case_M_20181109101724_0U62368110954624_1_005_001-1_a3_ayy_image0020.png,374137,4118,SUNSEG_case48,case48,18,1ee355d6045e6726efb71026e63332e67e3fd9d7f8ed5a10fd022ac013521b87,Easy-Unseen,SELECTED_PENDING_CONTAMINATION
testeasydataset/unseen/case48/case_m_20181109101724_0u62368110954624_1_005_001-1_a3_ayy_image0021,TestEasyDataset,Unseen,case48,case48,21,SUN-SEG-FinalData-v20251212/TestEasyDataset/Unseen/Frame/case48/case_M_20181109101724_0U62368110954624_1_005_001-1_a3_ayy_image0021.jpg,SUN-SEG-FinalData-v20251212/TestEasyDataset/Unseen/GT/case48/case_M_20181109101724_0U62368110954624_1_005_001-1_a3_ayy_image0021.png,378247,4206,SUNSEG_case48,case48,19,203b4566bf07e79f36b773b989d4c218d21cf0bf17e37fa14ed29a26c7f0c684,Easy-Unseen,SELECTED_PENDING_CONTAMINATION
testeasydataset/unseen/case48/case_m_20181109101724_0u62368110954624_1_005_001-1_a5_ayy_image0001,TestEasyDataset,Unseen,case48,case48,1,SUN-SEG-FinalData-v20251212/TestEasyDataset/Unseen/Frame/case48/case_M_20181109101724_0U62368110954624_1_005_001-1_a5_ayy_image0001.jpg,SUN-SEG-FinalData-v20251212/TestEasyDataset/Unseen/GT/case48/case_M_20181109101724_0U62368110954624_1_005_001-1_a5_ayy_image0001.png,517024,5024,SUNSEG_case48,case48,20,255ec966a1c286a65b37139d6a0bffb8f4c66b7dd94efc1bed90d0759b650eff,Easy-Unseen,SELECTED_PENDING_CONTAMINATION
testeasydataset/unseen/case50_3/case_m_20181117100025_0u62363111779624_1_007_003-1_a8_ayy_image0289,TestEasyDataset,Unseen,case50_3,case50,289,SUN-SEG-FinalData-v20251212/TestEasyDataset/Unseen/Frame/case50_3/case_M_20181117100025_0U62363111779624_1_007_003-1_a8_ayy_image0289.jpg,SUN-SEG-FinalData-v20251212/TestEasyDataset/Unseen/GT/case50_3/case_M_20181117100025_0U62363111779624_1_007_003-1_a8_ayy_image0289.png,519662,5472,SUNSEG_case50,case50,1,00c2f1d1c09828d8ec8531b739b023a09c9633de643ad1748ff93df731173a7e,Easy-Unseen,SELECTED_PENDING_CONTAMINATION
testeasydataset/unseen/case50_3/case_m_20181117100025_0u62363111779624_1_007_003-1_a8_ayy_image0251,TestEasyDataset,Unseen,case50_3,case50,251,SUN-SEG-FinalData-v20251212/TestEasyDataset/Unseen/Frame/case50_3/case_M_20181117100025_0U62363111779624_1_007_003-1_a8_ayy_image0251.jpg,SUN-SEG-FinalData-v20251212/TestEasyDataset/Unseen/GT/case50_3/case_M_20181117100025_0U62363111779624_1_007_003-1_a8_ayy_image0251.png,502373,5736,SUNSEG_case50,case50,2,00cc023a737a7957e321f24bcf0dd912c7d5a4fa3f9caaf9621b31c8698c1c2d,Easy-Unseen,SELECTED_PENDING_CONTAMINATION
testharddataset/unseen/case50_4/case_m_20181117100025_0u62363111779624_1_007_003-1_a8_ayy_image0386,TestHardDataset,Unseen,case50_4,case50,386,SUN-SEG-FinalData-v20251212/TestHardDataset/Unseen/Frame/case50_4/case_M_20181117100025_0U62363111779624_1_007_003-1_a8_ayy_image0386.jpg,SUN-SEG-FinalData-v20251212/TestHardDataset/Unseen/GT/case50_4/case_M_20181117100025_0U62363111779624_1_007_003-1_a8_ayy_image0386.png,492306,5564,SUNSEG_case50,case50,3,010010567cc87cdabe89bb8b0f407f3b9dfe1791eb1f53a64aab810d1c4f721f,Hard-Unseen,SELECTED_PENDING_CONTAMINATION
testharddataset/unseen/case50_4/case_m_20181117100025_0u62363111779624_1_007_003-1_a8_ayy_image0311,TestHardDataset,Unseen,case50_4,case50,311,SUN-SEG-FinalData-v20251212/TestHardDataset/Unseen/Frame/case50_4/case_M_20181117100025_0U62363111779624_1_007_003-1_a8_ayy_image0311.jpg,SUN-SEG-FinalData-v20251212/TestHardDataset/Unseen/GT/case50_4/case_M_20181117100025_0U62363111779624_1_007_003-1_a8_ayy_image0311.png,512912,5488,SUNSEG_case50,case50,4,01311daf86f3dd9bb685691e7fbacc57152d578bc4383a089a9017d130be909f,Hard-Unseen,SELECTED_PENDING_CONTAMINATION
testharddataset/unseen/case50_4/case_m_20181117100025_0u62363111779624_1_007_003-1_a8_ayy_image0436,TestHardDataset,Unseen,case50_4,case50,436,SUN-SEG-FinalData-v20251212/TestHardDataset/Unseen/Frame/case50_4/case_M_20181117100025_0U62363111779624_1_007_003-1_a8_ayy_image0436.jpg,SUN-SEG-FinalData-v20251212/TestHardDataset/Unseen/GT/case50_4/case_M_20181117100025_0U62363111779624_1_007_003-1_a8_ayy_image0436.png,513065,5766,SUNSEG_case50,case50,5,026b70db26fb7d96e255a2a0e261c950e19b23c6a8f9c598edc44e92a4f50c1e,Hard-Unseen,SELECTED_PENDING_CONTAMINATION
testharddataset/unseen/case50_4/case_m_20181117100025_0u62363111779624_1_007_003-1_a8_ayy_image0533,TestHardDataset,Unseen,case50_4,case50,533,SUN-SEG-FinalData-v20251212/TestHardDataset/Unseen/Frame/case50_4/case_M_20181117100025_0U62363111779624_1_007_003-1_a8_ayy_image0533.jpg,SUN-SEG-FinalData-v20251212/TestHardDataset/Unseen/GT/case50_4/case_M_20181117100025_0U62363111779624_1_007_003-1_a8_ayy_image0533.png,481054,5053,SUNSEG_case50,case50,6,02fe64363d79dfe7283d9766285db1302baf71761530ca43f25c3c21a7a9929b,Hard-Unseen,SELECTED_PENDING_CONTAMINATION
testeasydataset/unseen/case50_3/case_m_20181117100025_0u62363111779624_1_007_003-1_a8_ayy_image0275,TestEasyDataset,Unseen,case50_3,case50,275,SUN-SEG-FinalData-v20251212/TestEasyDataset/Unseen/Frame/case50_3/case_M_20181117100025_0U62363111779624_1_007_003-1_a8_ayy_image0275.jpg,SUN-SEG-FinalData-v20251212/TestEasyDataset/Unseen/GT/case50_3/case_M_20181117100025_0U62363111779624_1_007_003-1_a8_ayy_image0275.png,482783,5439,SUNSEG_case50,case50,7,03aacfcb199fc080b781c710ebff9ab987e80d76683d2a510d3438848e083864,Easy-Unseen,SELECTED_PENDING_CONTAMINATION
testharddataset/unseen/case50_4/case_m_20181117100025_0u62363111779624_1_007_003-1_a8_ayy_image0414,TestHardDataset,Unseen,case50_4,case50,414,SUN-SEG-FinalData-v20251212/TestHardDataset/Unseen/Frame/case50_4/case_M_20181117100025_0U62363111779624_1_007_003-1_a8_ayy_image0414.jpg,SUN-SEG-FinalData-v20251212/TestHardDataset/Unseen/GT/case50_4/case_M_20181117100025_0U62363111779624_1_007_003-1_a8_ayy_image0414.png,397060,5661,SUNSEG_case50,case50,8,03ce0894adb13d9f5bb258c05c2766b56cad899a2aed04c0aa4cdb257fdb5c4a,Hard-Unseen,SELECTED_PENDING_CONTAMINATION
testeasydataset/unseen/case50_2/case_m_20181117100025_0u62363111779624_1_007_003-1_a8_ayy_image0102,TestEasyDataset,Unseen,case50_2,case50,102,SUN-SEG-FinalData-v20251212/TestEasyDataset/Unseen/Frame/case50_2/case_M_20181117100025_0U62363111779624_1_007_003-1_a8_ayy_image0102.jpg,SUN-SEG-FinalData-v20251212/TestEasyDataset/Unseen/GT/case50_2/case_M_20181117100025_0U62363111779624_1_007_003-1_a8_ayy_image0102.png,477649,5220,SUNSEG_case50,case50,9,0419e3c2c69a11c75a6f9ad382f271ddffc5e28fe6ba307a4dae49985bd603a8,Easy-Unseen,SELECTED_PENDING_CONTAMINATION
testharddataset/unseen/case50_4/case_m_20181117100025_0u62363111779624_1_007_003-1_a8_ayy_image0350,TestHardDataset,Unseen,case50_4,case50,350,SUN-SEG-FinalData-v20251212/TestHardDataset/Unseen/Frame/case50_4/case_M_20181117100025_0U62363111779624_1_007_003-1_a8_ayy_image0350.jpg,SUN-SEG-FinalData-v20251212/TestHardDataset/Unseen/GT/case50_4/case_M_20181117100025_0U62363111779624_1_007_003-1_a8_ayy_image0350.png,457133,5301,SUNSEG_case50,case50,10,04a964ff0ba24f7a83a79a882e47e3029087100da4112245cc27ea3c695cfcbb,Hard-Unseen,SELECTED_PENDING_CONTAMINATION
testharddataset/unseen/case50_4/case_m_20181117100025_0u62363111779624_1_007_003-1_a8_ayy_image0347,TestHardDataset,Unseen,case50_4,case50,347,SUN-SEG-FinalData-v20251212/TestHardDataset/Unseen/Frame/case50_4/case_M_20181117100025_0U62363111779624_1_007_003-1_a8_ayy_image0347.jpg,SUN-SEG-FinalData-v20251212/TestHardDataset/Unseen/GT/case50_4/case_M_20181117100025_0U62363111779624_1_007_003-1_a8_ayy_image0347.png,484306,5298,SUNSEG_case50,case50,11,04b342195b87775ac680ac8d3fe78391e5e7e62df1f99c5bd9eea6ee2e985bff,Hard-Unseen,SELECTED_PENDING_CONTAMINATION
testharddataset/unseen/case50_1/case_m_20181117100025_0u62363111779624_1_007_003-1_a5_ayy_image0024,TestHardDataset,Unseen,case50_1,case50,24,SUN-SEG-FinalData-v20251212/TestHardDataset/Unseen/Frame/case50_1/case_M_20181117100025_0U62363111779624_1_007_003-1_a5_ayy_image0024.jpg,SUN-SEG-FinalData-v20251212/TestHardDataset/Unseen/GT/case50_1/case_M_20181117100025_0U62363111779624_1_007_003-1_a5_ayy_image0024.png,403060,6021,SUNSEG_case50,case50,12,04b39f246f79c49fdc9e14adc2307b27a856eba1bf1da8afdc99dce350a68bd6,Hard-Unseen,SELECTED_PENDING_CONTAMINATION
testeasydataset/unseen/case50_3/case_m_20181117100025_0u62363111779624_1_007_003-1_a8_ayy_image0288,TestEasyDataset,Unseen,case50_3,case50,288,SUN-SEG-FinalData-v20251212/TestEasyDataset/Unseen/Frame/case50_3/case_M_20181117100025_0U62363111779624_1_007_003-1_a8_ayy_image0288.jpg,SUN-SEG-FinalData-v20251212/TestEasyDataset/Unseen/GT/case50_3/case_M_20181117100025_0U62363111779624_1_007_003-1_a8_ayy_image0288.png,387564,5458,SUNSEG_case50,case50,13,04ce9287ac5980ccbc0ff4d38d782c4ac941023e13be443a06a25ecb4055fef6,Easy-Unseen,SELECTED_PENDING_CONTAMINATION
testharddataset/unseen/case50_4/case_m_20181117100025_0u62363111779624_1_007_003-1_a8_ayy_image0479,TestHardDataset,Unseen,case50_4,case50,479,SUN-SEG-FinalData-v20251212/TestHardDataset/Unseen/Frame/case50_4/case_M_20181117100025_0U62363111779624_1_007_003-1_a8_ayy_image0479.jpg,SUN-SEG-FinalData-v20251212/TestHardDataset/Unseen/GT/case50_4/case_M_20181117100025_0U62363111779624_1_007_003-1_a8_ayy_image0479.png,490648,5625,SUNSEG_case50,case50,14,051ae306dc94fb4ab823856d42f3969c8d86e1e7dc2b8352e39563ca6f772653,Hard-Unseen,SELECTED_PENDING_CONTAMINATION
testharddataset/unseen/case50_4/case_m_20181117100025_0u62363111779624_1_007_003-1_a8_ayy_image0407,TestHardDataset,Unseen,case50_4,case50,407,SUN-SEG-FinalData-v20251212/TestHardDataset/Unseen/Frame/case50_4/case_M_20181117100025_0U62363111779624_1_007_003-1_a8_ayy_image0407.jpg,SUN-SEG-FinalData-v20251212/TestHardDataset/Unseen/GT/case50_4/case_M_20181117100025_0U62363111779624_1_007_003-1_a8_ayy_image0407.png,498608,5568,SUNSEG_case50,case50,15,05a79268b6d0717a9c3a42b0f5f01e8a8768ba97264cbf5cec9c41d9bdbcdb8d,Hard-Unseen,SELECTED_PENDING_CONTAMINATION
testharddataset/unseen/case50_1/case_m_20181117100025_0u62363111779624_1_007_003-1_a4_ayy_image0020,TestHardDataset,Unseen,case50_1,case50,20,SUN-SEG-FinalData-v20251212/TestHardDataset/Unseen/Frame/case50_1/case_M_20181117100025_0U62363111779624_1_007_003-1_a4_ayy_image0020.jpg,SUN-SEG-FinalData-v20251212/TestHardDataset/Unseen/GT/case50_1/case_M_20181117100025_0U62363111779624_1_007_003-1_a4_ayy_image0020.png,467334,5588,SUNSEG_case50,case50,16,05c4e4a0bf24a6963932746323870c786926dde550f9141106dca2c3bedf09b7,Hard-Unseen,SELECTED_PENDING_CONTAMINATION
testharddataset/unseen/case50_4/case_m_20181117100025_0u62363111779624_1_007_003-1_a8_ayy_image0397,TestHardDataset,Unseen,case50_4,case50,397,SUN-SEG-FinalData-v20251212/TestHardDataset/Unseen/Frame/case50_4/case_M_20181117100025_0U62363111779624_1_007_003-1_a8_ayy_image0397.jpg,SUN-SEG-FinalData-v20251212/TestHardDataset/Unseen/GT/case50_4/case_M_20181117100025_0U62363111779624_1_007_003-1_a8_ayy_image0397.png,573072,5507,SUNSEG_case50,case50,17,0605b8108b12db9322b7179e722942c32d012dd9a3c6661561d1d70761d4af6a,Hard-Unseen,SELECTED_PENDING_CONTAMINATION
testharddataset/unseen/case50_4/case_m_20181117100025_0u62363111779624_1_007_003-1_a8_ayy_image0356,TestHardDataset,Unseen,case50_4,case50,356,SUN-SEG-FinalData-v20251212/TestHardDataset/Unseen/Frame/case50_4/case_M_20181117100025_0U62363111779624_1_007_003-1_a8_ayy_image0356.jpg,SUN-SEG-FinalData-v20251212/TestHardDataset/Unseen/GT/case50_4/case_M_20181117100025_0U62363111779624_1_007_003-1_a8_ayy_image0356.png,488854,5307,SUNSEG_case50,case50,18,060a84fd95e6a0f24cc8ac724d955c57d7d2d77f7257adf228df555556059323,Hard-Unseen,SELECTED_PENDING_CONTAMINATION
testharddataset/unseen/case50_4/case_m_20181117100025_0u62363111779624_1_007_003-1_a8_ayy_image0518,TestHardDataset,Unseen,case50_4,case50,518,SUN-SEG-FinalData-v20251212/TestHardDataset/Unseen/Frame/case50_4/case_M_20181117100025_0U62363111779624_1_007_003-1_a8_ayy_image0518.jpg,SUN-SEG-FinalData-v20251212/TestHardDataset/Unseen/GT/case50_4/case_M_20181117100025_0U62363111779624_1_007_003-1_a8_ayy_image0518.png,557925,5395,SUNSEG_case50,case50,19,062b4fab151939c544fbc2465047c25ece910ab91a382927a9d78417171e650c,Hard-Unseen,SELECTED_PENDING_CONTAMINATION
testeasydataset/unseen/case50_3/case_m_20181117100025_0u62363111779624_1_007_003-1_a8_ayy_image0156,TestEasyDataset,Unseen,case50_3,case50,156,SUN-SEG-FinalData-v20251212/TestEasyDataset/Unseen/Frame/case50_3/case_M_20181117100025_0U62363111779624_1_007_003-1_a8_ayy_image0156.jpg,SUN-SEG-FinalData-v20251212/TestEasyDataset/Unseen/GT/case50_3/case_M_20181117100025_0U62363111779624_1_007_003-1_a8_ayy_image0156.png,479316,5345,SUNSEG_case50,case50,20,06c8adaf81994c16fbc2127a2c823709776abd787a588ef6cd4ef38b21f321ef,Easy-Unseen,SELECTED_PENDING_CONTAMINATION
testharddataset/unseen/case51_2/case_m_20181119111911_0u62363111914011_1_005_001-1_a4_ayy_image0098,TestHardDataset,Unseen,case51_2,case51,98,SUN-SEG-FinalData-v20251212/TestHardDataset/Unseen/Frame/case51_2/case_M_20181119111911_0U62363111914011_1_005_001-1_a4_ayy_image0098.jpg,SUN-SEG-FinalData-v20251212/TestHardDataset/Unseen/GT/case51_2/case_M_20181119111911_0U62363111914011_1_005_001-1_a4_ayy_image0098.png,500245,5024,SUNSEG_case51,case51,1,002c04fe5a1e252307b85aea8d4988f52ebaf653fac01fb8aea8c986564fd4c0,Hard-Unseen,SELECTED_PENDING_CONTAMINATION
testharddataset/unseen/case51_3/case_m_20181119111911_0u62363111914011_1_005_001-1_a10_ayy_image0015,TestHardDataset,Unseen,case51_3,case51,15,SUN-SEG-FinalData-v20251212/TestHardDataset/Unseen/Frame/case51_3/case_M_20181119111911_0U62363111914011_1_005_001-1_a10_ayy_image0015.jpg,SUN-SEG-FinalData-v20251212/TestHardDataset/Unseen/GT/case51_3/case_M_20181119111911_0U62363111914011_1_005_001-1_a10_ayy_image0015.png,603320,4305,SUNSEG_case51,case51,2,0065fef0e25c3e0503abfb3adc1f996fef862b4f1151c89589125cfdcc7687d4,Hard-Unseen,SELECTED_PENDING_CONTAMINATION
testharddataset/unseen/case51_10/case_m_20181119111911_0u62363111914011_1_005_001-1_a16_ayy_image0409,TestHardDataset,Unseen,case51_10,case51,409,SUN-SEG-FinalData-v20251212/TestHardDataset/Unseen/Frame/case51_10/case_M_20181119111911_0U62363111914011_1_005_001-1_a16_ayy_image0409.jpg,SUN-SEG-FinalData-v20251212/TestHardDataset/Unseen/GT/case51_10/case_M_20181119111911_0U62363111914011_1_005_001-1_a16_ayy_image0409.png,421707,5435,SUNSEG_case51,case51,3,008660af2be79b2bce0a8c75fa8114e23cd12e7a78fc1e13fdc93f1ccba0c1ee,Hard-Unseen,SELECTED_PENDING_CONTAMINATION
testeasydataset/unseen/case51_1/case_m_20181119111911_0u62363111914011_1_005_001-1_a3_ayy_image0020,TestEasyDataset,Unseen,case51_1,case51,20,SUN-SEG-FinalData-v20251212/TestEasyDataset/Unseen/Frame/case51_1/case_M_20181119111911_0U62363111914011_1_005_001-1_a3_ayy_image0020.jpg,SUN-SEG-FinalData-v20251212/TestEasyDataset/Unseen/GT/case51_1/case_M_20181119111911_0U62363111914011_1_005_001-1_a3_ayy_image0020.png,412331,5644,SUNSEG_case51,case51,4,00c6d6c1e865c3b0525d502281ba500f85e713683dd64cbe5965c07560ae4195,Easy-Unseen,SELECTED_PENDING_CONTAMINATION
testeasydataset/unseen/case51_4/case_m_20181119111911_0u62363111914011_1_005_001-1_a12_ayy_image0065,TestEasyDataset,Unseen,case51_4,case51,65,SUN-SEG-FinalData-v20251212/TestEasyDataset/Unseen/Frame/case51_4/case_M_20181119111911_0U62363111914011_1_005_001-1_a12_ayy_image0065.jpg,SUN-SEG-FinalData-v20251212/TestEasyDataset/Unseen/GT/case51_4/case_M_20181119111911_0U62363111914011_1_005_001-1_a12_ayy_image0065.png,463813,4735,SUNSEG_case51,case51,5,00c8f8a4d1a7b2a791a066a632caac8b8b090b0ae18ca495bea4e1e870c645b5,Easy-Unseen,SELECTED_PENDING_CONTAMINATION
testharddataset/unseen/case51_3/case_m_20181119111911_0u62363111914011_1_005_001-1_a8_ayy_image0040,TestHardDataset,Unseen,case51_3,case51,40,SUN-SEG-FinalData-v20251212/TestHardDataset/Unseen/Frame/case51_3/case_M_20181119111911_0U62363111914011_1_005_001-1_a8_ayy_image0040.jpg,SUN-SEG-FinalData-v20251212/TestHardDataset/Unseen/GT/case51_3/case_M_20181119111911_0U62363111914011_1_005_001-1_a8_ayy_image0040.png,539130,5093,SUNSEG_case51,case51,6,01394aee49e7e08766d66fdd80ae8195abb12ba63729bb47cb358f699e32afba,Hard-Unseen,SELECTED_PENDING_CONTAMINATION
testharddataset/unseen/case51_3/case_m_20181119111911_0u62363111914011_1_005_001-1_a8_ayy_image0077,TestHardDataset,Unseen,case51_3,case51,77,SUN-SEG-FinalData-v20251212/TestHardDataset/Unseen/Frame/case51_3/case_M_20181119111911_0U62363111914011_1_005_001-1_a8_ayy_image0077.jpg,SUN-SEG-FinalData-v20251212/TestHardDataset/Unseen/GT/case51_3/case_M_20181119111911_0U62363111914011_1_005_001-1_a8_ayy_image0077.png,454708,4770,SUNSEG_case51,case51,7,0191874247616ed910d7074b4eb3d9704ebc1250605516b88c592d90bdcc358a,Hard-Unseen,SELECTED_PENDING_CONTAMINATION
testharddataset/unseen/case51_2/case_m_20181119111911_0u62363111914011_1_005_001-1_a6_ayy_image0041,TestHardDataset,Unseen,case51_2,case51,41,SUN-SEG-FinalData-v20251212/TestHardDataset/Unseen/Frame/case51_2/case_M_20181119111911_0U62363111914011_1_005_001-1_a6_ayy_image0041.jpg,SUN-SEG-FinalData-v20251212/TestHardDataset/Unseen/GT/case51_2/case_M_20181119111911_0U62363111914011_1_005_001-1_a6_ayy_image0041.png,470738,5661,SUNSEG_case51,case51,8,01a2d53bb47073a558abe5ae4dcdbd3ad807b853a5173b90396230533c8090c0,Hard-Unseen,SELECTED_PENDING_CONTAMINATION
testharddataset/unseen/case51_10/case_m_20181119111911_0u62363111914011_1_005_001-1_a19_ayy_image0004,TestHardDataset,Unseen,case51_10,case51,4,SUN-SEG-FinalData-v20251212/TestHardDataset/Unseen/Frame/case51_10/case_M_20181119111911_0U62363111914011_1_005_001-1_a19_ayy_image0004.jpg,SUN-SEG-FinalData-v20251212/TestHardDataset/Unseen/GT/case51_10/case_M_20181119111911_0U62363111914011_1_005_001-1_a19_ayy_image0004.png,590296,4522,SUNSEG_case51,case51,9,01a683d4c7e78b8557c695ff4935bc2cd6c73823fd7b2d91c56c9cf3de2c91a6,Hard-Unseen,SELECTED_PENDING_CONTAMINATION
testharddataset/unseen/case51_2/case_m_20181119111911_0u62363111914011_1_005_001-1_a5_ayy_image0053,TestHardDataset,Unseen,case51_2,case51,53,SUN-SEG-FinalData-v20251212/TestHardDataset/Unseen/Frame/case51_2/case_M_20181119111911_0U62363111914011_1_005_001-1_a5_ayy_image0053.jpg,SUN-SEG-FinalData-v20251212/TestHardDataset/Unseen/GT/case51_2/case_M_20181119111911_0U62363111914011_1_005_001-1_a5_ayy_image0053.png,461045,5044,SUNSEG_case51,case51,10,01b39438d0e4e13280ff6878a3b0df18fc9e412099ee64f52b5403c4788a02e5,Hard-Unseen,SELECTED_PENDING_CONTAMINATION
testeasydataset/unseen/case51_6/case_m_20181119111911_0u62363111914011_1_005_001-1_a12_ayy_image0308,TestEasyDataset,Unseen,case51_6,case51,308,SUN-SEG-FinalData-v20251212/TestEasyDataset/Unseen/Frame/case51_6/case_M_20181119111911_0U62363111914011_1_005_001-1_a12_ayy_image0308.jpg,SUN-SEG-FinalData-v20251212/TestEasyDataset/Unseen/GT/case51_6/case_M_20181119111911_0U62363111914011_1_005_001-1_a12_ayy_image0308.png,453276,4440,SUNSEG_case51,case51,11,01c3e165a72b309ba60927051e87474139cf9fdaa5cf35be2f29acc6f90d88b4,Easy-Unseen,SELECTED_PENDING_CONTAMINATION
testeasydataset/unseen/case51_1/case_m_20181119111911_0u62363111914011_1_005_001-1_a2_ayy_image0072,TestEasyDataset,Unseen,case51_1,case51,72,SUN-SEG-FinalData-v20251212/TestEasyDataset/Unseen/Frame/case51_1/case_M_20181119111911_0U62363111914011_1_005_001-1_a2_ayy_image0072.jpg,SUN-SEG-FinalData-v20251212/TestEasyDataset/Unseen/GT/case51_1/case_M_20181119111911_0U62363111914011_1_005_001-1_a2_ayy_image0072.png,503091,4596,SUNSEG_case51,case51,12,01e3e517a588108e7c9d879656349b23f90fa12ad0748708d79a134bde7dea26,Easy-Unseen,SELECTED_PENDING_CONTAMINATION
testeasydataset/unseen/case51_6/case_m_20181119111911_0u62363111914011_1_005_001-1_a12_ayy_image0423,TestEasyDataset,Unseen,case51_6,case51,423,SUN-SEG-FinalData-v20251212/TestEasyDataset/Unseen/Frame/case51_6/case_M_20181119111911_0U62363111914011_1_005_001-1_a12_ayy_image0423.jpg,SUN-SEG-FinalData-v20251212/TestEasyDataset/Unseen/GT/case51_6/case_M_20181119111911_0U62363111914011_1_005_001-1_a12_ayy_image0423.png,473996,5375,SUNSEG_case51,case51,13,01f7e0a63cf7ae182ba3cc74a743fdeb7b4e53bd609ba8e1ac9a00cb0f64726c,Easy-Unseen,SELECTED_PENDING_CONTAMINATION
testeasydataset/unseen/case51_7/case_m_20181119111911_0u62363111914011_1_005_001-1_a12_ayy_image0473,TestEasyDataset,Unseen,case51_7,case51,473,SUN-SEG-FinalData-v20251212/TestEasyDataset/Unseen/Frame/case51_7/case_M_20181119111911_0U62363111914011_1_005_001-1_a12_ayy_image0473.jpg,SUN-SEG-FinalData-v20251212/TestEasyDataset/Unseen/GT/case51_7/case_M_20181119111911_0U62363111914011_1_005_001-1_a12_ayy_image0473.png,385725,5502,SUNSEG_case51,case51,14,0209276f9b1fead417203842f106ba08230975e1853c54b74763258e8462e778,Easy-Unseen,SELECTED_PENDING_CONTAMINATION
testeasydataset/unseen/case51_9/case_m_20181119111911_0u62363111914011_1_005_001-1_a16_ayy_image0191,TestEasyDataset,Unseen,case51_9,case51,191,SUN-SEG-FinalData-v20251212/TestEasyDataset/Unseen/Frame/case51_9/case_M_20181119111911_0U62363111914011_1_005_001-1_a16_ayy_image0191.jpg,SUN-SEG-FinalData-v20251212/TestEasyDataset/Unseen/GT/case51_9/case_M_20181119111911_0U62363111914011_1_005_001-1_a16_ayy_image0191.png,484060,4750,SUNSEG_case51,case51,15,022a7262937819c2bdaa92e1665999d717ecffdca3fc7cf45cf7718cce3b77ea,Easy-Unseen,SELECTED_PENDING_CONTAMINATION
testharddataset/unseen/case51_3/case_m_20181119111911_0u62363111914011_1_005_001-1_a9_ayy_image0011,TestHardDataset,Unseen,case51_3,case51,11,SUN-SEG-FinalData-v20251212/TestHardDataset/Unseen/Frame/case51_3/case_M_20181119111911_0U62363111914011_1_005_001-1_a9_ayy_image0011.jpg,SUN-SEG-FinalData-v20251212/TestHardDataset/Unseen/GT/case51_3/case_M_20181119111911_0U62363111914011_1_005_001-1_a9_ayy_image0011.png,544702,4959,SUNSEG_case51,case51,16,0258728a2e068bdb361860aeb4a189c6f575836b21ee6e8d2bc9b5eefa89e332,Hard-Unseen,SELECTED_PENDING_CONTAMINATION
testeasydataset/unseen/case51_4/case_m_20181119111911_0u62363111914011_1_005_001-1_a12_ayy_image0103,TestEasyDataset,Unseen,case51_4,case51,103,SUN-SEG-FinalData-v20251212/TestEasyDataset/Unseen/Frame/case51_4/case_M_20181119111911_0U62363111914011_1_005_001-1_a12_ayy_image0103.jpg,SUN-SEG-FinalData-v20251212/TestEasyDataset/Unseen/GT/case51_4/case_M_20181119111911_0U62363111914011_1_005_001-1_a12_ayy_image0103.png,427324,4874,SUNSEG_case51,case51,17,025cb93a0e83d95fdf6e4953754b48cbbc1617be24fc6eb87dff2ebb397c322c,Easy-Unseen,SELECTED_PENDING_CONTAMINATION
testharddataset/unseen/case51_2/case_m_20181119111911_0u62363111914011_1_005_001-1_a5_ayy_image0020,TestHardDataset,Unseen,case51_2,case51,20,SUN-SEG-FinalData-v20251212/TestHardDataset/Unseen/Frame/case51_2/case_M_20181119111911_0U62363111914011_1_005_001-1_a5_ayy_image0020.jpg,SUN-SEG-FinalData-v20251212/TestHardDataset/Unseen/GT/case51_2/case_M_20181119111911_0U62363111914011_1_005_001-1_a5_ayy_image0020.png,486012,5536,SUNSEG_case51,case51,18,02759409f56d6a4722f6e645a56fd5bbcb31b9a921f9dec9cd987a0b46213fb9,Hard-Unseen,SELECTED_PENDING_CONTAMINATION
testeasydataset/unseen/case51_9/case_m_20181119111911_0u62363111914011_1_005_001-1_a16_ayy_image0221,TestEasyDataset,Unseen,case51_9,case51,221,SUN-SEG-FinalData-v20251212/TestEasyDataset/Unseen/Frame/case51_9/case_M_20181119111911_0U62363111914011_1_005_001-1_a16_ayy_image0221.jpg,SUN-SEG-FinalData-v20251212/TestEasyDataset/Unseen/GT/case51_9/case_M_20181119111911_0U62363111914011_1_005_001-1_a16_ayy_image0221.png,481292,5852,SUNSEG_case51,case51,19,02af7d72c174812559b235c0a739cf0e79b4b4563eb1b0ee2f31ddb16678fd32,Easy-Unseen,SELECTED_PENDING_CONTAMINATION
testeasydataset/unseen/case51_1/case_m_20181119111911_0u62363111914011_1_005_001-1_a3_ayy_image0081,TestEasyDataset,Unseen,case51_1,case51,81,SUN-SEG-FinalData-v20251212/TestEasyDataset/Unseen/Frame/case51_1/case_M_20181119111911_0U62363111914011_1_005_001-1_a3_ayy_image0081.jpg,SUN-SEG-FinalData-v20251212/TestEasyDataset/Unseen/GT/case51_1/case_M_20181119111911_0U62363111914011_1_005_001-1_a3_ayy_image0081.png,438122,5710,SUNSEG_case51,case51,20,02e03de253afa2a3e3c93cf3cb27a99b20c747d8ccc2d69f97999fd3c3400a93,Easy-Unseen,SELECTED_PENDING_CONTAMINATION
testharddataset/unseen/case52/case_m_20181120115731_0u62368112064030_1_001_001-1_a8_ayy_image0010,TestHardDataset,Unseen,case52,case52,10,SUN-SEG-FinalData-v20251212/TestHardDataset/Unseen/Frame/case52/case_M_20181120115731_0U62368112064030_1_001_001-1_a8_ayy_image0010.jpg,SUN-SEG-FinalData-v20251212/TestHardDataset/Unseen/GT/case52/case_M_20181120115731_0U62368112064030_1_001_001-1_a8_ayy_image0010.png,436650,4029,SUNSEG_case52,case52,1,0109f35dcb9bef97ac09e0aab212bc32f604b5fa7f791aa3956a86309f3bb79d,Hard-Unseen,SELECTED_PENDING_CONTAMINATION
testharddataset/unseen/case52/case_m_20181120115731_0u62368112064030_1_001_001-1_a4_ayy_image0021,TestHardDataset,Unseen,case52,case52,21,SUN-SEG-FinalData-v20251212/TestHardDataset/Unseen/Frame/case52/case_M_20181120115731_0U62368112064030_1_001_001-1_a4_ayy_image0021.jpg,SUN-SEG-FinalData-v20251212/TestHardDataset/Unseen/GT/case52/case_M_20181120115731_0U62368112064030_1_001_001-1_a4_ayy_image0021.png,638381,3988,SUNSEG_case52,case52,2,029926e8eade4abd9560ee4d2af2456bfba40389729c28fa6362cc0939c6b0fe,Hard-Unseen,SELECTED_PENDING_CONTAMINATION
testharddataset/unseen/case52/case_m_20181120115731_0u62368112064030_1_001_001-1_a6_ayy_image0057,TestHardDataset,Unseen,case52,case52,57,SUN-SEG-FinalData-v20251212/TestHardDataset/Unseen/Frame/case52/case_M_20181120115731_0U62368112064030_1_001_001-1_a6_ayy_image0057.jpg,SUN-SEG-FinalData-v20251212/TestHardDataset/Unseen/GT/case52/case_M_20181120115731_0U62368112064030_1_001_001-1_a6_ayy_image0057.png,595270,4299,SUNSEG_case52,case52,3,03ee5ec9fb58e15a06b4d69213c15be06a26be558d6e3be85ee3fd8e4457464e,Hard-Unseen,SELECTED_PENDING_CONTAMINATION
testharddataset/unseen/case52/case_m_20181120115731_0u62368112064030_1_001_001-1_a6_ayy_image0034,TestHardDataset,Unseen,case52,case52,34,SUN-SEG-FinalData-v20251212/TestHardDataset/Unseen/Frame/case52/case_M_20181120115731_0U62368112064030_1_001_001-1_a6_ayy_image0034.jpg,SUN-SEG-FinalData-v20251212/TestHardDataset/Unseen/GT/case52/case_M_20181120115731_0U62368112064030_1_001_001-1_a6_ayy_image0034.png,424344,4323,SUNSEG_case52,case52,4,04ac52ac7f8fb04c65520a45af1a01dc40e593bc50aa2e976e7e05c0a6dc24e3,Hard-Unseen,SELECTED_PENDING_CONTAMINATION
testharddataset/unseen/case52/case_m_20181120115731_0u62368112064030_1_001_001-1_a4_ayy_image0057,TestHardDataset,Unseen,case52,case52,57,SUN-SEG-FinalData-v20251212/TestHardDataset/Unseen/Frame/case52/case_M_20181120115731_0U62368112064030_1_001_001-1_a4_ayy_image0057.jpg,SUN-SEG-FinalData-v20251212/TestHardDataset/Unseen/GT/case52/case_M_20181120115731_0U62368112064030_1_001_001-1_a4_ayy_image0057.png,601522,3680,SUNSEG_case52,case52,5,063c0802d3bd41cee56aeedce0b2f662b11a4139cdac6d51a99448fe7295cf8e,Hard-Unseen,SELECTED_PENDING_CONTAMINATION
testharddataset/unseen/case52/case_m_20181120115731_0u62368112064030_1_001_001-1_a7_ayy_image0024,TestHardDataset,Unseen,case52,case52,24,SUN-SEG-FinalData-v20251212/TestHardDataset/Unseen/Frame/case52/case_M_20181120115731_0U62368112064030_1_001_001-1_a7_ayy_image0024.jpg,SUN-SEG-FinalData-v20251212/TestHardDataset/Unseen/GT/case52/case_M_20181120115731_0U62368112064030_1_001_001-1_a7_ayy_image0024.png,586866,3775,SUNSEG_case52,case52,6,096e4e55f061ad71c86b654b97e0d9d0c1178482f0b336b774183a40718694cf,Hard-Unseen,SELECTED_PENDING_CONTAMINATION
testharddataset/unseen/case52/case_m_20181120115731_0u62368112064030_1_001_001-1_a6_ayy_image0015,TestHardDataset,Unseen,case52,case52,15,SUN-SEG-FinalData-v20251212/TestHardDataset/Unseen/Frame/case52/case_M_20181120115731_0U62368112064030_1_001_001-1_a6_ayy_image0015.jpg,SUN-SEG-FinalData-v20251212/TestHardDataset/Unseen/GT/case52/case_M_20181120115731_0U62368112064030_1_001_001-1_a6_ayy_image0015.png,576242,4491,SUNSEG_case52,case52,7,0980519df8f868576bc4766639b7918068cdbb3ea035046f48eec49853582443,Hard-Unseen,SELECTED_PENDING_CONTAMINATION
testharddataset/unseen/case52/case_m_20181120115731_0u62368112064030_1_001_001-1_a6_ayy_image0042,TestHardDataset,Unseen,case52,case52,42,SUN-SEG-FinalData-v20251212/TestHardDataset/Unseen/Frame/case52/case_M_20181120115731_0U62368112064030_1_001_001-1_a6_ayy_image0042.jpg,SUN-SEG-FinalData-v20251212/TestHardDataset/Unseen/GT/case52/case_M_20181120115731_0U62368112064030_1_001_001-1_a6_ayy_image0042.png,511797,4313,SUNSEG_case52,case52,8,0e7306e4333abbcad7ba55830e951632efb654608db4ab81e10c8aa194278f30,Hard-Unseen,SELECTED_PENDING_CONTAMINATION
testharddataset/unseen/case52/case_m_20181120115731_0u62368112064030_1_001_001-1_a4_ayy_image0019,TestHardDataset,Unseen,case52,case52,19,SUN-SEG-FinalData-v20251212/TestHardDataset/Unseen/Frame/case52/case_M_20181120115731_0U62368112064030_1_001_001-1_a4_ayy_image0019.jpg,SUN-SEG-FinalData-v20251212/TestHardDataset/Unseen/GT/case52/case_M_20181120115731_0U62368112064030_1_001_001-1_a4_ayy_image0019.png,622477,3988,SUNSEG_case52,case52,9,1099c52fca9345d34632634dc08e6d28a627829e4be76b01a7d67a05ae330e25,Hard-Unseen,SELECTED_PENDING_CONTAMINATION
testharddataset/unseen/case52/case_m_20181120115731_0u62368112064030_1_001_001-1_a3_ayy_image0007,TestHardDataset,Unseen,case52,case52,7,SUN-SEG-FinalData-v20251212/TestHardDataset/Unseen/Frame/case52/case_M_20181120115731_0U62368112064030_1_001_001-1_a3_ayy_image0007.jpg,SUN-SEG-FinalData-v20251212/TestHardDataset/Unseen/GT/case52/case_M_20181120115731_0U62368112064030_1_001_001-1_a3_ayy_image0007.png,397807,3597,SUNSEG_case52,case52,10,1210f142e9a0e017dbde9daed3f26d8ce907289023d58e48eac05eb25a389dfd,Hard-Unseen,SELECTED_PENDING_CONTAMINATION
testharddataset/unseen/case52/case_m_20181120115731_0u62368112064030_1_001_001-1_a4_ayy_image0011,TestHardDataset,Unseen,case52,case52,11,SUN-SEG-FinalData-v20251212/TestHardDataset/Unseen/Frame/case52/case_M_20181120115731_0U62368112064030_1_001_001-1_a4_ayy_image0011.jpg,SUN-SEG-FinalData-v20251212/TestHardDataset/Unseen/GT/case52/case_M_20181120115731_0U62368112064030_1_001_001-1_a4_ayy_image0011.png,428030,3980,SUNSEG_case52,case52,11,14ae38fae0c0370f5047ee48037bb731de9cc6b9ec1e1ff0331fc15f91acc285,Hard-Unseen,SELECTED_PENDING_CONTAMINATION
testharddataset/unseen/case52/case_m_20181120115731_0u62368112064030_1_001_001-1_a8_ayy_image0016,TestHardDataset,Unseen,case52,case52,16,SUN-SEG-FinalData-v20251212/TestHardDataset/Unseen/Frame/case52/case_M_20181120115731_0U62368112064030_1_001_001-1_a8_ayy_image0016.jpg,SUN-SEG-FinalData-v20251212/TestHardDataset/Unseen/GT/case52/case_M_20181120115731_0U62368112064030_1_001_001-1_a8_ayy_image0016.png,410641,4373,SUNSEG_case52,case52,12,159cc0101cca39a3efc0ea9a4d84b0f9f4320ba4d70a4d789feb6bd030ad5b37,Hard-Unseen,SELECTED_PENDING_CONTAMINATION
testharddataset/unseen/case52/case_m_20181120115731_0u62368112064030_1_001_001-1_a6_ayy_image0022,TestHardDataset,Unseen,case52,case52,22,SUN-SEG-FinalData-v20251212/TestHardDataset/Unseen/Frame/case52/case_M_20181120115731_0U62368112064030_1_001_001-1_a6_ayy_image0022.jpg,SUN-SEG-FinalData-v20251212/TestHardDataset/Unseen/GT/case52/case_M_20181120115731_0U62368112064030_1_001_001-1_a6_ayy_image0022.png,411524,4536,SUNSEG_case52,case52,13,15c6dcacada4b98c8d134bef0197a8e05789ff4c46e5850d31648cb2d2d41163,Hard-Unseen,SELECTED_PENDING_CONTAMINATION
testharddataset/unseen/case52/case_m_20181120115731_0u62368112064030_1_001_001-1_a7_ayy_image0029,TestHardDataset,Unseen,case52,case52,29,SUN-SEG-FinalData-v20251212/TestHardDataset/Unseen/Frame/case52/case_M_20181120115731_0U62368112064030_1_001_001-1_a7_ayy_image0029.jpg,SUN-SEG-FinalData-v20251212/TestHardDataset/Unseen/GT/case52/case_M_20181120115731_0U62368112064030_1_001_001-1_a7_ayy_image0029.png,538079,3603,SUNSEG_case52,case52,14,1639e9c564d7534b0c5120c7e3402f39f3e99c2a6b9da7d071f4042e1083ecde,Hard-Unseen,SELECTED_PENDING_CONTAMINATION
testharddataset/unseen/case52/case_m_20181120115731_0u62368112064030_1_001_001-1_a3_ayy_image0001,TestHardDataset,Unseen,case52,case52,1,SUN-SEG-FinalData-v20251212/TestHardDataset/Unseen/Frame/case52/case_M_20181120115731_0U62368112064030_1_001_001-1_a3_ayy_image0001.jpg,SUN-SEG-FinalData-v20251212/TestHardDataset/Unseen/GT/case52/case_M_20181120115731_0U62368112064030_1_001_001-1_a3_ayy_image0001.png,513076,3659,SUNSEG_case52,case52,15,16a22725a27232e2e8ac309e262b0ea421c0fb07974d07a2ae8828c935879f72,Hard-Unseen,SELECTED_PENDING_CONTAMINATION
testharddataset/unseen/case52/case_m_20181120115731_0u62368112064030_1_001_001-1_a7_ayy_image0012,TestHardDataset,Unseen,case52,case52,12,SUN-SEG-FinalData-v20251212/TestHardDataset/Unseen/Frame/case52/case_M_20181120115731_0U62368112064030_1_001_001-1_a7_ayy_image0012.jpg,SUN-SEG-FinalData-v20251212/TestHardDataset/Unseen/GT/case52/case_M_20181120115731_0U62368112064030_1_001_001-1_a7_ayy_image0012.png,517536,4505,SUNSEG_case52,case52,16,1764d53c0c9f3ed968ea1a77e44aa01345739c212aa103b18ee55c5e550e858b,Hard-Unseen,SELECTED_PENDING_CONTAMINATION
testharddataset/unseen/case52/case_m_20181120115731_0u62368112064030_1_001_001-1_a7_ayy_image0007,TestHardDataset,Unseen,case52,case52,7,SUN-SEG-FinalData-v20251212/TestHardDataset/Unseen/Frame/case52/case_M_20181120115731_0U62368112064030_1_001_001-1_a7_ayy_image0007.jpg,SUN-SEG-FinalData-v20251212/TestHardDataset/Unseen/GT/case52/case_M_20181120115731_0U62368112064030_1_001_001-1_a7_ayy_image0007.png,500667,4206,SUNSEG_case52,case52,17,18d31c2911cee9d05183b272b43a216b3119e8a3c2254f99bedd61209a8234bc,Hard-Unseen,SELECTED_PENDING_CONTAMINATION
testharddataset/unseen/case52/case_m_20181120115731_0u62368112064030_1_001_001-1_a7_ayy_image0027,TestHardDataset,Unseen,case52,case52,27,SUN-SEG-FinalData-v20251212/TestHardDataset/Unseen/Frame/case52/case_M_20181120115731_0U62368112064030_1_001_001-1_a7_ayy_image0027.jpg,SUN-SEG-FinalData-v20251212/TestHardDataset/Unseen/GT/case52/case_M_20181120115731_0U62368112064030_1_001_001-1_a7_ayy_image0027.png,531584,3708,SUNSEG_case52,case52,18,198fabecaedbdf925626cd11dda0f081e054f2a745ae5a5460bb21e07f99f0bf,Hard-Unseen,SELECTED_PENDING_CONTAMINATION
testharddataset/unseen/case52/case_m_20181120115731_0u62368112064030_1_001_001-1_a3_ayy_image0005,TestHardDataset,Unseen,case52,case52,5,SUN-SEG-FinalData-v20251212/TestHardDataset/Unseen/Frame/case52/case_M_20181120115731_0U62368112064030_1_001_001-1_a3_ayy_image0005.jpg,SUN-SEG-FinalData-v20251212/TestHardDataset/Unseen/GT/case52/case_M_20181120115731_0U62368112064030_1_001_001-1_a3_ayy_image0005.png,406746,3643,SUNSEG_case52,case52,19,1a219b1b73af413be0160e10575803ebbe69be55ea50a55973bdf486305a7b12,Hard-Unseen,SELECTED_PENDING_CONTAMINATION
testharddataset/unseen/case52/case_m_20181120115731_0u62368112064030_1_001_001-1_a7_ayy_image0016,TestHardDataset,Unseen,case52,case52,16,SUN-SEG-FinalData-v20251212/TestHardDataset/Unseen/Frame/case52/case_M_20181120115731_0U62368112064030_1_001_001-1_a7_ayy_image0016.jpg,SUN-SEG-FinalData-v20251212/TestHardDataset/Unseen/GT/case52/case_M_20181120115731_0U62368112064030_1_001_001-1_a7_ayy_image0016.png,413247,4185,SUNSEG_case52,case52,20,1afb84a406cedd3502b1d8f3d190c9af23353b9a14499bd1006fae89495e69d7,Hard-Unseen,SELECTED_PENDING_CONTAMINATION
testharddataset/unseen/case54_1/case_m_20181126140908_0u62368112685907_1_004_001-1_a14_ayy_image0041,TestHardDataset,Unseen,case54_1,case54,41,SUN-SEG-FinalData-v20251212/TestHardDataset/Unseen/Frame/case54_1/case_M_20181126140908_0U62368112685907_1_004_001-1_a14_ayy_image0041.jpg,SUN-SEG-FinalData-v20251212/TestHardDataset/Unseen/GT/case54_1/case_M_20181126140908_0U62368112685907_1_004_001-1_a14_ayy_image0041.png,527612,5044,SUNSEG_case54,case54,1,0077efa4290fef7a4fc73289a6ca345a82fe217cab1f8e68aff8b1120c330b46,Hard-Unseen,SELECTED_PENDING_CONTAMINATION
testharddataset/unseen/case54_1/case_m_20181126140908_0u62368112685907_1_004_001-1_a13_ayy_image0009,TestHardDataset,Unseen,case54_1,case54,9,SUN-SEG-FinalData-v20251212/TestHardDataset/Unseen/Frame/case54_1/case_M_20181126140908_0U62368112685907_1_004_001-1_a13_ayy_image0009.jpg,SUN-SEG-FinalData-v20251212/TestHardDataset/Unseen/GT/case54_1/case_M_20181126140908_0U62368112685907_1_004_001-1_a13_ayy_image0009.png,367536,4245,SUNSEG_case54,case54,2,0108766a14116acc4783af89451495033e57d99968b94eebb988e4d1a3f80d96,Hard-Unseen,SELECTED_PENDING_CONTAMINATION
testeasydataset/unseen/case54_2/case_m_20181126140908_0u62368112685907_1_004_001-1_a17_ayy_image0033,TestEasyDataset,Unseen,case54_2,case54,33,SUN-SEG-FinalData-v20251212/TestEasyDataset/Unseen/Frame/case54_2/case_M_20181126140908_0U62368112685907_1_004_001-1_a17_ayy_image0033.jpg,SUN-SEG-FinalData-v20251212/TestEasyDataset/Unseen/GT/case54_2/case_M_20181126140908_0U62368112685907_1_004_001-1_a17_ayy_image0033.png,467360,4602,SUNSEG_case54,case54,3,015b3f1ebf31796a708b5d92d7d15b7fdc909a2f834ae8dc888b3cca20a99df4,Easy-Unseen,SELECTED_PENDING_CONTAMINATION
testharddataset/unseen/case54_1/case_m_20181126140908_0u62368112685907_1_004_001-1_a13_ayy_image0037,TestHardDataset,Unseen,case54_1,case54,37,SUN-SEG-FinalData-v20251212/TestHardDataset/Unseen/Frame/case54_1/case_M_20181126140908_0U62368112685907_1_004_001-1_a13_ayy_image0037.jpg,SUN-SEG-FinalData-v20251212/TestHardDataset/Unseen/GT/case54_1/case_M_20181126140908_0U62368112685907_1_004_001-1_a13_ayy_image0037.png,497442,3971,SUNSEG_case54,case54,4,02472a8198f8119812376857a62ac2aa8c4e6995b2d858dbf2b379f51188527c,Hard-Unseen,SELECTED_PENDING_CONTAMINATION
testharddataset/unseen/case54_1/case_m_20181126140908_0u62368112685907_1_004_001-1_a14_ayy_image0027,TestHardDataset,Unseen,case54_1,case54,27,SUN-SEG-FinalData-v20251212/TestHardDataset/Unseen/Frame/case54_1/case_M_20181126140908_0U62368112685907_1_004_001-1_a14_ayy_image0027.jpg,SUN-SEG-FinalData-v20251212/TestHardDataset/Unseen/GT/case54_1/case_M_20181126140908_0U62368112685907_1_004_001-1_a14_ayy_image0027.png,518957,4937,SUNSEG_case54,case54,5,0300ed5ffd6905a4710a3b4148bef449f53c5b55f1586164b211c4b28f40bc44,Hard-Unseen,SELECTED_PENDING_CONTAMINATION
testeasydataset/unseen/case54_2/case_m_20181126140908_0u62368112685907_1_004_001-1_a17_ayy_image0082,TestEasyDataset,Unseen,case54_2,case54,82,SUN-SEG-FinalData-v20251212/TestEasyDataset/Unseen/Frame/case54_2/case_M_20181126140908_0U62368112685907_1_004_001-1_a17_ayy_image0082.jpg,SUN-SEG-FinalData-v20251212/TestEasyDataset/Unseen/GT/case54_2/case_M_20181126140908_0U62368112685907_1_004_001-1_a17_ayy_image0082.png,486026,4534,SUNSEG_case54,case54,6,040eb5a0fdde2095b4180e140f3c1b058e73eb2100eb90b700bd80bd19d19750,Easy-Unseen,SELECTED_PENDING_CONTAMINATION
testeasydataset/unseen/case54_2/case_m_20181126140908_0u62368112685907_1_004_001-1_a17_ayy_image0005,TestEasyDataset,Unseen,case54_2,case54,5,SUN-SEG-FinalData-v20251212/TestEasyDataset/Unseen/Frame/case54_2/case_M_20181126140908_0U62368112685907_1_004_001-1_a17_ayy_image0005.jpg,SUN-SEG-FinalData-v20251212/TestEasyDataset/Unseen/GT/case54_2/case_M_20181126140908_0U62368112685907_1_004_001-1_a17_ayy_image0005.png,375059,4216,SUNSEG_case54,case54,7,042afbddec48397d1114ccda9513fbd0a7c06956d357f61dfce51c7b3855743e,Easy-Unseen,SELECTED_PENDING_CONTAMINATION
testharddataset/unseen/case54_1/case_m_20181126140908_0u62368112685907_1_004_001-1_a14_ayy_image0098,TestHardDataset,Unseen,case54_1,case54,98,SUN-SEG-FinalData-v20251212/TestHardDataset/Unseen/Frame/case54_1/case_M_20181126140908_0U62368112685907_1_004_001-1_a14_ayy_image0098.jpg,SUN-SEG-FinalData-v20251212/TestHardDataset/Unseen/GT/case54_1/case_M_20181126140908_0U62368112685907_1_004_001-1_a14_ayy_image0098.png,540574,4473,SUNSEG_case54,case54,8,04418eab3b085d3adeef7d8d8b6fb7cd4aa71e6d50b5198fb79aaf9a537d30ea,Hard-Unseen,SELECTED_PENDING_CONTAMINATION
testharddataset/unseen/case54_1/case_m_20181126140908_0u62368112685907_1_004_001-1_a14_ayy_image0088,TestHardDataset,Unseen,case54_1,case54,88,SUN-SEG-FinalData-v20251212/TestHardDataset/Unseen/Frame/case54_1/case_M_20181126140908_0U62368112685907_1_004_001-1_a14_ayy_image0088.jpg,SUN-SEG-FinalData-v20251212/TestHardDataset/Unseen/GT/case54_1/case_M_20181126140908_0U62368112685907_1_004_001-1_a14_ayy_image0088.png,369669,4472,SUNSEG_case54,case54,9,046c6e15b6be67e7a0216338829997277b6f1ab5cb4abc987d3899d40b83991b,Hard-Unseen,SELECTED_PENDING_CONTAMINATION
testharddataset/unseen/case54_1/case_m_20181126140908_0u62368112685907_1_004_001-1_a13_ayy_image0007,TestHardDataset,Unseen,case54_1,case54,7,SUN-SEG-FinalData-v20251212/TestHardDataset/Unseen/Frame/case54_1/case_M_20181126140908_0U62368112685907_1_004_001-1_a13_ayy_image0007.jpg,SUN-SEG-FinalData-v20251212/TestHardDataset/Unseen/GT/case54_1/case_M_20181126140908_0U62368112685907_1_004_001-1_a13_ayy_image0007.png,487737,4653,SUNSEG_case54,case54,10,04705985b4d8afa40f4d9175aabc822c4f9dfa1944680332e1fa146471124a56,Hard-Unseen,SELECTED_PENDING_CONTAMINATION
testharddataset/unseen/case54_1/case_m_20181126140908_0u62368112685907_1_004_001-1_a13_ayy_image0061,TestHardDataset,Unseen,case54_1,case54,61,SUN-SEG-FinalData-v20251212/TestHardDataset/Unseen/Frame/case54_1/case_M_20181126140908_0U62368112685907_1_004_001-1_a13_ayy_image0061.jpg,SUN-SEG-FinalData-v20251212/TestHardDataset/Unseen/GT/case54_1/case_M_20181126140908_0U62368112685907_1_004_001-1_a13_ayy_image0061.png,496049,3819,SUNSEG_case54,case54,11,048585265cc259ae61e165f5f807763a3873a9331dcee399285f04affd4d18c1,Hard-Unseen,SELECTED_PENDING_CONTAMINATION
testeasydataset/unseen/case54_2/case_m_20181126140908_0u62368112685907_1_004_001-1_a17_ayy_image0065,TestEasyDataset,Unseen,case54_2,case54,65,SUN-SEG-FinalData-v20251212/TestEasyDataset/Unseen/Frame/case54_2/case_M_20181126140908_0U62368112685907_1_004_001-1_a17_ayy_image0065.jpg,SUN-SEG-FinalData-v20251212/TestEasyDataset/Unseen/GT/case54_2/case_M_20181126140908_0U62368112685907_1_004_001-1_a17_ayy_image0065.png,543392,4616,SUNSEG_case54,case54,12,05f9f95b55d650772af86336dd31a611bde3b6ea1896b1a0d0612b697608b1c8,Easy-Unseen,SELECTED_PENDING_CONTAMINATION
testharddataset/unseen/case54_1/case_m_20181126140908_0u62368112685907_1_004_001-1_a14_ayy_image0034,TestHardDataset,Unseen,case54_1,case54,34,SUN-SEG-FinalData-v20251212/TestHardDataset/Unseen/Frame/case54_1/case_M_20181126140908_0U62368112685907_1_004_001-1_a14_ayy_image0034.jpg,SUN-SEG-FinalData-v20251212/TestHardDataset/Unseen/GT/case54_1/case_M_20181126140908_0U62368112685907_1_004_001-1_a14_ayy_image0034.png,340190,5029,SUNSEG_case54,case54,13,0636f20430559785b91662b305af45b767bfe017ef1e8e0a47e22a9245ef4236,Hard-Unseen,SELECTED_PENDING_CONTAMINATION
testeasydataset/unseen/case54_2/case_m_20181126140908_0u62368112685907_1_004_001-1_a17_ayy_image0062,TestEasyDataset,Unseen,case54_2,case54,62,SUN-SEG-FinalData-v20251212/TestEasyDataset/Unseen/Frame/case54_2/case_M_20181126140908_0U62368112685907_1_004_001-1_a17_ayy_image0062.jpg,SUN-SEG-FinalData-v20251212/TestEasyDataset/Unseen/GT/case54_2/case_M_20181126140908_0U62368112685907_1_004_001-1_a17_ayy_image0062.png,469503,4573,SUNSEG_case54,case54,14,065da2f86de14a83e381db4a834e4718aa822cfd341a90ba78b48c645a59c186,Easy-Unseen,SELECTED_PENDING_CONTAMINATION
testharddataset/unseen/case54_1/case_m_20181126140908_0u62368112685907_1_004_001-1_a16_ayy_image0018,TestHardDataset,Unseen,case54_1,case54,18,SUN-SEG-FinalData-v20251212/TestHardDataset/Unseen/Frame/case54_1/case_M_20181126140908_0U62368112685907_1_004_001-1_a16_ayy_image0018.jpg,SUN-SEG-FinalData-v20251212/TestHardDataset/Unseen/GT/case54_1/case_M_20181126140908_0U62368112685907_1_004_001-1_a16_ayy_image0018.png,392864,3824,SUNSEG_case54,case54,15,06b087ec2b7e558fd283a1673af207ba94686e333dd103255cb9ede1d727eb20,Hard-Unseen,SELECTED_PENDING_CONTAMINATION
testharddataset/unseen/case54_1/case_m_20181126140908_0u62368112685907_1_004_001-1_a14_ayy_image0002,TestHardDataset,Unseen,case54_1,case54,2,SUN-SEG-FinalData-v20251212/TestHardDataset/Unseen/Frame/case54_1/case_M_20181126140908_0U62368112685907_1_004_001-1_a14_ayy_image0002.jpg,SUN-SEG-FinalData-v20251212/TestHardDataset/Unseen/GT/case54_1/case_M_20181126140908_0U62368112685907_1_004_001-1_a14_ayy_image0002.png,484846,4894,SUNSEG_case54,case54,16,08039046aad341fe94596703dfa3d8682dee6549339496aa311339afd4ae141f,Hard-Unseen,SELECTED_PENDING_CONTAMINATION
testharddataset/unseen/case54_1/case_m_20181126140908_0u62368112685907_1_004_001-1_a13_ayy_image0048,TestHardDataset,Unseen,case54_1,case54,48,SUN-SEG-FinalData-v20251212/TestHardDataset/Unseen/Frame/case54_1/case_M_20181126140908_0U62368112685907_1_004_001-1_a13_ayy_image0048.jpg,SUN-SEG-FinalData-v20251212/TestHardDataset/Unseen/GT/case54_1/case_M_20181126140908_0U62368112685907_1_004_001-1_a13_ayy_image0048.png,476597,3997,SUNSEG_case54,case54,17,0850aea415f2d6b0400ab0d7dafa7649fcf0ae3681f0c624299e2e534feccdf4,Hard-Unseen,SELECTED_PENDING_CONTAMINATION
testharddataset/unseen/case54_1/case_m_20181126140908_0u62368112685907_1_004_001-1_a13_ayy_image0008,TestHardDataset,Unseen,case54_1,case54,8,SUN-SEG-FinalData-v20251212/TestHardDataset/Unseen/Frame/case54_1/case_M_20181126140908_0U62368112685907_1_004_001-1_a13_ayy_image0008.jpg,SUN-SEG-FinalData-v20251212/TestHardDataset/Unseen/GT/case54_1/case_M_20181126140908_0U62368112685907_1_004_001-1_a13_ayy_image0008.png,431321,4412,SUNSEG_case54,case54,18,086f17e3a3ecab2d88b0d23d99066c082f3b70622c46db01c8dbade8973cd82a,Hard-Unseen,SELECTED_PENDING_CONTAMINATION
testharddataset/unseen/case54_1/case_m_20181126140908_0u62368112685907_1_004_001-1_a13_ayy_image0027,TestHardDataset,Unseen,case54_1,case54,27,SUN-SEG-FinalData-v20251212/TestHardDataset/Unseen/Frame/case54_1/case_M_20181126140908_0U62368112685907_1_004_001-1_a13_ayy_image0027.jpg,SUN-SEG-FinalData-v20251212/TestHardDataset/Unseen/GT/case54_1/case_M_20181126140908_0U62368112685907_1_004_001-1_a13_ayy_image0027.png,391953,3932,SUNSEG_case54,case54,19,0929665ec6eab03b3ecbd494b5f0273eb8763ecf08ef8582f008574061b08c29,Hard-Unseen,SELECTED_PENDING_CONTAMINATION
testharddataset/unseen/case54_1/case_m_20181126140908_0u62368112685907_1_004_001-1_a13_ayy_image0066,TestHardDataset,Unseen,case54_1,case54,66,SUN-SEG-FinalData-v20251212/TestHardDataset/Unseen/Frame/case54_1/case_M_20181126140908_0U62368112685907_1_004_001-1_a13_ayy_image0066.jpg,SUN-SEG-FinalData-v20251212/TestHardDataset/Unseen/GT/case54_1/case_M_20181126140908_0U62368112685907_1_004_001-1_a13_ayy_image0066.png,467206,3846,SUNSEG_case54,case54,20,0a018768f44a2fcb333ff4ee6224b283596e6966fc0a33d08a0786340b74f4e9,Hard-Unseen,SELECTED_PENDING_CONTAMINATION
testeasydataset/unseen/case56_1/case_m_20181201091914_0u62363120125014_1_005_001-1_a10_ayy_image0147,TestEasyDataset,Unseen,case56_1,case56,147,SUN-SEG-FinalData-v20251212/TestEasyDataset/Unseen/Frame/case56_1/case_M_20181201091914_0U62363120125014_1_005_001-1_a10_ayy_image0147.jpg,SUN-SEG-FinalData-v20251212/TestEasyDataset/Unseen/GT/case56_1/case_M_20181201091914_0U62363120125014_1_005_001-1_a10_ayy_image0147.png,574517,4833,SUNSEG_case56,case56,1,0033cc1ea91fa093c5af03856217ad7f1ba222a32b318084a50311d207a377a3,Easy-Unseen,SELECTED_PENDING_CONTAMINATION
testeasydataset/unseen/case56_2/case_m_20181201091914_0u62363120125014_1_005_001-1_a10_ayy_image0235,TestEasyDataset,Unseen,case56_2,case56,235,SUN-SEG-FinalData-v20251212/TestEasyDataset/Unseen/Frame/case56_2/case_M_20181201091914_0U62363120125014_1_005_001-1_a10_ayy_image0235.jpg,SUN-SEG-FinalData-v20251212/TestEasyDataset/Unseen/GT/case56_2/case_M_20181201091914_0U62363120125014_1_005_001-1_a10_ayy_image0235.png,479009,4692,SUNSEG_case56,case56,2,00a9594da935db87c3f169e9a0d29a713d0e4b0364fc9ad0446061b04398329f,Easy-Unseen,SELECTED_PENDING_CONTAMINATION
testeasydataset/unseen/case56_2/case_m_20181201091914_0u62363120125014_1_005_001-1_a10_ayy_image0163,TestEasyDataset,Unseen,case56_2,case56,163,SUN-SEG-FinalData-v20251212/TestEasyDataset/Unseen/Frame/case56_2/case_M_20181201091914_0U62363120125014_1_005_001-1_a10_ayy_image0163.jpg,SUN-SEG-FinalData-v20251212/TestEasyDataset/Unseen/GT/case56_2/case_M_20181201091914_0U62363120125014_1_005_001-1_a10_ayy_image0163.png,377008,4836,SUNSEG_case56,case56,3,01a6fd7493521d5c978093523dd56d3db45ed4e7ce3840a7bef2a777ae16ffcc,Easy-Unseen,SELECTED_PENDING_CONTAMINATION
testeasydataset/unseen/case56_1/case_m_20181201091914_0u62363120125014_1_005_001-1_a10_ayy_image0083,TestEasyDataset,Unseen,case56_1,case56,83,SUN-SEG-FinalData-v20251212/TestEasyDataset/Unseen/Frame/case56_1/case_M_20181201091914_0U62363120125014_1_005_001-1_a10_ayy_image0083.jpg,SUN-SEG-FinalData-v20251212/TestEasyDataset/Unseen/GT/case56_1/case_M_20181201091914_0U62363120125014_1_005_001-1_a10_ayy_image0083.png,440585,4587,SUNSEG_case56,case56,4,01d2b72ac181717ed47c7995407a0a0d0099e1b9d7257f1588d0edaf08759f06,Easy-Unseen,SELECTED_PENDING_CONTAMINATION
testeasydataset/unseen/case56_2/case_m_20181201091914_0u62363120125014_1_005_001-1_a10_ayy_image0230,TestEasyDataset,Unseen,case56_2,case56,230,SUN-SEG-FinalData-v20251212/TestEasyDataset/Unseen/Frame/case56_2/case_M_20181201091914_0U62363120125014_1_005_001-1_a10_ayy_image0230.jpg,SUN-SEG-FinalData-v20251212/TestEasyDataset/Unseen/GT/case56_2/case_M_20181201091914_0U62363120125014_1_005_001-1_a10_ayy_image0230.png,609488,5013,SUNSEG_case56,case56,5,022b8845a7c712a45f4504d33b8e2a3195441a04facc9dd730c648d2abe5870c,Easy-Unseen,SELECTED_PENDING_CONTAMINATION
testeasydataset/unseen/case56_2/case_m_20181201091914_0u62363120125014_1_005_001-1_a10_ayy_image0245,TestEasyDataset,Unseen,case56_2,case56,245,SUN-SEG-FinalData-v20251212/TestEasyDataset/Unseen/Frame/case56_2/case_M_20181201091914_0U62363120125014_1_005_001-1_a10_ayy_image0245.jpg,SUN-SEG-FinalData-v20251212/TestEasyDataset/Unseen/GT/case56_2/case_M_20181201091914_0U62363120125014_1_005_001-1_a10_ayy_image0245.png,528704,4769,SUNSEG_case56,case56,6,0489cd16d53d1d41006267b5af806647657c49b69c7211a891cd6b0a02bfe09e,Easy-Unseen,SELECTED_PENDING_CONTAMINATION
testeasydataset/unseen/case56_1/case_m_20181201091914_0u62363120125014_1_005_001-1_a10_ayy_image0132,TestEasyDataset,Unseen,case56_1,case56,132,SUN-SEG-FinalData-v20251212/TestEasyDataset/Unseen/Frame/case56_1/case_M_20181201091914_0U62363120125014_1_005_001-1_a10_ayy_image0132.jpg,SUN-SEG-FinalData-v20251212/TestEasyDataset/Unseen/GT/case56_1/case_M_20181201091914_0U62363120125014_1_005_001-1_a10_ayy_image0132.png,560756,4914,SUNSEG_case56,case56,7,05194771d3064f4f95c2cc8d8a90522ea6f976d0563d90af77a9dd489e14819c,Easy-Unseen,SELECTED_PENDING_CONTAMINATION
testeasydataset/unseen/case56_1/case_m_20181201091914_0u62363120125014_1_005_001-1_a10_ayy_image0022,TestEasyDataset,Unseen,case56_1,case56,22,SUN-SEG-FinalData-v20251212/TestEasyDataset/Unseen/Frame/case56_1/case_M_20181201091914_0U62363120125014_1_005_001-1_a10_ayy_image0022.jpg,SUN-SEG-FinalData-v20251212/TestEasyDataset/Unseen/GT/case56_1/case_M_20181201091914_0U62363120125014_1_005_001-1_a10_ayy_image0022.png,339021,4476,SUNSEG_case56,case56,8,05d67f961708128fe7d5e66d4b1c372b3ba78456c46dccdd8a59a08e98d6e0f5,Easy-Unseen,SELECTED_PENDING_CONTAMINATION
testeasydataset/unseen/case56_1/case_m_20181201091914_0u62363120125014_1_005_001-1_a10_ayy_image0114,TestEasyDataset,Unseen,case56_1,case56,114,SUN-SEG-FinalData-v20251212/TestEasyDataset/Unseen/Frame/case56_1/case_M_20181201091914_0U62363120125014_1_005_001-1_a10_ayy_image0114.jpg,SUN-SEG-FinalData-v20251212/TestEasyDataset/Unseen/GT/case56_1/case_M_20181201091914_0U62363120125014_1_005_001-1_a10_ayy_image0114.png,430990,4971,SUNSEG_case56,case56,9,06fc275a589939537a81b510c44678fb564e8aa0edddbcf0f424d8b6d0a8772b,Easy-Unseen,SELECTED_PENDING_CONTAMINATION
testeasydataset/unseen/case56_2/case_m_20181201091914_0u62363120125014_1_005_001-1_a10_ayy_image0222,TestEasyDataset,Unseen,case56_2,case56,222,SUN-SEG-FinalData-v20251212/TestEasyDataset/Unseen/Frame/case56_2/case_M_20181201091914_0U62363120125014_1_005_001-1_a10_ayy_image0222.jpg,SUN-SEG-FinalData-v20251212/TestEasyDataset/Unseen/GT/case56_2/case_M_20181201091914_0U62363120125014_1_005_001-1_a10_ayy_image0222.png,586256,5006,SUNSEG_case56,case56,10,0716ff8ef6733e5387b029a96f268dc93bc18b3416aeb85ee167981950330b73,Easy-Unseen,SELECTED_PENDING_CONTAMINATION
testeasydataset/unseen/case56_1/case_m_20181201091914_0u62363120125014_1_005_001-1_a10_ayy_image0015,TestEasyDataset,Unseen,case56_1,case56,15,SUN-SEG-FinalData-v20251212/TestEasyDataset/Unseen/Frame/case56_1/case_M_20181201091914_0U62363120125014_1_005_001-1_a10_ayy_image0015.jpg,SUN-SEG-FinalData-v20251212/TestEasyDataset/Unseen/GT/case56_1/case_M_20181201091914_0U62363120125014_1_005_001-1_a10_ayy_image0015.png,477492,4375,SUNSEG_case56,case56,11,0a359eea85de999a7b8ae64670cb2ae1e83215d40648f427a0ffeb4a7b779e68,Easy-Unseen,SELECTED_PENDING_CONTAMINATION
testeasydataset/unseen/case56_1/case_m_20181201091914_0u62363120125014_1_005_001-1_a10_ayy_image0137,TestEasyDataset,Unseen,case56_1,case56,137,SUN-SEG-FinalData-v20251212/TestEasyDataset/Unseen/Frame/case56_1/case_M_20181201091914_0U62363120125014_1_005_001-1_a10_ayy_image0137.jpg,SUN-SEG-FinalData-v20251212/TestEasyDataset/Unseen/GT/case56_1/case_M_20181201091914_0U62363120125014_1_005_001-1_a10_ayy_image0137.png,578879,4914,SUNSEG_case56,case56,12,0b1addabe4d0b25159316bbd35b92f40f43dd5460a50f164afdfc1053a50fc84,Easy-Unseen,SELECTED_PENDING_CONTAMINATION
testeasydataset/unseen/case56_2/case_m_20181201091914_0u62363120125014_1_005_001-1_a10_ayy_image0187,TestEasyDataset,Unseen,case56_2,case56,187,SUN-SEG-FinalData-v20251212/TestEasyDataset/Unseen/Frame/case56_2/case_M_20181201091914_0U62363120125014_1_005_001-1_a10_ayy_image0187.jpg,SUN-SEG-FinalData-v20251212/TestEasyDataset/Unseen/GT/case56_2/case_M_20181201091914_0U62363120125014_1_005_001-1_a10_ayy_image0187.png,389866,5001,SUNSEG_case56,case56,13,0c01d62f8afa6ec8b1d2aea04eaf19919bab3ba9f257e2c5eccfd5385728f9ae,Easy-Unseen,SELECTED_PENDING_CONTAMINATION
testeasydataset/unseen/case56_2/case_m_20181201091914_0u62363120125014_1_005_001-1_a10_ayy_image0239,TestEasyDataset,Unseen,case56_2,case56,239,SUN-SEG-FinalData-v20251212/TestEasyDataset/Unseen/Frame/case56_2/case_M_20181201091914_0U62363120125014_1_005_001-1_a10_ayy_image0239.jpg,SUN-SEG-FinalData-v20251212/TestEasyDataset/Unseen/GT/case56_2/case_M_20181201091914_0U62363120125014_1_005_001-1_a10_ayy_image0239.png,515086,4740,SUNSEG_case56,case56,14,0fd0a71d5bee74a1f75bd50e00579f680d08888a898182ed8355a89b22b576e3,Easy-Unseen,SELECTED_PENDING_CONTAMINATION
testeasydataset/unseen/case56_1/case_m_20181201091914_0u62363120125014_1_005_001-1_a10_ayy_image0121,TestEasyDataset,Unseen,case56_1,case56,121,SUN-SEG-FinalData-v20251212/TestEasyDataset/Unseen/Frame/case56_1/case_M_20181201091914_0U62363120125014_1_005_001-1_a10_ayy_image0121.jpg,SUN-SEG-FinalData-v20251212/TestEasyDataset/Unseen/GT/case56_1/case_M_20181201091914_0U62363120125014_1_005_001-1_a10_ayy_image0121.png,352147,4886,SUNSEG_case56,case56,15,10cbe37d7e67d83ce02701caa115fea005a076e0b5a28a33b8b6078ac78ddecf,Easy-Unseen,SELECTED_PENDING_CONTAMINATION
testeasydataset/unseen/case56_2/case_m_20181201091914_0u62363120125014_1_005_001-1_a10_ayy_image0180,TestEasyDataset,Unseen,case56_2,case56,180,SUN-SEG-FinalData-v20251212/TestEasyDataset/Unseen/Frame/case56_2/case_M_20181201091914_0U62363120125014_1_005_001-1_a10_ayy_image0180.jpg,SUN-SEG-FinalData-v20251212/TestEasyDataset/Unseen/GT/case56_2/case_M_20181201091914_0U62363120125014_1_005_001-1_a10_ayy_image0180.png,487546,4770,SUNSEG_case56,case56,16,114a04f5277d04bdcb16a4c827c2896c20663a6ac72ada0065cdaeb99dc4996c,Easy-Unseen,SELECTED_PENDING_CONTAMINATION
testeasydataset/unseen/case56_1/case_m_20181201091914_0u62363120125014_1_005_001-1_a10_ayy_image0120,TestEasyDataset,Unseen,case56_1,case56,120,SUN-SEG-FinalData-v20251212/TestEasyDataset/Unseen/Frame/case56_1/case_M_20181201091914_0U62363120125014_1_005_001-1_a10_ayy_image0120.jpg,SUN-SEG-FinalData-v20251212/TestEasyDataset/Unseen/GT/case56_1/case_M_20181201091914_0U62363120125014_1_005_001-1_a10_ayy_image0120.png,480792,4886,SUNSEG_case56,case56,17,11b6a601c1182f8efb93de6001d5687bb1fde61a2fccb036753eb15f778b2995,Easy-Unseen,SELECTED_PENDING_CONTAMINATION
testeasydataset/unseen/case56_2/case_m_20181201091914_0u62363120125014_1_005_001-1_a10_ayy_image0184,TestEasyDataset,Unseen,case56_2,case56,184,SUN-SEG-FinalData-v20251212/TestEasyDataset/Unseen/Frame/case56_2/case_M_20181201091914_0U62363120125014_1_005_001-1_a10_ayy_image0184.jpg,SUN-SEG-FinalData-v20251212/TestEasyDataset/Unseen/GT/case56_2/case_M_20181201091914_0U62363120125014_1_005_001-1_a10_ayy_image0184.png,373176,4838,SUNSEG_case56,case56,18,129c4fad36ba219d902a195e88f68fe5e1fd35bc6686060b9fa4f337724a3b5a,Easy-Unseen,SELECTED_PENDING_CONTAMINATION
testeasydataset/unseen/case56_1/case_m_20181201091914_0u62363120125014_1_005_001-1_a10_ayy_image0099,TestEasyDataset,Unseen,case56_1,case56,99,SUN-SEG-FinalData-v20251212/TestEasyDataset/Unseen/Frame/case56_1/case_M_20181201091914_0U62363120125014_1_005_001-1_a10_ayy_image0099.jpg,SUN-SEG-FinalData-v20251212/TestEasyDataset/Unseen/GT/case56_1/case_M_20181201091914_0U62363120125014_1_005_001-1_a10_ayy_image0099.png,430667,4668,SUNSEG_case56,case56,19,13cd6a41a1cad188ab223baf61c125bff1c0f4734e5de9250887210228634b5c,Easy-Unseen,SELECTED_PENDING_CONTAMINATION
testeasydataset/unseen/case56_1/case_m_20181201091914_0u62363120125014_1_005_001-1_a10_ayy_image0106,TestEasyDataset,Unseen,case56_1,case56,106,SUN-SEG-FinalData-v20251212/TestEasyDataset/Unseen/Frame/case56_1/case_M_20181201091914_0U62363120125014_1_005_001-1_a10_ayy_image0106.jpg,SUN-SEG-FinalData-v20251212/TestEasyDataset/Unseen/GT/case56_1/case_M_20181201091914_0U62363120125014_1_005_001-1_a10_ayy_image0106.png,344838,4761,SUNSEG_case56,case56,20,13e138f3d294e8d0a1b511f8f8261b53bb085a6c528bbb9e87ae2e81f41fe79b,Easy-Unseen,SELECTED_PENDING_CONTAMINATION
testeasydataset/unseen/case60/case_m_20181207092523_0u62372120765622_1_002_001-1_a2_ayy_image0087,TestEasyDataset,Unseen,case60,case60,87,SUN-SEG-FinalData-v20251212/TestEasyDataset/Unseen/Frame/case60/case_M_20181207092523_0U62372120765622_1_002_001-1_a2_ayy_image0087.jpg,SUN-SEG-FinalData-v20251212/TestEasyDataset/Unseen/GT/case60/case_M_20181207092523_0U62372120765622_1_002_001-1_a2_ayy_image0087.png,401382,4834,SUNSEG_case60,case60,1,02458cfefbe12f960a97b0a7daab2ced9eb2eea82384adc7920c3a7e296eb2e5,Easy-Unseen,SELECTED_PENDING_CONTAMINATION
testeasydataset/unseen/case60/case_m_20181207092523_0u62372120765622_1_002_001-1_a2_ayy_image0014,TestEasyDataset,Unseen,case60,case60,14,SUN-SEG-FinalData-v20251212/TestEasyDataset/Unseen/Frame/case60/case_M_20181207092523_0U62372120765622_1_002_001-1_a2_ayy_image0014.jpg,SUN-SEG-FinalData-v20251212/TestEasyDataset/Unseen/GT/case60/case_M_20181207092523_0U62372120765622_1_002_001-1_a2_ayy_image0014.png,533618,4359,SUNSEG_case60,case60,2,034ec26895b4727fb1329377dd79bf963e92ec4c84dbd9b4c5da5095c4b1ac0c,Easy-Unseen,SELECTED_PENDING_CONTAMINATION
testeasydataset/unseen/case60/case_m_20181207092523_0u62372120765622_1_002_001-1_a4_ayy_image0010,TestEasyDataset,Unseen,case60,case60,10,SUN-SEG-FinalData-v20251212/TestEasyDataset/Unseen/Frame/case60/case_M_20181207092523_0U62372120765622_1_002_001-1_a4_ayy_image0010.jpg,SUN-SEG-FinalData-v20251212/TestEasyDataset/Unseen/GT/case60/case_M_20181207092523_0U62372120765622_1_002_001-1_a4_ayy_image0010.png,626258,4745,SUNSEG_case60,case60,3,056eab03c8bc620fc2fb713d3b5334066a11c96fedc5120deb3c0fd4ceb5607e,Easy-Unseen,SELECTED_PENDING_CONTAMINATION
testeasydataset/unseen/case60/case_m_20181207092523_0u62372120765622_1_002_001-1_a2_ayy_image0077,TestEasyDataset,Unseen,case60,case60,77,SUN-SEG-FinalData-v20251212/TestEasyDataset/Unseen/Frame/case60/case_M_20181207092523_0U62372120765622_1_002_001-1_a2_ayy_image0077.jpg,SUN-SEG-FinalData-v20251212/TestEasyDataset/Unseen/GT/case60/case_M_20181207092523_0U62372120765622_1_002_001-1_a2_ayy_image0077.png,507046,5141,SUNSEG_case60,case60,4,07d8b5859a24dd9b03f54ba7d8d0d190a6e2a5df2a50a396a2ee27cbb201366e,Easy-Unseen,SELECTED_PENDING_CONTAMINATION
testeasydataset/unseen/case60/case_m_20181207092523_0u62372120765622_1_002_001-1_a2_ayy_image0084,TestEasyDataset,Unseen,case60,case60,84,SUN-SEG-FinalData-v20251212/TestEasyDataset/Unseen/Frame/case60/case_M_20181207092523_0U62372120765622_1_002_001-1_a2_ayy_image0084.jpg,SUN-SEG-FinalData-v20251212/TestEasyDataset/Unseen/GT/case60/case_M_20181207092523_0U62372120765622_1_002_001-1_a2_ayy_image0084.png,411435,4837,SUNSEG_case60,case60,5,0ab815e430fd2bb88563d15b454ad4431715c688651693112bc78ec7ca159f44,Easy-Unseen,SELECTED_PENDING_CONTAMINATION
testeasydataset/unseen/case60/case_m_20181207092523_0u62372120765622_1_002_001-1_a2_ayy_image0052,TestEasyDataset,Unseen,case60,case60,52,SUN-SEG-FinalData-v20251212/TestEasyDataset/Unseen/Frame/case60/case_M_20181207092523_0U62372120765622_1_002_001-1_a2_ayy_image0052.jpg,SUN-SEG-FinalData-v20251212/TestEasyDataset/Unseen/GT/case60/case_M_20181207092523_0U62372120765622_1_002_001-1_a2_ayy_image0052.png,630022,4500,SUNSEG_case60,case60,6,0f1164557c659e73b7ed257a6a9251e99023a142b375a7b345357aa17fc15677,Easy-Unseen,SELECTED_PENDING_CONTAMINATION
testeasydataset/unseen/case60/case_m_20181207092523_0u62372120765622_1_002_001-1_a1_ayy_image0004,TestEasyDataset,Unseen,case60,case60,4,SUN-SEG-FinalData-v20251212/TestEasyDataset/Unseen/Frame/case60/case_M_20181207092523_0U62372120765622_1_002_001-1_a1_ayy_image0004.jpg,SUN-SEG-FinalData-v20251212/TestEasyDataset/Unseen/GT/case60/case_M_20181207092523_0U62372120765622_1_002_001-1_a1_ayy_image0004.png,548296,4656,SUNSEG_case60,case60,7,1166400f50c3d65af769e717676e32d68fa1c979375e481d8c03b140f1dc8921,Easy-Unseen,SELECTED_PENDING_CONTAMINATION
testeasydataset/unseen/case60/case_m_20181207092523_0u62372120765622_1_002_001-1_a1_ayy_image0013,TestEasyDataset,Unseen,case60,case60,13,SUN-SEG-FinalData-v20251212/TestEasyDataset/Unseen/Frame/case60/case_M_20181207092523_0U62372120765622_1_002_001-1_a1_ayy_image0013.jpg,SUN-SEG-FinalData-v20251212/TestEasyDataset/Unseen/GT/case60/case_M_20181207092523_0U62372120765622_1_002_001-1_a1_ayy_image0013.png,620707,4812,SUNSEG_case60,case60,8,13dbb4672175369af5460487dc0c60f1462ec7c77df2ffe5a646d3ad2ee83616,Easy-Unseen,SELECTED_PENDING_CONTAMINATION
testeasydataset/unseen/case60/case_m_20181207092523_0u62372120765622_1_002_001-1_a2_ayy_image0005,TestEasyDataset,Unseen,case60,case60,5,SUN-SEG-FinalData-v20251212/TestEasyDataset/Unseen/Frame/case60/case_M_20181207092523_0U62372120765622_1_002_001-1_a2_ayy_image0005.jpg,SUN-SEG-FinalData-v20251212/TestEasyDataset/Unseen/GT/case60/case_M_20181207092523_0U62372120765622_1_002_001-1_a2_ayy_image0005.png,520408,4852,SUNSEG_case60,case60,9,1610a3a26556950fafd7fe4532035b8a4a23a95f5e6a00c5a89923726674f088,Easy-Unseen,SELECTED_PENDING_CONTAMINATION
testeasydataset/unseen/case60/case_m_20181207092523_0u62372120765622_1_002_001-1_a1_ayy_image0006,TestEasyDataset,Unseen,case60,case60,6,SUN-SEG-FinalData-v20251212/TestEasyDataset/Unseen/Frame/case60/case_M_20181207092523_0U62372120765622_1_002_001-1_a1_ayy_image0006.jpg,SUN-SEG-FinalData-v20251212/TestEasyDataset/Unseen/GT/case60/case_M_20181207092523_0U62372120765622_1_002_001-1_a1_ayy_image0006.png,417809,4645,SUNSEG_case60,case60,10,16116d817ddade27f2a9b65bba8b3dae4b2ab77e1aa017eee5ca562060e4ed63,Easy-Unseen,SELECTED_PENDING_CONTAMINATION
testeasydataset/unseen/case60/case_m_20181207092523_0u62372120765622_1_002_001-1_a2_ayy_image0015,TestEasyDataset,Unseen,case60,case60,15,SUN-SEG-FinalData-v20251212/TestEasyDataset/Unseen/Frame/case60/case_M_20181207092523_0U62372120765622_1_002_001-1_a2_ayy_image0015.jpg,SUN-SEG-FinalData-v20251212/TestEasyDataset/Unseen/GT/case60/case_M_20181207092523_0U62372120765622_1_002_001-1_a2_ayy_image0015.png,403239,4333,SUNSEG_case60,case60,11,18a2ed301abeb2e8e1618da8b8f146a80757e7d3866cde7c8e9d87b3a84be260,Easy-Unseen,SELECTED_PENDING_CONTAMINATION
testeasydataset/unseen/case60/case_m_20181207092523_0u62372120765622_1_002_001-1_a2_ayy_image0018,TestEasyDataset,Unseen,case60,case60,18,SUN-SEG-FinalData-v20251212/TestEasyDataset/Unseen/Frame/case60/case_M_20181207092523_0U62372120765622_1_002_001-1_a2_ayy_image0018.jpg,SUN-SEG-FinalData-v20251212/TestEasyDataset/Unseen/GT/case60/case_M_20181207092523_0U62372120765622_1_002_001-1_a2_ayy_image0018.png,400726,4334,SUNSEG_case60,case60,12,199f2b24bd063f5f548cdbe1537663809a57c7f1aa8b0e9fc16de9e58839bbf0,Easy-Unseen,SELECTED_PENDING_CONTAMINATION
testeasydataset/unseen/case60/case_m_20181207092523_0u62372120765622_1_002_001-1_a2_ayy_image0073,TestEasyDataset,Unseen,case60,case60,73,SUN-SEG-FinalData-v20251212/TestEasyDataset/Unseen/Frame/case60/case_M_20181207092523_0U62372120765622_1_002_001-1_a2_ayy_image0073.jpg,SUN-SEG-FinalData-v20251212/TestEasyDataset/Unseen/GT/case60/case_M_20181207092523_0U62372120765622_1_002_001-1_a2_ayy_image0073.png,388141,5030,SUNSEG_case60,case60,13,1ea62213122b90cbf8400a167db2d730617d245c4985b31d58f053a983764e90,Easy-Unseen,SELECTED_PENDING_CONTAMINATION
testeasydataset/unseen/case60/case_m_20181207092523_0u62372120765622_1_002_001-1_a2_ayy_image0049,TestEasyDataset,Unseen,case60,case60,49,SUN-SEG-FinalData-v20251212/TestEasyDataset/Unseen/Frame/case60/case_M_20181207092523_0U62372120765622_1_002_001-1_a2_ayy_image0049.jpg,SUN-SEG-FinalData-v20251212/TestEasyDataset/Unseen/GT/case60/case_M_20181207092523_0U62372120765622_1_002_001-1_a2_ayy_image0049.png,612592,4500,SUNSEG_case60,case60,14,1f0af82eac8af7ee6c8cff01526daa2459fdff6bea2b7a3cbdc9135569752b46,Easy-Unseen,SELECTED_PENDING_CONTAMINATION
testeasydataset/unseen/case60/case_m_20181207092523_0u62372120765622_1_002_001-1_a2_ayy_image0037,TestEasyDataset,Unseen,case60,case60,37,SUN-SEG-FinalData-v20251212/TestEasyDataset/Unseen/Frame/case60/case_M_20181207092523_0U62372120765622_1_002_001-1_a2_ayy_image0037.jpg,SUN-SEG-FinalData-v20251212/TestEasyDataset/Unseen/GT/case60/case_M_20181207092523_0U62372120765622_1_002_001-1_a2_ayy_image0037.png,537083,4356,SUNSEG_case60,case60,15,1f7e1c82baba7d4dd59bf4525a0a946c3075f132d1af5729016abbdcb32d08e9,Easy-Unseen,SELECTED_PENDING_CONTAMINATION
testeasydataset/unseen/case60/case_m_20181207092523_0u62372120765622_1_002_001-1_a2_ayy_image0061,TestEasyDataset,Unseen,case60,case60,61,SUN-SEG-FinalData-v20251212/TestEasyDataset/Unseen/Frame/case60/case_M_20181207092523_0U62372120765622_1_002_001-1_a2_ayy_image0061.jpg,SUN-SEG-FinalData-v20251212/TestEasyDataset/Unseen/GT/case60/case_M_20181207092523_0U62372120765622_1_002_001-1_a2_ayy_image0061.png,668681,4500,SUNSEG_case60,case60,16,21f4d22feee2da2757062aa6b415c9c057c51aee21b1ba9e7388e0f55ee78f16,Easy-Unseen,SELECTED_PENDING_CONTAMINATION
testeasydataset/unseen/case60/case_m_20181207092523_0u62372120765622_1_002_001-1_a4_ayy_image0017,TestEasyDataset,Unseen,case60,case60,17,SUN-SEG-FinalData-v20251212/TestEasyDataset/Unseen/Frame/case60/case_M_20181207092523_0U62372120765622_1_002_001-1_a4_ayy_image0017.jpg,SUN-SEG-FinalData-v20251212/TestEasyDataset/Unseen/GT/case60/case_M_20181207092523_0U62372120765622_1_002_001-1_a4_ayy_image0017.png,402143,4741,SUNSEG_case60,case60,17,22eebe40388c60014df8ddd62e3b2d27da95db0d3303e68e821fa62e9bfd2521,Easy-Unseen,SELECTED_PENDING_CONTAMINATION
testeasydataset/unseen/case60/case_m_20181207092523_0u62372120765622_1_002_001-1_a2_ayy_image0044,TestEasyDataset,Unseen,case60,case60,44,SUN-SEG-FinalData-v20251212/TestEasyDataset/Unseen/Frame/case60/case_M_20181207092523_0U62372120765622_1_002_001-1_a2_ayy_image0044.jpg,SUN-SEG-FinalData-v20251212/TestEasyDataset/Unseen/GT/case60/case_M_20181207092523_0U62372120765622_1_002_001-1_a2_ayy_image0044.png,563632,4500,SUNSEG_case60,case60,18,243933feecab84511cf8a52f5c0a98f0b05c6fef3406bdc278e99b4ce1139255,Easy-Unseen,SELECTED_PENDING_CONTAMINATION
testeasydataset/unseen/case60/case_m_20181207092523_0u62372120765622_1_002_001-1_a4_ayy_image0001,TestEasyDataset,Unseen,case60,case60,1,SUN-SEG-FinalData-v20251212/TestEasyDataset/Unseen/Frame/case60/case_M_20181207092523_0U62372120765622_1_002_001-1_a4_ayy_image0001.jpg,SUN-SEG-FinalData-v20251212/TestEasyDataset/Unseen/GT/case60/case_M_20181207092523_0U62372120765622_1_002_001-1_a4_ayy_image0001.png,527661,4711,SUNSEG_case60,case60,19,24af4b83e04247310a510add3e469dc36e3e78a34ab3df5eef4c99c14b16342f,Easy-Unseen,SELECTED_PENDING_CONTAMINATION
testeasydataset/unseen/case60/case_m_20181207092523_0u62372120765622_1_002_001-1_a4_ayy_image0012,TestEasyDataset,Unseen,case60,case60,12,SUN-SEG-FinalData-v20251212/TestEasyDataset/Unseen/Frame/case60/case_M_20181207092523_0U62372120765622_1_002_001-1_a4_ayy_image0012.jpg,SUN-SEG-FinalData-v20251212/TestEasyDataset/Unseen/GT/case60/case_M_20181207092523_0U62372120765622_1_002_001-1_a4_ayy_image0012.png,457664,4727,SUNSEG_case60,case60,20,26ce15e4ace21917cec677aa04c1a091c31b2f7da9950d4670c9f560eadeabe7,Easy-Unseen,SELECTED_PENDING_CONTAMINATION
testeasydataset/unseen/case64/case_m_20181213092448_0u62363121315648_1_003_001-1_a14_ayy_image0006,TestEasyDataset,Unseen,case64,case64,6,SUN-SEG-FinalData-v20251212/TestEasyDataset/Unseen/Frame/case64/case_M_20181213092448_0U62363121315648_1_003_001-1_a14_ayy_image0006.jpg,SUN-SEG-FinalData-v20251212/TestEasyDataset/Unseen/GT/case64/case_M_20181213092448_0U62363121315648_1_003_001-1_a14_ayy_image0006.png,471510,5794,SUNSEG_case64,case64,1,0116bf6827b001f19b10f44797fba6d6ec5d48f5c35b237bf2389cb55927d149,Easy-Unseen,SELECTED_PENDING_CONTAMINATION
testeasydataset/unseen/case64/case_m_20181213092448_0u62363121315648_1_003_001-1_a14_ayy_image0053,TestEasyDataset,Unseen,case64,case64,53,SUN-SEG-FinalData-v20251212/TestEasyDataset/Unseen/Frame/case64/case_M_20181213092448_0U62363121315648_1_003_001-1_a14_ayy_image0053.jpg,SUN-SEG-FinalData-v20251212/TestEasyDataset/Unseen/GT/case64/case_M_20181213092448_0U62363121315648_1_003_001-1_a14_ayy_image0053.png,616411,5439,SUNSEG_case64,case64,2,047524a3932c2ffa158f303979392a8828ef49c71ee2e1b3b790e3b7d5560e77,Easy-Unseen,SELECTED_PENDING_CONTAMINATION
testeasydataset/unseen/case64/case_m_20181213092448_0u62363121315648_1_003_001-1_a14_ayy_image0001,TestEasyDataset,Unseen,case64,case64,1,SUN-SEG-FinalData-v20251212/TestEasyDataset/Unseen/Frame/case64/case_M_20181213092448_0U62363121315648_1_003_001-1_a14_ayy_image0001.jpg,SUN-SEG-FinalData-v20251212/TestEasyDataset/Unseen/GT/case64/case_M_20181213092448_0U62363121315648_1_003_001-1_a14_ayy_image0001.png,410667,5989,SUNSEG_case64,case64,3,08661c63de009596c0a3eeae60f169e7963d3b6609262dbf6a175380c9ddf582,Easy-Unseen,SELECTED_PENDING_CONTAMINATION
testeasydataset/unseen/case64/case_m_20181213092448_0u62363121315648_1_003_001-1_a14_ayy_image0005,TestEasyDataset,Unseen,case64,case64,5,SUN-SEG-FinalData-v20251212/TestEasyDataset/Unseen/Frame/case64/case_M_20181213092448_0U62363121315648_1_003_001-1_a14_ayy_image0005.jpg,SUN-SEG-FinalData-v20251212/TestEasyDataset/Unseen/GT/case64/case_M_20181213092448_0U62363121315648_1_003_001-1_a14_ayy_image0005.png,442291,5789,SUNSEG_case64,case64,4,096b9c49ba1fccb5de92bbcd345516b5274a40ce83250054ebbfadad49f12272,Easy-Unseen,SELECTED_PENDING_CONTAMINATION
testeasydataset/unseen/case64/case_m_20181213092448_0u62363121315648_1_003_001-1_a14_ayy_image0056,TestEasyDataset,Unseen,case64,case64,56,SUN-SEG-FinalData-v20251212/TestEasyDataset/Unseen/Frame/case64/case_M_20181213092448_0U62363121315648_1_003_001-1_a14_ayy_image0056.jpg,SUN-SEG-FinalData-v20251212/TestEasyDataset/Unseen/GT/case64/case_M_20181213092448_0U62363121315648_1_003_001-1_a14_ayy_image0056.png,601258,5439,SUNSEG_case64,case64,5,0d2691724a0e154a65ad3d8b4ad88240ae4707c6b6cb3fbcb2773d03ae4b18f4,Easy-Unseen,SELECTED_PENDING_CONTAMINATION
testeasydataset/unseen/case64/case_m_20181213092448_0u62363121315648_1_003_001-1_a14_ayy_image0055,TestEasyDataset,Unseen,case64,case64,55,SUN-SEG-FinalData-v20251212/TestEasyDataset/Unseen/Frame/case64/case_M_20181213092448_0U62363121315648_1_003_001-1_a14_ayy_image0055.jpg,SUN-SEG-FinalData-v20251212/TestEasyDataset/Unseen/GT/case64/case_M_20181213092448_0U62363121315648_1_003_001-1_a14_ayy_image0055.png,592306,5439,SUNSEG_case64,case64,6,0d915432727d068c551f6db288da2b60928f16113cb2c790e96416fd2f511d2d,Easy-Unseen,SELECTED_PENDING_CONTAMINATION
testeasydataset/unseen/case64/case_m_20181213092448_0u62363121315648_1_003_001-1_a14_ayy_image0019,TestEasyDataset,Unseen,case64,case64,19,SUN-SEG-FinalData-v20251212/TestEasyDataset/Unseen/Frame/case64/case_M_20181213092448_0U62363121315648_1_003_001-1_a14_ayy_image0019.jpg,SUN-SEG-FinalData-v20251212/TestEasyDataset/Unseen/GT/case64/case_M_20181213092448_0U62363121315648_1_003_001-1_a14_ayy_image0019.png,407940,5526,SUNSEG_case64,case64,7,17408910fcb654f8c1bbe3574828a04fa76947a83f9329573072b9a2932acadb,Easy-Unseen,SELECTED_PENDING_CONTAMINATION
testeasydataset/unseen/case64/case_m_20181213092448_0u62363121315648_1_003_001-1_a13_ayy_image0020,TestEasyDataset,Unseen,case64,case64,20,SUN-SEG-FinalData-v20251212/TestEasyDataset/Unseen/Frame/case64/case_M_20181213092448_0U62363121315648_1_003_001-1_a13_ayy_image0020.jpg,SUN-SEG-FinalData-v20251212/TestEasyDataset/Unseen/GT/case64/case_M_20181213092448_0U62363121315648_1_003_001-1_a13_ayy_image0020.png,484906,3606,SUNSEG_case64,case64,8,17f0c870a227e41641a4031830123cc3a93949e04099e450a8c6662bf61937d2,Easy-Unseen,SELECTED_PENDING_CONTAMINATION
testeasydataset/unseen/case64/case_m_20181213092448_0u62363121315648_1_003_001-1_a14_ayy_image0011,TestEasyDataset,Unseen,case64,case64,11,SUN-SEG-FinalData-v20251212/TestEasyDataset/Unseen/Frame/case64/case_M_20181213092448_0U62363121315648_1_003_001-1_a14_ayy_image0011.jpg,SUN-SEG-FinalData-v20251212/TestEasyDataset/Unseen/GT/case64/case_M_20181213092448_0U62363121315648_1_003_001-1_a14_ayy_image0011.png,549216,5673,SUNSEG_case64,case64,9,1e6a0fec8712ecc5d6400236dea8b68a7b5003f94650c25ccd747df187df450d,Easy-Unseen,SELECTED_PENDING_CONTAMINATION
testeasydataset/unseen/case64/case_m_20181213092448_0u62363121315648_1_003_001-1_a14_ayy_image0013,TestEasyDataset,Unseen,case64,case64,13,SUN-SEG-FinalData-v20251212/TestEasyDataset/Unseen/Frame/case64/case_M_20181213092448_0U62363121315648_1_003_001-1_a14_ayy_image0013.jpg,SUN-SEG-FinalData-v20251212/TestEasyDataset/Unseen/GT/case64/case_M_20181213092448_0U62363121315648_1_003_001-1_a14_ayy_image0013.png,453462,5584,SUNSEG_case64,case64,10,22e45ed1623c7b58521f2c8cf01c6874863905bbdee345cf6615685812fff820,Easy-Unseen,SELECTED_PENDING_CONTAMINATION
testeasydataset/unseen/case64/case_m_20181213092448_0u62363121315648_1_003_001-1_a14_ayy_image0002,TestEasyDataset,Unseen,case64,case64,2,SUN-SEG-FinalData-v20251212/TestEasyDataset/Unseen/Frame/case64/case_M_20181213092448_0U62363121315648_1_003_001-1_a14_ayy_image0002.jpg,SUN-SEG-FinalData-v20251212/TestEasyDataset/Unseen/GT/case64/case_M_20181213092448_0U62363121315648_1_003_001-1_a14_ayy_image0002.png,445903,6122,SUNSEG_case64,case64,11,285a29b991d3318be44cc4e8d37addf460c37888e6dc1337a77440550b68006f,Easy-Unseen,SELECTED_PENDING_CONTAMINATION
testeasydataset/unseen/case64/case_m_20181213092448_0u62363121315648_1_003_001-1_a14_ayy_image0003,TestEasyDataset,Unseen,case64,case64,3,SUN-SEG-FinalData-v20251212/TestEasyDataset/Unseen/Frame/case64/case_M_20181213092448_0U62363121315648_1_003_001-1_a14_ayy_image0003.jpg,SUN-SEG-FinalData-v20251212/TestEasyDataset/Unseen/GT/case64/case_M_20181213092448_0U62363121315648_1_003_001-1_a14_ayy_image0003.png,473576,6000,SUNSEG_case64,case64,12,28884e87f92a19fa841a8b509266c6a1e98b70d2e51d98d4173b5376e8951dbe,Easy-Unseen,SELECTED_PENDING_CONTAMINATION
testeasydataset/unseen/case64/case_m_20181213092448_0u62363121315648_1_003_001-1_a14_ayy_image0012,TestEasyDataset,Unseen,case64,case64,12,SUN-SEG-FinalData-v20251212/TestEasyDataset/Unseen/Frame/case64/case_M_20181213092448_0U62363121315648_1_003_001-1_a14_ayy_image0012.jpg,SUN-SEG-FinalData-v20251212/TestEasyDataset/Unseen/GT/case64/case_M_20181213092448_0U62363121315648_1_003_001-1_a14_ayy_image0012.png,552422,5584,SUNSEG_case64,case64,13,2d840660ea74286a9fa4988878934d2a71dbc6ba0ba2c123ed6b6043edd8d730,Easy-Unseen,SELECTED_PENDING_CONTAMINATION
testeasydataset/unseen/case64/case_m_20181213092448_0u62363121315648_1_003_001-1_a14_ayy_image0046,TestEasyDataset,Unseen,case64,case64,46,SUN-SEG-FinalData-v20251212/TestEasyDataset/Unseen/Frame/case64/case_M_20181213092448_0U62363121315648_1_003_001-1_a14_ayy_image0046.jpg,SUN-SEG-FinalData-v20251212/TestEasyDataset/Unseen/GT/case64/case_M_20181213092448_0U62363121315648_1_003_001-1_a14_ayy_image0046.png,599478,5439,SUNSEG_case64,case64,14,2dc2e9b7964623233cd634c3971afb3cea9e452a66f8a5cec3101d8e0c2ccef5,Easy-Unseen,SELECTED_PENDING_CONTAMINATION
testeasydataset/unseen/case64/case_m_20181213092448_0u62363121315648_1_003_001-1_a14_ayy_image0061,TestEasyDataset,Unseen,case64,case64,61,SUN-SEG-FinalData-v20251212/TestEasyDataset/Unseen/Frame/case64/case_M_20181213092448_0U62363121315648_1_003_001-1_a14_ayy_image0061.jpg,SUN-SEG-FinalData-v20251212/TestEasyDataset/Unseen/GT/case64/case_M_20181213092448_0U62363121315648_1_003_001-1_a14_ayy_image0061.png,605357,5439,SUNSEG_case64,case64,15,2e0cd6199cc1bd8ca4e929816242052763db1cfb24012b1f236c96adde9073ff,Easy-Unseen,SELECTED_PENDING_CONTAMINATION
testeasydataset/unseen/case64/case_m_20181213092448_0u62363121315648_1_003_001-1_a13_ayy_image0010,TestEasyDataset,Unseen,case64,case64,10,SUN-SEG-FinalData-v20251212/TestEasyDataset/Unseen/Frame/case64/case_M_20181213092448_0U62363121315648_1_003_001-1_a13_ayy_image0010.jpg,SUN-SEG-FinalData-v20251212/TestEasyDataset/Unseen/GT/case64/case_M_20181213092448_0U62363121315648_1_003_001-1_a13_ayy_image0010.png,451505,3790,SUNSEG_case64,case64,16,31c4196b78e54d4c93a35720e85d96639e4e93faa8c906c3631003e547d139dc,Easy-Unseen,SELECTED_PENDING_CONTAMINATION
testeasydataset/unseen/case64/case_m_20181213092448_0u62363121315648_1_003_001-1_a14_ayy_image0045,TestEasyDataset,Unseen,case64,case64,45,SUN-SEG-FinalData-v20251212/TestEasyDataset/Unseen/Frame/case64/case_M_20181213092448_0U62363121315648_1_003_001-1_a14_ayy_image0045.jpg,SUN-SEG-FinalData-v20251212/TestEasyDataset/Unseen/GT/case64/case_M_20181213092448_0U62363121315648_1_003_001-1_a14_ayy_image0045.png,591836,5439,SUNSEG_case64,case64,17,3d478a7bb3d875d79f43ba8131984a62eca8f9afdb62ae48931b9a8971679e57,Easy-Unseen,SELECTED_PENDING_CONTAMINATION
testeasydataset/unseen/case64/case_m_20181213092448_0u62363121315648_1_003_001-1_a14_ayy_image0004,TestEasyDataset,Unseen,case64,case64,4,SUN-SEG-FinalData-v20251212/TestEasyDataset/Unseen/Frame/case64/case_M_20181213092448_0U62363121315648_1_003_001-1_a14_ayy_image0004.jpg,SUN-SEG-FinalData-v20251212/TestEasyDataset/Unseen/GT/case64/case_M_20181213092448_0U62363121315648_1_003_001-1_a14_ayy_image0004.png,390383,6000,SUNSEG_case64,case64,18,40adc9ef9d04d8b84f0d043bc0633f4f4a1c50cbf235361a04dea8331129b77b,Easy-Unseen,SELECTED_PENDING_CONTAMINATION
testeasydataset/unseen/case64/case_m_20181213092448_0u62363121315648_1_003_001-1_a13_ayy_image0015,TestEasyDataset,Unseen,case64,case64,15,SUN-SEG-FinalData-v20251212/TestEasyDataset/Unseen/Frame/case64/case_M_20181213092448_0U62363121315648_1_003_001-1_a13_ayy_image0015.jpg,SUN-SEG-FinalData-v20251212/TestEasyDataset/Unseen/GT/case64/case_M_20181213092448_0U62363121315648_1_003_001-1_a13_ayy_image0015.png,442682,3655,SUNSEG_case64,case64,19,42a85ab01b3812c292c02058ad38213af222827c02abbbbf03bbcc936d17cbe0,Easy-Unseen,SELECTED_PENDING_CONTAMINATION
testeasydataset/unseen/case64/case_m_20181213092448_0u62363121315648_1_003_001-1_a13_ayy_image0013,TestEasyDataset,Unseen,case64,case64,13,SUN-SEG-FinalData-v20251212/TestEasyDataset/Unseen/Frame/case64/case_M_20181213092448_0U62363121315648_1_003_001-1_a13_ayy_image0013.jpg,SUN-SEG-FinalData-v20251212/TestEasyDataset/Unseen/GT/case64/case_M_20181213092448_0U62363121315648_1_003_001-1_a13_ayy_image0013.png,457942,3664,SUNSEG_case64,case64,20,42cd9ae708b41c36b10f6b095506d0196aea09583b0efc1492500fdb4cc884fc,Easy-Unseen,SELECTED_PENDING_CONTAMINATION
testeasydataset/unseen/case67/case_m_20181213131150_0u62365121395349_1_002_001-1_a11_ayy_image0005,TestEasyDataset,Unseen,case67,case67,5,SUN-SEG-FinalData-v20251212/TestEasyDataset/Unseen/Frame/case67/case_M_20181213131150_0U62365121395349_1_002_001-1_a11_ayy_image0005.jpg,SUN-SEG-FinalData-v20251212/TestEasyDataset/Unseen/GT/case67/case_M_20181213131150_0U62365121395349_1_002_001-1_a11_ayy_image0005.png,353541,5466,SUNSEG_case67,case67,1,0220d11d73c18752b7a7d1447aa455bef3ab36a8a11bac4750703779cfe5fe7d,Easy-Unseen,SELECTED_PENDING_CONTAMINATION
testeasydataset/unseen/case67/case_m_20181213131150_0u62365121395349_1_002_001-1_a7_ayy_image0022,TestEasyDataset,Unseen,case67,case67,22,SUN-SEG-FinalData-v20251212/TestEasyDataset/Unseen/Frame/case67/case_M_20181213131150_0U62365121395349_1_002_001-1_a7_ayy_image0022.jpg,SUN-SEG-FinalData-v20251212/TestEasyDataset/Unseen/GT/case67/case_M_20181213131150_0U62365121395349_1_002_001-1_a7_ayy_image0022.png,521814,3903,SUNSEG_case67,case67,2,024240f229d1680cacead95f82f92c0b73d648a9371af88f31337b1680b96126,Easy-Unseen,SELECTED_PENDING_CONTAMINATION
testeasydataset/unseen/case67/case_m_20181213131150_0u62365121395349_1_002_001-1_a9_ayy_image0049,TestEasyDataset,Unseen,case67,case67,49,SUN-SEG-FinalData-v20251212/TestEasyDataset/Unseen/Frame/case67/case_M_20181213131150_0U62365121395349_1_002_001-1_a9_ayy_image0049.jpg,SUN-SEG-FinalData-v20251212/TestEasyDataset/Unseen/GT/case67/case_M_20181213131150_0U62365121395349_1_002_001-1_a9_ayy_image0049.png,526201,4197,SUNSEG_case67,case67,3,03d657bd6ca4e38f43dc03fdc42d8d016eabf8751b89f5c284fa4c2f7e4fd63b,Easy-Unseen,SELECTED_PENDING_CONTAMINATION
testeasydataset/unseen/case67/case_m_20181213131150_0u62365121395349_1_002_001-1_a7_ayy_image0015,TestEasyDataset,Unseen,case67,case67,15,SUN-SEG-FinalData-v20251212/TestEasyDataset/Unseen/Frame/case67/case_M_20181213131150_0U62365121395349_1_002_001-1_a7_ayy_image0015.jpg,SUN-SEG-FinalData-v20251212/TestEasyDataset/Unseen/GT/case67/case_M_20181213131150_0U62365121395349_1_002_001-1_a7_ayy_image0015.png,400973,3873,SUNSEG_case67,case67,4,04a8711055978a747a7be1cc89c3f6c38958b28a58442ac21baa5dfc0c60b482,Easy-Unseen,SELECTED_PENDING_CONTAMINATION
testeasydataset/unseen/case67/case_m_20181213131150_0u62365121395349_1_002_001-1_a9_ayy_image0057,TestEasyDataset,Unseen,case67,case67,57,SUN-SEG-FinalData-v20251212/TestEasyDataset/Unseen/Frame/case67/case_M_20181213131150_0U62365121395349_1_002_001-1_a9_ayy_image0057.jpg,SUN-SEG-FinalData-v20251212/TestEasyDataset/Unseen/GT/case67/case_M_20181213131150_0U62365121395349_1_002_001-1_a9_ayy_image0057.png,595555,5504,SUNSEG_case67,case67,5,05d48c7ceb32a311370f79a56112e4e732ebb71a5548aa345aede9bd6c0c59de,Easy-Unseen,SELECTED_PENDING_CONTAMINATION
testeasydataset/unseen/case67/case_m_20181213131150_0u62365121395349_1_002_001-1_a11_ayy_image0016,TestEasyDataset,Unseen,case67,case67,16,SUN-SEG-FinalData-v20251212/TestEasyDataset/Unseen/Frame/case67/case_M_20181213131150_0U62365121395349_1_002_001-1_a11_ayy_image0016.jpg,SUN-SEG-FinalData-v20251212/TestEasyDataset/Unseen/GT/case67/case_M_20181213131150_0U62365121395349_1_002_001-1_a11_ayy_image0016.png,468279,5180,SUNSEG_case67,case67,6,090d8e40b7fa5a4599fe70e7a8c1e5cac37651ba0c4c8d0b7cd373615f29e805,Easy-Unseen,SELECTED_PENDING_CONTAMINATION
testeasydataset/unseen/case67/case_m_20181213131150_0u62365121395349_1_002_001-1_a11_ayy_image0002,TestEasyDataset,Unseen,case67,case67,2,SUN-SEG-FinalData-v20251212/TestEasyDataset/Unseen/Frame/case67/case_M_20181213131150_0U62365121395349_1_002_001-1_a11_ayy_image0002.jpg,SUN-SEG-FinalData-v20251212/TestEasyDataset/Unseen/GT/case67/case_M_20181213131150_0U62365121395349_1_002_001-1_a11_ayy_image0002.png,426853,5235,SUNSEG_case67,case67,7,0b12d28fc135599363f0e6f96801b146a02a998f985659372a12d714cb0d441f,Easy-Unseen,SELECTED_PENDING_CONTAMINATION
testeasydataset/unseen/case67/case_m_20181213131150_0u62365121395349_1_002_001-1_a8_ayy_image0008,TestEasyDataset,Unseen,case67,case67,8,SUN-SEG-FinalData-v20251212/TestEasyDataset/Unseen/Frame/case67/case_M_20181213131150_0U62365121395349_1_002_001-1_a8_ayy_image0008.jpg,SUN-SEG-FinalData-v20251212/TestEasyDataset/Unseen/GT/case67/case_M_20181213131150_0U62365121395349_1_002_001-1_a8_ayy_image0008.png,384586,4641,SUNSEG_case67,case67,8,0e38938be5384a0ead87d2cec1bc94dd1575617c776731509d0e0be033403874,Easy-Unseen,SELECTED_PENDING_CONTAMINATION
testeasydataset/unseen/case67/case_m_20181213131150_0u62365121395349_1_002_001-1_a11_ayy_image0043,TestEasyDataset,Unseen,case67,case67,43,SUN-SEG-FinalData-v20251212/TestEasyDataset/Unseen/Frame/case67/case_M_20181213131150_0U62365121395349_1_002_001-1_a11_ayy_image0043.jpg,SUN-SEG-FinalData-v20251212/TestEasyDataset/Unseen/GT/case67/case_M_20181213131150_0U62365121395349_1_002_001-1_a11_ayy_image0043.png,487451,4152,SUNSEG_case67,case67,9,0e67567935b3e2926270e25f291db382e301c1d829bb0e3a8c1e77250b08eaba,Easy-Unseen,SELECTED_PENDING_CONTAMINATION
testeasydataset/unseen/case67/case_m_20181213131150_0u62365121395349_1_002_001-1_a11_ayy_image0010,TestEasyDataset,Unseen,case67,case67,10,SUN-SEG-FinalData-v20251212/TestEasyDataset/Unseen/Frame/case67/case_M_20181213131150_0U62365121395349_1_002_001-1_a11_ayy_image0010.jpg,SUN-SEG-FinalData-v20251212/TestEasyDataset/Unseen/GT/case67/case_M_20181213131150_0U62365121395349_1_002_001-1_a11_ayy_image0010.png,463030,5135,SUNSEG_case67,case67,10,107983d19b1e3c7a88db8338d4ed9a72d21d480cf762b01ced72d682e93be13a,Easy-Unseen,SELECTED_PENDING_CONTAMINATION
testeasydataset/unseen/case67/case_m_20181213131150_0u62365121395349_1_002_001-1_a9_ayy_image0008,TestEasyDataset,Unseen,case67,case67,8,SUN-SEG-FinalData-v20251212/TestEasyDataset/Unseen/Frame/case67/case_M_20181213131150_0U62365121395349_1_002_001-1_a9_ayy_image0008.jpg,SUN-SEG-FinalData-v20251212/TestEasyDataset/Unseen/GT/case67/case_M_20181213131150_0U62365121395349_1_002_001-1_a9_ayy_image0008.png,354242,5392,SUNSEG_case67,case67,11,10df6ee34bdb403342a953aaf265003f80186081314e31159bbb49e0243652f9,Easy-Unseen,SELECTED_PENDING_CONTAMINATION
testeasydataset/unseen/case67/case_m_20181213131150_0u62365121395349_1_002_001-1_a9_ayy_image0016,TestEasyDataset,Unseen,case67,case67,16,SUN-SEG-FinalData-v20251212/TestEasyDataset/Unseen/Frame/case67/case_M_20181213131150_0U62365121395349_1_002_001-1_a9_ayy_image0016.jpg,SUN-SEG-FinalData-v20251212/TestEasyDataset/Unseen/GT/case67/case_M_20181213131150_0U62365121395349_1_002_001-1_a9_ayy_image0016.png,506680,4773,SUNSEG_case67,case67,12,12a24d7704964722ead3eec4ff3be39208e155d43180dc3e34fba41a883e6cca,Easy-Unseen,SELECTED_PENDING_CONTAMINATION
testeasydataset/unseen/case67/case_m_20181213131150_0u62365121395349_1_002_001-1_a11_ayy_image0037,TestEasyDataset,Unseen,case67,case67,37,SUN-SEG-FinalData-v20251212/TestEasyDataset/Unseen/Frame/case67/case_M_20181213131150_0U62365121395349_1_002_001-1_a11_ayy_image0037.jpg,SUN-SEG-FinalData-v20251212/TestEasyDataset/Unseen/GT/case67/case_M_20181213131150_0U62365121395349_1_002_001-1_a11_ayy_image0037.png,520385,4626,SUNSEG_case67,case67,13,13279c8fc7489983050460d278daa6b0d184dcafdae8073e9c35a933c4e2bb8e,Easy-Unseen,SELECTED_PENDING_CONTAMINATION
testeasydataset/unseen/case67/case_m_20181213131150_0u62365121395349_1_002_001-1_a11_ayy_image0013,TestEasyDataset,Unseen,case67,case67,13,SUN-SEG-FinalData-v20251212/TestEasyDataset/Unseen/Frame/case67/case_M_20181213131150_0U62365121395349_1_002_001-1_a11_ayy_image0013.jpg,SUN-SEG-FinalData-v20251212/TestEasyDataset/Unseen/GT/case67/case_M_20181213131150_0U62365121395349_1_002_001-1_a11_ayy_image0013.png,473377,5135,SUNSEG_case67,case67,14,1656427e32306469f293a1a4ea88da05a91be855a91b03c9578943f71a623e81,Easy-Unseen,SELECTED_PENDING_CONTAMINATION
testeasydataset/unseen/case67/case_m_20181213131150_0u62365121395349_1_002_001-1_a9_ayy_image0032,TestEasyDataset,Unseen,case67,case67,32,SUN-SEG-FinalData-v20251212/TestEasyDataset/Unseen/Frame/case67/case_M_20181213131150_0U62365121395349_1_002_001-1_a9_ayy_image0032.jpg,SUN-SEG-FinalData-v20251212/TestEasyDataset/Unseen/GT/case67/case_M_20181213131150_0U62365121395349_1_002_001-1_a9_ayy_image0032.png,377613,5380,SUNSEG_case67,case67,15,176a1c57834ae4d40d1a4d73d4b49d11dbe537dff0699d58bdb586a98f94519e,Easy-Unseen,SELECTED_PENDING_CONTAMINATION
testeasydataset/unseen/case67/case_m_20181213131150_0u62365121395349_1_002_001-1_a9_ayy_image0014,TestEasyDataset,Unseen,case67,case67,14,SUN-SEG-FinalData-v20251212/TestEasyDataset/Unseen/Frame/case67/case_M_20181213131150_0U62365121395349_1_002_001-1_a9_ayy_image0014.jpg,SUN-SEG-FinalData-v20251212/TestEasyDataset/Unseen/GT/case67/case_M_20181213131150_0U62365121395349_1_002_001-1_a9_ayy_image0014.png,400874,4774,SUNSEG_case67,case67,16,196200b8dfad2704d9879d32f50ccd56aab9c3a4c47f236ef360e2227132ca5c,Easy-Unseen,SELECTED_PENDING_CONTAMINATION
testeasydataset/unseen/case67/case_m_20181213131150_0u62365121395349_1_002_001-1_a11_ayy_image0020,TestEasyDataset,Unseen,case67,case67,20,SUN-SEG-FinalData-v20251212/TestEasyDataset/Unseen/Frame/case67/case_M_20181213131150_0U62365121395349_1_002_001-1_a11_ayy_image0020.jpg,SUN-SEG-FinalData-v20251212/TestEasyDataset/Unseen/GT/case67/case_M_20181213131150_0U62365121395349_1_002_001-1_a11_ayy_image0020.png,373911,5213,SUNSEG_case67,case67,17,197fa2e743928ab4ee5cf3cfeec9743f6d2fd3a5590ffb2790992dc1c288fcfa,Easy-Unseen,SELECTED_PENDING_CONTAMINATION
testeasydataset/unseen/case67/case_m_20181213131150_0u62365121395349_1_002_001-1_a8_ayy_image0011,TestEasyDataset,Unseen,case67,case67,11,SUN-SEG-FinalData-v20251212/TestEasyDataset/Unseen/Frame/case67/case_M_20181213131150_0U62365121395349_1_002_001-1_a8_ayy_image0011.jpg,SUN-SEG-FinalData-v20251212/TestEasyDataset/Unseen/GT/case67/case_M_20181213131150_0U62365121395349_1_002_001-1_a8_ayy_image0011.png,379294,4765,SUNSEG_case67,case67,18,1d859fd2164443c920453e43ffee06dba0d5bcfdf75ef844e095a354d29d7388,Easy-Unseen,SELECTED_PENDING_CONTAMINATION
testeasydataset/unseen/case67/case_m_20181213131150_0u62365121395349_1_002_001-1_a11_ayy_image0028,TestEasyDataset,Unseen,case67,case67,28,SUN-SEG-FinalData-v20251212/TestEasyDataset/Unseen/Frame/case67/case_M_20181213131150_0U62365121395349_1_002_001-1_a11_ayy_image0028.jpg,SUN-SEG-FinalData-v20251212/TestEasyDataset/Unseen/GT/case67/case_M_20181213131150_0U62365121395349_1_002_001-1_a11_ayy_image0028.png,481276,5030,SUNSEG_case67,case67,19,1ef01ce6057c8a93d622ed92d26930f4ab5ffccb0a396f2fc61befe0d96f056b,Easy-Unseen,SELECTED_PENDING_CONTAMINATION
testeasydataset/unseen/case67/case_m_20181213131150_0u62365121395349_1_002_001-1_a9_ayy_image0059,TestEasyDataset,Unseen,case67,case67,59,SUN-SEG-FinalData-v20251212/TestEasyDataset/Unseen/Frame/case67/case_M_20181213131150_0U62365121395349_1_002_001-1_a9_ayy_image0059.jpg,SUN-SEG-FinalData-v20251212/TestEasyDataset/Unseen/GT/case67/case_M_20181213131150_0U62365121395349_1_002_001-1_a9_ayy_image0059.png,596238,5504,SUNSEG_case67,case67,20,1f56eb4e68ae1c41082e89ac91fdc125ec88ff5145b88ba6da6b190fc716c993,Easy-Unseen,SELECTED_PENDING_CONTAMINATION
testeasydataset/unseen/case68_5/case_m_20181214095357_0u62368121473456_1_006_003-1_a22_ayy_image0041,TestEasyDataset,Unseen,case68_5,case68,41,SUN-SEG-FinalData-v20251212/TestEasyDataset/Unseen/Frame/case68_5/case_M_20181214095357_0U62368121473456_1_006_003-1_a22_ayy_image0041.jpg,SUN-SEG-FinalData-v20251212/TestEasyDataset/Unseen/GT/case68_5/case_M_20181214095357_0U62368121473456_1_006_003-1_a22_ayy_image0041.png,559120,5509,SUNSEG_case68,case68,1,000153ad0fca0a2f1aff51b524dd1287b02b4c3901f6bfaca4cc450843563e81,Easy-Unseen,SELECTED_PENDING_CONTAMINATION
testeasydataset/unseen/case68_1/case_m_20181214095357_0u62368121473456_1_006_003-1_a4_ayy_image0015,TestEasyDataset,Unseen,case68_1,case68,15,SUN-SEG-FinalData-v20251212/TestEasyDataset/Unseen/Frame/case68_1/case_M_20181214095357_0U62368121473456_1_006_003-1_a4_ayy_image0015.jpg,SUN-SEG-FinalData-v20251212/TestEasyDataset/Unseen/GT/case68_1/case_M_20181214095357_0U62368121473456_1_006_003-1_a4_ayy_image0015.png,499530,6379,SUNSEG_case68,case68,2,000acf497a46c351f402a3dc5639ed60b7de8bac93be560629c8ffbaae0deb0c,Easy-Unseen,SELECTED_PENDING_CONTAMINATION
testharddataset/unseen/case68_7/case_m_20181214095357_0u62368121473456_1_006_003-1_a23_ayy_image0123,TestHardDataset,Unseen,case68_7,case68,123,SUN-SEG-FinalData-v20251212/TestHardDataset/Unseen/Frame/case68_7/case_M_20181214095357_0U62368121473456_1_006_003-1_a23_ayy_image0123.jpg,SUN-SEG-FinalData-v20251212/TestHardDataset/Unseen/GT/case68_7/case_M_20181214095357_0U62368121473456_1_006_003-1_a23_ayy_image0123.png,519888,5172,SUNSEG_case68,case68,3,006234537568044d8f7b38b6dce3aae0e42f0677dcfdbd633fc882ee7e1f25cd,Hard-Unseen,SELECTED_PENDING_CONTAMINATION
testharddataset/unseen/case68_7/case_m_20181214095357_0u62368121473456_1_006_003-1_a23_ayy_image0007,TestHardDataset,Unseen,case68_7,case68,7,SUN-SEG-FinalData-v20251212/TestHardDataset/Unseen/Frame/case68_7/case_M_20181214095357_0U62368121473456_1_006_003-1_a23_ayy_image0007.jpg,SUN-SEG-FinalData-v20251212/TestHardDataset/Unseen/GT/case68_7/case_M_20181214095357_0U62368121473456_1_006_003-1_a23_ayy_image0007.png,435236,5593,SUNSEG_case68,case68,4,006ce3e4883bdcf81e6f9e1349c403b4a76b67d742d726c2258b22ed71ed77a5,Hard-Unseen,SELECTED_PENDING_CONTAMINATION
testeasydataset/unseen/case68_5/case_m_20181214095357_0u62368121473456_1_006_003-1_a22_ayy_image0032,TestEasyDataset,Unseen,case68_5,case68,32,SUN-SEG-FinalData-v20251212/TestEasyDataset/Unseen/Frame/case68_5/case_M_20181214095357_0U62368121473456_1_006_003-1_a22_ayy_image0032.jpg,SUN-SEG-FinalData-v20251212/TestEasyDataset/Unseen/GT/case68_5/case_M_20181214095357_0U62368121473456_1_006_003-1_a22_ayy_image0032.png,596417,5473,SUNSEG_case68,case68,5,00a8ac9a9e26cbc9d0ad3fd3d1fa2d07f92ffef52e8a970019f23971ee3749df,Easy-Unseen,SELECTED_PENDING_CONTAMINATION
testeasydataset/unseen/case68_3/case_m_20181214095357_0u62368121473456_1_006_003-1_a17_ayy_image0072,TestEasyDataset,Unseen,case68_3,case68,72,SUN-SEG-FinalData-v20251212/TestEasyDataset/Unseen/Frame/case68_3/case_M_20181214095357_0U62368121473456_1_006_003-1_a17_ayy_image0072.jpg,SUN-SEG-FinalData-v20251212/TestEasyDataset/Unseen/GT/case68_3/case_M_20181214095357_0U62368121473456_1_006_003-1_a17_ayy_image0072.png,502303,6369,SUNSEG_case68,case68,6,00e2c342ed2b1e9409a22a220f49aeb2fd01f3ab05484d000034532a2ac798e4,Easy-Unseen,SELECTED_PENDING_CONTAMINATION
testeasydataset/unseen/case68_3/case_m_20181214095357_0u62368121473456_1_006_003-1_a17_ayy_image0008,TestEasyDataset,Unseen,case68_3,case68,8,SUN-SEG-FinalData-v20251212/TestEasyDataset/Unseen/Frame/case68_3/case_M_20181214095357_0U62368121473456_1_006_003-1_a17_ayy_image0008.jpg,SUN-SEG-FinalData-v20251212/TestEasyDataset/Unseen/GT/case68_3/case_M_20181214095357_0U62368121473456_1_006_003-1_a17_ayy_image0008.png,407208,5018,SUNSEG_case68,case68,7,00f6d27704ab41c0b41bfb04269e3ac145178a0be1d184ce53dfd21c1e4903b7,Easy-Unseen,SELECTED_PENDING_CONTAMINATION
testeasydataset/unseen/case68_1/case_m_20181214095357_0u62368121473456_1_006_003-1_a4_ayy_image0118,TestEasyDataset,Unseen,case68_1,case68,118,SUN-SEG-FinalData-v20251212/TestEasyDataset/Unseen/Frame/case68_1/case_M_20181214095357_0U62368121473456_1_006_003-1_a4_ayy_image0118.jpg,SUN-SEG-FinalData-v20251212/TestEasyDataset/Unseen/GT/case68_1/case_M_20181214095357_0U62368121473456_1_006_003-1_a4_ayy_image0118.png,443247,6675,SUNSEG_case68,case68,8,01adb9c84a5af2877500d1370b3af965fd87ab9662e909964a843d6c860762e4,Easy-Unseen,SELECTED_PENDING_CONTAMINATION
testeasydataset/unseen/case68_5/case_m_20181214095357_0u62368121473456_1_006_003-1_a22_ayy_image0076,TestEasyDataset,Unseen,case68_5,case68,76,SUN-SEG-FinalData-v20251212/TestEasyDataset/Unseen/Frame/case68_5/case_M_20181214095357_0U62368121473456_1_006_003-1_a22_ayy_image0076.jpg,SUN-SEG-FinalData-v20251212/TestEasyDataset/Unseen/GT/case68_5/case_M_20181214095357_0U62368121473456_1_006_003-1_a22_ayy_image0076.png,681674,5969,SUNSEG_case68,case68,9,0253ca97560f874119e43e66910dc3931a63ed3d7463d980eeb10fca4df217b7,Easy-Unseen,SELECTED_PENDING_CONTAMINATION
testharddataset/unseen/case68_6/case_m_20181214095357_0u62368121473456_1_006_003-1_a22_ayy_image0359,TestHardDataset,Unseen,case68_6,case68,359,SUN-SEG-FinalData-v20251212/TestHardDataset/Unseen/Frame/case68_6/case_M_20181214095357_0U62368121473456_1_006_003-1_a22_ayy_image0359.jpg,SUN-SEG-FinalData-v20251212/TestHardDataset/Unseen/GT/case68_6/case_M_20181214095357_0U62368121473456_1_006_003-1_a22_ayy_image0359.png,447399,5834,SUNSEG_case68,case68,10,02a0542e6ddbe7b191401e6909ff53aab83d332b55b6a05f97d1020c5c6f7482,Hard-Unseen,SELECTED_PENDING_CONTAMINATION
testeasydataset/unseen/case68_2/case_m_20181214095357_0u62368121473456_1_006_003-1_a5_ayy_image0003,TestEasyDataset,Unseen,case68_2,case68,3,SUN-SEG-FinalData-v20251212/TestEasyDataset/Unseen/Frame/case68_2/case_M_20181214095357_0U62368121473456_1_006_003-1_a5_ayy_image0003.jpg,SUN-SEG-FinalData-v20251212/TestEasyDataset/Unseen/GT/case68_2/case_M_20181214095357_0U62368121473456_1_006_003-1_a5_ayy_image0003.png,497952,6510,SUNSEG_case68,case68,11,02cff621dfa4545e0df3a1393108e6240dc077e4cc35e6d01f54c284701dfaeb,Easy-Unseen,SELECTED_PENDING_CONTAMINATION
testharddataset/unseen/case68_6/case_m_20181214095357_0u62368121473456_1_006_003-1_a22_ayy_image0263,TestHardDataset,Unseen,case68_6,case68,263,SUN-SEG-FinalData-v20251212/TestHardDataset/Unseen/Frame/case68_6/case_M_20181214095357_0U62368121473456_1_006_003-1_a22_ayy_image0263.jpg,SUN-SEG-FinalData-v20251212/TestHardDataset/Unseen/GT/case68_6/case_M_20181214095357_0U62368121473456_1_006_003-1_a22_ayy_image0263.png,400904,5911,SUNSEG_case68,case68,12,02ea0b61ded4af51cb7a0caac6d89aae5402335447649c0b0fe2978f8c552d47,Hard-Unseen,SELECTED_PENDING_CONTAMINATION
testharddataset/unseen/case68_7/case_m_20181214095357_0u62368121473456_1_006_003-1_a23_ayy_image0132,TestHardDataset,Unseen,case68_7,case68,132,SUN-SEG-FinalData-v20251212/TestHardDataset/Unseen/Frame/case68_7/case_M_20181214095357_0U62368121473456_1_006_003-1_a23_ayy_image0132.jpg,SUN-SEG-FinalData-v20251212/TestHardDataset/Unseen/GT/case68_7/case_M_20181214095357_0U62368121473456_1_006_003-1_a23_ayy_image0132.png,453989,5093,SUNSEG_case68,case68,13,02fd097adc6f158a15502e9e4d3b778b9403baccac819e85410e2abbe3e54701,Hard-Unseen,SELECTED_PENDING_CONTAMINATION
testharddataset/unseen/case68_7/case_m_20181214095357_0u62368121473456_1_006_003-1_a23_ayy_image0096,TestHardDataset,Unseen,case68_7,case68,96,SUN-SEG-FinalData-v20251212/TestHardDataset/Unseen/Frame/case68_7/case_M_20181214095357_0U62368121473456_1_006_003-1_a23_ayy_image0096.jpg,SUN-SEG-FinalData-v20251212/TestHardDataset/Unseen/GT/case68_7/case_M_20181214095357_0U62368121473456_1_006_003-1_a23_ayy_image0096.png,445249,5244,SUNSEG_case68,case68,14,0303af55e7c26ae3bd48208d4b75a3657b6d3c8849a7111178e291847bf3f223,Hard-Unseen,SELECTED_PENDING_CONTAMINATION
testeasydataset/unseen/case68_2/case_m_20181214095357_0u62368121473456_1_006_003-1_a7_ayy_image0010,TestEasyDataset,Unseen,case68_2,case68,10,SUN-SEG-FinalData-v20251212/TestEasyDataset/Unseen/Frame/case68_2/case_M_20181214095357_0U62368121473456_1_006_003-1_a7_ayy_image0010.jpg,SUN-SEG-FinalData-v20251212/TestEasyDataset/Unseen/GT/case68_2/case_M_20181214095357_0U62368121473456_1_006_003-1_a7_ayy_image0010.png,425586,6744,SUNSEG_case68,case68,15,038207db52fc2773ea009e89289d28e2d3a5e0da23040bce8a0a671ae6c7ca8b,Easy-Unseen,SELECTED_PENDING_CONTAMINATION
testeasydataset/unseen/case68_1/case_m_20181214095357_0u62368121473456_1_006_003-1_a4_ayy_image0049,TestEasyDataset,Unseen,case68_1,case68,49,SUN-SEG-FinalData-v20251212/TestEasyDataset/Unseen/Frame/case68_1/case_M_20181214095357_0U62368121473456_1_006_003-1_a4_ayy_image0049.jpg,SUN-SEG-FinalData-v20251212/TestEasyDataset/Unseen/GT/case68_1/case_M_20181214095357_0U62368121473456_1_006_003-1_a4_ayy_image0049.png,425319,7359,SUNSEG_case68,case68,16,038d77bc066bb1675999a2c870368a40e5dafd597604c9ac04897922ac7a35d0,Easy-Unseen,SELECTED_PENDING_CONTAMINATION
testeasydataset/unseen/case68_2/case_m_20181214095357_0u62368121473456_1_006_003-1_a5_ayy_image0064,TestEasyDataset,Unseen,case68_2,case68,64,SUN-SEG-FinalData-v20251212/TestEasyDataset/Unseen/Frame/case68_2/case_M_20181214095357_0U62368121473456_1_006_003-1_a5_ayy_image0064.jpg,SUN-SEG-FinalData-v20251212/TestEasyDataset/Unseen/GT/case68_2/case_M_20181214095357_0U62368121473456_1_006_003-1_a5_ayy_image0064.png,454960,6404,SUNSEG_case68,case68,17,03b10d47eea4233a15db45f5bcae077e58539b2ea5330a4162e1acacaa58db64,Easy-Unseen,SELECTED_PENDING_CONTAMINATION
testharddataset/unseen/case68_6/case_m_20181214095357_0u62368121473456_1_006_003-1_a22_ayy_image0278,TestHardDataset,Unseen,case68_6,case68,278,SUN-SEG-FinalData-v20251212/TestHardDataset/Unseen/Frame/case68_6/case_M_20181214095357_0U62368121473456_1_006_003-1_a22_ayy_image0278.jpg,SUN-SEG-FinalData-v20251212/TestHardDataset/Unseen/GT/case68_6/case_M_20181214095357_0U62368121473456_1_006_003-1_a22_ayy_image0278.png,409276,6395,SUNSEG_case68,case68,18,03bce6be8fc05487cdb52250f52f699d258291ee599c42fbdb70814c1b0357c4,Hard-Unseen,SELECTED_PENDING_CONTAMINATION
testeasydataset/unseen/case68_3/case_m_20181214095357_0u62368121473456_1_006_003-1_a17_ayy_image0064,TestEasyDataset,Unseen,case68_3,case68,64,SUN-SEG-FinalData-v20251212/TestEasyDataset/Unseen/Frame/case68_3/case_M_20181214095357_0U62368121473456_1_006_003-1_a17_ayy_image0064.jpg,SUN-SEG-FinalData-v20251212/TestEasyDataset/Unseen/GT/case68_3/case_M_20181214095357_0U62368121473456_1_006_003-1_a17_ayy_image0064.png,510898,6095,SUNSEG_case68,case68,19,0423341617c36597e981584199f486e84b706452f3f2dba866dbb951eb7a5f6e,Easy-Unseen,SELECTED_PENDING_CONTAMINATION
testharddataset/unseen/case68_4/case_m_20181214095357_0u62368121473456_1_006_003-1_a18_ayy_image0030,TestHardDataset,Unseen,case68_4,case68,30,SUN-SEG-FinalData-v20251212/TestHardDataset/Unseen/Frame/case68_4/case_M_20181214095357_0U62368121473456_1_006_003-1_a18_ayy_image0030.jpg,SUN-SEG-FinalData-v20251212/TestHardDataset/Unseen/GT/case68_4/case_M_20181214095357_0U62368121473456_1_006_003-1_a18_ayy_image0030.png,491589,6068,SUNSEG_case68,case68,20,042ff6861ea3363f3559f506a2539aee0913f11e7cda97022145ccf36019353d,Hard-Unseen,SELECTED_PENDING_CONTAMINATION
testharddataset/unseen/case70/case_m_20181218101803_0u62372121864002_1_001_001-1_a6_ayy_image0067,TestHardDataset,Unseen,case70,case70,67,SUN-SEG-FinalData-v20251212/TestHardDataset/Unseen/Frame/case70/case_M_20181218101803_0U62372121864002_1_001_001-1_a6_ayy_image0067.jpg,SUN-SEG-FinalData-v20251212/TestHardDataset/Unseen/GT/case70/case_M_20181218101803_0U62372121864002_1_001_001-1_a6_ayy_image0067.png,371066,5882,SUNSEG_case70,case70,1,00505dab3b02049cec5b79f05784e7e0948a292d662ffec7f6fb48e530f4663f,Hard-Unseen,SELECTED_PENDING_CONTAMINATION
testharddataset/unseen/case70/case_m_20181218101803_0u62372121864002_1_001_001-1_a3_ayy_image0008,TestHardDataset,Unseen,case70,case70,8,SUN-SEG-FinalData-v20251212/TestHardDataset/Unseen/Frame/case70/case_M_20181218101803_0U62372121864002_1_001_001-1_a3_ayy_image0008.jpg,SUN-SEG-FinalData-v20251212/TestHardDataset/Unseen/GT/case70/case_M_20181218101803_0U62372121864002_1_001_001-1_a3_ayy_image0008.png,499866,4944,SUNSEG_case70,case70,2,024c8b5965d5ee515dadb2abad17dd4cd35589464afe31becc43c7662d48203c,Hard-Unseen,SELECTED_PENDING_CONTAMINATION
testharddataset/unseen/case70/case_m_20181218101803_0u62372121864002_1_001_001-1_a6_ayy_image0101,TestHardDataset,Unseen,case70,case70,101,SUN-SEG-FinalData-v20251212/TestHardDataset/Unseen/Frame/case70/case_M_20181218101803_0U62372121864002_1_001_001-1_a6_ayy_image0101.jpg,SUN-SEG-FinalData-v20251212/TestHardDataset/Unseen/GT/case70/case_M_20181218101803_0U62372121864002_1_001_001-1_a6_ayy_image0101.png,402293,6142,SUNSEG_case70,case70,3,05389409a607c78d70f04b38a43bf30793eefa26df39a770015eb31a8cbca73d,Hard-Unseen,SELECTED_PENDING_CONTAMINATION
testharddataset/unseen/case70/case_m_20181218101803_0u62372121864002_1_001_001-1_a6_ayy_image0008,TestHardDataset,Unseen,case70,case70,8,SUN-SEG-FinalData-v20251212/TestHardDataset/Unseen/Frame/case70/case_M_20181218101803_0U62372121864002_1_001_001-1_a6_ayy_image0008.jpg,SUN-SEG-FinalData-v20251212/TestHardDataset/Unseen/GT/case70/case_M_20181218101803_0U62372121864002_1_001_001-1_a6_ayy_image0008.png,402323,5679,SUNSEG_case70,case70,4,05d02d5fb10f3980dd2234319368c0aff7ac3b240b643081f9ec5d7cf8b08e9e,Hard-Unseen,SELECTED_PENDING_CONTAMINATION
testharddataset/unseen/case70/case_m_20181218101803_0u62372121864002_1_001_001-1_a4_ayy_image0020,TestHardDataset,Unseen,case70,case70,20,SUN-SEG-FinalData-v20251212/TestHardDataset/Unseen/Frame/case70/case_M_20181218101803_0U62372121864002_1_001_001-1_a4_ayy_image0020.jpg,SUN-SEG-FinalData-v20251212/TestHardDataset/Unseen/GT/case70/case_M_20181218101803_0U62372121864002_1_001_001-1_a4_ayy_image0020.png,406491,5482,SUNSEG_case70,case70,5,05fc8ff20efc310f79f5bd27e470f1f06eb69670a8603343854be0c29255f4a3,Hard-Unseen,SELECTED_PENDING_CONTAMINATION
testharddataset/unseen/case70/case_m_20181218101803_0u62372121864002_1_001_001-1_a8_ayy_image0037,TestHardDataset,Unseen,case70,case70,37,SUN-SEG-FinalData-v20251212/TestHardDataset/Unseen/Frame/case70/case_M_20181218101803_0U62372121864002_1_001_001-1_a8_ayy_image0037.jpg,SUN-SEG-FinalData-v20251212/TestHardDataset/Unseen/GT/case70/case_M_20181218101803_0U62372121864002_1_001_001-1_a8_ayy_image0037.png,371942,6870,SUNSEG_case70,case70,6,0609c96268f0736a286e2f26a98cae40b084a4e8abeb4d682d00b963ff6b5b22,Hard-Unseen,SELECTED_PENDING_CONTAMINATION
testharddataset/unseen/case70/case_m_20181218101803_0u62372121864002_1_001_001-1_a4_ayy_image0046,TestHardDataset,Unseen,case70,case70,46,SUN-SEG-FinalData-v20251212/TestHardDataset/Unseen/Frame/case70/case_M_20181218101803_0U62372121864002_1_001_001-1_a4_ayy_image0046.jpg,SUN-SEG-FinalData-v20251212/TestHardDataset/Unseen/GT/case70/case_M_20181218101803_0U62372121864002_1_001_001-1_a4_ayy_image0046.png,518976,6294,SUNSEG_case70,case70,7,06b5f66c5cc9b532ca752ab42e707d057c9db7feae40f7e49263d5fed3b74a96,Hard-Unseen,SELECTED_PENDING_CONTAMINATION
testharddataset/unseen/case70/case_m_20181218101803_0u62372121864002_1_001_001-1_a4_ayy_image0016,TestHardDataset,Unseen,case70,case70,16,SUN-SEG-FinalData-v20251212/TestHardDataset/Unseen/Frame/case70/case_M_20181218101803_0U62372121864002_1_001_001-1_a4_ayy_image0016.jpg,SUN-SEG-FinalData-v20251212/TestHardDataset/Unseen/GT/case70/case_M_20181218101803_0U62372121864002_1_001_001-1_a4_ayy_image0016.png,534825,4880,SUNSEG_case70,case70,8,0715dd1bdb3446e9d60b88d1d9e98ec5db9d7916be26441c86bf67c9f9a6e7b2,Hard-Unseen,SELECTED_PENDING_CONTAMINATION
testharddataset/unseen/case70/case_m_20181218101803_0u62372121864002_1_001_001-1_a8_ayy_image0023,TestHardDataset,Unseen,case70,case70,23,SUN-SEG-FinalData-v20251212/TestHardDataset/Unseen/Frame/case70/case_M_20181218101803_0U62372121864002_1_001_001-1_a8_ayy_image0023.jpg,SUN-SEG-FinalData-v20251212/TestHardDataset/Unseen/GT/case70/case_M_20181218101803_0U62372121864002_1_001_001-1_a8_ayy_image0023.png,369557,7031,SUNSEG_case70,case70,9,07acbb7000f0d6ffa1d113fedc29649760f93e5cd1e739a747898dcdc842ba49,Hard-Unseen,SELECTED_PENDING_CONTAMINATION
testharddataset/unseen/case70/case_m_20181218101803_0u62372121864002_1_001_001-1_a6_ayy_image0005,TestHardDataset,Unseen,case70,case70,5,SUN-SEG-FinalData-v20251212/TestHardDataset/Unseen/Frame/case70/case_M_20181218101803_0U62372121864002_1_001_001-1_a6_ayy_image0005.jpg,SUN-SEG-FinalData-v20251212/TestHardDataset/Unseen/GT/case70/case_M_20181218101803_0U62372121864002_1_001_001-1_a6_ayy_image0005.png,424167,5774,SUNSEG_case70,case70,10,084e02592fd5a0d32c1118ae86c6b6260aab33a5e89a6fd6a1ece7dce728694c,Hard-Unseen,SELECTED_PENDING_CONTAMINATION
testharddataset/unseen/case70/case_m_20181218101803_0u62372121864002_1_001_001-1_a8_ayy_image0006,TestHardDataset,Unseen,case70,case70,6,SUN-SEG-FinalData-v20251212/TestHardDataset/Unseen/Frame/case70/case_M_20181218101803_0U62372121864002_1_001_001-1_a8_ayy_image0006.jpg,SUN-SEG-FinalData-v20251212/TestHardDataset/Unseen/GT/case70/case_M_20181218101803_0U62372121864002_1_001_001-1_a8_ayy_image0006.png,495552,6675,SUNSEG_case70,case70,11,09a395b8f16fc4a5b26509a5d93215f3d45388afb2dc2e7d40a615d2c303b835,Hard-Unseen,SELECTED_PENDING_CONTAMINATION
testharddataset/unseen/case70/case_m_20181218101803_0u62372121864002_1_001_001-1_a6_ayy_image0047,TestHardDataset,Unseen,case70,case70,47,SUN-SEG-FinalData-v20251212/TestHardDataset/Unseen/Frame/case70/case_M_20181218101803_0U62372121864002_1_001_001-1_a6_ayy_image0047.jpg,SUN-SEG-FinalData-v20251212/TestHardDataset/Unseen/GT/case70/case_M_20181218101803_0U62372121864002_1_001_001-1_a6_ayy_image0047.png,471658,6846,SUNSEG_case70,case70,12,0af40e935e91c739a4f11f9c410ddac274acf80af4a006329b3b74c20cf65727,Hard-Unseen,SELECTED_PENDING_CONTAMINATION
testharddataset/unseen/case70/case_m_20181218101803_0u62372121864002_1_001_001-1_a6_ayy_image0068,TestHardDataset,Unseen,case70,case70,68,SUN-SEG-FinalData-v20251212/TestHardDataset/Unseen/Frame/case70/case_M_20181218101803_0U62372121864002_1_001_001-1_a6_ayy_image0068.jpg,SUN-SEG-FinalData-v20251212/TestHardDataset/Unseen/GT/case70/case_M_20181218101803_0U62372121864002_1_001_001-1_a6_ayy_image0068.png,376296,5882,SUNSEG_case70,case70,13,0b368b611c221282751a6b49cb6b8a355801dd8bd6bfbdf22541190538ef6672,Hard-Unseen,SELECTED_PENDING_CONTAMINATION
testharddataset/unseen/case70/case_m_20181218101803_0u62372121864002_1_001_001-1_a6_ayy_image0049,TestHardDataset,Unseen,case70,case70,49,SUN-SEG-FinalData-v20251212/TestHardDataset/Unseen/Frame/case70/case_M_20181218101803_0U62372121864002_1_001_001-1_a6_ayy_image0049.jpg,SUN-SEG-FinalData-v20251212/TestHardDataset/Unseen/GT/case70/case_M_20181218101803_0U62372121864002_1_001_001-1_a6_ayy_image0049.png,384471,6511,SUNSEG_case70,case70,14,0bce95572bdec36ac979fa078d9374c65dbafc0c2774bd43a3d87d2fe1d99ae4,Hard-Unseen,SELECTED_PENDING_CONTAMINATION
testharddataset/unseen/case70/case_m_20181218101803_0u62372121864002_1_001_001-1_a8_ayy_image0053,TestHardDataset,Unseen,case70,case70,53,SUN-SEG-FinalData-v20251212/TestHardDataset/Unseen/Frame/case70/case_M_20181218101803_0U62372121864002_1_001_001-1_a8_ayy_image0053.jpg,SUN-SEG-FinalData-v20251212/TestHardDataset/Unseen/GT/case70/case_M_20181218101803_0U62372121864002_1_001_001-1_a8_ayy_image0053.png,391212,6769,SUNSEG_case70,case70,15,0c70276d848cf91aaa339e60267cc2ef889d153498bec7bf08775ae2f4b6c199,Hard-Unseen,SELECTED_PENDING_CONTAMINATION
testharddataset/unseen/case70/case_m_20181218101803_0u62372121864002_1_001_001-1_a8_ayy_image0032,TestHardDataset,Unseen,case70,case70,32,SUN-SEG-FinalData-v20251212/TestHardDataset/Unseen/Frame/case70/case_M_20181218101803_0U62372121864002_1_001_001-1_a8_ayy_image0032.jpg,SUN-SEG-FinalData-v20251212/TestHardDataset/Unseen/GT/case70/case_M_20181218101803_0U62372121864002_1_001_001-1_a8_ayy_image0032.png,381483,6882,SUNSEG_case70,case70,16,0cd66406dfde9a20643c10bf6ffafbdaeb2523c18b571311ca254cf7c45b881d,Hard-Unseen,SELECTED_PENDING_CONTAMINATION
testharddataset/unseen/case70/case_m_20181218101803_0u62372121864002_1_001_001-1_a8_ayy_image0022,TestHardDataset,Unseen,case70,case70,22,SUN-SEG-FinalData-v20251212/TestHardDataset/Unseen/Frame/case70/case_M_20181218101803_0U62372121864002_1_001_001-1_a8_ayy_image0022.jpg,SUN-SEG-FinalData-v20251212/TestHardDataset/Unseen/GT/case70/case_M_20181218101803_0U62372121864002_1_001_001-1_a8_ayy_image0022.png,371275,7031,SUNSEG_case70,case70,17,0ce504af81af01fd6820cf97a746f4a04efef5b224493048206a9ae7a81b58eb,Hard-Unseen,SELECTED_PENDING_CONTAMINATION
testharddataset/unseen/case70/case_m_20181218101803_0u62372121864002_1_001_001-1_a8_ayy_image0049,TestHardDataset,Unseen,case70,case70,49,SUN-SEG-FinalData-v20251212/TestHardDataset/Unseen/Frame/case70/case_M_20181218101803_0U62372121864002_1_001_001-1_a8_ayy_image0049.jpg,SUN-SEG-FinalData-v20251212/TestHardDataset/Unseen/GT/case70/case_M_20181218101803_0U62372121864002_1_001_001-1_a8_ayy_image0049.png,375352,6875,SUNSEG_case70,case70,18,0d3e34ee16baac309c79c0696c4a32858fb5775d7e111a6f760fb8461514c19c,Hard-Unseen,SELECTED_PENDING_CONTAMINATION
testharddataset/unseen/case70/case_m_20181218101803_0u62372121864002_1_001_001-1_a5_ayy_image0003,TestHardDataset,Unseen,case70,case70,3,SUN-SEG-FinalData-v20251212/TestHardDataset/Unseen/Frame/case70/case_M_20181218101803_0U62372121864002_1_001_001-1_a5_ayy_image0003.jpg,SUN-SEG-FinalData-v20251212/TestHardDataset/Unseen/GT/case70/case_M_20181218101803_0U62372121864002_1_001_001-1_a5_ayy_image0003.png,461248,6031,SUNSEG_case70,case70,19,0d44aab2d6047be64d23f7c292cbfd78d35e6cf35ba3e52e77e780be6c6b2707,Hard-Unseen,SELECTED_PENDING_CONTAMINATION
testharddataset/unseen/case70/case_m_20181218101803_0u62372121864002_1_001_001-1_a6_ayy_image0064,TestHardDataset,Unseen,case70,case70,64,SUN-SEG-FinalData-v20251212/TestHardDataset/Unseen/Frame/case70/case_M_20181218101803_0U62372121864002_1_001_001-1_a6_ayy_image0064.jpg,SUN-SEG-FinalData-v20251212/TestHardDataset/Unseen/GT/case70/case_M_20181218101803_0U62372121864002_1_001_001-1_a6_ayy_image0064.png,387316,5766,SUNSEG_case70,case70,20,11558388d7457e6caaf98104d59b4f56ff327c73e0046521e4d46eed8623af0a,Hard-Unseen,SELECTED_PENDING_CONTAMINATION
testeasydataset/unseen/case74_1/case_m_20181227102913_0u62363122725013_1_004_001-1_a8_ayy_image0092,TestEasyDataset,Unseen,case74_1,case74,92,SUN-SEG-FinalData-v20251212/TestEasyDataset/Unseen/Frame/case74_1/case_M_20181227102913_0U62363122725013_1_004_001-1_a8_ayy_image0092.jpg,SUN-SEG-FinalData-v20251212/TestEasyDataset/Unseen/GT/case74_1/case_M_20181227102913_0U62363122725013_1_004_001-1_a8_ayy_image0092.png,498457,5703,SUNSEG_case74,case74,1,000022c75bc1f5b2620cb63c593104969ef0c228ea18c70a41020e1cd08bf522,Easy-Unseen,SELECTED_PENDING_CONTAMINATION
testeasydataset/unseen/case74_1/case_m_20181227102913_0u62363122725013_1_004_001-1_a9_ayy_image0010,TestEasyDataset,Unseen,case74_1,case74,10,SUN-SEG-FinalData-v20251212/TestEasyDataset/Unseen/Frame/case74_1/case_M_20181227102913_0U62363122725013_1_004_001-1_a9_ayy_image0010.jpg,SUN-SEG-FinalData-v20251212/TestEasyDataset/Unseen/GT/case74_1/case_M_20181227102913_0U62363122725013_1_004_001-1_a9_ayy_image0010.png,421219,4604,SUNSEG_case74,case74,2,012458c8339fd5f948daafd6402584478ee2ef6eb09099ef9faa0e8c94506641,Easy-Unseen,SELECTED_PENDING_CONTAMINATION
testeasydataset/unseen/case74_1/case_m_20181227102913_0u62363122725013_1_004_001-1_a8_ayy_image0141,TestEasyDataset,Unseen,case74_1,case74,141,SUN-SEG-FinalData-v20251212/TestEasyDataset/Unseen/Frame/case74_1/case_M_20181227102913_0U62363122725013_1_004_001-1_a8_ayy_image0141.jpg,SUN-SEG-FinalData-v20251212/TestEasyDataset/Unseen/GT/case74_1/case_M_20181227102913_0U62363122725013_1_004_001-1_a8_ayy_image0141.png,413481,4831,SUNSEG_case74,case74,3,025e04ec0b49ef2accdaba3eee762a90daa90d35821c70b7ebada9e5916f8cbf,Easy-Unseen,SELECTED_PENDING_CONTAMINATION
testeasydataset/unseen/case74_2/case_m_20181227102913_0u62363122725013_1_004_001-1_a11_ayy_image0056,TestEasyDataset,Unseen,case74_2,case74,56,SUN-SEG-FinalData-v20251212/TestEasyDataset/Unseen/Frame/case74_2/case_M_20181227102913_0U62363122725013_1_004_001-1_a11_ayy_image0056.jpg,SUN-SEG-FinalData-v20251212/TestEasyDataset/Unseen/GT/case74_2/case_M_20181227102913_0U62363122725013_1_004_001-1_a11_ayy_image0056.png,475098,5656,SUNSEG_case74,case74,4,02d99fee7e6d84049c826367ceb7b7c320fedf0aa04b8a09e32428d5581d81fa,Easy-Unseen,SELECTED_PENDING_CONTAMINATION
testeasydataset/unseen/case74_1/case_m_20181227102913_0u62363122725013_1_004_001-1_a8_ayy_image0127,TestEasyDataset,Unseen,case74_1,case74,127,SUN-SEG-FinalData-v20251212/TestEasyDataset/Unseen/Frame/case74_1/case_M_20181227102913_0U62363122725013_1_004_001-1_a8_ayy_image0127.jpg,SUN-SEG-FinalData-v20251212/TestEasyDataset/Unseen/GT/case74_1/case_M_20181227102913_0U62363122725013_1_004_001-1_a8_ayy_image0127.png,438557,4906,SUNSEG_case74,case74,5,03494f6bf35d620d97b6fee15516a2e24ccf732ead2b299d3fb9f434bcb3a838,Easy-Unseen,SELECTED_PENDING_CONTAMINATION
testeasydataset/unseen/case74_2/case_m_20181227102913_0u62363122725013_1_004_001-1_a11_ayy_image0049,TestEasyDataset,Unseen,case74_2,case74,49,SUN-SEG-FinalData-v20251212/TestEasyDataset/Unseen/Frame/case74_2/case_M_20181227102913_0U62363122725013_1_004_001-1_a11_ayy_image0049.jpg,SUN-SEG-FinalData-v20251212/TestEasyDataset/Unseen/GT/case74_2/case_M_20181227102913_0U62363122725013_1_004_001-1_a11_ayy_image0049.png,387496,5556,SUNSEG_case74,case74,6,036d781bcbc863b84e4bd00d64f799e8f563fb8f517d4fd740ed4ef4d1ecf3be,Easy-Unseen,SELECTED_PENDING_CONTAMINATION
testeasydataset/unseen/case74_1/case_m_20181227102913_0u62363122725013_1_004_001-1_a8_ayy_image0145,TestEasyDataset,Unseen,case74_1,case74,145,SUN-SEG-FinalData-v20251212/TestEasyDataset/Unseen/Frame/case74_1/case_M_20181227102913_0U62363122725013_1_004_001-1_a8_ayy_image0145.jpg,SUN-SEG-FinalData-v20251212/TestEasyDataset/Unseen/GT/case74_1/case_M_20181227102913_0U62363122725013_1_004_001-1_a8_ayy_image0145.png,405760,4857,SUNSEG_case74,case74,7,04db46596bb73cd6ce40ea2686898c8f202ee1c08700396d644afe00aa0cb557,Easy-Unseen,SELECTED_PENDING_CONTAMINATION
testeasydataset/unseen/case74_1/case_m_20181227102913_0u62363122725013_1_004_001-1_a8_ayy_image0007,TestEasyDataset,Unseen,case74_1,case74,7,SUN-SEG-FinalData-v20251212/TestEasyDataset/Unseen/Frame/case74_1/case_M_20181227102913_0U62363122725013_1_004_001-1_a8_ayy_image0007.jpg,SUN-SEG-FinalData-v20251212/TestEasyDataset/Unseen/GT/case74_1/case_M_20181227102913_0U62363122725013_1_004_001-1_a8_ayy_image0007.png,557188,3994,SUNSEG_case74,case74,8,05d30c7a807532d51cd8cab1c19700781e185ca7705512869f664fc60422f2a2,Easy-Unseen,SELECTED_PENDING_CONTAMINATION
testeasydataset/unseen/case74_2/case_m_20181227102913_0u62363122725013_1_004_001-1_a11_ayy_image0096,TestEasyDataset,Unseen,case74_2,case74,96,SUN-SEG-FinalData-v20251212/TestEasyDataset/Unseen/Frame/case74_2/case_M_20181227102913_0U62363122725013_1_004_001-1_a11_ayy_image0096.jpg,SUN-SEG-FinalData-v20251212/TestEasyDataset/Unseen/GT/case74_2/case_M_20181227102913_0U62363122725013_1_004_001-1_a11_ayy_image0096.png,502526,6163,SUNSEG_case74,case74,9,05faf27f9bb42b21883149698b1558065b3fe3e8f4b49a66a40f327e64b0f267,Easy-Unseen,SELECTED_PENDING_CONTAMINATION
testeasydataset/unseen/case74_1/case_m_20181227102913_0u62363122725013_1_004_001-1_a8_ayy_image0150,TestEasyDataset,Unseen,case74_1,case74,150,SUN-SEG-FinalData-v20251212/TestEasyDataset/Unseen/Frame/case74_1/case_M_20181227102913_0U62363122725013_1_004_001-1_a8_ayy_image0150.jpg,SUN-SEG-FinalData-v20251212/TestEasyDataset/Unseen/GT/case74_1/case_M_20181227102913_0U62363122725013_1_004_001-1_a8_ayy_image0150.png,419432,4618,SUNSEG_case74,case74,10,062ab69630233471f78606f2fc7c0512521865f0d447df5326f412f60c771120,Easy-Unseen,SELECTED_PENDING_CONTAMINATION
testeasydataset/unseen/case74_2/case_m_20181227102913_0u62363122725013_1_004_001-1_a11_ayy_image0013,TestEasyDataset,Unseen,case74_2,case74,13,SUN-SEG-FinalData-v20251212/TestEasyDataset/Unseen/Frame/case74_2/case_M_20181227102913_0U62363122725013_1_004_001-1_a11_ayy_image0013.jpg,SUN-SEG-FinalData-v20251212/TestEasyDataset/Unseen/GT/case74_2/case_M_20181227102913_0U62363122725013_1_004_001-1_a11_ayy_image0013.png,404694,5121,SUNSEG_case74,case74,11,097a14a9f5150ae3426391024f6a1fa82bed35fd1ab9bba0f390a4be49c92a96,Easy-Unseen,SELECTED_PENDING_CONTAMINATION
testeasydataset/unseen/case74_1/case_m_20181227102913_0u62363122725013_1_004_001-1_a8_ayy_image0128,TestEasyDataset,Unseen,case74_1,case74,128,SUN-SEG-FinalData-v20251212/TestEasyDataset/Unseen/Frame/case74_1/case_M_20181227102913_0U62363122725013_1_004_001-1_a8_ayy_image0128.jpg,SUN-SEG-FinalData-v20251212/TestEasyDataset/Unseen/GT/case74_1/case_M_20181227102913_0U62363122725013_1_004_001-1_a8_ayy_image0128.png,557111,4900,SUNSEG_case74,case74,12,09ae54e11a6df099b956cb9dc6cb4800a358471c84c00122f98c2643412a1a01,Easy-Unseen,SELECTED_PENDING_CONTAMINATION
testeasydataset/unseen/case74_1/case_m_20181227102913_0u62363122725013_1_004_001-1_a8_ayy_image0090,TestEasyDataset,Unseen,case74_1,case74,90,SUN-SEG-FinalData-v20251212/TestEasyDataset/Unseen/Frame/case74_1/case_M_20181227102913_0U62363122725013_1_004_001-1_a8_ayy_image0090.jpg,SUN-SEG-FinalData-v20251212/TestEasyDataset/Unseen/GT/case74_1/case_M_20181227102913_0U62363122725013_1_004_001-1_a8_ayy_image0090.png,398252,5703,SUNSEG_case74,case74,13,0d9c47a132c3760267766241018b9de3f78c49d42ca109755b9392ae3f4000cb,Easy-Unseen,SELECTED_PENDING_CONTAMINATION
testeasydataset/unseen/case74_1/case_m_20181227102913_0u62363122725013_1_004_001-1_a8_ayy_image0147,TestEasyDataset,Unseen,case74_1,case74,147,SUN-SEG-FinalData-v20251212/TestEasyDataset/Unseen/Frame/case74_1/case_M_20181227102913_0U62363122725013_1_004_001-1_a8_ayy_image0147.jpg,SUN-SEG-FinalData-v20251212/TestEasyDataset/Unseen/GT/case74_1/case_M_20181227102913_0U62363122725013_1_004_001-1_a8_ayy_image0147.png,417153,4916,SUNSEG_case74,case74,14,0db2e3c22db5775578c2d9d4c990d82a5dadd878d47cc7d990caf0ab196f1781,Easy-Unseen,SELECTED_PENDING_CONTAMINATION
testeasydataset/unseen/case74_1/case_m_20181227102913_0u62363122725013_1_004_001-1_a8_ayy_image0088,TestEasyDataset,Unseen,case74_1,case74,88,SUN-SEG-FinalData-v20251212/TestEasyDataset/Unseen/Frame/case74_1/case_M_20181227102913_0U62363122725013_1_004_001-1_a8_ayy_image0088.jpg,SUN-SEG-FinalData-v20251212/TestEasyDataset/Unseen/GT/case74_1/case_M_20181227102913_0U62363122725013_1_004_001-1_a8_ayy_image0088.png,397909,5737,SUNSEG_case74,case74,15,0db5c6d3ef867f6463e0c3d290cdaffd5754a57a95919bb4e5305e4ab0a5c253,Easy-Unseen,SELECTED_PENDING_CONTAMINATION
testeasydataset/unseen/case74_2/case_m_20181227102913_0u62363122725013_1_004_001-1_a11_ayy_image0063,TestEasyDataset,Unseen,case74_2,case74,63,SUN-SEG-FinalData-v20251212/TestEasyDataset/Unseen/Frame/case74_2/case_M_20181227102913_0U62363122725013_1_004_001-1_a11_ayy_image0063.jpg,SUN-SEG-FinalData-v20251212/TestEasyDataset/Unseen/GT/case74_2/case_M_20181227102913_0U62363122725013_1_004_001-1_a11_ayy_image0063.png,511265,5668,SUNSEG_case74,case74,16,0e03cadafbe58f5353c7c5f1a3507ac218f8b53f3050a72566a07b07f7c9e747,Easy-Unseen,SELECTED_PENDING_CONTAMINATION
testeasydataset/unseen/case74_1/case_m_20181227102913_0u62363122725013_1_004_001-1_a8_ayy_image0083,TestEasyDataset,Unseen,case74_1,case74,83,SUN-SEG-FinalData-v20251212/TestEasyDataset/Unseen/Frame/case74_1/case_M_20181227102913_0U62363122725013_1_004_001-1_a8_ayy_image0083.jpg,SUN-SEG-FinalData-v20251212/TestEasyDataset/Unseen/GT/case74_1/case_M_20181227102913_0U62363122725013_1_004_001-1_a8_ayy_image0083.png,538504,5746,SUNSEG_case74,case74,17,0e7aaea8e8b72ab5c620ad5e410ab573fc0b3927f80b53b89c7ead72a2d305e6,Easy-Unseen,SELECTED_PENDING_CONTAMINATION
testeasydataset/unseen/case74_2/case_m_20181227102913_0u62363122725013_1_004_001-1_a11_ayy_image0042,TestEasyDataset,Unseen,case74_2,case74,42,SUN-SEG-FinalData-v20251212/TestEasyDataset/Unseen/Frame/case74_2/case_M_20181227102913_0U62363122725013_1_004_001-1_a11_ayy_image0042.jpg,SUN-SEG-FinalData-v20251212/TestEasyDataset/Unseen/GT/case74_2/case_M_20181227102913_0U62363122725013_1_004_001-1_a11_ayy_image0042.png,555833,5181,SUNSEG_case74,case74,18,0e856e3d549458fd4b79477daa802905fd800489fcdce15a72c67c58395a2fb5,Easy-Unseen,SELECTED_PENDING_CONTAMINATION
testeasydataset/unseen/case74_2/case_m_20181227102913_0u62363122725013_1_004_001-1_a11_ayy_image0023,TestEasyDataset,Unseen,case74_2,case74,23,SUN-SEG-FinalData-v20251212/TestEasyDataset/Unseen/Frame/case74_2/case_M_20181227102913_0U62363122725013_1_004_001-1_a11_ayy_image0023.jpg,SUN-SEG-FinalData-v20251212/TestEasyDataset/Unseen/GT/case74_2/case_M_20181227102913_0U62363122725013_1_004_001-1_a11_ayy_image0023.png,411860,5030,SUNSEG_case74,case74,19,0e85e061e512b94386e7afb8eb73de2c3cc6f38815361e2daa350c3afd52f7f9,Easy-Unseen,SELECTED_PENDING_CONTAMINATION
testeasydataset/unseen/case74_1/case_m_20181227102913_0u62363122725013_1_004_001-1_a8_ayy_image0148,TestEasyDataset,Unseen,case74_1,case74,148,SUN-SEG-FinalData-v20251212/TestEasyDataset/Unseen/Frame/case74_1/case_M_20181227102913_0U62363122725013_1_004_001-1_a8_ayy_image0148.jpg,SUN-SEG-FinalData-v20251212/TestEasyDataset/Unseen/GT/case74_1/case_M_20181227102913_0U62363122725013_1_004_001-1_a8_ayy_image0148.png,417772,4916,SUNSEG_case74,case74,20,0ee8f11042f0e312c1411539c78f6e6fa18aa02bb363a20c24b1437140fc48b2,Easy-Unseen,SELECTED_PENDING_CONTAMINATION
testeasydataset/unseen/case79/case_m_20190110094922_0u62372011079621_1_005_002-1_a1_ayy_image0047,TestEasyDataset,Unseen,case79,case79,47,SUN-SEG-FinalData-v20251212/TestEasyDataset/Unseen/Frame/case79/case_M_20190110094922_0U62372011079621_1_005_002-1_a1_ayy_image0047.jpg,SUN-SEG-FinalData-v20251212/TestEasyDataset/Unseen/GT/case79/case_M_20190110094922_0U62372011079621_1_005_002-1_a1_ayy_image0047.png,594060,3922,SUNSEG_case79,case79,1,01d7cd504e9eae11ede07b9b1aeb8cbad7bb5a37b9d4b6b7786246d386f0f2e7,Easy-Unseen,SELECTED_PENDING_CONTAMINATION
testeasydataset/unseen/case79/case_m_20190110094922_0u62372011079621_1_005_002-1_a2_ayy_image0010,TestEasyDataset,Unseen,case79,case79,10,SUN-SEG-FinalData-v20251212/TestEasyDataset/Unseen/Frame/case79/case_M_20190110094922_0U62372011079621_1_005_002-1_a2_ayy_image0010.jpg,SUN-SEG-FinalData-v20251212/TestEasyDataset/Unseen/GT/case79/case_M_20190110094922_0U62372011079621_1_005_002-1_a2_ayy_image0010.png,378390,4694,SUNSEG_case79,case79,2,02921d15224e7d0ae8cd1475020194c3fb74bf46978c5208b06579e29f64b0fc,Easy-Unseen,SELECTED_PENDING_CONTAMINATION
testeasydataset/unseen/case79/case_m_20190110094922_0u62372011079621_1_005_002-1_a1_ayy_image0030,TestEasyDataset,Unseen,case79,case79,30,SUN-SEG-FinalData-v20251212/TestEasyDataset/Unseen/Frame/case79/case_M_20190110094922_0U62372011079621_1_005_002-1_a1_ayy_image0030.jpg,SUN-SEG-FinalData-v20251212/TestEasyDataset/Unseen/GT/case79/case_M_20190110094922_0U62372011079621_1_005_002-1_a1_ayy_image0030.png,379910,4042,SUNSEG_case79,case79,3,0336e28cab0c96b1bd8b927c82afe4c0452c7207faf4d1cc9375c40581f7ea31,Easy-Unseen,SELECTED_PENDING_CONTAMINATION
testeasydataset/unseen/case79/case_m_20190110094922_0u62372011079621_1_005_002-1_a3_ayy_image0007,TestEasyDataset,Unseen,case79,case79,7,SUN-SEG-FinalData-v20251212/TestEasyDataset/Unseen/Frame/case79/case_M_20190110094922_0U62372011079621_1_005_002-1_a3_ayy_image0007.jpg,SUN-SEG-FinalData-v20251212/TestEasyDataset/Unseen/GT/case79/case_M_20190110094922_0U62372011079621_1_005_002-1_a3_ayy_image0007.png,335326,4859,SUNSEG_case79,case79,4,049641f22f88a5e430f435370400797f8d393e6c796f2b4df180af9613badd7a,Easy-Unseen,SELECTED_PENDING_CONTAMINATION
testeasydataset/unseen/case79/case_m_20190110094922_0u62372011079621_1_005_002-1_a1_ayy_image0043,TestEasyDataset,Unseen,case79,case79,43,SUN-SEG-FinalData-v20251212/TestEasyDataset/Unseen/Frame/case79/case_M_20190110094922_0U62372011079621_1_005_002-1_a1_ayy_image0043.jpg,SUN-SEG-FinalData-v20251212/TestEasyDataset/Unseen/GT/case79/case_M_20190110094922_0U62372011079621_1_005_002-1_a1_ayy_image0043.png,571753,3907,SUNSEG_case79,case79,5,0648fe85148cfb2ff3b665bba4137e242f1e8690bfa940fd6f74938a99aca6e5,Easy-Unseen,SELECTED_PENDING_CONTAMINATION
testeasydataset/unseen/case79/case_m_20190110094922_0u62372011079621_1_005_002-1_a1_ayy_image0037,TestEasyDataset,Unseen,case79,case79,37,SUN-SEG-FinalData-v20251212/TestEasyDataset/Unseen/Frame/case79/case_M_20190110094922_0U62372011079621_1_005_002-1_a1_ayy_image0037.jpg,SUN-SEG-FinalData-v20251212/TestEasyDataset/Unseen/GT/case79/case_M_20190110094922_0U62372011079621_1_005_002-1_a1_ayy_image0037.png,541698,3907,SUNSEG_case79,case79,6,06c5b5b768763cd43073b2d1c8348e987e82c0683550bd60d4b2e69fd4321c98,Easy-Unseen,SELECTED_PENDING_CONTAMINATION
testeasydataset/unseen/case79/case_m_20190110094922_0u62372011079621_1_005_002-1_a1_ayy_image0038,TestEasyDataset,Unseen,case79,case79,38,SUN-SEG-FinalData-v20251212/TestEasyDataset/Unseen/Frame/case79/case_M_20190110094922_0U62372011079621_1_005_002-1_a1_ayy_image0038.jpg,SUN-SEG-FinalData-v20251212/TestEasyDataset/Unseen/GT/case79/case_M_20190110094922_0U62372011079621_1_005_002-1_a1_ayy_image0038.png,545342,3907,SUNSEG_case79,case79,7,0c4e44748cb524dfd0d34acd293c7bac17e5f2e5ed89f915abe30104348ec248,Easy-Unseen,SELECTED_PENDING_CONTAMINATION
testeasydataset/unseen/case79/case_m_20190110094922_0u62372011079621_1_005_002-1_a1_ayy_image0015,TestEasyDataset,Unseen,case79,case79,15,SUN-SEG-FinalData-v20251212/TestEasyDataset/Unseen/Frame/case79/case_M_20190110094922_0U62372011079621_1_005_002-1_a1_ayy_image0015.jpg,SUN-SEG-FinalData-v20251212/TestEasyDataset/Unseen/GT/case79/case_M_20190110094922_0U62372011079621_1_005_002-1_a1_ayy_image0015.png,369076,3976,SUNSEG_case79,case79,8,0dc7bdd712cff90fbf7498adf60e4dfb62e3856cdc24a3c7b1901711b7c1dfb5,Easy-Unseen,SELECTED_PENDING_CONTAMINATION
testeasydataset/unseen/case79/case_m_20190110094922_0u62372011079621_1_005_002-1_a2_ayy_image0015,TestEasyDataset,Unseen,case79,case79,15,SUN-SEG-FinalData-v20251212/TestEasyDataset/Unseen/Frame/case79/case_M_20190110094922_0U62372011079621_1_005_002-1_a2_ayy_image0015.jpg,SUN-SEG-FinalData-v20251212/TestEasyDataset/Unseen/GT/case79/case_M_20190110094922_0U62372011079621_1_005_002-1_a2_ayy_image0015.png,411927,4727,SUNSEG_case79,case79,9,130ba0707eceaa8aaf147942f113745cb0981a4ba1034700f98e43f59d39f7c9,Easy-Unseen,SELECTED_PENDING_CONTAMINATION
testeasydataset/unseen/case79/case_m_20190110094922_0u62372011079621_1_005_002-1_a2_ayy_image0017,TestEasyDataset,Unseen,case79,case79,17,SUN-SEG-FinalData-v20251212/TestEasyDataset/Unseen/Frame/case79/case_M_20190110094922_0U62372011079621_1_005_002-1_a2_ayy_image0017.jpg,SUN-SEG-FinalData-v20251212/TestEasyDataset/Unseen/GT/case79/case_M_20190110094922_0U62372011079621_1_005_002-1_a2_ayy_image0017.png,448942,5035,SUNSEG_case79,case79,10,134c6c9d51265ad6a34f5b9b82510ada7c5d8f3ef42828f03940077b0af20ca1,Easy-Unseen,SELECTED_PENDING_CONTAMINATION
testeasydataset/unseen/case79/case_m_20190110094922_0u62372011079621_1_005_002-1_a2_ayy_image0007,TestEasyDataset,Unseen,case79,case79,7,SUN-SEG-FinalData-v20251212/TestEasyDataset/Unseen/Frame/case79/case_M_20190110094922_0U62372011079621_1_005_002-1_a2_ayy_image0007.jpg,SUN-SEG-FinalData-v20251212/TestEasyDataset/Unseen/GT/case79/case_M_20190110094922_0U62372011079621_1_005_002-1_a2_ayy_image0007.png,440019,4780,SUNSEG_case79,case79,11,14fce24f218dfdf831ced81d29da57a79520298e38ec903ca466523f5269b1d2,Easy-Unseen,SELECTED_PENDING_CONTAMINATION
testeasydataset/unseen/case79/case_m_20190110094922_0u62372011079621_1_005_002-1_a1_ayy_image0040,TestEasyDataset,Unseen,case79,case79,40,SUN-SEG-FinalData-v20251212/TestEasyDataset/Unseen/Frame/case79/case_M_20190110094922_0U62372011079621_1_005_002-1_a1_ayy_image0040.jpg,SUN-SEG-FinalData-v20251212/TestEasyDataset/Unseen/GT/case79/case_M_20190110094922_0U62372011079621_1_005_002-1_a1_ayy_image0040.png,556832,3907,SUNSEG_case79,case79,12,18e5108c7d55d1901be608783085c0d0737e5a3726d3b12c66ab7b797bc69629,Easy-Unseen,SELECTED_PENDING_CONTAMINATION
testeasydataset/unseen/case79/case_m_20190110094922_0u62372011079621_1_005_002-1_a1_ayy_image0016,TestEasyDataset,Unseen,case79,case79,16,SUN-SEG-FinalData-v20251212/TestEasyDataset/Unseen/Frame/case79/case_M_20190110094922_0U62372011079621_1_005_002-1_a1_ayy_image0016.jpg,SUN-SEG-FinalData-v20251212/TestEasyDataset/Unseen/GT/case79/case_M_20190110094922_0U62372011079621_1_005_002-1_a1_ayy_image0016.png,472231,4065,SUNSEG_case79,case79,13,2440136480391ae4dedf51845bdd694a1c80909fa4ffe9cf7235d9e6d1c4c68f,Easy-Unseen,SELECTED_PENDING_CONTAMINATION
testeasydataset/unseen/case79/case_m_20190110094922_0u62372011079621_1_005_002-1_a2_ayy_image0012,TestEasyDataset,Unseen,case79,case79,12,SUN-SEG-FinalData-v20251212/TestEasyDataset/Unseen/Frame/case79/case_M_20190110094922_0U62372011079621_1_005_002-1_a2_ayy_image0012.jpg,SUN-SEG-FinalData-v20251212/TestEasyDataset/Unseen/GT/case79/case_M_20190110094922_0U62372011079621_1_005_002-1_a2_ayy_image0012.png,422030,4697,SUNSEG_case79,case79,14,25452f5865be6e3dd036e01dbff54746ece92fa7968f00c984d6b37aaff13aa7,Easy-Unseen,SELECTED_PENDING_CONTAMINATION
testeasydataset/unseen/case79/case_m_20190110094922_0u62372011079621_1_005_002-1_a2_ayy_image0003,TestEasyDataset,Unseen,case79,case79,3,SUN-SEG-FinalData-v20251212/TestEasyDataset/Unseen/Frame/case79/case_M_20190110094922_0U62372011079621_1_005_002-1_a2_ayy_image0003.jpg,SUN-SEG-FinalData-v20251212/TestEasyDataset/Unseen/GT/case79/case_M_20190110094922_0U62372011079621_1_005_002-1_a2_ayy_image0003.png,393462,4476,SUNSEG_case79,case79,15,25f0088960186817f7ebe3e57726be46eda8fe4eba5d9efeb1b8cc2faa681759,Easy-Unseen,SELECTED_PENDING_CONTAMINATION
testeasydataset/unseen/case79/case_m_20190110094922_0u62372011079621_1_005_002-1_a1_ayy_image0021,TestEasyDataset,Unseen,case79,case79,21,SUN-SEG-FinalData-v20251212/TestEasyDataset/Unseen/Frame/case79/case_M_20190110094922_0U62372011079621_1_005_002-1_a1_ayy_image0021.jpg,SUN-SEG-FinalData-v20251212/TestEasyDataset/Unseen/GT/case79/case_M_20190110094922_0U62372011079621_1_005_002-1_a1_ayy_image0021.png,369554,3947,SUNSEG_case79,case79,16,2a611eba444e86ca8c62b24d05636a7ea7cce7ffc1e92b40288c78bad2df86c9,Easy-Unseen,SELECTED_PENDING_CONTAMINATION
testeasydataset/unseen/case79/case_m_20190110094922_0u62372011079621_1_005_002-1_a1_ayy_image0013,TestEasyDataset,Unseen,case79,case79,13,SUN-SEG-FinalData-v20251212/TestEasyDataset/Unseen/Frame/case79/case_M_20190110094922_0U62372011079621_1_005_002-1_a1_ayy_image0013.jpg,SUN-SEG-FinalData-v20251212/TestEasyDataset/Unseen/GT/case79/case_M_20190110094922_0U62372011079621_1_005_002-1_a1_ayy_image0013.png,488049,3976,SUNSEG_case79,case79,17,306290e7d25219146dfa4b0e31d50409dfbb0bd9917be9ac58016ebb6270a505,Easy-Unseen,SELECTED_PENDING_CONTAMINATION
testeasydataset/unseen/case79/case_m_20190110094922_0u62372011079621_1_005_002-1_a2_ayy_image0005,TestEasyDataset,Unseen,case79,case79,5,SUN-SEG-FinalData-v20251212/TestEasyDataset/Unseen/Frame/case79/case_M_20190110094922_0U62372011079621_1_005_002-1_a2_ayy_image0005.jpg,SUN-SEG-FinalData-v20251212/TestEasyDataset/Unseen/GT/case79/case_M_20190110094922_0U62372011079621_1_005_002-1_a2_ayy_image0005.png,451733,4844,SUNSEG_case79,case79,18,3301c89e90f539f5b88b11f9324447702c8f648dac432cc399c3ac7d11b5adcc,Easy-Unseen,SELECTED_PENDING_CONTAMINATION
testeasydataset/unseen/case79/case_m_20190110094922_0u62372011079621_1_005_002-1_a2_ayy_image0014,TestEasyDataset,Unseen,case79,case79,14,SUN-SEG-FinalData-v20251212/TestEasyDataset/Unseen/Frame/case79/case_M_20190110094922_0U62372011079621_1_005_002-1_a2_ayy_image0014.jpg,SUN-SEG-FinalData-v20251212/TestEasyDataset/Unseen/GT/case79/case_M_20190110094922_0U62372011079621_1_005_002-1_a2_ayy_image0014.png,453718,4727,SUNSEG_case79,case79,19,33ec3fc77083bd5e1f552cf72bb969a6585fb1543fffd4c6b5a679aadcc11786,Easy-Unseen,SELECTED_PENDING_CONTAMINATION
testeasydataset/unseen/case79/case_m_20190110094922_0u62372011079621_1_005_002-1_a2_ayy_image0022,TestEasyDataset,Unseen,case79,case79,22,SUN-SEG-FinalData-v20251212/TestEasyDataset/Unseen/Frame/case79/case_M_20190110094922_0U62372011079621_1_005_002-1_a2_ayy_image0022.jpg,SUN-SEG-FinalData-v20251212/TestEasyDataset/Unseen/GT/case79/case_M_20190110094922_0U62372011079621_1_005_002-1_a2_ayy_image0022.png,392121,5356,SUNSEG_case79,case79,20,3858bdf5492846f4501888f6757326cd57672abbe192f0a4163b5934b005c946,Easy-Unseen,SELECTED_PENDING_CONTAMINATION
testeasydataset/unseen/case8_1/case_m_20181019122218_0u62368101948418_1_002_001-1_a1_ayy_image0030,TestEasyDataset,Unseen,case8_1,case8,30,SUN-SEG-FinalData-v20251212/TestEasyDataset/Unseen/Frame/case8_1/case_M_20181019122218_0U62368101948418_1_002_001-1_a1_ayy_image0030.jpg,SUN-SEG-FinalData-v20251212/TestEasyDataset/Unseen/GT/case8_1/case_M_20181019122218_0U62368101948418_1_002_001-1_a1_ayy_image0030.png,448893,5168,SUNSEG_case8,case8,1,04c5552673a3635c1348cbb53048016a7c7f6c7bca48094292f133a71b2ae1da,Easy-Unseen,SELECTED_PENDING_CONTAMINATION
testeasydataset/unseen/case8_2/case_m_20181019122218_0u62368101948418_1_002_001-1_a4_ayy_image0074,TestEasyDataset,Unseen,case8_2,case8,74,SUN-SEG-FinalData-v20251212/TestEasyDataset/Unseen/Frame/case8_2/case_M_20181019122218_0U62368101948418_1_002_001-1_a4_ayy_image0074.jpg,SUN-SEG-FinalData-v20251212/TestEasyDataset/Unseen/GT/case8_2/case_M_20181019122218_0U62368101948418_1_002_001-1_a4_ayy_image0074.png,308305,5829,SUNSEG_case8,case8,2,050dcaa874d8565bb6bd5839eb6033f2e542fafd2b63c0773a9b890ecf022e97,Easy-Unseen,SELECTED_PENDING_CONTAMINATION
testeasydataset/unseen/case8_1/case_m_20181019122218_0u62368101948418_1_002_001-1_a1_ayy_image0003,TestEasyDataset,Unseen,case8_1,case8,3,SUN-SEG-FinalData-v20251212/TestEasyDataset/Unseen/Frame/case8_1/case_M_20181019122218_0U62368101948418_1_002_001-1_a1_ayy_image0003.jpg,SUN-SEG-FinalData-v20251212/TestEasyDataset/Unseen/GT/case8_1/case_M_20181019122218_0U62368101948418_1_002_001-1_a1_ayy_image0003.png,426111,4330,SUNSEG_case8,case8,3,07405cdaca99c5845cc38584f8fab3d1076c09e2b069d887bbbfa64cdaddd610,Easy-Unseen,SELECTED_PENDING_CONTAMINATION
testeasydataset/unseen/case8_1/case_m_20181019122218_0u62368101948418_1_002_001-1_a2_ayy_image0006,TestEasyDataset,Unseen,case8_1,case8,6,SUN-SEG-FinalData-v20251212/TestEasyDataset/Unseen/Frame/case8_1/case_M_20181019122218_0U62368101948418_1_002_001-1_a2_ayy_image0006.jpg,SUN-SEG-FinalData-v20251212/TestEasyDataset/Unseen/GT/case8_1/case_M_20181019122218_0U62368101948418_1_002_001-1_a2_ayy_image0006.png,267810,3485,SUNSEG_case8,case8,4,084b33695703ea739ed9286cb47fd2cf0b4f9caff468f0304356de68522026f4,Easy-Unseen,SELECTED_PENDING_CONTAMINATION
testeasydataset/unseen/case8_1/case_m_20181019122218_0u62368101948418_1_002_001-1_a1_ayy_image0052,TestEasyDataset,Unseen,case8_1,case8,52,SUN-SEG-FinalData-v20251212/TestEasyDataset/Unseen/Frame/case8_1/case_M_20181019122218_0U62368101948418_1_002_001-1_a1_ayy_image0052.jpg,SUN-SEG-FinalData-v20251212/TestEasyDataset/Unseen/GT/case8_1/case_M_20181019122218_0U62368101948418_1_002_001-1_a1_ayy_image0052.png,465687,4993,SUNSEG_case8,case8,5,08ca35de2dbbd492f283bd94e285b08662a16dc0f121af73e6e29069216ed24b,Easy-Unseen,SELECTED_PENDING_CONTAMINATION
testeasydataset/unseen/case8_1/case_m_20181019122218_0u62368101948418_1_002_001-1_a2_ayy_image0020,TestEasyDataset,Unseen,case8_1,case8,20,SUN-SEG-FinalData-v20251212/TestEasyDataset/Unseen/Frame/case8_1/case_M_20181019122218_0U62368101948418_1_002_001-1_a2_ayy_image0020.jpg,SUN-SEG-FinalData-v20251212/TestEasyDataset/Unseen/GT/case8_1/case_M_20181019122218_0U62368101948418_1_002_001-1_a2_ayy_image0020.png,379377,4651,SUNSEG_case8,case8,6,0924f4f74b7fbfddec683d5369b0206f3717a90e2ce8c063e42ed94f7a2cd890,Easy-Unseen,SELECTED_PENDING_CONTAMINATION
testeasydataset/unseen/case8_1/case_m_20181019122218_0u62368101948418_1_002_001-1_a1_ayy_image0006,TestEasyDataset,Unseen,case8_1,case8,6,SUN-SEG-FinalData-v20251212/TestEasyDataset/Unseen/Frame/case8_1/case_M_20181019122218_0U62368101948418_1_002_001-1_a1_ayy_image0006.jpg,SUN-SEG-FinalData-v20251212/TestEasyDataset/Unseen/GT/case8_1/case_M_20181019122218_0U62368101948418_1_002_001-1_a1_ayy_image0006.png,424916,4250,SUNSEG_case8,case8,7,09a169949c7f8fbdecb08e82a5eb90186e5b39fdeb71b9f123ce3007e0ad8611,Easy-Unseen,SELECTED_PENDING_CONTAMINATION
testeasydataset/unseen/case8_2/case_m_20181019122218_0u62368101948418_1_002_001-1_a4_ayy_image0040,TestEasyDataset,Unseen,case8_2,case8,40,SUN-SEG-FinalData-v20251212/TestEasyDataset/Unseen/Frame/case8_2/case_M_20181019122218_0U62368101948418_1_002_001-1_a4_ayy_image0040.jpg,SUN-SEG-FinalData-v20251212/TestEasyDataset/Unseen/GT/case8_2/case_M_20181019122218_0U62368101948418_1_002_001-1_a4_ayy_image0040.png,419131,5602,SUNSEG_case8,case8,8,0a538d4598c1b07f2bd64ce8998424a5249acb55e7bafcf55aaea16326c655e4,Easy-Unseen,SELECTED_PENDING_CONTAMINATION
testeasydataset/unseen/case8_2/case_m_20181019122218_0u62368101948418_1_002_001-1_a4_ayy_image0006,TestEasyDataset,Unseen,case8_2,case8,6,SUN-SEG-FinalData-v20251212/TestEasyDataset/Unseen/Frame/case8_2/case_M_20181019122218_0U62368101948418_1_002_001-1_a4_ayy_image0006.jpg,SUN-SEG-FinalData-v20251212/TestEasyDataset/Unseen/GT/case8_2/case_M_20181019122218_0U62368101948418_1_002_001-1_a4_ayy_image0006.png,263398,6180,SUNSEG_case8,case8,9,0ac16008c93b854c50d38fe7d4da67fcb6be8bd890f238f83cbabb12754c2977,Easy-Unseen,SELECTED_PENDING_CONTAMINATION
testeasydataset/unseen/case8_1/case_m_20181019122218_0u62368101948418_1_002_001-1_a1_ayy_image0055,TestEasyDataset,Unseen,case8_1,case8,55,SUN-SEG-FinalData-v20251212/TestEasyDataset/Unseen/Frame/case8_1/case_M_20181019122218_0U62368101948418_1_002_001-1_a1_ayy_image0055.jpg,SUN-SEG-FinalData-v20251212/TestEasyDataset/Unseen/GT/case8_1/case_M_20181019122218_0U62368101948418_1_002_001-1_a1_ayy_image0055.png,479925,4993,SUNSEG_case8,case8,10,0b1ad00562f847ceb709744170efdf681555b63bc4cae82494d80c776b97979a,Easy-Unseen,SELECTED_PENDING_CONTAMINATION
testeasydataset/unseen/case8_2/case_m_20181019122218_0u62368101948418_1_002_001-1_a4_ayy_image0067,TestEasyDataset,Unseen,case8_2,case8,67,SUN-SEG-FinalData-v20251212/TestEasyDataset/Unseen/Frame/case8_2/case_M_20181019122218_0U62368101948418_1_002_001-1_a4_ayy_image0067.jpg,SUN-SEG-FinalData-v20251212/TestEasyDataset/Unseen/GT/case8_2/case_M_20181019122218_0U62368101948418_1_002_001-1_a4_ayy_image0067.png,465114,5809,SUNSEG_case8,case8,11,0b38f464fcdbe7ad5b231bbd3f7d5d0c9eea19936d8615091fe0dd65137e7d6f,Easy-Unseen,SELECTED_PENDING_CONTAMINATION
testeasydataset/unseen/case8_1/case_m_20181019122218_0u62368101948418_1_002_001-1_a1_ayy_image0036,TestEasyDataset,Unseen,case8_1,case8,36,SUN-SEG-FinalData-v20251212/TestEasyDataset/Unseen/Frame/case8_1/case_M_20181019122218_0U62368101948418_1_002_001-1_a1_ayy_image0036.jpg,SUN-SEG-FinalData-v20251212/TestEasyDataset/Unseen/GT/case8_1/case_M_20181019122218_0U62368101948418_1_002_001-1_a1_ayy_image0036.png,419530,5041,SUNSEG_case8,case8,12,0b7656331e76efb31b88a3f215e9a65c5b3d4fcc4e08c2d61c41e369b191c2c5,Easy-Unseen,SELECTED_PENDING_CONTAMINATION
testeasydataset/unseen/case8_1/case_m_20181019122218_0u62368101948418_1_002_001-1_a3_ayy_image0002,TestEasyDataset,Unseen,case8_1,case8,2,SUN-SEG-FinalData-v20251212/TestEasyDataset/Unseen/Frame/case8_1/case_M_20181019122218_0U62368101948418_1_002_001-1_a3_ayy_image0002.jpg,SUN-SEG-FinalData-v20251212/TestEasyDataset/Unseen/GT/case8_1/case_M_20181019122218_0U62368101948418_1_002_001-1_a3_ayy_image0002.png,317723,5527,SUNSEG_case8,case8,13,0b9402a9437270d33664d3940ba670d1df568e63c933e9a53de9125f9715f29a,Easy-Unseen,SELECTED_PENDING_CONTAMINATION
testeasydataset/unseen/case8_1/case_m_20181019122218_0u62368101948418_1_002_001-1_a2_ayy_image0011,TestEasyDataset,Unseen,case8_1,case8,11,SUN-SEG-FinalData-v20251212/TestEasyDataset/Unseen/Frame/case8_1/case_M_20181019122218_0U62368101948418_1_002_001-1_a2_ayy_image0011.jpg,SUN-SEG-FinalData-v20251212/TestEasyDataset/Unseen/GT/case8_1/case_M_20181019122218_0U62368101948418_1_002_001-1_a2_ayy_image0011.png,384556,3970,SUNSEG_case8,case8,14,0be9159973075833d0d94172f30c77a6ff0b29152ad978bd5dedca2fedff8d97,Easy-Unseen,SELECTED_PENDING_CONTAMINATION
testeasydataset/unseen/case8_2/case_m_20181019122218_0u62368101948418_1_002_001-1_a4_ayy_image0008,TestEasyDataset,Unseen,case8_2,case8,8,SUN-SEG-FinalData-v20251212/TestEasyDataset/Unseen/Frame/case8_2/case_M_20181019122218_0U62368101948418_1_002_001-1_a4_ayy_image0008.jpg,SUN-SEG-FinalData-v20251212/TestEasyDataset/Unseen/GT/case8_2/case_M_20181019122218_0U62368101948418_1_002_001-1_a4_ayy_image0008.png,302925,5573,SUNSEG_case8,case8,15,0c0d8e9c8ec0e913732abbad3292549614cc2d1ae7cbac13dced11e00313413b,Easy-Unseen,SELECTED_PENDING_CONTAMINATION
testeasydataset/unseen/case8_2/case_m_20181019122218_0u62368101948418_1_002_001-1_a4_ayy_image0063,TestEasyDataset,Unseen,case8_2,case8,63,SUN-SEG-FinalData-v20251212/TestEasyDataset/Unseen/Frame/case8_2/case_M_20181019122218_0U62368101948418_1_002_001-1_a4_ayy_image0063.jpg,SUN-SEG-FinalData-v20251212/TestEasyDataset/Unseen/GT/case8_2/case_M_20181019122218_0U62368101948418_1_002_001-1_a4_ayy_image0063.png,456636,5810,SUNSEG_case8,case8,16,0cf75dd1fa6beffae193b6fefde854502c40017ecc728811d49fc8fcbe29415b,Easy-Unseen,SELECTED_PENDING_CONTAMINATION
testeasydataset/unseen/case8_1/case_m_20181019122218_0u62368101948418_1_002_001-1_a2_ayy_image0005,TestEasyDataset,Unseen,case8_1,case8,5,SUN-SEG-FinalData-v20251212/TestEasyDataset/Unseen/Frame/case8_1/case_M_20181019122218_0U62368101948418_1_002_001-1_a2_ayy_image0005.jpg,SUN-SEG-FinalData-v20251212/TestEasyDataset/Unseen/GT/case8_1/case_M_20181019122218_0U62368101948418_1_002_001-1_a2_ayy_image0005.png,378741,3500,SUNSEG_case8,case8,17,0d3c7d5761579d27039c917d538f130c50cff431dd4baad796693ce95697c8e0,Easy-Unseen,SELECTED_PENDING_CONTAMINATION
testeasydataset/unseen/case8_2/case_m_20181019122218_0u62368101948418_1_002_001-1_a4_ayy_image0014,TestEasyDataset,Unseen,case8_2,case8,14,SUN-SEG-FinalData-v20251212/TestEasyDataset/Unseen/Frame/case8_2/case_M_20181019122218_0U62368101948418_1_002_001-1_a4_ayy_image0014.jpg,SUN-SEG-FinalData-v20251212/TestEasyDataset/Unseen/GT/case8_2/case_M_20181019122218_0U62368101948418_1_002_001-1_a4_ayy_image0014.png,274725,5591,SUNSEG_case8,case8,18,0de2f0b307f873ecc0f2eba7fe147e279d18d62609727e0c29664b37a0abf9ba,Easy-Unseen,SELECTED_PENDING_CONTAMINATION
testeasydataset/unseen/case8_1/case_m_20181019122218_0u62368101948418_1_002_001-1_a1_ayy_image0043,TestEasyDataset,Unseen,case8_1,case8,43,SUN-SEG-FinalData-v20251212/TestEasyDataset/Unseen/Frame/case8_1/case_M_20181019122218_0U62368101948418_1_002_001-1_a1_ayy_image0043.jpg,SUN-SEG-FinalData-v20251212/TestEasyDataset/Unseen/GT/case8_1/case_M_20181019122218_0U62368101948418_1_002_001-1_a1_ayy_image0043.png,447602,4993,SUNSEG_case8,case8,19,0e7cc2e8d7418794da52d43275f8b56b559a8197d3744a199f1359fe88fb5fa1,Easy-Unseen,SELECTED_PENDING_CONTAMINATION
testeasydataset/unseen/case8_1/case_m_20181019122218_0u62368101948418_1_002_001-1_a1_ayy_image0026,TestEasyDataset,Unseen,case8_1,case8,26,SUN-SEG-FinalData-v20251212/TestEasyDataset/Unseen/Frame/case8_1/case_M_20181019122218_0U62368101948418_1_002_001-1_a1_ayy_image0026.jpg,SUN-SEG-FinalData-v20251212/TestEasyDataset/Unseen/GT/case8_1/case_M_20181019122218_0U62368101948418_1_002_001-1_a1_ayy_image0026.png,317599,4607,SUNSEG_case8,case8,20,0f5f3cd7417b4775d88596ac27fdc996958e48b49ef767e53d8783ccdf518ed7,Easy-Unseen,SELECTED_PENDING_CONTAMINATION
testeasydataset/unseen/case80_2/case_m_20190109095638_0u62372010945338_1_003_001-1_a23_ayy_image0115,TestEasyDataset,Unseen,case80_2,case80,115,SUN-SEG-FinalData-v20251212/TestEasyDataset/Unseen/Frame/case80_2/case_M_20190109095638_0U62372010945338_1_003_001-1_a23_ayy_image0115.jpg,SUN-SEG-FinalData-v20251212/TestEasyDataset/Unseen/GT/case80_2/case_M_20190109095638_0U62372010945338_1_003_001-1_a23_ayy_image0115.png,564898,5026,SUNSEG_case80,case80,1,006d83ca9fc6d559a5ce0311f0bbe5b37edc9a0f1621f37349349abfa8025ebf,Easy-Unseen,SELECTED_PENDING_CONTAMINATION
testeasydataset/unseen/case80_4/case_m_20190109095638_0u62372010945338_1_003_001-1_a23_ayy_image0369,TestEasyDataset,Unseen,case80_4,case80,369,SUN-SEG-FinalData-v20251212/TestEasyDataset/Unseen/Frame/case80_4/case_M_20190109095638_0U62372010945338_1_003_001-1_a23_ayy_image0369.jpg,SUN-SEG-FinalData-v20251212/TestEasyDataset/Unseen/GT/case80_4/case_M_20190109095638_0U62372010945338_1_003_001-1_a23_ayy_image0369.png,475016,5150,SUNSEG_case80,case80,2,007c402ff514ac4198a91e754a9ee359cf5f6377645a292117bd7406bb2ed9bf,Easy-Unseen,SELECTED_PENDING_CONTAMINATION
testeasydataset/unseen/case80_7/case_m_20190109095638_0u62372010945338_1_003_001-1_a24_ayy_image0212,TestEasyDataset,Unseen,case80_7,case80,212,SUN-SEG-FinalData-v20251212/TestEasyDataset/Unseen/Frame/case80_7/case_M_20190109095638_0U62372010945338_1_003_001-1_a24_ayy_image0212.jpg,SUN-SEG-FinalData-v20251212/TestEasyDataset/Unseen/GT/case80_7/case_M_20190109095638_0U62372010945338_1_003_001-1_a24_ayy_image0212.png,501008,4765,SUNSEG_case80,case80,3,0088e191e344bc25cbb06e08d4af35fec2ce2ebc712b5bb9535faf9656741880,Easy-Unseen,SELECTED_PENDING_CONTAMINATION
testeasydataset/unseen/case80_2/case_m_20190109095638_0u62372010945338_1_003_001-1_a23_ayy_image0089,TestEasyDataset,Unseen,case80_2,case80,89,SUN-SEG-FinalData-v20251212/TestEasyDataset/Unseen/Frame/case80_2/case_M_20190109095638_0U62372010945338_1_003_001-1_a23_ayy_image0089.jpg,SUN-SEG-FinalData-v20251212/TestEasyDataset/Unseen/GT/case80_2/case_M_20190109095638_0U62372010945338_1_003_001-1_a23_ayy_image0089.png,500360,5008,SUNSEG_case80,case80,4,00b3bb817611af1ef3c507ec9c5b572da8022b78a4a8d211a01571538d8d7573,Easy-Unseen,SELECTED_PENDING_CONTAMINATION
testeasydataset/unseen/case80_3/case_m_20190109095638_0u62372010945338_1_003_001-1_a23_ayy_image0212,TestEasyDataset,Unseen,case80_3,case80,212,SUN-SEG-FinalData-v20251212/TestEasyDataset/Unseen/Frame/case80_3/case_M_20190109095638_0U62372010945338_1_003_001-1_a23_ayy_image0212.jpg,SUN-SEG-FinalData-v20251212/TestEasyDataset/Unseen/GT/case80_3/case_M_20190109095638_0U62372010945338_1_003_001-1_a23_ayy_image0212.png,460675,4984,SUNSEG_case80,case80,5,00bd0906516be5b53fa6430966246a92a0add203327143b78ce541e726aad2b3,Easy-Unseen,SELECTED_PENDING_CONTAMINATION
testeasydataset/unseen/case80_6/case_m_20190109095638_0u62372010945338_1_003_001-1_a24_ayy_image0112,TestEasyDataset,Unseen,case80_6,case80,112,SUN-SEG-FinalData-v20251212/TestEasyDataset/Unseen/Frame/case80_6/case_M_20190109095638_0U62372010945338_1_003_001-1_a24_ayy_image0112.jpg,SUN-SEG-FinalData-v20251212/TestEasyDataset/Unseen/GT/case80_6/case_M_20190109095638_0U62372010945338_1_003_001-1_a24_ayy_image0112.png,497880,5427,SUNSEG_case80,case80,6,00efee663dabbae30a0b57d9f2b6fb62f8f5a3f143665a9a114885022ef9db95,Easy-Unseen,SELECTED_PENDING_CONTAMINATION
testeasydataset/unseen/case80_8/case_m_20190109095638_0u62372010945338_1_003_001-1_a24_ayy_image0427,TestEasyDataset,Unseen,case80_8,case80,427,SUN-SEG-FinalData-v20251212/TestEasyDataset/Unseen/Frame/case80_8/case_M_20190109095638_0U62372010945338_1_003_001-1_a24_ayy_image0427.jpg,SUN-SEG-FinalData-v20251212/TestEasyDataset/Unseen/GT/case80_8/case_M_20190109095638_0U62372010945338_1_003_001-1_a24_ayy_image0427.png,594884,4778,SUNSEG_case80,case80,7,00f22516830703cdbea3ecbfa026f92ba19523f0e81f8a6369596771ea3c7d3c,Easy-Unseen,SELECTED_PENDING_CONTAMINATION
testeasydataset/unseen/case80_4/case_m_20190109095638_0u62372010945338_1_003_001-1_a23_ayy_image0396,TestEasyDataset,Unseen,case80_4,case80,396,SUN-SEG-FinalData-v20251212/TestEasyDataset/Unseen/Frame/case80_4/case_M_20190109095638_0U62372010945338_1_003_001-1_a23_ayy_image0396.jpg,SUN-SEG-FinalData-v20251212/TestEasyDataset/Unseen/GT/case80_4/case_M_20190109095638_0U62372010945338_1_003_001-1_a23_ayy_image0396.png,374202,5344,SUNSEG_case80,case80,8,0138a0a29bd370427f0093a20ca1b34deb7442ab9ab91e9cdeba355168c26f1d,Easy-Unseen,SELECTED_PENDING_CONTAMINATION
testeasydataset/unseen/case80_1/case_m_20190109095638_0u62372010945338_1_003_001-1_a22_ayy_image0028,TestEasyDataset,Unseen,case80_1,case80,28,SUN-SEG-FinalData-v20251212/TestEasyDataset/Unseen/Frame/case80_1/case_M_20190109095638_0U62372010945338_1_003_001-1_a22_ayy_image0028.jpg,SUN-SEG-FinalData-v20251212/TestEasyDataset/Unseen/GT/case80_1/case_M_20190109095638_0U62372010945338_1_003_001-1_a22_ayy_image0028.png,470279,4312,SUNSEG_case80,case80,9,0151da17db54a4a58190f394148c4ee97f90ba93fe52c69f78af8408a2d43d80,Easy-Unseen,SELECTED_PENDING_CONTAMINATION
testeasydataset/unseen/case80_4/case_m_20190109095638_0u62372010945338_1_003_001-1_a23_ayy_image0431,TestEasyDataset,Unseen,case80_4,case80,431,SUN-SEG-FinalData-v20251212/TestEasyDataset/Unseen/Frame/case80_4/case_M_20190109095638_0U62372010945338_1_003_001-1_a23_ayy_image0431.jpg,SUN-SEG-FinalData-v20251212/TestEasyDataset/Unseen/GT/case80_4/case_M_20190109095638_0U62372010945338_1_003_001-1_a23_ayy_image0431.png,584843,4946,SUNSEG_case80,case80,10,016c1696879e10cec0d1b20e4793a6526c8fb85f9daf57d5c3340055b31ecfbb,Easy-Unseen,SELECTED_PENDING_CONTAMINATION
testeasydataset/unseen/case80_1/case_m_20190109095638_0u62372010945338_1_003_001-1_a22_ayy_image0010,TestEasyDataset,Unseen,case80_1,case80,10,SUN-SEG-FinalData-v20251212/TestEasyDataset/Unseen/Frame/case80_1/case_M_20190109095638_0U62372010945338_1_003_001-1_a22_ayy_image0010.jpg,SUN-SEG-FinalData-v20251212/TestEasyDataset/Unseen/GT/case80_1/case_M_20190109095638_0U62372010945338_1_003_001-1_a22_ayy_image0010.png,380050,4506,SUNSEG_case80,case80,11,01891b4fbe6ef9fab99fc1451f60c1b4cc9e6fbe2b1f934c04e52b23415f59d3,Easy-Unseen,SELECTED_PENDING_CONTAMINATION
testeasydataset/unseen/case80_2/case_m_20190109095638_0u62372010945338_1_003_001-1_a23_ayy_image0085,TestEasyDataset,Unseen,case80_2,case80,85,SUN-SEG-FinalData-v20251212/TestEasyDataset/Unseen/Frame/case80_2/case_M_20190109095638_0U62372010945338_1_003_001-1_a23_ayy_image0085.jpg,SUN-SEG-FinalData-v20251212/TestEasyDataset/Unseen/GT/case80_2/case_M_20190109095638_0U62372010945338_1_003_001-1_a23_ayy_image0085.png,564519,5031,SUNSEG_case80,case80,12,01934868651cc6c98214ac2cdfc6206279079dded83e305d0befcf6f9073e7ee,Easy-Unseen,SELECTED_PENDING_CONTAMINATION
testeasydataset/unseen/case80_5/case_m_20190109095638_0u62372010945338_1_003_001-1_a23_ayy_image0587,TestEasyDataset,Unseen,case80_5,case80,587,SUN-SEG-FinalData-v20251212/TestEasyDataset/Unseen/Frame/case80_5/case_M_20190109095638_0U62372010945338_1_003_001-1_a23_ayy_image0587.jpg,SUN-SEG-FinalData-v20251212/TestEasyDataset/Unseen/GT/case80_5/case_M_20190109095638_0U62372010945338_1_003_001-1_a23_ayy_image0587.png,562207,5472,SUNSEG_case80,case80,13,023d783a4b6597caec66dd4202e191de5f89a23701e1d5a6bf766d9d65fb515a,Easy-Unseen,SELECTED_PENDING_CONTAMINATION
testeasydataset/unseen/case80_1/case_m_20190109095638_0u62372010945338_1_003_001-1_a22_ayy_image0115,TestEasyDataset,Unseen,case80_1,case80,115,SUN-SEG-FinalData-v20251212/TestEasyDataset/Unseen/Frame/case80_1/case_M_20190109095638_0U62372010945338_1_003_001-1_a22_ayy_image0115.jpg,SUN-SEG-FinalData-v20251212/TestEasyDataset/Unseen/GT/case80_1/case_M_20190109095638_0U62372010945338_1_003_001-1_a22_ayy_image0115.png,354845,4962,SUNSEG_case80,case80,14,02441c38e63723bca56fcccefe517e193ca2050d66ba98dbf3d06b4ae50b7bab,Easy-Unseen,SELECTED_PENDING_CONTAMINATION
testeasydataset/unseen/case80_8/case_m_20190109095638_0u62372010945338_1_003_001-1_a24_ayy_image0334,TestEasyDataset,Unseen,case80_8,case80,334,SUN-SEG-FinalData-v20251212/TestEasyDataset/Unseen/Frame/case80_8/case_M_20190109095638_0U62372010945338_1_003_001-1_a24_ayy_image0334.jpg,SUN-SEG-FinalData-v20251212/TestEasyDataset/Unseen/GT/case80_8/case_M_20190109095638_0U62372010945338_1_003_001-1_a24_ayy_image0334.png,526136,4713,SUNSEG_case80,case80,15,026fa3effe20c0fa2c48f7281239da832a069b7fe5542c80fe9125a80388e32c,Easy-Unseen,SELECTED_PENDING_CONTAMINATION
testeasydataset/unseen/case80_6/case_m_20190109095638_0u62372010945338_1_003_001-1_a24_ayy_image0146,TestEasyDataset,Unseen,case80_6,case80,146,SUN-SEG-FinalData-v20251212/TestEasyDataset/Unseen/Frame/case80_6/case_M_20190109095638_0U62372010945338_1_003_001-1_a24_ayy_image0146.jpg,SUN-SEG-FinalData-v20251212/TestEasyDataset/Unseen/GT/case80_6/case_M_20190109095638_0U62372010945338_1_003_001-1_a24_ayy_image0146.png,527642,5283,SUNSEG_case80,case80,16,02ba46c76303d23c6f8f96aef5a7f5627820035ee87dca166516f64b8de0ce32,Easy-Unseen,SELECTED_PENDING_CONTAMINATION
testeasydataset/unseen/case80_6/case_m_20190109095638_0u62372010945338_1_003_001-1_a24_ayy_image0030,TestEasyDataset,Unseen,case80_6,case80,30,SUN-SEG-FinalData-v20251212/TestEasyDataset/Unseen/Frame/case80_6/case_M_20190109095638_0U62372010945338_1_003_001-1_a24_ayy_image0030.jpg,SUN-SEG-FinalData-v20251212/TestEasyDataset/Unseen/GT/case80_6/case_M_20190109095638_0U62372010945338_1_003_001-1_a24_ayy_image0030.png,613440,4912,SUNSEG_case80,case80,17,02df59d03e6bed400e6741660c6c9ebdc3eab44f6eeed420aed25bd9caa0028d,Easy-Unseen,SELECTED_PENDING_CONTAMINATION
testeasydataset/unseen/case80_2/case_m_20190109095638_0u62372010945338_1_003_001-1_a23_ayy_image0027,TestEasyDataset,Unseen,case80_2,case80,27,SUN-SEG-FinalData-v20251212/TestEasyDataset/Unseen/Frame/case80_2/case_M_20190109095638_0U62372010945338_1_003_001-1_a23_ayy_image0027.jpg,SUN-SEG-FinalData-v20251212/TestEasyDataset/Unseen/GT/case80_2/case_M_20190109095638_0U62372010945338_1_003_001-1_a23_ayy_image0027.png,355974,4418,SUNSEG_case80,case80,18,030f7a51c168330dfa5b75f920cd1385fe8d571b465cc63fb44924bf9391b99f,Easy-Unseen,SELECTED_PENDING_CONTAMINATION
testeasydataset/unseen/case80_4/case_m_20190109095638_0u62372010945338_1_003_001-1_a23_ayy_image0401,TestEasyDataset,Unseen,case80_4,case80,401,SUN-SEG-FinalData-v20251212/TestEasyDataset/Unseen/Frame/case80_4/case_M_20190109095638_0U62372010945338_1_003_001-1_a23_ayy_image0401.jpg,SUN-SEG-FinalData-v20251212/TestEasyDataset/Unseen/GT/case80_4/case_M_20190109095638_0U62372010945338_1_003_001-1_a23_ayy_image0401.png,557240,5323,SUNSEG_case80,case80,19,0317a84cb5075aa2a6e436d7bbba44273087bd14777e79a87f96467a00d0ffb8,Easy-Unseen,SELECTED_PENDING_CONTAMINATION
testeasydataset/unseen/case80_8/case_m_20190109095638_0u62372010945338_1_003_001-1_a24_ayy_image0398,TestEasyDataset,Unseen,case80_8,case80,398,SUN-SEG-FinalData-v20251212/TestEasyDataset/Unseen/Frame/case80_8/case_M_20190109095638_0U62372010945338_1_003_001-1_a24_ayy_image0398.jpg,SUN-SEG-FinalData-v20251212/TestEasyDataset/Unseen/GT/case80_8/case_M_20190109095638_0U62372010945338_1_003_001-1_a24_ayy_image0398.png,498113,4846,SUNSEG_case80,case80,20,03286fdf7a38c01dd37de67a0069bd2e9dedc39eb3ae97e6b1465e65b44556a3,Easy-Unseen,SELECTED_PENDING_CONTAMINATION
testeasydataset/unseen/case81_1/case_m_20190109095638_0u62372010945338_1_003_002-1_a2_ayy_image0079,TestEasyDataset,Unseen,case81_1,case81,79,SUN-SEG-FinalData-v20251212/TestEasyDataset/Unseen/Frame/case81_1/case_M_20190109095638_0U62372010945338_1_003_002-1_a2_ayy_image0079.jpg,SUN-SEG-FinalData-v20251212/TestEasyDataset/Unseen/GT/case81_1/case_M_20190109095638_0U62372010945338_1_003_002-1_a2_ayy_image0079.png,508559,5137,SUNSEG_case81,case81,1,0026cfa265aa702ce81af42fff035b73b94186cd14f626b04230bfa09bb4cfd3,Easy-Unseen,SELECTED_PENDING_CONTAMINATION
testeasydataset/unseen/case81_1/case_m_20190109095638_0u62372010945338_1_003_002-1_a1_ayy_image0007,TestEasyDataset,Unseen,case81_1,case81,7,SUN-SEG-FinalData-v20251212/TestEasyDataset/Unseen/Frame/case81_1/case_M_20190109095638_0U62372010945338_1_003_002-1_a1_ayy_image0007.jpg,SUN-SEG-FinalData-v20251212/TestEasyDataset/Unseen/GT/case81_1/case_M_20190109095638_0U62372010945338_1_003_002-1_a1_ayy_image0007.png,523977,3947,SUNSEG_case81,case81,2,004a6b09bf397b843ad5b7d7347cf045de988a62ccbe5959a171a826ec8065de,Easy-Unseen,SELECTED_PENDING_CONTAMINATION
testeasydataset/unseen/case81_1/case_m_20190109095638_0u62372010945338_1_003_002-1_a2_ayy_image0131,TestEasyDataset,Unseen,case81_1,case81,131,SUN-SEG-FinalData-v20251212/TestEasyDataset/Unseen/Frame/case81_1/case_M_20190109095638_0U62372010945338_1_003_002-1_a2_ayy_image0131.jpg,SUN-SEG-FinalData-v20251212/TestEasyDataset/Unseen/GT/case81_1/case_M_20190109095638_0U62372010945338_1_003_002-1_a2_ayy_image0131.png,485043,4892,SUNSEG_case81,case81,3,00fa18b1e3c1ca76462b17a64a05111eb75fc13552cfd40105dc0c6ad2e08411,Easy-Unseen,SELECTED_PENDING_CONTAMINATION
testeasydataset/unseen/case81_1/case_m_20190109095638_0u62372010945338_1_003_002-1_a2_ayy_image0010,TestEasyDataset,Unseen,case81_1,case81,10,SUN-SEG-FinalData-v20251212/TestEasyDataset/Unseen/Frame/case81_1/case_M_20190109095638_0U62372010945338_1_003_002-1_a2_ayy_image0010.jpg,SUN-SEG-FinalData-v20251212/TestEasyDataset/Unseen/GT/case81_1/case_M_20190109095638_0U62372010945338_1_003_002-1_a2_ayy_image0010.png,497325,5623,SUNSEG_case81,case81,4,0247665ceee1cdd01a8cf09f08585ad9fe309b217fc2d73ba71e6d0a3a4e9e29,Easy-Unseen,SELECTED_PENDING_CONTAMINATION
testharddataset/unseen/case81_2/case_m_20190109095638_0u62372010945338_1_003_001-1_a30_ayy_image0081,TestHardDataset,Unseen,case81_2,case81,81,SUN-SEG-FinalData-v20251212/TestHardDataset/Unseen/Frame/case81_2/case_M_20190109095638_0U62372010945338_1_003_001-1_a30_ayy_image0081.jpg,SUN-SEG-FinalData-v20251212/TestHardDataset/Unseen/GT/case81_2/case_M_20190109095638_0U62372010945338_1_003_001-1_a30_ayy_image0081.png,471777,5661,SUNSEG_case81,case81,5,02789aa0685852138fc64cd8bb8d28d846d5bd46b1b250db9d992cf121596572,Hard-Unseen,SELECTED_PENDING_CONTAMINATION
testeasydataset/unseen/case81_1/case_m_20190109095638_0u62372010945338_1_003_002-1_a2_ayy_image0042,TestEasyDataset,Unseen,case81_1,case81,42,SUN-SEG-FinalData-v20251212/TestEasyDataset/Unseen/Frame/case81_1/case_M_20190109095638_0U62372010945338_1_003_002-1_a2_ayy_image0042.jpg,SUN-SEG-FinalData-v20251212/TestEasyDataset/Unseen/GT/case81_1/case_M_20190109095638_0U62372010945338_1_003_002-1_a2_ayy_image0042.png,352778,5356,SUNSEG_case81,case81,6,02998a619fc95e1aa70784b7e3ed90a0628f2e5595165ff2c27533ccde5d9c36,Easy-Unseen,SELECTED_PENDING_CONTAMINATION
testharddataset/unseen/case81_2/case_m_20190109095638_0u62372010945338_1_003_001-1_a28_ayy_image0039,TestHardDataset,Unseen,case81_2,case81,39,SUN-SEG-FinalData-v20251212/TestHardDataset/Unseen/Frame/case81_2/case_M_20190109095638_0U62372010945338_1_003_001-1_a28_ayy_image0039.jpg,SUN-SEG-FinalData-v20251212/TestHardDataset/Unseen/GT/case81_2/case_M_20190109095638_0U62372010945338_1_003_001-1_a28_ayy_image0039.png,342650,4942,SUNSEG_case81,case81,7,02d1ae249812a13cf5b5a673b8bc32ebf4ab11627e87ca3c0837155b18ad5328,Hard-Unseen,SELECTED_PENDING_CONTAMINATION
testharddataset/unseen/case81_2/case_m_20190109095638_0u62372010945338_1_003_001-1_a28_ayy_image0016,TestHardDataset,Unseen,case81_2,case81,16,SUN-SEG-FinalData-v20251212/TestHardDataset/Unseen/Frame/case81_2/case_M_20190109095638_0U62372010945338_1_003_001-1_a28_ayy_image0016.jpg,SUN-SEG-FinalData-v20251212/TestHardDataset/Unseen/GT/case81_2/case_M_20190109095638_0U62372010945338_1_003_001-1_a28_ayy_image0016.png,491154,5060,SUNSEG_case81,case81,8,0369989004b9f5576c99e91a64750444fd67936adaa85ba453a25ef722032196,Hard-Unseen,SELECTED_PENDING_CONTAMINATION
testharddataset/unseen/case81_2/case_m_20190109095638_0u62372010945338_1_003_001-1_a30_ayy_image0022,TestHardDataset,Unseen,case81_2,case81,22,SUN-SEG-FinalData-v20251212/TestHardDataset/Unseen/Frame/case81_2/case_M_20190109095638_0U62372010945338_1_003_001-1_a30_ayy_image0022.jpg,SUN-SEG-FinalData-v20251212/TestHardDataset/Unseen/GT/case81_2/case_M_20190109095638_0U62372010945338_1_003_001-1_a30_ayy_image0022.png,342197,4890,SUNSEG_case81,case81,9,04189f141bab81a2ace4c63ed50a03c1187d69d48cf87382cdfce7e0efeeb02d,Hard-Unseen,SELECTED_PENDING_CONTAMINATION
testharddataset/unseen/case81_2/case_m_20190109095638_0u62372010945338_1_003_001-1_a28_ayy_image0027,TestHardDataset,Unseen,case81_2,case81,27,SUN-SEG-FinalData-v20251212/TestHardDataset/Unseen/Frame/case81_2/case_M_20190109095638_0U62372010945338_1_003_001-1_a28_ayy_image0027.jpg,SUN-SEG-FinalData-v20251212/TestHardDataset/Unseen/GT/case81_2/case_M_20190109095638_0U62372010945338_1_003_001-1_a28_ayy_image0027.png,440053,5072,SUNSEG_case81,case81,10,045ef9538d8a66d9031fa0a2edf06b03f8347039eb84aa4389cb20e7ed29099e,Hard-Unseen,SELECTED_PENDING_CONTAMINATION
testharddataset/unseen/case81_2/case_m_20190109095638_0u62372010945338_1_003_001-1_a28_ayy_image0134,TestHardDataset,Unseen,case81_2,case81,134,SUN-SEG-FinalData-v20251212/TestHardDataset/Unseen/Frame/case81_2/case_M_20190109095638_0U62372010945338_1_003_001-1_a28_ayy_image0134.jpg,SUN-SEG-FinalData-v20251212/TestHardDataset/Unseen/GT/case81_2/case_M_20190109095638_0U62372010945338_1_003_001-1_a28_ayy_image0134.png,523014,4715,SUNSEG_case81,case81,11,05c40d201b3b0c0cd909952387bb0bf64a889a18cda1455e0433b1ab89939978,Hard-Unseen,SELECTED_PENDING_CONTAMINATION
testeasydataset/unseen/case81_1/case_m_20190109095638_0u62372010945338_1_003_002-1_a2_ayy_image0099,TestEasyDataset,Unseen,case81_1,case81,99,SUN-SEG-FinalData-v20251212/TestEasyDataset/Unseen/Frame/case81_1/case_M_20190109095638_0U62372010945338_1_003_002-1_a2_ayy_image0099.jpg,SUN-SEG-FinalData-v20251212/TestEasyDataset/Unseen/GT/case81_1/case_M_20190109095638_0U62372010945338_1_003_002-1_a2_ayy_image0099.png,368132,5107,SUNSEG_case81,case81,12,05c8dc361cbda7006c9c0cc600f7c7bfe63026c04dc9bf42299e1f66fa50b472,Easy-Unseen,SELECTED_PENDING_CONTAMINATION
testharddataset/unseen/case81_2/case_m_20190109095638_0u62372010945338_1_003_001-1_a28_ayy_image0046,TestHardDataset,Unseen,case81_2,case81,46,SUN-SEG-FinalData-v20251212/TestHardDataset/Unseen/Frame/case81_2/case_M_20190109095638_0U62372010945338_1_003_001-1_a28_ayy_image0046.jpg,SUN-SEG-FinalData-v20251212/TestHardDataset/Unseen/GT/case81_2/case_M_20190109095638_0U62372010945338_1_003_001-1_a28_ayy_image0046.png,503224,4946,SUNSEG_case81,case81,13,0777b122b61f28ddf5c15b2cc2a907364df7613002b9d054c798c87bd011bb56,Hard-Unseen,SELECTED_PENDING_CONTAMINATION
testharddataset/unseen/case81_2/case_m_20190109095638_0u62372010945338_1_003_001-1_a29_ayy_image0003,TestHardDataset,Unseen,case81_2,case81,3,SUN-SEG-FinalData-v20251212/TestHardDataset/Unseen/Frame/case81_2/case_M_20190109095638_0U62372010945338_1_003_001-1_a29_ayy_image0003.jpg,SUN-SEG-FinalData-v20251212/TestHardDataset/Unseen/GT/case81_2/case_M_20190109095638_0U62372010945338_1_003_001-1_a29_ayy_image0003.png,485583,4452,SUNSEG_case81,case81,14,0876eed60755e071b18f3d06f0771c6a805c2af40d094e9fa19a268ee3a8d136,Hard-Unseen,SELECTED_PENDING_CONTAMINATION
testharddataset/unseen/case81_2/case_m_20190109095638_0u62372010945338_1_003_001-1_a30_ayy_image0043,TestHardDataset,Unseen,case81_2,case81,43,SUN-SEG-FinalData-v20251212/TestHardDataset/Unseen/Frame/case81_2/case_M_20190109095638_0U62372010945338_1_003_001-1_a30_ayy_image0043.jpg,SUN-SEG-FinalData-v20251212/TestHardDataset/Unseen/GT/case81_2/case_M_20190109095638_0U62372010945338_1_003_001-1_a30_ayy_image0043.png,595360,4891,SUNSEG_case81,case81,15,08c4b8d596672c67048700469020c7867862dc3443846e17e42a21d1fdb21b89,Hard-Unseen,SELECTED_PENDING_CONTAMINATION
testharddataset/unseen/case81_2/case_m_20190109095638_0u62372010945338_1_003_001-1_a30_ayy_image0085,TestHardDataset,Unseen,case81_2,case81,85,SUN-SEG-FinalData-v20251212/TestHardDataset/Unseen/Frame/case81_2/case_M_20190109095638_0U62372010945338_1_003_001-1_a30_ayy_image0085.jpg,SUN-SEG-FinalData-v20251212/TestHardDataset/Unseen/GT/case81_2/case_M_20190109095638_0U62372010945338_1_003_001-1_a30_ayy_image0085.png,360085,5679,SUNSEG_case81,case81,16,0969854f4b01c1c060583140d8875f768aab6a862b74b5d04d0ccfe02e6b670f,Hard-Unseen,SELECTED_PENDING_CONTAMINATION
testharddataset/unseen/case81_2/case_m_20190109095638_0u62372010945338_1_003_001-1_a30_ayy_image0002,TestHardDataset,Unseen,case81_2,case81,2,SUN-SEG-FinalData-v20251212/TestHardDataset/Unseen/Frame/case81_2/case_M_20190109095638_0U62372010945338_1_003_001-1_a30_ayy_image0002.jpg,SUN-SEG-FinalData-v20251212/TestHardDataset/Unseen/GT/case81_2/case_M_20190109095638_0U62372010945338_1_003_001-1_a30_ayy_image0002.png,518343,4916,SUNSEG_case81,case81,17,0a422a382001f5bc3427e7e35c14ec20cc3c106b8ea32586db2af89341aa2350,Hard-Unseen,SELECTED_PENDING_CONTAMINATION
testharddataset/unseen/case81_2/case_m_20190109095638_0u62372010945338_1_003_001-1_a28_ayy_image0090,TestHardDataset,Unseen,case81_2,case81,90,SUN-SEG-FinalData-v20251212/TestHardDataset/Unseen/Frame/case81_2/case_M_20190109095638_0U62372010945338_1_003_001-1_a28_ayy_image0090.jpg,SUN-SEG-FinalData-v20251212/TestHardDataset/Unseen/GT/case81_2/case_M_20190109095638_0U62372010945338_1_003_001-1_a28_ayy_image0090.png,368763,4817,SUNSEG_case81,case81,18,0aa991148e828a0e12285aefb139959c371233e0bcd2d98501b837a09c28fa92,Hard-Unseen,SELECTED_PENDING_CONTAMINATION
testharddataset/unseen/case81_2/case_m_20190109095638_0u62372010945338_1_003_001-1_a28_ayy_image0146,TestHardDataset,Unseen,case81_2,case81,146,SUN-SEG-FinalData-v20251212/TestHardDataset/Unseen/Frame/case81_2/case_M_20190109095638_0U62372010945338_1_003_001-1_a28_ayy_image0146.jpg,SUN-SEG-FinalData-v20251212/TestHardDataset/Unseen/GT/case81_2/case_M_20190109095638_0U62372010945338_1_003_001-1_a28_ayy_image0146.png,437319,4789,SUNSEG_case81,case81,19,0b0da209c283f1a739a8b7a220840c3a49ec3caa562aa94cb8ff8d18a97f95a0,Hard-Unseen,SELECTED_PENDING_CONTAMINATION
testharddataset/unseen/case81_2/case_m_20190109095638_0u62372010945338_1_003_001-1_a28_ayy_image0087,TestHardDataset,Unseen,case81_2,case81,87,SUN-SEG-FinalData-v20251212/TestHardDataset/Unseen/Frame/case81_2/case_M_20190109095638_0U62372010945338_1_003_001-1_a28_ayy_image0087.jpg,SUN-SEG-FinalData-v20251212/TestHardDataset/Unseen/GT/case81_2/case_M_20190109095638_0U62372010945338_1_003_001-1_a28_ayy_image0087.png,459049,4797,SUNSEG_case81,case81,20,0bb0185fb4db1dfc1beffd40e60d0327c91897b9e3db385211a3791111c4d5ba,Hard-Unseen,SELECTED_PENDING_CONTAMINATION
testharddataset/unseen/case84/case_m_20190116093042_0u62372011685941_1_001_001-1_a4_ayy_image0001,TestHardDataset,Unseen,case84,case84,1,SUN-SEG-FinalData-v20251212/TestHardDataset/Unseen/Frame/case84/case_M_20190116093042_0U62372011685941_1_001_001-1_a4_ayy_image0001.jpg,SUN-SEG-FinalData-v20251212/TestHardDataset/Unseen/GT/case84/case_M_20190116093042_0U62372011685941_1_001_001-1_a4_ayy_image0001.png,362326,4406,SUNSEG_case84,case84,1,00d531554925057771e13c376e5c683f3199d3449a6e22fbab444fe6e22bba15,Hard-Unseen,SELECTED_PENDING_CONTAMINATION
testharddataset/unseen/case84/case_m_20190116093042_0u62372011685941_1_001_001-1_a5_ayy_image0048,TestHardDataset,Unseen,case84,case84,48,SUN-SEG-FinalData-v20251212/TestHardDataset/Unseen/Frame/case84/case_M_20190116093042_0U62372011685941_1_001_001-1_a5_ayy_image0048.jpg,SUN-SEG-FinalData-v20251212/TestHardDataset/Unseen/GT/case84/case_M_20190116093042_0U62372011685941_1_001_001-1_a5_ayy_image0048.png,650555,4008,SUNSEG_case84,case84,2,00f17604a2cfd66ecfe05602c355f55943331f1d1046ad17bd6382ec1ad9b17d,Hard-Unseen,SELECTED_PENDING_CONTAMINATION
testharddataset/unseen/case84/case_m_20190116093042_0u62372011685941_1_001_001-1_a5_ayy_image0034,TestHardDataset,Unseen,case84,case84,34,SUN-SEG-FinalData-v20251212/TestHardDataset/Unseen/Frame/case84/case_M_20190116093042_0U62372011685941_1_001_001-1_a5_ayy_image0034.jpg,SUN-SEG-FinalData-v20251212/TestHardDataset/Unseen/GT/case84/case_M_20190116093042_0U62372011685941_1_001_001-1_a5_ayy_image0034.png,658500,4003,SUNSEG_case84,case84,3,05a305552f21d1a935ee061f82a3018b65b9dbbccada79e0e9658420700b8b04,Hard-Unseen,SELECTED_PENDING_CONTAMINATION
testharddataset/unseen/case84/case_m_20190116093042_0u62372011685941_1_001_001-1_a1_ayy_image0002,TestHardDataset,Unseen,case84,case84,2,SUN-SEG-FinalData-v20251212/TestHardDataset/Unseen/Frame/case84/case_M_20190116093042_0U62372011685941_1_001_001-1_a1_ayy_image0002.jpg,SUN-SEG-FinalData-v20251212/TestHardDataset/Unseen/GT/case84/case_M_20190116093042_0U62372011685941_1_001_001-1_a1_ayy_image0002.png,491654,4498,SUNSEG_case84,case84,4,0816fc6033a77a80723585264fe5bde473c302bb6af01c08001880dcd324de20,Hard-Unseen,SELECTED_PENDING_CONTAMINATION
testharddataset/unseen/case84/case_m_20190116093042_0u62372011685941_1_001_001-1_a2_ayy_image0009,TestHardDataset,Unseen,case84,case84,9,SUN-SEG-FinalData-v20251212/TestHardDataset/Unseen/Frame/case84/case_M_20190116093042_0U62372011685941_1_001_001-1_a2_ayy_image0009.jpg,SUN-SEG-FinalData-v20251212/TestHardDataset/Unseen/GT/case84/case_M_20190116093042_0U62372011685941_1_001_001-1_a2_ayy_image0009.png,477277,3910,SUNSEG_case84,case84,5,08664730279282e0a595ca1c0021d4974ae7166f3b98d5f0052c8d58c93b0e3c,Hard-Unseen,SELECTED_PENDING_CONTAMINATION
testharddataset/unseen/case84/case_m_20190116093042_0u62372011685941_1_001_001-1_a1_ayy_image0001,TestHardDataset,Unseen,case84,case84,1,SUN-SEG-FinalData-v20251212/TestHardDataset/Unseen/Frame/case84/case_M_20190116093042_0U62372011685941_1_001_001-1_a1_ayy_image0001.jpg,SUN-SEG-FinalData-v20251212/TestHardDataset/Unseen/GT/case84/case_M_20190116093042_0U62372011685941_1_001_001-1_a1_ayy_image0001.png,390276,4995,SUNSEG_case84,case84,6,09b20165390f9dab78b3bd7300fec80560a04ea63dcd7cb6535e62ab5d091654,Hard-Unseen,SELECTED_PENDING_CONTAMINATION
testharddataset/unseen/case84/case_m_20190116093042_0u62372011685941_1_001_001-1_a5_ayy_image0022,TestHardDataset,Unseen,case84,case84,22,SUN-SEG-FinalData-v20251212/TestHardDataset/Unseen/Frame/case84/case_M_20190116093042_0U62372011685941_1_001_001-1_a5_ayy_image0022.jpg,SUN-SEG-FinalData-v20251212/TestHardDataset/Unseen/GT/case84/case_M_20190116093042_0U62372011685941_1_001_001-1_a5_ayy_image0022.png,595981,4003,SUNSEG_case84,case84,7,09c16eb7ea60837c27d91116792749990aabe8b2ea00a620e75af5a2203ad56d,Hard-Unseen,SELECTED_PENDING_CONTAMINATION
testharddataset/unseen/case84/case_m_20190116093042_0u62372011685941_1_001_001-1_a5_ayy_image0009,TestHardDataset,Unseen,case84,case84,9,SUN-SEG-FinalData-v20251212/TestHardDataset/Unseen/Frame/case84/case_M_20190116093042_0U62372011685941_1_001_001-1_a5_ayy_image0009.jpg,SUN-SEG-FinalData-v20251212/TestHardDataset/Unseen/GT/case84/case_M_20190116093042_0U62372011685941_1_001_001-1_a5_ayy_image0009.png,421546,4016,SUNSEG_case84,case84,8,0c2f2a24f3b109c27abaa80355df481a9da81364210e5b796cfb8b5858c25653,Hard-Unseen,SELECTED_PENDING_CONTAMINATION
testharddataset/unseen/case84/case_m_20190116093042_0u62372011685941_1_001_001-1_a3_ayy_image0005,TestHardDataset,Unseen,case84,case84,5,SUN-SEG-FinalData-v20251212/TestHardDataset/Unseen/Frame/case84/case_M_20190116093042_0U62372011685941_1_001_001-1_a3_ayy_image0005.jpg,SUN-SEG-FinalData-v20251212/TestHardDataset/Unseen/GT/case84/case_M_20190116093042_0U62372011685941_1_001_001-1_a3_ayy_image0005.png,374872,4668,SUNSEG_case84,case84,9,0d45ac1d668ea55b440cfadec9722600c85aced10d808d7e11d9401dfb8b45a1,Hard-Unseen,SELECTED_PENDING_CONTAMINATION
testharddataset/unseen/case84/case_m_20190116093042_0u62372011685941_1_001_001-1_a5_ayy_image0026,TestHardDataset,Unseen,case84,case84,26,SUN-SEG-FinalData-v20251212/TestHardDataset/Unseen/Frame/case84/case_M_20190116093042_0U62372011685941_1_001_001-1_a5_ayy_image0026.jpg,SUN-SEG-FinalData-v20251212/TestHardDataset/Unseen/GT/case84/case_M_20190116093042_0U62372011685941_1_001_001-1_a5_ayy_image0026.png,607638,4003,SUNSEG_case84,case84,10,0eb3b383461bcfe037bb4d004cd8ae69c90424e34cf172b0f40ca8bf586626bf,Hard-Unseen,SELECTED_PENDING_CONTAMINATION
testharddataset/unseen/case84/case_m_20190116093042_0u62372011685941_1_001_001-1_a5_ayy_image0011,TestHardDataset,Unseen,case84,case84,11,SUN-SEG-FinalData-v20251212/TestHardDataset/Unseen/Frame/case84/case_M_20190116093042_0U62372011685941_1_001_001-1_a5_ayy_image0011.jpg,SUN-SEG-FinalData-v20251212/TestHardDataset/Unseen/GT/case84/case_M_20190116093042_0U62372011685941_1_001_001-1_a5_ayy_image0011.png,556705,4016,SUNSEG_case84,case84,11,0f2648be4e9c27a5f9b8b0bd41bb679e871c3f180b84950c80fa1db5d977a6c3,Hard-Unseen,SELECTED_PENDING_CONTAMINATION
testharddataset/unseen/case84/case_m_20190116093042_0u62372011685941_1_001_001-1_a5_ayy_image0027,TestHardDataset,Unseen,case84,case84,27,SUN-SEG-FinalData-v20251212/TestHardDataset/Unseen/Frame/case84/case_M_20190116093042_0U62372011685941_1_001_001-1_a5_ayy_image0027.jpg,SUN-SEG-FinalData-v20251212/TestHardDataset/Unseen/GT/case84/case_M_20190116093042_0U62372011685941_1_001_001-1_a5_ayy_image0027.png,620442,4003,SUNSEG_case84,case84,12,0f2f6e96209108f0f578ca6f81ef50a8471153d9f1e47fa2d8ffd53542712add,Hard-Unseen,SELECTED_PENDING_CONTAMINATION
testharddataset/unseen/case84/case_m_20190116093042_0u62372011685941_1_001_001-1_a3_ayy_image0004,TestHardDataset,Unseen,case84,case84,4,SUN-SEG-FinalData-v20251212/TestHardDataset/Unseen/Frame/case84/case_M_20190116093042_0U62372011685941_1_001_001-1_a3_ayy_image0004.jpg,SUN-SEG-FinalData-v20251212/TestHardDataset/Unseen/GT/case84/case_M_20190116093042_0U62372011685941_1_001_001-1_a3_ayy_image0004.png,521862,4833,SUNSEG_case84,case84,13,1042fe30616840a411c973a89a76617d1a1a092629b731ca43c210062e5d6e10,Hard-Unseen,SELECTED_PENDING_CONTAMINATION
testharddataset/unseen/case84/case_m_20190116093042_0u62372011685941_1_001_001-1_a3_ayy_image0101,TestHardDataset,Unseen,case84,case84,101,SUN-SEG-FinalData-v20251212/TestHardDataset/Unseen/Frame/case84/case_M_20190116093042_0U62372011685941_1_001_001-1_a3_ayy_image0101.jpg,SUN-SEG-FinalData-v20251212/TestHardDataset/Unseen/GT/case84/case_M_20190116093042_0U62372011685941_1_001_001-1_a3_ayy_image0101.png,378500,4727,SUNSEG_case84,case84,14,1067fcbc3d94774df205d4f6b9712dafa7bdfbceb5c229fe3e7e25ad914563dc,Hard-Unseen,SELECTED_PENDING_CONTAMINATION
testharddataset/unseen/case84/case_m_20190116093042_0u62372011685941_1_001_001-1_a3_ayy_image0075,TestHardDataset,Unseen,case84,case84,75,SUN-SEG-FinalData-v20251212/TestHardDataset/Unseen/Frame/case84/case_M_20190116093042_0U62372011685941_1_001_001-1_a3_ayy_image0075.jpg,SUN-SEG-FinalData-v20251212/TestHardDataset/Unseen/GT/case84/case_M_20190116093042_0U62372011685941_1_001_001-1_a3_ayy_image0075.png,478101,5025,SUNSEG_case84,case84,15,11154b1f9b46ec640d0d89d02e4a696e732937c04a73aeaf1280bdfd1107696a,Hard-Unseen,SELECTED_PENDING_CONTAMINATION
testharddataset/unseen/case84/case_m_20190116093042_0u62372011685941_1_001_001-1_a3_ayy_image0009,TestHardDataset,Unseen,case84,case84,9,SUN-SEG-FinalData-v20251212/TestHardDataset/Unseen/Frame/case84/case_M_20190116093042_0U62372011685941_1_001_001-1_a3_ayy_image0009.jpg,SUN-SEG-FinalData-v20251212/TestHardDataset/Unseen/GT/case84/case_M_20190116093042_0U62372011685941_1_001_001-1_a3_ayy_image0009.png,397007,4516,SUNSEG_case84,case84,16,1329115d60a9299a04c62b20c5fc3990eae7aff2786b06a923cd2c143ea00e37,Hard-Unseen,SELECTED_PENDING_CONTAMINATION
testharddataset/unseen/case84/case_m_20190116093042_0u62372011685941_1_001_001-1_a3_ayy_image0085,TestHardDataset,Unseen,case84,case84,85,SUN-SEG-FinalData-v20251212/TestHardDataset/Unseen/Frame/case84/case_M_20190116093042_0U62372011685941_1_001_001-1_a3_ayy_image0085.jpg,SUN-SEG-FinalData-v20251212/TestHardDataset/Unseen/GT/case84/case_M_20190116093042_0U62372011685941_1_001_001-1_a3_ayy_image0085.png,515291,4970,SUNSEG_case84,case84,17,1365490c21a8e129455df276f4d5a81aa5e4e6448fc22714cf1825315681d3b1,Hard-Unseen,SELECTED_PENDING_CONTAMINATION
testharddataset/unseen/case84/case_m_20190116093042_0u62372011685941_1_001_001-1_a3_ayy_image0113,TestHardDataset,Unseen,case84,case84,113,SUN-SEG-FinalData-v20251212/TestHardDataset/Unseen/Frame/case84/case_M_20190116093042_0U62372011685941_1_001_001-1_a3_ayy_image0113.jpg,SUN-SEG-FinalData-v20251212/TestHardDataset/Unseen/GT/case84/case_M_20190116093042_0U62372011685941_1_001_001-1_a3_ayy_image0113.png,387166,4631,SUNSEG_case84,case84,18,13789cf982b37c347b2dca3a8ebaf6fa17cab47d2c77cc30e14f2a589e6f1e7a,Hard-Unseen,SELECTED_PENDING_CONTAMINATION
testharddataset/unseen/case84/case_m_20190116093042_0u62372011685941_1_001_001-1_a1_ayy_image0005,TestHardDataset,Unseen,case84,case84,5,SUN-SEG-FinalData-v20251212/TestHardDataset/Unseen/Frame/case84/case_M_20190116093042_0U62372011685941_1_001_001-1_a1_ayy_image0005.jpg,SUN-SEG-FinalData-v20251212/TestHardDataset/Unseen/GT/case84/case_M_20190116093042_0U62372011685941_1_001_001-1_a1_ayy_image0005.png,501511,4078,SUNSEG_case84,case84,19,170f0bdac84c0cf2aee7fb930852abf2f28842175d130f0e85e95af101e702d4,Hard-Unseen,SELECTED_PENDING_CONTAMINATION
testharddataset/unseen/case84/case_m_20190116093042_0u62372011685941_1_001_001-1_a3_ayy_image0038,TestHardDataset,Unseen,case84,case84,38,SUN-SEG-FinalData-v20251212/TestHardDataset/Unseen/Frame/case84/case_M_20190116093042_0U62372011685941_1_001_001-1_a3_ayy_image0038.jpg,SUN-SEG-FinalData-v20251212/TestHardDataset/Unseen/GT/case84/case_M_20190116093042_0U62372011685941_1_001_001-1_a3_ayy_image0038.png,371448,4988,SUNSEG_case84,case84,20,1d0f08c65eb0cd1930a88b126feddc2e3c8ed7d4c79ab48f5b3e0fc89cc2e0a0,Hard-Unseen,SELECTED_PENDING_CONTAMINATION
testeasydataset/unseen/case86_2/case_m_20190116094421_0u62363011675020_1_002_001-1_a2_ayy_image0144,TestEasyDataset,Unseen,case86_2,case86,144,SUN-SEG-FinalData-v20251212/TestEasyDataset/Unseen/Frame/case86_2/case_M_20190116094421_0U62363011675020_1_002_001-1_a2_ayy_image0144.jpg,SUN-SEG-FinalData-v20251212/TestEasyDataset/Unseen/GT/case86_2/case_M_20190116094421_0U62363011675020_1_002_001-1_a2_ayy_image0144.png,590832,5199,SUNSEG_case86,case86,1,00340f22212e7acb194dd58190d5b47373d1e1bf292c56deb1df01bf9fc1440b,Easy-Unseen,SELECTED_PENDING_CONTAMINATION
testeasydataset/unseen/case86_1/case_m_20190116094421_0u62363011675020_1_002_001-1_a2_ayy_image0028,TestEasyDataset,Unseen,case86_1,case86,28,SUN-SEG-FinalData-v20251212/TestEasyDataset/Unseen/Frame/case86_1/case_M_20190116094421_0U62363011675020_1_002_001-1_a2_ayy_image0028.jpg,SUN-SEG-FinalData-v20251212/TestEasyDataset/Unseen/GT/case86_1/case_M_20190116094421_0U62363011675020_1_002_001-1_a2_ayy_image0028.png,479786,5168,SUNSEG_case86,case86,2,0106ee17779dbd5b279df5ddb4e61e0d0ad00fc37d7ee5aae94d5a3520247fa5,Easy-Unseen,SELECTED_PENDING_CONTAMINATION
testeasydataset/unseen/case86_1/case_m_20190116094421_0u62363011675020_1_002_001-1_a2_ayy_image0044,TestEasyDataset,Unseen,case86_1,case86,44,SUN-SEG-FinalData-v20251212/TestEasyDataset/Unseen/Frame/case86_1/case_M_20190116094421_0U62363011675020_1_002_001-1_a2_ayy_image0044.jpg,SUN-SEG-FinalData-v20251212/TestEasyDataset/Unseen/GT/case86_1/case_M_20190116094421_0U62363011675020_1_002_001-1_a2_ayy_image0044.png,504202,5184,SUNSEG_case86,case86,3,01d049dd0dbe54a0f77c8dc0eed8f57903aa0684e4682367c4efe1089dc0f711,Easy-Unseen,SELECTED_PENDING_CONTAMINATION
testeasydataset/unseen/case86_2/case_m_20190116094421_0u62363011675020_1_002_001-1_a2_ayy_image0185,TestEasyDataset,Unseen,case86_2,case86,185,SUN-SEG-FinalData-v20251212/TestEasyDataset/Unseen/Frame/case86_2/case_M_20190116094421_0U62363011675020_1_002_001-1_a2_ayy_image0185.jpg,SUN-SEG-FinalData-v20251212/TestEasyDataset/Unseen/GT/case86_2/case_M_20190116094421_0U62363011675020_1_002_001-1_a2_ayy_image0185.png,509111,5197,SUNSEG_case86,case86,4,02749c0ad8144f0eb582feac8f48992717b70cf662830bfa958f871762131ec5,Easy-Unseen,SELECTED_PENDING_CONTAMINATION
testeasydataset/unseen/case86_2/case_m_20190116094421_0u62363011675020_1_002_001-1_a2_ayy_image0140,TestEasyDataset,Unseen,case86_2,case86,140,SUN-SEG-FinalData-v20251212/TestEasyDataset/Unseen/Frame/case86_2/case_M_20190116094421_0U62363011675020_1_002_001-1_a2_ayy_image0140.jpg,SUN-SEG-FinalData-v20251212/TestEasyDataset/Unseen/GT/case86_2/case_M_20190116094421_0U62363011675020_1_002_001-1_a2_ayy_image0140.png,574052,5199,SUNSEG_case86,case86,5,02dd3da99e4cf6a89d8cb95c0793e45229190e3932edbccb6ad6d09fdf025685,Easy-Unseen,SELECTED_PENDING_CONTAMINATION
testeasydataset/unseen/case86_2/case_m_20190116094421_0u62363011675020_1_002_001-1_a2_ayy_image0151,TestEasyDataset,Unseen,case86_2,case86,151,SUN-SEG-FinalData-v20251212/TestEasyDataset/Unseen/Frame/case86_2/case_M_20190116094421_0U62363011675020_1_002_001-1_a2_ayy_image0151.jpg,SUN-SEG-FinalData-v20251212/TestEasyDataset/Unseen/GT/case86_2/case_M_20190116094421_0U62363011675020_1_002_001-1_a2_ayy_image0151.png,567671,5199,SUNSEG_case86,case86,6,0389332270e2c06bc3cea7964dcdfdcf58e3c813dfd1178a2e3a45f2f49af28f,Easy-Unseen,SELECTED_PENDING_CONTAMINATION
testeasydataset/unseen/case86_1/case_m_20190116094421_0u62363011675020_1_002_001-1_a2_ayy_image0050,TestEasyDataset,Unseen,case86_1,case86,50,SUN-SEG-FinalData-v20251212/TestEasyDataset/Unseen/Frame/case86_1/case_M_20190116094421_0U62363011675020_1_002_001-1_a2_ayy_image0050.jpg,SUN-SEG-FinalData-v20251212/TestEasyDataset/Unseen/GT/case86_1/case_M_20190116094421_0U62363011675020_1_002_001-1_a2_ayy_image0050.png,499374,4958,SUNSEG_case86,case86,7,04150229e4c58282b1e00b986f71f84b128ec6383ff1507e0832a18e43dad3d7,Easy-Unseen,SELECTED_PENDING_CONTAMINATION
testeasydataset/unseen/case86_2/case_m_20190116094421_0u62363011675020_1_002_001-1_a2_ayy_image0118,TestEasyDataset,Unseen,case86_2,case86,118,SUN-SEG-FinalData-v20251212/TestEasyDataset/Unseen/Frame/case86_2/case_M_20190116094421_0U62363011675020_1_002_001-1_a2_ayy_image0118.jpg,SUN-SEG-FinalData-v20251212/TestEasyDataset/Unseen/GT/case86_2/case_M_20190116094421_0U62363011675020_1_002_001-1_a2_ayy_image0118.png,481414,5216,SUNSEG_case86,case86,8,0424daba3657748a8a22596813731e7d190622280932d4f02e4d215bb1e4578b,Easy-Unseen,SELECTED_PENDING_CONTAMINATION
testeasydataset/unseen/case86_1/case_m_20190116094421_0u62363011675020_1_002_001-1_a1_ayy_image0007,TestEasyDataset,Unseen,case86_1,case86,7,SUN-SEG-FinalData-v20251212/TestEasyDataset/Unseen/Frame/case86_1/case_M_20190116094421_0U62363011675020_1_002_001-1_a1_ayy_image0007.jpg,SUN-SEG-FinalData-v20251212/TestEasyDataset/Unseen/GT/case86_1/case_M_20190116094421_0U62363011675020_1_002_001-1_a1_ayy_image0007.png,461256,4118,SUNSEG_case86,case86,9,042dafcdb3ccd8363aaecac93f8ae31926024020434b8a503d4628d7ab16292d,Easy-Unseen,SELECTED_PENDING_CONTAMINATION
testeasydataset/unseen/case86_1/case_m_20190116094421_0u62363011675020_1_002_001-1_a2_ayy_image0017,TestEasyDataset,Unseen,case86_1,case86,17,SUN-SEG-FinalData-v20251212/TestEasyDataset/Unseen/Frame/case86_1/case_M_20190116094421_0U62363011675020_1_002_001-1_a2_ayy_image0017.jpg,SUN-SEG-FinalData-v20251212/TestEasyDataset/Unseen/GT/case86_1/case_M_20190116094421_0U62363011675020_1_002_001-1_a2_ayy_image0017.png,543915,5203,SUNSEG_case86,case86,10,04759329b71c5557b35c53e7f88bc5b23719e50f4b18298d5d39dbf1ff2a8639,Easy-Unseen,SELECTED_PENDING_CONTAMINATION
testeasydataset/unseen/case86_1/case_m_20190116094421_0u62363011675020_1_002_001-1_a2_ayy_image0055,TestEasyDataset,Unseen,case86_1,case86,55,SUN-SEG-FinalData-v20251212/TestEasyDataset/Unseen/Frame/case86_1/case_M_20190116094421_0U62363011675020_1_002_001-1_a2_ayy_image0055.jpg,SUN-SEG-FinalData-v20251212/TestEasyDataset/Unseen/GT/case86_1/case_M_20190116094421_0U62363011675020_1_002_001-1_a2_ayy_image0055.png,471005,5076,SUNSEG_case86,case86,11,05cdcabc9a74aac26d30620e23f6a0658f637b32227db6c1a1b30186f857d11d,Easy-Unseen,SELECTED_PENDING_CONTAMINATION
testeasydataset/unseen/case86_1/case_m_20190116094421_0u62363011675020_1_002_001-1_a1_ayy_image0050,TestEasyDataset,Unseen,case86_1,case86,50,SUN-SEG-FinalData-v20251212/TestEasyDataset/Unseen/Frame/case86_1/case_M_20190116094421_0U62363011675020_1_002_001-1_a1_ayy_image0050.jpg,SUN-SEG-FinalData-v20251212/TestEasyDataset/Unseen/GT/case86_1/case_M_20190116094421_0U62363011675020_1_002_001-1_a1_ayy_image0050.png,604087,4139,SUNSEG_case86,case86,12,092b1110b5dd1ecdade92b52681653dcb76a59931eb928af878924e35a20a6a8,Easy-Unseen,SELECTED_PENDING_CONTAMINATION
testeasydataset/unseen/case86_2/case_m_20190116094421_0u62363011675020_1_002_001-1_a2_ayy_image0131,TestEasyDataset,Unseen,case86_2,case86,131,SUN-SEG-FinalData-v20251212/TestEasyDataset/Unseen/Frame/case86_2/case_M_20190116094421_0U62363011675020_1_002_001-1_a2_ayy_image0131.jpg,SUN-SEG-FinalData-v20251212/TestEasyDataset/Unseen/GT/case86_2/case_M_20190116094421_0U62363011675020_1_002_001-1_a2_ayy_image0131.png,509099,5199,SUNSEG_case86,case86,13,092bc123adeab45d95dab0225cfa73d01f4070441c4c3d1a18c5d2f7a9b045ad,Easy-Unseen,SELECTED_PENDING_CONTAMINATION
testeasydataset/unseen/case86_2/case_m_20190116094421_0u62363011675020_1_002_001-1_a2_ayy_image0127,TestEasyDataset,Unseen,case86_2,case86,127,SUN-SEG-FinalData-v20251212/TestEasyDataset/Unseen/Frame/case86_2/case_M_20190116094421_0U62363011675020_1_002_001-1_a2_ayy_image0127.jpg,SUN-SEG-FinalData-v20251212/TestEasyDataset/Unseen/GT/case86_2/case_M_20190116094421_0U62363011675020_1_002_001-1_a2_ayy_image0127.png,489406,5199,SUNSEG_case86,case86,14,09beb775e6b5881e41ec9b1334abc2bd63117a12c9f2dae9df193e9d2b136fa3,Easy-Unseen,SELECTED_PENDING_CONTAMINATION
testeasydataset/unseen/case86_1/case_m_20190116094421_0u62363011675020_1_002_001-1_a1_ayy_image0016,TestEasyDataset,Unseen,case86_1,case86,16,SUN-SEG-FinalData-v20251212/TestEasyDataset/Unseen/Frame/case86_1/case_M_20190116094421_0U62363011675020_1_002_001-1_a1_ayy_image0016.jpg,SUN-SEG-FinalData-v20251212/TestEasyDataset/Unseen/GT/case86_1/case_M_20190116094421_0U62363011675020_1_002_001-1_a1_ayy_image0016.png,405382,4119,SUNSEG_case86,case86,15,0b753fe6e010893eb0568a0abad03eb8b1f41b940f9eb97c93166aaceb0a5746,Easy-Unseen,SELECTED_PENDING_CONTAMINATION
testeasydataset/unseen/case86_1/case_m_20190116094421_0u62363011675020_1_002_001-1_a1_ayy_image0036,TestEasyDataset,Unseen,case86_1,case86,36,SUN-SEG-FinalData-v20251212/TestEasyDataset/Unseen/Frame/case86_1/case_M_20190116094421_0U62363011675020_1_002_001-1_a1_ayy_image0036.jpg,SUN-SEG-FinalData-v20251212/TestEasyDataset/Unseen/GT/case86_1/case_M_20190116094421_0U62363011675020_1_002_001-1_a1_ayy_image0036.png,493047,4139,SUNSEG_case86,case86,16,0c0a1abdbcc9fe916b423dbca2f6cc867a26885da6906eb53a7f2a29817c11cd,Easy-Unseen,SELECTED_PENDING_CONTAMINATION
testeasydataset/unseen/case86_1/case_m_20190116094421_0u62363011675020_1_002_001-1_a1_ayy_image0055,TestEasyDataset,Unseen,case86_1,case86,55,SUN-SEG-FinalData-v20251212/TestEasyDataset/Unseen/Frame/case86_1/case_M_20190116094421_0U62363011675020_1_002_001-1_a1_ayy_image0055.jpg,SUN-SEG-FinalData-v20251212/TestEasyDataset/Unseen/GT/case86_1/case_M_20190116094421_0U62363011675020_1_002_001-1_a1_ayy_image0055.png,574638,4139,SUNSEG_case86,case86,17,0c83fa778b841aeef5ce88ba3246de6de896ce4202b7bff9e9d8273b93927c93,Easy-Unseen,SELECTED_PENDING_CONTAMINATION
testeasydataset/unseen/case86_2/case_m_20190116094421_0u62363011675020_1_002_001-1_a2_ayy_image0183,TestEasyDataset,Unseen,case86_2,case86,183,SUN-SEG-FinalData-v20251212/TestEasyDataset/Unseen/Frame/case86_2/case_M_20190116094421_0U62363011675020_1_002_001-1_a2_ayy_image0183.jpg,SUN-SEG-FinalData-v20251212/TestEasyDataset/Unseen/GT/case86_2/case_M_20190116094421_0U62363011675020_1_002_001-1_a2_ayy_image0183.png,559156,5197,SUNSEG_case86,case86,18,0d019e661d2b7abbc64ffa1c732785a6bdcba7dec9002e1a22c720e31bf96263,Easy-Unseen,SELECTED_PENDING_CONTAMINATION
testeasydataset/unseen/case86_1/case_m_20190116094421_0u62363011675020_1_002_001-1_a2_ayy_image0012,TestEasyDataset,Unseen,case86_1,case86,12,SUN-SEG-FinalData-v20251212/TestEasyDataset/Unseen/Frame/case86_1/case_M_20190116094421_0U62363011675020_1_002_001-1_a2_ayy_image0012.jpg,SUN-SEG-FinalData-v20251212/TestEasyDataset/Unseen/GT/case86_1/case_M_20190116094421_0U62363011675020_1_002_001-1_a2_ayy_image0012.png,380253,5171,SUNSEG_case86,case86,19,0df81926fc6840508a2236f687a5255f58ce7e285e4b904c727838b79d36e326,Easy-Unseen,SELECTED_PENDING_CONTAMINATION
testeasydataset/unseen/case86_1/case_m_20190116094421_0u62363011675020_1_002_001-1_a2_ayy_image0074,TestEasyDataset,Unseen,case86_1,case86,74,SUN-SEG-FinalData-v20251212/TestEasyDataset/Unseen/Frame/case86_1/case_M_20190116094421_0U62363011675020_1_002_001-1_a2_ayy_image0074.jpg,SUN-SEG-FinalData-v20251212/TestEasyDataset/Unseen/GT/case86_1/case_M_20190116094421_0U62363011675020_1_002_001-1_a2_ayy_image0074.png,481931,5110,SUNSEG_case86,case86,20,0e1967373851f2f61b5f4ed2eb5b8cfa4787a4e7503472176b4363457af4feec,Easy-Unseen,SELECTED_PENDING_CONTAMINATION
testeasydataset/unseen/case89/case_m_20190117105747_0u62368011712547_1_002_001-1_a17_ayy_image0039,TestEasyDataset,Unseen,case89,case89,39,SUN-SEG-FinalData-v20251212/TestEasyDataset/Unseen/Frame/case89/case_M_20190117105747_0U62368011712547_1_002_001-1_a17_ayy_image0039.jpg,SUN-SEG-FinalData-v20251212/TestEasyDataset/Unseen/GT/case89/case_M_20190117105747_0U62368011712547_1_002_001-1_a17_ayy_image0039.png,586083,5014,SUNSEG_case89,case89,1,023148e9d2a5199c5757e9963c0ac87b64302349962f1ba1530afa566c1e46b5,Easy-Unseen,SELECTED_PENDING_CONTAMINATION
testeasydataset/unseen/case89/case_m_20190117105747_0u62368011712547_1_002_001-1_a17_ayy_image0051,TestEasyDataset,Unseen,case89,case89,51,SUN-SEG-FinalData-v20251212/TestEasyDataset/Unseen/Frame/case89/case_M_20190117105747_0U62368011712547_1_002_001-1_a17_ayy_image0051.jpg,SUN-SEG-FinalData-v20251212/TestEasyDataset/Unseen/GT/case89/case_M_20190117105747_0U62368011712547_1_002_001-1_a17_ayy_image0051.png,470880,3954,SUNSEG_case89,case89,2,05c5c1c66715f096b516849dfc6e6ae57f61203665e956fc9ce08055433f6f07,Easy-Unseen,SELECTED_PENDING_CONTAMINATION
testeasydataset/unseen/case89/case_m_20190117105747_0u62368011712547_1_002_001-1_a16_ayy_image0021,TestEasyDataset,Unseen,case89,case89,21,SUN-SEG-FinalData-v20251212/TestEasyDataset/Unseen/Frame/case89/case_M_20190117105747_0U62368011712547_1_002_001-1_a16_ayy_image0021.jpg,SUN-SEG-FinalData-v20251212/TestEasyDataset/Unseen/GT/case89/case_M_20190117105747_0U62368011712547_1_002_001-1_a16_ayy_image0021.png,397437,4733,SUNSEG_case89,case89,3,08ab46f1a8beea530a9947820e80cdbe7cbf769189463b55b38922a62137cd28,Easy-Unseen,SELECTED_PENDING_CONTAMINATION
testeasydataset/unseen/case89/case_m_20190117105747_0u62368011712547_1_002_001-1_a18_ayy_image0049,TestEasyDataset,Unseen,case89,case89,49,SUN-SEG-FinalData-v20251212/TestEasyDataset/Unseen/Frame/case89/case_M_20190117105747_0U62368011712547_1_002_001-1_a18_ayy_image0049.jpg,SUN-SEG-FinalData-v20251212/TestEasyDataset/Unseen/GT/case89/case_M_20190117105747_0U62368011712547_1_002_001-1_a18_ayy_image0049.png,350782,6155,SUNSEG_case89,case89,4,0a640f2a75f663e3a85c7d237394b8249d21e3aa08ae30cbea929115157d8576,Easy-Unseen,SELECTED_PENDING_CONTAMINATION
testeasydataset/unseen/case89/case_m_20190117105747_0u62368011712547_1_002_001-1_a18_ayy_image0005,TestEasyDataset,Unseen,case89,case89,5,SUN-SEG-FinalData-v20251212/TestEasyDataset/Unseen/Frame/case89/case_M_20190117105747_0U62368011712547_1_002_001-1_a18_ayy_image0005.jpg,SUN-SEG-FinalData-v20251212/TestEasyDataset/Unseen/GT/case89/case_M_20190117105747_0U62368011712547_1_002_001-1_a18_ayy_image0005.png,565992,4797,SUNSEG_case89,case89,5,0c39615da6e08333b0124ab979380971954deb2b5723290c5fee28631490b909,Easy-Unseen,SELECTED_PENDING_CONTAMINATION
testeasydataset/unseen/case89/case_m_20190117105747_0u62368011712547_1_002_001-1_a18_ayy_image0048,TestEasyDataset,Unseen,case89,case89,48,SUN-SEG-FinalData-v20251212/TestEasyDataset/Unseen/Frame/case89/case_M_20190117105747_0U62368011712547_1_002_001-1_a18_ayy_image0048.jpg,SUN-SEG-FinalData-v20251212/TestEasyDataset/Unseen/GT/case89/case_M_20190117105747_0U62368011712547_1_002_001-1_a18_ayy_image0048.png,437396,6327,SUNSEG_case89,case89,6,106affbf544844a0539b0352699e489f9ae899d4b290349b9435a0d9d597b8ff,Easy-Unseen,SELECTED_PENDING_CONTAMINATION
testeasydataset/unseen/case89/case_m_20190117105747_0u62368011712547_1_002_001-1_a18_ayy_image0068,TestEasyDataset,Unseen,case89,case89,68,SUN-SEG-FinalData-v20251212/TestEasyDataset/Unseen/Frame/case89/case_M_20190117105747_0U62368011712547_1_002_001-1_a18_ayy_image0068.jpg,SUN-SEG-FinalData-v20251212/TestEasyDataset/Unseen/GT/case89/case_M_20190117105747_0U62368011712547_1_002_001-1_a18_ayy_image0068.png,491819,4400,SUNSEG_case89,case89,7,12d1dc4080a84e2046e7c68b31e5868e5156558482be89c7d0d96f3b4dace7d1,Easy-Unseen,SELECTED_PENDING_CONTAMINATION
testeasydataset/unseen/case89/case_m_20190117105747_0u62368011712547_1_002_001-1_a16_ayy_image0017,TestEasyDataset,Unseen,case89,case89,17,SUN-SEG-FinalData-v20251212/TestEasyDataset/Unseen/Frame/case89/case_M_20190117105747_0U62368011712547_1_002_001-1_a16_ayy_image0017.jpg,SUN-SEG-FinalData-v20251212/TestEasyDataset/Unseen/GT/case89/case_M_20190117105747_0U62368011712547_1_002_001-1_a16_ayy_image0017.png,391827,5093,SUNSEG_case89,case89,8,178b2f8f86abb1b94ee2a7c9241fde0c9cd98ca75977c01f365dc1b7883720e6,Easy-Unseen,SELECTED_PENDING_CONTAMINATION
testeasydataset/unseen/case89/case_m_20190117105747_0u62368011712547_1_002_001-1_a17_ayy_image0052,TestEasyDataset,Unseen,case89,case89,52,SUN-SEG-FinalData-v20251212/TestEasyDataset/Unseen/Frame/case89/case_M_20190117105747_0U62368011712547_1_002_001-1_a17_ayy_image0052.jpg,SUN-SEG-FinalData-v20251212/TestEasyDataset/Unseen/GT/case89/case_M_20190117105747_0U62368011712547_1_002_001-1_a17_ayy_image0052.png,477757,3967,SUNSEG_case89,case89,9,181bf0e54c5d2c1076624b1cad82a70b88009d29fa1ecdd5f6279c6f0ebf013a,Easy-Unseen,SELECTED_PENDING_CONTAMINATION
testeasydataset/unseen/case89/case_m_20190117105747_0u62368011712547_1_002_001-1_a18_ayy_image0051,TestEasyDataset,Unseen,case89,case89,51,SUN-SEG-FinalData-v20251212/TestEasyDataset/Unseen/Frame/case89/case_M_20190117105747_0U62368011712547_1_002_001-1_a18_ayy_image0051.jpg,SUN-SEG-FinalData-v20251212/TestEasyDataset/Unseen/GT/case89/case_M_20190117105747_0U62368011712547_1_002_001-1_a18_ayy_image0051.png,398234,6319,SUNSEG_case89,case89,10,1869c7270a1bb7277bac583e6ee8c5132882fd737159a1de09b7da726068e906,Easy-Unseen,SELECTED_PENDING_CONTAMINATION
testeasydataset/unseen/case89/case_m_20190117105747_0u62368011712547_1_002_001-1_a18_ayy_image0004,TestEasyDataset,Unseen,case89,case89,4,SUN-SEG-FinalData-v20251212/TestEasyDataset/Unseen/Frame/case89/case_M_20190117105747_0U62368011712547_1_002_001-1_a18_ayy_image0004.jpg,SUN-SEG-FinalData-v20251212/TestEasyDataset/Unseen/GT/case89/case_M_20190117105747_0U62368011712547_1_002_001-1_a18_ayy_image0004.png,484880,4688,SUNSEG_case89,case89,11,1a7d24438405ef4a3188d4d4a96a57b5dcb509270e93ee8dc6dd4560316b98b2,Easy-Unseen,SELECTED_PENDING_CONTAMINATION
testeasydataset/unseen/case89/case_m_20190117105747_0u62368011712547_1_002_001-1_a17_ayy_image0040,TestEasyDataset,Unseen,case89,case89,40,SUN-SEG-FinalData-v20251212/TestEasyDataset/Unseen/Frame/case89/case_M_20190117105747_0U62368011712547_1_002_001-1_a17_ayy_image0040.jpg,SUN-SEG-FinalData-v20251212/TestEasyDataset/Unseen/GT/case89/case_M_20190117105747_0U62368011712547_1_002_001-1_a17_ayy_image0040.png,599701,5014,SUNSEG_case89,case89,12,1d247619f7c1c7f2d2b8d314f74c634e1e7163470b9638b199b308cebfa2f9bf,Easy-Unseen,SELECTED_PENDING_CONTAMINATION
testeasydataset/unseen/case89/case_m_20190117105747_0u62368011712547_1_002_001-1_a18_ayy_image0003,TestEasyDataset,Unseen,case89,case89,3,SUN-SEG-FinalData-v20251212/TestEasyDataset/Unseen/Frame/case89/case_M_20190117105747_0U62368011712547_1_002_001-1_a18_ayy_image0003.jpg,SUN-SEG-FinalData-v20251212/TestEasyDataset/Unseen/GT/case89/case_M_20190117105747_0U62368011712547_1_002_001-1_a18_ayy_image0003.png,637761,4615,SUNSEG_case89,case89,13,1eeb39d7740f927371c016a4579b5e113a63620610583259b9705e838b068803,Easy-Unseen,SELECTED_PENDING_CONTAMINATION
testeasydataset/unseen/case89/case_m_20190117105747_0u62368011712547_1_002_001-1_a17_ayy_image0011,TestEasyDataset,Unseen,case89,case89,11,SUN-SEG-FinalData-v20251212/TestEasyDataset/Unseen/Frame/case89/case_M_20190117105747_0U62368011712547_1_002_001-1_a17_ayy_image0011.jpg,SUN-SEG-FinalData-v20251212/TestEasyDataset/Unseen/GT/case89/case_M_20190117105747_0U62368011712547_1_002_001-1_a17_ayy_image0011.png,498265,4978,SUNSEG_case89,case89,14,23715814e5553e280aabe4ccef2c6f4d07a9f7b0b12a90e99f84812b1c83a11f,Easy-Unseen,SELECTED_PENDING_CONTAMINATION
testeasydataset/unseen/case89/case_m_20190117105747_0u62368011712547_1_002_001-1_a16_ayy_image0015,TestEasyDataset,Unseen,case89,case89,15,SUN-SEG-FinalData-v20251212/TestEasyDataset/Unseen/Frame/case89/case_M_20190117105747_0U62368011712547_1_002_001-1_a16_ayy_image0015.jpg,SUN-SEG-FinalData-v20251212/TestEasyDataset/Unseen/GT/case89/case_M_20190117105747_0U62368011712547_1_002_001-1_a16_ayy_image0015.png,337550,4933,SUNSEG_case89,case89,15,2761e684547fe99c9f02327e77dfb2a14fd97067abfe57485b50a6aa48a3f1bf,Easy-Unseen,SELECTED_PENDING_CONTAMINATION
testeasydataset/unseen/case89/case_m_20190117105747_0u62368011712547_1_002_001-1_a18_ayy_image0027,TestEasyDataset,Unseen,case89,case89,27,SUN-SEG-FinalData-v20251212/TestEasyDataset/Unseen/Frame/case89/case_M_20190117105747_0U62368011712547_1_002_001-1_a18_ayy_image0027.jpg,SUN-SEG-FinalData-v20251212/TestEasyDataset/Unseen/GT/case89/case_M_20190117105747_0U62368011712547_1_002_001-1_a18_ayy_image0027.png,439056,5907,SUNSEG_case89,case89,16,28253a344abb362d8cd86d49484b3420829ccb49d576d1f907d783df2af172d6,Easy-Unseen,SELECTED_PENDING_CONTAMINATION
testeasydataset/unseen/case89/case_m_20190117105747_0u62368011712547_1_002_001-1_a18_ayy_image0023,TestEasyDataset,Unseen,case89,case89,23,SUN-SEG-FinalData-v20251212/TestEasyDataset/Unseen/Frame/case89/case_M_20190117105747_0U62368011712547_1_002_001-1_a18_ayy_image0023.jpg,SUN-SEG-FinalData-v20251212/TestEasyDataset/Unseen/GT/case89/case_M_20190117105747_0U62368011712547_1_002_001-1_a18_ayy_image0023.png,471691,5507,SUNSEG_case89,case89,17,2833f9382824a5e2fe0f95261703d4e50a27b82fa6168e000820bb1e9eb70720,Easy-Unseen,SELECTED_PENDING_CONTAMINATION
testeasydataset/unseen/case89/case_m_20190117105747_0u62368011712547_1_002_001-1_a17_ayy_image0049,TestEasyDataset,Unseen,case89,case89,49,SUN-SEG-FinalData-v20251212/TestEasyDataset/Unseen/Frame/case89/case_M_20190117105747_0U62368011712547_1_002_001-1_a17_ayy_image0049.jpg,SUN-SEG-FinalData-v20251212/TestEasyDataset/Unseen/GT/case89/case_M_20190117105747_0U62368011712547_1_002_001-1_a17_ayy_image0049.png,385177,3955,SUNSEG_case89,case89,18,289b0fa3dd808e04e06290fbff8543fccc036bbaf17532e3aa954e7a66693925,Easy-Unseen,SELECTED_PENDING_CONTAMINATION
testeasydataset/unseen/case89/case_m_20190117105747_0u62368011712547_1_002_001-1_a17_ayy_image0006,TestEasyDataset,Unseen,case89,case89,6,SUN-SEG-FinalData-v20251212/TestEasyDataset/Unseen/Frame/case89/case_M_20190117105747_0U62368011712547_1_002_001-1_a17_ayy_image0006.jpg,SUN-SEG-FinalData-v20251212/TestEasyDataset/Unseen/GT/case89/case_M_20190117105747_0U62368011712547_1_002_001-1_a17_ayy_image0006.png,457607,4474,SUNSEG_case89,case89,19,2a62c46ff88138eaf1b3cc11209729dd6d1a3eba6a22b40495b720050387bb83,Easy-Unseen,SELECTED_PENDING_CONTAMINATION
testeasydataset/unseen/case89/case_m_20190117105747_0u62368011712547_1_002_001-1_a16_ayy_image0005,TestEasyDataset,Unseen,case89,case89,5,SUN-SEG-FinalData-v20251212/TestEasyDataset/Unseen/Frame/case89/case_M_20190117105747_0U62368011712547_1_002_001-1_a16_ayy_image0005.jpg,SUN-SEG-FinalData-v20251212/TestEasyDataset/Unseen/GT/case89/case_M_20190117105747_0U62368011712547_1_002_001-1_a16_ayy_image0005.png,449591,4403,SUNSEG_case89,case89,20,3103d38409d5ae5ac2e729d6eb1477e5185bc7a8104629249eb7ebd4241c3615,Easy-Unseen,SELECTED_PENDING_CONTAMINATION
testeasydataset/unseen/case9/case_m_20181020093033_0u62363102007833_1_003_002-1_a1_ayy_image0025,TestEasyDataset,Unseen,case9,case9,25,SUN-SEG-FinalData-v20251212/TestEasyDataset/Unseen/Frame/case9/case_M_20181020093033_0U62363102007833_1_003_002-1_a1_ayy_image0025.jpg,SUN-SEG-FinalData-v20251212/TestEasyDataset/Unseen/GT/case9/case_M_20181020093033_0U62363102007833_1_003_002-1_a1_ayy_image0025.png,441739,4360,SUNSEG_case9,case9,1,013b9fe97ac7d9a96bb7ac718f05661c128bcecc930fb3a97558a902a0f5fafd,Easy-Unseen,SELECTED_PENDING_CONTAMINATION
testeasydataset/unseen/case9/case_m_20181020093033_0u62363102007833_1_003_002-1_a1_ayy_image0028,TestEasyDataset,Unseen,case9,case9,28,SUN-SEG-FinalData-v20251212/TestEasyDataset/Unseen/Frame/case9/case_M_20181020093033_0U62363102007833_1_003_002-1_a1_ayy_image0028.jpg,SUN-SEG-FinalData-v20251212/TestEasyDataset/Unseen/GT/case9/case_M_20181020093033_0U62363102007833_1_003_002-1_a1_ayy_image0028.png,415630,4360,SUNSEG_case9,case9,2,02caa23013b006e66cb95eefedc88703c6ae11591e168811f44fd17b61e258e1,Easy-Unseen,SELECTED_PENDING_CONTAMINATION
testeasydataset/unseen/case9/case_m_20181020093033_0u62363102007833_1_003_002-1_a9_ayy_image0029,TestEasyDataset,Unseen,case9,case9,29,SUN-SEG-FinalData-v20251212/TestEasyDataset/Unseen/Frame/case9/case_M_20181020093033_0U62363102007833_1_003_002-1_a9_ayy_image0029.jpg,SUN-SEG-FinalData-v20251212/TestEasyDataset/Unseen/GT/case9/case_M_20181020093033_0U62363102007833_1_003_002-1_a9_ayy_image0029.png,331058,4400,SUNSEG_case9,case9,3,05b5ea0aedf08a1357d1e8f86bd2d292425a6d612a439e2e356d825e0eb0888b,Easy-Unseen,SELECTED_PENDING_CONTAMINATION
testeasydataset/unseen/case9/case_m_20181020093033_0u62363102007833_1_003_002-1_a9_ayy_image0030,TestEasyDataset,Unseen,case9,case9,30,SUN-SEG-FinalData-v20251212/TestEasyDataset/Unseen/Frame/case9/case_M_20181020093033_0U62363102007833_1_003_002-1_a9_ayy_image0030.jpg,SUN-SEG-FinalData-v20251212/TestEasyDataset/Unseen/GT/case9/case_M_20181020093033_0U62363102007833_1_003_002-1_a9_ayy_image0030.png,389600,4389,SUNSEG_case9,case9,4,0735ecc72cc06df4cb730d6a9f113eff03d0b0bd19592395e5b465a59a8c3725,Easy-Unseen,SELECTED_PENDING_CONTAMINATION
testeasydataset/unseen/case9/case_m_20181020093033_0u62363102007833_1_003_002-1_a9_ayy_image0016,TestEasyDataset,Unseen,case9,case9,16,SUN-SEG-FinalData-v20251212/TestEasyDataset/Unseen/Frame/case9/case_M_20181020093033_0U62363102007833_1_003_002-1_a9_ayy_image0016.jpg,SUN-SEG-FinalData-v20251212/TestEasyDataset/Unseen/GT/case9/case_M_20181020093033_0U62363102007833_1_003_002-1_a9_ayy_image0016.png,379827,4340,SUNSEG_case9,case9,5,0961f3e98652ab56dbcdfbc7966076e274e0835031a42a106696cbb9e1e51bfb,Easy-Unseen,SELECTED_PENDING_CONTAMINATION
testeasydataset/unseen/case9/case_m_20181020093033_0u62363102007833_1_003_002-1_a9_ayy_image0034,TestEasyDataset,Unseen,case9,case9,34,SUN-SEG-FinalData-v20251212/TestEasyDataset/Unseen/Frame/case9/case_M_20181020093033_0U62363102007833_1_003_002-1_a9_ayy_image0034.jpg,SUN-SEG-FinalData-v20251212/TestEasyDataset/Unseen/GT/case9/case_M_20181020093033_0U62363102007833_1_003_002-1_a9_ayy_image0034.png,365441,4329,SUNSEG_case9,case9,6,0a6cbf5972c3781778f26a966ef062e976b23dd6b4f7a648ab90dbc1bd128cc3,Easy-Unseen,SELECTED_PENDING_CONTAMINATION
testeasydataset/unseen/case9/case_m_20181020093033_0u62363102007833_1_003_002-1_a9_ayy_image0031,TestEasyDataset,Unseen,case9,case9,31,SUN-SEG-FinalData-v20251212/TestEasyDataset/Unseen/Frame/case9/case_M_20181020093033_0U62363102007833_1_003_002-1_a9_ayy_image0031.jpg,SUN-SEG-FinalData-v20251212/TestEasyDataset/Unseen/GT/case9/case_M_20181020093033_0U62363102007833_1_003_002-1_a9_ayy_image0031.png,384852,4391,SUNSEG_case9,case9,7,0c241812d912e9982a6a6eeddf23f6a02a2d8076104691b9808842ebf823638c,Easy-Unseen,SELECTED_PENDING_CONTAMINATION
testeasydataset/unseen/case9/case_m_20181020093033_0u62363102007833_1_003_001-1_a24_ayy_image0004,TestEasyDataset,Unseen,case9,case9,4,SUN-SEG-FinalData-v20251212/TestEasyDataset/Unseen/Frame/case9/case_M_20181020093033_0U62363102007833_1_003_001-1_a24_ayy_image0004.jpg,SUN-SEG-FinalData-v20251212/TestEasyDataset/Unseen/GT/case9/case_M_20181020093033_0U62363102007833_1_003_001-1_a24_ayy_image0004.png,352568,4703,SUNSEG_case9,case9,8,0f6973eb15bdb7834355b64724aa314293f47981c9a67ce7b9c244e66f484d06,Easy-Unseen,SELECTED_PENDING_CONTAMINATION
testeasydataset/unseen/case9/case_m_20181020093033_0u62363102007833_1_003_002-1_a10_ayy_image0007,TestEasyDataset,Unseen,case9,case9,7,SUN-SEG-FinalData-v20251212/TestEasyDataset/Unseen/Frame/case9/case_M_20181020093033_0U62363102007833_1_003_002-1_a10_ayy_image0007.jpg,SUN-SEG-FinalData-v20251212/TestEasyDataset/Unseen/GT/case9/case_M_20181020093033_0U62363102007833_1_003_002-1_a10_ayy_image0007.png,369868,3496,SUNSEG_case9,case9,9,0ffb80837c36584ed1433244dd462467faff36e49d6cc6f161247f8f53add1e7,Easy-Unseen,SELECTED_PENDING_CONTAMINATION
testeasydataset/unseen/case9/case_m_20181020093033_0u62363102007833_1_003_002-1_a10_ayy_image0004,TestEasyDataset,Unseen,case9,case9,4,SUN-SEG-FinalData-v20251212/TestEasyDataset/Unseen/Frame/case9/case_M_20181020093033_0U62363102007833_1_003_002-1_a10_ayy_image0004.jpg,SUN-SEG-FinalData-v20251212/TestEasyDataset/Unseen/GT/case9/case_M_20181020093033_0U62363102007833_1_003_002-1_a10_ayy_image0004.png,353710,3711,SUNSEG_case9,case9,10,1059e16c25966780493e71045a9766137e996b35ea04320cbb465a7033f58edc,Easy-Unseen,SELECTED_PENDING_CONTAMINATION
testeasydataset/unseen/case9/case_m_20181020093033_0u62363102007833_1_003_001-1_a23_ayy_image0004,TestEasyDataset,Unseen,case9,case9,4,SUN-SEG-FinalData-v20251212/TestEasyDataset/Unseen/Frame/case9/case_M_20181020093033_0U62363102007833_1_003_001-1_a23_ayy_image0004.jpg,SUN-SEG-FinalData-v20251212/TestEasyDataset/Unseen/GT/case9/case_M_20181020093033_0U62363102007833_1_003_001-1_a23_ayy_image0004.png,276429,3926,SUNSEG_case9,case9,11,164037364cd1e03abd73d2dfc980a3744d24fe5be9d06428be552254b44a3155,Easy-Unseen,SELECTED_PENDING_CONTAMINATION
testeasydataset/unseen/case9/case_m_20181020093033_0u62363102007833_1_003_001-1_a23_ayy_image0001,TestEasyDataset,Unseen,case9,case9,1,SUN-SEG-FinalData-v20251212/TestEasyDataset/Unseen/Frame/case9/case_M_20181020093033_0U62363102007833_1_003_001-1_a23_ayy_image0001.jpg,SUN-SEG-FinalData-v20251212/TestEasyDataset/Unseen/GT/case9/case_M_20181020093033_0U62363102007833_1_003_001-1_a23_ayy_image0001.png,279653,3781,SUNSEG_case9,case9,12,17c81ea257b5d500096d7bc3cd213794fbd106cd4e7013184eac9d744864010c,Easy-Unseen,SELECTED_PENDING_CONTAMINATION
testeasydataset/unseen/case9/case_m_20181020093033_0u62363102007833_1_003_002-1_a9_ayy_image0047,TestEasyDataset,Unseen,case9,case9,47,SUN-SEG-FinalData-v20251212/TestEasyDataset/Unseen/Frame/case9/case_M_20181020093033_0U62363102007833_1_003_002-1_a9_ayy_image0047.jpg,SUN-SEG-FinalData-v20251212/TestEasyDataset/Unseen/GT/case9/case_M_20181020093033_0U62363102007833_1_003_002-1_a9_ayy_image0047.png,286939,4370,SUNSEG_case9,case9,13,1aa9851dc67fe8a39e1a06eabd06c1d6d2dec111608d3b584b1d36b3a805db54,Easy-Unseen,SELECTED_PENDING_CONTAMINATION
testeasydataset/unseen/case9/case_m_20181020093033_0u62363102007833_1_003_002-1_a9_ayy_image0042,TestEasyDataset,Unseen,case9,case9,42,SUN-SEG-FinalData-v20251212/TestEasyDataset/Unseen/Frame/case9/case_M_20181020093033_0U62363102007833_1_003_002-1_a9_ayy_image0042.jpg,SUN-SEG-FinalData-v20251212/TestEasyDataset/Unseen/GT/case9/case_M_20181020093033_0U62363102007833_1_003_002-1_a9_ayy_image0042.png,383854,4368,SUNSEG_case9,case9,14,1ac5736e4d53b7839d8a14e3c365c4c1b3e04d523349be256cec30003033268b,Easy-Unseen,SELECTED_PENDING_CONTAMINATION
testeasydataset/unseen/case9/case_m_20181020093033_0u62363102007833_1_003_001-1_a24_ayy_image0002,TestEasyDataset,Unseen,case9,case9,2,SUN-SEG-FinalData-v20251212/TestEasyDataset/Unseen/Frame/case9/case_M_20181020093033_0U62363102007833_1_003_001-1_a24_ayy_image0002.jpg,SUN-SEG-FinalData-v20251212/TestEasyDataset/Unseen/GT/case9/case_M_20181020093033_0U62363102007833_1_003_001-1_a24_ayy_image0002.png,299390,4670,SUNSEG_case9,case9,15,1f44af4d501fab51f87189e5690e83ff442c2fd674456e8d801143e85b759eef,Easy-Unseen,SELECTED_PENDING_CONTAMINATION
testeasydataset/unseen/case9/case_m_20181020093033_0u62363102007833_1_003_002-1_a9_ayy_image0022,TestEasyDataset,Unseen,case9,case9,22,SUN-SEG-FinalData-v20251212/TestEasyDataset/Unseen/Frame/case9/case_M_20181020093033_0U62363102007833_1_003_002-1_a9_ayy_image0022.jpg,SUN-SEG-FinalData-v20251212/TestEasyDataset/Unseen/GT/case9/case_M_20181020093033_0U62363102007833_1_003_002-1_a9_ayy_image0022.png,364988,4403,SUNSEG_case9,case9,16,21d70d536bd793d4c50619958a1a18c62dba111681aad456a7e8795cb28c80bd,Easy-Unseen,SELECTED_PENDING_CONTAMINATION
testeasydataset/unseen/case9/case_m_20181020093033_0u62363102007833_1_003_001-1_a24_ayy_image0014,TestEasyDataset,Unseen,case9,case9,14,SUN-SEG-FinalData-v20251212/TestEasyDataset/Unseen/Frame/case9/case_M_20181020093033_0U62363102007833_1_003_001-1_a24_ayy_image0014.jpg,SUN-SEG-FinalData-v20251212/TestEasyDataset/Unseen/GT/case9/case_M_20181020093033_0U62363102007833_1_003_001-1_a24_ayy_image0014.png,236606,4908,SUNSEG_case9,case9,17,2326672d7b0f0f40219d539423b38a1cc0915d6dac8b6c436923b322f6e73327,Easy-Unseen,SELECTED_PENDING_CONTAMINATION
testeasydataset/unseen/case9/case_m_20181020093033_0u62363102007833_1_003_002-1_a1_ayy_image0014,TestEasyDataset,Unseen,case9,case9,14,SUN-SEG-FinalData-v20251212/TestEasyDataset/Unseen/Frame/case9/case_M_20181020093033_0U62363102007833_1_003_002-1_a1_ayy_image0014.jpg,SUN-SEG-FinalData-v20251212/TestEasyDataset/Unseen/GT/case9/case_M_20181020093033_0U62363102007833_1_003_002-1_a1_ayy_image0014.png,395124,4360,SUNSEG_case9,case9,18,23dacfd94d0ec5729617f43ef3e7d17949fe06639f2137acc7a4c56f7df62936,Easy-Unseen,SELECTED_PENDING_CONTAMINATION
testeasydataset/unseen/case9/case_m_20181020093033_0u62363102007833_1_003_002-1_a9_ayy_image0041,TestEasyDataset,Unseen,case9,case9,41,SUN-SEG-FinalData-v20251212/TestEasyDataset/Unseen/Frame/case9/case_M_20181020093033_0U62363102007833_1_003_002-1_a9_ayy_image0041.jpg,SUN-SEG-FinalData-v20251212/TestEasyDataset/Unseen/GT/case9/case_M_20181020093033_0U62363102007833_1_003_002-1_a9_ayy_image0041.png,281235,4390,SUNSEG_case9,case9,19,2452c09ee4d08c6c8a5198d3009ac7048f79ecb2daccf683aebaa8cc1bc52132,Easy-Unseen,SELECTED_PENDING_CONTAMINATION
testeasydataset/unseen/case9/case_m_20181020093033_0u62363102007833_1_003_002-1_a1_ayy_image0001,TestEasyDataset,Unseen,case9,case9,1,SUN-SEG-FinalData-v20251212/TestEasyDataset/Unseen/Frame/case9/case_M_20181020093033_0U62363102007833_1_003_002-1_a1_ayy_image0001.jpg,SUN-SEG-FinalData-v20251212/TestEasyDataset/Unseen/GT/case9/case_M_20181020093033_0U62363102007833_1_003_002-1_a1_ayy_image0001.png,381529,4492,SUNSEG_case9,case9,20,24896aa6ccb9bdf5d5ab11fd3744ef582286f73b9ae8ffadbb445d69b8c06180,Easy-Unseen,SELECTED_PENDING_CONTAMINATION
testharddataset/unseen/case91_7/case_m_20190121095240_0u62368012118740_1_005_001-1_a3_ayy_image0223,TestHardDataset,Unseen,case91_7,case91,223,SUN-SEG-FinalData-v20251212/TestHardDataset/Unseen/Frame/case91_7/case_M_20190121095240_0U62368012118740_1_005_001-1_a3_ayy_image0223.jpg,SUN-SEG-FinalData-v20251212/TestHardDataset/Unseen/GT/case91_7/case_M_20190121095240_0U62368012118740_1_005_001-1_a3_ayy_image0223.png,538953,3933,SUNSEG_case91,case91,1,005d277945be7111389e39434184e4652d927d51ab8b32c172d16fe12910a81a,Hard-Unseen,SELECTED_PENDING_CONTAMINATION
testeasydataset/unseen/case91_5/case_m_20190121095240_0u62368012118740_1_005_001-1_a2_ayy_image0008,TestEasyDataset,Unseen,case91_5,case91,8,SUN-SEG-FinalData-v20251212/TestEasyDataset/Unseen/Frame/case91_5/case_M_20190121095240_0U62368012118740_1_005_001-1_a2_ayy_image0008.jpg,SUN-SEG-FinalData-v20251212/TestEasyDataset/Unseen/GT/case91_5/case_M_20190121095240_0U62368012118740_1_005_001-1_a2_ayy_image0008.png,531143,4316,SUNSEG_case91,case91,2,0089e932264f9a3764a3804c785205bbd091726ff2695c5a65098527e7369d1c,Easy-Unseen,SELECTED_PENDING_CONTAMINATION
testeasydataset/unseen/case91_2/case_m_20190121095240_0u62368012118740_1_005_001-1_a1_ayy_image0290,TestEasyDataset,Unseen,case91_2,case91,290,SUN-SEG-FinalData-v20251212/TestEasyDataset/Unseen/Frame/case91_2/case_M_20190121095240_0U62368012118740_1_005_001-1_a1_ayy_image0290.jpg,SUN-SEG-FinalData-v20251212/TestEasyDataset/Unseen/GT/case91_2/case_M_20190121095240_0U62368012118740_1_005_001-1_a1_ayy_image0290.png,379363,3990,SUNSEG_case91,case91,3,0098ad0efc61a6813204fbe0c77acb5131851431317d31b5fe1b3ac3cefb0a6e,Easy-Unseen,SELECTED_PENDING_CONTAMINATION
testeasydataset/unseen/case91_2/case_m_20190121095240_0u62368012118740_1_005_001-1_a1_ayy_image0268,TestEasyDataset,Unseen,case91_2,case91,268,SUN-SEG-FinalData-v20251212/TestEasyDataset/Unseen/Frame/case91_2/case_M_20190121095240_0U62368012118740_1_005_001-1_a1_ayy_image0268.jpg,SUN-SEG-FinalData-v20251212/TestEasyDataset/Unseen/GT/case91_2/case_M_20190121095240_0U62368012118740_1_005_001-1_a1_ayy_image0268.png,564359,3743,SUNSEG_case91,case91,4,009a9463cf6159edff559b346e0a96c9d79aa20978a65ce2cd13be19faca8e16,Easy-Unseen,SELECTED_PENDING_CONTAMINATION
testeasydataset/unseen/case91_5/case_m_20190121095240_0u62368012118740_1_005_001-1_a2_ayy_image0078,TestEasyDataset,Unseen,case91_5,case91,78,SUN-SEG-FinalData-v20251212/TestEasyDataset/Unseen/Frame/case91_5/case_M_20190121095240_0U62368012118740_1_005_001-1_a2_ayy_image0078.jpg,SUN-SEG-FinalData-v20251212/TestEasyDataset/Unseen/GT/case91_5/case_M_20190121095240_0U62368012118740_1_005_001-1_a2_ayy_image0078.png,360378,4476,SUNSEG_case91,case91,5,00aa05b7dbabe59d11323980e931de6050a664b584bdfb65c3630d0084dd7e8f,Easy-Unseen,SELECTED_PENDING_CONTAMINATION
testharddataset/unseen/case91_7/case_m_20190121095240_0u62368012118740_1_005_001-1_a3_ayy_image0187,TestHardDataset,Unseen,case91_7,case91,187,SUN-SEG-FinalData-v20251212/TestHardDataset/Unseen/Frame/case91_7/case_M_20190121095240_0U62368012118740_1_005_001-1_a3_ayy_image0187.jpg,SUN-SEG-FinalData-v20251212/TestHardDataset/Unseen/GT/case91_7/case_M_20190121095240_0U62368012118740_1_005_001-1_a3_ayy_image0187.png,565500,4003,SUNSEG_case91,case91,6,00d4cdcf8c4690567714c8ce4f356fe57042e2143fe0c24ec62bdf487d980b93,Hard-Unseen,SELECTED_PENDING_CONTAMINATION
testeasydataset/unseen/case91_6/case_m_20190121095240_0u62368012118740_1_005_001-1_a2_ayy_image0174,TestEasyDataset,Unseen,case91_6,case91,174,SUN-SEG-FinalData-v20251212/TestEasyDataset/Unseen/Frame/case91_6/case_M_20190121095240_0U62368012118740_1_005_001-1_a2_ayy_image0174.jpg,SUN-SEG-FinalData-v20251212/TestEasyDataset/Unseen/GT/case91_6/case_M_20190121095240_0U62368012118740_1_005_001-1_a2_ayy_image0174.png,466457,4430,SUNSEG_case91,case91,7,01aa7d876250ff936f370e351ee2146f586637e2e0e9c4331ec1a43863d8cc55,Easy-Unseen,SELECTED_PENDING_CONTAMINATION
testeasydataset/unseen/case91_3/case_m_20190121095240_0u62368012118740_1_005_001-1_a1_ayy_image0309,TestEasyDataset,Unseen,case91_3,case91,309,SUN-SEG-FinalData-v20251212/TestEasyDataset/Unseen/Frame/case91_3/case_M_20190121095240_0U62368012118740_1_005_001-1_a1_ayy_image0309.jpg,SUN-SEG-FinalData-v20251212/TestEasyDataset/Unseen/GT/case91_3/case_M_20190121095240_0U62368012118740_1_005_001-1_a1_ayy_image0309.png,398989,4007,SUNSEG_case91,case91,8,020e9521714644b920e564c1f2b93b84abad0c638164b8cbb8237499802ca9c0,Easy-Unseen,SELECTED_PENDING_CONTAMINATION
testeasydataset/unseen/case91_6/case_m_20190121095240_0u62368012118740_1_005_001-1_a2_ayy_image0218,TestEasyDataset,Unseen,case91_6,case91,218,SUN-SEG-FinalData-v20251212/TestEasyDataset/Unseen/Frame/case91_6/case_M_20190121095240_0U62368012118740_1_005_001-1_a2_ayy_image0218.jpg,SUN-SEG-FinalData-v20251212/TestEasyDataset/Unseen/GT/case91_6/case_M_20190121095240_0U62368012118740_1_005_001-1_a2_ayy_image0218.png,635047,4437,SUNSEG_case91,case91,9,02a1ba4b4210c9f62d923b11d5843691b0b46c9fe12f8c609d0c6785259b62c9,Easy-Unseen,SELECTED_PENDING_CONTAMINATION
testeasydataset/unseen/case91_3/case_m_20190121095240_0u62368012118740_1_005_001-1_a1_ayy_image0301,TestEasyDataset,Unseen,case91_3,case91,301,SUN-SEG-FinalData-v20251212/TestEasyDataset/Unseen/Frame/case91_3/case_M_20190121095240_0U62368012118740_1_005_001-1_a1_ayy_image0301.jpg,SUN-SEG-FinalData-v20251212/TestEasyDataset/Unseen/GT/case91_3/case_M_20190121095240_0U62368012118740_1_005_001-1_a1_ayy_image0301.png,544088,3956,SUNSEG_case91,case91,10,02ba14e38a183b39ee2d3b7cd2cebd507f929f62ed23f62a28bf9c355bef27b6,Easy-Unseen,SELECTED_PENDING_CONTAMINATION
testeasydataset/unseen/case91_3/case_m_20190121095240_0u62368012118740_1_005_001-1_a1_ayy_image0435,TestEasyDataset,Unseen,case91_3,case91,435,SUN-SEG-FinalData-v20251212/TestEasyDataset/Unseen/Frame/case91_3/case_M_20190121095240_0U62368012118740_1_005_001-1_a1_ayy_image0435.jpg,SUN-SEG-FinalData-v20251212/TestEasyDataset/Unseen/GT/case91_3/case_M_20190121095240_0U62368012118740_1_005_001-1_a1_ayy_image0435.png,403391,3867,SUNSEG_case91,case91,11,030d75acda6e195b7d64b4614c33bad1a9fadfa21d87ab004e36fe1deff88c09,Easy-Unseen,SELECTED_PENDING_CONTAMINATION
testharddataset/unseen/case91_7/case_m_20190121095240_0u62368012118740_1_005_001-1_a3_ayy_image0166,TestHardDataset,Unseen,case91_7,case91,166,SUN-SEG-FinalData-v20251212/TestHardDataset/Unseen/Frame/case91_7/case_M_20190121095240_0U62368012118740_1_005_001-1_a3_ayy_image0166.jpg,SUN-SEG-FinalData-v20251212/TestHardDataset/Unseen/GT/case91_7/case_M_20190121095240_0U62368012118740_1_005_001-1_a3_ayy_image0166.png,562106,3964,SUNSEG_case91,case91,12,03896f0f68316775bca2281ea232f70ac75545c5b528011516be057e3a9e73d0,Hard-Unseen,SELECTED_PENDING_CONTAMINATION
testeasydataset/unseen/case91_1/case_m_20190121095240_0u62368012118740_1_005_001-1_a1_ayy_image0020,TestEasyDataset,Unseen,case91_1,case91,20,SUN-SEG-FinalData-v20251212/TestEasyDataset/Unseen/Frame/case91_1/case_M_20190121095240_0U62368012118740_1_005_001-1_a1_ayy_image0020.jpg,SUN-SEG-FinalData-v20251212/TestEasyDataset/Unseen/GT/case91_1/case_M_20190121095240_0U62368012118740_1_005_001-1_a1_ayy_image0020.png,388441,4143,SUNSEG_case91,case91,13,03db557930089a29a15f423894963d286491b727926574420212f30b6a11cc7c,Easy-Unseen,SELECTED_PENDING_CONTAMINATION
testeasydataset/unseen/case91_3/case_m_20190121095240_0u62368012118740_1_005_001-1_a1_ayy_image0334,TestEasyDataset,Unseen,case91_3,case91,334,SUN-SEG-FinalData-v20251212/TestEasyDataset/Unseen/Frame/case91_3/case_M_20190121095240_0U62368012118740_1_005_001-1_a1_ayy_image0334.jpg,SUN-SEG-FinalData-v20251212/TestEasyDataset/Unseen/GT/case91_3/case_M_20190121095240_0U62368012118740_1_005_001-1_a1_ayy_image0334.png,548602,4087,SUNSEG_case91,case91,14,03f3faa0d3098ac401cb6266144cb6024b1f1c28f68817619898952614309806,Easy-Unseen,SELECTED_PENDING_CONTAMINATION
testeasydataset/unseen/case91_1/case_m_20190121095240_0u62368012118740_1_005_001-1_a1_ayy_image0068,TestEasyDataset,Unseen,case91_1,case91,68,SUN-SEG-FinalData-v20251212/TestEasyDataset/Unseen/Frame/case91_1/case_M_20190121095240_0U62368012118740_1_005_001-1_a1_ayy_image0068.jpg,SUN-SEG-FinalData-v20251212/TestEasyDataset/Unseen/GT/case91_1/case_M_20190121095240_0U62368012118740_1_005_001-1_a1_ayy_image0068.png,422212,4126,SUNSEG_case91,case91,15,049ba4d1107406ff289c5717111e48780762028cf3ca72b6ca98945b66544844,Easy-Unseen,SELECTED_PENDING_CONTAMINATION
testharddataset/unseen/case91_7/case_m_20190121095240_0u62368012118740_1_005_001-1_a3_ayy_image0180,TestHardDataset,Unseen,case91_7,case91,180,SUN-SEG-FinalData-v20251212/TestHardDataset/Unseen/Frame/case91_7/case_M_20190121095240_0U62368012118740_1_005_001-1_a3_ayy_image0180.jpg,SUN-SEG-FinalData-v20251212/TestHardDataset/Unseen/GT/case91_7/case_M_20190121095240_0U62368012118740_1_005_001-1_a3_ayy_image0180.png,408304,3960,SUNSEG_case91,case91,16,04c2486f6a7d4d7121c4ff47e20c83578b39b0bda0b35330752b8889561fe851,Hard-Unseen,SELECTED_PENDING_CONTAMINATION
testeasydataset/unseen/case91_5/case_m_20190121095240_0u62368012118740_1_005_001-1_a2_ayy_image0149,TestEasyDataset,Unseen,case91_5,case91,149,SUN-SEG-FinalData-v20251212/TestEasyDataset/Unseen/Frame/case91_5/case_M_20190121095240_0U62368012118740_1_005_001-1_a2_ayy_image0149.jpg,SUN-SEG-FinalData-v20251212/TestEasyDataset/Unseen/GT/case91_5/case_M_20190121095240_0U62368012118740_1_005_001-1_a2_ayy_image0149.png,534239,4137,SUNSEG_case91,case91,17,0505859bb3a0bf53111565aef0a915825d6f543350476a021d70424bccc02151,Easy-Unseen,SELECTED_PENDING_CONTAMINATION
testeasydataset/unseen/case91_5/case_m_20190121095240_0u62368012118740_1_005_001-1_a2_ayy_image0137,TestEasyDataset,Unseen,case91_5,case91,137,SUN-SEG-FinalData-v20251212/TestEasyDataset/Unseen/Frame/case91_5/case_M_20190121095240_0U62368012118740_1_005_001-1_a2_ayy_image0137.jpg,SUN-SEG-FinalData-v20251212/TestEasyDataset/Unseen/GT/case91_5/case_M_20190121095240_0U62368012118740_1_005_001-1_a2_ayy_image0137.png,528709,3962,SUNSEG_case91,case91,18,05102315ed738cc741c880a0baf1920dfe33f412156798122f02b071a02fb689,Easy-Unseen,SELECTED_PENDING_CONTAMINATION
testharddataset/unseen/case91_7/case_m_20190121095240_0u62368012118740_1_005_001-1_a3_ayy_image0130,TestHardDataset,Unseen,case91_7,case91,130,SUN-SEG-FinalData-v20251212/TestHardDataset/Unseen/Frame/case91_7/case_M_20190121095240_0U62368012118740_1_005_001-1_a3_ayy_image0130.jpg,SUN-SEG-FinalData-v20251212/TestHardDataset/Unseen/GT/case91_7/case_M_20190121095240_0U62368012118740_1_005_001-1_a3_ayy_image0130.png,544306,4018,SUNSEG_case91,case91,19,0579756ed0d51bacf135391a15deb780de1cbac9332e6fbbc69d018dd346bcc5,Hard-Unseen,SELECTED_PENDING_CONTAMINATION
testeasydataset/unseen/case91_5/case_m_20190121095240_0u62368012118740_1_005_001-1_a2_ayy_image0119,TestEasyDataset,Unseen,case91_5,case91,119,SUN-SEG-FinalData-v20251212/TestEasyDataset/Unseen/Frame/case91_5/case_M_20190121095240_0U62368012118740_1_005_001-1_a2_ayy_image0119.jpg,SUN-SEG-FinalData-v20251212/TestEasyDataset/Unseen/GT/case91_5/case_M_20190121095240_0U62368012118740_1_005_001-1_a2_ayy_image0119.png,487259,3991,SUNSEG_case91,case91,20,059c4f760fd15514e689f7be2c04e331e2807ef898a8c2d9f8d20ba1cde95db6,Easy-Unseen,SELECTED_PENDING_CONTAMINATION
testharddataset/unseen/case93_2/case_m_20190121095240_0u62368012118740_1_004_001-1_a8_ayy_image0160,TestHardDataset,Unseen,case93_2,case93,160,SUN-SEG-FinalData-v20251212/TestHardDataset/Unseen/Frame/case93_2/case_M_20190121095240_0U62368012118740_1_004_001-1_a8_ayy_image0160.jpg,SUN-SEG-FinalData-v20251212/TestHardDataset/Unseen/GT/case93_2/case_M_20190121095240_0U62368012118740_1_004_001-1_a8_ayy_image0160.png,627430,4878,SUNSEG_case93,case93,1,0030efe54a824923350bd25a343be85e3db285070184c4945da2f010319b9fca,Hard-Unseen,SELECTED_PENDING_CONTAMINATION
testharddataset/unseen/case93_2/case_m_20190121095240_0u62368012118740_1_004_001-1_a8_ayy_image0063,TestHardDataset,Unseen,case93_2,case93,63,SUN-SEG-FinalData-v20251212/TestHardDataset/Unseen/Frame/case93_2/case_M_20190121095240_0U62368012118740_1_004_001-1_a8_ayy_image0063.jpg,SUN-SEG-FinalData-v20251212/TestHardDataset/Unseen/GT/case93_2/case_M_20190121095240_0U62368012118740_1_004_001-1_a8_ayy_image0063.png,488324,4687,SUNSEG_case93,case93,2,00402588b4fee316d1ff7b27443efd67fdfc41642cce34710d964decf8874f62,Hard-Unseen,SELECTED_PENDING_CONTAMINATION
testharddataset/unseen/case93_1/case_m_20190121095240_0u62368012118740_1_004_001-1_a5_ayy_image0063,TestHardDataset,Unseen,case93_1,case93,63,SUN-SEG-FinalData-v20251212/TestHardDataset/Unseen/Frame/case93_1/case_M_20190121095240_0U62368012118740_1_004_001-1_a5_ayy_image0063.jpg,SUN-SEG-FinalData-v20251212/TestHardDataset/Unseen/GT/case93_1/case_M_20190121095240_0U62368012118740_1_004_001-1_a5_ayy_image0063.png,558569,3679,SUNSEG_case93,case93,3,008e091cbad60829f2003352ce57d5f2f8e24eb0bb118d3b83a36c388623ec74,Hard-Unseen,SELECTED_PENDING_CONTAMINATION
testharddataset/unseen/case93_1/case_m_20190121095240_0u62368012118740_1_004_001-1_a6_ayy_image0006,TestHardDataset,Unseen,case93_1,case93,6,SUN-SEG-FinalData-v20251212/TestHardDataset/Unseen/Frame/case93_1/case_M_20190121095240_0U62368012118740_1_004_001-1_a6_ayy_image0006.jpg,SUN-SEG-FinalData-v20251212/TestHardDataset/Unseen/GT/case93_1/case_M_20190121095240_0U62368012118740_1_004_001-1_a6_ayy_image0006.png,449469,4878,SUNSEG_case93,case93,4,00d4e582c2382555a27652aa08201e3f6face6f662176d9d400b5cdb46a86a2f,Hard-Unseen,SELECTED_PENDING_CONTAMINATION
testharddataset/unseen/case93_1/case_m_20190121095240_0u62368012118740_1_004_001-1_a5_ayy_image0083,TestHardDataset,Unseen,case93_1,case93,83,SUN-SEG-FinalData-v20251212/TestHardDataset/Unseen/Frame/case93_1/case_M_20190121095240_0U62368012118740_1_004_001-1_a5_ayy_image0083.jpg,SUN-SEG-FinalData-v20251212/TestHardDataset/Unseen/GT/case93_1/case_M_20190121095240_0U62368012118740_1_004_001-1_a5_ayy_image0083.png,535758,3501,SUNSEG_case93,case93,5,01a2c51ea3a8931fe0025fd9836aef85d5001ec538113c7a6305f17336090ce5,Hard-Unseen,SELECTED_PENDING_CONTAMINATION
testharddataset/unseen/case93_1/case_m_20190121095240_0u62368012118740_1_004_001-1_a5_ayy_image0112,TestHardDataset,Unseen,case93_1,case93,112,SUN-SEG-FinalData-v20251212/TestHardDataset/Unseen/Frame/case93_1/case_M_20190121095240_0U62368012118740_1_004_001-1_a5_ayy_image0112.jpg,SUN-SEG-FinalData-v20251212/TestHardDataset/Unseen/GT/case93_1/case_M_20190121095240_0U62368012118740_1_004_001-1_a5_ayy_image0112.png,410155,4314,SUNSEG_case93,case93,6,01bbac9d438d53fb2cb7b59a57ca0ada0dc44de8ee16cb54362955c08c255c9f,Hard-Unseen,SELECTED_PENDING_CONTAMINATION
testharddataset/unseen/case93_1/case_m_20190121095240_0u62368012118740_1_004_001-1_a6_ayy_image0050,TestHardDataset,Unseen,case93_1,case93,50,SUN-SEG-FinalData-v20251212/TestHardDataset/Unseen/Frame/case93_1/case_M_20190121095240_0U62368012118740_1_004_001-1_a6_ayy_image0050.jpg,SUN-SEG-FinalData-v20251212/TestHardDataset/Unseen/GT/case93_1/case_M_20190121095240_0U62368012118740_1_004_001-1_a6_ayy_image0050.png,443212,4900,SUNSEG_case93,case93,7,0208585baced739a69546715a0507389c8e995ad6c892c1ac24aebe74698a063,Hard-Unseen,SELECTED_PENDING_CONTAMINATION
testharddataset/unseen/case93_1/case_m_20190121095240_0u62368012118740_1_004_001-1_a6_ayy_image0038,TestHardDataset,Unseen,case93_1,case93,38,SUN-SEG-FinalData-v20251212/TestHardDataset/Unseen/Frame/case93_1/case_M_20190121095240_0U62368012118740_1_004_001-1_a6_ayy_image0038.jpg,SUN-SEG-FinalData-v20251212/TestHardDataset/Unseen/GT/case93_1/case_M_20190121095240_0U62368012118740_1_004_001-1_a6_ayy_image0038.png,429540,4588,SUNSEG_case93,case93,8,026bccd3d3511e26303a56492d3e44efaf2d94f6e76485577d65c71f24c98edd,Hard-Unseen,SELECTED_PENDING_CONTAMINATION
testharddataset/unseen/case93_1/case_m_20190121095240_0u62368012118740_1_004_001-1_a7_ayy_image0022,TestHardDataset,Unseen,case93_1,case93,22,SUN-SEG-FinalData-v20251212/TestHardDataset/Unseen/Frame/case93_1/case_M_20190121095240_0U62368012118740_1_004_001-1_a7_ayy_image0022.jpg,SUN-SEG-FinalData-v20251212/TestHardDataset/Unseen/GT/case93_1/case_M_20190121095240_0U62368012118740_1_004_001-1_a7_ayy_image0022.png,424776,4710,SUNSEG_case93,case93,9,028a205e8918baecb526c03fc01c091dd35aa96d15eb4a2777c20b5e15206429,Hard-Unseen,SELECTED_PENDING_CONTAMINATION
testharddataset/unseen/case93_2/case_m_20190121095240_0u62368012118740_1_004_001-1_a9_ayy_image0023,TestHardDataset,Unseen,case93_2,case93,23,SUN-SEG-FinalData-v20251212/TestHardDataset/Unseen/Frame/case93_2/case_M_20190121095240_0U62368012118740_1_004_001-1_a9_ayy_image0023.jpg,SUN-SEG-FinalData-v20251212/TestHardDataset/Unseen/GT/case93_2/case_M_20190121095240_0U62368012118740_1_004_001-1_a9_ayy_image0023.png,472298,4670,SUNSEG_case93,case93,10,038e121d4a791ca33aadc71f5c82208c34c44f3d13e4af2a09855167c8f6248a,Hard-Unseen,SELECTED_PENDING_CONTAMINATION
testharddataset/unseen/case93_2/case_m_20190121095240_0u62368012118740_1_004_001-1_a8_ayy_image0027,TestHardDataset,Unseen,case93_2,case93,27,SUN-SEG-FinalData-v20251212/TestHardDataset/Unseen/Frame/case93_2/case_M_20190121095240_0U62368012118740_1_004_001-1_a8_ayy_image0027.jpg,SUN-SEG-FinalData-v20251212/TestHardDataset/Unseen/GT/case93_2/case_M_20190121095240_0U62368012118740_1_004_001-1_a8_ayy_image0027.png,556184,4696,SUNSEG_case93,case93,11,04655dfe3f099763d2e7a6b9d6a20d26c5e16e0c89f4e0828459a9ebc8ee0cd7,Hard-Unseen,SELECTED_PENDING_CONTAMINATION
testharddataset/unseen/case93_2/case_m_20190121095240_0u62368012118740_1_004_001-1_a8_ayy_image0150,TestHardDataset,Unseen,case93_2,case93,150,SUN-SEG-FinalData-v20251212/TestHardDataset/Unseen/Frame/case93_2/case_M_20190121095240_0U62368012118740_1_004_001-1_a8_ayy_image0150.jpg,SUN-SEG-FinalData-v20251212/TestHardDataset/Unseen/GT/case93_2/case_M_20190121095240_0U62368012118740_1_004_001-1_a8_ayy_image0150.png,597022,4530,SUNSEG_case93,case93,12,04e2140e5b9d37166e9a0d0ad2e8a2a10d335909e04cfed144b431e5c7de0f83,Hard-Unseen,SELECTED_PENDING_CONTAMINATION
testharddataset/unseen/case93_2/case_m_20190121095240_0u62368012118740_1_004_001-1_a9_ayy_image0031,TestHardDataset,Unseen,case93_2,case93,31,SUN-SEG-FinalData-v20251212/TestHardDataset/Unseen/Frame/case93_2/case_M_20190121095240_0U62368012118740_1_004_001-1_a9_ayy_image0031.jpg,SUN-SEG-FinalData-v20251212/TestHardDataset/Unseen/GT/case93_2/case_M_20190121095240_0U62368012118740_1_004_001-1_a9_ayy_image0031.png,457892,3775,SUNSEG_case93,case93,13,05686588b9c45fb27d33906b9d7112a9cc7586268f7feee17791f767643d36e8,Hard-Unseen,SELECTED_PENDING_CONTAMINATION
testharddataset/unseen/case93_2/case_m_20190121095240_0u62368012118740_1_004_001-1_a8_ayy_image0095,TestHardDataset,Unseen,case93_2,case93,95,SUN-SEG-FinalData-v20251212/TestHardDataset/Unseen/Frame/case93_2/case_M_20190121095240_0U62368012118740_1_004_001-1_a8_ayy_image0095.jpg,SUN-SEG-FinalData-v20251212/TestHardDataset/Unseen/GT/case93_2/case_M_20190121095240_0U62368012118740_1_004_001-1_a8_ayy_image0095.png,363711,6426,SUNSEG_case93,case93,14,05c98936d3e23d6fc4341e787537352410aaba8cd7183a416fce774f612cab26,Hard-Unseen,SELECTED_PENDING_CONTAMINATION
testharddataset/unseen/case93_2/case_m_20190121095240_0u62368012118740_1_004_001-1_a8_ayy_image0148,TestHardDataset,Unseen,case93_2,case93,148,SUN-SEG-FinalData-v20251212/TestHardDataset/Unseen/Frame/case93_2/case_M_20190121095240_0U62368012118740_1_004_001-1_a8_ayy_image0148.jpg,SUN-SEG-FinalData-v20251212/TestHardDataset/Unseen/GT/case93_2/case_M_20190121095240_0U62368012118740_1_004_001-1_a8_ayy_image0148.png,601379,5026,SUNSEG_case93,case93,15,0642c72a317c9ec30db7f45461a3df0441fb197d4c447ffe95bc65e0fbcdfdef,Hard-Unseen,SELECTED_PENDING_CONTAMINATION
testharddataset/unseen/case93_2/case_m_20190121095240_0u62368012118740_1_004_001-1_a8_ayy_image0058,TestHardDataset,Unseen,case93_2,case93,58,SUN-SEG-FinalData-v20251212/TestHardDataset/Unseen/Frame/case93_2/case_M_20190121095240_0U62368012118740_1_004_001-1_a8_ayy_image0058.jpg,SUN-SEG-FinalData-v20251212/TestHardDataset/Unseen/GT/case93_2/case_M_20190121095240_0U62368012118740_1_004_001-1_a8_ayy_image0058.png,475252,5289,SUNSEG_case93,case93,16,06dcf548a6d46043ab7809ab645c8b6d2a89ed31fd19edafd020db2dbae534df,Hard-Unseen,SELECTED_PENDING_CONTAMINATION
testharddataset/unseen/case93_1/case_m_20190121095240_0u62368012118740_1_004_001-1_a6_ayy_image0001,TestHardDataset,Unseen,case93_1,case93,1,SUN-SEG-FinalData-v20251212/TestHardDataset/Unseen/Frame/case93_1/case_M_20190121095240_0U62368012118740_1_004_001-1_a6_ayy_image0001.jpg,SUN-SEG-FinalData-v20251212/TestHardDataset/Unseen/GT/case93_1/case_M_20190121095240_0U62368012118740_1_004_001-1_a6_ayy_image0001.png,499756,4403,SUNSEG_case93,case93,17,06dd844fe8f7dccf677f93abb72b506866bf8a66f65cab180601369051a2b984,Hard-Unseen,SELECTED_PENDING_CONTAMINATION
testharddataset/unseen/case93_1/case_m_20190121095240_0u62368012118740_1_004_001-1_a5_ayy_image0077,TestHardDataset,Unseen,case93_1,case93,77,SUN-SEG-FinalData-v20251212/TestHardDataset/Unseen/Frame/case93_1/case_M_20190121095240_0U62368012118740_1_004_001-1_a5_ayy_image0077.jpg,SUN-SEG-FinalData-v20251212/TestHardDataset/Unseen/GT/case93_1/case_M_20190121095240_0U62368012118740_1_004_001-1_a5_ayy_image0077.png,589209,3626,SUNSEG_case93,case93,18,0865d9b2ed6529c096ed51332edfd5ab0702b279d92e6562cffe4f62b485608e,Hard-Unseen,SELECTED_PENDING_CONTAMINATION
testharddataset/unseen/case93_2/case_m_20190121095240_0u62368012118740_1_004_001-1_a8_ayy_image0092,TestHardDataset,Unseen,case93_2,case93,92,SUN-SEG-FinalData-v20251212/TestHardDataset/Unseen/Frame/case93_2/case_M_20190121095240_0U62368012118740_1_004_001-1_a8_ayy_image0092.jpg,SUN-SEG-FinalData-v20251212/TestHardDataset/Unseen/GT/case93_2/case_M_20190121095240_0U62368012118740_1_004_001-1_a8_ayy_image0092.png,368862,5979,SUNSEG_case93,case93,19,088b9f23af78950997285ed84bddce2ed37d830e0c74c44c3058de6730944197,Hard-Unseen,SELECTED_PENDING_CONTAMINATION
testharddataset/unseen/case93_2/case_m_20190121095240_0u62368012118740_1_004_001-1_a8_ayy_image0020,TestHardDataset,Unseen,case93_2,case93,20,SUN-SEG-FinalData-v20251212/TestHardDataset/Unseen/Frame/case93_2/case_M_20190121095240_0U62368012118740_1_004_001-1_a8_ayy_image0020.jpg,SUN-SEG-FinalData-v20251212/TestHardDataset/Unseen/GT/case93_2/case_M_20190121095240_0U62368012118740_1_004_001-1_a8_ayy_image0020.png,420314,4839,SUNSEG_case93,case93,20,0ab5a282474d0a2d81b549c9d6bd924e01d94e5c4ba9ac9c01dfe2364949f3f8,Hard-Unseen,SELECTED_PENDING_CONTAMINATION
testeasydataset/unseen/case94/case_m_20190121100011_0u62372012151511_1_006_003-1_a3_ayy_image0029,TestEasyDataset,Unseen,case94,case94,29,SUN-SEG-FinalData-v20251212/TestEasyDataset/Unseen/Frame/case94/case_M_20190121100011_0U62372012151511_1_006_003-1_a3_ayy_image0029.jpg,SUN-SEG-FinalData-v20251212/TestEasyDataset/Unseen/GT/case94/case_M_20190121100011_0U62372012151511_1_006_003-1_a3_ayy_image0029.png,482192,5201,SUNSEG_case94,case94,1,059e1e3460931f5ef6d0ce5ede02f2bc32bc764e521e88d0a71127dcb6c83829,Easy-Unseen,SELECTED_PENDING_CONTAMINATION
testeasydataset/unseen/case94/case_m_20190121100011_0u62372012151511_1_006_003-1_a3_ayy_image0005,TestEasyDataset,Unseen,case94,case94,5,SUN-SEG-FinalData-v20251212/TestEasyDataset/Unseen/Frame/case94/case_M_20190121100011_0U62372012151511_1_006_003-1_a3_ayy_image0005.jpg,SUN-SEG-FinalData-v20251212/TestEasyDataset/Unseen/GT/case94/case_M_20190121100011_0U62372012151511_1_006_003-1_a3_ayy_image0005.png,529975,5279,SUNSEG_case94,case94,2,095cf8b06f3a25002625e39fbe40b0b2aaf4861678dc7f9057a8b9c603aa1a22,Easy-Unseen,SELECTED_PENDING_CONTAMINATION
testeasydataset/unseen/case94/case_m_20190121100011_0u62372012151511_1_006_002-1_a12_ayy_image0030,TestEasyDataset,Unseen,case94,case94,30,SUN-SEG-FinalData-v20251212/TestEasyDataset/Unseen/Frame/case94/case_M_20190121100011_0U62372012151511_1_006_002-1_a12_ayy_image0030.jpg,SUN-SEG-FinalData-v20251212/TestEasyDataset/Unseen/GT/case94/case_M_20190121100011_0U62372012151511_1_006_002-1_a12_ayy_image0030.png,548777,3633,SUNSEG_case94,case94,3,0a07e2ae30bba4b4bc12d89c9f263b67e61c94a3ae12a8ba3c2d6294a0ca46a4,Easy-Unseen,SELECTED_PENDING_CONTAMINATION
testeasydataset/unseen/case94/case_m_20190121100011_0u62372012151511_1_006_002-1_a10_ayy_image0005,TestEasyDataset,Unseen,case94,case94,5,SUN-SEG-FinalData-v20251212/TestEasyDataset/Unseen/Frame/case94/case_M_20190121100011_0U62372012151511_1_006_002-1_a10_ayy_image0005.jpg,SUN-SEG-FinalData-v20251212/TestEasyDataset/Unseen/GT/case94/case_M_20190121100011_0U62372012151511_1_006_002-1_a10_ayy_image0005.png,387789,5297,SUNSEG_case94,case94,4,0b24f22f8f9653d6d311030cea8d50cb3c0c55ea8b7490647469e3bcd4fa7176,Easy-Unseen,SELECTED_PENDING_CONTAMINATION
testeasydataset/unseen/case94/case_m_20190121100011_0u62372012151511_1_006_002-1_a12_ayy_image0009,TestEasyDataset,Unseen,case94,case94,9,SUN-SEG-FinalData-v20251212/TestEasyDataset/Unseen/Frame/case94/case_M_20190121100011_0U62372012151511_1_006_002-1_a12_ayy_image0009.jpg,SUN-SEG-FinalData-v20251212/TestEasyDataset/Unseen/GT/case94/case_M_20190121100011_0U62372012151511_1_006_002-1_a12_ayy_image0009.png,455373,4099,SUNSEG_case94,case94,5,0d745c358979e30217e15fcdae93948a2a70ac1d5c5a81d21022cbaa4b5b9557,Easy-Unseen,SELECTED_PENDING_CONTAMINATION
testeasydataset/unseen/case94/case_m_20190121100011_0u62372012151511_1_006_002-1_a12_ayy_image0016,TestEasyDataset,Unseen,case94,case94,16,SUN-SEG-FinalData-v20251212/TestEasyDataset/Unseen/Frame/case94/case_M_20190121100011_0U62372012151511_1_006_002-1_a12_ayy_image0016.jpg,SUN-SEG-FinalData-v20251212/TestEasyDataset/Unseen/GT/case94/case_M_20190121100011_0U62372012151511_1_006_002-1_a12_ayy_image0016.png,529605,3633,SUNSEG_case94,case94,6,0ff6d9ee375ba3102b30f1e6188b51468ae6662fe8219f378a06a777fc613aa9,Easy-Unseen,SELECTED_PENDING_CONTAMINATION
testeasydataset/unseen/case94/case_m_20190121100011_0u62372012151511_1_006_003-1_a3_ayy_image0060,TestEasyDataset,Unseen,case94,case94,60,SUN-SEG-FinalData-v20251212/TestEasyDataset/Unseen/Frame/case94/case_M_20190121100011_0U62372012151511_1_006_003-1_a3_ayy_image0060.jpg,SUN-SEG-FinalData-v20251212/TestEasyDataset/Unseen/GT/case94/case_M_20190121100011_0U62372012151511_1_006_003-1_a3_ayy_image0060.png,476585,5218,SUNSEG_case94,case94,7,134dcaf02a470ee29ef3eb69b58e2228025e951c7360ec283091d6c41430be03,Easy-Unseen,SELECTED_PENDING_CONTAMINATION
testeasydataset/unseen/case94/case_m_20190121100011_0u62372012151511_1_006_003-1_a3_ayy_image0059,TestEasyDataset,Unseen,case94,case94,59,SUN-SEG-FinalData-v20251212/TestEasyDataset/Unseen/Frame/case94/case_M_20190121100011_0U62372012151511_1_006_003-1_a3_ayy_image0059.jpg,SUN-SEG-FinalData-v20251212/TestEasyDataset/Unseen/GT/case94/case_M_20190121100011_0U62372012151511_1_006_003-1_a3_ayy_image0059.png,481469,5218,SUNSEG_case94,case94,8,136e0a7cb6867142abbb412f658b4ca8460ef5e9fe11f1340041b3b72a3a062e,Easy-Unseen,SELECTED_PENDING_CONTAMINATION
testeasydataset/unseen/case94/case_m_20190121100011_0u62372012151511_1_006_002-1_a10_ayy_image0013,TestEasyDataset,Unseen,case94,case94,13,SUN-SEG-FinalData-v20251212/TestEasyDataset/Unseen/Frame/case94/case_M_20190121100011_0U62372012151511_1_006_002-1_a10_ayy_image0013.jpg,SUN-SEG-FinalData-v20251212/TestEasyDataset/Unseen/GT/case94/case_M_20190121100011_0U62372012151511_1_006_002-1_a10_ayy_image0013.png,443485,4461,SUNSEG_case94,case94,9,143c28cfa6e50933fc6a2584fb44d36f7a4f247acbcd6bd8b34156ad083f49a0,Easy-Unseen,SELECTED_PENDING_CONTAMINATION
testeasydataset/unseen/case94/case_m_20190121100011_0u62372012151511_1_006_003-1_a3_ayy_image0065,TestEasyDataset,Unseen,case94,case94,65,SUN-SEG-FinalData-v20251212/TestEasyDataset/Unseen/Frame/case94/case_M_20190121100011_0U62372012151511_1_006_003-1_a3_ayy_image0065.jpg,SUN-SEG-FinalData-v20251212/TestEasyDataset/Unseen/GT/case94/case_M_20190121100011_0U62372012151511_1_006_003-1_a3_ayy_image0065.png,543456,5333,SUNSEG_case94,case94,10,1597b094fdf32ac78fa8ad597ff65986cf700b9a6f54219421b47729c37ac7ff,Easy-Unseen,SELECTED_PENDING_CONTAMINATION
testeasydataset/unseen/case94/case_m_20190121100011_0u62372012151511_1_006_003-1_a3_ayy_image0030,TestEasyDataset,Unseen,case94,case94,30,SUN-SEG-FinalData-v20251212/TestEasyDataset/Unseen/Frame/case94/case_M_20190121100011_0U62372012151511_1_006_003-1_a3_ayy_image0030.jpg,SUN-SEG-FinalData-v20251212/TestEasyDataset/Unseen/GT/case94/case_M_20190121100011_0U62372012151511_1_006_003-1_a3_ayy_image0030.png,488916,5201,SUNSEG_case94,case94,11,16dab9571fdca7d8c7b45d043707a973f5fb06e592b73382d5267823c82b789e,Easy-Unseen,SELECTED_PENDING_CONTAMINATION
testeasydataset/unseen/case94/case_m_20190121100011_0u62372012151511_1_006_003-1_a3_ayy_image0066,TestEasyDataset,Unseen,case94,case94,66,SUN-SEG-FinalData-v20251212/TestEasyDataset/Unseen/Frame/case94/case_M_20190121100011_0U62372012151511_1_006_003-1_a3_ayy_image0066.jpg,SUN-SEG-FinalData-v20251212/TestEasyDataset/Unseen/GT/case94/case_M_20190121100011_0U62372012151511_1_006_003-1_a3_ayy_image0066.png,532107,5267,SUNSEG_case94,case94,12,188746036f457f010ef6ef8ebddcef382e69303c914ae897a4470d11b50db019,Easy-Unseen,SELECTED_PENDING_CONTAMINATION
testeasydataset/unseen/case94/case_m_20190121100011_0u62372012151511_1_006_002-1_a10_ayy_image0011,TestEasyDataset,Unseen,case94,case94,11,SUN-SEG-FinalData-v20251212/TestEasyDataset/Unseen/Frame/case94/case_M_20190121100011_0U62372012151511_1_006_002-1_a10_ayy_image0011.jpg,SUN-SEG-FinalData-v20251212/TestEasyDataset/Unseen/GT/case94/case_M_20190121100011_0U62372012151511_1_006_002-1_a10_ayy_image0011.png,379813,4794,SUNSEG_case94,case94,13,18d52641604d3ee2a43acd7f6b1a702bb82c30083bba79ceb1560d8450908d13,Easy-Unseen,SELECTED_PENDING_CONTAMINATION
testeasydataset/unseen/case94/case_m_20190121100011_0u62372012151511_1_006_002-1_a12_ayy_image0026,TestEasyDataset,Unseen,case94,case94,26,SUN-SEG-FinalData-v20251212/TestEasyDataset/Unseen/Frame/case94/case_M_20190121100011_0U62372012151511_1_006_002-1_a12_ayy_image0026.jpg,SUN-SEG-FinalData-v20251212/TestEasyDataset/Unseen/GT/case94/case_M_20190121100011_0U62372012151511_1_006_002-1_a12_ayy_image0026.png,595550,3633,SUNSEG_case94,case94,14,18f4bd9840f250359a461dd89c369842bd315280d4fd4f3d9fe3b713a52c5fc4,Easy-Unseen,SELECTED_PENDING_CONTAMINATION
testeasydataset/unseen/case94/case_m_20190121100011_0u62372012151511_1_006_002-1_a12_ayy_image0022,TestEasyDataset,Unseen,case94,case94,22,SUN-SEG-FinalData-v20251212/TestEasyDataset/Unseen/Frame/case94/case_M_20190121100011_0U62372012151511_1_006_002-1_a12_ayy_image0022.jpg,SUN-SEG-FinalData-v20251212/TestEasyDataset/Unseen/GT/case94/case_M_20190121100011_0U62372012151511_1_006_002-1_a12_ayy_image0022.png,569333,3633,SUNSEG_case94,case94,15,1a3dcb647c41dec932c89750941089bb6cd4100af52eda3c4f30e0ed8f5f2358,Easy-Unseen,SELECTED_PENDING_CONTAMINATION
testeasydataset/unseen/case94/case_m_20190121100011_0u62372012151511_1_006_003-1_a3_ayy_image0037,TestEasyDataset,Unseen,case94,case94,37,SUN-SEG-FinalData-v20251212/TestEasyDataset/Unseen/Frame/case94/case_M_20190121100011_0U62372012151511_1_006_003-1_a3_ayy_image0037.jpg,SUN-SEG-FinalData-v20251212/TestEasyDataset/Unseen/GT/case94/case_M_20190121100011_0U62372012151511_1_006_003-1_a3_ayy_image0037.png,555700,5201,SUNSEG_case94,case94,16,1af823be64308d0ded5a710342542d9e47fa74701aa8483b51e707d6a4b93b90,Easy-Unseen,SELECTED_PENDING_CONTAMINATION
testeasydataset/unseen/case94/case_m_20190121100011_0u62372012151511_1_006_003-1_a3_ayy_image0003,TestEasyDataset,Unseen,case94,case94,3,SUN-SEG-FinalData-v20251212/TestEasyDataset/Unseen/Frame/case94/case_M_20190121100011_0U62372012151511_1_006_003-1_a3_ayy_image0003.jpg,SUN-SEG-FinalData-v20251212/TestEasyDataset/Unseen/GT/case94/case_M_20190121100011_0U62372012151511_1_006_003-1_a3_ayy_image0003.png,406108,5246,SUNSEG_case94,case94,17,1c6c6056b0eab5fc4444e57ff73909b754e2a037eb9eefe428c15bc7fe6fe8f0,Easy-Unseen,SELECTED_PENDING_CONTAMINATION
testeasydataset/unseen/case94/case_m_20190121100011_0u62372012151511_1_006_002-1_a12_ayy_image0023,TestEasyDataset,Unseen,case94,case94,23,SUN-SEG-FinalData-v20251212/TestEasyDataset/Unseen/Frame/case94/case_M_20190121100011_0U62372012151511_1_006_002-1_a12_ayy_image0023.jpg,SUN-SEG-FinalData-v20251212/TestEasyDataset/Unseen/GT/case94/case_M_20190121100011_0U62372012151511_1_006_002-1_a12_ayy_image0023.png,587770,3633,SUNSEG_case94,case94,18,1cbae94ed9d6cda9daa8bf0ec578699923a880db73a409f98558c5c7bc31783b,Easy-Unseen,SELECTED_PENDING_CONTAMINATION
testeasydataset/unseen/case94/case_m_20190121100011_0u62372012151511_1_006_003-1_a3_ayy_image0054,TestEasyDataset,Unseen,case94,case94,54,SUN-SEG-FinalData-v20251212/TestEasyDataset/Unseen/Frame/case94/case_M_20190121100011_0U62372012151511_1_006_003-1_a3_ayy_image0054.jpg,SUN-SEG-FinalData-v20251212/TestEasyDataset/Unseen/GT/case94/case_M_20190121100011_0U62372012151511_1_006_003-1_a3_ayy_image0054.png,484193,5193,SUNSEG_case94,case94,19,1e8d4570454b2952f235b1160b05506b93507f2c67109eb62f9cecddf15d8acd,Easy-Unseen,SELECTED_PENDING_CONTAMINATION
testeasydataset/unseen/case94/case_m_20190121100011_0u62372012151511_1_006_003-1_a3_ayy_image0085,TestEasyDataset,Unseen,case94,case94,85,SUN-SEG-FinalData-v20251212/TestEasyDataset/Unseen/Frame/case94/case_M_20190121100011_0U62372012151511_1_006_003-1_a3_ayy_image0085.jpg,SUN-SEG-FinalData-v20251212/TestEasyDataset/Unseen/GT/case94/case_M_20190121100011_0U62372012151511_1_006_003-1_a3_ayy_image0085.png,350950,5435,SUNSEG_case94,case94,20,238c0c9920ef1d7224e4dbaef9b9e753afe5be18d2f50789173b35c0df35f5bf,Easy-Unseen,SELECTED_PENDING_CONTAMINATION
testeasydataset/unseen/case95_3/case_m_20190123101017_0u62372012395316_1_004_001-1_a8_ayy_image0113,TestEasyDataset,Unseen,case95_3,case95,113,SUN-SEG-FinalData-v20251212/TestEasyDataset/Unseen/Frame/case95_3/case_M_20190123101017_0U62372012395316_1_004_001-1_a8_ayy_image0113.jpg,SUN-SEG-FinalData-v20251212/TestEasyDataset/Unseen/GT/case95_3/case_M_20190123101017_0U62372012395316_1_004_001-1_a8_ayy_image0113.png,384235,4468,SUNSEG_case95,case95,1,001af39b1720179b858c90d54f1902c5e79481d1de27e49f6b88d4f2060c306c,Easy-Unseen,SELECTED_PENDING_CONTAMINATION
testeasydataset/unseen/case95_3/case_m_20190123101017_0u62372012395316_1_004_001-1_a8_ayy_image0125,TestEasyDataset,Unseen,case95_3,case95,125,SUN-SEG-FinalData-v20251212/TestEasyDataset/Unseen/Frame/case95_3/case_M_20190123101017_0U62372012395316_1_004_001-1_a8_ayy_image0125.jpg,SUN-SEG-FinalData-v20251212/TestEasyDataset/Unseen/GT/case95_3/case_M_20190123101017_0U62372012395316_1_004_001-1_a8_ayy_image0125.png,373872,4285,SUNSEG_case95,case95,2,0048767f39ee933a80c67f540ead7a213a7f7fbfc6cdda716885b72fa97ce87a,Easy-Unseen,SELECTED_PENDING_CONTAMINATION
testharddataset/unseen/case95_1/case_m_20190123101017_0u62372012395316_1_004_001-1_a2_ayy_image0011,TestHardDataset,Unseen,case95_1,case95,11,SUN-SEG-FinalData-v20251212/TestHardDataset/Unseen/Frame/case95_1/case_M_20190123101017_0U62372012395316_1_004_001-1_a2_ayy_image0011.jpg,SUN-SEG-FinalData-v20251212/TestHardDataset/Unseen/GT/case95_1/case_M_20190123101017_0U62372012395316_1_004_001-1_a2_ayy_image0011.png,358014,6067,SUNSEG_case95,case95,3,00b942eef98ef026724af8eb3383e4750d192d816e3e1b9190522ece5e18bd3f,Hard-Unseen,SELECTED_PENDING_CONTAMINATION
testharddataset/unseen/case95_1/case_m_20190123101017_0u62372012395316_1_004_001-1_a4_ayy_image0030,TestHardDataset,Unseen,case95_1,case95,30,SUN-SEG-FinalData-v20251212/TestHardDataset/Unseen/Frame/case95_1/case_M_20190123101017_0U62372012395316_1_004_001-1_a4_ayy_image0030.jpg,SUN-SEG-FinalData-v20251212/TestHardDataset/Unseen/GT/case95_1/case_M_20190123101017_0U62372012395316_1_004_001-1_a4_ayy_image0030.png,416792,5503,SUNSEG_case95,case95,4,0130106c80b5225bbed1d241676024f67616fab28c8fa4de9d29870aac53c111,Hard-Unseen,SELECTED_PENDING_CONTAMINATION
testeasydataset/unseen/case95_3/case_m_20190123101017_0u62372012395316_1_004_001-1_a8_ayy_image0071,TestEasyDataset,Unseen,case95_3,case95,71,SUN-SEG-FinalData-v20251212/TestEasyDataset/Unseen/Frame/case95_3/case_M_20190123101017_0U62372012395316_1_004_001-1_a8_ayy_image0071.jpg,SUN-SEG-FinalData-v20251212/TestEasyDataset/Unseen/GT/case95_3/case_M_20190123101017_0U62372012395316_1_004_001-1_a8_ayy_image0071.png,482161,5043,SUNSEG_case95,case95,5,014d50b9a6c376d55693426df832852ffe072e5424247fd232767cd14f40934c,Easy-Unseen,SELECTED_PENDING_CONTAMINATION
testharddataset/unseen/case95_1/case_m_20190123101017_0u62372012395316_1_004_001-1_a4_ayy_image0049,TestHardDataset,Unseen,case95_1,case95,49,SUN-SEG-FinalData-v20251212/TestHardDataset/Unseen/Frame/case95_1/case_M_20190123101017_0U62372012395316_1_004_001-1_a4_ayy_image0049.jpg,SUN-SEG-FinalData-v20251212/TestHardDataset/Unseen/GT/case95_1/case_M_20190123101017_0U62372012395316_1_004_001-1_a4_ayy_image0049.png,466419,5235,SUNSEG_case95,case95,6,0160fba5dd11e3c011d1da845d79eedad3f41ecd3640603cfa24d188e472fd73,Hard-Unseen,SELECTED_PENDING_CONTAMINATION
testharddataset/unseen/case95_1/case_m_20190123101017_0u62372012395316_1_004_001-1_a5_ayy_image0047,TestHardDataset,Unseen,case95_1,case95,47,SUN-SEG-FinalData-v20251212/TestHardDataset/Unseen/Frame/case95_1/case_M_20190123101017_0U62372012395316_1_004_001-1_a5_ayy_image0047.jpg,SUN-SEG-FinalData-v20251212/TestHardDataset/Unseen/GT/case95_1/case_M_20190123101017_0U62372012395316_1_004_001-1_a5_ayy_image0047.png,495639,5323,SUNSEG_case95,case95,7,019209699073e50f65b7b59db660c4158de61f019303650d7485b06178e8756b,Hard-Unseen,SELECTED_PENDING_CONTAMINATION
testharddataset/unseen/case95_1/case_m_20190123101017_0u62372012395316_1_004_001-1_a1_ayy_image0001,TestHardDataset,Unseen,case95_1,case95,1,SUN-SEG-FinalData-v20251212/TestHardDataset/Unseen/Frame/case95_1/case_M_20190123101017_0U62372012395316_1_004_001-1_a1_ayy_image0001.jpg,SUN-SEG-FinalData-v20251212/TestHardDataset/Unseen/GT/case95_1/case_M_20190123101017_0U62372012395316_1_004_001-1_a1_ayy_image0001.png,386485,4408,SUNSEG_case95,case95,8,01e254d75a707022a4268920e3313e752f0659c7d4a4f3b96cd96e84f2766f1b,Hard-Unseen,SELECTED_PENDING_CONTAMINATION
testeasydataset/unseen/case95_4/case_m_20190123101017_0u62372012395316_1_004_001-1_a8_ayy_image0235,TestEasyDataset,Unseen,case95_4,case95,235,SUN-SEG-FinalData-v20251212/TestEasyDataset/Unseen/Frame/case95_4/case_M_20190123101017_0U62372012395316_1_004_001-1_a8_ayy_image0235.jpg,SUN-SEG-FinalData-v20251212/TestEasyDataset/Unseen/GT/case95_4/case_M_20190123101017_0U62372012395316_1_004_001-1_a8_ayy_image0235.png,495497,4743,SUNSEG_case95,case95,9,01e5353a33676f71c5c873dfadb1046a53fe5fb7993d69b3303eb1f2a8bdfccb,Easy-Unseen,SELECTED_PENDING_CONTAMINATION
testeasydataset/unseen/case95_4/case_m_20190123101017_0u62372012395316_1_004_001-1_a8_ayy_image0174,TestEasyDataset,Unseen,case95_4,case95,174,SUN-SEG-FinalData-v20251212/TestEasyDataset/Unseen/Frame/case95_4/case_M_20190123101017_0U62372012395316_1_004_001-1_a8_ayy_image0174.jpg,SUN-SEG-FinalData-v20251212/TestEasyDataset/Unseen/GT/case95_4/case_M_20190123101017_0U62372012395316_1_004_001-1_a8_ayy_image0174.png,363976,4244,SUNSEG_case95,case95,10,022aec1b90e09f8c0868ac0fcdca38e11d605b9e79f0f34341294058def75fb1,Easy-Unseen,SELECTED_PENDING_CONTAMINATION
testharddataset/unseen/case95_1/case_m_20190123101017_0u62372012395316_1_004_001-1_a2_ayy_image0012,TestHardDataset,Unseen,case95_1,case95,12,SUN-SEG-FinalData-v20251212/TestHardDataset/Unseen/Frame/case95_1/case_M_20190123101017_0U62372012395316_1_004_001-1_a2_ayy_image0012.jpg,SUN-SEG-FinalData-v20251212/TestHardDataset/Unseen/GT/case95_1/case_M_20190123101017_0U62372012395316_1_004_001-1_a2_ayy_image0012.png,463258,6105,SUNSEG_case95,case95,11,02cdb4c63329ccb224e726735ab20969952cfb78340a20eb7f61e7c840ddc96d,Hard-Unseen,SELECTED_PENDING_CONTAMINATION
testharddataset/unseen/case95_1/case_m_20190123101017_0u62372012395316_1_004_001-1_a4_ayy_image0037,TestHardDataset,Unseen,case95_1,case95,37,SUN-SEG-FinalData-v20251212/TestHardDataset/Unseen/Frame/case95_1/case_M_20190123101017_0U62372012395316_1_004_001-1_a4_ayy_image0037.jpg,SUN-SEG-FinalData-v20251212/TestHardDataset/Unseen/GT/case95_1/case_M_20190123101017_0U62372012395316_1_004_001-1_a4_ayy_image0037.png,481743,5032,SUNSEG_case95,case95,12,0313713cadc788b36e901c748388d82c8a4c7fec5006431847f91d08f69b78a5,Hard-Unseen,SELECTED_PENDING_CONTAMINATION
testharddataset/unseen/case95_1/case_m_20190123101017_0u62372012395316_1_004_001-1_a4_ayy_image0024,TestHardDataset,Unseen,case95_1,case95,24,SUN-SEG-FinalData-v20251212/TestHardDataset/Unseen/Frame/case95_1/case_M_20190123101017_0U62372012395316_1_004_001-1_a4_ayy_image0024.jpg,SUN-SEG-FinalData-v20251212/TestHardDataset/Unseen/GT/case95_1/case_M_20190123101017_0U62372012395316_1_004_001-1_a4_ayy_image0024.png,387335,5306,SUNSEG_case95,case95,13,039ec37eefb6aa9e73b3070c9ecd7847d1050f096e24e864e03f21ba79469a04,Hard-Unseen,SELECTED_PENDING_CONTAMINATION
testharddataset/unseen/case95_1/case_m_20190123101017_0u62372012395316_1_004_001-1_a2_ayy_image0007,TestHardDataset,Unseen,case95_1,case95,7,SUN-SEG-FinalData-v20251212/TestHardDataset/Unseen/Frame/case95_1/case_M_20190123101017_0U62372012395316_1_004_001-1_a2_ayy_image0007.jpg,SUN-SEG-FinalData-v20251212/TestHardDataset/Unseen/GT/case95_1/case_M_20190123101017_0U62372012395316_1_004_001-1_a2_ayy_image0007.png,375141,6002,SUNSEG_case95,case95,14,04baec115aec04046fb850f590ae4d7ac5a9aec8246b9aa5b2a0f3d392ba34ca,Hard-Unseen,SELECTED_PENDING_CONTAMINATION
testeasydataset/unseen/case95_4/case_m_20190123101017_0u62372012395316_1_004_001-1_a8_ayy_image0182,TestEasyDataset,Unseen,case95_4,case95,182,SUN-SEG-FinalData-v20251212/TestEasyDataset/Unseen/Frame/case95_4/case_M_20190123101017_0U62372012395316_1_004_001-1_a8_ayy_image0182.jpg,SUN-SEG-FinalData-v20251212/TestEasyDataset/Unseen/GT/case95_4/case_M_20190123101017_0U62372012395316_1_004_001-1_a8_ayy_image0182.png,366977,4607,SUNSEG_case95,case95,15,04f9df289459d510b034cd17faa047f5a0f34d0013ac6a37373328aeb626c239,Easy-Unseen,SELECTED_PENDING_CONTAMINATION
testeasydataset/unseen/case95_2/case_m_20190123101017_0u62372012395316_1_004_001-1_a7_ayy_image0042,TestEasyDataset,Unseen,case95_2,case95,42,SUN-SEG-FinalData-v20251212/TestEasyDataset/Unseen/Frame/case95_2/case_M_20190123101017_0U62372012395316_1_004_001-1_a7_ayy_image0042.jpg,SUN-SEG-FinalData-v20251212/TestEasyDataset/Unseen/GT/case95_2/case_M_20190123101017_0U62372012395316_1_004_001-1_a7_ayy_image0042.png,382685,4797,SUNSEG_case95,case95,16,05b5e6698a607c17d3610933bc3e8c4a1b0d8c48c3629cb913bee5c2b35f92b3,Easy-Unseen,SELECTED_PENDING_CONTAMINATION
testharddataset/unseen/case95_1/case_m_20190123101017_0u62372012395316_1_004_001-1_a6_ayy_image0045,TestHardDataset,Unseen,case95_1,case95,45,SUN-SEG-FinalData-v20251212/TestHardDataset/Unseen/Frame/case95_1/case_M_20190123101017_0U62372012395316_1_004_001-1_a6_ayy_image0045.jpg,SUN-SEG-FinalData-v20251212/TestHardDataset/Unseen/GT/case95_1/case_M_20190123101017_0U62372012395316_1_004_001-1_a6_ayy_image0045.png,609625,4823,SUNSEG_case95,case95,17,05eb23825cc1221ad3e184082cec047503063dfe29d31607630888ccc740d363,Hard-Unseen,SELECTED_PENDING_CONTAMINATION
testharddataset/unseen/case95_1/case_m_20190123101017_0u62372012395316_1_004_001-1_a4_ayy_image0015,TestHardDataset,Unseen,case95_1,case95,15,SUN-SEG-FinalData-v20251212/TestHardDataset/Unseen/Frame/case95_1/case_M_20190123101017_0U62372012395316_1_004_001-1_a4_ayy_image0015.jpg,SUN-SEG-FinalData-v20251212/TestHardDataset/Unseen/GT/case95_1/case_M_20190123101017_0U62372012395316_1_004_001-1_a4_ayy_image0015.png,436740,5432,SUNSEG_case95,case95,18,05fccdf9d9c3c77725a53c87f3a28f4bcee5a966912ccafd38a9df0202dc8727,Hard-Unseen,SELECTED_PENDING_CONTAMINATION
testeasydataset/unseen/case95_2/case_m_20190123101017_0u62372012395316_1_004_001-1_a7_ayy_image0058,TestEasyDataset,Unseen,case95_2,case95,58,SUN-SEG-FinalData-v20251212/TestEasyDataset/Unseen/Frame/case95_2/case_M_20190123101017_0U62372012395316_1_004_001-1_a7_ayy_image0058.jpg,SUN-SEG-FinalData-v20251212/TestEasyDataset/Unseen/GT/case95_2/case_M_20190123101017_0U62372012395316_1_004_001-1_a7_ayy_image0058.png,524519,4688,SUNSEG_case95,case95,19,0668e8065619edceaa5bd6dad46c53d494a85d61c9dade8858284e3daea66190,Easy-Unseen,SELECTED_PENDING_CONTAMINATION
testeasydataset/unseen/case95_4/case_m_20190123101017_0u62372012395316_1_004_001-1_a8_ayy_image0151,TestEasyDataset,Unseen,case95_4,case95,151,SUN-SEG-FinalData-v20251212/TestEasyDataset/Unseen/Frame/case95_4/case_M_20190123101017_0U62372012395316_1_004_001-1_a8_ayy_image0151.jpg,SUN-SEG-FinalData-v20251212/TestEasyDataset/Unseen/GT/case95_4/case_M_20190123101017_0U62372012395316_1_004_001-1_a8_ayy_image0151.png,516314,3773,SUNSEG_case95,case95,20,07830811686bba7c43f9dfe12847f28fcf492d2bd471620e1025267d4ba5d806,Easy-Unseen,SELECTED_PENDING_CONTAMINATION
testeasydataset/unseen/case96_1/case_m_20190126102153_0u62372012695352_1_001_001-1_a3_ayy_image0038,TestEasyDataset,Unseen,case96_1,case96,38,SUN-SEG-FinalData-v20251212/TestEasyDataset/Unseen/Frame/case96_1/case_M_20190126102153_0U62372012695352_1_001_001-1_a3_ayy_image0038.jpg,SUN-SEG-FinalData-v20251212/TestEasyDataset/Unseen/GT/case96_1/case_M_20190126102153_0U62372012695352_1_001_001-1_a3_ayy_image0038.png,646373,4743,SUNSEG_case96,case96,1,0051ec5af6367cec724c02882d28af507874e49f46d91c037d564cdaeedc43d2,Easy-Unseen,SELECTED_PENDING_CONTAMINATION
testeasydataset/unseen/case96_2/case_m_20190126102153_0u62372012695352_1_001_001-1_a4_ayy_image0175,TestEasyDataset,Unseen,case96_2,case96,175,SUN-SEG-FinalData-v20251212/TestEasyDataset/Unseen/Frame/case96_2/case_M_20190126102153_0U62372012695352_1_001_001-1_a4_ayy_image0175.jpg,SUN-SEG-FinalData-v20251212/TestEasyDataset/Unseen/GT/case96_2/case_M_20190126102153_0U62372012695352_1_001_001-1_a4_ayy_image0175.png,659347,4463,SUNSEG_case96,case96,2,02853b88e81a0892c51c91dd7b6314007fa7f5c4e5694cfe64feb1d5dca797ba,Easy-Unseen,SELECTED_PENDING_CONTAMINATION
testeasydataset/unseen/case96_1/case_m_20190126102153_0u62372012695352_1_001_001-1_a3_ayy_image0042,TestEasyDataset,Unseen,case96_1,case96,42,SUN-SEG-FinalData-v20251212/TestEasyDataset/Unseen/Frame/case96_1/case_M_20190126102153_0U62372012695352_1_001_001-1_a3_ayy_image0042.jpg,SUN-SEG-FinalData-v20251212/TestEasyDataset/Unseen/GT/case96_1/case_M_20190126102153_0U62372012695352_1_001_001-1_a3_ayy_image0042.png,663422,4743,SUNSEG_case96,case96,3,032b8df8487761a2e86397d2c81260b7db8a8d7fa8ffdca5d8257ebf993efde5,Easy-Unseen,SELECTED_PENDING_CONTAMINATION
testeasydataset/unseen/case96_2/case_m_20190126102153_0u62372012695352_1_001_001-1_a4_ayy_image0127,TestEasyDataset,Unseen,case96_2,case96,127,SUN-SEG-FinalData-v20251212/TestEasyDataset/Unseen/Frame/case96_2/case_M_20190126102153_0U62372012695352_1_001_001-1_a4_ayy_image0127.jpg,SUN-SEG-FinalData-v20251212/TestEasyDataset/Unseen/GT/case96_2/case_M_20190126102153_0U62372012695352_1_001_001-1_a4_ayy_image0127.png,574429,4505,SUNSEG_case96,case96,4,046d98d11c55d875498d0f3c052a3891b9bba1fda63c3d589c8d72d6e4e23efe,Easy-Unseen,SELECTED_PENDING_CONTAMINATION
testeasydataset/unseen/case96_1/case_m_20190126102153_0u62372012695352_1_001_001-1_a1_ayy_image0055,TestEasyDataset,Unseen,case96_1,case96,55,SUN-SEG-FinalData-v20251212/TestEasyDataset/Unseen/Frame/case96_1/case_M_20190126102153_0U62372012695352_1_001_001-1_a1_ayy_image0055.jpg,SUN-SEG-FinalData-v20251212/TestEasyDataset/Unseen/GT/case96_1/case_M_20190126102153_0U62372012695352_1_001_001-1_a1_ayy_image0055.png,444295,5073,SUNSEG_case96,case96,5,04e33c561307387bbd4fbbb6247133b4a3a335f30e24916a442e450c4bd93881,Easy-Unseen,SELECTED_PENDING_CONTAMINATION
testeasydataset/unseen/case96_2/case_m_20190126102153_0u62372012695352_1_001_001-1_a4_ayy_image0089,TestEasyDataset,Unseen,case96_2,case96,89,SUN-SEG-FinalData-v20251212/TestEasyDataset/Unseen/Frame/case96_2/case_M_20190126102153_0U62372012695352_1_001_001-1_a4_ayy_image0089.jpg,SUN-SEG-FinalData-v20251212/TestEasyDataset/Unseen/GT/case96_2/case_M_20190126102153_0U62372012695352_1_001_001-1_a4_ayy_image0089.png,664411,4728,SUNSEG_case96,case96,6,05514e23a3789072b9f6cbe6ba2bca1950ab7654327c38f577ba4ba959165c7e,Easy-Unseen,SELECTED_PENDING_CONTAMINATION
testeasydataset/unseen/case96_2/case_m_20190126102153_0u62372012695352_1_001_001-1_a4_ayy_image0087,TestEasyDataset,Unseen,case96_2,case96,87,SUN-SEG-FinalData-v20251212/TestEasyDataset/Unseen/Frame/case96_2/case_M_20190126102153_0U62372012695352_1_001_001-1_a4_ayy_image0087.jpg,SUN-SEG-FinalData-v20251212/TestEasyDataset/Unseen/GT/case96_2/case_M_20190126102153_0U62372012695352_1_001_001-1_a4_ayy_image0087.png,657295,4728,SUNSEG_case96,case96,7,0637393d7c28df47d854d1ff0b11bdfcbd303219cef667bbd1413c44730b951f,Easy-Unseen,SELECTED_PENDING_CONTAMINATION
testeasydataset/unseen/case96_2/case_m_20190126102153_0u62372012695352_1_001_001-1_a4_ayy_image0093,TestEasyDataset,Unseen,case96_2,case96,93,SUN-SEG-FinalData-v20251212/TestEasyDataset/Unseen/Frame/case96_2/case_M_20190126102153_0U62372012695352_1_001_001-1_a4_ayy_image0093.jpg,SUN-SEG-FinalData-v20251212/TestEasyDataset/Unseen/GT/case96_2/case_M_20190126102153_0U62372012695352_1_001_001-1_a4_ayy_image0093.png,683602,4771,SUNSEG_case96,case96,8,068755418c6c3e49ffbee741c930bd04c8e7cf6eaf6571423ce54bb6aa7a4512,Easy-Unseen,SELECTED_PENDING_CONTAMINATION
testeasydataset/unseen/case96_1/case_m_20190126102153_0u62372012695352_1_001_001-1_a3_ayy_image0016,TestEasyDataset,Unseen,case96_1,case96,16,SUN-SEG-FinalData-v20251212/TestEasyDataset/Unseen/Frame/case96_1/case_M_20190126102153_0U62372012695352_1_001_001-1_a3_ayy_image0016.jpg,SUN-SEG-FinalData-v20251212/TestEasyDataset/Unseen/GT/case96_1/case_M_20190126102153_0U62372012695352_1_001_001-1_a3_ayy_image0016.png,407043,4722,SUNSEG_case96,case96,9,072120c9f3b31bdc66375a83cce5fc3399c0f038b16def8762d9f0c9fc2c939b,Easy-Unseen,SELECTED_PENDING_CONTAMINATION
testeasydataset/unseen/case96_2/case_m_20190126102153_0u62372012695352_1_001_001-1_a4_ayy_image0147,TestEasyDataset,Unseen,case96_2,case96,147,SUN-SEG-FinalData-v20251212/TestEasyDataset/Unseen/Frame/case96_2/case_M_20190126102153_0U62372012695352_1_001_001-1_a4_ayy_image0147.jpg,SUN-SEG-FinalData-v20251212/TestEasyDataset/Unseen/GT/case96_2/case_M_20190126102153_0U62372012695352_1_001_001-1_a4_ayy_image0147.png,478187,4482,SUNSEG_case96,case96,10,07b99eceba5ec2540a70c06d8fa354438068d48fdacd29988a7f729b56c5a253,Easy-Unseen,SELECTED_PENDING_CONTAMINATION
testeasydataset/unseen/case96_2/case_m_20190126102153_0u62372012695352_1_001_001-1_a4_ayy_image0165,TestEasyDataset,Unseen,case96_2,case96,165,SUN-SEG-FinalData-v20251212/TestEasyDataset/Unseen/Frame/case96_2/case_M_20190126102153_0U62372012695352_1_001_001-1_a4_ayy_image0165.jpg,SUN-SEG-FinalData-v20251212/TestEasyDataset/Unseen/GT/case96_2/case_M_20190126102153_0U62372012695352_1_001_001-1_a4_ayy_image0165.png,480591,4453,SUNSEG_case96,case96,11,0858d1b70b68741fadccd3c1e4d18672518b7b4e0b2b1768e1c3691fe36248dc,Easy-Unseen,SELECTED_PENDING_CONTAMINATION
testeasydataset/unseen/case96_1/case_m_20190126102153_0u62372012695352_1_001_001-1_a1_ayy_image0040,TestEasyDataset,Unseen,case96_1,case96,40,SUN-SEG-FinalData-v20251212/TestEasyDataset/Unseen/Frame/case96_1/case_M_20190126102153_0U62372012695352_1_001_001-1_a1_ayy_image0040.jpg,SUN-SEG-FinalData-v20251212/TestEasyDataset/Unseen/GT/case96_1/case_M_20190126102153_0U62372012695352_1_001_001-1_a1_ayy_image0040.png,508862,4212,SUNSEG_case96,case96,12,091699659a65b0aad0e91aedae38dce1c349ff65068b2b84808186bc48e722b5,Easy-Unseen,SELECTED_PENDING_CONTAMINATION
testeasydataset/unseen/case96_2/case_m_20190126102153_0u62372012695352_1_001_001-1_a4_ayy_image0103,TestEasyDataset,Unseen,case96_2,case96,103,SUN-SEG-FinalData-v20251212/TestEasyDataset/Unseen/Frame/case96_2/case_M_20190126102153_0U62372012695352_1_001_001-1_a4_ayy_image0103.jpg,SUN-SEG-FinalData-v20251212/TestEasyDataset/Unseen/GT/case96_2/case_M_20190126102153_0U62372012695352_1_001_001-1_a4_ayy_image0103.png,650063,4508,SUNSEG_case96,case96,13,09885b7d2eb041abb0c8dd0e72b6382dbb121cbf380fd93ad443fbc67eefcbf7,Easy-Unseen,SELECTED_PENDING_CONTAMINATION
testeasydataset/unseen/case96_2/case_m_20190126102153_0u62372012695352_1_001_001-1_a4_ayy_image0084,TestEasyDataset,Unseen,case96_2,case96,84,SUN-SEG-FinalData-v20251212/TestEasyDataset/Unseen/Frame/case96_2/case_M_20190126102153_0U62372012695352_1_001_001-1_a4_ayy_image0084.jpg,SUN-SEG-FinalData-v20251212/TestEasyDataset/Unseen/GT/case96_2/case_M_20190126102153_0U62372012695352_1_001_001-1_a4_ayy_image0084.png,642768,4728,SUNSEG_case96,case96,14,0c083a0e1c93c66de75f5df5a24fdba6fb959d3e7110b8ecc8e34d4fb97aae14,Easy-Unseen,SELECTED_PENDING_CONTAMINATION
testeasydataset/unseen/case96_1/case_m_20190126102153_0u62372012695352_1_001_001-1_a3_ayy_image0013,TestEasyDataset,Unseen,case96_1,case96,13,SUN-SEG-FinalData-v20251212/TestEasyDataset/Unseen/Frame/case96_1/case_M_20190126102153_0U62372012695352_1_001_001-1_a3_ayy_image0013.jpg,SUN-SEG-FinalData-v20251212/TestEasyDataset/Unseen/GT/case96_1/case_M_20190126102153_0U62372012695352_1_001_001-1_a3_ayy_image0013.png,405174,4732,SUNSEG_case96,case96,15,0c22655625444e64e5fb24fbcd339c1dc45a216cd07252285479e7fbd617e4d1,Easy-Unseen,SELECTED_PENDING_CONTAMINATION
testeasydataset/unseen/case96_2/case_m_20190126102153_0u62372012695352_1_001_001-1_a4_ayy_image0121,TestEasyDataset,Unseen,case96_2,case96,121,SUN-SEG-FinalData-v20251212/TestEasyDataset/Unseen/Frame/case96_2/case_M_20190126102153_0U62372012695352_1_001_001-1_a4_ayy_image0121.jpg,SUN-SEG-FinalData-v20251212/TestEasyDataset/Unseen/GT/case96_2/case_M_20190126102153_0U62372012695352_1_001_001-1_a4_ayy_image0121.png,565886,4513,SUNSEG_case96,case96,16,0c561189a9d3d1cc41364de71f898a9f89c848223a7e35fda48a74407a2e95fa,Easy-Unseen,SELECTED_PENDING_CONTAMINATION
testeasydataset/unseen/case96_1/case_m_20190126102153_0u62372012695352_1_001_001-1_a1_ayy_image0061,TestEasyDataset,Unseen,case96_1,case96,61,SUN-SEG-FinalData-v20251212/TestEasyDataset/Unseen/Frame/case96_1/case_M_20190126102153_0U62372012695352_1_001_001-1_a1_ayy_image0061.jpg,SUN-SEG-FinalData-v20251212/TestEasyDataset/Unseen/GT/case96_1/case_M_20190126102153_0U62372012695352_1_001_001-1_a1_ayy_image0061.png,548673,5081,SUNSEG_case96,case96,17,0cd5d05728005892ee8e101c1c4f1af611ec55fe985cb8ad983d19c788fc1ed6,Easy-Unseen,SELECTED_PENDING_CONTAMINATION
testeasydataset/unseen/case96_1/case_m_20190126102153_0u62372012695352_1_001_001-1_a3_ayy_image0021,TestEasyDataset,Unseen,case96_1,case96,21,SUN-SEG-FinalData-v20251212/TestEasyDataset/Unseen/Frame/case96_1/case_M_20190126102153_0U62372012695352_1_001_001-1_a3_ayy_image0021.jpg,SUN-SEG-FinalData-v20251212/TestEasyDataset/Unseen/GT/case96_1/case_M_20190126102153_0U62372012695352_1_001_001-1_a3_ayy_image0021.png,603033,4715,SUNSEG_case96,case96,18,0d38e702d4f7940291b4599631c57c2a8f8d85b788ba058deb92a1d3ad96febb,Easy-Unseen,SELECTED_PENDING_CONTAMINATION
testeasydataset/unseen/case96_1/case_m_20190126102153_0u62372012695352_1_001_001-1_a1_ayy_image0046,TestEasyDataset,Unseen,case96_1,case96,46,SUN-SEG-FinalData-v20251212/TestEasyDataset/Unseen/Frame/case96_1/case_M_20190126102153_0U62372012695352_1_001_001-1_a1_ayy_image0046.jpg,SUN-SEG-FinalData-v20251212/TestEasyDataset/Unseen/GT/case96_1/case_M_20190126102153_0U62372012695352_1_001_001-1_a1_ayy_image0046.png,512383,3838,SUNSEG_case96,case96,19,0d956d9b91386dba47e158d76f12c632b40a6f4e2d7d8d88d8d67b336d51a190,Easy-Unseen,SELECTED_PENDING_CONTAMINATION
testeasydataset/unseen/case96_2/case_m_20190126102153_0u62372012695352_1_001_001-1_a4_ayy_image0123,TestEasyDataset,Unseen,case96_2,case96,123,SUN-SEG-FinalData-v20251212/TestEasyDataset/Unseen/Frame/case96_2/case_M_20190126102153_0U62372012695352_1_001_001-1_a4_ayy_image0123.jpg,SUN-SEG-FinalData-v20251212/TestEasyDataset/Unseen/GT/case96_2/case_M_20190126102153_0U62372012695352_1_001_001-1_a4_ayy_image0123.png,451162,4513,SUNSEG_case96,case96,20,0e0d606f24af12715870a8a2cc9e36f06d03ce6a120f65fcbfe7547dce1233e0,Easy-Unseen,SELECTED_PENDING_CONTAMINATION
testharddataset/unseen/case97_2/case_m_20190128094801_0u62372012857800_1_002_001-1_a7_ayy_image0044,TestHardDataset,Unseen,case97_2,case97,44,SUN-SEG-FinalData-v20251212/TestHardDataset/Unseen/Frame/case97_2/case_M_20190128094801_0U62372012857800_1_002_001-1_a7_ayy_image0044.jpg,SUN-SEG-FinalData-v20251212/TestHardDataset/Unseen/GT/case97_2/case_M_20190128094801_0U62372012857800_1_002_001-1_a7_ayy_image0044.png,524324,6141,SUNSEG_case97,case97,1,0011e3e40985631f4e12078778e4d1ddc2a8c52fc78c553a1ffb5a2410ad97a6,Hard-Unseen,SELECTED_PENDING_CONTAMINATION
testharddataset/unseen/case97_2/case_m_20190128094801_0u62372012857800_1_002_001-1_a6_ayy_image0152,TestHardDataset,Unseen,case97_2,case97,152,SUN-SEG-FinalData-v20251212/TestHardDataset/Unseen/Frame/case97_2/case_M_20190128094801_0U62372012857800_1_002_001-1_a6_ayy_image0152.jpg,SUN-SEG-FinalData-v20251212/TestHardDataset/Unseen/GT/case97_2/case_M_20190128094801_0U62372012857800_1_002_001-1_a6_ayy_image0152.png,429500,6655,SUNSEG_case97,case97,2,008cd666e93d338acdf3e274793e6755749cccaf4a9e3652f931a8a68a008878,Hard-Unseen,SELECTED_PENDING_CONTAMINATION
testharddataset/unseen/case97_2/case_m_20190128094801_0u62372012857800_1_002_001-1_a6_ayy_image0147,TestHardDataset,Unseen,case97_2,case97,147,SUN-SEG-FinalData-v20251212/TestHardDataset/Unseen/Frame/case97_2/case_M_20190128094801_0U62372012857800_1_002_001-1_a6_ayy_image0147.jpg,SUN-SEG-FinalData-v20251212/TestHardDataset/Unseen/GT/case97_2/case_M_20190128094801_0U62372012857800_1_002_001-1_a6_ayy_image0147.png,465908,6480,SUNSEG_case97,case97,3,01757ae851d4ab77e8d72cb31de1fd9e41520050dc11fdbcedc4e727910b6b9c,Hard-Unseen,SELECTED_PENDING_CONTAMINATION
testeasydataset/unseen/case97_1/case_m_20190128094801_0u62372012857800_1_002_001-1_a3_ayy_image0029,TestEasyDataset,Unseen,case97_1,case97,29,SUN-SEG-FinalData-v20251212/TestEasyDataset/Unseen/Frame/case97_1/case_M_20190128094801_0U62372012857800_1_002_001-1_a3_ayy_image0029.jpg,SUN-SEG-FinalData-v20251212/TestEasyDataset/Unseen/GT/case97_1/case_M_20190128094801_0U62372012857800_1_002_001-1_a3_ayy_image0029.png,573277,5068,SUNSEG_case97,case97,4,034116c91af85759dd92be436f52562fc494dcac5df46e88779608f5ce43c3c4,Easy-Unseen,SELECTED_PENDING_CONTAMINATION
testharddataset/unseen/case97_2/case_m_20190128094801_0u62372012857800_1_002_001-1_a6_ayy_image0085,TestHardDataset,Unseen,case97_2,case97,85,SUN-SEG-FinalData-v20251212/TestHardDataset/Unseen/Frame/case97_2/case_M_20190128094801_0U62372012857800_1_002_001-1_a6_ayy_image0085.jpg,SUN-SEG-FinalData-v20251212/TestHardDataset/Unseen/GT/case97_2/case_M_20190128094801_0U62372012857800_1_002_001-1_a6_ayy_image0085.png,613721,5319,SUNSEG_case97,case97,5,0384ea1f8e99a9e154356da8fed1f5861dcbe68f85c990caf585b444c1961e75,Hard-Unseen,SELECTED_PENDING_CONTAMINATION
testharddataset/unseen/case97_2/case_m_20190128094801_0u62372012857800_1_002_001-1_a6_ayy_image0079,TestHardDataset,Unseen,case97_2,case97,79,SUN-SEG-FinalData-v20251212/TestHardDataset/Unseen/Frame/case97_2/case_M_20190128094801_0U62372012857800_1_002_001-1_a6_ayy_image0079.jpg,SUN-SEG-FinalData-v20251212/TestHardDataset/Unseen/GT/case97_2/case_M_20190128094801_0U62372012857800_1_002_001-1_a6_ayy_image0079.png,566962,5341,SUNSEG_case97,case97,6,03bf9bbb2884866708e7cc2fc92d194de2242b285c42065fe1dc0df6f80fb321,Hard-Unseen,SELECTED_PENDING_CONTAMINATION
testeasydataset/unseen/case97_3/case_m_20190128094801_0u62372012857800_1_002_001-1_a13_ayy_image0109,TestEasyDataset,Unseen,case97_3,case97,109,SUN-SEG-FinalData-v20251212/TestEasyDataset/Unseen/Frame/case97_3/case_M_20190128094801_0U62372012857800_1_002_001-1_a13_ayy_image0109.jpg,SUN-SEG-FinalData-v20251212/TestEasyDataset/Unseen/GT/case97_3/case_M_20190128094801_0U62372012857800_1_002_001-1_a13_ayy_image0109.png,489961,6358,SUNSEG_case97,case97,7,0509656c5291100f55fd4067b2d28ffaba43d4df4cfad5a053820378397ee4f2,Easy-Unseen,SELECTED_PENDING_CONTAMINATION
testharddataset/unseen/case97_2/case_m_20190128094801_0u62372012857800_1_002_001-1_a7_ayy_image0032,TestHardDataset,Unseen,case97_2,case97,32,SUN-SEG-FinalData-v20251212/TestHardDataset/Unseen/Frame/case97_2/case_M_20190128094801_0U62372012857800_1_002_001-1_a7_ayy_image0032.jpg,SUN-SEG-FinalData-v20251212/TestHardDataset/Unseen/GT/case97_2/case_M_20190128094801_0U62372012857800_1_002_001-1_a7_ayy_image0032.png,488847,5587,SUNSEG_case97,case97,8,0509d857626e758e59dc7ddf75ac33488bc98839eee5d073e0d29ce21f218135,Hard-Unseen,SELECTED_PENDING_CONTAMINATION
testharddataset/unseen/case97_2/case_m_20190128094801_0u62372012857800_1_002_001-1_a6_ayy_image0118,TestHardDataset,Unseen,case97_2,case97,118,SUN-SEG-FinalData-v20251212/TestHardDataset/Unseen/Frame/case97_2/case_M_20190128094801_0U62372012857800_1_002_001-1_a6_ayy_image0118.jpg,SUN-SEG-FinalData-v20251212/TestHardDataset/Unseen/GT/case97_2/case_M_20190128094801_0U62372012857800_1_002_001-1_a6_ayy_image0118.png,572383,5315,SUNSEG_case97,case97,9,05215ca5d7d88c36406380fc613dd41dedbe9d0d25f262d9270412f50058d154,Hard-Unseen,SELECTED_PENDING_CONTAMINATION
testharddataset/unseen/case97_2/case_m_20190128094801_0u62372012857800_1_002_001-1_a6_ayy_image0135,TestHardDataset,Unseen,case97_2,case97,135,SUN-SEG-FinalData-v20251212/TestHardDataset/Unseen/Frame/case97_2/case_M_20190128094801_0U62372012857800_1_002_001-1_a6_ayy_image0135.jpg,SUN-SEG-FinalData-v20251212/TestHardDataset/Unseen/GT/case97_2/case_M_20190128094801_0U62372012857800_1_002_001-1_a6_ayy_image0135.png,461343,6182,SUNSEG_case97,case97,10,067134311477b7b7ca34c9d55cd5ac726b913d465f220d45dc0e615b89c874ce,Hard-Unseen,SELECTED_PENDING_CONTAMINATION
testeasydataset/unseen/case97_3/case_m_20190128094801_0u62372012857800_1_002_001-1_a13_ayy_image0013,TestEasyDataset,Unseen,case97_3,case97,13,SUN-SEG-FinalData-v20251212/TestEasyDataset/Unseen/Frame/case97_3/case_M_20190128094801_0U62372012857800_1_002_001-1_a13_ayy_image0013.jpg,SUN-SEG-FinalData-v20251212/TestEasyDataset/Unseen/GT/case97_3/case_M_20190128094801_0U62372012857800_1_002_001-1_a13_ayy_image0013.png,508623,5990,SUNSEG_case97,case97,11,0ac55881fa74768e658b7d710fb37e08b6347e22feed17488dba235c32cc2ce4,Easy-Unseen,SELECTED_PENDING_CONTAMINATION
testeasydataset/unseen/case97_1/case_m_20190128094801_0u62372012857800_1_002_001-1_a6_ayy_image0036,TestEasyDataset,Unseen,case97_1,case97,36,SUN-SEG-FinalData-v20251212/TestEasyDataset/Unseen/Frame/case97_1/case_M_20190128094801_0U62372012857800_1_002_001-1_a6_ayy_image0036.jpg,SUN-SEG-FinalData-v20251212/TestEasyDataset/Unseen/GT/case97_1/case_M_20190128094801_0U62372012857800_1_002_001-1_a6_ayy_image0036.png,555270,5249,SUNSEG_case97,case97,12,0c911e292dbd97b4ef95a6ff1f276c347d6f6b640ce79211cbb941c10f92b668,Easy-Unseen,SELECTED_PENDING_CONTAMINATION
testharddataset/unseen/case97_2/case_m_20190128094801_0u62372012857800_1_002_001-1_a6_ayy_image0112,TestHardDataset,Unseen,case97_2,case97,112,SUN-SEG-FinalData-v20251212/TestHardDataset/Unseen/Frame/case97_2/case_M_20190128094801_0U62372012857800_1_002_001-1_a6_ayy_image0112.jpg,SUN-SEG-FinalData-v20251212/TestHardDataset/Unseen/GT/case97_2/case_M_20190128094801_0U62372012857800_1_002_001-1_a6_ayy_image0112.png,548735,5443,SUNSEG_case97,case97,13,0e44db46bee0e338b95c1c7db97eb04b710c15ec742741d39dc6ba5b79f925bf,Hard-Unseen,SELECTED_PENDING_CONTAMINATION
testeasydataset/unseen/case97_1/case_m_20190128094801_0u62372012857800_1_002_001-1_a4_ayy_image0009,TestEasyDataset,Unseen,case97_1,case97,9,SUN-SEG-FinalData-v20251212/TestEasyDataset/Unseen/Frame/case97_1/case_M_20190128094801_0U62372012857800_1_002_001-1_a4_ayy_image0009.jpg,SUN-SEG-FinalData-v20251212/TestEasyDataset/Unseen/GT/case97_1/case_M_20190128094801_0U62372012857800_1_002_001-1_a4_ayy_image0009.png,438198,6529,SUNSEG_case97,case97,14,0ee3c5400c6f752d59b9fc80e056d51590f1e9a0bc65fba3206374e1a8c4435c,Easy-Unseen,SELECTED_PENDING_CONTAMINATION
testeasydataset/unseen/case97_3/case_m_20190128094801_0u62372012857800_1_002_001-1_a13_ayy_image0048,TestEasyDataset,Unseen,case97_3,case97,48,SUN-SEG-FinalData-v20251212/TestEasyDataset/Unseen/Frame/case97_3/case_M_20190128094801_0U62372012857800_1_002_001-1_a13_ayy_image0048.jpg,SUN-SEG-FinalData-v20251212/TestEasyDataset/Unseen/GT/case97_3/case_M_20190128094801_0U62372012857800_1_002_001-1_a13_ayy_image0048.png,449780,6110,SUNSEG_case97,case97,15,116b00b4c14c490a0533d8543ab0ea7a1d927448549b20bf36198b042b54d0ca,Easy-Unseen,SELECTED_PENDING_CONTAMINATION
testharddataset/unseen/case97_2/case_m_20190128094801_0u62372012857800_1_002_001-1_a6_ayy_image0082,TestHardDataset,Unseen,case97_2,case97,82,SUN-SEG-FinalData-v20251212/TestHardDataset/Unseen/Frame/case97_2/case_M_20190128094801_0U62372012857800_1_002_001-1_a6_ayy_image0082.jpg,SUN-SEG-FinalData-v20251212/TestHardDataset/Unseen/GT/case97_2/case_M_20190128094801_0U62372012857800_1_002_001-1_a6_ayy_image0082.png,571244,5230,SUNSEG_case97,case97,16,11e84d4baf47a3b335d6e37f4d4407754da48944c33f4d47d02f9659a06bbbf6,Hard-Unseen,SELECTED_PENDING_CONTAMINATION
testeasydataset/unseen/case97_1/case_m_20190128094801_0u62372012857800_1_002_001-1_a5_ayy_image0009,TestEasyDataset,Unseen,case97_1,case97,9,SUN-SEG-FinalData-v20251212/TestEasyDataset/Unseen/Frame/case97_1/case_M_20190128094801_0U62372012857800_1_002_001-1_a5_ayy_image0009.jpg,SUN-SEG-FinalData-v20251212/TestEasyDataset/Unseen/GT/case97_1/case_M_20190128094801_0U62372012857800_1_002_001-1_a5_ayy_image0009.png,517190,6404,SUNSEG_case97,case97,17,1321aab9c9b9239ea9c2e1dfb32dd7162c388bcca506005246c962cb39cdce24,Easy-Unseen,SELECTED_PENDING_CONTAMINATION
testeasydataset/unseen/case97_3/case_m_20190128094801_0u62372012857800_1_002_001-1_a13_ayy_image0119,TestEasyDataset,Unseen,case97_3,case97,119,SUN-SEG-FinalData-v20251212/TestEasyDataset/Unseen/Frame/case97_3/case_M_20190128094801_0U62372012857800_1_002_001-1_a13_ayy_image0119.jpg,SUN-SEG-FinalData-v20251212/TestEasyDataset/Unseen/GT/case97_3/case_M_20190128094801_0U62372012857800_1_002_001-1_a13_ayy_image0119.png,516406,6446,SUNSEG_case97,case97,18,138f0f0ae71ef2e1e057423f896bc48b2d1fbedd625b59bd4b6d2a171cb0f9d7,Easy-Unseen,SELECTED_PENDING_CONTAMINATION
testeasydataset/unseen/case97_1/case_m_20190128094801_0u62372012857800_1_002_001-1_a3_ayy_image0031,TestEasyDataset,Unseen,case97_1,case97,31,SUN-SEG-FinalData-v20251212/TestEasyDataset/Unseen/Frame/case97_1/case_M_20190128094801_0U62372012857800_1_002_001-1_a3_ayy_image0031.jpg,SUN-SEG-FinalData-v20251212/TestEasyDataset/Unseen/GT/case97_1/case_M_20190128094801_0U62372012857800_1_002_001-1_a3_ayy_image0031.png,497613,5074,SUNSEG_case97,case97,19,147acb6f99f279a7a330535d70fecfcfa0229b7ebe5c0794627746505e67c267,Easy-Unseen,SELECTED_PENDING_CONTAMINATION
testeasydataset/unseen/case97_1/case_m_20190128094801_0u62372012857800_1_002_001-1_a5_ayy_image0030,TestEasyDataset,Unseen,case97_1,case97,30,SUN-SEG-FinalData-v20251212/TestEasyDataset/Unseen/Frame/case97_1/case_M_20190128094801_0U62372012857800_1_002_001-1_a5_ayy_image0030.jpg,SUN-SEG-FinalData-v20251212/TestEasyDataset/Unseen/GT/case97_1/case_M_20190128094801_0U62372012857800_1_002_001-1_a5_ayy_image0030.png,589884,5904,SUNSEG_case97,case97,20,14951331a00b6b5bdb9704059e81c077e0546b5d066d1cffde601e9f4dff163e,Easy-Unseen,SELECTED_PENDING_CONTAMINATION
testeasydataset/unseen/case99/case_m_20190131094430_0u62372013151529_1_003_001-1_a5_ayy_image0066,TestEasyDataset,Unseen,case99,case99,66,SUN-SEG-FinalData-v20251212/TestEasyDataset/Unseen/Frame/case99/case_M_20190131094430_0U62372013151529_1_003_001-1_a5_ayy_image0066.jpg,SUN-SEG-FinalData-v20251212/TestEasyDataset/Unseen/GT/case99/case_M_20190131094430_0U62372013151529_1_003_001-1_a5_ayy_image0066.png,609982,5142,SUNSEG_case99,case99,1,008fbb0a76aa3dbddc2970eef216acf92fd97cdaea196acbd28f63488530e43c,Easy-Unseen,SELECTED_PENDING_CONTAMINATION
testeasydataset/unseen/case99/case_m_20190131094430_0u62372013151529_1_003_001-1_a4_ayy_image0005,TestEasyDataset,Unseen,case99,case99,5,SUN-SEG-FinalData-v20251212/TestEasyDataset/Unseen/Frame/case99/case_M_20190131094430_0U62372013151529_1_003_001-1_a4_ayy_image0005.jpg,SUN-SEG-FinalData-v20251212/TestEasyDataset/Unseen/GT/case99/case_M_20190131094430_0U62372013151529_1_003_001-1_a4_ayy_image0005.png,414581,4548,SUNSEG_case99,case99,2,00d0d776b7c9830872763e10c10b8b0e3e0dbaffbf344abd2350fa2ca2c7f6c4,Easy-Unseen,SELECTED_PENDING_CONTAMINATION
testeasydataset/unseen/case99/case_m_20190131094430_0u62372013151529_1_003_001-1_a5_ayy_image0057,TestEasyDataset,Unseen,case99,case99,57,SUN-SEG-FinalData-v20251212/TestEasyDataset/Unseen/Frame/case99/case_M_20190131094430_0U62372013151529_1_003_001-1_a5_ayy_image0057.jpg,SUN-SEG-FinalData-v20251212/TestEasyDataset/Unseen/GT/case99/case_M_20190131094430_0U62372013151529_1_003_001-1_a5_ayy_image0057.png,605193,5142,SUNSEG_case99,case99,3,01b7fa30a822f5a5188781a0ab578111b779cdbedba33d3f0dab637f238dfee0,Easy-Unseen,SELECTED_PENDING_CONTAMINATION
testeasydataset/unseen/case99/case_m_20190131094430_0u62372013151529_1_003_001-1_a5_ayy_image0016,TestEasyDataset,Unseen,case99,case99,16,SUN-SEG-FinalData-v20251212/TestEasyDataset/Unseen/Frame/case99/case_M_20190131094430_0U62372013151529_1_003_001-1_a5_ayy_image0016.jpg,SUN-SEG-FinalData-v20251212/TestEasyDataset/Unseen/GT/case99/case_M_20190131094430_0U62372013151529_1_003_001-1_a5_ayy_image0016.png,521878,5187,SUNSEG_case99,case99,4,0317ecf13afe20fed56fb8506166f96be8f726a917a418e7de926fb315192d1d,Easy-Unseen,SELECTED_PENDING_CONTAMINATION
testeasydataset/unseen/case99/case_m_20190131094430_0u62372013151529_1_003_001-1_a5_ayy_image0090,TestEasyDataset,Unseen,case99,case99,90,SUN-SEG-FinalData-v20251212/TestEasyDataset/Unseen/Frame/case99/case_M_20190131094430_0U62372013151529_1_003_001-1_a5_ayy_image0090.jpg,SUN-SEG-FinalData-v20251212/TestEasyDataset/Unseen/GT/case99/case_M_20190131094430_0U62372013151529_1_003_001-1_a5_ayy_image0090.png,566068,5361,SUNSEG_case99,case99,5,0369419e1afef0cc8104762b024477a14508e64b67df4a0efa74ea9e09be1df4,Easy-Unseen,SELECTED_PENDING_CONTAMINATION
testeasydataset/unseen/case99/case_m_20190131094430_0u62372013151529_1_003_001-1_a5_ayy_image0032,TestEasyDataset,Unseen,case99,case99,32,SUN-SEG-FinalData-v20251212/TestEasyDataset/Unseen/Frame/case99/case_M_20190131094430_0U62372013151529_1_003_001-1_a5_ayy_image0032.jpg,SUN-SEG-FinalData-v20251212/TestEasyDataset/Unseen/GT/case99/case_M_20190131094430_0U62372013151529_1_003_001-1_a5_ayy_image0032.png,462076,5251,SUNSEG_case99,case99,6,03c69ec150e3bcaed9428f8cd6444149fc597a5a60a3b2522cacda5f98496925,Easy-Unseen,SELECTED_PENDING_CONTAMINATION
testeasydataset/unseen/case99/case_m_20190131094430_0u62372013151529_1_003_001-1_a5_ayy_image0017,TestEasyDataset,Unseen,case99,case99,17,SUN-SEG-FinalData-v20251212/TestEasyDataset/Unseen/Frame/case99/case_M_20190131094430_0U62372013151529_1_003_001-1_a5_ayy_image0017.jpg,SUN-SEG-FinalData-v20251212/TestEasyDataset/Unseen/GT/case99/case_M_20190131094430_0U62372013151529_1_003_001-1_a5_ayy_image0017.png,450535,5445,SUNSEG_case99,case99,7,0412a1b65dbc914bb497be14f0e5ef33c433aa7c1010d1befa0b025f26ab5db9,Easy-Unseen,SELECTED_PENDING_CONTAMINATION
testeasydataset/unseen/case99/case_m_20190131094430_0u62372013151529_1_003_001-1_a4_ayy_image0002,TestEasyDataset,Unseen,case99,case99,2,SUN-SEG-FinalData-v20251212/TestEasyDataset/Unseen/Frame/case99/case_M_20190131094430_0U62372013151529_1_003_001-1_a4_ayy_image0002.jpg,SUN-SEG-FinalData-v20251212/TestEasyDataset/Unseen/GT/case99/case_M_20190131094430_0U62372013151529_1_003_001-1_a4_ayy_image0002.png,392099,4619,SUNSEG_case99,case99,8,06082d73e06c744ca8d07cc007c87ca5d94baa1dfe7222f0342dbe26b5657c47,Easy-Unseen,SELECTED_PENDING_CONTAMINATION
testeasydataset/unseen/case99/case_m_20190131094430_0u62372013151529_1_003_001-1_a5_ayy_image0091,TestEasyDataset,Unseen,case99,case99,91,SUN-SEG-FinalData-v20251212/TestEasyDataset/Unseen/Frame/case99/case_M_20190131094430_0U62372013151529_1_003_001-1_a5_ayy_image0091.jpg,SUN-SEG-FinalData-v20251212/TestEasyDataset/Unseen/GT/case99/case_M_20190131094430_0U62372013151529_1_003_001-1_a5_ayy_image0091.png,565356,5361,SUNSEG_case99,case99,9,067470a6d41f0063a844078f6611b6ace578b5204c7f357b74468065a7bc0752,Easy-Unseen,SELECTED_PENDING_CONTAMINATION
testeasydataset/unseen/case99/case_m_20190131094430_0u62372013151529_1_003_001-1_a5_ayy_image0004,TestEasyDataset,Unseen,case99,case99,4,SUN-SEG-FinalData-v20251212/TestEasyDataset/Unseen/Frame/case99/case_M_20190131094430_0U62372013151529_1_003_001-1_a5_ayy_image0004.jpg,SUN-SEG-FinalData-v20251212/TestEasyDataset/Unseen/GT/case99/case_M_20190131094430_0U62372013151529_1_003_001-1_a5_ayy_image0004.png,521821,4326,SUNSEG_case99,case99,10,0709fa483356513baf6935ead5e6ed8548a73a9e616210321e7ea4d69cf0977d,Easy-Unseen,SELECTED_PENDING_CONTAMINATION
testeasydataset/unseen/case99/case_m_20190131094430_0u62372013151529_1_003_001-1_a4_ayy_image0011,TestEasyDataset,Unseen,case99,case99,11,SUN-SEG-FinalData-v20251212/TestEasyDataset/Unseen/Frame/case99/case_M_20190131094430_0U62372013151529_1_003_001-1_a4_ayy_image0011.jpg,SUN-SEG-FinalData-v20251212/TestEasyDataset/Unseen/GT/case99/case_M_20190131094430_0U62372013151529_1_003_001-1_a4_ayy_image0011.png,402753,4139,SUNSEG_case99,case99,11,0b5edf1e8cfc91630f8f1006836f9828c8a55b7d368d2631524ba94ca05e5135,Easy-Unseen,SELECTED_PENDING_CONTAMINATION
testeasydataset/unseen/case99/case_m_20190131094430_0u62372013151529_1_003_001-1_a5_ayy_image0045,TestEasyDataset,Unseen,case99,case99,45,SUN-SEG-FinalData-v20251212/TestEasyDataset/Unseen/Frame/case99/case_M_20190131094430_0U62372013151529_1_003_001-1_a5_ayy_image0045.jpg,SUN-SEG-FinalData-v20251212/TestEasyDataset/Unseen/GT/case99/case_M_20190131094430_0U62372013151529_1_003_001-1_a5_ayy_image0045.png,558026,5275,SUNSEG_case99,case99,12,0db9add400fd2fd3a8c758eb9d02aaa721383ae7bd1f7bcf5e5753deeeccd46b,Easy-Unseen,SELECTED_PENDING_CONTAMINATION
testeasydataset/unseen/case99/case_m_20190131094430_0u62372013151529_1_003_001-1_a5_ayy_image0013,TestEasyDataset,Unseen,case99,case99,13,SUN-SEG-FinalData-v20251212/TestEasyDataset/Unseen/Frame/case99/case_M_20190131094430_0U62372013151529_1_003_001-1_a5_ayy_image0013.jpg,SUN-SEG-FinalData-v20251212/TestEasyDataset/Unseen/GT/case99/case_M_20190131094430_0U62372013151529_1_003_001-1_a5_ayy_image0013.png,500996,4418,SUNSEG_case99,case99,13,0ea3496d1f6cb16997f29afdf26945b4e52ed65d88210796eb4f9d917ebc8960,Easy-Unseen,SELECTED_PENDING_CONTAMINATION
testeasydataset/unseen/case99/case_m_20190131094430_0u62372013151529_1_003_001-1_a2_ayy_image0002,TestEasyDataset,Unseen,case99,case99,2,SUN-SEG-FinalData-v20251212/TestEasyDataset/Unseen/Frame/case99/case_M_20190131094430_0U62372013151529_1_003_001-1_a2_ayy_image0002.jpg,SUN-SEG-FinalData-v20251212/TestEasyDataset/Unseen/GT/case99/case_M_20190131094430_0U62372013151529_1_003_001-1_a2_ayy_image0002.png,375341,4146,SUNSEG_case99,case99,14,0f770c354146cf7a3f63fac6f1822e8e87ccd33e1ec795d51f275e4e64ba3840,Easy-Unseen,SELECTED_PENDING_CONTAMINATION
testeasydataset/unseen/case99/case_m_20190131094430_0u62372013151529_1_003_001-1_a5_ayy_image0097,TestEasyDataset,Unseen,case99,case99,97,SUN-SEG-FinalData-v20251212/TestEasyDataset/Unseen/Frame/case99/case_M_20190131094430_0U62372013151529_1_003_001-1_a5_ayy_image0097.jpg,SUN-SEG-FinalData-v20251212/TestEasyDataset/Unseen/GT/case99/case_M_20190131094430_0U62372013151529_1_003_001-1_a5_ayy_image0097.png,527200,5430,SUNSEG_case99,case99,15,0fe9bda5f4c45f553a3fe2d9ce2d7b2f74306b346343db6b016f8156989706a0,Easy-Unseen,SELECTED_PENDING_CONTAMINATION
testeasydataset/unseen/case99/case_m_20190131094430_0u62372013151529_1_003_001-1_a4_ayy_image0015,TestEasyDataset,Unseen,case99,case99,15,SUN-SEG-FinalData-v20251212/TestEasyDataset/Unseen/Frame/case99/case_M_20190131094430_0U62372013151529_1_003_001-1_a4_ayy_image0015.jpg,SUN-SEG-FinalData-v20251212/TestEasyDataset/Unseen/GT/case99/case_M_20190131094430_0U62372013151529_1_003_001-1_a4_ayy_image0015.png,437403,4208,SUNSEG_case99,case99,16,1006c8b74472c69e4a7110c3ff1b303add9654d542f8d7170bd460d06676bdca,Easy-Unseen,SELECTED_PENDING_CONTAMINATION
testeasydataset/unseen/case99/case_m_20190131094430_0u62372013151529_1_003_001-1_a5_ayy_image0056,TestEasyDataset,Unseen,case99,case99,56,SUN-SEG-FinalData-v20251212/TestEasyDataset/Unseen/Frame/case99/case_M_20190131094430_0U62372013151529_1_003_001-1_a5_ayy_image0056.jpg,SUN-SEG-FinalData-v20251212/TestEasyDataset/Unseen/GT/case99/case_M_20190131094430_0U62372013151529_1_003_001-1_a5_ayy_image0056.png,585282,5142,SUNSEG_case99,case99,17,103ffc08b065cb25c3e4be4199087c6e7da2b9fab6b8aef60873afc617695ab0,Easy-Unseen,SELECTED_PENDING_CONTAMINATION
testeasydataset/unseen/case99/case_m_20190131094430_0u62372013151529_1_003_001-1_a4_ayy_image0006,TestEasyDataset,Unseen,case99,case99,6,SUN-SEG-FinalData-v20251212/TestEasyDataset/Unseen/Frame/case99/case_M_20190131094430_0U62372013151529_1_003_001-1_a4_ayy_image0006.jpg,SUN-SEG-FinalData-v20251212/TestEasyDataset/Unseen/GT/case99/case_M_20190131094430_0U62372013151529_1_003_001-1_a4_ayy_image0006.png,500346,4365,SUNSEG_case99,case99,18,11cff2a66ce4968e905b60b9457c84f1b7a90c6588fbfcc377557a9f5e6e33b9,Easy-Unseen,SELECTED_PENDING_CONTAMINATION
testeasydataset/unseen/case99/case_m_20190131094430_0u62372013151529_1_003_001-1_a5_ayy_image0063,TestEasyDataset,Unseen,case99,case99,63,SUN-SEG-FinalData-v20251212/TestEasyDataset/Unseen/Frame/case99/case_M_20190131094430_0U62372013151529_1_003_001-1_a5_ayy_image0063.jpg,SUN-SEG-FinalData-v20251212/TestEasyDataset/Unseen/GT/case99/case_M_20190131094430_0U62372013151529_1_003_001-1_a5_ayy_image0063.png,598043,5142,SUNSEG_case99,case99,19,14fa7b78b477f8ff80e0156d310af76f67e1dd3ba901357402950626fb01e88f,Easy-Unseen,SELECTED_PENDING_CONTAMINATION
testeasydataset/unseen/case99/case_m_20190131094430_0u62372013151529_1_003_001-1_a5_ayy_image0112,TestEasyDataset,Unseen,case99,case99,112,SUN-SEG-FinalData-v20251212/TestEasyDataset/Unseen/Frame/case99/case_M_20190131094430_0U62372013151529_1_003_001-1_a5_ayy_image0112.jpg,SUN-SEG-FinalData-v20251212/TestEasyDataset/Unseen/GT/case99/case_M_20190131094430_0U62372013151529_1_003_001-1_a5_ayy_image0112.png,554709,5509,SUNSEG_case99,case99,20,152cc2aa23066416d1d2bba29ab0fe9e51c626fda7cf5432959e348eb6b19d87,Easy-Unseen,SELECTED_PENDING_CONTAMINATION
